title,receptor_1,receptor_2,receptor_3,receptor_4,receptor_5,receptor_6,receptor_7,receptor_8,receptor_9,receptor_10,receptor_11,receptor_12,receptor_13,receptor_14,receptor_15,receptor_16,receptor_17,receptor_18,receptor_19,receptor_20,receptor_21,receptor_22,receptor_23,receptor_24,receptor_25,receptor_26,receptor_27,receptor_28,receptor_29,receptor_30,receptor_31,receptor_32,receptor_33,receptor_34,receptor_35,receptor_36,receptor_37,receptor_38,receptor_39,receptor_40,receptor_41,receptor_42,receptor_43,receptor_44,receptor_45,receptor_46,receptor_47,receptor_48,receptor_49,receptor_50
Gatto_2009_11,-5.532,-6.749,-5.87,-6.097,-6.906,-6.444,-6.542,-6.432,-6.71,-7.26,-5.901,-6.076,-6.2,-4.697,-6.439,-6.22,-5.457,-5.361,-6.488,-4.842,-4.862,-5.853,-7.274,-6.453,-5.708,-4.766,-6.544,-7.734,-5.651,-6.375,-5.341,-5.016,-5.278,-5.126,-4.004,-5.612,-5.138,-6.572,-5.422,-6.043,-5.698,-5.756,-6.292,-6.431,-6.805,-7.068,-5.13,-5.649,-5.099,-5.612
Gatto_2009_5,-6.667,-6.394,-6.284,-6.191,-7.139,-5.7,-5.664,-6.159,-6.722,-6.251,-5.081,-7.596,-5.791,-6.807,-7.208,-5.52,-5.377,-4.799,-5.391,-5.662,-4.994,-5.528,-6.954,-5.702,-6.081,-5.146,-8.238,-8.302,-6.984,-5.559,-5.875,-5.324,-5.63,-5.518,-5.269,-5.357,-5.681,-6.013,-6.04,-5.884,-6.657,-5.746,-5.567,-6.938,-7.099,-6.513,-5.647,-5.436,-5.529,-5.473
Gatto_2009_9,-4.866,-5.587,-5.641,-5.024,-7.004,-6.084,-5.168,-7.123,-6.404,-6.8,-5.307,-7.56,-5.474,-5.71,-5.754,-6.576,-5.077,-4.754,-5.77,-5.625,-4.94,-5.994,-7.314,-6.395,-5.619,-5.739,-7.407,-8.782,-5.71,-6.623,-5.403,-4.427,-6.17,-5.592,-4.305,-4.484,-4.789,-6.812,-6.157,-5.925,-6.035,-4.859,-5.124,-5.941,-6.457,-7.096,-5.719,-4.628,-4.74,-5.262
6-aminoquinoline_1.mol,-5.024,-5.929,-5.803,-4.768,-6.466,-5.614,-4.898,-5.348,-5.958,-6.324,-4.839,-5.116,-5.99,-5.172,-4.395,-4.908,-4.363,-4.15,-4.149,-5.454,-3.819,-4.769,-4.973,-4.563,-4.279,-3.943,-6.348,-7.125,-4.388,-5.915,-4.369,-4.212,-5.215,-5.188,-4.748,-5.198,-5.379,-4.428,-4.993,-5.08,-5.452,-5.101,-5.431,-5.376,-6.373,-5.715,-4.197,-4.682,-4.965,-5.403
He_2005_1,-5.506,-4.337,-4.082,-5.077,-4.606,-5.358,-4.777,-5.246,-5.494,-5.545,-5.102,-6.831,-5.031,-4.957,-7.114,-5.392,-4.876,-4.953,-4.913,-4.587,-4.415,-5.497,-4.37,-4.865,-4.348,-5.576,-7.247,-7.129,-4.757,-5.028,-4.13,-5.808,-5.015,-5.571,-5.405,-5.184,-5.151,-4.917,-4.996,-4.225,-5.853,-4.974,-4.801,-4.565,-4.737,-4.23,-5.093,-4.751,-5.601,-5.604
joly_2010_3,-7.38,-5.403,-4.855,-5.943,-6.213,-5.085,-5.668,-5.669,-7.139,-6.226,-5.096,-7.905,-5.563,-5.82,-6.263,-5.868,-5.717,-6.127,-6.055,-5.611,-5.887,-6.721,-6.023,-7.733,-6.806,-6.604,-7.428,-7.428,-6.191,-5.749,-5.549,-6.822,-6.193,-5.027,-5.265,-5.896,-6.448,-6.401,-5.912,-6.242,-6.201,-5.641,-6.86,-6.879,-7.228,-5.8,-6.215,-6.088,-6.116,-7.025
OptTAR_Fixed_ligprep_20260117_0.5.maegz:7,-6.034,-5.125,-4.938,-4.629,-5.701,-5.125,-4.929,-5.359,-5.33,-6.155,-5.647,-5.653,-4.884,-4.519,-5.584,-4.881,-5.113,-4.548,-5.492,-5.156,-4.673,-5.435,-5.022,-4.981,-5.282,-4.838,-5.342,-7.12,-4.434,-5.606,-4.578,-5.407,-5.302,-4.361,-4.363,-5.092,-4.877,-4.528,-4.975,-4.339,-5.744,-4.647,-5.352,-5.005,-5.627,-4.98,-4.739,-4.715,-4.472,-5.173
C19H18ClN3,-5.82,-6.113,-5.607,-5.281,-6.546,-5.397,-5.624,-6.15,-7.057,-7.989,-5.016,-7.757,-4.947,-5.833,-6.129,-5.241,-5.496,-4.505,-5.978,-5.082,-5.367,-5.756,-6.694,-4.499,-6.457,-5.46,-7.1,-6.234,-5.151,-4.997,-5.298,-6.654,-4.529,-5.188,-5.079,-5.691,-5.822,-4.996,-5.948,-6.337,-5.587,-5.685,-4.881,-6.142,-6.108,-5.007,-5.736,-5.762,-5.944,-5.563
C16H12F3N3OS,-6.539,-5.064,-4.841,-5.131,-5.523,-5.402,-5.185,-4.823,-6.17,-5.985,-5.269,-7.439,-5.239,-5.254,-7.873,-4.812,-4.99,-3.899,-4.68,-4.874,-5.156,-5.044,-4.725,-4.849,-4.631,-5.051,-6.3,-6.77,-5.257,-4.916,-5.381,-4.515,-4.719,-4.837,-5.115,-6.025,-4.79,-4.664,-4.975,-4.708,-6.238,-3.953,-5.452,-6.13,-5.058,-5.661,-5.753,-5.407,-5.533,-6.345
C20H13F3N4OS,-4.631,-5.226,-3.996,-5.675,-6.395,-5.324,-6.201,-4.612,-5.23,-6.25,-4.946,-7.813,-4.903,-6.081,-4.676,-5.092,-4.224,-4.529,-4.97,-4.479,-4.852,-4.93,-4.713,-5.872,-5.65,-5.256,-7.922,-8.774,-5.109,-5.284,-5.82,-3.882,-5.789,-4.84,-4.697,-5.049,-5.786,-5.513,-4.685,-5.089,-6.282,-4.028,-5.738,-6.317,-5.968,-4.757,-4.815,-5.167,-6.109,-5.457
C22H21N5O5,-5.312,-5.789,-5.808,-6.466,-7.171,-6.35,-6.48,-6.514,-6.498,-6.872,-6.108,-7.093,-6.518,-5.851,-8.782,-6.243,-5.392,-6.395,-5.988,-5.64,-5.177,-6.348,-5.143,-7.536,-5.037,-7.328,-8.522,-8.52,-6.552,-5.755,-5.888,-7.516,-6.933,-5.776,-6.161,-6.617,-5.365,-6.381,-6.012,-5.163,-6.409,-5.505,-6.253,-6.528,-5.857,-6.054,-6.465,-6.266,-6.326,-6.496
C21H21N5O5,-6.441,-7.038,-5.466,-6.05,-7.058,-5.932,-7.139,-6.691,-7.125,-7.256,-5.842,-8.633,-6.065,-6.712,-8.021,-6.383,-5.528,-5.873,-5.339,-6.059,-5.662,-6.902,-6.204,-6.37,-7.184,-6.528,-7.231,-8.206,-6.736,-7.071,-5.674,-6.637,-6.163,-5.831,-5.944,-7.2,-6.441,-5.794,-6.496,-6.274,-6.913,-5.799,-5.881,-6.772,-6.881,-5.942,-5.52,-7.182,-6.154,-6.606
86577807extra_5,-7.485,-4.803,-4.783,-5.431,-4.947,-5.22,-6.764,-5.819,-4.785,-6.824,-5.585,-7.349,-5.121,-7.59,-7.14,-5.867,-5.862,-5.526,-4.822,-6.312,-6.191,-4.907,-6.41,-6.291,-6.515,-6.109,-7.59,-7.278,-6.327,-5.814,-5.765,-5.013,-5.626,-5.228,-4.824,-6.865,-4.739,-5.962,-5.949,-6.386,-6.599,-6.003,-6.003,-6.446,-6.879,-4.918,-6.614,-6.783,-5.969,-5.888
133994.cdx,-6.457,-4.515,-5.881,-5.673,-5.618,-6.602,-6.104,-5.225,-5.755,-7.696,-5.843,-7.596,-6.247,-5.716,-5.458,-5.806,-4.768,-5.005,-5.177,-5.693,-4.575,-5.895,-6.248,-4.727,-5.141,-4.838,-7.997,-6.658,-5.575,-5.7,-4.165,-6.464,-5.286,-5.231,-5.136,-5.729,-5.548,-5.43,-5.285,-6.266,-5.384,-5.514,-5.12,-5.035,-5.335,-5.165,-5.232,-4.785,-5.393,-5.065
OptTAR_Fixed_ligprep_20260117_0.5.maegz:15,-5.734,-5.218,-4.292,-4.676,-6.157,-5.079,-5.46,-4.908,-5.648,-5.895,-4.765,-7.017,-4.431,-5.888,-4.173,-4.63,-3.966,-4.203,-5.508,-5.599,-3.998,-4.551,-5.112,-4.65,-4.639,-4.326,-5.328,-7.332,-5.243,-5.17,-4.578,-5.986,-4.134,-4.702,-4.955,-5.402,-5.624,-4.465,-4.347,-5.765,-6.071,-4.604,-4.345,-4.493,-4.765,-4.641,-4.165,-5.708,-5.324,-5.198
OptTAR_Fixed_ligprep_20260117_0.5.maegz:16,-4.507,-4.567,-4.645,-1.779,-5.158,-5.227,-4.174,-3.799,-5.814,-5.804,-3.046,-6.382,-4.756,-4.53,-4.615,-4.467,-3.777,-2.974,-5.132,-4.295,-5.678,-4.137,-5.404,-4.08,-4.264,-4.626,-5.946,-5.368,-4.283,-4.289,-4.039,-4.727,-4.241,-2.615,-3.64,-5.887,-3.696,-2.417,-4.535,-5.182,-5.244,-3.417,-4.72,-4.602,-4.815,-4.461,-4.29,-4.615,-3.795,-4.008
OptTAR_Fixed_ligprep_20260117_0.5.maegz:17,-6.063,-6.068,-4.448,-4.883,-5.255,-4.992,-5.033,-5.441,-5.995,-7.04,-4.972,-7.107,-4.419,-5.42,-6.715,-4.871,-4.666,-4.583,-4.894,-4.394,-3.968,-5.203,-5.519,-5.441,-4.652,-4.537,-6.126,-6.97,-4.197,-4.924,-4.729,-4.18,-4.23,-5.05,-4.727,-5.301,-4.759,-5.068,-5.147,-5.247,-5.677,-4.998,-4.536,-4.327,-6.034,-5.175,-5.858,-5.39,-4.578,-5.534
OptTAR_Fixed_ligprep_20260117_0.5.maegz:18,-5.317,-5.883,-4.302,-5.596,-5.982,-5.181,-5.371,-5.465,-6.228,-6.12,-6.201,-6.931,-5.16,-5.745,-5.402,-5.944,-5.3,-4.871,-5.054,-4.804,-4.922,-5.478,-5.723,-5.984,-5.234,-5.397,-6.898,-7.289,-4.931,-6.306,-5.666,-5.781,-5.327,-4.507,-4.744,-5.883,-6.306,-5.82,-5.452,-6.041,-5.395,-4.877,-6.385,-6.31,-5.843,-5.716,-6.353,-6.718,-4.853,-5.724
OptTAR_Fixed_ligprep_20260117_0.5.maegz:19,-6.411,-6.505,-5.458,-5.144,-6.404,-5.728,-5.627,-5.164,-6.616,-6.804,-5.454,-6.235,-5.441,-4.977,-5.088,-5.154,-4.417,-5.167,-4.594,-5.355,-4.356,-5.796,-4.795,-4.556,-5.283,-5.853,-6.709,-7.459,-5.243,-5.089,-5.28,-4.596,-4.868,-4.421,-4.37,-5.617,-5.668,-5.407,-5.133,-5.133,-4.657,-5.059,-5.147,-5.154,-6.205,-5.34,-4.878,-5.371,-4.821,-5.345
OptTAR_Fixed_ligprep_20260117_0.5.maegz:20,-5.65,-4.834,-4.648,-5.274,-5.126,-4.65,-5.075,-6.398,-6.089,-5.882,-6.118,-5.562,-4.899,-4.284,-7.092,-4.604,-4.183,-4.033,-4.185,-4.96,-3.596,-5.491,-4.988,-4.273,-4.822,-4.834,-5.48,-7.753,-4.565,-4.213,-5.711,-4.939,-4.913,-4.383,-3.668,-4.956,-4.95,-4.745,-4.819,-4.299,-5.115,-3.745,-5.526,-4.434,-5.524,-4.94,-4.47,-5.376,-4.348,-5.559
OptTAR_Fixed_ligprep_20260117_0.5.maegz:21,-6.667,-5.7,-5.491,-5.302,-6.08,-5.552,-5.801,-5.456,-6.027,-6.54,-5.619,-6.978,-4.745,-5.149,-6.785,-4.745,-4.405,-4.296,-5.004,-4.762,-4.446,-4.855,-5.034,-5.549,-5.448,-4.934,-5.246,-6.458,-4.399,-4.371,-4.583,-6.304,-4.349,-4.91,-4.755,-4.951,-5.043,-3.918,-4.494,-4.446,-5.707,-4.356,-4.93,-4.691,-5.876,-4.869,-4.72,-5.363,-4.832,-4.401
OptTAR_Fixed_ligprep_20260117_0.5.maegz:22,-4.868,-5.389,-4.417,-4.189,-4.646,-3.987,-4.097,-5.815,-5.878,-5.532,-4.233,-5.964,-4.266,-3.584,-5.954,-4.742,-3.523,-3.538,-4.694,-4.162,-4.791,-4.769,-5.02,-4.135,-4.276,-5.122,-6.286,-5.606,-4.222,-3.797,-3.979,-4.084,-4.37,-5.521,-3.41,-4.666,-5.646,-4.192,-3.758,-4.92,-5.7,-3.98,-3.753,-4.726,-5.02,-4.447,-4.458,-5.022,-3.884,-4.978
OptTAR_Fixed_ligprep_20260117_0.5.maegz:23,-6.382,-4.637,-4.777,-4.796,-4.206,-4.284,-5.693,-5.162,-6.222,-6.661,-4.879,-5.648,-4.368,-4.391,-4.611,-5.565,-4.035,-4.828,-4.446,-4.676,-4.115,-5.115,-5.117,-4.683,-5.167,-5.838,-6.152,-6.672,-5.2,-5.152,-5.291,-4.423,-5.035,-3.75,-3.589,-5.576,-5.182,-5.171,-5.069,-4.099,-5.016,-4.068,-4.82,-5.174,-5.345,-3.83,-5.452,-5.456,-4.51,-4.98
OptTAR_Fixed_ligprep_20260117_0.5.maegz:24,-6.162,-5.553,-5.129,-4.98,-6.364,-5.513,-5.905,-6.214,-6.532,-5.903,-5.529,-6.871,-5.271,-5.392,-6.484,-5.492,-5.02,-4.924,-5.991,-5.438,-5.532,-5.303,-5.997,-5.98,-6.863,-5.262,-6.517,-6.443,-5.074,-5.549,-5.317,-7.542,-5.119,-5.037,-5.452,-5.468,-5.945,-5.151,-6.166,-6.303,-6.207,-5.406,-5.489,-5.858,-6.295,-5.57,-5.595,-6.815,-6.129,-6.398
OptTAR_Fixed_ligprep_20260117_0.5.maegz:25,-3.592,-2.956,-2.598,-2.621,-2.193,-2.507,-2.221,-3.179,-3.271,-2.816,-1.623,-3.544,-3.692,-3.461,-1.586,-1.788,-0.4915,-0.2423,-1.914,-3.367,-1.385,-3.369,-1.665,-5.282,-3.398,-3.141,-2.589,-3.398,-3.493,-1.825,-2.884,-3.191,-1.664,-1.8,-2.135,-2.919,-3.409,-2.251,-1.098,-3.119,-3.04,-2.018,-1.524,-2.278,-2.346,0.4438,-2.355,-2.894,-2.249,-3.668
OptTAR_Fixed_ligprep_20260117_0.5.maegz:26,-6.867,-6.556,-4.105,-4.933,-6.085,-5.635,-5.369,-5.578,-5.878,-6.38,-4.609,-5.88,-5.808,-4.721,-4.159,-5.485,-4.845,-4.431,-4.787,-4.435,-5.096,-4.787,-5.192,-5.132,-5.659,-5.266,-6.21,-6.372,-4.885,-4.891,-5.525,-5.287,-5.433,-4.449,-4.919,-4.897,-6.032,-4.745,-5.958,-4.336,-5.806,-4.708,-4.442,-5.203,-5.867,-4.706,-4.855,-5.214,-5.188,-4.664
OptTAR_Fixed_ligprep_20260117_0.5.maegz:27,-6.382,-5.428,-4.742,-5.478,-4.968,-5.153,-6.61,-5.073,-5.852,-5.625,-4.451,-5.996,-4.876,-5.183,-6.021,-4.75,-3.816,-4.109,-4.903,-4.903,-4.384,-5.334,-5.652,-5.109,-4.809,-4.973,-6.701,-7.957,-4.912,-4.744,-4.768,-5.632,-4.855,-3.991,-4.229,-4.793,-4.784,-4.82,-4.419,-5.518,-5.058,-4.354,-4.843,-4.78,-7.122,-4.475,-6.019,-6.176,-5.652,-4.731
OptTAR_Fixed_ligprep_20260117_0.5.maegz:28,-6.118,-4.782,-5.616,-5.347,-5.805,-6.41,-5.894,-6.121,-7.496,-6.344,-4.877,-6.634,-5.91,-5.335,-5.375,-5.414,-4.3,-4.524,-4.645,-4.687,-4.384,-5.688,-5.384,-5.508,-5.534,-4.935,-5.253,-7.897,-4.972,-5.917,-4.617,-4.723,-4.251,-2.653,-4.44,-5.181,-4.967,-4.757,-3.699,-5.595,-4.828,-4.722,-4.602,-5.038,-5.393,-5.163,-5.576,-5.895,-4.78,-5.22
OptTAR_Fixed_ligprep_20260117_0.5.maegz:29,-4.442,-2.533,-3.899,-3.307,-3.898,-4.115,-4.198,-5.496,-3.029,-4.008,-2.47,-1.972,-1.948,-0.784,-3.953,-2.159,-1.369,-1.068,-3.589,-4.855,-0.08693,-3.034,-1.099,-2.251,-1.248,-2.769,-4.341,-6.311,-3.753,-3.857,-3.717,-3.625,-2.938,-0.8757,-0.7536,-2.124,-4.038,-1.548,-4.268,-5.042,-5.056,-3.991,-5.418,-4.359,-2.458,-1.889,-4.477,-2.378,-3.0,-2.537
OptTAR_Fixed_ligprep_20260117_0.5.maegz:30,-3.739,-2.655,-3.536,-0.1182,-1.939,-4.16,-3.207,-3.663,-2.742,-3.825,-2.632,-4.217,-3.983,-1.207,-5.485,-2.683,-1.759,-1.379,-2.802,-2.657,-1.741,-4.533,-3.19,-2.746,-2.857,-1.331,-3.324,-4.092,-4.822,-4.343,-1.667,-3.369,-4.11,-1.725,-1.815,-2.537,-1.856,-1.802,-0.5568,-5.741,-4.292,-0.9969,-1.823,-2.461,-2.371,-1.949,-2.385,-4.313,-3.187,-3.407
OptTAR_Fixed_ligprep_20260117_0.5.maegz:31,-7.544,-5.572,-5.357,-5.183,-5.363,-5.944,-5.588,-5.765,-5.955,-7.275,-5.474,-7.056,-5.57,-5.06,-6.378,-5.557,-4.298,-4.479,-5.276,-5.534,-4.979,-5.117,-4.473,-5.286,-4.982,-5.407,-7.254,-9.52,-5.772,-5.778,-4.572,-6.254,-5.225,-4.19,-5.617,-5.83,-5.327,-5.55,-4.732,-6.055,-5.848,-4.61,-5.3,-5.113,-6.464,-4.658,-5.977,-5.552,-4.845,-6.025
OptTAR_Fixed_ligprep_20260117_0.5.maegz:32,-5.334,-6.329,-5.317,-5.259,-6.375,-4.833,-6.609,-6.231,-5.32,-6.435,-5.401,-6.599,-5.024,-6.313,-5.158,-5.694,-4.668,-5.107,-4.765,-5.203,-4.744,-4.999,-6.011,-5.293,-4.69,-4.54,-6.152,-8.614,-5.254,-5.621,-5.789,-3.883,-5.235,-4.604,-4.193,-5.623,-4.54,-5.902,-5.079,-6.079,-5.839,-4.738,-4.436,-5.904,-5.686,-4.034,-6.117,-5.537,-4.502,-6.386
OptTAR_Fixed_ligprep_20260117_0.5.maegz:33,-6.68,-6.333,-4.825,-5.385,-6.259,-5.692,-5.801,-6.322,-6.999,-6.513,-5.812,-6.59,-5.342,-5.352,-5.413,-5.723,-4.316,-5.462,-4.746,-5.434,-4.873,-5.379,-6.801,-6.042,-5.913,-5.077,-6.068,-8.374,-5.315,-5.553,-5.028,-4.912,-5.306,-4.504,-4.772,-5.119,-6.207,-5.182,-4.816,-5.831,-5.445,-5.068,-5.449,-5.735,-6.432,-4.221,-5.42,-5.758,-5.188,-6.349
OptTAR_Fixed_ligprep_20260117_0.5.maegz:34,-5.194,-3.788,-4.668,-4.73,-5.045,-5.377,-5.665,-5.712,-6.051,-5.679,-4.701,-3.911,-5.457,-6.497,-5.757,-4.861,-4.011,-3.658,-4.422,-5.809,-4.989,-5.372,-4.893,-5.186,-4.822,-5.017,-6.529,-7.626,-4.638,-4.772,-6.41,-3.885,-5.578,-4.324,-4.227,-5.496,-4.619,-4.285,-4.981,-5.18,-5.981,-5.719,-5.241,-5.219,-5.245,-4.352,-5.048,-4.526,-4.969,-4.307
OptTAR_Fixed_ligprep_20260117_0.5.maegz:35,-6.498,-5.286,-5.221,-4.367,-5.487,-6.225,-6.206,-4.937,-4.809,-6.575,-4.721,-6.804,-4.273,-4.885,-4.793,-4.853,-4.433,-4.661,-4.663,-3.957,-4.518,-4.81,-4.149,-4.996,-4.874,-4.778,-5.773,-7.681,-4.765,-4.231,-4.833,-4.507,-4.37,-4.383,-5.498,-5.069,-5.916,-5.292,-4.337,-5.663,-5.038,-4.707,-4.915,-5.025,-4.995,-4.742,-5.092,-5.285,-4.733,-4.296
OptTAR_Fixed_ligprep_20260117_0.5.maegz:36,-6.149,-6.135,-5.738,-5.625,-6.646,-6.414,-5.897,-6.121,-7.29,-6.605,-5.792,-8.241,-5.286,-6.145,-7.824,-6.193,-4.621,-4.969,-4.916,-5.681,-5.102,-5.469,-5.393,-6.686,-5.773,-5.736,-7.872,-8.146,-4.968,-6.269,-5.56,-7.172,-5.448,-5.904,-4.87,-6.572,-6.245,-5.373,-5.314,-6.535,-6.789,-5.692,-5.037,-6.574,-6.423,-6.027,-5.493,-5.985,-6.764,-5.295
OptTAR_Fixed_ligprep_20260117_0.5.maegz:37,-4.887,-5.652,-4.86,-4.368,-4.488,-4.907,-4.76,-4.322,-6.313,-6.497,-4.566,-6.728,-3.92,-5.343,-3.964,-4.869,-3.611,-3.902,-4.764,-4.173,-4.252,-4.449,-5.014,-4.545,-4.956,-4.803,-4.985,-5.325,-4.731,-4.75,-4.337,-5.925,-4.685,-4.785,-4.667,-4.718,-5.187,-4.614,-4.035,-4.467,-5.166,-4.612,-4.221,-4.441,-5.382,-4.472,-4.839,-4.412,-4.662,-4.051
OptTAR_Fixed_ligprep_20260117_0.5.maegz:38,-6.646,-6.249,-4.447,-4.827,-4.938,-6.012,-6.568,-5.588,-5.808,-5.568,-5.825,-6.81,-4.691,-4.574,-5.314,-6.359,-4.442,-5.333,-5.137,-5.01,-5.106,-5.093,-4.904,-5.384,-5.048,-6.903,-7.319,-8.269,-5.442,-5.172,-4.224,-4.701,-5.435,-4.623,-4.154,-7.191,-5.571,-5.29,-5.123,-5.285,-5.164,-5.094,-5.323,-6.091,-5.488,-4.482,-4.971,-5.483,-4.698,-5.267
OptTAR_Fixed_ligprep_20260117_0.5.maegz:39,-2.672,-4.307,-3.422,-3.946,-4.347,-3.526,-4.692,-4.31,-3.614,-2.832,-4.774,-4.685,-2.059,-3.369,-4.298,-4.645,-3.631,-2.919,-4.287,-4.063,-2.87,-3.417,-3.118,-2.913,-2.918,-4.717,-4.062,-5.66,-3.398,-4.87,-2.952,-5.324,-4.707,-3.348,-3.334,-4.347,-4.109,-4.531,-3.742,-1.726,-4.62,-3.054,-4.438,-2.032,-5.087,-3.815,-3.027,-2.488,-5.156,-3.515
OptTAR_Fixed_ligprep_20260117_0.5.maegz:40,-4.436,-4.117,-3.363,-2.99,-2.792,-4.43,-4.068,-3.436,-4.469,-2.987,-2.741,-4.393,-4.42,-4.265,-3.663,-4.734,-2.748,-3.783,-0.9989,-3.123,-3.435,-2.069,-4.712,-5.466,-2.841,-3.727,-3.733,-4.538,-3.924,-4.039,-2.652,-3.912,-3.703,-3.07,-2.943,-4.27,-3.719,-3.555,-2.883,-4.926,-6.118,-2.654,-3.294,-4.407,-4.768,-2.943,-4.464,-5.626,-3.357,-2.991
OptTAR_Fixed_ligprep_20260117_0.5.maegz:41,-5.528,-5.028,-5.02,-5.504,-5.449,-5.053,-4.212,-4.75,-5.996,-6.397,-5.514,-6.262,-5.744,-4.831,-4.49,-4.377,-4.331,-4.827,-4.293,-4.562,-4.959,-5.446,-5.001,-4.627,-5.014,-4.265,-5.764,-5.631,-4.658,-5.303,-4.802,-5.13,-3.987,-5.398,-5.601,-5.635,-4.524,-4.729,-4.878,-4.721,-5.375,-4.417,-4.831,-5.215,-4.82,-4.21,-5.1,-5.197,-4.766,-4.707
OptTAR_Fixed_ligprep_20260117_0.5.maegz:42,-5.41,-4.341,-4.682,-4.266,-4.752,-5.22,-3.192,-5.206,-4.95,-5.059,-5.264,-5.292,-5.162,-4.264,-3.354,-4.452,-4.864,-5.014,-3.892,-4.88,-3.682,-4.554,-5.322,-5.556,-3.712,-4.272,-4.824,-5.966,-3.273,-4.73,-4.146,-5.23,-5.131,-3.222,-2.958,-5.102,-5.538,-4.393,-4.776,-4.093,-3.565,-4.877,-4.126,-5.313,-4.724,-4.71,-4.013,-5.271,-4.657,-2.839
OptTAR_Fixed_ligprep_20260117_0.5.maegz:43,-7.284,-6.623,-5.055,-5.735,-5.885,-5.887,-6.112,-5.959,-6.197,-7.011,-4.862,-6.656,-5.015,-5.156,-7.234,-5.639,-4.408,-4.881,-5.246,-5.113,-5.718,-5.104,-5.599,-5.334,-5.083,-5.928,-7.665,-8.686,-4.937,-5.938,-6.409,-4.341,-5.185,-5.633,-4.63,-5.851,-5.9,-5.175,-4.715,-5.692,-5.795,-5.102,-3.945,-6.164,-6.477,-5.613,-5.182,-4.895,-4.764,-4.976
OptTAR_Fixed_ligprep_20260117_0.5.maegz:44,-4.498,-4.307,-4.303,-3.876,-3.981,-3.741,-5.444,-2.522,-4.691,-3.722,-4.977,-5.175,-4.313,-4.909,-5.177,-3.477,-2.419,-3.717,-4.247,-2.706,-4.346,-4.982,-5.647,-4.797,-4.21,-5.051,-4.275,-6.14,-4.943,-4.856,-2.007,-2.835,-3.997,-3.9,-1.741,-3.985,-5.515,-2.341,-5.159,-2.189,-2.769,-4.508,-2.615,-5.555,-6.005,-3.916,-4.721,-3.817,-4.787,-5.487
OptTAR_Fixed_ligprep_20260117_0.5.maegz:45,-5.321,-3.887,-4.144,-4.585,-3.827,-4.112,-4.892,-4.631,-5.676,-4.52,-2.239,-5.325,-4.488,-4.764,-4.874,-5.743,-3.391,-1.235,-4.461,-4.006,-3.339,-4.704,-3.915,-4.882,-5.213,-4.311,-4.235,-6.503,-3.761,-4.289,-4.424,-5.66,-3.668,-3.239,-3.692,-4.588,-4.151,-3.92,-4.449,-3.711,-5.121,-2.521,-4.342,-5.23,-5.215,-4.744,-4.519,-3.902,-4.488,-5.513
OptTAR_Fixed_ligprep_20260117_0.5.maegz:46,-5.914,-6.289,-5.303,-5.194,-5.962,-5.784,-6.014,-6.099,-6.368,-6.083,-4.959,-7.383,-5.154,-5.161,-4.768,-5.123,-4.511,-5.168,-4.861,-5.63,-4.538,-5.385,-5.015,-4.495,-4.669,-4.67,-5.127,-8.338,-4.562,-5.242,-5.822,-6.61,-5.598,-4.534,-4.684,-5.367,-5.266,-5.214,-4.995,-4.942,-6.15,-5.433,-4.305,-5.325,-5.036,-4.624,-5.403,-5.625,-5.637,-5.123
OptTAR_Fixed_ligprep_20260117_0.5.maegz:47,-6.25,-4.029,-3.693,-5.197,-5.239,-4.681,-5.086,-6.228,-6.158,-6.729,-4.762,-6.288,-4.855,-6.573,-7.155,-5.459,-4.907,-4.845,-5.229,-5.171,-4.875,-4.894,-4.275,-6.38,-6.764,-4.531,-6.582,-7.026,-4.473,-5.617,-4.867,-7.404,-4.57,-4.605,-4.358,-5.828,-5.563,-4.677,-5.12,-5.633,-5.526,-4.407,-5.019,-4.791,-5.429,-4.987,-4.715,-5.439,-5.876,-5.73
OptTAR_Fixed_ligprep_20260117_0.5.maegz:48,-5.954,-4.63,-4.863,-3.715,-4.761,-5.624,-5.585,-5.775,-6.008,-6.928,-4.487,-5.855,-4.247,-4.73,-4.797,-4.439,-4.019,-4.452,-4.096,-3.491,-4.219,-4.204,-5.123,-5.45,-4.491,-4.371,-3.711,-5.165,-4.514,-4.414,-3.965,-6.126,-4.171,-3.675,-3.441,-5.906,-5.443,-4.264,-4.846,-5.872,-4.579,-4.212,-4.182,-4.603,-4.979,-4.474,-5.035,-4.188,-5.067,-4.491
OptTAR_Fixed_ligprep_20260117_0.5.maegz:49,-3.599,-3.433,-3.784,-3.002,-3.128,-2.921,-3.473,-3.463,-4.314,-4.501,-3.684,-4.868,-3.013,-4.928,-5.373,-3.245,-3.222,-2.431,-3.271,-3.281,-2.999,-3.874,-3.25,-4.114,-3.868,-2.914,-4.666,-4.865,-3.029,-3.68,-3.356,-3.875,-3.602,-3.013,-2.953,-5.235,-4.595,-3.098,-3.347,-4.516,-4.816,-3.178,-3.03,-3.628,-3.901,-3.841,-3.94,-3.981,-2.951,-2.951
OptTAR_Fixed_ligprep_20260117_0.5.maegz:50,-6.289,-6.274,-6.407,-3.591,-5.815,-6.243,-5.379,-4.879,-6.127,-5.479,-4.872,-6.082,-4.943,-5.122,-4.574,-4.098,-3.984,-4.179,-4.721,-4.359,-4.904,-5.266,-4.274,-5.021,-4.46,-4.419,-5.921,-7.34,-4.269,-5.196,-4.759,-4.351,-3.787,-4.649,-2.237,-5.118,-3.512,-5.391,-4.753,-5.058,-5.231,-4.779,-4.159,-6.398,-5.944,-5.025,-5.9,-4.814,-4.235,-4.184
OptTAR_Fixed_ligprep_20260117_0.5.maegz:51,-3.324,-5.281,-3.963,-4.255,-5.611,-4.46,-3.694,-4.096,-4.618,-4.634,-1.606,-3.488,-4.803,-2.921,-6.017,-3.115,-3.485,-2.561,-5.378,-2.075,-2.246,-4.477,-2.688,-5.085,-3.521,-3.164,-6.253,-6.819,-4.209,-4.602,-3.213,-5.439,-4.424,-1.714,-1.559,-4.986,-2.775,-4.429,-3.424,-4.035,-2.648,-3.072,-2.608,-4.611,-2.616,-0.9844,-4.462,-3.053,-2.539,-3.68
OptTAR_Fixed_ligprep_20260117_0.5.maegz:52,-4.316,-2.932,-4.095,-3.723,-5.54,-3.013,-3.499,-4.125,-2.868,-4.501,-2.955,-5.478,-4.616,-3.368,-6.191,-4.716,-3.497,-4.298,-3.677,-3.784,-2.874,-3.346,-4.151,-4.055,-4.61,-4.804,-6.49,-3.865,-4.376,-4.262,-1.97,-5.117,-4.265,-2.555,-3.133,-4.918,-4.788,-3.496,-4.622,-3.769,-4.172,-3.775,-4.633,-4.321,-4.226,-3.343,-4.772,-3.781,-4.432,-4.247
OptTAR_Fixed_ligprep_20260117_0.5.maegz:53,-4.415,-5.173,-4.32,-4.495,-4.578,-1.335,-4.305,-3.379,-5.656,-5.259,-4.16,-4.322,-4.793,-4.294,-6.397,-4.403,-3.824,-3.42,-3.497,-4.227,-3.435,-3.783,-3.678,-4.425,-5.563,-1.607,-5.799,-4.289,-3.063,-4.401,-2.117,-5.631,-4.199,-3.172,-4.149,-4.803,-3.16,-4.92,-4.711,-4.327,-5.847,-3.714,-4.781,-4.453,-3.725,-4.17,-4.662,-3.146,-4.287,-4.447
OptTAR_Fixed_ligprep_20260117_0.5.maegz:54,-4.095,-5.307,-5.143,-4.968,-3.867,-2.9,-5.097,-2.224,-3.919,-4.992,-4.372,-3.985,-2.314,-4.308,-3.102,-5.077,-4.253,-3.753,-4.394,-4.51,-2.42,-5.476,-4.315,-5.112,-5.079,-4.714,-4.947,-4.163,-2.469,-4.181,-2.085,-5.311,-5.215,-3.658,-2.197,-6.611,-1.961,-4.676,-3.548,-5.067,-4.848,-3.461,-3.727,-4.581,-4.877,-1.491,-2.122,-4.319,-4.216,-4.421
OptTAR_Fixed_ligprep_20260117_0.5.maegz:55,-5.157,-5.385,-4.397,-4.162,-4.915,-5.623,-5.397,-4.535,-6.878,-5.735,-4.767,-4.41,-4.795,-4.595,-3.916,-5.295,-3.19,-4.639,-4.859,-3.717,-3.949,-4.276,-3.144,-3.772,-4.424,-5.552,-5.481,-5.95,-3.543,-2.406,-4.447,-2.141,-5.187,-3.383,-4.508,-4.395,-5.352,-4.794,-4.726,-4.441,-6.582,-4.209,-3.966,-5.18,-4.526,-4.271,-5.722,-3.13,-4.366,-5.708
OptTAR_Fixed_ligprep_20260117_0.5.maegz:56,-2.832,-3.686,-4.361,-4.169,-5.214,-4.154,-3.624,-3.592,-5.116,-4.065,-4.139,-5.379,-3.663,-4.919,-3.862,-4.564,-3.111,-3.389,-3.024,-3.775,-3.165,-4.06,-4.264,-4.319,-3.165,-3.119,-2.723,-5.556,-3.389,-3.948,-3.806,-5.805,-3.479,-3.47,-3.662,-4.556,-4.257,-3.104,-2.629,-3.282,-5.676,-4.045,-2.54,-4.454,-5.148,-4.896,-2.455,-4.128,-4.16,-3.74
OptTAR_Fixed_ligprep_20260117_0.5.maegz:57,-5.171,-4.625,-4.049,-4.965,-4.18,-3.028,-4.318,-4.029,-4.436,-6.095,-4.798,-4.554,-4.293,-4.289,-5.862,-3.381,-4.661,-4.031,-4.253,-4.221,-3.613,-4.043,-3.676,-4.248,-4.66,-4.093,-5.655,-5.987,-4.644,-4.354,-3.718,-4.04,-3.808,-3.67,-3.694,-4.606,-4.126,-4.456,-4.449,-4.784,-4.814,-4.158,-4.679,-3.971,-4.96,-3.874,-3.974,-4.096,-3.851,-3.899
OptTAR_Fixed_ligprep_20260117_0.5.maegz:58,-3.613,-5.834,-5.302,-4.744,-5.113,-5.462,-6.219,-6.275,-5.931,-6.064,-5.006,-5.799,-4.985,-4.442,-4.928,-4.488,-4.265,-4.486,-4.664,-5.534,-3.422,-6.886,-4.658,-4.463,-6.04,-4.419,-5.677,-6.627,-5.122,-4.865,-4.631,-4.948,-4.952,-2.851,-4.259,-4.154,-5.161,-4.538,-4.747,-5.338,-5.841,-4.048,-4.49,-5.042,-3.778,-5.178,-5.507,-4.737,-5.529,-4.913
OptTAR_Fixed_ligprep_20260117_0.5.maegz:59,-3.825,-4.286,-4.204,-3.996,-5.049,-3.919,-4.605,-4.667,-6.198,-4.775,-4.407,-5.037,-4.891,-4.303,-5.033,-4.454,-3.856,-3.436,-4.274,-4.698,-3.246,-3.857,-5.337,-4.654,-4.218,-4.669,-4.908,-6.033,-4.708,-4.386,-4.727,-5.683,-4.313,-4.576,-3.793,-4.901,-5.189,-4.837,-4.208,-4.705,-4.825,-3.846,-4.398,-4.678,-5.124,-4.816,-4.194,-3.908,-4.789,-4.039
OptTAR_Fixed_ligprep_20260117_0.5.maegz:60,-5.069,-3.973,-4.147,-5.098,-4.753,-4.256,-4.375,-5.448,-5.88,-5.749,-4.393,-6.129,-5.34,-5.14,-6.634,-5.652,-4.858,-4.446,-4.456,-5.281,-4.896,-5.849,-6.064,-5.943,-6.038,-5.017,-5.755,-7.139,-5.237,-4.424,-5.034,-7.162,-4.516,-5.232,-4.691,-5.008,-4.254,-5.204,-4.299,-5.223,-5.83,-4.103,-3.942,-5.016,-4.558,-5.425,-4.459,-6.249,-4.828,-5.61
OptTAR_Fixed_ligprep_20260117_0.5.maegz:61,-5.86,-4.902,-5.467,-5.484,-5.764,-5.484,-6.138,-5.454,-5.795,-6.693,-5.018,-6.875,-4.901,-6.47,-7.063,-6.161,-4.922,-5.077,-4.674,-4.365,-4.378,-5.401,-6.313,-5.351,-5.123,-5.892,-6.536,-7.578,-5.437,-6.152,-5.211,-6.404,-5.003,-5.081,-5.026,-6.513,-5.053,-5.501,-5.083,-5.744,-6.313,-4.607,-5.348,-4.935,-6.003,-5.422,-5.277,-4.509,-5.713,-6.349
OptTAR_Fixed_ligprep_20260117_0.5.maegz:62,-3.322,-4.098,-4.069,-3.4,-4.821,-3.079,-3.562,-4.812,-3.678,-3.591,-3.953,-4.856,-4.169,-4.334,-4.646,-3.978,-3.533,-2.414,-3.188,-4.168,-2.494,-4.434,-4.14,-5.327,-5.115,-2.435,-5.078,-5.719,-3.903,-4.608,-3.194,-4.789,-3.762,-4.065,-4.028,-5.057,-4.164,-2.948,-3.435,-4.338,-4.182,-4.133,-3.988,-5.323,-3.871,-4.439,-3.916,-4.913,-1.754,-4.001
OptTAR_Fixed_ligprep_20260117_0.5.maegz:63,-6.71,-5.05,-5.454,-5.18,-5.308,-6.04,-6.297,-5.602,-6.138,-6.553,-5.04,-7.057,-5.378,-4.959,-7.724,-5.867,-4.876,-4.552,-4.286,-4.955,-4.27,-5.392,-7.014,-5.342,-5.014,-4.637,-6.946,-7.08,-5.36,-5.725,-5.354,-6.379,-5.718,-4.532,-4.46,-5.865,-5.511,-5.492,-4.749,-5.329,-5.413,-4.789,-5.378,-5.197,-5.368,-5.794,-5.201,-4.393,-5.655,-5.315
OptTAR_Fixed_ligprep_20260117_0.5.maegz:64,-5.478,-5.464,-5.178,-5.064,-5.343,-5.702,-5.623,-5.289,-6.635,-7.083,-5.265,-7.398,-4.402,-6.153,-7.238,-5.752,-5.256,-4.783,-4.722,-5.536,-4.776,-5.119,-4.86,-5.527,-4.922,-5.269,-7.128,-7.801,-4.883,-6.25,-5.366,-6.894,-4.985,-5.124,-4.735,-6.606,-5.212,-4.966,-5.186,-5.55,-6.159,-5.755,-4.533,-5.219,-5.405,-4.467,-5.843,-4.874,-4.97,-5.361
OptTAR_Fixed_ligprep_20260117_0.5.maegz:65,-4.984,-4.948,-4.92,-4.731,-5.444,-5.81,-6.045,-5.404,-4.637,-5.74,-4.772,-4.545,-5.597,-4.155,-4.056,-4.612,-3.61,-4.178,-4.688,-4.037,-4.183,-4.004,-5.601,-4.902,-4.998,-4.911,-6.1,-5.954,-5.2,-5.112,-3.863,-4.99,-5.176,-4.577,-4.504,-4.245,-5.4,-4.802,-4.357,-6.248,-4.7,-4.27,-4.202,-4.117,-5.942,-4.21,-4.462,-4.74,-3.834,-4.249
OptTAR_Fixed_ligprep_20260117_0.5.maegz:66,-5.069,-5.818,-5.097,-5.487,-6.533,-5.352,-5.635,-5.359,-6.664,-6.555,-4.877,-5.71,-5.03,-5.08,-5.331,-5.195,-4.831,-4.327,-5.056,-4.603,-4.381,-5.35,-5.276,-5.627,-4.66,-5.08,-5.727,-5.767,-5.617,-5.291,-5.102,-4.448,-5.244,-5.303,-4.764,-5.315,-5.849,-5.134,-4.508,-5.488,-5.595,-5.465,-4.57,-4.492,-5.632,-4.84,-5.214,-5.091,-5.34,-4.861
OptTAR_Fixed_ligprep_20260117_0.5.maegz:67,-6.691,-7.068,-6.271,-5.632,-6.777,-6.876,-5.965,-5.065,-7.033,-6.488,-4.882,-6.837,-5.657,-5.919,-5.473,-5.345,-5.473,-5.235,-5.636,-5.715,-5.85,-6.469,-5.901,-5.848,-5.863,-5.831,-6.888,-6.509,-5.849,-5.254,-5.675,-6.581,-5.54,-5.232,-5.907,-6.187,-5.917,-5.855,-6.302,-6.228,-6.056,-6.23,-5.423,-5.236,-7.049,-5.493,-5.901,-5.78,-5.176,-5.448
OptTAR_Fixed_ligprep_20260117_0.5.maegz:68,-6.609,-5.955,-4.468,-3.614,-5.087,-1.962,-3.248,-2.608,-4.418,-1.872,-3.074,-5.639,-4.303,-4.849,-4.288,-3.233,-3.184,-3.74,-3.272,-2.063,-3.497,-3.32,-3.825,-3.788,-5.34,-4.098,-6.172,-4.031,-3.416,-3.613,-3.658,-3.217,-3.059,-4.486,-2.982,-5.885,-5.067,-4.011,-4.344,-3.955,-2.112,-4.027,-4.112,-4.456,-4.823,-3.101,-4.859,-3.783,-4.561,-3.663
OptTAR_Fixed_ligprep_20260117_0.5.maegz:69,-5.767,-4.871,-4.656,-5.067,-4.799,-5.457,-4.443,-4.839,-5.929,-7.26,-4.692,-5.222,-4.866,-4.824,-4.886,-5.883,-3.939,-4.478,-4.952,-4.856,-4.832,-5.369,-4.3,-5.272,-4.638,-4.566,-6.091,-7.311,-5.697,-5.092,-4.455,-4.956,-4.278,-4.901,-4.302,-5.185,-5.445,-5.211,-4.54,-5.316,-4.549,-5.174,-4.008,-4.124,-5.328,-5.673,-5.083,-5.334,-5.052,-4.194
OptTAR_Fixed_ligprep_20260117_0.5.maegz:70,-7.066,-5.533,-5.173,-5.952,-5.372,-5.528,-5.489,-5.175,-6.246,-6.789,-4.86,-6.433,-5.08,-4.379,-7.51,-5.329,-4.654,-4.7,-5.167,-4.218,-4.682,-5.217,-5.366,-5.114,-4.576,-4.839,-6.872,-6.905,-4.963,-5.029,-3.836,-5.468,-4.767,-4.802,-4.286,-5.873,-4.649,-5.529,-4.993,-5.7,-4.798,-4.615,-4.509,-5.254,-5.101,-4.652,-5.047,-5.165,-5.826,-5.258
OptTAR_Fixed_ligprep_20260117_0.5.maegz:71,-4.477,-4.762,-4.052,-4.559,-5.131,-4.654,-4.13,-3.259,-5.839,-4.468,-4.217,-3.486,-4.287,-4.694,-3.347,-3.406,-3.262,-3.964,-4.651,-2.289,-3.736,-4.319,-4.227,-4.067,-4.698,-3.921,-4.266,-5.895,-3.823,-4.461,-2.622,-4.61,-4.232,-3.554,-4.464,-5.463,-4.724,-3.38,-4.491,-3.38,-3.512,-2.491,-1.689,-1.982,-5.012,-3.978,-3.97,-3.918,-3.624,-4.02
OptTAR_Fixed_ligprep_20260117_0.5.maegz:72,-6.276,-5.955,-4.714,-5.633,-6.436,-5.752,-5.299,-5.551,-6.746,-6.206,-5.309,-6.528,-5.129,-5.722,-5.093,-5.317,-4.978,-4.186,-4.933,-5.301,-4.802,-5.118,-6.106,-4.961,-5.16,-5.174,-6.746,-7.29,-4.837,-5.013,-5.112,-6.469,-5.089,-4.664,-5.319,-5.219,-5.545,-4.889,-5.157,-5.53,-5.71,-5.285,-4.305,-5.766,-5.739,-5.003,-4.934,-5.114,-4.838,-4.626
OptTAR_Fixed_ligprep_20260117_0.5.maegz:73,-6.438,-6.582,-5.013,-5.426,-6.482,-6.036,-4.769,-5.575,-5.733,-7.149,-4.703,-7.632,-5.836,-5.302,-4.645,-4.534,-4.113,-5.961,-4.29,-4.338,-4.971,-4.928,-4.894,-4.453,-4.973,-5.161,-6.486,-7.561,-5.039,-5.523,-4.359,-5.818,-5.625,-5.02,-4.911,-6.325,-4.86,-4.873,-4.756,-4.653,-5.558,-4.725,-4.276,-5.114,-6.793,-5.22,-5.514,-5.569,-5.957,-4.838
OptTAR_Fixed_ligprep_20260117_0.5.maegz:74,-6.453,-5.473,-4.839,-4.613,-6.014,-4.802,-5.514,-4.815,-5.853,-6.996,-5.138,-6.742,-4.733,-5.509,-6.677,-4.553,-4.534,-4.428,-4.502,-3.943,-4.975,-4.826,-4.787,-4.513,-4.677,-4.236,-5.938,-6.649,-4.73,-5.614,-4.916,-5.402,-4.045,-4.93,-4.522,-6.555,-6.176,-4.946,-4.467,-5.592,-5.941,-4.367,-4.345,-5.624,-5.18,-5.13,-4.642,-5.003,-5.779,-5.106
OptTAR_Fixed_ligprep_20260117_0.5.maegz:75,-5.635,-3.688,-4.264,-5.295,-5.432,-4.9,-4.649,-5.09,-5.174,-5.643,-4.436,-5.486,-4.118,-4.576,-4.742,-4.111,-4.382,-4.58,-4.512,-4.303,-4.684,-4.145,-5.056,-5.211,-5.404,-4.994,-5.596,-6.261,-4.861,-5.167,-5.031,-5.465,-4.751,-4.752,-3.952,-6.701,-5.62,-5.531,-4.225,-4.419,-6.199,-3.753,-4.538,-5.415,-5.421,-4.034,-4.53,-4.605,-5.676,-4.227
OptTAR_Fixed_ligprep_20260117_0.5.maegz:76,-6.294,-6.277,-4.909,-4.509,-6.159,-5.329,-5.159,-5.7,-5.407,-6.583,-5.065,-5.996,-5.304,-4.997,-7.183,-4.489,-4.133,-4.458,-4.782,-5.133,-4.901,-4.72,-4.817,-5.155,-6.059,-4.471,-5.466,-7.05,-5.222,-4.337,-4.816,-6.439,-5.097,-4.828,-4.468,-5.339,-4.849,-5.035,-5.092,-5.087,-5.454,-3.768,-4.072,-5.066,-4.907,-4.795,-4.321,-4.913,-5.061,-4.648
OptTAR_Fixed_ligprep_20260117_0.5.maegz:77,-4.317,-5.257,-5.054,-4.52,-4.212,-5.246,-5.564,-4.345,-5.618,-5.998,-4.233,-6.046,-5.154,-5.495,-4.823,-4.941,-4.457,-4.897,-5.22,-4.288,-4.717,-5.427,-4.541,-4.954,-4.799,-4.209,-7.102,-6.683,-4.737,-4.544,-4.264,-4.568,-4.504,-3.936,-4.121,-5.538,-5.053,-5.288,-4.461,-5.013,-4.905,-4.778,-4.732,-4.884,-6.216,-4.184,-5.695,-4.499,-3.825,-4.442
OptTAR_Fixed_ligprep_20260117_0.5.maegz:78,-6.356,-5.695,-5.26,-5.408,-5.79,-5.451,-6.242,-5.21,-6.968,-6.796,-5.68,-7.278,-5.66,-7.066,-5.987,-5.598,-4.723,-5.248,-4.67,-5.023,-4.74,-5.538,-5.206,-5.66,-5.049,-5.433,-7.807,-7.267,-5.602,-5.683,-6.17,-7.033,-5.475,-5.866,-5.14,-6.502,-5.007,-5.282,-5.866,-6.39,-5.976,-5.153,-5.17,-5.876,-5.586,-5.366,-5.108,-5.246,-5.834,-5.952
OptTAR_Fixed_ligprep_20260117_0.5.maegz:79,-3.179,-5.689,-4.981,-4.573,-4.39,-4.129,-4.452,-3.067,-5.203,-5.451,-3.294,-5.478,-3.218,-1.66,-2.527,-4.411,-2.144,-1.348,-2.646,-4.192,-2.288,-4.821,-1.028,-3.162,-4.18,-5.13,-6.123,-3.187,-4.045,-4.503,-3.554,-5.422,-3.596,-3.461,-3.655,-3.876,-3.293,-5.012,-2.045,-2.496,-2.606,-3.361,-3.755,-4.929,-2.494,-2.502,-3.86,-4.579,-4.166,-2.695
OptTAR_Fixed_ligprep_20260117_0.5.maegz:80,-5.866,-5.799,-4.827,-5.557,-5.419,-5.254,-5.079,-4.231,-4.011,-5.948,-4.684,-6.687,-4.947,-5.168,-6.598,-4.655,-4.428,-4.506,-5.041,-5.161,-4.623,-4.549,-4.569,-5.699,-4.544,-4.645,-5.863,-7.343,-4.747,-5.362,-5.539,-6.668,-5.131,-3.604,-5.097,-5.968,-5.739,-4.735,-4.604,-3.058,-4.095,-4.247,-4.589,-4.898,-5.597,-5.311,-5.629,-5.608,-5.902,-5.148
OptTAR_Fixed_ligprep_20260117_0.5.maegz:81,-8.04,-7.237,-5.42,-5.5,-6.459,-6.097,-5.86,-5.499,-6.545,-7.315,-5.379,-7.638,-4.924,-6.139,-5.7,-5.597,-5.424,-4.873,-5.59,-4.83,-5.416,-5.984,-5.954,-5.418,-5.134,-5.018,-6.634,-8.469,-4.919,-5.315,-5.432,-4.633,-5.49,-4.572,-4.769,-6.334,-6.364,-6.168,-5.181,-6.311,-5.206,-4.967,-5.994,-5.438,-6.283,-6.011,-5.705,-6.632,-6.596,-6.102
OptTAR_Fixed_ligprep_20260117_0.5.maegz:82,-6.21,-5.365,-4.721,-4.997,-5.213,-5.768,-4.982,-5.868,-6.487,-6.206,-4.435,-5.984,-4.592,-5.461,-5.557,-5.018,-5.315,-5.003,-5.182,-4.851,-4.613,-4.9,-4.44,-5.339,-5.477,-5.017,-5.889,-7.07,-4.77,-4.53,-5.158,-6.151,-4.974,-5.291,-4.052,-4.179,-5.373,-4.431,-4.645,-5.702,-5.262,-4.217,-5.026,-5.184,-6.196,-5.557,-5.178,-5.122,-4.437,-4.59
OptTAR_Fixed_ligprep_20260117_0.5.maegz:83,-6.7,-5.86,-5.345,-4.864,-4.678,-5.622,-5.398,-4.753,-5.806,-6.356,-4.943,-7.272,-5.047,-5.808,-5.174,-5.759,-4.73,-4.173,-5.073,-5.009,-4.979,-4.624,-5.074,-4.917,-4.817,-5.58,-6.86,-6.761,-4.952,-4.736,-4.739,-6.883,-4.765,-4.457,-4.092,-5.471,-5.452,-5.144,-5.352,-5.348,-5.088,-4.854,-4.786,-5.393,-5.469,-4.975,-5.139,-4.998,-5.216,-4.978
OptTAR_Fixed_ligprep_20260117_0.5.maegz:84,-7.835,-6.439,-5.419,-4.602,-5.791,-5.662,-5.372,-5.887,-5.884,-7.53,-6.046,-8.068,-5.829,-5.397,-5.182,-5.199,-4.6,-4.367,-4.538,-4.776,-4.929,-6.013,-5.048,-5.138,-6.719,-5.593,-6.185,-6.779,-4.182,-4.838,-4.878,-6.745,-5.231,-4.105,-5.38,-5.498,-5.06,-5.287,-4.763,-5.243,-5.591,-4.891,-5.259,-4.722,-5.887,-5.595,-5.613,-5.663,-6.248,-5.031
OptTAR_Fixed_ligprep_20260117_0.5.maegz:85,-4.254,-4.636,-5.027,-4.732,-4.889,-4.294,-4.827,-3.594,-5.441,-4.957,-4.368,-3.504,-6.094,-3.225,-4.394,-4.227,-3.648,-4.108,-3.727,-3.867,-4.105,-4.352,-3.954,-4.348,-4.317,-4.549,-5.331,-4.812,-4.932,-5.029,-4.433,-6.216,-4.103,-4.076,-3.12,-3.689,-5.046,-4.81,-4.212,-4.849,-3.597,-3.933,-3.689,-4.726,-4.614,-4.112,-3.586,-3.901,-3.109,-4.336
OptTAR_Fixed_ligprep_20260117_0.5.maegz:86,-3.758,-5.225,-4.367,-4.322,-4.824,-4.742,-4.068,-4.586,-4.145,-4.428,-4.635,-4.347,-5.742,-3.956,-3.632,-4.726,-3.502,-3.85,-3.513,-3.276,-3.711,-4.584,-4.751,-3.742,-4.501,-3.895,-4.686,-5.137,-4.844,-4.733,-3.645,-5.083,-3.8,-3.729,-3.942,-4.736,-4.035,-4.308,-4.059,-4.607,-4.817,-4.114,-3.417,-4.477,-4.479,-4.438,-3.241,-4.287,-4.487,-3.794
OptTAR_Fixed_ligprep_20260117_0.5.maegz:87,-3.503,-3.998,-5.044,-3.964,-3.382,-3.482,-3.921,-4.146,-4.076,-4.649,-4.771,-4.512,-4.055,-3.727,-4.621,-3.805,-3.62,-3.576,-3.826,-3.465,-4.399,-4.521,-5.71,-5.06,-3.861,-4.504,-5.578,-6.788,-3.889,-4.598,-2.782,-5.303,-4.841,-3.31,-3.044,-4.455,-3.8,-3.59,-4.669,-4.58,-5.455,-3.173,-4.172,-4.205,-4.046,-4.866,-4.908,-3.616,-4.729,-4.821
OptTAR_Fixed_ligprep_20260117_0.5.maegz:89,-5.811,-3.968,-5.535,-2.102,-5.044,-4.961,-3.525,-4.573,-5.097,-4.625,-4.228,-4.108,-5.549,-4.512,-5.329,-4.911,-3.994,-3.62,-4.433,-4.146,-4.02,-4.937,-5.881,-4.377,-4.289,-4.739,-5.858,-5.207,-4.969,-4.522,-4.13,-4.918,-3.54,-3.872,-3.382,-4.247,-4.473,-4.364,-4.441,-4.68,-5.091,-4.063,-4.065,-5.091,-4.584,-4.322,-5.589,-4.989,-4.373,-4.418
OptTAR_Fixed_ligprep_20260117_0.5.maegz:90,-6.172,-5.375,-5.142,-4.806,-5.731,-5.192,-5.198,-5.228,-6.115,-5.708,-5.11,-6.447,-4.546,-4.951,-6.202,-4.438,-4.066,-4.196,-4.878,-4.198,-4.259,-4.915,-4.876,-4.419,-3.898,-5.022,-6.566,-6.297,-4.463,-4.953,-4.153,-4.858,-4.291,-4.825,-4.653,-4.821,-5.145,-4.308,-4.437,-4.769,-5.445,-4.706,-4.495,-5.418,-5.748,-5.303,-4.711,-4.857,-4.607,-4.891
OptTAR_Fixed_ligprep_20260117_0.5.maegz:91,-5.032,-5.797,-4.402,-5.6,-5.266,-4.24,-5.124,-5.378,-4.38,-4.677,-4.243,-6.298,-3.312,-4.138,-6.549,-4.362,-4.082,-4.554,-4.477,-4.088,-4.822,-4.821,-5.51,-6.467,-4.216,-4.586,-5.756,-6.906,-4.283,-5.27,-5.318,-4.022,-4.63,-4.896,-4.82,-5.33,-5.099,-4.549,-4.248,-4.577,-4.398,-4.542,-3.626,-6.041,-4.869,-4.763,-4.543,-4.828,-4.297,-4.162
OptTAR_Fixed_ligprep_20260117_0.5.maegz:92,-5.635,-4.873,-5.63,-4.444,-6.164,-4.792,-5.19,-4.112,-5.791,-5.565,-4.488,-6.214,-4.968,-4.587,-6.675,-5.218,-4.294,-4.392,-4.712,-4.502,-4.017,-4.312,-4.488,-4.202,-4.357,-5.408,-6.4,-6.942,-4.414,-5.197,-5.147,-4.95,-5.63,-4.596,-3.58,-6.102,-5.583,-4.866,-4.07,-4.853,-4.763,-4.237,-4.221,-5.346,-4.477,-5.06,-5.243,-5.107,-4.676,-5.123
OptTAR_Fixed_ligprep_20260117_0.5.maegz:93,-3.207,-2.51,-2.135,-2.477,-3.228,-2.838,-2.653,-1.962,-3.857,-4.299,-2.368,-4.411,-3.454,-2.866,-2.55,-1.374,-1.931,-2.177,-2.299,-3.67,-3.662,-3.901,-1.884,-3.337,-3.965,-3.501,-2.402,-4.437,-3.012,-2.151,-1.081,-4.354,-1.842,-2.887,-3.214,-3.148,-2.395,-2.967,-1.335,-3.394,-3.596,-3.424,-3.542,-2.557,-2.04,-2.827,-3.218,-2.831,-2.794,-2.661
OptTAR_Fixed_ligprep_20260117_0.5.maegz:94,-3.743,-3.39,-3.617,-3.239,-3.802,-3.52,-3.722,-4.196,-4.513,-4.498,-3.567,-3.874,-3.959,-3.978,-5.126,-3.866,-2.945,-3.249,-2.354,-3.794,-2.457,-4.183,-3.294,-4.46,-4.84,-4.29,-4.127,-4.92,-3.208,-1.903,-2.88,-4.095,-3.51,-3.144,-2.471,-4.396,-3.781,-3.918,-3.686,-3.636,-4.184,-2.851,-3.572,-4.489,-3.576,-2.938,-3.738,-3.036,-3.395,-3.584
OptTAR_Fixed_ligprep_20260117_0.5.maegz:95,-3.464,-4.357,-3.679,-3.752,-5.066,-3.418,-3.627,-4.561,-4.202,-4.463,-3.198,-5.487,-3.382,-3.686,-5.409,-4.241,-3.581,-3.743,-3.111,-4.609,-3.121,-3.731,-3.491,-4.756,-4.516,-4.709,-4.671,-5.357,-3.915,-4.732,-3.731,-5.337,-4.381,-3.184,-3.721,-4.833,-4.751,-3.662,-4.301,-3.075,-4.233,-3.316,-4.077,-4.81,-4.587,-4.634,-4.561,-5.016,-3.774,-3.697
OptTAR_Fixed_ligprep_20260117_0.5.maegz:96,-5.06,-6.539,-5.649,-4.961,-5.854,-5.579,-6.062,-5.382,-6.223,-6.228,-4.975,-5.558,-5.671,-4.33,-4.942,-5.064,-4.793,-4.458,-5.218,-5.242,-4.499,-4.973,-4.943,-4.709,-4.997,-4.943,-4.99,-5.855,-4.764,-5.486,-4.727,-4.642,-4.572,-4.413,-4.03,-4.838,-4.705,-5.466,-5.115,-5.586,-5.141,-5.277,-4.889,-4.54,-6.048,-4.293,-5.338,-5.275,-4.552,-5.014
OptTAR_Fixed_ligprep_20260117_0.5.maegz:97,-5.538,-5.06,-4.736,-4.695,-4.424,-5.184,-4.693,-4.645,-5.743,-4.977,-4.399,-5.453,-5.464,-4.527,-7.193,-5.035,-3.43,-3.68,-4.366,-4.108,-4.053,-4.897,-3.798,-4.773,-4.002,-4.467,-3.591,-5.988,-4.478,-4.969,-4.99,-6.712,-4.317,-2.26,-4.258,-7.14,-4.704,-4.279,-4.305,-4.311,-5.568,-3.408,-4.448,-5.438,-5.399,-3.85,-3.837,-4.569,-4.962,-4.021
OptTAR_Fixed_ligprep_20260117_0.5.maegz:98,-3.56,-5.81,-3.719,-4.473,-3.729,-4.124,-5.796,-4.667,-5.433,-5.845,-5.137,-5.839,-3.739,-4.194,-4.747,-4.211,-3.786,-3.773,-4.26,-3.272,-3.885,-4.077,-3.448,-4.917,-4.39,-4.211,-5.308,-7.482,-4.346,-4.303,-4.567,-3.179,-4.723,-4.163,-3.168,-4.986,-4.647,-3.724,-4.163,-4.453,-4.834,-4.627,-3.738,-3.955,-4.231,-3.303,-3.977,-4.746,-3.757,-4.565
OptTAR_Fixed_ligprep_20260117_0.5.maegz:99,-5.226,-5.599,-4.347,-4.844,-5.185,-4.606,-5.046,-5.399,-5.283,-5.66,-5.034,-6.963,-4.619,-6.018,-5.449,-5.414,-4.573,-3.964,-5.384,-4.869,-4.716,-4.693,-5.639,-4.561,-5.928,-5.25,-6.477,-7.069,-4.384,-4.686,-5.05,-6.483,-5.401,-4.577,-4.256,-5.793,-4.864,-4.354,-4.72,-5.931,-5.974,-5.09,-5.679,-5.471,-4.863,-5.247,-5.258,-5.459,-5.035,-4.825
OptTAR_Fixed_ligprep_20260117_0.5.maegz:100,-5.959,-4.603,-4.661,-4.497,-4.683,-4.723,-4.808,-4.943,-5.651,-5.833,-4.617,-6.278,-4.119,-5.332,-5.808,-4.987,-4.188,-4.397,-4.401,-4.457,-3.812,-4.722,-4.297,-4.527,-4.319,-5.529,-6.657,-6.01,-4.178,-4.724,-4.054,-6.206,-4.594,-4.398,-4.167,-5.252,-4.789,-4.028,-4.144,-6.041,-4.82,-4.377,-4.221,-5.811,-5.009,-3.552,-5.146,-5.063,-4.795,-4.842
OptTAR_Fixed_ligprep_20260117_0.5.maegz:101,-5.925,-4.401,-4.086,-5.476,-5.466,-5.824,-6.466,-5.93,-5.091,-6.211,-5.029,-6.815,-5.266,-6.675,-7.198,-5.324,-4.074,-4.492,-5.744,-4.983,-4.746,-4.853,-5.238,-5.597,-5.741,-5.081,-6.553,-6.751,-5.478,-5.395,-5.341,-6.734,-5.549,-5.853,-5.286,-5.945,-5.662,-5.336,-5.129,-5.406,-6.026,-5.002,-5.602,-5.33,-5.881,-5.777,-4.902,-5.337,-4.933,-6.192
OptTAR_Fixed_ligprep_20260117_0.5.maegz:102,-5.653,-5.548,-3.991,-4.349,-5.412,-5.154,-4.993,-5.039,-5.811,-5.77,-4.909,-5.326,-4.295,-5.017,-5.196,-4.908,-3.955,-4.267,-3.966,-4.026,-4.606,-4.141,-4.673,-5.247,-4.194,-4.674,-4.747,-6.034,-4.118,-4.072,-4.106,-4.882,-3.929,-4.213,-4.039,-5.169,-4.39,-3.965,-4.295,-4.983,-5.209,-3.773,-3.908,-4.334,-4.597,-4.958,-5.021,-4.628,-4.869,-4.44
OptTAR_Fixed_ligprep_20260117_0.5.maegz:103,-4.132,-3.365,-3.316,-4.045,-3.17,-3.364,-3.797,-3.552,-2.655,-4.946,-4.137,-6.378,-3.513,-4.732,-3.289,-3.277,-2.952,-2.513,-2.938,-2.91,-3.486,-3.257,-3.089,-3.852,-3.672,-3.12,-3.997,-4.554,-2.64,-2.917,-4.206,-5.33,-2.361,-2.634,-2.882,-4.41,-3.404,-3.711,-2.567,-2.892,-3.616,-3.076,-3.308,-4.133,-3.681,-3.707,-3.915,-4.149,-3.757,-3.448
OptTAR_Fixed_ligprep_20260117_0.5.maegz:104,-5.935,-5.481,-4.471,-5.018,-5.296,-4.953,-4.742,-5.347,-6.143,-6.128,-4.917,-5.495,-4.159,-5.281,-6.944,-5.248,-4.392,-4.206,-4.896,-4.669,-5.081,-5.201,-5.488,-5.867,-4.654,-5.305,-5.953,-6.977,-4.532,-4.856,-4.263,-6.784,-4.698,-4.687,-4.186,-4.737,-4.504,-4.35,-4.597,-5.296,-5.784,-4.423,-3.987,-5.376,-5.566,-5.287,-4.795,-4.836,-4.208,-5.275
OptTAR_Fixed_ligprep_20260117_0.5.maegz:105,-5.196,-5.202,-4.798,-4.688,-4.282,-5.229,-4.793,-4.299,-5.898,-6.222,-4.496,-5.204,-4.861,-4.73,-6.124,-4.563,-4.722,-4.081,-4.824,-4.713,-5.406,-5.666,-3.9,-5.323,-5.966,-4.444,-5.806,-6.291,-4.963,-4.922,-4.318,-5.914,-5.388,-4.738,-4.114,-4.831,-5.154,-4.839,-4.411,-4.839,-5.055,-3.784,-5.136,-5.195,-5.286,-4.389,-4.981,-3.803,-5.124,-4.548
OptTAR_Fixed_ligprep_20260117_0.5.maegz:106,-3.779,-5.221,-1.496,-4.104,-1.793,-2.55,-4.238,-3.984,-3.875,-4.766,-2.77,-5.358,-3.206,-3.697,-0.7576,-3.712,-1.733,-1.528,-2.139,-2.47,-1.89,-3.077,-3.294,-0.5842,-3.4,-2.218,-3.279,-4.763,-2.832,-2.915,-2.258,-3.449,-2.882,-3.258,-0.04726,-3.345,-3.79,-2.26,-2.426,-2.728,-3.966,-2.614,-3.611,-2.676,-3.15,-2.965,-3.13,-3.97,-1.881,-0.9942
OptTAR_Fixed_ligprep_20260117_0.5.maegz:107,-4.705,-4.754,-4.35,-3.759,-5.817,-1.921,-5.142,-5.392,-5.179,-5.496,-3.971,-5.971,-3.953,-4.994,-5.054,-4.11,-4.774,-2.135,-4.598,-4.379,-4.19,-4.975,-5.684,-5.384,-5.176,-4.158,-6.756,-6.628,-1.856,-4.14,-3.979,-3.897,-4.68,-3.778,-4.127,-6.44,-4.924,-5.695,-5.349,-4.185,-5.036,-4.898,-3.971,-4.909,-6.111,-5.314,-4.52,-5.028,-5.775,-4.589
OptTAR_Fixed_ligprep_20260117_0.5.maegz:108,-5.334,-5.028,-5.088,-4.556,-5.133,-5.12,-4.736,-4.704,-5.922,-5.725,-4.74,-6.474,-4.924,-5.23,-4.289,-5.238,-4.289,-3.891,-4.754,-3.833,-4.379,-4.391,-4.803,-4.709,-4.693,-5.354,-6.366,-7.044,-4.417,-4.5,-5.128,-6.942,-4.927,-4.489,-4.546,-5.231,-4.996,-4.266,-4.645,-5.321,-4.998,-4.282,-4.546,-5.329,-5.68,-4.664,-5.563,-6.156,-5.057,-6.008
OptTAR_Fixed_ligprep_20260117_0.5.maegz:109,-5.458,-6.208,-5.078,-4.215,-6.209,-5.252,-6.469,-4.925,-5.749,-7.546,-4.757,-6.737,-4.508,-4.457,-6.601,-4.97,-4.23,-5.042,-4.717,-5.125,-4.509,-5.122,-3.927,-4.982,-4.436,-4.678,-7.365,-7.128,-5.062,-3.753,-4.851,-4.739,-4.018,-4.914,-4.645,-4.503,-6.258,-4.753,-4.635,-5.806,-4.979,-5.234,-4.101,-4.27,-5.467,-4.306,-4.542,-4.287,-4.888,-4.915
OptTAR_Fixed_ligprep_20260117_0.5.maegz:110,-5.958,-5.716,-5.287,-5.26,-6.445,-5.169,-5.798,-6.148,-5.662,-5.72,-5.145,-5.926,-5.288,-5.393,-7.574,-5.831,-4.924,-4.402,-4.639,-4.427,-5.002,-4.527,-5.403,-5.923,-5.512,-4.907,-6.702,-7.143,-5.358,-5.95,-4.833,-7.193,-4.794,-5.119,-5.221,-6.017,-5.722,-5.447,-4.66,-5.205,-6.296,-4.825,-4.941,-5.248,-5.642,-4.108,-4.991,-4.588,-5.294,-6.186
OptTAR_Fixed_ligprep_20260117_0.5.maegz:111,-7.029,-6.038,-5.611,-5.929,-6.433,-5.905,-5.866,-6.334,-7.66,-7.567,-6.395,-7.201,-5.517,-6.384,-6.361,-5.296,-5.037,-5.013,-5.485,-6.049,-5.48,-6.977,-6.751,-5.661,-5.418,-5.5,-7.314,-7.988,-5.504,-5.396,-5.361,-7.253,-5.909,-4.867,-6.244,-6.033,-6.546,-6.14,-6.097,-6.282,-6.562,-5.748,-5.881,-6.135,-6.401,-5.94,-6.257,-5.499,-5.797,-6.1
OptTAR_Fixed_ligprep_20260117_0.5.maegz:112,-3.483,-5.098,-3.542,-4.088,-5.404,-4.181,-4.894,-4.664,-5.726,-5.445,-4.889,-5.008,-3.863,-3.818,-5.465,-4.661,-3.829,-3.895,-3.614,-4.728,-3.957,-4.414,-3.569,-4.818,-4.497,-4.173,-4.756,-5.268,-2.856,-3.241,-3.436,-4.463,-2.403,-3.812,-4.418,-4.039,-4.773,-4.173,-3.725,-3.944,-5.069,-4.009,-3.867,-4.593,-4.703,-4.789,-3.529,-3.03,-2.203,-3.763
OptTAR_Fixed_ligprep_20260117_0.5.maegz:113,-4.154,-5.071,-4.35,-4.25,-4.977,-4.691,-4.245,-4.8,-5.05,-6.341,-4.463,-5.739,-4.86,-5.444,-3.783,-3.648,-1.265,-4.527,-4.824,-4.408,-1.608,-5.047,-4.324,-4.527,-4.542,-4.052,-2.42,-3.945,-3.894,-3.886,-2.15,-4.509,-3.964,-3.737,-2.796,-4.39,-1.957,-4.593,-4.135,-4.987,-4.549,-3.284,-4.053,-4.664,-4.309,-4.276,-4.714,-4.099,-5.068,-2.941
OptTAR_Fixed_ligprep_20260117_0.5.maegz:114,-4.969,-4.989,-4.413,-4.136,-4.84,-5.216,-4.256,-4.25,-4.819,-6.01,-5.054,-5.176,-4.261,-4.607,-4.07,-4.074,-3.572,-3.959,-3.798,-3.988,-3.577,-4.693,-5.579,-3.685,-3.625,-4.061,-4.457,-6.161,-4.217,-3.866,-3.881,-4.98,-4.319,-3.946,-4.217,-5.298,-4.468,-4.177,-4.545,-4.769,-4.955,-3.959,-4.115,-4.83,-5.153,-3.946,-4.342,-3.982,-5.054,-4.108
OptTAR_Fixed_ligprep_20260117_0.5.maegz:115,-2.969,-3.375,-3.047,-3.529,-2.565,-2.683,-2.831,-2.927,-3.865,-3.698,-3.904,-4.887,-2.89,-4.2,-2.686,-3.021,-2.838,-2.579,-3.077,-2.466,-3.322,-3.665,-2.88,-3.848,-4.003,-3.482,-4.215,-4.548,-3.423,-3.712,-3.762,-4.629,-3.81,-2.338,-3.041,-4.064,-3.97,-3.298,-2.987,-3.01,-2.964,-2.313,-3.272,-3.677,-4.124,-3.49,-2.913,-3.232,-2.89,-3.281
OptTAR_Fixed_ligprep_20260117_0.5.maegz:116,-6.718,-6.076,-5.506,-5.394,-5.407,-5.945,-5.942,-6.746,-6.562,-6.267,-5.878,-7.701,-5.526,-6.616,-7.435,-6.474,-5.247,-5.428,-4.904,-5.539,-5.015,-6.104,-6.305,-7.429,-7.347,-5.26,-6.841,-8.912,-5.706,-5.854,-6.275,-7.406,-5.082,-6.135,-5.779,-6.007,-5.561,-5.455,-6.007,-6.365,-6.831,-6.03,-5.062,-5.752,-6.403,-6.312,-5.361,-5.741,-5.223,-5.813
OptTAR_Fixed_ligprep_20260117_0.5.maegz:117,-5.613,-3.47,-4.405,-4.975,-4.09,-5.474,-4.039,-4.28,-5.973,-5.362,-4.355,-3.96,-4.516,-5.056,-6.392,-5.027,-4.139,-4.073,-3.824,-4.234,-4.255,-4.382,-4.325,-6.016,-4.641,-4.894,-6.582,-6.132,-3.717,-3.827,-5.08,-3.958,-4.347,-4.313,-4.124,-5.463,-4.819,-4.887,-4.173,-3.911,-5.492,-3.944,-4.541,-3.976,-5.064,-5.161,-4.02,-4.725,-4.346,-5.011
OptTAR_Fixed_ligprep_20260117_0.5.maegz:118,-6.712,-5.96,-5.204,-5.685,-6.099,-5.817,-5.421,-4.954,-5.932,-7.091,-5.694,-5.963,-5.173,-5.775,-7.755,-5.977,-5.041,-4.945,-5.391,-5.132,-5.169,-5.483,-6.092,-5.497,-5.197,-5.494,-6.873,-8.032,-5.269,-5.57,-5.599,-6.363,-5.476,-6.535,-4.963,-6.467,-5.175,-5.643,-5.506,-6.365,-6.683,-5.108,-5.763,-5.257,-5.805,-5.095,-5.948,-6.702,-4.939,-5.19
OptTAR_Fixed_ligprep_20260117_0.5.maegz:119,-7.142,-6.101,-5.187,-4.879,-6.97,-5.678,-6.072,-5.447,-6.277,-7.05,-4.065,-6.852,-4.802,-4.738,-7.177,-5.322,-4.883,-4.573,-5.541,-3.779,-5.53,-6.026,-5.467,-5.157,-6.116,-4.875,-6.643,-7.345,-5.369,-5.994,-4.936,-6.745,-4.739,-4.407,-4.279,-5.819,-5.647,-5.132,-5.025,-5.598,-5.158,-4.561,-4.819,-5.0,-5.22,-4.185,-5.075,-5.917,-4.122,-4.797
OptTAR_Fixed_ligprep_20260117_0.5.maegz:120,-5.361,-5.003,-3.331,-3.876,-4.581,-4.518,-3.883,-5.281,-5.473,-5.315,-3.947,-5.696,-3.369,-4.642,-5.408,-3.733,-3.716,-4.365,-3.148,-4.993,-5.624,-5.171,-4.28,-4.342,-4.726,-3.313,-3.95,-6.631,-2.006,-3.802,-2.274,-3.795,-3.302,-4.779,-3.216,-5.631,-4.191,-3.581,-4.662,-4.415,-5.276,-3.863,-3.089,-3.757,-4.306,-1.94,-3.264,-4.102,-4.849,-4.507
OptTAR_Fixed_ligprep_20260117_0.5.maegz:121,-5.822,-6.499,-4.959,-5.252,-6.28,-6.753,-5.845,-5.355,-6.64,-6.167,-4.006,-7.036,-4.801,-5.353,-6.919,-5.914,-4.936,-5.796,-5.144,-5.274,-4.737,-5.067,-5.161,-5.426,-4.868,-5.054,-7.365,-7.539,-5.306,-5.672,-4.235,-6.5,-4.966,-4.508,-5.676,-6.923,-5.932,-5.734,-5.876,-5.174,-6.633,-4.994,-4.934,-4.653,-5.788,-5.494,-5.53,-4.919,-5.349,-4.626
OptTAR_Fixed_ligprep_20260117_0.5.maegz:122,-5.631,-5.587,-6.053,-5.2,-6.33,-5.755,-5.435,-6.086,-6.791,-6.567,-5.627,-6.926,-5.137,-6.072,-6.714,-5.833,-5.488,-4.626,-4.97,-5.243,-5.028,-5.598,-5.249,-5.524,-5.391,-5.729,-7.065,-6.911,-5.661,-5.395,-5.778,-6.823,-4.809,-5.48,-5.226,-6.396,-5.238,-6.322,-5.461,-5.117,-5.407,-4.909,-5.623,-5.829,-6.291,-4.736,-5.824,-6.266,-6.222,-6.291
OptTAR_Fixed_ligprep_20260117_0.5.maegz:123,-4.025,-4.658,-4.009,-4.685,-5.961,-4.947,-4.715,-5.638,-5.452,-6.88,-4.713,-5.267,-4.194,-4.398,-5.268,-5.252,-3.49,-3.629,-4.692,-4.307,-4.303,-5.964,-5.677,-5.319,-4.907,-5.794,-4.46,-6.824,-4.619,-4.0,-4.129,-5.616,-4.902,-3.661,-5.046,-6.345,-5.51,-4.693,-5.46,-4.191,-5.249,-4.864,-5.908,-5.555,-5.447,-5.379,-4.329,-4.77,-4.277,-5.351
OptTAR_Fixed_ligprep_20260117_0.5.maegz:124,-5.464,-5.648,-5.319,-5.308,-5.752,-4.905,-5.254,-5.133,-6.326,-5.573,-4.604,-6.778,-4.916,-5.517,-7.015,-5.19,-4.851,-4.485,-5.196,-4.86,-5.218,-5.175,-4.233,-5.248,-4.54,-4.985,-7.043,-7.085,-5.121,-5.668,-4.34,-5.936,-5.028,-4.878,-4.265,-5.888,-5.134,-4.987,-4.642,-4.669,-4.461,-4.323,-5.207,-5.148,-6.028,-4.924,-4.49,-4.765,-5.166,-4.916
OptTAR_Fixed_ligprep_20260117_0.5.maegz:125,-2.552,-4.107,-2.005,-2.746,-3.592,-1.592,-3.124,-1.673,-3.966,-3.156,-1.436,-5.232,-3.594,-1.496,-2.362,-2.884,-2.64,-2.642,-3.726,-2.941,-0.5576,-3.468,-1.533,-1.367,-4.281,-2.866,-4.002,-3.791,-3.127,-3.546,-1.923,-2.675,-1.109,-0.9343,-0.2591,-2.74,-2.726,-1.801,-2.587,-1.466,-2.679,-2.217,-2.733,-1.433,-2.441,-2.629,-2.306,-2.305,-4.232,-2.6
OptTAR_Fixed_ligprep_20260117_0.5.maegz:126,-1.672,-5.171,-4.504,-2.363,-1.837,-3.271,-4.93,-3.086,-5.814,-6.047,-5.011,-2.116,-1.735,-3.905,-2.815,-2.455,-2.772,-1.486,-4.259,-2.877,-3.68,-2.018,-3.708,-2.313,-2.54,-1.889,-4.799,-4.207,-4.54,-4.01,-2.667,-2.83,-1.341,-1.429,-2.079,-3.629,-1.328,-1.445,-2.48,-3.151,-4.187,-3.734,-4.359,-1.342,-3.263,-1.847,-4.64,-2.939,-1.038,-3.008
OptTAR_Fixed_ligprep_20260117_0.5.maegz:127,-4.166,-5.309,-4.312,-1.047,-3.347,-2.674,-4.72,-2.984,-6.227,-3.343,-1.432,-4.497,-4.406,-3.28,-4.476,-3.949,-1.57,-4.005,-1.89,-2.768,-2.334,-2.242,-2.874,-3.039,-1.86,-3.129,-3.708,-4.006,-3.143,-3.493,-1.829,-3.331,-3.258,-4.089,-3.3,-3.281,-3.63,-1.36,-3.173,-1.705,-2.041,-2.788,-1.682,-4.321,-4.344,-4.059,-3.386,-3.481,-2.811,-4.135
OptTAR_Fixed_ligprep_20260117_0.5.maegz:128,-3.043,-7.246,-5.026,-5.706,-5.326,-5.565,-5.927,-4.026,-6.181,-6.767,-3.053,-4.581,-4.064,-6.522,-5.82,-4.718,-3.234,-3.996,-5.79,-3.614,-3.727,-3.86,-6.799,-6.042,-6.147,-3.68,-5.78,-5.706,-4.202,-6.293,-3.002,-4.892,-3.966,-4.376,-5.38,-4.466,-5.327,-3.52,-4.524,-6.406,-4.297,-3.359,-4.078,-5.725,-6.49,-6.228,-5.159,-5.907,-5.762,-5.606
OptTAR_Fixed_ligprep_20260117_0.5.maegz:129,-5.287,-5.458,-4.364,-4.361,-4.292,-4.627,-5.06,-4.419,-4.83,-5.177,-4.138,-6.402,-3.987,-3.473,-3.608,-3.896,-4.24,-3.673,-3.98,-4.939,-3.401,-4.107,-4.806,-4.679,-3.583,-3.793,-4.645,-7.078,-3.457,-3.683,-3.614,-4.435,-4.189,-3.819,-4.168,-4.596,-5.962,-4.082,-3.777,-4.266,-4.117,-4.052,-4.257,-5.225,-4.382,-4.147,-4.375,-4.846,-5.34,-5.079
OptTAR_Fixed_ligprep_20260117_0.5.maegz:130,-6.294,-5.33,-4.764,-4.511,-5.971,-5.438,-3.884,-4.589,-5.715,-6.492,-4.833,-5.783,-4.536,-4.111,-4.124,-4.235,-4.013,-3.751,-4.347,-3.846,-4.243,-4.646,-4.294,-4.781,-4.26,-4.432,-6.399,-6.547,-4.826,-3.922,-4.052,-3.387,-4.039,-3.664,-3.473,-4.684,-4.897,-4.914,-4.418,-5.183,-4.638,-4.437,-4.862,-5.142,-5.87,-4.131,-5.325,-4.963,-4.462,-5.538
OptTAR_Fixed_ligprep_20260117_0.5.maegz:131,-6.046,-4.739,-4.294,-4.51,-5.565,-4.961,-5.078,-4.555,-5.623,-5.912,-4.958,-5.55,-4.516,-4.697,-5.516,-4.517,-4.13,-4.909,-4.013,-4.368,-4.346,-4.149,-3.747,-4.878,-4.785,-4.588,-5.907,-7.275,-4.276,-3.685,-3.852,-5.229,-4.099,-4.374,-3.242,-4.995,-4.89,-4.957,-4.166,-4.814,-5.131,-4.214,-3.82,-4.506,-4.476,-4.471,-4.536,-4.984,-3.993,-4.109
OptTAR_Fixed_ligprep_20260117_0.5.maegz:132,-5.452,-5.681,-5.018,-4.102,-5.113,-5.665,-4.114,-5.256,-5.12,-5.829,-4.621,-5.857,-3.787,-5.233,-5.881,-3.807,-3.835,-3.59,-3.347,-4.702,-4.572,-4.241,-3.878,-4.332,-3.878,-4.107,-5.832,-6.07,-4.04,-3.738,-4.394,-3.247,-4.752,-4.573,-4.693,-4.82,-5.063,-4.151,-3.836,-4.974,-5.495,-4.188,-3.814,-4.877,-5.012,-4.635,-5.267,-4.725,-3.606,-4.119
OptTAR_Fixed_ligprep_20260117_0.5.maegz:133,-6.189,-4.014,-5.426,-5.747,-6.921,-5.663,-6.021,-5.647,-7.056,-5.846,-6.04,-7.443,-5.244,-5.022,-8.264,-5.239,-4.561,-4.374,-5.293,-4.948,-4.742,-6.204,-4.796,-5.248,-6.265,-6.396,-7.041,-7.886,-5.159,-5.371,-5.306,-5.949,-6.017,-5.649,-5.426,-5.024,-6.438,-5.005,-5.571,-5.301,-6.558,-4.76,-5.469,-6.395,-5.91,-5.622,-5.735,-5.945,-4.564,-5.333
OptTAR_Fixed_ligprep_20260117_0.5.maegz:134,-6.837,-6.052,-4.672,-5.024,-6.078,-4.487,-5.901,-4.589,-5.506,-6.678,-5.733,-3.997,-4.805,-4.73,-6.616,-5.98,-4.864,-4.788,-4.716,-4.396,-5.104,-4.76,-4.035,-4.69,-4.86,-5.404,-6.676,-8.059,-4.801,-5.489,-5.004,-4.39,-6.663,-4.465,-4.439,-6.52,-6.764,-5.038,-5.681,-4.546,-5.156,-4.928,-4.928,-6.056,-5.162,-5.192,-5.695,-5.641,-5.724,-6.064
OptTAR_Fixed_ligprep_20260117_0.5.maegz:135,-5.676,-5.01,-4.643,-4.944,-5.33,-4.776,-4.39,-5.177,-6.349,-5.708,-5.177,-6.42,-4.922,-4.68,-5.667,-4.587,-3.341,-4.163,-4.108,-4.386,-4.949,-4.79,-5.647,-4.52,-4.361,-4.391,-5.856,-6.028,-4.584,-4.162,-3.904,-5.447,-4.865,-3.815,-3.821,-5.745,-4.837,-4.81,-5.133,-4.338,-5.378,-4.113,-4.699,-3.991,-6.02,-4.173,-4.336,-4.646,-4.781,-4.416
OptTAR_Fixed_ligprep_20260117_0.5.maegz:136,-3.173,-2.8,-2.757,-3.645,-4.507,-5.268,-3.139,-4.365,-3.223,-4.132,-3.84,-4.007,-4.536,-4.432,-3.976,-3.812,-2.13,-4.318,-3.139,-2.32,-3.905,-2.571,-3.008,-4.223,-4.157,-3.519,-5.584,-5.859,-3.569,-3.946,-0.7367,-3.768,-4.238,-3.766,-3.824,-3.003,-1.69,-2.474,-1.376,-1.234,-4.868,-2.558,-1.267,-3.511,-4.38,-4.023,-2.942,-2.788,-3.359,-3.515
OptTAR_Fixed_ligprep_20260117_0.5.maegz:137,-4.382,-4.179,-3.082,-3.215,-3.36,-4.262,-4.292,-4.401,-4.84,-4.209,-4.021,-2.732,-4.237,-4.709,-5.809,-4.053,-3.263,-3.181,-3.439,-3.352,-3.146,-5.113,-4.661,-4.625,-4.369,-3.213,-5.02,-5.248,-3.718,-4.066,-3.134,-4.819,-4.357,-3.72,-2.84,-3.737,-3.711,-3.754,-3.9,-5.02,-4.372,-3.372,-3.707,-4.076,-4.369,-2.641,-4.124,-5.069,-3.792,-4.626
OptTAR_Fixed_ligprep_20260117_0.5.maegz:138,-2.8,-3.731,-3.354,-0.8422,-2.563,-2.431,-2.474,-2.341,-4.613,-1.925,-3.697,-1.258,-3.369,-2.082,-2.017,-3.311,-1.206,-2.222,-2.866,-0.6988,-1.795,-4.513,-3.016,-3.953,-1.454,-3.437,-1.92,-2.658,-2.429,-0.4787,-2.84,-1.945,-2.165,-2.012,-3.344,-4.306,-3.121,-1.976,-2.806,-2.027,-3.11,-2.112,-2.759,-2.326,-2.866,-2.112,-2.292,-3.17,-1.183,-2.115
OptTAR_Fixed_ligprep_20260117_0.5.maegz:139,-1.823,-1.953,-3.61,-1.819,-3.601,-3.074,-3.763,-4.043,-3.587,-3.005,-3.441,-2.322,-3.085,-3.583,-3.023,-3.194,-3.867,-2.904,-2.499,-3.171,-0.371,-4.235,-4.086,-4.682,-4.097,-3.324,-3.14,-3.618,-3.314,-3.14,-0.6002,-3.347,-3.498,-0.2355,-2.763,-4.468,-4.115,-3.507,-4.349,-1.152,-4.013,-1.289,-3.015,-3.308,-4.474,-4.471,-3.042,-1.802,-2.093,-3.678
OptTAR_Fixed_ligprep_20260117_0.5.maegz:140,-4.082,-5.085,-2.598,-3.619,-4.052,-4.669,-4.108,-4.511,-4.293,-4.118,-3.758,-4.641,-3.636,-3.81,-3.62,-4.052,-4.073,-2.949,-4.227,-3.577,-3.598,-3.581,-4.019,-3.846,-4.01,-4.179,-5.119,-4.613,-4.396,-3.768,-1.743,-5.78,-4.082,-2.417,-4.465,-4.234,-3.428,-3.96,-3.933,-3.89,-4.466,-2.985,-3.184,-4.47,-4.898,-4.359,-3.469,-3.768,-5.1,-3.892
OptTAR_Fixed_ligprep_20260117_0.5.maegz:141,-2.859,-3.035,-2.179,-2.982,-2.657,-2.319,-2.219,-3.03,-3.02,-2.542,-3.778,-3.548,-2.034,-2.129,-4.555,-3.082,-0.764,-3.085,-1.988,-1.856,-0.8863,-2.675,-2.461,-2.691,-3.495,-2.273,-3.047,-4.293,-2.22,-2.621,-2.716,-2.677,-2.9,-2.185,-1.574,-3.865,-3.399,-2.792,-2.375,-2.613,-2.786,-1.334,-3.052,-2.717,-2.93,-1.907,-3.243,-3.281,-0.9792,-2.913
OptTAR_Fixed_ligprep_20260117_0.5.maegz:142,-3.443,-3.106,-2.897,-4.067,-2.675,-3.41,-2.089,-4.334,-1.836,-3.155,-3.249,-4.127,-2.608,-5.119,-3.715,-1.455,-1.524,-2.201,-3.532,-3.338,-0.8645,-1.737,-2.349,-3.594,-3.269,-0.9959,-5.057,-4.582,-3.847,-3.75,-0.2248,-4.581,-4.27,-2.159,-3.517,-5.012,-2.436,-1.006,-2.279,-3.194,-5.114,-3.579,-2.798,-1.634,-4.499,-3.32,-3.844,-2.044,-4.11,-3.974
OptTAR_Fixed_ligprep_20260117_0.5.maegz:143,-7.761,-5.814,-5.63,-5.885,-6.803,-6.597,-5.383,-5.763,-5.548,-7.629,-5.173,-6.551,-5.609,-5.889,-6.849,-5.738,-4.181,-4.431,-5.22,-4.58,-5.013,-5.43,-5.394,-5.766,-5.543,-5.206,-6.597,-7.999,-5.61,-6.215,-5.724,-4.966,-4.907,-4.7,-4.767,-5.157,-6.156,-5.911,-5.129,-5.599,-5.73,-5.114,-5.836,-6.239,-6.723,-5.267,-5.422,-5.925,-4.825,-5.494
OptTAR_Fixed_ligprep_20260117_0.5.maegz:144,-4.241,-4.003,-3.97,-1.876,-4.844,-4.197,-4.576,-2.923,-4.023,-4.239,-3.197,-2.653,-4.733,-3.887,-2.639,-4.101,-2.231,-2.772,-3.937,-4.563,-3.854,-2.332,-4.666,-1.616,-1.639,-2.604,-4.429,-5.09,-4.127,-3.717,-1.917,-5.027,-3.769,-3.213,-4.117,-3.756,-4.141,-3.647,-3.978,-4.465,-5.696,-3.139,-1.389,-4.322,-3.943,-3.663,-3.212,-4.265,-4.18,-3.438
OptTAR_Fixed_ligprep_20260117_0.5.maegz:145,-4.627,-4.991,-3.709,-4.935,-4.881,-5.054,-5.621,-4.039,-5.216,-5.106,-2.906,-4.997,-3.187,-4.653,-4.073,-3.831,-3.2,-3.466,-3.894,-3.542,-3.829,-4.5,-3.669,-4.07,-4.041,-4.215,-6.66,-7.583,-3.634,-4.547,-3.953,-5.919,-4.316,-3.841,-3.918,-5.052,-4.896,-3.679,-4.639,-4.157,-4.643,-4.111,-4.002,-4.07,-3.985,-4.187,-4.56,-4.443,-4.77,-3.944
OptTAR_Fixed_ligprep_20260117_0.5.maegz:146,-7.504,-6.839,-6.047,-5.581,-7.131,-7.382,-7.09,-6.624,-6.956,-8.372,-5.857,-8.149,-5.888,-5.997,-6.317,-5.538,-5.462,-5.209,-6.399,-6.042,-5.455,-6.473,-6.78,-5.402,-6.552,-5.281,-6.894,-7.68,-5.954,-5.513,-6.225,-6.279,-5.54,-6.315,-5.043,-5.627,-5.905,-5.704,-7.101,-5.473,-5.818,-5.139,-5.699,-7.012,-6.933,-5.25,-6.114,-5.547,-5.373,-5.585
OptTAR_Fixed_ligprep_20260117_0.5.maegz:147,-4.108,-2.408,-3.475,-3.894,-4.546,-5.233,-4.513,-3.624,-2.889,-4.752,-3.442,-5.07,-4.218,-3.396,-3.044,-3.565,-3.897,-3.749,-1.071,-3.512,-3.288,-3.56,-3.846,-2.776,-3.302,-3.501,-4.261,-4.691,-3.906,-3.208,-2.366,-4.663,-3.169,-3.032,-2.823,-3.775,-3.133,-3.011,-3.398,-4.657,-2.926,-3.92,-3.416,-3.353,-4.848,-2.263,-4.002,-4.541,-2.524,-2.916
OptTAR_Fixed_ligprep_20260117_0.5.maegz:148,-2.854,-4.27,-3.986,-3.919,-2.552,-4.511,-4.869,-3.181,-5.254,-4.831,-4.461,-4.369,-3.455,-4.227,-3.421,-3.189,-3.455,-3.058,-3.371,-3.919,-2.366,-2.798,-3.361,-3.06,-3.72,-3.455,-3.26,-4.561,-4.312,-2.941,-2.097,-3.205,-3.006,-2.46,-2.634,-4.389,-3.966,-3.237,-3.323,-4.171,-4.444,-2.812,-4.062,-3.767,-4.033,-3.235,-3.828,-4.387,-3.523,-3.372
OptTAR_Fixed_ligprep_20260117_0.5.maegz:149,-3.62,-3.846,-3.495,-4.546,-4.079,-5.138,-4.831,-3.803,-5.122,-4.595,-3.698,-5.233,-3.358,-3.199,-3.49,-3.094,-3.137,-2.178,-2.796,-3.881,-4.01,-5.626,-3.125,-4.546,-3.991,-3.229,-1.88,-5.545,-4.264,-4.217,-2.67,-3.453,-3.833,-3.255,-2.82,-4.046,-4.37,-3.604,-3.561,-3.644,-4.092,-3.816,-2.718,-3.757,-2.428,-3.039,-3.407,-4.312,-3.327,-2.442
OptTAR_Fixed_ligprep_20260117_0.5.maegz:150,-3.795,-4.609,-3.564,-4.041,-3.746,-4.558,-4.917,-3.63,-2.434,-4.932,-2.676,-4.342,-4.051,-4.044,-3.848,-3.508,-3.755,-3.416,-3.035,-3.956,-1.616,-4.842,-4.22,-2.506,-1.397,-3.614,-4.683,-5.568,-4.186,-4.616,-3.337,-5.277,-3.932,-2.347,-2.321,-4.231,-3.516,-2.011,-3.831,-3.725,-2.635,-3.411,-3.758,-3.301,-4.098,-2.385,-3.096,-5.337,-3.751,-3.542
OptTAR_Fixed_ligprep_20260117_0.5.maegz:151,-4.705,-2.655,-3.433,-4.114,-4.515,-4.481,-4.814,-4.189,-4.716,-4.669,-4.349,-5.287,-3.446,-4.736,-3.62,-3.342,-3.654,-2.87,-3.301,-3.948,-3.244,-3.406,-3.617,-1.238,-3.302,-3.42,-3.191,-5.597,-3.473,-4.132,-3.091,-4.995,-3.237,-3.207,-3.457,-3.607,-3.853,-4.57,-4.007,-4.386,-3.215,-3.0,-2.267,-3.735,-4.137,-2.887,-3.763,-4.882,-4.559,-3.591
OptTAR_Fixed_ligprep_20260117_0.5.maegz:152,-3.353,-3.028,-3.822,-3.543,-4.421,-4.315,-4.673,-3.463,-1.715,-4.261,-3.294,-4.028,-3.336,-3.482,-3.814,-2.703,-2.987,-2.366,-3.084,-3.593,-1.204,-3.473,-2.699,-4.079,-2.566,-4.092,-2.694,-4.647,-4.071,-3.786,-1.881,-4.472,-3.44,-4.107,-2.515,-4.208,-1.184,-3.689,-4.089,-4.128,-2.997,-2.586,-2.748,-3.89,-4.108,-3.593,-4.591,-2.977,-2.339,-3.683
OptTAR_Fixed_ligprep_20260117_0.5.maegz:153,-4.299,-2.406,-3.804,-3.205,-3.144,-4.372,-3.021,-4.024,-4.302,-4.89,-2.831,-3.132,-4.39,-3.408,-2.964,-3.649,-3.044,-3.004,-3.503,-3.783,-2.581,-3.077,-2.27,-3.161,-3.914,-4.253,-4.331,-4.678,-3.96,-3.502,-3.847,-2.833,-3.991,-1.5,-1.607,-4.308,-3.585,-1.804,-3.418,-3.225,-3.765,-2.627,-3.296,-3.546,-3.247,-4.044,-4.23,-4.013,-2.371,-3.993
OptTAR_Fixed_ligprep_20260117_0.5.maegz:154,-4.099,-4.921,-4.279,-3.526,-4.384,-4.268,-4.233,-1.809,-5.019,-4.614,-3.8,-2.867,-3.298,-4.416,-3.19,-3.582,-2.842,-3.107,-2.82,-3.929,-3.287,-3.358,-4.467,-4.099,-3.259,-3.377,-5.818,-4.75,-3.828,-3.973,-4.259,-3.514,-2.885,-3.37,-3.515,-4.109,-3.879,-3.781,-2.567,-3.675,-3.683,-2.24,-3.746,-4.222,-4.023,-3.684,-3.539,-3.58,-2.851,-3.217
OptTAR_Fixed_ligprep_20260117_0.5.maegz:155,-4.249,-3.784,-3.568,-3.727,-4.291,-4.125,-5.036,-4.113,-4.916,-4.367,-3.329,-2.02,-3.817,-3.133,-3.123,-4.229,-1.496,-3.114,-2.931,-4.284,-2.463,-4.35,-3.838,-3.769,-3.553,-3.747,-4.48,-5.223,-3.441,-3.108,-4.049,-2.431,-4.015,-3.563,-3.382,-4.131,-3.847,-4.143,-3.242,-3.501,-4.06,-3.624,-3.282,-3.714,-2.736,-2.491,-3.484,-3.481,-3.688,-3.913
OptTAR_Fixed_ligprep_20260117_0.5.maegz:156,-4.094,-4.291,-4.048,-3.619,-4.132,-5.452,-4.246,-4.858,-3.705,-4.822,-3.85,-4.289,-4.201,-3.234,-2.93,-2.49,-3.641,-2.857,-3.409,-1.683,-3.69,-3.808,-4.035,-4.156,-4.024,-4.14,-4.776,-5.089,-4.098,-3.034,-1.397,-1.234,-3.863,-1.768,-3.832,-3.637,-2.1,-4.063,-4.628,-3.936,-4.69,-3.055,-4.353,-4.505,-4.274,-3.796,-3.221,-2.795,-2.278,-3.105
OptTAR_Fixed_ligprep_20260117_0.5.maegz:157,-4.196,-3.542,-4.065,-3.552,-3.826,-4.228,-3.98,-3.793,-4.608,-4.914,-3.87,-4.363,-4.666,-4.743,-3.26,-4.329,-2.615,-3.324,-3.745,-2.761,-2.588,-3.817,-4.525,-3.454,-2.759,-4.14,-5.232,-5.146,-3.2,-3.561,-3.723,-3.912,-4.482,-2.85,-3.662,-4.327,-3.33,-3.564,-3.404,-3.883,-4.258,-3.086,-3.316,-4.335,-4.236,-3.428,-4.348,-3.752,-2.85,-3.365
OptTAR_Fixed_ligprep_20260117_0.5.maegz:158,-4.077,-4.02,-3.948,-4.066,-4.298,-4.51,-4.81,-3.184,-4.388,-4.877,-4.457,-4.931,-5.011,-3.584,-3.484,-3.529,-2.372,-2.894,-4.078,-3.265,-3.347,-4.201,-3.352,-4.253,-3.292,-4.314,-3.231,-6.043,-4.24,-4.183,-3.132,-5.181,-3.844,-2.738,-2.645,-3.898,-3.788,-4.283,-2.88,-1.518,-3.565,-2.445,-3.325,-4.332,-4.382,-3.98,-5.273,-3.166,-4.611,-3.125
OptTAR_Fixed_ligprep_20260117_0.5.maegz:159,-4.306,-3.901,-3.825,-2.935,-3.298,-3.672,-3.999,-3.656,-4.76,-4.486,-3.723,-3.936,-4.363,-3.901,-3.213,-3.308,-2.041,-2.828,-3.846,-3.825,-2.827,-3.902,-3.844,-4.485,-3.726,-4.569,-4.294,-5.334,-3.937,-3.921,-4.011,-3.331,-3.734,-3.539,-3.345,-4.348,-3.378,-2.212,-4.018,-3.326,-4.586,-2.398,-3.271,-3.549,-4.506,-3.624,-3.688,-4.351,-4.072,-4.256
OptTAR_Fixed_ligprep_20260117_0.5.maegz:160,-3.842,-3.999,-4.089,-2.824,-2.949,-4.334,-3.416,-3.71,-5.067,-5.357,-3.436,-4.464,-3.177,-4.375,-6.589,-4.069,-1.843,-3.177,-3.228,-4.123,-3.329,-5.212,-3.56,-2.234,-4.1,-3.397,-4.897,-4.513,-3.833,-3.725,-3.681,-4.121,-3.107,-2.83,-3.112,-3.097,-3.356,-3.838,-3.613,-3.652,-3.948,-1.553,-3.455,-3.396,-4.262,-3.315,-3.248,-2.041,-3.347,-2.858
OptTAR_Fixed_ligprep_20260117_0.5.maegz:161,-3.741,-4.037,-4.118,-4.159,-3.338,-3.641,-4.509,-2.81,-3.647,-5.175,-4.494,-4.171,-2.429,-3.848,-3.064,-1.926,-4.12,-2.71,-2.155,-4.149,-3.55,-3.98,-3.21,-3.754,-3.219,-3.386,-4.617,-4.702,-3.877,-3.762,-2.928,-4.313,-3.293,-2.711,-3.275,-3.791,-3.511,-3.464,-3.112,-4.458,-3.172,-3.357,-2.511,-3.299,-4.389,-3.561,-3.311,-4.001,-3.123,-3.666
OptTAR_Fixed_ligprep_20260117_0.5.maegz:162,-2.385,-3.313,-4.153,-4.121,-3.377,-5.307,-4.615,-3.411,-4.666,-4.944,-3.106,-4.369,-4.176,-2.845,-3.437,-3.498,-2.853,-3.042,-2.156,-2.399,-1.963,-2.63,-3.345,-3.229,-2.949,-3.933,-3.839,-4.516,-4.783,-4.053,-3.116,-2.995,-3.688,-2.416,-2.704,-3.647,-3.61,-3.665,-3.271,-4.963,-3.537,-2.453,-2.476,-3.24,-4.119,-2.503,-2.779,-3.806,-3.412,-2.434
OptTAR_Fixed_ligprep_20260117_0.5.maegz:163,-4.097,-3.099,-2.764,-3.922,-3.854,-4.23,-5.473,-1.719,-4.309,-4.698,-3.18,-4.078,-4.17,-2.714,-3.144,-4.087,-3.052,-3.591,-2.454,-4.223,-2.949,-2.833,-3.155,-2.531,-3.502,-3.368,-3.656,-5.797,-3.835,-3.23,-3.647,-4.496,-3.625,-2.675,-2.916,-3.689,-2.891,-2.122,-3.961,-4.353,-3.44,-2.732,-2.163,-3.757,-4.762,-2.358,-2.291,-3.488,-3.413,-2.815
OptTAR_Fixed_ligprep_20260117_0.5.maegz:164,-6.451,-5.537,-4.576,-4.689,-5.511,-5.755,-5.303,-5.522,-6.356,-6.436,-5.037,-6.869,-5.079,-5.834,-6.519,-6.33,-4.466,-5.032,-5.689,-5.112,-4.954,-4.857,-6.261,-5.175,-5.203,-4.658,-8.189,-7.013,-5.096,-5.242,-4.876,-7.077,-5.565,-4.559,-4.721,-5.46,-5.337,-5.029,-4.769,-5.275,-5.508,-4.709,-5.064,-5.515,-6.121,-5.01,-4.575,-5.211,-5.897,-5.665
OptTAR_Fixed_ligprep_20260117_0.5.maegz:165,-5.944,-7.259,-5.378,-5.316,-5.084,-6.366,-5.943,-5.787,-6.178,-6.858,-4.96,-6.272,-5.261,-5.168,-5.092,-5.219,-5.083,-4.897,-4.588,-5.002,-5.711,-5.005,-6.261,-5.464,-5.399,-5.87,-6.049,-7.843,-5.39,-6.478,-4.9,-4.916,-4.926,-4.614,-4.934,-5.499,-6.817,-5.527,-5.351,-5.266,-5.537,-5.231,-6.021,-5.202,-5.56,-5.341,-5.403,-5.126,-5.821,-4.596
OptTAR_Fixed_ligprep_20260117_0.5.maegz:166,-5.358,-5.66,-4.725,-4.613,-4.754,-5.647,-5.178,-5.086,-6.289,-6.001,-4.371,-4.896,-4.619,-5.037,-6.847,-4.756,-4.255,-4.156,-4.785,-4.919,-4.235,-5.511,-4.341,-5.54,-6.042,-4.671,-5.739,-7.614,-4.135,-5.886,-4.635,-5.709,-4.418,-4.317,-3.95,-5.711,-4.959,-4.759,-5.209,-4.96,-5.459,-4.547,-4.178,-3.997,-5.902,-4.65,-4.608,-4.362,-4.753,-4.997
OptTAR_Fixed_ligprep_20260117_0.5.maegz:167,-6.316,-6.883,-5.117,-5.138,-6.311,-6.966,-6.169,-5.237,-6.998,-6.465,-4.925,-6.511,-5.243,-6.051,-5.577,-5.671,-4.637,-4.993,-5.168,-5.728,-4.868,-5.342,-5.728,-5.112,-3.972,-4.807,-7.038,-7.724,-5.123,-5.558,-6.056,-5.75,-5.283,-5.192,-4.0,-5.131,-4.932,-5.238,-4.62,-5.087,-5.157,-4.476,-5.108,-5.917,-6.772,-4.3,-6.248,-4.629,-4.9,-4.683
OptTAR_Fixed_ligprep_20260117_0.5.maegz:168,-5.96,-5.974,-5.522,-5.194,-5.528,-5.266,-6.431,-5.725,-6.485,-5.553,-5.271,-6.401,-4.6,-5.607,-5.384,-5.551,-4.476,-3.517,-5.472,-5.316,-4.758,-6.394,-4.27,-6.175,-7.435,-4.093,-5.604,-5.399,-4.864,-6.914,-3.873,-3.707,-5.197,-4.811,-4.618,-5.173,-5.28,-5.402,-5.345,-5.807,-5.829,-3.376,-6.217,-5.605,-4.92,-3.041,-5.318,-5.435,-4.156,-5.09
OptTAR_Fixed_ligprep_20260117_0.5.maegz:169,-4.934,-4.959,-4.232,-4.907,-4.387,-5.383,-5.582,-4.355,-6.596,-6.049,-5.066,-5.964,-4.941,-4.921,-6.658,-5.222,-5.14,-4.429,-4.999,-4.303,-4.701,-4.618,-4.527,-4.131,-4.445,-5.744,-6.816,-6.903,-4.52,-4.586,-4.011,-4.44,-4.54,-4.874,-5.045,-5.133,-5.2,-4.789,-5.151,-4.959,-6.161,-4.566,-5.117,-4.703,-5.101,-4.24,-4.802,-5.1,-5.036,-5.472
OptTAR_Fixed_ligprep_20260117_0.5.maegz:170,-6.861,-5.928,-4.333,-4.786,-5.521,-4.155,-5.701,-5.332,-6.507,-6.142,-4.815,-6.953,-5.05,-5.906,-7.552,-5.481,-5.085,-5.672,-4.141,-5.301,-5.346,-4.742,-5.671,-6.29,-6.929,-5.619,-7.319,-7.459,-4.799,-5.676,-4.689,-6.515,-4.301,-4.409,-4.565,-5.193,-6.192,-4.505,-4.737,-5.677,-6.028,-4.705,-4.795,-4.878,-5.592,-4.708,-5.184,-4.861,-5.447,-5.969
OptTAR_Fixed_ligprep_20260117_0.5.maegz:171,-4.648,-5.415,-4.848,-4.798,-5.857,-3.544,-5.831,-5.569,-6.761,-7.036,-5.679,-5.99,-5.216,-5.453,-6.216,-5.172,-4.712,-4.163,-4.432,-4.565,-4.339,-5.991,-3.808,-5.149,-5.025,-5.029,-6.749,-8.047,-4.898,-5.795,-5.191,-4.334,-4.777,-4.703,-4.259,-6.494,-6.263,-4.841,-4.279,-5.862,-5.842,-5.657,-5.862,-5.537,-6.066,-6.375,-6.219,-5.336,-5.202,-4.947
OptTAR_Fixed_ligprep_20260117_0.5.maegz:172,-2.376,-6.189,-4.832,-3.109,-4.982,-5.365,-3.849,-6.106,-5.41,-4.099,-2.342,-6.694,-1.895,-1.351,-2.571,-5.859,-2.927,-3.291,-5.879,-4.667,-3.537,-3.462,-2.909,-5.466,-5.464,-5.018,-3.978,-7.813,-5.586,-5.11,-5.477,-4.912,-1.385,-5.516,-4.018,-5.384,-5.702,-2.325,-4.349,-4.918,-3.84,-2.489,-3.904,-1.824,-4.917,-1.802,-5.38,-4.804,-4.251,-4.664
OptTAR_Fixed_ligprep_20260117_0.5.maegz:173,-7.037,-6.18,-5.019,-6.466,-6.698,-6.631,-5.832,-6.778,-6.601,-6.682,-5.292,-6.825,-5.96,-5.211,-5.755,-5.466,-4.978,-5.43,-4.827,-5.06,-5.207,-4.803,-5.919,-4.985,-5.474,-4.586,-7.61,-7.942,-5.6,-5.396,-6.062,-5.461,-6.12,-4.203,-4.629,-6.447,-5.642,-5.727,-4.8,-6.382,-5.304,-4.629,-5.416,-6.091,-6.534,-6.247,-5.269,-5.729,-6.197,-5.12
OptTAR_Fixed_ligprep_20260117_0.5.maegz:174,-4.238,-4.867,-5.326,-4.375,-5.625,-5.03,-4.403,-3.942,-5.327,-6.342,-3.783,-6.081,-3.961,-4.264,-4.998,-4.194,-4.133,-3.511,-4.365,-4.8,-3.821,-4.324,-3.509,-4.665,-4.472,-4.177,-5.912,-6.114,-4.4,-4.165,-4.6,-3.713,-4.786,-4.13,-3.674,-4.596,-4.185,-3.891,-4.913,-4.607,-5.138,-4.145,-4.226,-4.961,-5.537,-3.771,-4.567,-4.404,-3.791,-5.255
OptTAR_Fixed_ligprep_20260117_0.5.maegz:175,-5.855,-7.143,-5.895,-5.717,-6.936,-5.849,-6.507,-6.082,-7.243,-7.003,-5.858,-6.749,-6.249,-6.068,-5.663,-5.617,-6.028,-5.323,-4.907,-5.493,-5.349,-6.094,-7.163,-5.514,-5.094,-5.343,-7.877,-7.994,-5.842,-6.259,-6.263,-5.641,-5.384,-5.803,-4.863,-5.126,-6.078,-5.277,-6.092,-6.015,-5.689,-5.509,-5.764,-5.928,-6.525,-4.944,-6.445,-4.811,-5.856,-5.317
OptTAR_Fixed_ligprep_20260117_0.5.maegz:176,-6.846,-5.634,-5.536,-6.308,-6.199,-5.766,-6.381,-5.561,-5.707,-7.118,-4.903,-7.101,-4.351,-5.64,-5.27,-5.559,-4.725,-4.219,-4.199,-5.533,-4.274,-5.6,-6.589,-6.573,-4.236,-6.344,-5.239,-6.664,-4.877,-4.744,-5.154,-4.77,-4.707,-4.888,-4.126,-6.001,-5.653,-5.014,-4.696,-4.825,-6.086,-4.133,-5.342,-5.594,-6.561,-5.814,-5.799,-5.213,-4.578,-5.281
OptTAR_Fixed_ligprep_20260117_0.5.maegz:177,-7.059,-6.044,-5.674,-5.163,-6.037,-6.232,-5.712,-6.048,-6.234,-6.339,-5.839,-7.364,-5.21,-5.598,-7.341,-5.102,-4.956,-4.589,-4.496,-4.973,-4.921,-6.447,-4.533,-6.016,-5.967,-5.057,-7.305,-7.398,-5.174,-4.784,-4.198,-6.116,-5.006,-5.506,-5.312,-5.143,-5.884,-5.23,-4.899,-5.36,-6.111,-4.442,-5.002,-5.396,-5.438,-5.581,-5.632,-5.301,-5.681,-5.314
OptTAR_Fixed_ligprep_20260117_0.5.maegz:178,-5.827,-5.8,-4.687,-4.348,-4.606,-4.998,-5.513,-4.484,-5.062,-6.388,-4.695,-6.552,-4.229,-5.183,-6.083,-5.08,-3.47,-4.066,-4.575,-4.184,-4.362,-4.163,-3.609,-5.319,-5.972,-4.239,-7.007,-7.05,-4.005,-4.878,-4.39,-3.707,-4.094,-4.75,-3.839,-5.295,-5.123,-3.892,-4.033,-4.77,-5.954,-4.009,-3.913,-4.87,-4.173,-5.309,-4.178,-5.024,-4.163,-3.917
OptTAR_Fixed_ligprep_20260117_0.5.maegz:179,-4.971,-5.75,-4.733,-5.133,-6.121,-5.607,-6.087,-4.992,-6.078,-5.628,-5.54,-6.086,-5.113,-5.134,-6.648,-4.054,-5.898,-3.726,-4.822,-4.252,-4.65,-5.439,-5.383,-4.744,-5.097,-4.898,-6.535,-6.881,-6.067,-4.717,-4.961,-5.867,-4.691,-4.156,-4.138,-5.168,-4.561,-5.258,-4.992,-5.033,-5.636,-4.246,-4.808,-5.28,-6.305,-4.274,-4.844,-5.311,-5.901,-6.61
OptTAR_Fixed_ligprep_20260117_0.5.maegz:180,-6.677,-6.629,-5.391,-5.201,-6.346,-6.288,-6.047,-5.65,-6.324,-6.906,-6.17,-7.615,-5.285,-5.832,-6.903,-5.736,-5.264,-5.233,-5.614,-5.505,-5.587,-5.761,-5.804,-5.664,-5.094,-5.408,-7.388,-8.576,-5.206,-5.159,-6.145,-4.741,-5.87,-5.619,-5.755,-7.006,-6.14,-5.483,-4.882,-6.051,-6.401,-5.57,-5.264,-6.221,-6.49,-5.952,-5.715,-5.9,-6.338,-5.174
OptTAR_Fixed_ligprep_20260117_0.5.maegz:181,-6.467,-5.507,-4.71,-5.111,-5.834,-5.974,-4.87,-4.743,-6.672,-6.27,-5.579,-6.802,-4.531,-5.355,-6.634,-4.614,-4.633,-4.222,-4.437,-4.837,-4.18,-4.983,-5.374,-4.751,-4.731,-5.171,-4.52,-5.679,-5.034,-4.604,-5.266,-4.026,-3.84,-4.555,-4.026,-4.974,-5.238,-4.664,-4.62,-5.465,-5.465,-4.541,-4.276,-5.834,-4.806,-3.771,-4.517,-4.973,-5.142,-5.397
OptTAR_Fixed_ligprep_20260117_0.5.maegz:182,-5.322,-5.4,-5.184,-5.016,-6.324,-5.619,-5.818,-5.66,-6.277,-7.1,-5.245,-5.576,-4.623,-5.772,-4.939,-3.947,-4.211,-3.96,-4.472,-4.59,-4.402,-5.187,-5.164,-5.017,-3.881,-4.611,-5.068,-6.166,-4.881,-5.058,-4.931,-6.658,-4.774,-4.388,-3.656,-5.825,-5.115,-4.871,-4.846,-4.926,-5.988,-4.609,-5.254,-5.172,-6.591,-4.546,-4.697,-4.069,-5.768,-6.19
OptTAR_Fixed_ligprep_20260117_0.5.maegz:183,-5.961,-5.612,-5.359,-5.008,-7.072,-5.676,-5.253,-5.26,-5.835,-7.552,-5.477,-6.781,-5.057,-6.012,-5.434,-4.75,-4.041,-4.231,-4.958,-4.799,-4.942,-6.269,-5.331,-5.34,-6.435,-4.302,-5.486,-5.346,-5.074,-5.065,-4.371,-6.685,-5.029,-4.212,-5.134,-5.306,-4.733,-3.85,-4.906,-5.735,-5.786,-4.579,-4.76,-4.765,-5.318,-5.02,-4.688,-5.32,-4.744,-4.866
OptTAR_Fixed_ligprep_20260117_0.5.maegz:184,-6.001,-6.014,-5.074,-5.67,-5.882,-6.136,-5.968,-5.967,-5.502,-6.178,-5.152,-7.059,-5.027,-4.969,-6.779,-5.429,-5.004,-4.513,-4.835,-5.909,-5.37,-5.297,-5.329,-5.549,-5.133,-5.587,-7.211,-8.452,-5.464,-5.631,-5.94,-4.678,-5.863,-5.825,-4.8,-5.281,-6.764,-5.287,-5.031,-6.317,-5.588,-5.551,-4.968,-5.894,-6.429,-4.825,-5.303,-6.271,-5.08,-4.99
OptTAR_Fixed_ligprep_20260117_0.5.maegz:185,-4.847,-5.01,-4.751,-4.83,-5.167,-5.141,-5.223,-4.746,-5.564,-5.649,-4.848,-6.118,-5.0,-5.314,-6.869,-5.318,-3.959,-3.6,-5.555,-5.604,-4.497,-4.76,-5.266,-3.986,-4.275,-4.754,-6.154,-7.891,-5.905,-5.625,-5.541,-3.674,-4.729,-5.267,-4.285,-5.636,-5.702,-4.854,-4.385,-4.254,-6.497,-5.543,-4.732,-6.123,-5.743,-4.372,-4.482,-4.615,-3.97,-4.442
OptTAR_Fixed_ligprep_20260117_0.5.maegz:186,-5.624,-5.847,-4.594,-5.447,-5.29,-6.132,-5.199,-6.176,-5.925,-5.554,-5.715,-6.591,-5.318,-5.711,-7.183,-5.731,-4.44,-4.393,-5.371,-5.567,-5.259,-4.692,-5.065,-5.366,-4.719,-5.903,-6.876,-7.357,-4.921,-6.547,-5.695,-4.574,-5.428,-5.848,-4.708,-7.108,-7.146,-5.091,-5.233,-5.668,-5.738,-4.29,-5.445,-5.604,-6.165,-5.867,-5.618,-5.097,-4.312,-6.013
OptTAR_Fixed_ligprep_20260117_0.5.maegz:187,-6.04,-5.996,-4.706,-5.132,-6.373,-6.336,-6.049,-4.764,-6.123,-5.737,-5.356,-6.209,-4.802,-5.181,-7.071,-5.903,-4.475,-4.814,-4.846,-5.155,-4.891,-4.819,-5.034,-5.597,-4.776,-5.34,-6.257,-8.275,-5.382,-6.306,-5.878,-5.128,-5.349,-6.002,-4.792,-5.508,-7.003,-5.084,-5.071,-5.781,-6.364,-5.742,-5.019,-6.438,-6.741,-4.447,-5.693,-5.252,-4.816,-5.025
OptTAR_Fixed_ligprep_20260117_0.5.maegz:188,-4.9,-6.141,-4.479,-5.307,-5.71,-5.407,-5.204,-5.01,-5.597,-5.507,-4.634,-6.299,-5.136,-5.642,-4.774,-5.284,-4.219,-4.093,-4.375,-5.79,-4.601,-4.498,-4.649,-5.11,-5.388,-5.403,-7.526,-7.493,-4.907,-5.184,-5.487,-4.686,-5.336,-4.683,-4.685,-6.887,-5.93,-4.913,-5.787,-5.449,-5.975,-4.956,-4.428,-5.45,-5.846,-4.722,-5.498,-5.217,-4.389,-5.508
OptTAR_Fixed_ligprep_20260117_0.5.maegz:189,-6.559,-5.463,-4.943,-5.149,-5.321,-6.159,-5.575,-4.571,-6.871,-6.006,-5.282,-6.379,-4.792,-5.064,-5.193,-5.37,-4.187,-5.055,-5.656,-5.038,-4.363,-5.257,-5.159,-4.713,-4.662,-6.357,-6.146,-7.79,-5.625,-5.437,-5.562,-5.135,-4.854,-5.09,-4.755,-6.138,-5.816,-6.116,-5.06,-5.226,-6.361,-5.205,-5.797,-6.284,-5.518,-5.815,-5.727,-5.821,-5.408,-4.618
OptTAR_Fixed_ligprep_20260117_0.5.maegz:190,-5.438,-5.276,-4.565,-5.588,-6.281,-5.451,-5.914,-4.986,-6.165,-7.115,-4.856,-6.133,-4.612,-4.735,-7.216,-6.511,-4.4,-4.871,-4.308,-5.151,-4.932,-5.702,-4.938,-5.124,-4.3,-5.428,-5.927,-7.443,-5.252,-5.74,-6.007,-4.649,-4.677,-5.16,-3.991,-3.855,-5.401,-5.538,-5.504,-5.132,-5.943,-4.225,-5.146,-5.309,-5.663,-4.033,-4.333,-4.396,-5.347,-5.801
OptTAR_Fixed_ligprep_20260117_0.5.maegz:191,-6.389,-4.389,-4.851,-5.138,-5.387,-5.292,-5.137,-6.018,-6.209,-6.167,-5.349,-6.731,-4.875,-4.0,-4.701,-5.353,-4.249,-4.186,-5.207,-5.153,-4.503,-4.741,-6.253,-4.96,-4.696,-4.944,-5.957,-7.347,-5.847,-6.067,-5.32,-6.559,-5.906,-4.59,-4.743,-4.657,-4.945,-4.737,-4.597,-5.581,-5.2,-4.395,-5.485,-5.535,-5.963,-4.044,-4.995,-5.308,-4.703,-4.894
OptTAR_Fixed_ligprep_20260117_0.5.maegz:192,-4.756,-6.295,-4.813,-6.097,-5.082,-6.204,-6.937,-6.216,-6.633,-6.177,-4.253,-6.347,-5.471,-5.658,-7.218,-5.366,-5.165,-4.568,-5.59,-5.248,-4.67,-5.488,-5.481,-5.015,-5.606,-4.775,-6.883,-7.955,-6.477,-6.533,-5.516,-4.264,-6.299,-6.353,-5.638,-4.897,-5.681,-5.276,-5.397,-5.944,-5.896,-5.187,-5.342,-5.688,-6.258,-5.006,-4.717,-5.376,-4.607,-4.679
OptTAR_Fixed_ligprep_20260117_0.5.maegz:193,-6.935,-4.525,-5.55,-5.36,-6.164,-5.631,-6.844,-5.826,-6.151,-6.237,-5.435,-6.89,-5.194,-5.178,-7.233,-5.168,-3.86,-4.936,-5.175,-5.878,-5.3,-5.128,-4.347,-5.573,-5.604,-5.764,-6.703,-8.266,-5.446,-5.917,-5.357,-7.151,-5.191,-5.7,-4.903,-6.259,-5.68,-5.921,-5.704,-5.878,-6.857,-5.003,-4.524,-6.165,-5.542,-4.568,-6.045,-5.726,-4.536,-5.409
OptTAR_Fixed_ligprep_20260117_0.5.maegz:194,-4.705,-4.176,-5.237,-5.564,-5.126,-5.645,-6.55,-6.649,-6.695,-5.792,-5.6,-3.856,-5.526,-5.351,-4.937,-5.961,-6.358,-4.104,-5.065,-4.85,-5.29,-5.646,-4.528,-4.822,-5.531,-6.175,-6.308,-7.15,-5.025,-5.006,-5.305,-7.094,-5.488,-4.214,-3.65,-6.852,-4.616,-5.322,-5.143,-5.389,-4.631,-4.993,-5.576,-5.887,-6.567,-5.183,-5.566,-5.145,-5.444,-5.441
OptTAR_Fixed_ligprep_20260117_0.5.maegz:195,-5.318,-5.455,-6.38,-6.176,-5.044,-4.332,-5.431,-5.77,-6.493,-5.51,-4.865,-6.144,-5.472,-4.644,-4.886,-5.88,-4.523,-5.017,-5.444,-4.778,-3.753,-4.645,-5.828,-5.339,-4.847,-5.312,-6.728,-7.378,-5.162,-5.515,-5.647,-4.436,-5.24,-5.808,-5.003,-5.093,-4.54,-5.317,-4.098,-4.593,-5.529,-5.102,-4.347,-6.54,-5.978,-5.795,-4.375,-5.281,-4.927,-5.475
OptTAR_Fixed_ligprep_20260117_0.5.maegz:196,-6.009,-4.743,-4.268,-4.532,-5.677,-4.769,-5.761,-4.889,-6.112,-5.391,-4.669,-5.664,-5.313,-4.613,-5.594,-5.264,-4.544,-3.952,-4.256,-5.452,-4.335,-4.384,-4.447,-4.525,-5.073,-4.607,-6.937,-8.37,-4.848,-5.773,-5.415,-4.382,-4.63,-4.181,-4.176,-4.163,-5.766,-4.94,-4.958,-6.062,-6.427,-4.47,-4.347,-5.26,-6.047,-6.027,-5.05,-4.579,-5.213,-3.79
OptTAR_Fixed_ligprep_20260117_0.5.maegz:197,-5.16,-5.79,-4.988,-4.699,-3.98,-5.231,-5.534,-5.301,-5.724,-5.821,-5.198,-3.817,-5.01,-4.614,-5.395,-5.814,-4.578,-4.932,-6.286,-5.673,-4.592,-4.833,-4.608,-4.744,-5.241,-4.792,-6.721,-8.9,-4.886,-5.719,-5.496,-3.557,-5.023,-4.787,-4.952,-5.596,-4.604,-5.546,-5.029,-5.863,-5.478,-4.873,-4.294,-5.192,-6.843,-4.326,-5.201,-6.173,-4.61,-6.153
OptTAR_Fixed_ligprep_20260117_0.5.maegz:198,-5.338,-5.197,-5.631,-4.575,-5.03,-5.064,-6.416,-5.033,-5.891,-5.656,-4.792,-6.251,-5.084,-4.609,-4.838,-5.278,-4.689,-3.935,-4.858,-5.864,-4.887,-4.761,-3.815,-5.422,-4.341,-4.37,-6.987,-8.693,-5.164,-7.219,-5.267,-4.174,-5.41,-4.68,-4.312,-4.37,-5.596,-5.728,-4.973,-5.228,-6.115,-4.46,-5.037,-5.628,-5.737,-6.376,-4.729,-4.767,-5.247,-4.846
OptTAR_Fixed_ligprep_20260117_0.5.maegz:199,-6.163,-5.258,-4.579,-5.64,-4.308,-5.745,-5.875,-4.947,-5.794,-6.273,-5.144,-7.305,-4.232,-4.265,-5.518,-5.736,-3.903,-4.805,-6.002,-5.895,-4.942,-4.383,-4.345,-5.484,-4.568,-5.502,-6.923,-7.164,-4.669,-5.441,-4.73,-4.135,-4.897,-4.495,-4.446,-4.28,-5.75,-5.115,-4.791,-5.614,-6.82,-4.86,-5.141,-5.04,-6.155,-5.572,-5.497,-5.032,-4.734,-4.539
OptTAR_Fixed_ligprep_20260117_0.5.maegz:200,-6.463,-4.525,-5.455,-5.211,-6.404,-4.424,-4.224,-4.857,-6.39,-5.914,-4.775,-7.333,-4.104,-3.719,-5.251,-5.431,-3.681,-4.739,-4.189,-5.232,-4.617,-3.746,-4.583,-5.242,-3.558,-3.705,-3.322,-6.986,-4.966,-5.569,-4.834,-3.904,-4.247,-4.178,-4.002,-4.582,-5.013,-4.702,-5.032,-4.054,-6.842,-4.428,-3.781,-5.361,-4.844,-4.591,-3.205,-4.412,-3.356,-5.359
OptTAR_Fixed_ligprep_20260117_0.5.maegz:201,-5.243,-5.308,-4.911,-4.493,-4.935,-5.43,-6.045,-5.677,-5.485,-5.485,-4.794,-6.418,-4.238,-4.586,-3.938,-5.662,-3.007,-3.363,-4.847,-4.262,-3.761,-4.735,-4.431,-3.765,-4.227,-4.741,-6.103,-7.285,-4.448,-4.606,-4.982,-3.825,-5.476,-4.196,-4.59,-5.146,-5.196,-3.63,-4.919,-4.413,-4.317,-4.039,-5.136,-4.574,-5.351,-4.633,-4.1,-4.811,-5.065,-5.462
OptTAR_Fixed_ligprep_20260117_0.5.maegz:202,-5.321,-4.826,-5.055,-4.437,-5.721,-3.933,-5.872,-5.175,-6.522,-5.75,-3.558,-6.612,-4.712,-4.171,-5.961,-5.18,-4.233,-4.1,-4.637,-4.385,-4.285,-4.558,-3.089,-4.103,-3.2,-4.537,-5.401,-6.791,-4.041,-5.282,-5.749,-4.782,-4.842,-3.971,-3.787,-3.099,-5.442,-3.492,-4.687,-4.841,-5.276,-5.809,-4.282,-5.134,-4.973,-5.813,-4.413,-5.135,-4.045,-5.116
OptTAR_Fixed_ligprep_20260117_0.5.maegz:203,-5.532,-5.633,-4.656,-4.838,-4.913,-5.045,-4.649,-4.418,-6.177,-5.676,-5.19,-6.334,-4.121,-3.389,-5.177,-5.572,-3.324,-3.477,-4.269,-5.058,-3.591,-4.369,-4.46,-4.88,-5.509,-4.098,-5.213,-7.252,-4.74,-4.568,-4.864,-4.28,-3.84,-3.021,-3.477,-5.319,-4.801,-3.807,-3.734,-4.503,-4.742,-4.062,-5.303,-4.963,-4.588,-4.377,-3.067,-4.252,-3.666,-4.442
OptTAR_Fixed_ligprep_20260117_0.5.maegz:204,-5.759,-3.983,-5.407,-5.123,-5.062,-4.336,-4.795,-5.604,-5.778,-6.731,-3.943,-5.703,-4.967,-4.488,-5.431,-6.017,-4.128,-4.193,-4.985,-5.305,-4.556,-4.866,-5.384,-4.737,-4.735,-4.326,-6.821,-7.702,-5.559,-5.714,-5.292,-4.161,-4.993,-3.519,-4.176,-3.9,-5.247,-4.908,-4.482,-5.036,-5.842,-4.939,-5.552,-6.408,-6.006,-5.058,-4.532,-4.695,-4.034,-5.6
OptTAR_Fixed_ligprep_20260117_0.5.maegz:205,-4.397,-3.824,-4.202,-4.165,-4.127,-4.793,-3.236,-4.478,-5.381,-5.139,-5.006,-5.37,-4.435,-5.027,-6.196,-4.365,-3.59,-3.96,-4.094,-3.61,-4.087,-3.868,-4.301,-5.699,-5.735,-4.282,-5.345,-6.707,-3.811,-4.77,-4.11,-5.74,-4.609,-5.404,-5.293,-4.671,-4.667,-4.297,-4.115,-4.492,-5.685,-3.492,-4.297,-4.403,-4.519,-5.666,-5.432,-5.254,-4.962,-5.095
OptTAR_Fixed_ligprep_20260117_0.5.maegz:206,-4.326,-4.352,-4.376,-4.357,-4.728,-4.94,-3.917,-4.173,-5.212,-5.356,-4.838,-5.855,-4.28,-5.078,-5.795,-4.687,-4.214,-4.019,-4.247,-4.286,-4.301,-4.938,-4.202,-5.691,-5.539,-5.097,-5.271,-5.612,-4.369,-4.453,-4.701,-6.143,-5.242,-5.461,-5.266,-5.216,-4.65,-4.204,-4.268,-5.062,-5.12,-3.946,-4.369,-4.157,-5.157,-5.114,-4.786,-4.001,-4.771,-5.705
OptTAR_Fixed_ligprep_20260117_0.5.maegz:207,-5.423,-5.188,-4.381,-4.407,-5.352,-6.044,-4.418,-4.004,-5.782,-4.897,-4.404,-4.576,-4.85,-4.582,-3.775,-4.209,-3.771,-3.869,-3.781,-4.217,-3.502,-4.707,-4.259,-4.316,-3.882,-3.648,-5.943,-5.409,-4.28,-4.715,-3.833,-5.471,-4.327,-3.111,-2.808,-4.255,-3.947,-4.41,-4.547,-5.347,-4.395,-4.338,-3.791,-3.634,-5.38,-3.918,-3.86,-5.553,-3.701,-4.114
OptTAR_Fixed_ligprep_20260117_0.5.maegz:208,-4.951,-3.941,-4.863,-4.59,-4.806,-5.474,-3.363,-4.636,-5.77,-4.719,-3.66,-4.018,-4.295,-4.774,-3.813,-4.45,-3.6,-3.253,-3.849,-4.335,-3.707,-4.704,-4.051,-4.984,-4.65,-3.251,-4.563,-5.538,-4.329,-4.678,-3.217,-4.872,-4.749,-3.313,-3.318,-4.413,-4.49,-4.575,-3.74,-4.62,-4.668,-4.025,-4.034,-3.935,-4.952,-3.817,-4.103,-3.875,-4.864,-4.218
OptTAR_Fixed_ligprep_20260117_0.5.maegz:209,-4.648,-3.162,-4.896,-4.479,-3.055,-4.197,-4.419,-4.731,-5.717,-6.42,-3.465,-1.938,-4.263,-3.162,-5.286,-3.913,-3.468,-3.727,-5.286,-4.055,-3.469,-3.619,-3.694,-4.065,-4.831,-4.369,-5.525,-5.797,-4.759,-4.084,-4.817,-3.889,-3.965,-5.103,-4.185,-5.052,-4.929,-4.67,-2.95,-2.651,-4.907,-4.298,-2.298,-5.202,-5.487,-4.051,-4.865,-5.57,-2.586,-1.904
OptTAR_Fixed_ligprep_20260117_0.5.maegz:210,-5.679,-6.06,-6.573,-4.772,-5.599,-6.255,-6.102,-4.869,-6.012,-6.677,-4.603,-6.597,-4.384,-5.563,-6.867,-4.79,-4.132,-3.962,-5.542,-5.11,-4.345,-5.004,-4.936,-5.603,-5.236,-5.36,-5.567,-6.58,-4.863,-4.572,-5.249,-6.305,-4.864,-3.846,-3.463,-5.495,-5.228,-4.238,-4.524,-5.571,-5.376,-4.674,-3.904,-5.514,-6.478,-5.784,-5.241,-5.645,-5.384,-6.002
OptTAR_Fixed_ligprep_20260117_0.5.maegz:211,-6.36,-5.912,-5.469,-4.078,-5.614,-6.146,-4.435,-4.889,-5.935,-6.03,-4.625,-4.229,-4.199,-5.137,-4.45,-5.54,-4.679,-3.92,-5.623,-4.929,-3.305,-5.425,-4.851,-4.446,-5.331,-5.85,-4.748,-5.857,-4.801,-4.653,-4.17,-4.338,-5.209,-4.521,-4.657,-4.135,-4.755,-5.326,-5.076,-5.501,-5.724,-3.768,-3.664,-5.339,-5.079,-3.892,-4.333,-5.223,-5.18,-3.36
OptTAR_Fixed_ligprep_20260117_0.5.maegz:212,-3.154,-5.973,-5.48,-3.772,-5.842,-6.221,-5.413,-5.671,-5.858,-5.333,-4.209,-4.611,-4.877,-4.707,-5.131,-5.031,-4.066,-3.806,-4.729,-4.041,-4.352,-4.305,-4.098,-5.231,-4.425,-4.099,-4.8,-6.239,-4.872,-4.019,-4.019,-5.514,-4.189,-3.709,-4.211,-4.518,-5.034,-4.677,-4.347,-5.891,-5.332,-4.024,-4.339,-3.54,-6.027,-3.891,-5.06,-5.465,-4.445,-3.294
OptTAR_Fixed_ligprep_20260117_0.5.maegz:213,-5.116,-4.28,-4.649,-4.077,-4.449,-4.737,-4.578,-5.144,-3.574,-5.421,-3.827,-3.439,-4.428,-3.573,-3.398,-4.414,-2.984,-3.217,-4.534,-3.262,-4.282,-3.569,-4.11,-4.424,-3.434,-4.023,-4.305,-4.958,-4.129,-3.986,-4.348,-4.863,-3.53,-3.291,-3.512,-4.089,-4.487,-3.877,-3.139,-4.522,-4.585,-4.908,-3.121,-4.188,-4.445,-4.45,-5.255,-5.44,-3.176,-4.26
OptTAR_Fixed_ligprep_20260117_0.5.maegz:214,-4.643,-5.145,-3.799,-4.405,-4.503,-4.31,-4.725,-3.659,-6.01,-4.598,-5.083,-5.157,-4.003,-3.6,-6.608,-4.971,-3.308,-3.402,-4.227,-3.598,-3.39,-4.226,-4.075,-3.857,-3.718,-4.425,-6.136,-6.713,-3.97,-4.248,-3.628,-4.236,-4.66,-3.479,-3.011,-5.111,-4.143,-3.73,-3.534,-3.91,-4.552,-4.171,-4.431,-4.022,-4.561,-3.716,-3.812,-4.088,-3.895,-3.754
OptTAR_Fixed_ligprep_20260117_0.5.maegz:215,-6.807,-5.491,-5.254,-6.463,-6.422,-5.338,-6.012,-7.037,-6.448,-7.663,-6.193,-8.14,-5.99,-6.456,-7.358,-5.942,-5.61,-5.762,-5.686,-6.54,-6.417,-5.708,-5.494,-6.037,-6.223,-6.146,-7.296,-8.089,-5.925,-5.847,-6.611,-6.557,-6.909,-5.813,-6.106,-6.725,-7.246,-6.387,-5.885,-6.508,-6.127,-5.861,-6.596,-5.966,-6.843,-6.293,-6.483,-6.073,-6.622,-7.109
OptTAR_Fixed_ligprep_20260117_0.5.maegz:216,-6.688,-5.302,-5.828,-6.025,-6.53,-5.365,-5.597,-7.055,-6.464,-7.323,-5.999,-8.566,-5.309,-6.3,-6.911,-6.259,-6.386,-5.715,-6.278,-5.915,-6.028,-5.908,-6.334,-5.364,-5.273,-5.981,-7.42,-7.808,-6.281,-5.727,-5.841,-6.494,-6.717,-5.916,-5.185,-6.24,-5.756,-6.055,-5.707,-6.379,-6.212,-5.909,-5.56,-5.222,-7.167,-5.858,-6.548,-6.036,-6.892,-7.023
OptTAR_Fixed_ligprep_20260117_0.5.maegz:217,-5.188,-4.412,-3.909,-4.474,-4.487,-3.591,-4.346,-4.339,-4.228,-5.739,-4.088,-6.027,-3.954,-4.489,-4.015,-3.952,-3.823,-4.081,-4.031,-2.828,-3.651,-3.945,-3.401,-3.815,-3.981,-3.564,-5.144,-5.245,-3.478,-4.847,-3.358,-3.588,-4.13,-3.509,-3.426,-4.495,-4.6,-4.399,-3.826,-4.762,-4.122,-3.822,-4.167,-3.369,-4.487,-3.818,-4.293,-4.047,-3.909,-4.066
OptTAR_Fixed_ligprep_20260117_0.5.maegz:218,-6.755,-5.481,-4.298,-4.87,-5.027,-5.619,-5.504,-5.365,-6.515,-6.571,-4.841,-7.222,-4.976,-5.067,-6.801,-5.226,-5.195,-5.39,-4.463,-4.999,-5.196,-5.651,-5.183,-5.013,-4.86,-5.701,-5.789,-7.085,-4.484,-4.759,-5.001,-4.667,-4.538,-4.996,-5.112,-5.686,-5.411,-5.587,-5.131,-5.388,-5.877,-5.05,-5.398,-5.238,-6.225,-5.193,-5.8,-5.213,-4.403,-5.454
OptTAR_Fixed_ligprep_20260117_0.5.maegz:219,-6.533,-6.379,-5.036,-5.849,-6.225,-5.115,-5.405,-5.446,-6.456,-7.301,-4.696,-6.546,-5.375,-5.658,-5.22,-4.835,-5.03,-4.517,-5.071,-5.001,-4.264,-4.775,-4.86,-5.145,-5.238,-4.873,-5.676,-7.429,-4.725,-6.075,-4.647,-7.24,-4.858,-4.146,-4.635,-6.252,-5.103,-5.254,-5.346,-4.704,-5.444,-4.886,-5.448,-5.352,-6.277,-4.068,-4.574,-4.956,-4.616,-4.983
OptTAR_Fixed_ligprep_20260117_0.5.maegz:220,-5.405,-5.348,-4.895,-5.43,-5.321,-4.515,-6.232,-4.72,-5.472,-4.897,-4.038,-7.028,-5.313,-4.819,-6.807,-5.381,-4.715,-4.519,-5.037,-4.811,-4.471,-4.617,-4.917,-5.839,-5.221,-5.323,-6.517,-7.197,-5.439,-5.802,-4.158,-4.897,-5.282,-4.518,-4.211,-5.904,-5.98,-5.551,-4.453,-4.675,-5.855,-4.75,-5.599,-5.372,-4.942,-4.917,-4.626,-5.187,-5.381,-5.183
OptTAR_Fixed_ligprep_20260117_0.5.maegz:221,-5.995,-6.096,-4.702,-4.955,-5.875,-5.137,-5.612,-5.864,-5.994,-5.908,-5.374,-7.54,-5.105,-5.191,-6.776,-5.129,-5.244,-4.413,-4.987,-4.549,-5.621,-5.273,-5.868,-5.344,-5.959,-4.902,-6.91,-8.628,-5.391,-5.432,-5.801,-5.582,-5.233,-4.801,-4.289,-5.82,-5.41,-5.028,-5.572,-5.767,-5.829,-4.778,-4.947,-5.295,-5.792,-5.443,-6.091,-6.043,-5.183,-5.966
OptTAR_Fixed_ligprep_20260117_0.5.maegz:222,-6.252,-6.259,-5.257,-5.125,-4.732,-5.414,-5.484,-5.387,-5.949,-6.314,-5.621,-7.153,-4.709,-5.215,-4.512,-5.677,-4.819,-4.013,-4.433,-4.911,-4.233,-5.054,-4.764,-4.631,-5.811,-5.303,-5.972,-6.117,-5.08,-4.606,-4.795,-6.149,-4.696,-4.892,-4.918,-4.402,-5.218,-4.734,-5.161,-5.901,-5.163,-5.085,-4.398,-4.74,-5.497,-4.974,-5.358,-4.878,-4.512,-4.935
OptTAR_Fixed_ligprep_20260117_0.5.maegz:223,-6.312,-6.491,-5.492,-5.01,-4.608,-6.049,-5.598,-4.533,-5.532,-6.513,-5.257,-7.462,-5.093,-5.008,-4.657,-5.61,-5.001,-5.48,-4.531,-5.207,-4.262,-6.07,-5.927,-5.064,-5.725,-4.871,-6.04,-7.342,-5.03,-4.614,-4.965,-6.017,-4.685,-5.284,-4.887,-5.239,-5.863,-4.797,-5.216,-5.191,-5.479,-4.879,-4.322,-4.488,-5.487,-4.565,-5.504,-5.392,-5.247,-4.983
OptTAR_Fixed_ligprep_20260117_0.5.maegz:224,-5.006,-4.05,-3.17,-4.528,-4.171,-3.863,-4.023,-4.086,-5.123,-4.879,-4.042,-5.575,-3.886,-4.23,-5.133,-4.28,-3.724,-4.154,-4.762,-3.717,-3.615,-4.105,-3.995,-4.656,-3.976,-4.335,-6.153,-6.171,-3.694,-3.725,-3.569,-5.773,-3.773,-3.491,-3.44,-4.999,-4.678,-3.763,-4.028,-4.301,-4.713,-4.055,-4.376,-3.943,-4.539,-4.548,-4.54,-4.407,-4.464,-4.286
OptTAR_Fixed_ligprep_20260117_0.5.maegz:225,-5.977,-4.784,-3.888,-4.766,-5.208,-4.65,-4.925,-5.372,-5.905,-5.523,-5.771,-6.631,-4.145,-4.794,-6.179,-4.936,-4.195,-4.534,-4.491,-5.14,-4.524,-4.558,-5.442,-4.363,-4.231,-4.409,-6.31,-7.262,-4.624,-4.386,-4.853,-5.034,-4.171,-4.553,-4.177,-5.658,-4.749,-4.461,-5.466,-4.521,-5.593,-4.657,-4.002,-5.406,-5.713,-4.537,-5.078,-4.741,-4.656,-4.836
OptTAR_Fixed_ligprep_20260117_0.5.maegz:226,-4.708,-5.485,-5.026,-4.462,-5.663,-6.28,-4.882,-5.433,-6.018,-6.578,-4.937,-3.552,-5.528,-5.39,-4.381,-4.919,-4.487,-3.31,-4.887,-5.001,-4.302,-4.924,-4.5,-5.25,-4.592,-4.634,-4.131,-6.87,-4.704,-4.71,-4.627,-4.652,-4.544,-4.956,-5.145,-4.556,-4.552,-4.865,-5.135,-4.639,-5.481,-4.078,-5.273,-5.325,-6.473,-4.123,-4.794,-4.411,-4.507,-4.535
OptTAR_Fixed_ligprep_20260117_0.5.maegz:227,-6.406,-5.727,-6.1,-5.723,-5.66,-4.779,-5.296,-7.079,-5.948,-6.409,-5.598,-6.778,-5.044,-6.591,-6.707,-5.577,-4.753,-5.306,-5.388,-5.202,-4.703,-5.539,-4.721,-6.733,-6.883,-4.975,-6.436,-7.501,-4.828,-5.825,-5.587,-7.681,-5.164,-4.998,-4.626,-6.788,-6.015,-6.016,-6.228,-5.935,-6.443,-5.519,-5.641,-4.662,-5.993,-5.179,-5.822,-5.046,-6.122,-5.63
OptTAR_Fixed_ligprep_20260117_0.5.maegz:228,-4.805,-5.107,-5.215,-3.707,-5.531,-5.545,-4.704,-4.46,-4.63,-5.685,-4.355,-4.448,-4.952,-4.149,-3.775,-3.896,-2.647,-2.837,-3.609,-3.665,-4.237,-3.672,-4.239,-5.002,-3.983,-3.366,-4.942,-5.65,-4.62,-4.536,-4.185,-5.681,-4.108,-4.26,-2.123,-4.942,-4.269,-3.572,-4.104,-4.574,-3.683,-3.271,-4.463,-4.14,-5.119,-3.265,-5.078,-4.564,-4.223,-3.837
OptTAR_Fixed_ligprep_20260117_0.5.maegz:229,-4.6,-5.347,-4.323,-3.598,-6.047,-5.376,-4.411,-4.301,-5.154,-5.551,-3.435,-3.527,-3.674,-3.972,-4.548,-3.787,-3.494,-2.9,-3.657,-4.148,-3.807,-4.326,-4.562,-3.846,-3.724,-4.553,-3.624,-4.981,-3.914,-3.791,-4.505,-2.88,-4.179,-4.187,-3.984,-4.764,-4.67,-4.418,-4.402,-4.274,-4.698,-2.968,-3.391,-3.867,-5.433,-4.206,-4.633,-4.078,-3.232,-4.313
OptTAR_Fixed_ligprep_20260117_0.5.maegz:230,-4.664,-5.135,-5.083,-4.369,-4.621,-4.882,-3.742,-4.642,-5.057,-5.958,-4.111,-5.166,-4.916,-3.814,-4.046,-4.654,-4.243,-4.397,-5.393,-4.618,-3.743,-4.022,-4.863,-4.675,-4.092,-3.863,-5.346,-4.49,-4.35,-4.43,-4.103,-4.677,-4.035,-3.984,-3.381,-4.132,-5.481,-3.948,-3.946,-4.551,-4.626,-3.827,-4.685,-4.091,-4.935,-3.135,-4.311,-4.313,-4.09,-4.906
OptTAR_Fixed_ligprep_20260117_0.5.maegz:231,-4.175,-4.013,-4.805,-3.487,-5.644,-4.601,-4.338,-3.481,-4.983,-4.406,-3.515,-4.609,-3.895,-4.854,-4.37,-3.46,-3.183,-3.526,-3.992,-3.914,-4.863,-4.791,-4.505,-4.08,-4.098,-4.268,-4.305,-5.227,-3.973,-5.227,-3.939,-4.981,-4.427,-3.615,-3.28,-3.81,-4.689,-4.078,-4.52,-3.7,-3.807,-4.415,-3.881,-4.628,-5.418,-3.639,-4.278,-5.21,-4.824,-4.309
OptTAR_Fixed_ligprep_20260117_0.5.maegz:232,-2.741,-2.302,-3.463,-4.025,-3.357,-3.054,-2.807,-3.278,-4.809,-4.299,-3.925,-5.106,-3.661,-3.734,-4.082,-3.892,-3.597,-2.953,-3.318,-2.902,-3.28,-3.665,-3.063,-4.435,-3.454,-3.352,-4.072,-4.51,-3.663,-3.403,-4.163,-4.935,-4.09,-2.591,-3.363,-3.704,-3.618,-3.288,-3.195,-3.755,-3.35,-2.577,-3.94,-3.997,-3.646,-3.085,-4.143,-3.219,-3.129,-2.998
OptTAR_Fixed_ligprep_20260117_0.5.maegz:233,-5.949,-5.982,-5.659,-5.456,-6.053,-6.647,-4.707,-5.338,-5.712,-5.195,-4.707,-5.757,-5.101,-5.164,-5.135,-4.846,-4.505,-4.6,-5.028,-4.956,-4.72,-4.57,-5.719,-5.518,-5.1,-5.389,-5.372,-6.497,-4.616,-4.949,-5.316,-5.614,-5.066,-4.671,-4.519,-5.661,-5.791,-5.287,-5.185,-6.021,-4.98,-3.989,-5.208,-5.716,-6.314,-4.047,-5.944,-5.991,-5.185,-4.811
OptTAR_Fixed_ligprep_20260117_0.5.maegz:234,-6.361,-5.512,-4.685,-5.24,-5.702,-5.031,-5.023,-5.169,-6.143,-6.056,-5.46,-8.07,-4.719,-5.18,-4.966,-5.265,-4.721,-4.599,-5.078,-5.109,-4.814,-4.842,-4.482,-4.586,-4.197,-5.025,-6.624,-7.129,-5.204,-5.356,-5.192,-4.392,-4.589,-4.029,-4.709,-6.078,-4.922,-4.904,-5.655,-6.278,-5.481,-5.435,-5.196,-5.817,-6.412,-5.304,-6.177,-6.724,-6.026,-5.736
OptTAR_Fixed_ligprep_20260117_0.5.maegz:235,-6.216,-5.842,-4.893,-4.433,-5.654,-4.468,-4.939,-6.121,-5.96,-6.127,-4.73,-5.44,-4.33,-5.189,-5.617,-4.243,-4.44,-3.761,-4.561,-4.15,-4.364,-5.297,-5.51,-5.072,-5.988,-4.068,-4.523,-7.383,-4.564,-4.338,-4.37,-6.094,-4.362,-4.741,-4.697,-5.236,-5.236,-4.084,-4.402,-5.066,-5.304,-4.193,-4.175,-3.742,-5.261,-3.878,-4.433,-5.827,-4.192,-4.734
OptTAR_Fixed_ligprep_20260117_0.5.maegz:236,-5.491,-5.39,-5.337,-5.609,-5.762,-6.317,-5.789,-5.128,-7.086,-5.851,-5.783,-7.284,-4.685,-6.418,-5.642,-5.468,-5.023,-5.367,-5.778,-6.174,-5.576,-5.271,-6.256,-5.963,-4.968,-5.558,-6.77,-7.77,-5.817,-4.961,-4.813,-6.957,-5.962,-5.776,-5.15,-5.94,-6.764,-5.483,-5.683,-6.106,-6.011,-4.532,-5.116,-6.094,-6.462,-6.27,-5.141,-5.653,-5.51,-6.266
OptTAR_Fixed_ligprep_20260117_0.5.maegz:237,-4.018,-5.214,-4.113,-4.21,-4.701,-5.485,-5.583,-4.635,-5.488,-4.763,-4.249,-5.753,-4.31,-5.637,-4.449,-4.583,-3.186,-3.846,-4.092,-3.347,-4.874,-4.593,-3.243,-5.286,-4.665,-3.693,-3.248,-6.315,-4.132,-4.409,-3.667,-4.73,-3.693,-3.565,-3.513,-5.618,-4.038,-4.853,-4.329,-5.217,-3.726,-3.646,-5.236,-4.329,-5.786,-3.833,-4.091,-3.823,-3.317,-3.228
OptTAR_Fixed_ligprep_20260117_0.5.maegz:238,-5.427,-4.155,-5.03,-5.269,-5.826,-5.05,-4.488,-4.019,-5.421,-5.202,-4.396,-5.572,-5.721,-4.198,-4.868,-5.2,-4.618,-3.761,-3.517,-4.548,-4.368,-4.378,-4.22,-4.324,-4.379,-5.278,-6.614,-6.738,-5.263,-4.215,-4.416,-5.468,-4.54,-4.974,-4.174,-4.098,-5.082,-5.08,-5.208,-3.61,-5.287,-3.891,-5.286,-4.753,-4.121,-3.76,-4.888,-4.039,-4.905,-4.685
OptTAR_Fixed_ligprep_20260117_0.5.maegz:239,-5.279,-5.786,-4.722,-4.828,-5.226,-5.477,-5.458,-5.472,-6.171,-5.692,-5.368,-6.356,-5.056,-5.603,-6.788,-5.16,-4.956,-4.775,-4.773,-4.252,-5.449,-4.841,-5.538,-5.899,-6.346,-5.35,-5.748,-7.493,-5.306,-5.132,-4.581,-6.259,-4.614,-4.744,-4.972,-5.74,-4.7,-4.823,-4.985,-5.099,-5.999,-5.387,-5.568,-5.06,-5.811,-4.931,-4.923,-5.039,-4.804,-5.271
OptTAR_Fixed_ligprep_20260117_0.5.maegz:240,-6.386,-5.59,-4.702,-4.529,-5.907,-5.192,-4.548,-5.274,-5.725,-6.159,-5.105,-5.467,-4.772,-5.448,-4.787,-5.198,-4.31,-3.857,-4.294,-4.569,-4.883,-4.435,-4.6,-5.626,-6.376,-5.183,-5.894,-7.218,-4.667,-4.242,-4.608,-6.06,-4.396,-3.817,-3.647,-5.247,-4.682,-4.467,-4.465,-5.07,-5.456,-4.527,-4.411,-5.592,-4.956,-4.079,-5.013,-4.938,-5.113,-4.169
OptTAR_Fixed_ligprep_20260117_0.5.maegz:241,-6.149,-5.089,-4.354,-5.427,-4.538,-5.4,-5.913,-5.834,-6.325,-6.149,-4.618,-7.212,-4.973,-5.712,-5.058,-4.724,-4.445,-4.684,-4.153,-4.464,-4.638,-4.892,-6.241,-5.151,-4.879,-5.355,-5.018,-8.045,-4.59,-4.638,-3.817,-7.578,-4.948,-4.165,-4.336,-5.691,-4.811,-5.214,-5.358,-6.288,-5.121,-5.008,-5.25,-4.964,-4.447,-4.623,-4.783,-5.961,-4.991,-4.877
OptTAR_Fixed_ligprep_20260117_0.5.maegz:242,-5.404,-3.478,-2.718,-3.991,-4.524,-4.111,-3.495,-4.196,-6.078,-5.355,-4.239,-5.356,-4.352,-5.02,-4.528,-4.77,-5.097,-3.436,-4.965,-4.197,-3.828,-4.959,-1.684,-5.223,-5.409,-4.353,-6.201,-6.303,-3.958,-5.308,-3.754,-4.427,-3.727,-1.488,-2.811,-4.018,-5.306,-4.256,-4.366,-5.181,-2.313,-2.702,-3.874,-5.075,-5.521,-3.196,-3.359,-3.8,-3.102,-5.071
OptTAR_Fixed_ligprep_20260117_0.5.maegz:243,-4.148,-5.253,-5.705,-3.931,-4.958,-4.165,-4.985,-5.129,-6.664,-5.542,-4.622,-6.206,-4.163,-5.689,-6.751,-4.957,-4.193,-4.288,-4.404,-5.011,-5.516,-5.419,-4.283,-5.543,-5.904,-4.581,-6.303,-7.048,-4.377,-4.803,-4.976,-6.374,-5.391,-4.567,-4.617,-6.448,-4.954,-4.837,-5.418,-4.754,-5.421,-3.993,-3.837,-5.459,-5.469,-4.317,-4.574,-4.988,-4.841,-4.996
OptTAR_Fixed_ligprep_20260117_0.5.maegz:244,-5.154,-4.499,-4.378,-4.222,-5.293,-4.917,-5.039,-4.855,-4.598,-5.868,-4.178,-5.229,-4.11,-5.382,-5.434,-5.025,-4.272,-3.708,-3.832,-4.598,-3.872,-5.02,-3.975,-5.021,-5.432,-4.623,-5.445,-6.577,-4.259,-4.487,-4.357,-6.56,-3.478,-3.667,-3.859,-5.568,-4.808,-4.355,-4.26,-4.602,-5.42,-3.958,-4.148,-4.717,-5.088,-4.588,-4.308,-5.214,-4.341,-3.961
OptTAR_Fixed_ligprep_20260117_0.5.maegz:245,-5.795,-5.188,-3.978,-5.246,-5.709,-4.982,-5.711,-5.238,-5.885,-6.041,-3.972,-6.356,-5.845,-4.183,-4.762,-4.485,-3.225,-4.129,-4.526,-5.348,-4.486,-5.333,-4.33,-4.505,-4.671,-4.771,-5.475,-7.682,-6.088,-4.596,-4.796,-6.42,-4.786,-3.782,-5.413,-4.653,-4.497,-4.902,-4.935,-4.454,-6.134,-4.577,-5.213,-5.36,-6.609,-5.612,-4.56,-4.771,-4.816,-4.304
OptTAR_Fixed_ligprep_20260117_0.5.maegz:246,-5.35,-3.912,-4.119,-4.711,-4.821,-6.539,-4.573,-4.571,-5.545,-5.774,-3.421,-5.01,-4.23,-3.633,-5.254,-5.402,-3.963,-3.915,-4.204,-4.66,-4.906,-3.962,-5.292,-5.436,-4.926,-3.467,-5.186,-6.905,-3.456,-5.916,-3.75,-5.968,-4.885,-4.887,-4.413,-4.146,-5.495,-4.139,-4.531,-3.136,-4.975,-3.792,-4.598,-5.252,-5.273,-4.164,-4.858,-3.913,-4.691,-3.536
OptTAR_Fixed_ligprep_20260117_0.5.maegz:247,-3.612,-3.936,-5.596,-3.07,-4.235,-6.333,-5.372,-4.334,-5.136,-4.977,-4.141,-5.495,-3.583,-5.047,-3.317,-4.712,-2.86,-4.006,-4.667,-3.178,-2.688,-3.324,-3.244,-3.609,-3.817,-3.215,-5.487,-6.508,-4.161,-4.159,-3.775,-4.739,-4.401,-4.258,-3.029,-3.706,-3.843,-4.313,-3.775,-4.291,-4.65,-3.569,-3.705,-2.987,-4.126,-3.878,-4.591,-4.761,-3.769,-3.956
OptTAR_Fixed_ligprep_20260117_0.5.maegz:248,-3.597,-4.398,-4.269,-4.147,-3.982,-3.729,-4.255,-5.1,-3.961,-4.154,-3.872,-4.859,-3.613,-3.951,-4.929,-4.53,-2.84,-4.247,-3.553,-3.136,-3.107,-4.002,-4.462,-2.231,-3.698,-4.047,-4.529,-5.52,-4.008,-4.946,-3.712,-5.022,-3.812,-3.262,-2.385,-4.392,-4.742,-4.132,-4.581,-3.05,-4.35,-3.059,-4.379,-4.115,-2.693,-1.799,-4.536,-3.592,-4.007,-4.137
OptTAR_Fixed_ligprep_20260117_0.5.maegz:249,-2.621,-4.397,-4.117,-3.22,-3.303,-3.005,-4.389,-3.632,-3.583,-4.176,-3.076,-4.323,-3.608,-1.735,-4.549,-3.212,-0.1742,-3.551,-3.551,-3.488,-1.826,-3.089,-3.092,-4.191,-4.022,-4.33,-4.136,-3.676,-2.518,-3.433,-2.816,-4.895,-3.295,-2.713,-2.549,-3.066,-4.016,-3.099,-3.66,-3.904,-3.008,-3.584,-3.522,-3.513,-3.568,-1.613,-4.404,-4.403,-3.81,-4.078
OptTAR_Fixed_ligprep_20260117_0.5.maegz:250,-6.286,-5.886,-4.94,-5.257,-5.851,-5.124,-5.259,-5.158,-6.492,-5.741,-4.908,-6.375,-4.912,-5.258,-6.499,-5.233,-3.886,-4.488,-5.021,-4.919,-5.039,-5.419,-5.254,-6.003,-4.756,-4.307,-6.72,-6.896,-5.006,-4.954,-5.094,-6.987,-5.017,-4.943,-4.332,-5.183,-5.025,-4.49,-5.148,-4.735,-5.766,-4.475,-5.096,-5.347,-5.302,-5.615,-5.29,-5.133,-4.834,-4.902
OptTAR_Fixed_ligprep_20260117_0.5.maegz:251,-5.551,-4.344,-4.797,-4.946,-4.718,-4.818,-4.665,-4.944,-4.635,-6.136,-4.402,-6.422,-5.332,-3.691,-6.677,-4.858,-4.114,-3.971,-4.288,-4.15,-3.896,-4.754,-5.12,-4.63,-4.475,-4.141,-5.831,-7.49,-4.259,-4.237,-3.309,-4.419,-4.443,-4.223,-3.999,-5.361,-4.978,-4.909,-5.519,-5.157,-4.44,-3.592,-5.495,-4.648,-5.768,-4.346,-5.581,-4.407,-4.357,-5.013
OptTAR_Fixed_ligprep_20260117_0.5.maegz:252,-3.714,-3.054,-2.873,-3.737,-2.225,-2.909,-4.056,-2.414,-4.951,-5.197,-2.909,-3.626,-2.215,-2.304,-4.141,-3.793,-2.772,-3.549,-2.671,-2.937,-3.633,-4.539,-3.563,-4.334,-3.93,-3.492,-5.057,-4.957,-4.051,-3.866,-1.582,-3.845,-4.142,-1.552,-2.779,-4.291,-3.653,-4.348,-3.599,-3.418,-2.063,-3.107,-3.805,-3.376,-3.668,-2.767,-2.602,-3.874,-3.457,-4.039
OptTAR_Fixed_ligprep_20260117_0.5.maegz:253,-6.577,-5.395,-4.58,-4.74,-5.375,-5.33,-5.132,-5.09,-5.483,-5.794,-4.738,-6.161,-4.59,-4.552,-6.524,-4.995,-4.211,-4.507,-5.023,-4.925,-4.439,-4.808,-3.922,-4.651,-3.965,-4.737,-6.985,-7.515,-4.806,-4.582,-4.801,-6.369,-4.834,-4.823,-4.68,-5.819,-5.022,-3.94,-4.976,-4.827,-5.778,-4.672,-4.258,-5.254,-4.984,-4.183,-5.52,-5.58,-6.249,-5.724
OptTAR_Fixed_ligprep_20260117_0.5.maegz:254,-6.315,-5.118,-4.335,-4.322,-6.067,-5.061,-5.552,-5.698,-4.926,-6.229,-4.461,-6.105,-4.359,-4.52,-6.862,-5.749,-4.75,-4.691,-4.888,-4.047,-4.288,-5.441,-3.921,-4.989,-5.0,-5.111,-6.474,-6.869,-4.383,-4.447,-4.712,-6.354,-4.445,-4.291,-4.555,-6.195,-4.909,-4.666,-4.354,-4.566,-5.527,-4.736,-3.652,-5.235,-5.254,-3.627,-5.545,-4.998,-4.994,-4.641
OptTAR_Fixed_ligprep_20260117_0.5.maegz:255,-5.975,-4.001,-4.225,-6.019,-5.334,-5.946,-5.462,-5.563,-4.739,-6.882,-4.561,-6.721,-5.143,-6.889,-6.964,-5.381,-4.289,-5.006,-5.294,-5.499,-4.173,-5.016,-3.609,-6.357,-6.592,-4.946,-6.369,-7.821,-5.35,-5.773,-3.896,-7.734,-6.483,-4.879,-4.181,-7.179,-5.229,-5.295,-4.023,-5.538,-5.546,-4.358,-5.577,-5.491,-5.752,-3.644,-4.317,-4.54,-5.156,-5.913
OptTAR_Fixed_ligprep_20260117_0.5.maegz:256,-7.09,-5.319,-4.81,-5.561,-6.013,-5.328,-5.108,-5.43,-6.008,-6.399,-4.533,-6.455,-5.314,-4.968,-4.646,-4.021,-4.16,-3.825,-6.184,-4.547,-4.386,-4.853,-4.602,-4.593,-4.935,-4.203,-5.453,-5.766,-4.104,-4.629,-3.944,-4.295,-4.311,-4.627,-4.699,-5.574,-5.569,-5.109,-4.696,-5.303,-4.841,-4.895,-4.34,-4.954,-5.916,-4.651,-4.932,-5.673,-5.176,-4.831
OptTAR_Fixed_ligprep_20260117_0.5.maegz:257,-7.645,-5.354,-5.731,-5.047,-5.723,-5.923,-5.403,-4.588,-6.182,-6.928,-5.838,-6.709,-5.047,-5.036,-6.603,-4.827,-4.612,-3.959,-5.024,-4.741,-4.185,-5.086,-5.007,-5.044,-5.071,-5.341,-6.24,-6.15,-4.674,-5.8,-4.511,-5.928,-5.08,-4.345,-5.359,-5.193,-5.629,-5.044,-4.734,-4.908,-6.11,-5.153,-4.843,-5.249,-6.29,-5.286,-4.919,-5.688,-6.488,-5.528
OptTAR_Fixed_ligprep_20260117_0.5.maegz:258,-4.473,-3.396,-5.62,-4.268,-5.772,-5.825,-5.037,-3.856,-6.417,-4.951,-3.781,-5.711,-4.482,-3.937,-4.793,-4.154,-4.71,-4.057,-4.098,-2.692,-3.668,-4.587,-3.707,-4.479,-3.98,-3.543,-5.236,-6.189,-4.144,-4.69,-3.712,-3.653,-4.913,-3.689,-3.457,-4.404,-2.014,-3.437,-3.849,-4.298,-4.721,-2.723,-4.738,-5.215,-5.235,-3.555,-4.404,-4.293,-4.366,-4.845
OptTAR_Fixed_ligprep_20260117_0.5.maegz:259,-5.447,-5.592,-4.967,-4.908,-6.403,-5.638,-5.022,-4.569,-5.48,-5.127,-3.694,-5.244,-4.091,-4.731,-6.032,-4.655,-4.888,-4.141,-4.049,-4.848,-4.201,-5.03,-4.149,-4.828,-4.444,-5.237,-5.728,-7.17,-5.123,-4.359,-4.077,-3.464,-3.902,-3.981,-4.125,-5.576,-4.678,-5.345,-3.849,-4.957,-5.567,-4.008,-4.07,-3.909,-4.761,-4.471,-5.224,-4.35,-4.26,-5.327
OptTAR_Fixed_ligprep_20260117_0.5.maegz:260,-5.025,-3.826,-4.544,-4.311,-5.113,-5.511,-4.593,-3.991,-5.962,-5.236,-3.632,-5.98,-4.508,-4.142,-4.32,-4.625,-4.645,-4.288,-4.621,-4.78,-3.281,-3.852,-3.492,-4.475,-4.011,-3.599,-5.138,-6.703,-4.547,-3.933,-3.603,-6.094,-3.864,-4.188,-4.329,-5.378,-5.724,-3.462,-4.753,-5.11,-5.288,-4.301,-4.466,-4.031,-5.13,-5.394,-5.272,-3.807,-4.2,-4.986
OptTAR_Fixed_ligprep_20260117_0.5.maegz:261,-5.054,-4.185,-5.786,-4.002,-5.733,-5.931,-5.109,-4.673,-5.371,-5.23,-3.79,-6.514,-4.268,-3.702,-6.299,-4.786,-3.699,-3.211,-4.464,-4.898,-3.708,-5.766,-4.168,-4.959,-4.573,-4.737,-4.847,-6.154,-4.065,-4.075,-4.45,-4.625,-4.516,-3.762,-3.879,-5.106,-3.581,-5.082,-4.273,-4.715,-5.072,-4.785,-3.083,-3.667,-5.319,-4.865,-5.335,-5.2,-3.843,-3.826
OptTAR_Fixed_ligprep_20260117_0.5.maegz:262,-4.664,-4.453,-4.519,-5.009,-4.648,-6.178,-4.996,-4.896,-5.614,-5.216,-4.541,-3.825,-4.061,-4.208,-5.814,-4.005,-4.592,-3.061,-4.045,-3.246,-3.816,-5.148,-2.888,-4.932,-4.973,-3.793,-5.826,-5.794,-3.291,-3.696,-4.819,-5.195,-4.379,-3.224,-3.158,-5.053,-3.177,-4.62,-4.242,-5.375,-4.926,-4.202,-4.115,-4.285,-5.176,-4.691,-5.504,-4.135,-3.977,-4.757
OptTAR_Fixed_ligprep_20260117_0.5.maegz:263,-4.397,-5.465,-4.563,-4.873,-6.918,-4.814,-5.287,-4.624,-5.818,-5.095,-3.721,-5.015,-4.911,-3.839,-3.814,-4.86,-4.23,-3.554,-4.041,-4.489,-4.835,-5.444,-5.278,-5.329,-4.155,-4.208,-4.17,-6.426,-4.337,-5.969,-4.3,-6.011,-3.836,-3.485,-3.908,-5.709,-4.36,-5.639,-3.66,-4.59,-5.151,-3.92,-5.003,-4.511,-4.661,-4.554,-5.109,-5.383,-4.236,-4.573
OptTAR_Fixed_ligprep_20260117_0.5.maegz:264,-4.243,-5.057,-5.158,-4.521,-6.556,-5.596,-4.041,-3.74,-4.465,-5.39,-3.665,-5.991,-4.297,-3.89,-5.974,-4.453,-3.88,-4.417,-3.387,-4.497,-3.47,-5.6,-3.46,-5.597,-4.785,-3.894,-4.396,-6.155,-4.475,-5.16,-4.071,-6.135,-4.393,-3.762,-3.77,-4.996,-4.04,-3.789,-3.572,-3.853,-5.337,-3.743,-3.931,-4.775,-4.899,-4.849,-5.432,-5.094,-3.912,-3.943
OptTAR_Fixed_ligprep_20260117_0.5.maegz:265,-6.002,-5.418,-5.108,-4.917,-6.023,-5.154,-4.853,-3.569,-5.819,-5.379,-3.714,-4.257,-4.409,-3.312,-4.469,-4.063,-3.637,-3.531,-4.757,-3.969,-4.286,-4.53,-4.416,-4.878,-4.223,-6.056,-4.001,-6.66,-3.836,-4.521,-4.265,-5.72,-4.353,-3.992,-3.665,-4.859,-4.411,-5.021,-4.304,-4.54,-4.991,-4.532,-4.909,-4.062,-5.038,-4.491,-4.385,-4.754,-3.932,-4.833
OptTAR_Fixed_ligprep_20260117_0.5.maegz:266,-4.835,-4.958,-5.866,-4.604,-6.642,-5.842,-5.261,-3.602,-5.625,-6.228,-3.514,-6.357,-4.466,-3.739,-6.1,-4.54,-3.232,-3.252,-4.36,-3.939,-3.221,-5.434,-4.373,-5.284,-4.96,-4.584,-4.304,-6.112,-4.049,-4.978,-4.94,-5.843,-4.87,-4.598,-3.592,-5.495,-3.872,-4.787,-3.889,-4.819,-5.297,-4.319,-4.047,-5.923,-5.73,-5.312,-4.759,-4.395,-3.766,-3.622
OptTAR_Fixed_ligprep_20260117_0.5.maegz:267,-5.031,-6.181,-4.719,-4.047,-5.027,-5.299,-5.094,-4.442,-5.646,-6.118,-4.576,-5.509,-5.076,-3.209,-4.903,-3.26,-3.004,-3.602,-3.999,-3.854,-3.459,-4.841,-4.33,-4.941,-4.662,-3.844,-5.96,-6.113,-4.516,-4.112,-3.8,-5.721,-4.733,-3.543,-3.384,-5.502,-4.421,-3.563,-4.791,-4.716,-4.051,-4.788,-4.152,-6.434,-5.089,-3.705,-5.322,-4.822,-4.149,-5.695
OptTAR_Fixed_ligprep_20260117_0.5.maegz:268,-5.343,-4.265,-4.652,-5.052,-6.996,-5.598,-4.917,-4.684,-5.52,-6.328,-4.816,-4.159,-4.252,-4.29,-6.308,-4.22,-4.769,-4.382,-4.459,-4.721,-4.396,-4.995,-3.852,-4.593,-5.05,-3.47,-4.294,-6.545,-4.944,-4.691,-3.978,-5.823,-4.286,-3.965,-4.513,-5.99,-5.53,-5.318,-3.56,-3.046,-5.446,-4.025,-5.012,-4.432,-4.686,-5.593,-4.977,-5.065,-4.478,-4.808
OptTAR_Fixed_ligprep_20260117_0.5.maegz:269,-4.604,-5.105,-5.302,-4.638,-5.449,-5.885,-4.088,-3.486,-5.044,-6.026,-3.328,-4.387,-3.999,-4.64,-5.664,-5.246,-4.317,-3.137,-3.995,-5.052,-3.138,-5.584,-4.369,-5.143,-4.957,-3.235,-5.374,-6.154,-4.027,-5.069,-3.939,-5.759,-4.942,-4.215,-3.42,-5.126,-5.562,-4.102,-4.219,-5.112,-5.24,-3.638,-4.538,-5.277,-5.184,-3.376,-4.301,-5.084,-4.798,-3.198
OptTAR_Fixed_ligprep_20260117_0.5.maegz:270,-4.853,-5.48,-5.224,-5.286,-6.035,-4.377,-5.149,-4.221,-5.442,-6.235,-5.044,-4.992,-4.748,-3.903,-6.962,-5.436,-4.116,-3.877,-4.171,-4.7,-3.724,-4.634,-4.246,-5.336,-4.444,-4.171,-4.109,-6.191,-4.732,-4.888,-4.968,-5.132,-4.313,-3.768,-3.909,-4.447,-5.084,-4.461,-4.716,-5.019,-4.327,-3.956,-4.309,-4.367,-5.789,-4.553,-5.822,-3.909,-4.157,-4.882
OptTAR_Fixed_ligprep_20260117_0.5.maegz:271,-5.794,-5.951,-4.743,-5.203,-5.331,-5.579,-5.388,-4.636,-5.573,-5.167,-5.33,-5.333,-5.37,-5.71,-6.099,-4.825,-4.266,-3.863,-5.568,-4.926,-4.79,-5.283,-4.795,-5.254,-5.613,-4.426,-5.502,-7.123,-5.046,-5.079,-5.345,-6.068,-5.192,-4.269,-4.471,-5.173,-5.702,-4.705,-4.848,-4.717,-5.365,-4.595,-5.031,-5.381,-7.206,-5.228,-5.378,-5.662,-4.757,-4.386
OptTAR_Fixed_ligprep_20260117_0.5.maegz:272,-5.064,-4.765,-3.618,-4.455,-5.546,-4.604,-4.714,-4.328,-5.028,-5.334,-4.347,-5.3,-4.277,-4.329,-4.34,-4.143,-3.32,-3.803,-3.97,-3.486,-3.837,-4.252,-5.597,-3.318,-4.092,-4.226,-5.595,-6.676,-4.492,-4.247,-3.677,-4.153,-4.223,-4.161,-3.591,-5.295,-4.052,-4.719,-2.848,-2.646,-4.462,-3.67,-2.022,-4.57,-5.671,-4.31,-5.432,-3.861,-4.149,-3.311
OptTAR_Fixed_ligprep_20260117_0.5.maegz:273,-5.978,-5.103,-4.875,-5.459,-6.063,-5.678,-5.009,-5.297,-6.63,-5.91,-5.962,-4.166,-5.048,-4.861,-4.935,-4.721,-4.426,-4.173,-3.524,-4.6,-4.384,-4.914,-5.235,-5.757,-4.562,-5.199,-5.407,-6.141,-5.391,-5.31,-4.853,-5.469,-4.951,-4.385,-4.045,-4.583,-5.034,-5.279,-4.423,-5.449,-4.982,-4.578,-4.702,-5.77,-5.739,-5.269,-6.226,-5.649,-4.943,-5.706
OptTAR_Fixed_ligprep_20260117_0.5.maegz:274,-5.148,-5.471,-4.089,-4.505,-5.452,-4.88,-4.271,-5.034,-5.634,-5.668,-4.484,-4.697,-4.786,-4.545,-6.03,-4.673,-4.31,-3.63,-4.776,-3.809,-4.195,-4.832,-4.694,-4.399,-4.286,-2.564,-5.437,-6.451,-4.753,-4.604,-5.096,-3.793,-4.691,-4.822,-3.739,-4.835,-5.106,-5.027,-4.171,-5.149,-5.147,-3.899,-4.123,-5.034,-4.541,-5.697,-5.516,-5.137,-4.32,-3.574
OptTAR_Fixed_ligprep_20260117_0.5.maegz:275,-4.438,-3.088,-4.093,-3.908,-4.091,-4.398,-5.99,-4.373,-5.296,-5.284,-5.235,-4.242,-4.504,-3.98,-6.258,-4.753,-3.829,-3.88,-4.039,-4.044,-3.962,-4.096,-3.845,-3.827,-4.203,-4.712,-6.383,-7.19,-4.104,-4.715,-4.873,-5.258,-4.694,-5.295,-4.051,-4.616,-5.034,-4.123,-4.688,-4.539,-4.723,-3.848,-4.191,-5.424,-4.7,-4.985,-4.523,-4.875,-4.619,-5.448
OptTAR_Fixed_ligprep_20260117_0.5.maegz:276,-4.911,-4.689,-3.766,-4.271,-5.651,-5.196,-4.508,-4.443,-5.902,-5.317,-5.374,-5.131,-4.203,-4.262,-6.702,-5.162,-4.689,-4.293,-4.288,-4.468,-4.169,-4.467,-4.052,-3.95,-5.322,-5.599,-6.171,-7.052,-4.45,-4.713,-5.035,-3.754,-5.309,-4.61,-4.35,-5.547,-4.688,-4.331,-4.254,-4.352,-4.678,-4.251,-4.953,-4.913,-4.888,-5.307,-5.39,-4.966,-4.939,-4.166
OptTAR_Fixed_ligprep_20260117_0.5.maegz:277,-5.009,-4.336,-5.361,-5.023,-5.044,-6.0,-5.629,-4.65,-5.836,-5.933,-4.265,-5.794,-5.262,-5.78,-5.182,-5.293,-5.011,-4.103,-5.057,-5.19,-4.518,-5.79,-4.628,-4.441,-4.437,-5.199,-5.938,-8.075,-5.236,-5.965,-5.085,-4.681,-4.987,-5.122,-5.08,-6.028,-4.653,-4.817,-4.864,-4.46,-5.781,-4.859,-4.777,-5.605,-5.939,-4.399,-6.008,-5.513,-4.881,-4.795
OptTAR_Fixed_ligprep_20260117_0.5.maegz:278,-4.477,-4.893,-4.943,-5.271,-4.841,-4.79,-4.934,-6.249,-4.305,-5.683,-4.198,-5.174,-4.861,-3.978,-6.068,-5.291,-4.117,-4.393,-4.995,-4.657,-4.365,-4.765,-4.54,-5.132,-4.27,-5.45,-4.996,-7.502,-4.218,-4.972,-5.041,-5.489,-5.019,-5.324,-4.727,-5.123,-5.173,-5.047,-5.707,-4.476,-6.407,-5.18,-4.383,-6.031,-5.522,-5.679,-4.986,-5.98,-4.941,-4.52
OptTAR_Fixed_ligprep_20260117_0.5.maegz:279,-5.36,-3.898,-5.036,-4.721,-5.595,-6.203,-5.537,-4.422,-6.272,-5.717,-4.546,-4.598,-5.195,-5.727,-5.115,-5.841,-4.416,-4.564,-4.935,-5.078,-4.407,-4.434,-4.27,-4.436,-4.172,-4.851,-5.519,-7.806,-5.478,-5.025,-5.138,-4.38,-5.311,-4.932,-4.815,-4.569,-5.951,-4.514,-4.693,-4.386,-6.276,-4.287,-4.465,-5.141,-6.39,-4.462,-5.471,-5.08,-5.008,-4.313
OptTAR_Fixed_ligprep_20260117_0.5.maegz:280,-6.752,-6.579,-5.475,-5.751,-6.215,-5.687,-6.58,-5.453,-6.514,-6.333,-5.196,-7.113,-5.336,-5.885,-5.802,-5.854,-4.984,-5.479,-6.041,-5.54,-5.471,-7.938,-4.735,-5.893,-4.986,-6.145,-5.907,-7.568,-5.85,-5.781,-5.479,-7.235,-5.475,-4.804,-5.095,-6.346,-5.922,-5.256,-5.041,-4.984,-6.379,-5.3,-5.449,-6.105,-6.382,-4.748,-6.364,-6.02,-4.944,-5.396
OptTAR_Fixed_ligprep_20260117_0.5.maegz:281,-4.864,-4.057,-5.631,-4.868,-5.489,-4.657,-4.72,-5.155,-4.989,-6.092,-4.552,-4.522,-4.825,-5.548,-5.488,-5.571,-4.737,-4.216,-5.332,-5.25,-5.042,-4.826,-4.762,-4.722,-4.473,-5.342,-4.975,-5.972,-5.144,-5.629,-4.811,-4.793,-5.06,-5.377,-5.098,-4.848,-5.079,-5.791,-4.404,-4.365,-5.432,-5.066,-4.099,-5.546,-5.862,-3.998,-5.572,-5.419,-5.042,-4.825
OptTAR_Fixed_ligprep_20260117_0.5.maegz:282,-5.428,-4.536,-3.954,-4.934,-6.682,-5.195,-5.22,-4.853,-5.031,-5.974,-4.763,-3.966,-5.089,-4.021,-4.875,-5.778,-4.49,-4.472,-4.856,-5.33,-3.723,-4.814,-4.666,-4.372,-4.564,-5.357,-5.876,-6.072,-5.692,-5.092,-4.712,-4.281,-4.889,-4.688,-4.384,-4.326,-5.425,-4.441,-4.943,-3.735,-5.907,-4.284,-4.846,-5.089,-5.085,-5.735,-4.963,-5.091,-4.669,-4.803
OptTAR_Fixed_ligprep_20260117_0.5.maegz:283,-5.506,-5.92,-5.263,-5.405,-6.87,-6.141,-5.608,-5.365,-7.127,-6.484,-5.022,-7.446,-5.232,-6.008,-6.442,-5.692,-5.784,-4.929,-6.019,-5.461,-4.666,-5.279,-4.967,-5.977,-5.028,-5.922,-6.234,-8.088,-5.245,-5.682,-5.939,-6.573,-5.974,-5.029,-5.566,-5.633,-5.701,-5.505,-5.563,-4.995,-6.858,-5.267,-4.925,-6.116,-6.307,-4.602,-5.794,-5.416,-5.331,-5.704
OptTAR_Fixed_ligprep_20260117_0.5.maegz:284,-5.272,-5.321,-4.483,-4.143,-4.621,-4.899,-4.726,-4.618,-3.456,-5.713,-3.66,-5.075,-4.661,-4.587,-4.361,-5.536,-4.341,-4.179,-4.485,-4.177,-4.205,-4.796,-3.954,-4.862,-4.161,-3.659,-4.979,-6.787,-4.146,-3.861,-5.022,-5.146,-4.151,-4.763,-4.364,-5.663,-5.714,-4.581,-3.893,-4.567,-4.49,-3.969,-4.634,-5.274,-4.613,-5.283,-4.183,-4.735,-3.563,-3.871
OptTAR_Fixed_ligprep_20260117_0.5.maegz:285,-5.893,-5.581,-5.713,-5.516,-5.516,-5.692,-5.385,-5.151,-7.005,-5.918,-4.949,-6.187,-5.854,-5.696,-5.571,-5.499,-4.795,-4.44,-5.256,-5.342,-4.542,-5.198,-6.018,-5.237,-5.244,-5.439,-5.758,-8.129,-5.436,-5.47,-6.261,-5.194,-5.608,-5.052,-5.364,-6.134,-6.706,-5.896,-4.856,-5.272,-5.79,-5.478,-5.129,-5.541,-6.426,-4.792,-5.632,-6.372,-4.606,-4.762
OptTAR_Fixed_ligprep_20260117_0.5.maegz:286,-5.738,-6.297,-5.819,-5.437,-6.474,-6.165,-7.005,-6.288,-5.753,-6.364,-5.254,-6.04,-5.621,-5.33,-7.333,-5.777,-5.07,-4.72,-5.042,-5.771,-4.689,-6.003,-5.447,-5.561,-5.495,-5.729,-5.8,-7.466,-5.263,-6.278,-5.953,-5.812,-4.961,-5.682,-5.652,-4.608,-5.238,-5.68,-5.569,-5.91,-5.956,-4.588,-5.133,-6.002,-6.22,-5.371,-5.649,-6.41,-4.788,-5.719
OptTAR_Fixed_ligprep_20260117_0.5.maegz:287,-5.614,-5.488,-4.756,-4.074,-6.184,-5.967,-5.337,-5.106,-4.705,-5.989,-4.382,-7.273,-4.664,-4.322,-4.468,-4.331,-4.206,-5.088,-4.231,-4.25,-3.97,-4.865,-5.575,-5.062,-4.824,-4.854,-6.202,-6.964,-4.919,-4.716,-4.551,-3.806,-5.349,-4.584,-4.325,-5.783,-5.564,-5.042,-4.484,-5.08,-4.778,-4.864,-5.87,-5.235,-5.496,-3.864,-4.459,-5.191,-4.93,-4.896
OptTAR_Fixed_ligprep_20260117_0.5.maegz:288,-5.53,-6.119,-5.469,-5.667,-5.371,-4.077,-5.478,-4.49,-6.455,-6.001,-4.942,-4.914,-5.261,-6.022,-4.372,-5.678,-4.957,-4.487,-5.132,-5.239,-4.844,-4.439,-4.303,-5.451,-4.556,-4.765,-4.842,-7.067,-4.653,-5.439,-5.122,-3.738,-5.584,-5.486,-5.253,-5.06,-5.677,-4.809,-5.666,-4.521,-5.964,-4.427,-4.753,-6.112,-5.833,-4.317,-5.528,-5.026,-4.808,-4.836
OptTAR_Fixed_ligprep_20260117_0.5.maegz:289,-6.098,-5.556,-4.888,-4.223,-4.993,-4.455,-5.358,-5.35,-5.756,-6.064,-4.649,-6.628,-4.241,-4.401,-4.795,-5.74,-4.802,-4.145,-4.678,-4.648,-4.407,-4.147,-4.193,-4.663,-4.18,-5.458,-7.65,-7.762,-5.572,-5.899,-4.242,-4.574,-5.503,-4.63,-4.151,-4.775,-5.779,-4.997,-4.827,-4.729,-5.459,-4.397,-4.564,-4.592,-5.023,-3.995,-2.896,-5.01,-5.169,-4.75
OptTAR_Fixed_ligprep_20260117_0.5.maegz:290,-4.645,-4.499,-5.152,-4.999,-4.931,-4.257,-4.731,-4.362,-5.452,-5.923,-4.411,-5.582,-4.596,-5.018,-6.532,-5.509,-4.334,-4.605,-5.411,-5.359,-4.428,-4.847,-4.01,-5.114,-4.798,-4.669,-5.867,-6.962,-5.279,-5.592,-5.23,-5.182,-4.908,-5.549,-4.929,-5.666,-4.503,-5.556,-5.693,-5.759,-5.686,-4.54,-4.542,-6.043,-5.401,-4.439,-5.027,-5.394,-4.217,-4.497
OptTAR_Fixed_ligprep_20260117_0.5.maegz:291,-5.477,-3.779,-5.278,-4.492,-3.883,-4.642,-4.209,-4.048,-7.228,-4.989,-4.921,-6.695,-4.597,-4.388,-4.383,-6.086,-4.637,-4.387,-4.853,-5.506,-4.697,-5.507,-3.959,-5.624,-6.429,-5.161,-6.545,-6.716,-4.405,-5.336,-4.68,-4.332,-4.905,-4.822,-4.607,-4.048,-5.364,-5.274,-4.854,-4.478,-5.112,-4.57,-4.816,-5.897,-6.457,-4.138,-5.878,-5.18,-4.24,-4.722
OptTAR_Fixed_ligprep_20260117_0.5.maegz:292,-5.788,-6.173,-5.507,-5.794,-5.854,-5.389,-6.174,-5.276,-6.506,-6.165,-4.953,-6.209,-5.305,-5.342,-7.935,-5.87,-4.197,-4.963,-5.372,-5.792,-4.981,-5.142,-6.025,-5.518,-5.067,-6.258,-6.364,-7.18,-5.616,-5.8,-6.014,-5.061,-5.11,-4.987,-5.936,-5.944,-5.278,-5.079,-5.468,-5.484,-5.225,-4.896,-5.001,-5.946,-5.892,-4.21,-5.293,-5.395,-5.278,-5.13
OptTAR_Fixed_ligprep_20260117_0.5.maegz:293,-5.707,-6.089,-4.821,-5.366,-5.623,-6.434,-5.161,-5.394,-7.46,-6.435,-5.726,-6.59,-4.86,-4.953,-6.835,-5.961,-4.205,-4.902,-5.151,-5.133,-4.903,-4.84,-5.245,-5.947,-4.455,-6.235,-5.882,-8.119,-5.401,-6.748,-5.027,-5.069,-5.721,-4.953,-4.887,-7.377,-6.242,-5.989,-5.514,-5.939,-6.534,-4.644,-5.614,-6.152,-5.822,-5.568,-5.248,-5.719,-4.521,-5.156
OptTAR_Fixed_ligprep_20260117_0.5.maegz:294,-5.208,-6.509,-4.699,-5.397,-5.984,-5.85,-6.308,-5.276,-6.599,-5.661,-4.887,-5.79,-4.671,-5.125,-7.278,-5.922,-5.074,-3.952,-4.857,-5.169,-3.961,-5.105,-4.441,-5.267,-4.898,-5.687,-7.374,-9.012,-5.062,-6.485,-5.451,-6.222,-4.734,-5.223,-4.838,-4.978,-6.404,-5.616,-5.023,-5.381,-6.346,-4.799,-5.19,-5.568,-5.716,-4.541,-4.733,-5.502,-4.624,-5.164
OptTAR_Fixed_ligprep_20260117_0.5.maegz:295,-5.123,-4.469,-5.272,-5.527,-4.99,-6.227,-5.355,-5.195,-5.165,-5.087,-4.738,-4.399,-5.175,-5.639,-6.204,-5.248,-3.746,-4.462,-5.675,-5.318,-4.547,-5.15,-5.353,-4.86,-5.018,-4.96,-6.367,-7.399,-4.984,-4.93,-5.35,-4.487,-5.417,-4.657,-4.426,-6.298,-5.877,-5.136,-5.559,-5.905,-5.575,-4.289,-5.027,-5.795,-6.094,-5.438,-5.475,-6.167,-4.826,-4.328
OptTAR_Fixed_ligprep_20260117_0.5.maegz:296,-5.382,-5.169,-5.085,-5.712,-5.088,-7.152,-6.873,-6.487,-6.985,-5.706,-5.359,-6.814,-5.117,-6.809,-6.431,-5.293,-5.086,-5.013,-5.167,-5.347,-4.835,-6.075,-5.486,-5.943,-5.588,-6.437,-7.553,-7.289,-5.686,-5.189,-5.981,-5.36,-5.427,-5.633,-4.982,-6.289,-6.637,-5.066,-5.142,-5.222,-7.04,-5.039,-5.577,-6.377,-6.581,-4.966,-5.312,-4.923,-4.732,-5.868
OptTAR_Fixed_ligprep_20260117_0.5.maegz:297,-4.367,-5.711,-5.509,-5.783,-5.262,-5.213,-7.155,-6.424,-6.27,-6.71,-5.814,-6.87,-5.241,-3.998,-5.554,-5.499,-5.09,-4.181,-5.003,-6.134,-5.27,-5.076,-4.623,-5.296,-5.085,-6.155,-5.954,-7.408,-6.572,-5.594,-5.896,-7.257,-6.975,-3.948,-5.231,-6.992,-4.716,-6.785,-4.732,-4.34,-6.748,-5.283,-5.937,-6.473,-6.131,-4.054,-5.596,-5.484,-5.361,-5.522
OptTAR_Fixed_ligprep_20260117_0.5.maegz:298,-4.314,-4.562,-5.845,-5.99,-5.745,-4.326,-5.388,-4.802,-6.775,-5.607,-4.779,-5.612,-6.213,-5.654,-7.126,-5.274,-5.292,-4.76,-5.544,-4.815,-5.513,-6.498,-5.42,-6.342,-5.406,-7.329,-6.643,-6.832,-5.674,-5.301,-6.196,-5.257,-5.122,-4.958,-4.311,-5.305,-4.87,-5.849,-5.275,-5.514,-5.655,-5.165,-5.641,-5.62,-5.474,-4.086,-4.502,-6.099,-4.71,-4.65
OptTAR_Fixed_ligprep_20260117_0.5.maegz:299,-6.292,-4.551,-5.119,-5.647,-5.509,-5.402,-6.761,-5.744,-6.41,-6.586,-4.941,-6.967,-5.447,-5.451,-5.91,-6.453,-4.593,-3.303,-5.57,-5.487,-4.919,-5.804,-5.049,-5.278,-5.336,-5.738,-6.694,-7.424,-5.474,-5.344,-6.163,-4.355,-5.391,-5.138,-4.995,-5.91,-5.489,-5.429,-5.283,-6.04,-6.167,-5.358,-5.495,-5.893,-6.429,-4.755,-5.355,-5.785,-4.372,-4.685
OptTAR_Fixed_ligprep_20260117_0.5.maegz:300,-5.966,-5.802,-4.927,-5.202,-5.563,-5.874,-4.901,-4.768,-5.682,-5.269,-4.946,-5.985,-5.072,-5.664,-4.826,-6.085,-4.929,-4.903,-4.577,-5.002,-4.708,-5.318,-4.729,-4.902,-4.693,-5.381,-5.986,-7.746,-5.089,-5.298,-4.533,-4.657,-5.332,-5.075,-5.128,-5.663,-6.05,-5.41,-4.529,-5.664,-6.317,-5.399,-5.222,-5.39,-5.321,-5.454,-5.086,-5.43,-5.513,-5.445
OptTAR_Fixed_ligprep_20260117_0.5.maegz:301,-6.408,-5.329,-4.568,-4.503,-4.95,-5.107,-5.651,-4.973,-5.486,-6.477,-5.028,-5.936,-4.21,-5.322,-4.621,-4.74,-4.483,-4.121,-4.02,-4.309,-3.87,-4.598,-5.96,-4.928,-4.404,-5.662,-5.458,-7.21,-4.304,-5.055,-3.699,-4.351,-5.035,-5.101,-5.363,-5.786,-5.373,-4.064,-4.927,-4.065,-6.112,-4.324,-3.785,-5.636,-5.205,-4.709,-5.116,-5.508,-4.729,-4.36
OptTAR_Fixed_ligprep_20260117_0.5.maegz:302,-4.461,-5.709,-3.057,-3.699,-4.287,-3.224,-1.851,-2.643,-5.837,-4.588,-3.699,-5.532,-3.241,-3.893,-3.935,-1.761,-1.439,-2.125,-2.684,-2.097,-2.853,-3.733,-3.549,-6.083,-6.377,-1.984,-3.991,-4.222,-3.462,-3.879,-3.423,-4.322,-3.603,-2.526,-2.612,-3.969,-5.449,-3.825,-3.916,-2.276,-1.516,-4.44,-4.118,-1.484,-5.35,-3.427,-4.814,-3.076,-4.32,-4.19
OptTAR_Fixed_ligprep_20260117_0.5.maegz:303,-3.57,-5.045,-3.697,-3.511,-3.429,-4.567,-3.253,-2.628,-4.904,-4.914,-3.749,-4.384,-3.355,-3.837,-4.629,-1.817,-2.082,-2.833,-2.837,-4.301,-3.613,-3.434,-3.393,-4.34,-3.935,-3.092,-4.246,-5.428,-3.769,-3.057,-3.462,-3.108,-3.514,-3.196,-3.471,-4.341,-3.49,-3.244,-3.399,-2.658,-4.258,-3.15,-3.658,-3.967,-4.295,-2.551,-3.478,-3.164,-3.928,-3.47
OptTAR_Fixed_ligprep_20260117_0.5.maegz:304,-2.845,-3.651,-2.48,-3.265,-3.8,-4.259,-3.059,-4.077,-5.112,-4.393,-3.594,-5.308,-3.753,-3.994,-2.05,-2.679,-2.717,-2.561,-3.912,-3.225,-1.232,-4.072,-4.795,-4.487,-4.353,-3.493,-4.11,-4.84,-3.192,-2.521,-2.832,-3.216,-4.277,-2.769,-2.586,-3.503,-4.016,-3.578,-3.103,-3.39,-4.48,-2.688,-3.041,-2.511,-3.852,-3.485,-3.457,-3.746,-3.47,-3.211
OptTAR_Fixed_ligprep_20260117_0.5.maegz:305,-5.477,-5.64,-4.137,-3.738,-5.521,-4.622,-5.226,-2.142,-4.194,-6.072,-3.417,-5.187,-4.191,-3.698,-4.389,-2.373,-3.39,-3.249,-4.657,-3.171,-4.243,-3.817,-3.74,-5.398,-1.579,-4.125,-4.142,-4.587,-4.159,-3.858,-2.962,-4.41,-3.487,-4.397,-2.956,-4.566,-4.218,-2.399,-3.275,-6.059,-3.001,-4.115,-3.147,-4.995,-5.031,-1.969,-5.948,-5.679,-5.029,-4.284
OptTAR_Fixed_ligprep_20260117_0.5.maegz:306,-5.143,-4.695,-4.152,-4.747,-5.006,-4.839,-5.132,-4.616,-6.377,-5.934,-3.742,-6.243,-4.528,-3.656,-4.744,-4.284,-3.857,-4.084,-5.01,-5.166,-4.642,-4.477,-4.526,-4.518,-5.091,-3.723,-3.076,-4.235,-3.88,-5.078,-3.512,-4.736,-4.856,-3.842,-3.885,-4.029,-4.376,-3.851,-3.141,-4.923,-5.734,-4.856,-4.056,-5.125,-4.659,-1.506,-4.792,-5.294,-4.508,-3.071
OptTAR_Fixed_ligprep_20260117_0.5.maegz:307,-6.883,-5.713,-5.224,-5.269,-6.417,-5.578,-5.324,-6.024,-5.687,-6.637,-5.623,-7.014,-4.983,-4.691,-4.465,-6.009,-4.91,-5.039,-5.346,-4.855,-4.388,-4.778,-5.599,-5.344,-4.867,-4.47,-6.426,-6.673,-6.08,-5.664,-5.234,-7.564,-4.777,-4.468,-5.351,-6.355,-4.803,-5.724,-5.887,-5.174,-5.526,-5.49,-5.591,-4.818,-5.832,-5.702,-4.751,-5.464,-4.853,-4.714
OptTAR_Fixed_ligprep_20260117_0.5.maegz:308,-5.543,-5.581,-4.756,-5.151,-5.731,-5.263,-5.789,-6.025,-7.444,-5.307,-5.13,-6.007,-4.827,-5.719,-8.27,-5.376,-4.816,-4.963,-5.118,-5.298,-5.184,-5.152,-4.837,-6.525,-5.364,-6.123,-7.15,-7.287,-4.903,-5.908,-5.25,-6.789,-5.096,-5.826,-5.658,-6.652,-6.65,-4.942,-5.413,-5.522,-5.836,-5.456,-5.522,-6.221,-5.108,-4.906,-5.084,-5.405,-6.391,-6.379
OptTAR_Fixed_ligprep_20260117_0.5.maegz:309,-6.152,-5.296,-4.655,-5.618,-5.271,-4.721,-6.42,-5.672,-5.43,-5.572,-4.527,-7.263,-4.473,-5.254,-6.04,-5.209,-4.607,-5.004,-4.69,-5.635,-3.917,-4.79,-5.794,-4.849,-7.64,-4.284,-6.624,-7.038,-4.429,-5.958,-4.666,-6.129,-4.888,-5.31,-5.231,-5.767,-4.427,-4.777,-5.0,-5.413,-6.036,-4.895,-5.208,-5.041,-5.497,-4.623,-6.036,-5.314,-5.292,-5.595
OptTAR_Fixed_ligprep_20260117_0.5.maegz:310,-6.155,-3.677,-4.379,-4.713,-5.284,-5.202,-3.872,-5.291,-5.498,-5.928,-4.404,-6.838,-4.531,-2.926,-3.119,-5.008,-2.684,-3.207,-3.107,-5.855,-3.768,-4.416,-5.127,-4.297,-5.577,-5.367,-4.693,-6.48,-5.021,-2.288,-3.818,-5.503,-4.28,-2.806,-3.782,-5.06,-5.7,-3.112,-5.244,-4.835,-3.243,-4.969,-4.364,-2.322,-5.776,-3.504,-3.642,-3.66,-4.672,-4.008
OptTAR_Fixed_ligprep_20260117_0.5.maegz:311,-5.811,-5.994,-5.56,-2.978,-4.534,-5.812,-4.029,-5.229,-4.71,-4.822,-4.962,-6.54,-5.09,-4.649,-5.0,-5.958,-2.987,-4.975,-3.027,-3.39,-4.859,-3.757,-3.893,-4.539,-5.703,-4.393,-5.206,-5.558,-4.032,-4.644,-4.956,-5.953,-4.898,-4.233,-3.843,-5.387,-4.203,-4.708,-4.123,-4.668,-6.608,-4.962,-4.544,-4.194,-5.09,-2.826,-4.403,-4.216,-4.704,-3.464
OptTAR_Fixed_ligprep_20260117_0.5.maegz:312,-5.014,-5.784,-4.554,-4.77,-4.798,-4.7,-5.744,-5.042,-5.613,-4.628,-3.754,-6.73,-4.005,-4.23,-5.385,-4.451,-3.971,-4.082,-4.375,-5.075,-4.629,-5.502,-4.207,-5.663,-4.656,-4.251,-5.063,-5.296,-5.226,-5.464,-4.974,-4.719,-4.07,-3.893,-4.577,-5.515,-4.733,-6.298,-4.809,-5.29,-3.495,-3.981,-4.471,-5.519,-6.15,-4.401,-4.49,-4.669,-4.372,-4.452
OptTAR_Fixed_ligprep_20260117_0.5.maegz:313,-3.591,-3.901,-5.245,-5.1,-5.018,-5.143,-4.98,-5.051,-4.592,-6.333,-4.187,-5.181,-5.608,-3.792,-7.097,-4.901,-3.442,-4.063,-4.447,-4.083,-4.315,-4.924,-4.534,-6.131,-5.857,-4.517,-5.784,-6.62,-4.407,-5.03,-5.008,-5.134,-5.016,-4.707,-3.842,-6.01,-4.034,-4.477,-5.044,-3.55,-5.533,-4.576,-5.427,-5.096,-4.857,-4.192,-4.939,-5.317,-3.813,-4.527
OptTAR_Fixed_ligprep_20260117_0.5.maegz:314,-5.58,-5.296,-4.682,-3.19,-4.934,-4.591,-3.716,-1.902,-4.618,-4.607,-2.105,-3.327,-3.626,-3.66,-4.244,-2.871,-2.477,-3.495,-2.397,-3.712,-3.62,-2.765,-4.495,-5.469,-2.528,-3.908,-3.565,-7.149,-3.784,-3.999,-1.642,-3.048,-3.98,-3.15,-1.551,-3.954,-3.312,-1.685,-2.708,-3.479,-3.935,-1.569,-3.942,-3.712,-3.577,-2.896,-3.13,-3.121,-3.431,-3.864
OptTAR_Fixed_ligprep_20260117_0.5.maegz:315,-6.595,-4.976,-5.011,-5.626,-6.419,-5.711,-4.978,-5.981,-7.41,-6.749,-5.054,-7.072,-5.046,-6.253,-4.215,-5.518,-5.517,-4.48,-5.141,-4.507,-5.21,-4.986,-5.282,-5.748,-4.261,-5.103,-5.545,-7.328,-5.55,-5.625,-5.161,-4.613,-5.352,-5.116,-4.908,-5.654,-5.618,-4.608,-5.387,-4.137,-5.973,-4.67,-5.138,-5.906,-5.793,-5.03,-5.777,-5.749,-5.535,-5.704
OptTAR_Fixed_ligprep_20260117_0.5.maegz:316,-5.738,-6.022,-4.83,-5.115,-6.043,-5.893,-5.209,-5.065,-4.95,-5.649,-4.264,-5.703,-4.586,-4.424,-4.879,-5.287,-3.609,-3.431,-4.15,-5.004,-4.317,-4.398,-5.838,-4.825,-4.015,-4.831,-5.864,-6.798,-4.531,-3.916,-4.735,-6.388,-5.121,-1.843,-3.366,-4.555,-5.412,-4.141,-4.688,-4.994,-5.347,-3.566,-3.957,-5.647,-5.349,-5.548,-4.575,-4.778,-4.71,-5.211
OptTAR_Fixed_ligprep_20260117_0.5.maegz:317,-6.062,-5.93,-5.246,-5.098,-5.362,-2.256,-3.597,-3.817,-6.045,-5.16,-5.09,-7.494,-5.161,-2.386,-3.972,-2.869,-4.236,-4.725,-5.581,-5.813,-2.344,-5.386,-4.634,-3.963,-3.398,-4.351,-2.551,-6.619,-3.055,-5.609,-5.517,-5.021,-5.302,-4.481,-2.57,-5.055,-4.757,-4.93,-3.722,-4.316,-4.444,-4.092,-3.857,-5.965,-6.165,-4.107,-4.753,-5.86,-2.64,-5.003
OptTAR_Fixed_ligprep_20260117_0.5.maegz:318,-3.935,-5.606,-4.461,-5.272,-5.658,-6.233,-5.489,-5.126,-5.369,-6.444,-3.456,-5.176,-3.797,-4.536,-5.761,-4.222,-3.883,-5.394,-4.493,-3.756,-3.334,-4.448,-5.025,-4.095,-3.551,-5.201,-6.392,-7.036,-5.224,-4.815,-5.928,-1.051,-5.501,-2.523,-1.677,-5.017,-5.301,-4.423,-4.727,-1.961,-5.472,-3.708,-4.877,-4.773,-5.406,-4.389,-4.153,-5.141,-4.57,-4.657
OptTAR_Fixed_ligprep_20260117_0.5.maegz:319,-5.933,-6.07,-5.906,-5.367,-6.804,-5.416,-5.816,-5.897,-5.527,-6.126,-5.95,-7.226,-5.21,-5.715,-7.905,-5.554,-4.923,-5.869,-6.023,-5.847,-5.655,-4.91,-6.4,-5.881,-5.342,-5.51,-6.748,-7.291,-5.524,-5.351,-5.09,-7.808,-6.751,-4.26,-4.853,-7.053,-6.0,-5.375,-5.774,-5.119,-7.099,-5.498,-6.113,-6.024,-5.759,-4.671,-5.36,-6.134,-5.459,-6.33
OptTAR_Fixed_ligprep_20260117_0.5.maegz:320,-6.677,-5.686,-5.097,-5.185,-6.342,-5.414,-6.213,-5.801,-7.002,-5.642,-5.136,-7.225,-4.858,-5.344,-7.905,-5.732,-5.384,-5.514,-5.072,-4.75,-4.853,-6.034,-3.792,-6.749,-6.619,-5.249,-6.757,-7.938,-5.294,-5.253,-5.435,-7.558,-5.03,-5.465,-4.954,-6.33,-5.515,-5.207,-6.008,-5.103,-5.63,-6.221,-5.604,-5.735,-5.121,-5.963,-3.457,-5.27,-5.709,-6.548
OptTAR_Fixed_ligprep_20260117_0.5.maegz:321,-4.836,-5.63,-4.806,-5.028,-5.221,-4.963,-5.185,-4.814,-5.737,-6.489,-5.265,-6.741,-5.126,-4.861,-4.457,-5.148,-4.741,-4.487,-4.35,-4.284,-4.862,-5.216,-4.71,-5.067,-4.61,-5.951,-6.337,-7.055,-4.692,-4.956,-4.28,-4.725,-4.57,-4.38,-4.779,-6.286,-5.33,-4.878,-4.701,-4.939,-6.052,-4.25,-4.993,-5.589,-5.843,-5.009,-4.767,-4.961,-5.373,-4.781
OptTAR_Fixed_ligprep_20260117_0.5.maegz:322,-4.054,-3.645,-5.206,-5.836,-5.723,-5.142,-5.494,-6.23,-5.704,-5.958,-5.112,-5.8,-3.981,-4.571,-5.229,-4.869,-4.476,-4.737,-4.163,-4.749,-4.613,-4.434,-5.195,-4.729,-4.285,-5.32,-6.402,-7.632,-5.615,-4.831,-5.224,-6.647,-5.435,-4.306,-4.028,-6.651,-6.085,-4.66,-4.582,-5.294,-5.058,-4.853,-5.995,-5.346,-4.892,-4.439,-4.93,-5.087,-5.361,-4.588
OptTAR_Fixed_ligprep_20260117_0.5.maegz:323,-6.794,-4.348,-5.05,-5.212,-5.289,-5.203,-5.773,-5.427,-6.255,-6.646,-5.013,-6.945,-5.288,-6.216,-4.812,-5.348,-5.142,-4.745,-6.421,-4.885,-4.359,-6.591,-5.274,-6.196,-6.595,-5.74,-6.428,-7.964,-5.183,-5.079,-4.405,-6.836,-5.242,-4.308,-4.213,-5.512,-5.707,-5.091,-4.992,-4.639,-6.753,-5.489,-5.907,-6.414,-5.207,-4.73,-5.288,-6.18,-5.421,-5.791
OptTAR_Fixed_ligprep_20260117_0.5.maegz:324,-5.826,-5.443,-4.971,-4.79,-6.058,-5.576,-5.142,-5.738,-6.7,-6.73,-4.604,-6.866,-5.102,-5.925,-7.873,-5.746,-3.897,-5.653,-5.062,-4.378,-4.041,-6.226,-5.174,-6.691,-6.595,-5.901,-6.866,-7.399,-5.507,-5.931,-5.523,-7.893,-6.73,-4.605,-4.556,-6.059,-5.843,-5.356,-4.559,-4.612,-5.335,-6.16,-5.985,-6.28,-5.871,-6.156,-4.631,-5.473,-6.241,-6.103
OptTAR_Fixed_ligprep_20260117_0.5.maegz:325,-4.548,-5.743,-5.06,-5.271,-6.743,-4.531,-5.456,-5.239,-5.795,-6.449,-5.022,-6.639,-5.398,-4.344,-4.751,-4.6,-5.039,-4.072,-4.578,-5.932,-4.441,-4.99,-5.574,-4.769,-3.914,-4.386,-4.296,-6.115,-5.722,-5.005,-4.383,-3.797,-5.151,-4.475,-4.486,-6.429,-4.77,-5.06,-5.2,-6.163,-4.658,-4.289,-4.673,-5.064,-4.899,-5.965,-4.771,-4.583,-4.775,-4.82
OptTAR_Fixed_ligprep_20260117_0.5.maegz:326,-6.434,-5.935,-4.79,-5.76,-6.908,-5.729,-5.724,-5.352,-6.427,-6.396,-5.493,-6.739,-5.189,-5.757,-7.395,-5.608,-4.153,-5.558,-4.696,-5.445,-4.472,-4.83,-5.26,-5.577,-5.149,-5.319,-5.728,-7.054,-5.793,-5.226,-5.766,-5.816,-6.279,-4.666,-4.844,-5.793,-5.295,-5.207,-5.524,-5.677,-5.757,-5.317,-5.33,-5.681,-5.778,-5.811,-4.65,-5.908,-5.251,-5.848
OptTAR_Fixed_ligprep_20260117_0.5.maegz:327,-6.285,-5.056,-4.514,-4.668,-5.424,-5.016,-6.065,-4.976,-5.428,-6.56,-4.602,-6.859,-4.472,-4.003,-4.971,-5.659,-5.208,-4.855,-5.708,-3.97,-4.923,-4.716,-6.126,-5.214,-4.399,-5.484,-6.246,-4.524,-4.63,-4.833,-5.283,-4.631,-4.534,-4.234,-3.659,-6.075,-5.109,-4.665,-4.967,-4.904,-5.041,-4.512,-4.62,-6.058,-6.634,-4.317,-5.699,-5.396,-4.886,-4.304
OptTAR_Fixed_ligprep_20260117_0.5.maegz:328,-6.21,-4.924,-4.884,-4.646,-6.413,-4.671,-5.356,-5.809,-6.837,-7.578,-4.969,-6.843,-5.452,-4.473,-4.936,-5.392,-4.572,-4.912,-4.845,-4.347,-4.643,-4.789,-4.002,-5.09,-5.77,-4.199,-6.458,-4.518,-5.661,-5.049,-5.527,-5.915,-5.388,-4.545,-4.528,-5.472,-6.013,-5.199,-5.084,-5.074,-4.604,-4.552,-4.956,-5.379,-5.822,-4.451,-5.223,-5.208,-4.945,-4.519
OptTAR_Fixed_ligprep_20260117_0.5.maegz:329,-6.226,-4.543,-4.957,-4.518,-4.923,-5.26,-5.769,-5.0,-7.179,-5.21,-4.384,-6.768,-4.868,-4.195,-4.837,-5.309,-4.2,-4.836,-4.447,-4.285,-4.677,-5.558,-3.745,-5.068,-4.767,-5.756,-6.278,-5.184,-4.907,-5.695,-5.436,-4.198,-4.648,-4.342,-4.868,-4.648,-5.955,-4.778,-4.837,-5.043,-5.525,-5.03,-4.465,-5.865,-6.48,-4.27,-5.099,-5.171,-4.622,-6.052
OptTAR_Fixed_ligprep_20260117_0.5.maegz:330,-6.069,-5.456,-5.076,-4.481,-6.676,-5.601,-5.073,-5.258,-6.174,-6.308,-4.761,-6.675,-4.095,-5.906,-6.215,-4.972,-4.291,-4.061,-4.884,-4.792,-4.879,-5.348,-5.153,-4.827,-4.971,-5.0,-5.743,-7.938,-4.342,-5.086,-4.527,-5.152,-4.504,-4.537,-5.398,-4.903,-4.922,-4.803,-4.947,-5.393,-5.596,-4.734,-4.816,-5.38,-5.548,-4.863,-5.538,-5.13,-4.995,-5.325
OptTAR_Fixed_ligprep_20260117_0.5.maegz:331,-4.314,-4.561,-5.714,-5.415,-4.988,-5.075,-3.003,-5.374,-6.383,-6.031,-4.437,-7.06,-3.654,-4.317,-4.888,-5.261,-4.148,-4.604,-4.279,-5.265,-3.787,-4.864,-5.567,-4.388,-5.19,-4.782,-6.166,-6.591,-3.621,-4.667,-5.194,-5.005,-5.354,-4.26,-3.96,-6.217,-5.155,-5.083,-4.574,-5.403,-6.566,-4.634,-4.863,-5.252,-5.732,-5.23,-4.503,-5.419,-4.772,-4.933
OptTAR_Fixed_ligprep_20260117_0.5.maegz:332,-5.642,-7.048,-5.862,-4.616,-5.724,-5.209,-5.013,-4.826,-6.505,-5.017,-5.041,-6.297,-5.988,-5.395,-6.742,-4.542,-4.233,-3.429,-4.706,-5.293,-4.605,-6.674,-4.985,-7.254,-5.844,-4.306,-6.118,-5.583,-2.907,-5.741,-6.372,-7.062,-5.269,-4.761,-4.329,-4.656,-5.048,-3.769,-3.575,-5.056,-4.898,-4.888,-5.75,-5.825,-6.249,-3.245,-4.355,-4.3,-5.472,-6.243
OptTAR_Fixed_ligprep_20260117_0.5.maegz:333,-4.706,-3.102,-5.204,-3.439,-4.795,-6.253,-5.856,-5.032,-6.102,-6.197,-1.579,-4.957,-4.605,-4.811,-7.648,-5.576,-2.644,-4.689,-4.291,-2.534,-4.097,-4.577,-2.567,-4.614,-4.122,-4.856,-5.188,-6.556,-2.779,-2.194,-4.653,-4.681,-4.085,-4.078,-3.209,-3.468,-6.067,-4.295,-2.691,-4.21,-3.599,-3.734,-3.79,-5.005,-5.578,-5.168,-5.716,-4.24,-5.38,-6.062
OptTAR_Fixed_ligprep_20260117_0.5.maegz:334,-5.714,-2.246,-1.959,-4.001,-5.31,-5.417,-5.334,-4.625,-3.544,-4.64,-4.651,-5.327,-4.356,-5.284,-4.764,-4.984,-2.304,-1.615,-5.545,-2.35,-4.786,-2.933,-4.303,-3.729,-2.286,-4.326,-6.13,-7.493,-4.924,-4.688,-4.213,-6.427,-2.323,-5.025,-1.32,-6.196,-4.334,-5.1,-4.631,-4.322,-2.564,-4.453,-5.629,-2.16,-3.221,-4.204,-1.405,-3.255,-5.021,-3.35
OptTAR_Fixed_ligprep_20260117_0.5.maegz:335,-6.491,-6.302,-4.859,-5.194,-6.802,-6.052,-5.706,-5.007,-4.658,-5.117,-3.84,-5.5,-5.081,-5.151,-7.242,-3.954,-4.28,-3.526,-5.104,-4.807,-4.624,-5.12,-5.143,-5.095,-6.562,-4.801,-4.57,-6.202,-5.589,-3.27,-4.774,-5.793,-5.16,-4.018,-4.086,-4.279,-2.508,-5.101,-4.992,-3.593,-3.975,-4.273,-5.282,-4.248,-5.241,-4.196,-3.649,-4.471,-1.491,-3.724
OptTAR_Fixed_ligprep_20260117_0.5.maegz:336,-6.719,-3.495,-2.629,-3.051,-5.776,-5.407,-4.744,-3.611,-5.438,-6.013,-1.654,-7.864,-5.687,-5.408,-5.979,-4.763,-2.111,-3.374,-3.39,-3.861,-4.606,-4.711,-4.073,-6.271,-5.212,-4.754,-5.577,-5.38,-4.88,-4.726,-3.832,-3.174,-4.624,-4.551,-3.8,-5.875,-3.903,-4.419,-4.843,-3.941,-3.191,-3.856,-4.399,-4.26,-4.568,-3.294,-3.479,-5.089,-5.469,-5.441
OptTAR_Fixed_ligprep_20260117_0.5.maegz:337,-4.659,-5.822,-4.353,-4.74,-5.403,-4.563,-4.553,-6.291,-6.591,-6.809,-4.696,-6.618,-5.546,-4.079,-4.429,-4.886,-1.684,-4.553,-4.366,-5.412,-4.583,-3.01,-4.029,-4.887,-5.257,-5.483,-5.294,-7.779,-5.081,-5.16,-3.483,-6.302,-5.228,-3.624,-4.549,-5.218,-4.182,-3.075,-3.336,-5.512,-3.795,-4.187,-6.29,-4.928,-5.464,-4.133,-4.764,-5.096,-2.204,-2.982
OptTAR_Fixed_ligprep_20260117_0.5.maegz:338,-3.472,-5.364,-5.187,-4.695,-5.474,-6.304,-4.472,-4.631,-6.387,-4.787,-4.682,-5.237,-4.469,-4.91,-3.737,-4.9,-4.252,-4.655,-5.081,-5.506,-3.981,-3.116,-3.443,-3.85,-2.774,-5.16,-5.707,-6.653,-4.387,-4.083,-4.326,-4.201,-4.771,-4.122,-4.967,-4.68,-3.365,-3.701,-4.736,-3.117,-3.879,-4.75,-5.257,-3.152,-4.013,-3.334,-4.895,-4.343,-2.755,-4.853
OptTAR_Fixed_ligprep_20260117_0.5.maegz:339,-6.569,-6.299,-5.285,-5.271,-6.241,-6.135,-6.036,-4.643,-6.493,-6.458,-5.425,-6.926,-5.552,-6.194,-7.249,-5.295,-3.749,-4.483,-4.132,-4.243,-3.67,-5.14,-5.354,-5.061,-5.94,-5.314,-6.061,-7.658,-6.077,-5.634,-4.832,-5.586,-5.374,-4.527,-4.116,-5.04,-5.349,-4.746,-4.439,-4.824,-6.253,-4.616,-4.967,-5.443,-5.647,-5.309,-4.6,-5.449,-5.294,-6.085
OptTAR_Fixed_ligprep_20260117_0.5.maegz:340,-5.897,-6.549,-5.173,-6.727,-5.974,-6.036,-6.019,-5.843,-6.323,-6.306,-5.297,-6.419,-5.594,-4.528,-6.604,-5.325,-6.462,-5.856,-5.475,-4.468,-4.786,-5.331,-4.985,-6.173,-6.131,-5.414,-5.678,-5.249,-6.424,-5.301,-6.303,-4.705,-5.25,-4.574,-4.397,-5.38,-4.777,-5.196,-6.302,-5.704,-5.636,-5.296,-5.387,-5.862,-6.418,-4.871,-5.483,-6.06,-6.11,-6.356
OptTAR_Fixed_ligprep_20260117_0.5.maegz:341,-6.175,-6.466,-5.244,-5.018,-6.267,-6.033,-4.704,-5.203,-6.618,-6.022,-6.612,-7.025,-4.591,-5.115,-6.547,-5.147,-4.812,-4.806,-3.908,-5.684,-5.218,-5.46,-5.212,-5.474,-4.667,-4.924,-7.337,-7.206,-5.012,-5.59,-5.288,-6.225,-4.813,-5.0,-4.923,-6.478,-5.757,-5.411,-5.74,-4.816,-5.207,-5.229,-5.93,-5.533,-6.492,-4.39,-6.282,-5.611,-6.139,-5.762
OptTAR_Fixed_ligprep_20260117_0.5.maegz:342,-7.521,-5.638,-5.1,-4.978,-5.926,-5.859,-5.253,-5.927,-5.177,-6.621,-4.21,-7.503,-4.717,-4.85,-4.592,-4.84,-4.972,-4.261,-4.895,-5.207,-5.128,-5.869,-5.627,-4.91,-5.065,-5.167,-5.872,-7.173,-4.729,-4.125,-5.367,-5.876,-3.935,-4.923,-3.566,-5.419,-4.894,-4.689,-5.163,-4.507,-5.2,-4.154,-5.455,-4.772,-6.017,-5.508,-5.098,-6.125,-4.747,-4.364
OptTAR_Fixed_ligprep_20260117_0.5.maegz:343,-7.207,-5.093,-4.596,-5.564,-5.886,-5.583,-5.765,-5.697,-6.04,-6.802,-4.038,-7.875,-4.663,-4.923,-4.417,-5.302,-4.299,-4.323,-4.925,-4.067,-4.989,-5.818,-4.784,-5.558,-4.894,-5.336,-5.668,-7.426,-4.717,-4.768,-4.282,-6.595,-4.867,-4.765,-3.709,-5.849,-4.434,-4.745,-4.756,-5.222,-5.685,-4.179,-4.948,-5.056,-5.357,-5.265,-4.721,-6.49,-4.883,-5.612
OptTAR_Fixed_ligprep_20260117_0.5.maegz:344,-6.345,-6.478,-4.678,-5.458,-5.827,-5.859,-4.747,-6.277,-4.848,-5.951,-5.262,-5.995,-4.989,-4.806,-7.595,-5.716,-3.97,-4.133,-4.883,-3.858,-5.472,-4.566,-6.241,-5.079,-4.422,-4.745,-7.185,-7.642,-5.338,-5.098,-6.139,-4.987,-5.433,-5.753,-4.796,-6.469,-5.686,-4.727,-4.189,-4.186,-5.278,-4.451,-4.65,-5.599,-5.749,-5.124,-4.781,-4.968,-4.291,-4.469
OptTAR_Fixed_ligprep_20260117_0.5.maegz:345,-6.999,-6.565,-5.905,-5.899,-6.279,-6.196,-6.482,-6.102,-6.736,-6.309,-6.0,-8.547,-5.7,-5.417,-8.003,-6.581,-5.221,-5.063,-6.101,-5.799,-6.322,-6.37,-5.674,-6.047,-5.809,-5.978,-6.77,-7.778,-5.945,-6.731,-5.171,-6.947,-5.984,-5.493,-5.651,-5.838,-6.779,-6.215,-5.606,-5.726,-5.847,-5.712,-6.678,-6.079,-6.852,-6.855,-6.158,-6.479,-5.316,-5.985
OptTAR_Fixed_ligprep_20260117_0.5.maegz:346,-6.723,-5.391,-4.259,-5.749,-5.744,-6.129,-5.44,-5.359,-8.043,-6.138,-5.031,-7.315,-4.336,-5.855,-6.313,-5.612,-4.2,-4.267,-4.985,-5.623,-4.239,-4.992,-6.305,-5.095,-6.408,-5.082,-6.814,-7.765,-5.346,-4.543,-4.879,-7.214,-6.86,-4.308,-3.79,-5.86,-5.894,-5.361,-5.69,-4.582,-5.907,-5.148,-5.178,-5.586,-4.776,-5.461,-5.152,-5.498,-6.205,-5.456
OptTAR_Fixed_ligprep_20260117_0.5.maegz:347,-6.415,-6.02,-5.023,-4.917,-5.633,-6.567,-4.906,-5.679,-5.74,-6.277,-5.141,-7.327,-5.24,-4.97,-7.083,-5.823,-4.583,-4.921,-4.615,-3.662,-4.548,-5.561,-5.145,-6.431,-5.882,-5.984,-6.431,-7.505,-5.655,-5.498,-5.03,-7.256,-6.395,-3.773,-4.056,-6.799,-5.889,-5.086,-4.853,-4.815,-5.687,-5.352,-5.229,-5.627,-5.337,-5.457,-6.013,-5.206,-6.551,-5.054
OptTAR_Fixed_ligprep_20260117_0.5.maegz:348,-6.518,-5.414,-4.518,-5.301,-5.479,-5.296,-5.684,-5.016,-5.156,-6.813,-4.292,-6.748,-4.546,-4.843,-7.243,-4.993,-4.334,-4.194,-5.091,-3.84,-4.452,-5.163,-3.862,-5.458,-5.149,-4.716,-5.725,-7.736,-4.736,-5.168,-5.193,-4.527,-4.774,-5.049,-4.494,-4.811,-4.43,-4.739,-4.886,-5.348,-6.385,-4.297,-4.184,-5.359,-5.554,-3.753,-5.261,-5.59,-4.53,-4.437
OptTAR_Fixed_ligprep_20260117_0.5.maegz:349,-5.892,-5.449,-4.749,-5.367,-5.426,-4.851,-5.152,-5.992,-5.823,-5.659,-4.73,-6.612,-4.992,-4.781,-5.608,-5.467,-4.798,-4.629,-3.869,-4.802,-4.651,-4.469,-5.031,-5.412,-4.352,-4.937,-5.27,-6.985,-4.509,-4.687,-5.907,-6.651,-5.076,-4.767,-4.893,-4.811,-4.468,-4.764,-5.06,-5.453,-5.252,-4.18,-4.974,-4.951,-6.761,-5.503,-4.931,-5.102,-4.013,-5.37
OptTAR_Fixed_ligprep_20260117_0.5.maegz:350,-6.21,-5.36,-4.679,-4.341,-6.08,-4.706,-5.477,-5.747,-5.648,-6.723,-4.689,-6.649,-4.927,-4.374,-6.485,-5.451,-4.201,-4.963,-3.734,-5.041,-4.299,-4.64,-5.236,-5.683,-4.487,-5.174,-6.787,-6.487,-4.234,-4.667,-4.741,-6.674,-4.675,-4.625,-4.486,-5.882,-5.36,-4.555,-4.695,-5.389,-5.426,-4.664,-4.978,-5.195,-5.868,-5.424,-5.042,-4.905,-4.327,-4.795
OptTAR_Fixed_ligprep_20260117_0.5.maegz:351,-3.543,-4.706,-3.546,-1.542,-4.959,-3.682,-3.688,-4.243,-4.667,-5.184,-3.367,-4.715,-4.339,-3.272,-3.632,-3.31,-3.085,-2.636,-2.715,-4.248,-3.351,-4.414,-4.151,-4.121,-3.846,-4.493,-3.711,-5.909,-3.632,-3.227,-1.474,-2.39,-2.994,-2.852,-2.973,-4.536,-3.996,-4.136,-4.081,-2.717,-4.182,-3.84,-3.488,-3.011,-3.595,-2.417,-3.456,-3.838,-3.78,-3.521
OptTAR_Fixed_ligprep_20260117_0.5.maegz:352,-2.63,-4.802,-4.604,-4.059,-4.425,-4.088,-4.746,-3.398,-6.37,-4.354,-4.174,-4.895,-3.465,-4.564,-5.262,-3.671,-2.577,-3.523,-4.041,-4.197,-3.514,-5.322,-3.594,-3.796,-2.832,-3.159,-4.167,-3.624,-3.924,-4.24,-3.951,-5.215,-4.321,-3.211,-3.568,-4.1,-4.066,-3.561,-2.72,-3.063,-4.304,-4.176,-3.775,-3.957,-4.085,-4.191,-3.488,-4.441,-4.562,-4.522
OptTAR_Fixed_ligprep_20260117_0.5.maegz:353,-4.827,-4.763,-4.041,-4.16,-4.077,-4.557,-3.681,-4.726,-3.992,-5.276,-2.892,-4.575,-4.009,-3.721,-4.813,-3.763,-3.353,-2.755,-3.159,-2.75,-3.367,-4.322,0.05323,-2.447,-3.907,-3.705,-5.74,-4.696,-3.763,-3.839,-3.121,-5.322,-2.793,-3.788,-3.538,-4.383,-3.912,-3.206,-4.04,-4.211,-4.356,-2.839,-3.004,-2.729,-4.588,-4.427,-3.716,-3.039,-2.259,-2.206
OptTAR_Fixed_ligprep_20260117_0.5.maegz:354,-5.095,-4.0,-3.255,-3.243,-4.525,-4.173,-4.049,-3.055,-4.307,-5.331,-3.596,-3.907,-3.378,-3.548,-2.035,-3.084,-2.752,-0.5431,-2.463,-3.507,-2.413,-2.218,-3.184,-3.402,-2.927,-3.284,-2.906,-2.775,-3.201,-3.502,-2.426,-2.231,-3.507,-3.463,-3.357,-5.535,-3.862,-3.727,-4.034,-3.304,-4.393,-3.16,-2.85,-2.674,-3.04,-3.796,-4.348,-3.776,-3.065,-3.281
OptTAR_Fixed_ligprep_20260117_0.5.maegz:355,-2.518,-3.133,-3.104,-3.257,-1.701,-3.528,-2.883,-1.211,-5.436,-3.071,-1.684,-5.715,-3.124,-1.533,-2.942,-2.923,-0.285,-2.631,-3.255,0.1611,-2.108,-0.3283,-3.51,-3.568,-2.153,-1.903,-1.473,-4.284,-1.279,-4.111,-1.191,-4.3,-3.324,-1.169,-3.156,-3.426,-4.49,-0.6394,-1.333,-3.485,-3.018,-0.781,-2.337,-3.865,-4.498,-2.084,-3.495,-1.568,-4.037,-3.967
OptTAR_Fixed_ligprep_20260117_0.5.maegz:356,-3.631,-4.482,-3.458,-3.182,-4.422,-4.147,-3.267,-3.058,-2.103,-3.884,-2.928,-5.212,-1.957,-1.42,-3.11,-0.537,-2.788,-0.5247,-2.943,-1.76,-3.934,-3.681,-2.342,-4.03,-3.301,-1.015,-2.445,-1.108,-2.789,-3.452,-0.2313,-1.856,-1.309,-0.008833,-0.1381,-3.672,-3.549,-3.568,-3.965,-3.882,-3.204,-2.935,-2.768,-2.183,-3.212,-3.704,-4.414,-3.126,-3.051,-3.33
OptTAR_Fixed_ligprep_20260117_0.5.maegz:357,-3.989,-3.554,-3.4,-3.02,-2.013,-2.534,-3.575,-1.343,-5.327,-2.819,-0.7101,-2.668,-3.143,-3.775,-4.52,-3.029,-0.1798,-1.659,-3.005,-3.609,-3.859,-2.863,-3.471,-5.001,-5.358,-3.343,-1.954,-4.079,-2.371,-3.151,-2.744,-4.165,-3.837,-2.936,-2.96,-2.276,-4.572,-3.22,-1.722,-1.065,-2.837,-3.873,-3.222,-1.961,-4.105,-2.03,-3.57,-1.803,-3.354,-3.532
OptTAR_Fixed_ligprep_20260117_0.5.maegz:358,-2.628,-4.059,-3.78,-2.898,-2.641,-2.686,-2.959,-3.85,-4.543,-4.149,-3.669,-4.256,-3.823,-3.988,-3.968,-3.392,-2.935,-2.605,-3.353,-3.035,-2.948,-3.777,-3.706,-2.739,-5.267,-2.732,-3.222,-4.497,-2.624,-3.126,-2.818,-4.014,-3.253,-2.364,-2.891,-3.821,-3.592,-3.369,-3.286,-2.883,-3.64,-2.826,-3.153,-4.015,-3.462,-3.241,-3.919,-3.514,-3.245,-3.056
OptTAR_Fixed_ligprep_20260117_0.5.maegz:359,-3.728,-3.295,-4.253,-3.48,-4.036,-4.539,-3.745,-3.091,-4.687,-4.599,-2.432,-4.013,-3.367,-3.906,-3.219,-3.573,-2.584,-3.198,-2.445,-3.504,-2.707,-2.799,-3.38,-3.945,-3.538,-1.528,-4.698,-5.249,-3.927,-3.11,-3.384,-4.819,-3.058,-3.811,-2.837,-5.434,-3.923,-4.44,-2.951,-3.282,-4.599,-3.097,-2.957,-3.482,-3.523,-2.914,-3.424,-3.159,-4.061,-3.962
OptTAR_Fixed_ligprep_20260117_0.5.maegz:360,-3.844,-4.484,-2.993,-3.707,-4.123,-3.803,-4.305,-3.903,-5.017,-4.541,-4.038,-4.19,-3.504,-3.311,-5.152,-4.096,-3.268,-3.401,-2.754,-3.178,-3.218,-3.795,-3.286,-3.966,-3.547,-3.91,-3.85,-6.312,-3.289,-3.689,-3.228,-4.814,-3.636,-2.924,-2.677,-4.73,-4.058,-4.304,-3.55,-3.339,-4.626,-3.254,-4.575,-3.994,-1.453,-3.238,-3.101,-3.518,-4.429,-3.507
OptTAR_Fixed_ligprep_20260117_0.5.maegz:361,-3.895,-3.257,-3.064,-3.67,-3.737,-3.997,-2.326,-4.421,-4.582,-4.693,-3.39,-5.078,-3.57,-3.282,-5.177,-4.553,-2.435,-2.824,-3.084,-3.275,-3.573,-4.021,-3.356,-4.154,-3.759,-3.823,-5.225,-6.315,-3.514,-3.918,-2.99,-3.021,-3.166,-3.261,-2.635,-3.093,-3.537,-3.976,-3.526,-3.555,-3.9,-2.954,-3.443,-3.472,-3.803,-2.756,-3.285,-3.419,-4.594,-2.338
OptTAR_Fixed_ligprep_20260117_0.5.maegz:362,-4.44,-4.854,-3.372,-4.066,-3.897,-2.931,-3.815,-4.574,-4.545,-5.047,-2.929,-4.916,-3.729,-3.681,-4.195,-4.055,-3.46,-3.479,-2.988,-4.033,-3.147,-3.712,-2.898,-3.959,-4.014,-3.95,-5.664,-6.545,-3.652,-3.173,-2.412,-3.916,-3.179,-3.439,-3.473,-4.946,-4.137,-4.43,-3.538,-2.64,-3.74,-2.832,-3.936,-3.976,-4.556,-2.907,-3.241,-3.828,-4.652,-3.603
OptTAR_Fixed_ligprep_20260117_0.5.maegz:363,-5.408,-6.001,-4.112,-4.262,-4.863,-6.034,-5.304,-3.665,-5.307,-5.125,-3.797,-6.129,-4.031,-4.442,-7.55,-5.216,-3.81,-3.742,-3.965,-4.616,-3.416,-4.808,-2.297,-4.497,-4.543,-5.083,-5.289,-6.769,-3.668,-5.457,-4.558,-6.478,-4.107,-5.295,-3.866,-6.083,-4.521,-3.939,-4.786,-4.221,-4.275,-3.171,-4.585,-4.616,-5.483,-5.867,-4.591,-4.582,-4.299,-5.3
OptTAR_Fixed_ligprep_20260117_0.5.maegz:364,-7.111,-6.736,-5.353,-5.033,-5.977,-6.049,-5.656,-5.831,-6.999,-6.305,-5.462,-7.675,-5.175,-5.775,-7.3,-6.372,-5.0,-4.78,-5.207,-5.287,-5.15,-5.301,-6.023,-5.813,-5.688,-5.655,-7.568,-8.05,-5.004,-5.451,-5.965,-4.749,-5.244,-5.738,-5.777,-7.079,-6.179,-5.182,-5.091,-6.03,-6.738,-5.633,-5.358,-5.771,-6.144,-5.691,-5.694,-6.482,-5.817,-5.3
OptTAR_Fixed_ligprep_20260117_0.5.maegz:365,-7.075,-6.298,-4.227,-4.214,-5.46,-5.741,-4.279,-4.37,-5.884,-6.555,-5.789,-7.297,-4.225,-4.732,-4.054,-3.65,-4.3,-2.788,-4.239,-4.198,-4.559,-6.421,-5.821,-4.335,-4.393,-5.355,-4.649,-7.505,-4.194,-4.266,-4.16,-5.513,-4.711,-4.58,-4.603,-5.026,-5.263,-4.429,-4.461,-4.382,-5.327,-3.679,-3.89,-4.895,-4.367,-4.656,-4.433,-4.891,-4.202,-4.562
OptTAR_Fixed_ligprep_20260117_0.5.maegz:366,-6.756,-5.438,-4.51,-5.623,-5.628,-5.881,-5.383,-5.491,-6.098,-6.728,-4.466,-6.189,-5.871,-4.86,-4.556,-5.004,-5.157,-4.62,-4.21,-4.798,-4.365,-5.218,-5.71,-5.109,-5.06,-5.821,-5.676,-7.245,-4.707,-5.397,-5.242,-5.939,-4.484,-3.941,-4.877,-5.599,-5.713,-5.338,-4.888,-5.777,-5.126,-4.937,-4.874,-4.708,-5.513,-4.095,-4.807,-5.504,-4.435,-5.546
OptTAR_Fixed_ligprep_20260117_0.5.maegz:367,-6.68,-5.404,-5.479,-5.814,-5.757,-5.185,-5.515,-5.822,-6.601,-6.61,-5.104,-6.685,-5.192,-5.789,-5.006,-4.71,-5.218,-4.974,-4.839,-4.647,-4.938,-4.835,-5.491,-5.254,-4.68,-4.977,-5.734,-7.571,-5.486,-5.891,-4.644,-5.837,-5.331,-4.868,-4.775,-5.798,-5.447,-5.224,-4.996,-4.991,-5.662,-4.626,-5.012,-4.492,-5.486,-4.917,-5.03,-5.17,-5.323,-5.93
OptTAR_Fixed_ligprep_20260117_0.5.maegz:368,-4.83,-3.916,-2.624,-4.276,-4.418,-3.808,-4.527,-4.041,-4.31,-2.047,-4.005,-4.606,-3.734,-4.829,-3.81,-5.022,-2.657,-2.932,-2.679,-4.043,-3.879,-3.108,-2.301,-3.599,-3.181,-4.452,-3.665,-7.181,-3.127,-3.432,-2.687,-4.744,-3.86,-4.749,-3.103,-5.242,-2.629,-4.307,-1.617,-3.027,-4.796,-1.42,-4.049,-5.107,-5.672,-2.383,-5.004,-3.394,-5.411,-3.987
OptTAR_Fixed_ligprep_20260117_0.5.maegz:369,-3.889,-4.367,-4.357,-3.344,-4.579,-4.543,-4.55,-3.947,-3.758,-5.975,-3.16,-5.352,-3.823,-3.239,-3.129,-2.76,-3.8,-1.48,-3.138,-3.88,-2.71,-3.421,-5.059,-6.241,-2.698,-5.447,-4.748,-5.753,-3.789,-2.814,-3.0,-1.246,-3.77,-2.979,-3.761,-5.412,-4.368,-1.222,-5.283,-3.205,-3.936,-3.648,-2.751,-3.482,-4.927,-3.438,-3.425,-1.002,-2.352,-3.46
OptTAR_Fixed_ligprep_20260117_0.5.maegz:370,-5.719,-5.214,-3.03,-3.272,-3.402,-5.199,-3.731,-4.098,-3.39,-3.857,-3.355,-7.331,-4.824,-3.825,-3.055,-1.905,-3.073,-1.249,-3.53,-2.557,-2.592,-3.842,-1.687,-5.139,-3.698,-4.579,-4.371,-4.056,-4.305,-3.224,-4.79,-0.7624,-4.255,-2.026,-2.039,-4.53,-3.771,-3.544,-2.638,-2.098,-2.983,-3.303,-0.7128,-3.86,-4.799,-2.689,-3.183,-4.05,-2.295,-2.179
OptTAR_Fixed_ligprep_20260117_0.5.maegz:371,-5.088,-4.798,-4.143,-3.547,-2.828,-3.161,-3.583,-4.006,-4.187,-2.803,-3.669,-5.031,-1.859,-2.877,-2.321,-4.494,-2.855,-1.298,-3.151,-2.974,-3.538,-3.851,-2.457,-2.618,-5.555,-3.987,-4.461,-5.057,-3.503,-3.882,-2.564,-2.104,-4.592,-2.2,-3.868,-5.554,-4.112,-2.646,-4.523,-2.215,-4.694,-3.65,-3.841,-3.745,-4.489,-3.877,-4.831,-1.816,-3.703,-3.572
OptTAR_Fixed_ligprep_20260117_0.5.maegz:372,-3.695,-3.52,-3.154,-4.207,-3.846,-5.415,-3.641,-1.761,-1.403,-2.957,-2.991,-5.073,-3.066,-3.567,-3.059,-3.192,-2.163,-1.95,-2.504,-2.101,-2.581,-2.291,-0.5409,-4.136,-2.827,-4.203,-5.462,-3.825,-3.826,-2.948,-4.517,-3.001,-2.936,-2.096,-3.162,-2.669,-0.1925,-3.991,-2.07,-3.27,-3.37,-3.903,-3.34,-4.028,-3.909,-2.537,-3.318,-3.505,-5.691,-0.8328
OptTAR_Fixed_ligprep_20260117_0.5.maegz:373,-4.797,-4.068,-2.686,-2.204,-3.881,-2.185,-2.292,-4.0,-2.963,-3.807,-2.142,-4.907,-2.793,-3.671,-1.924,-4.554,-1.547,-2.016,-1.489,-1.045,-3.15,-2.646,-2.255,-3.503,-2.933,-3.988,-5.476,-6.235,-2.684,-3.099,-3.645,-2.316,-2.166,-3.435,-3.94,-4.216,-2.203,-4.096,-4.848,-2.855,-3.765,-3.282,-2.339,-3.148,-3.314,-2.469,-4.401,-3.548,-2.114,-2.555
OptTAR_Fixed_ligprep_20260117_0.5.maegz:374,-3.682,-3.449,-3.137,-2.133,-3.338,-4.329,-2.143,-3.751,-5.395,-2.697,-4.079,-5.555,-3.255,-4.11,-3.944,-3.811,-4.02,-3.484,-3.039,-3.68,-2.652,-4.002,-1.294,-3.766,-3.49,-3.766,-1.294,-4.502,-1.912,-2.102,-3.866,-3.452,-2.019,-3.653,-2.743,-4.151,-2.795,-2.502,-4.315,-1.926,-0.02311,-3.903,-3.168,-4.567,-3.187,-4.463,-4.244,-3.245,-4.037,-2.961
OptTAR_Fixed_ligprep_20260117_0.5.maegz:375,-5.286,-5.503,-3.909,-4.681,-5.02,-4.008,-3.631,-3.037,-5.826,-5.161,-4.758,-4.11,-4.257,-3.699,-4.586,-5.628,-3.483,-4.225,-3.644,-5.663,-3.22,-5.374,-5.381,-4.131,-4.967,-5.143,-4.202,-6.342,-5.421,-5.808,-3.165,-1.747,-5.251,-3.914,-3.502,-4.001,-4.499,-4.543,-3.065,-5.056,-4.135,-4.052,-5.632,-4.673,-5.364,-4.128,-3.852,-4.172,-4.647,-5.189
OptTAR_Fixed_ligprep_20260117_0.5.maegz:376,-5.834,-5.721,-4.949,-6.084,-5.639,-4.865,-4.245,-5.434,-5.838,-6.429,-5.004,-7.59,-5.574,-5.933,-5.615,-5.437,-5.337,-5.202,-4.466,-5.783,-4.482,-5.052,-4.325,-4.911,-4.853,-5.225,-5.828,-7.064,-6.127,-6.099,-5.007,-5.752,-5.67,-4.37,-5.235,-5.11,-5.1,-5.069,-4.552,-4.785,-5.265,-4.691,-4.644,-6.02,-5.093,-5.663,-4.646,-5.802,-5.544,-6.133
OptTAR_Fixed_ligprep_20260117_0.5.maegz:377,-5.318,-5.336,-4.986,-4.716,-5.491,-5.299,-5.738,-4.229,-4.962,-5.168,-3.605,-6.214,-5.399,-4.103,-6.049,-5.107,-3.939,-4.168,-4.572,-4.414,-4.249,-4.641,-4.981,-4.755,-4.217,-4.225,-5.221,-6.893,-5.065,-4.521,-4.587,-4.152,-4.961,-4.249,-3.094,-6.281,-4.998,-4.949,-4.655,-4.783,-5.36,-4.146,-4.689,-4.668,-4.977,-3.719,-4.929,-4.165,-3.473,-4.422
OptTAR_Fixed_ligprep_20260117_0.5.maegz:378,-5.12,-5.661,-4.958,-5.747,-5.286,-5.482,-6.034,-5.577,-6.567,-5.759,-4.414,-4.854,-4.843,-5.767,-5.811,-5.755,-4.574,-3.8,-5.846,-4.984,-5.379,-5.153,-3.684,-5.452,-3.634,-4.464,-7.032,-8.69,-4.857,-5.665,-5.808,-4.126,-4.904,-5.847,-4.963,-7.035,-5.564,-4.245,-4.398,-6.182,-5.995,-4.515,-4.734,-5.533,-4.687,-6.231,-4.948,-5.456,-4.7,-3.779
OptTAR_Fixed_ligprep_20260117_0.5.maegz:379,-6.482,-4.182,-5.447,-5.576,-5.734,-5.091,-5.507,-5.247,-6.597,-5.534,-4.921,-7.281,-4.544,-5.351,-5.358,-4.837,-4.882,-4.344,-5.09,-5.526,-4.752,-4.183,-4.454,-5.297,-4.421,-4.32,-6.244,-8.712,-5.228,-5.313,-5.193,-4.033,-4.926,-4.075,-4.108,-5.097,-6.173,-5.415,-5.194,-5.314,-5.144,-4.55,-5.808,-6.22,-5.589,-4.746,-4.459,-4.708,-4.505,-4.981
OptTAR_Fixed_ligprep_20260117_0.5.maegz:380,-5.706,-5.217,-4.909,-5.488,-6.357,-5.874,-6.195,-6.05,-6.512,-6.045,-5.271,-6.226,-5.532,-5.146,-6.92,-6.273,-5.457,-4.317,-5.66,-5.288,-5.558,-5.328,-6.62,-5.708,-4.845,-6.163,-6.649,-7.528,-5.984,-6.326,-5.508,-6.469,-5.495,-6.192,-5.432,-5.957,-5.808,-5.462,-5.292,-6.396,-6.159,-5.496,-5.398,-6.589,-6.233,-5.715,-5.715,-5.877,-5.103,-5.795
OptTAR_Fixed_ligprep_20260117_0.5.maegz:381,-4.778,-3.495,-5.924,-5.647,-5.57,-5.69,-6.722,-5.681,-5.161,-6.355,-5.166,-5.88,-5.391,-5.531,-5.33,-5.161,-4.862,-5.399,-5.385,-5.253,-4.543,-5.099,-4.872,-5.489,-4.768,-5.264,-7.084,-7.825,-5.747,-5.511,-5.431,-4.461,-6.214,-4.237,-4.694,-5.28,-6.013,-5.075,-5.277,-5.304,-4.055,-5.454,-4.724,-5.502,-6.464,-4.453,-4.534,-5.67,-4.775,-5.54
OptTAR_Fixed_ligprep_20260117_0.5.maegz:382,-6.385,-5.853,-4.997,-5.988,-6.358,-6.441,-6.046,-5.683,-6.077,-7.271,-5.943,-7.098,-5.836,-4.523,-5.831,-5.446,-5.328,-4.481,-5.799,-5.286,-5.225,-5.671,-5.162,-5.508,-5.738,-5.566,-6.997,-7.961,-6.113,-5.464,-5.467,-6.992,-5.284,-5.997,-5.603,-6.545,-5.431,-5.89,-5.388,-6.285,-6.36,-5.369,-5.454,-6.523,-6.255,-4.812,-5.548,-5.416,-5.106,-5.377
OptTAR_Fixed_ligprep_20260117_0.5.maegz:383,-5.656,-5.494,-6.364,-5.139,-5.835,-5.871,-6.616,-5.636,-6.616,-6.582,-5.525,-6.886,-5.13,-5.597,-6.676,-5.193,-4.856,-4.418,-5.936,-5.511,-4.453,-6.158,-4.675,-5.589,-6.118,-6.13,-7.049,-8.231,-5.603,-5.782,-5.416,-6.475,-6.794,-5.217,-5.155,-4.286,-6.284,-6.204,-6.028,-6.146,-7.004,-5.275,-4.916,-6.522,-5.989,-4.335,-4.904,-5.669,-5.512,-5.634
OptTAR_Fixed_ligprep_20260117_0.5.maegz:384,-5.584,-4.339,-5.312,-5.155,-5.145,-6.282,-6.595,-6.291,-4.978,-6.058,-5.248,-7.262,-5.131,-4.519,-5.745,-5.738,-4.5,-5.057,-5.648,-4.448,-4.305,-4.654,-4.912,-4.209,-4.89,-5.192,-6.468,-7.694,-4.952,-5.823,-5.289,-4.966,-5.665,-4.051,-5.182,-6.25,-5.879,-5.029,-5.22,-4.232,-5.758,-5.147,-5.338,-6.893,-6.455,-4.08,-5.23,-5.304,-5.509,-4.689
OptTAR_Fixed_ligprep_20260117_0.5.maegz:385,-6.999,-5.973,-5.284,-5.53,-6.03,-6.275,-6.834,-5.301,-7.12,-6.541,-5.575,-7.073,-5.474,-6.295,-5.144,-6.094,-5.093,-4.943,-5.427,-5.535,-5.375,-5.695,-4.978,-5.734,-5.472,-5.715,-5.617,-7.736,-5.191,-6.206,-5.965,-7.32,-6.417,-6.444,-4.816,-6.62,-6.04,-5.751,-5.249,-5.868,-5.71,-5.335,-4.692,-5.923,-6.878,-4.552,-5.335,-6.23,-5.869,-5.609
OptTAR_Fixed_ligprep_20260117_0.5.maegz:386,-6.335,-5.941,-5.199,-5.578,-5.373,-5.516,-5.957,-5.93,-5.723,-6.445,-4.939,-7.655,-5.575,-5.455,-7.012,-4.879,-5.085,-5.197,-4.99,-4.87,-4.5,-5.224,-7.249,-5.687,-5.15,-5.054,-6.33,-7.772,-4.748,-6.29,-5.064,-4.496,-5.167,-5.296,-4.33,-5.572,-5.61,-5.041,-4.699,-5.181,-4.889,-5.512,-5.459,-4.716,-5.356,-5.618,-5.467,-4.755,-4.729,-5.675
OptTAR_Fixed_ligprep_20260117_0.5.maegz:387,-6.276,-5.565,-4.181,-4.747,-6.19,-4.786,-5.516,-5.253,-6.603,-6.937,-4.794,-7.786,-5.145,-4.959,-6.801,-4.718,-4.725,-4.913,-4.76,-4.632,-4.579,-5.099,-5.495,-5.034,-5.449,-4.515,-7.211,-7.35,-4.518,-6.308,-4.755,-3.946,-5.011,-4.974,-4.682,-5.942,-5.315,-5.386,-5.19,-6.04,-5.147,-4.721,-4.354,-5.485,-5.597,-6.174,-5.002,-4.983,-4.534,-5.42
OptTAR_Fixed_ligprep_20260117_0.5.maegz:388,-2.04,-1.785,-1.66,-2.527,-1.159,-4.103,-3.032,-2.988,-4.723,-3.536,-2.727,-2.399,-1.924,-0.3476,-2.212,0.2324,-0.2064,-2.469,-4.988,0.5231,0.0357,-2.088,-1.571,-0.4002,-3.232,-2.197,-1.539,-0.02744,-2.496,-1.905,-3.62,-2.51,-3.495,-2.531,0.4474,-0.3238,-3.574,-3.858,-4.796,-2.532,-0.08071,-2.675,-1.785,-0.8235,-3.558,-0.9782,-3.672,-1.278,-1.481,-2.687
OptTAR_Fixed_ligprep_20260117_0.5.maegz:389,-0.3101,-4.383,-3.454,-3.323,-4.501,-1.994,-3.119,-0.7909,-3.75,-2.661,-2.186,-5.974,-3.751,-1.896,-3.94,-3.688,-2.936,-1.997,-3.656,-1.225,-2.948,-1.504,-2.169,-3.844,-2.455,-2.165,-3.018,-5.726,-2.671,-3.481,-2.58,-0.6336,-3.377,0.4572,0.6987,-0.5857,-3.165,-3.247,-3.426,-1.285,-1.269,-2.028,-1.89,-2.957,-3.903,-2.448,-3.954,-0.6218,-0.5956,-1.461
OptTAR_Fixed_ligprep_20260117_0.5.maegz:390,-0.7988,0.3257,-1.116,-1.333,-3.743,-2.838,-0.8936,-1.66,-3.429,-2.766,-3.406,-3.341,-2.711,1.249,-2.158,-3.09,0.4399,0.6046,-0.7853,-0.9272,-2.12,-1.628,-1.862,-4.097,-1.866,-3.013,-4.054,-2.963,-1.988,-0.9439,0.6568,-2.911,-3.129,-0.3397,0.1,-0.8141,-1.811,-1.159,-3.578,-4.09,-2.684,-2.448,-0.5168,-1.859,-4.758,-0.8128,-3.295,-3.394,-1.131,-0.3452
OptTAR_Fixed_ligprep_20260117_0.5.maegz:391,-5.377,-5.793,-5.141,-4.54,-5.531,-6.16,-5.062,-5.43,-5.227,-6.123,-4.724,-5.796,-4.905,-5.284,-4.652,-5.431,-4.51,-4.62,-4.759,-5.574,-4.693,-4.587,-5.955,-3.855,-4.746,-4.807,-4.421,-7.016,-4.522,-5.448,-5.37,-4.665,-4.728,-4.692,-4.664,-6.103,-5.337,-4.711,-4.721,-6.028,-5.675,-4.653,-4.213,-5.48,-5.643,-3.764,-5.803,-5.363,-3.612,-5.969
OptTAR_Fixed_ligprep_20260117_0.5.maegz:392,-6.317,-5.623,-4.531,-5.091,-5.191,-4.902,-5.638,-5.397,-4.687,-6.245,-5.529,-7.052,-5.089,-6.589,-6.618,-5.991,-5.131,-5.271,-4.992,-6.157,-5.187,-5.311,-5.381,-6.103,-4.07,-5.363,-6.922,-7.494,-4.996,-4.537,-5.123,-3.787,-5.583,-4.602,-4.567,-5.739,-5.7,-5.393,-4.831,-5.217,-5.521,-4.824,-5.452,-5.412,-5.047,-5.605,-6.862,-5.837,-6.183,-5.826
OptTAR_Fixed_ligprep_20260117_0.5.maegz:393,-6.034,-5.532,-5.154,-4.997,-5.454,-5.211,-6.4,-5.405,-6.304,-5.597,-5.251,-6.477,-5.48,-5.503,-6.869,-5.032,-5.533,-5.567,-4.47,-6.22,-4.982,-5.84,-4.012,-5.925,-6.004,-6.141,-6.447,-7.175,-4.517,-4.647,-5.696,-5.623,-5.617,-4.898,-5.326,-5.535,-4.028,-5.224,-5.256,-4.793,-6.271,-5.388,-5.522,-5.609,-6.637,-4.575,-6.417,-6.583,-5.111,-5.52
OptTAR_Fixed_ligprep_20260117_0.5.maegz:394,-5.584,-6.683,-4.637,-3.994,-3.507,-4.14,-4.761,-5.0,-5.59,-5.808,-3.396,-6.504,-2.218,-2.804,-4.05,-2.615,-0.9692,-1.766,-3.562,-4.676,-1.009,-4.842,-1.012,-4.623,-4.284,-3.209,-3.244,-5.116,-3.828,-2.83,-4.29,-5.387,-3.269,-2.902,-2.918,-2.253,-3.505,-2.418,-1.992,-4.301,-4.294,-2.838,-2.101,-4.349,-5.927,-1.35,-4.212,-4.397,-4.472,-5.194
OptTAR_Fixed_ligprep_20260117_0.5.maegz:395,-4.492,-4.823,-4.188,-3.499,-5.136,-4.529,-4.183,-4.184,-4.669,-4.776,-4.466,-5.405,-4.535,-4.803,-6.916,-4.712,-2.775,-3.325,-3.889,-3.622,-3.618,-5.526,-3.14,-5.677,-5.463,-4.448,-6.338,-5.903,-4.661,-3.273,-3.812,-5.264,-4.633,-3.229,-0.8896,-3.344,-5.077,-3.689,-4.269,-3.591,-4.112,-4.067,-3.845,-3.18,-5.37,-4.075,-4.948,-5.36,-4.543,-4.079
OptTAR_Fixed_ligprep_20260117_0.5.maegz:396,-6.671,-5.256,-5.249,-4.735,-5.515,-5.448,-5.802,-5.08,-6.453,-7.317,-4.327,-6.994,-5.26,-4.714,-6.509,-4.493,-4.601,-4.351,-4.527,-5.039,-4.98,-5.327,-4.79,-5.437,-4.91,-4.612,-6.869,-6.746,-4.823,-5.588,-5.206,-6.753,-4.386,-4.161,-4.326,-6.223,-5.48,-5.045,-5.118,-5.67,-5.506,-4.932,-5.173,-4.91,-5.453,-4.681,-5.125,-5.18,-5.089,-5.439
OptTAR_Fixed_ligprep_20260117_0.5.maegz:397,-5.268,-4.891,-5.793,-6.678,-4.841,-6.372,-6.265,-6.623,-6.752,-7.0,-5.622,-7.433,-5.365,-5.323,-7.445,-5.606,-6.102,-5.912,-4.987,-5.168,-5.582,-5.368,-5.331,-5.258,-5.578,-5.591,-7.73,-7.7,-5.237,-5.864,-5.297,-5.304,-5.554,-5.563,-5.312,-6.84,-5.346,-4.322,-5.718,-5.855,-5.726,-5.035,-5.058,-6.66,-5.964,-5.536,-4.967,-6.212,-5.132,-5.464
OptTAR_Fixed_ligprep_20260117_0.5.maegz:398,-4.853,-5.913,-5.268,-6.153,-5.853,-5.284,-6.467,-5.72,-6.044,-7.374,-4.99,-6.579,-5.046,-5.554,-8.795,-5.561,-4.468,-5.005,-4.891,-6.37,-5.407,-5.393,-6.958,-5.788,-5.228,-5.261,-7.764,-8.21,-5.881,-5.175,-6.138,-5.716,-5.616,-5.711,-4.666,-6.091,-6.699,-5.228,-5.206,-6.644,-6.333,-4.902,-4.496,-6.493,-7.399,-5.249,-5.28,-5.749,-6.307,-6.374
OptTAR_Fixed_ligprep_20260117_0.5.maegz:399,-5.173,-6.272,-5.365,-4.811,-5.262,-5.563,-5.866,-4.425,-6.737,-6.16,-4.837,-6.48,-4.778,-4.429,-7.948,-5.945,-4.611,-4.399,-4.891,-5.504,-4.579,-4.346,-5.851,-4.932,-5.411,-5.966,-6.974,-8.512,-5.414,-5.665,-4.796,-7.262,-5.634,-4.462,-4.521,-4.677,-5.061,-5.411,-5.188,-4.544,-6.179,-4.42,-5.548,-5.518,-5.77,-4.465,-4.941,-5.388,-7.001,-5.956
OptTAR_Fixed_ligprep_20260117_0.5.maegz:400,-4.133,-5.182,-4.511,-3.915,-5.554,-4.971,-4.268,-4.003,-5.663,-6.271,-4.454,-5.512,-4.54,-4.54,-6.005,-4.597,-4.315,-4.012,-4.092,-4.851,-4.026,-4.566,-4.383,-4.608,-4.485,-4.698,-4.963,-6.865,-4.568,-3.985,-4.866,-5.464,-4.145,-4.691,-3.839,-5.206,-4.626,-4.691,-4.137,-3.8,-5.438,-3.99,-4.147,-4.589,-4.76,-4.187,-4.468,-4.947,-4.569,-3.683
OptTAR_Fixed_ligprep_20260117_0.5.maegz:401,-6.508,-6.021,-5.704,-5.882,-6.257,-5.818,-7.09,-5.497,-6.805,-5.975,-5.338,-7.273,-5.423,-6.742,-6.325,-5.696,-4.747,-4.68,-5.875,-5.414,-5.068,-5.15,-4.995,-5.651,-5.283,-5.341,-5.812,-8.59,-5.438,-5.828,-5.241,-6.53,-5.286,-5.704,-5.251,-6.022,-5.601,-5.625,-4.911,-5.733,-6.508,-4.93,-5.014,-5.977,-7.164,-4.833,-6.391,-6.227,-5.239,-5.371
OptTAR_Fixed_ligprep_20260117_0.5.maegz:402,-4.363,-4.83,-4.829,-5.061,-5.225,-4.684,-5.172,-5.527,-6.846,-5.681,-4.765,-4.329,-4.652,-5.267,-5.479,-4.752,-4.668,-4.378,-4.442,-5.042,-5.099,-5.377,-4.539,-5.355,-4.496,-4.625,-5.303,-7.538,-5.379,-5.01,-5.309,-4.731,-4.898,-5.143,-4.752,-4.305,-5.738,-4.802,-4.655,-3.928,-5.077,-4.302,-4.088,-5.306,-5.307,-4.843,-5.924,-5.551,-4.702,-5.182
OptTAR_Fixed_ligprep_20260117_0.5.maegz:403,-4.051,-4.059,-3.793,-3.369,-3.555,-4.135,-4.314,-3.734,-2.141,-4.195,-3.284,-3.729,-3.432,-3.936,-3.216,-3.835,-1.243,-2.359,-2.943,-4.377,-3.167,-5.191,-3.595,-2.153,-3.598,-0.9976,-5.784,-3.814,-3.745,-3.554,-1.108,-5.846,-4.297,-1.216,-3.04,-4.04,-4.744,-4.165,-3.18,-1.863,-6.133,-3.677,-4.075,-3.967,-4.747,-1.212,-5.125,-3.711,-2.91,-3.895
OptTAR_Fixed_ligprep_20260117_0.5.maegz:404,-6.191,-5.852,-4.382,-4.806,-5.843,-5.526,-4.887,-5.175,-6.298,-5.49,-4.384,-5.451,-4.741,-4.123,-4.114,-4.603,-4.565,-3.504,-4.746,-1.742,-4.864,-4.343,-5.877,-4.192,-4.403,-4.58,-4.631,-4.308,-5.234,-4.473,-4.726,-4.016,-5.347,-2.551,-3.843,-4.239,-4.432,-5.291,-3.492,-4.682,-5.255,-5.161,-4.363,-4.202,-5.938,-5.026,-5.3,-6.043,-3.638,-4.051
OptTAR_Fixed_ligprep_20260117_0.5.maegz:405,-5.98,-2.074,-4.053,-4.955,-4.674,-5.845,-4.264,-6.13,-6.18,-6.971,-5.316,-2.74,-4.644,-5.859,-6.594,-5.192,-3.016,-4.182,-4.284,-4.438,-1.84,-3.568,-5.228,-4.509,-4.414,-4.648,-3.363,-7.446,-4.377,-4.841,-4.377,-5.168,-4.427,-4.708,-3.231,-5.092,-3.259,-4.469,-5.153,-5.63,-6.136,-4.356,-4.898,-5.392,-4.695,-4.267,-4.703,-3.929,-4.276,-4.808
OptTAR_Fixed_ligprep_20260117_0.5.maegz:406,-5.002,-3.458,-2.919,-4.752,-6.07,-4.539,-3.29,-3.206,-4.4,-5.337,-4.537,-2.638,-4.342,-3.995,-4.255,-4.767,-2.854,-3.702,-3.589,-1.898,-3.636,-1.556,-1.698,-2.958,-3.048,-3.771,-4.093,-6.059,-3.442,-3.789,-4.04,-2.785,-2.86,-1.68,-3.916,-2.888,-3.166,-4.3,-3.785,-4.125,-5.725,-2.985,-3.452,-4.014,-4.431,-2.958,-4.406,-3.204,-4.046,-4.099
OptTAR_Fixed_ligprep_20260117_0.5.maegz:407,-5.645,-5.384,-5.544,-5.551,-5.815,-4.079,-5.635,-6.466,-6.167,-7.266,-4.954,-7.496,-4.759,-3.988,-5.549,-4.764,-4.542,-4.303,-3.727,-4.19,-4.727,-3.345,-4.49,-4.69,-4.668,-5.476,-5.127,-3.927,-4.962,-5.072,-4.698,-4.245,-5.222,-4.743,-3.48,-6.002,-3.893,-5.056,-4.275,-5.96,-5.252,-5.448,-3.564,-5.194,-5.599,-5.824,-4.773,-4.95,-5.128,-4.664
OptTAR_Fixed_ligprep_20260117_0.5.maegz:408,-4.652,-4.274,-4.09,-4.102,-4.822,-5.381,-3.872,-3.76,-5.835,-5.193,-4.759,-3.276,-4.194,-4.905,-6.248,-4.535,-3.623,-3.639,-3.615,-3.795,-2.707,-4.676,-3.495,-4.223,-3.901,-4.099,-5.078,-7.084,-4.62,-3.5,-4.333,-2.96,-4.336,-4.823,-3.216,-2.548,-5.11,-3.918,-4.644,-5.049,-5.283,-3.168,-4.219,-3.25,-5.385,-2.605,-4.745,-3.556,-3.599,-4.207
OptTAR_Fixed_ligprep_20260117_0.5.maegz:409,-4.866,-4.895,-5.416,-5.045,-5.343,-5.373,-4.655,-4.84,-6.706,-5.828,-3.953,-4.994,-4.374,-3.94,-6.906,-4.347,-3.619,-3.618,-4.516,-4.785,-3.649,-4.598,-4.465,-5.422,-4.43,-4.534,-6.167,-4.798,-4.639,-4.827,-4.106,-3.913,-4.787,-3.602,-5.086,-5.79,-4.921,-4.747,-4.093,-5.384,-5.047,-3.776,-3.949,-4.544,-4.845,-3.354,-5.665,-4.374,-4.174,-4.333
OptTAR_Fixed_ligprep_20260117_0.5.maegz:410,-4.427,-4.607,-4.271,-5.572,-5.315,-5.342,-5.183,-5.847,-6.021,-5.962,-3.932,-4.967,-4.869,-4.989,-5.215,-3.678,-4.028,-3.88,-4.811,-5.124,-4.286,-4.845,-3.981,-4.841,-3.828,-3.791,-5.683,-6.812,-4.737,-4.562,-4.793,-4.512,-4.334,-4.1,-3.54,-4.587,-4.379,-4.792,-4.258,-5.412,-5.117,-4.719,-4.021,-5.993,-5.562,-4.685,-5.113,-4.986,-5.253,-4.748
OptTAR_Fixed_ligprep_20260117_0.5.maegz:411,-5.947,-5.901,-4.975,-6.447,-5.956,-5.357,-6.156,-6.21,-6.711,-6.32,-5.387,-7.099,-5.89,-5.544,-5.347,-6.183,-5.052,-4.62,-6.033,-5.99,-5.065,-5.689,-6.46,-5.288,-5.296,-4.977,-7.116,-6.532,-5.789,-6.116,-5.437,-5.303,-4.677,-4.77,-5.673,-6.44,-5.616,-5.743,-5.299,-5.676,-5.45,-5.174,-4.689,-6.037,-6.694,-4.837,-4.948,-5.31,-5.113,-6.24
OptTAR_Fixed_ligprep_20260117_0.5.maegz:412,-5.567,-5.928,-4.984,-4.535,-5.713,-5.7,-5.729,-6.084,-6.404,-7.06,-5.031,-6.859,-5.975,-5.925,-5.909,-5.14,-4.694,-4.941,-6.215,-4.505,-5.11,-5.777,-5.728,-6.213,-3.715,-4.878,-5.886,-6.831,-5.29,-5.406,-4.861,-4.243,-4.795,-6.121,-2.788,-6.514,-6.738,-4.89,-4.974,-5.965,-4.481,-4.525,-5.969,-5.675,-6.694,-6.926,-4.577,-5.004,-6.162,-4.96
OptTAR_Fixed_ligprep_20260117_0.5.maegz:413,-5.224,-5.662,-5.174,-4.92,-5.686,-6.867,-5.973,-5.835,-6.657,-6.314,-4.887,-7.703,-4.974,-5.55,-5.912,-5.619,-3.315,-4.204,-5.536,-4.129,-5.104,-4.515,-5.151,-5.909,-4.274,-5.178,-5.381,-7.665,-5.26,-5.133,-5.491,-4.431,-4.996,-4.694,-4.38,-6.705,-5.159,-5.845,-5.363,-5.364,-5.805,-4.978,-4.472,-5.296,-6.571,-5.75,-4.723,-5.499,-3.785,-6.145
OptTAR_Fixed_ligprep_20260117_0.5.maegz:414,-5.465,-6.224,-5.263,-5.747,-4.873,-5.634,-3.025,-3.634,-6.42,-5.565,-4.803,-7.234,-4.621,-5.792,-4.957,-5.379,-5.48,-4.691,-5.968,-6.397,-2.995,-5.927,-6.172,-2.682,-4.614,-5.344,-3.958,-6.914,-5.587,-6.151,-4.089,-3.334,-5.091,-4.616,-4.336,-6.857,-6.392,-5.02,-4.635,-4.351,-5.085,-2.48,-5.544,-6.161,-6.653,-1.308,-5.114,-5.322,-4.493,-4.345
OptTAR_Fixed_ligprep_20260117_0.5.maegz:415,-4.85,-5.09,-5.428,-5.922,-5.158,-3.746,-5.64,-4.747,-5.994,-5.622,-3.496,-5.748,-5.039,-5.419,-3.842,-5.279,-3.916,-3.032,-5.085,-2.896,-4.464,-4.633,-6.041,-4.681,-3.868,-5.033,-4.521,-6.596,-4.988,-4.32,-5.211,-3.597,-5.196,-3.987,-4.225,-4.854,-4.575,-5.534,-3.658,-3.974,-4.368,-5.241,-4.748,-3.922,-5.932,-6.047,-3.133,-5.413,-4.558,-4.286
OptTAR_Fixed_ligprep_20260117_0.5.maegz:416,-6.572,-4.883,-5.401,-4.413,-6.464,-5.339,-5.468,-6.065,-6.36,-6.512,-4.794,-5.707,-4.87,-3.596,-5.466,-4.471,-4.476,-4.268,-4.777,-4.419,-5.618,-5.537,-5.673,-5.916,-5.176,-4.771,-5.876,-6.465,-5.212,-5.039,-5.116,-4.824,-5.372,-4.354,-4.304,-5.513,-6.179,-4.048,-4.798,-6.108,-4.861,-4.262,-4.548,-5.663,-5.484,-4.633,-6.468,-5.188,-6.001,-4.975
OptTAR_Fixed_ligprep_20260117_0.5.maegz:417,-5.497,-6.199,-6.261,-5.318,-6.788,-6.817,-6.417,-5.71,-7.21,-6.512,-5.368,-7.224,-5.419,-6.154,-5.941,-6.216,-4.6,-4.974,-5.55,-5.309,-5.482,-6.507,-5.077,-6.445,-6.266,-4.787,-5.741,-8.211,-5.778,-5.288,-5.64,-6.992,-5.431,-5.241,-4.239,-5.77,-5.695,-5.564,-6.182,-5.879,-5.372,-5.912,-5.785,-5.929,-7.041,-4.539,-6.733,-7.036,-5.202,-6.149
OptTAR_Fixed_ligprep_20260117_0.5.maegz:418,-4.462,-5.329,-5.205,-3.859,-4.24,-5.339,-5.121,-5.13,-5.352,-4.458,-5.71,-6.714,-4.235,-5.056,-4.734,-5.246,-4.979,-3.475,-4.668,-5.604,-2.153,-4.506,-4.154,-4.328,-5.53,-3.547,-5.298,-6.555,-4.737,-5.249,-5.484,-5.675,-5.001,-4.328,-4.987,-2.48,-6.711,-4.936,-5.72,-4.62,-4.497,-5.524,-4.263,-5.231,-5.74,-4.591,-4.593,-6.464,-4.372,-4.647
OptTAR_Fixed_ligprep_20260117_0.5.maegz:419,-5.391,-6.355,-4.81,-3.978,-3.959,-6.081,-4.966,-4.131,-4.262,-6.293,-4.906,-5.915,-4.289,-5.402,-5.637,-4.938,-3.57,-3.46,-5.567,-5.381,-3.488,-5.382,-3.354,-5.181,-4.005,-5.378,-5.52,-6.643,-4.958,-5.606,-4.575,-6.171,-4.633,-3.298,-3.792,-5.283,-4.558,-5.078,-5.276,-4.828,-5.682,-3.993,-3.586,-5.222,-5.507,-4.227,-5.453,-5.119,-3.63,-3.833
OptTAR_Fixed_ligprep_20260117_0.5.maegz:420,-4.761,-6.109,-5.046,-4.975,-5.244,-5.314,-4.596,-4.82,-5.433,-6.203,-4.869,-6.172,-4.465,-5.036,-5.414,-4.646,-5.084,-5.035,-4.422,-4.014,-4.84,-3.99,-3.318,-3.252,-3.771,-4.966,-4.182,-6.801,-5.112,-4.868,-4.026,-3.417,-4.581,-2.528,-4.351,-4.574,-5.788,-4.611,-3.797,-2.51,-5.137,-3.611,-4.664,-5.503,-5.935,-4.569,-5.146,-4.595,-4.192,-4.251
OptTAR_Fixed_ligprep_20260117_0.5.maegz:421,-6.417,-6.098,-4.785,-4.422,-5.442,-5.357,-4.463,-4.911,-5.689,-5.8,-2.81,-5.703,-4.588,-5.362,-7.682,-4.0,-4.621,-2.687,-4.514,-4.441,-4.879,-6.433,-2.642,-3.096,-5.329,-5.079,-5.529,-6.93,-3.756,-4.162,-4.265,-3.307,-4.922,-2.885,-5.647,-3.725,-6.337,-4.426,-5.015,-6.267,-4.732,-4.069,-3.988,-5.872,-6.627,-4.723,-5.082,-5.829,-4.38,-6.067
OptTAR_Fixed_ligprep_20260117_0.5.maegz:422,-3.79,-4.607,-4.538,-4.308,-4.279,-5.449,-4.564,-4.721,-5.397,-5.56,-4.003,-6.459,-4.064,-6.106,-4.436,-4.198,-5.321,-3.37,-4.487,-3.325,-3.52,-4.804,-2.473,-5.223,-4.808,-3.08,-5.366,-7.453,-4.305,-4.63,-4.869,-4.201,-4.411,-3.164,-2.935,-5.011,-4.695,-4.949,-4.815,-5.329,-4.308,-3.523,-3.496,-4.285,-5.688,-3.539,-5.162,-5.928,-4.135,-3.794
OptTAR_Fixed_ligprep_20260117_0.5.maegz:423,-5.917,-4.303,-4.079,-5.695,-4.913,-4.162,-5.0,-5.162,-4.818,-5.338,-3.657,-5.555,-4.842,-4.026,-7.254,-4.238,-4.311,-3.804,-4.555,-4.449,-4.729,-5.431,-3.936,-6.298,-5.248,-4.699,-5.728,-8.476,-5.383,-4.894,-5.62,-5.726,-5.484,-4.5,-4.49,-4.798,-5.312,-4.706,-4.846,-4.987,-5.988,-4.849,-4.368,-4.529,-6.229,-4.746,-3.559,-4.663,-4.452,-5.115
OptTAR_Fixed_ligprep_20260117_0.5.maegz:424,-4.98,-4.192,-6.003,-3.871,-4.764,-4.459,-4.054,-4.133,-2.833,-5.222,-3.036,-6.068,-4.826,-2.766,-4.439,-5.406,-4.403,-2.087,-3.425,-4.276,-4.438,-5.092,-2.33,-2.229,-2.677,-5.063,-4.712,-6.436,-4.583,-4.272,-3.554,-4.597,-4.323,-3.909,-4.357,-2.458,-4.587,-3.179,-3.649,-6.046,-3.835,-2.548,-4.199,-4.974,-5.928,-2.078,-4.717,-4.405,-3.925,-3.741
OptTAR_Fixed_ligprep_20260117_0.5.maegz:425,-5.382,-5.075,-4.374,-4.395,-4.414,-5.042,-3.046,-4.437,-5.587,-4.933,-3.198,-3.345,-4.798,-4.788,-5.27,-4.329,-4.319,-2.815,-2.923,-3.976,-3.633,-4.88,-3.173,-4.348,-4.766,-2.879,-4.11,-6.929,-5.247,-5.1,-4.104,-4.486,-2.982,-3.831,-1.55,-3.002,-4.947,-5.257,-5.448,-5.739,-2.767,-4.031,-5.09,-4.388,-3.187,-4.111,-4.726,-4.559,-4.862,-2.486
OptTAR_Fixed_ligprep_20260117_0.5.maegz:426,-4.145,-4.405,-4.711,-4.412,-5.521,-4.107,-3.754,-4.244,-4.943,-4.025,-4.793,-6.052,-3.981,-4.2,-3.757,-4.724,-4.239,-3.073,-3.841,-1.386,-3.231,-4.492,-4.471,-5.367,-4.537,-3.803,-1.197,-6.118,-4.803,-1.745,-4.396,-2.751,-4.399,-3.783,-4.34,-4.761,-4.065,-4.421,-4.918,-1.843,-5.73,-4.232,-5.586,-3.498,-5.872,-4.546,-5.391,-5.648,-4.912,-3.389
OptTAR_Fixed_ligprep_20260117_0.5.maegz:427,-5.122,-6.247,-5.315,-5.261,-5.241,-4.214,-5.773,-5.222,-3.967,-4.249,-3.681,-6.011,-4.23,-5.218,-5.256,-5.282,-3.016,-4.697,-4.359,-4.586,-3.592,-4.745,-4.438,-4.097,-5.792,-5.337,-6.095,-5.712,-4.456,-5.499,-4.427,-5.539,-2.458,-4.127,-4.094,-5.995,-5.398,-4.915,-4.501,-5.234,-6.534,-4.339,-4.962,-4.595,-6.86,-4.21,-4.861,-5.823,-4.017,-4.488
OptTAR_Fixed_ligprep_20260117_0.5.maegz:428,-5.831,-5.352,-4.95,-4.422,-3.792,-5.088,-5.334,-5.228,-5.791,-4.661,-3.005,-6.93,-4.191,-5.3,-5.251,-5.215,-4.375,-3.773,-5.243,-3.374,-5.354,-4.9,-3.766,-5.675,-5.944,-4.683,-5.453,-5.81,-4.981,-5.151,-4.872,-3.033,-5.102,-3.595,-4.572,-6.32,-5.867,-5.142,-4.848,-6.46,-5.367,-4.999,-4.999,-5.849,-5.765,-5.396,-5.185,-6.148,-4.104,-4.555
OptTAR_Fixed_ligprep_20260117_0.5.maegz:429,-5.701,-5.522,-5.312,-4.843,-5.783,-3.725,-5.277,-4.303,-5.727,-5.942,-5.419,-6.621,-5.235,-3.932,-5.429,-4.855,-2.558,-4.526,-5.587,-4.57,-4.734,-4.992,-4.972,-6.676,-4.981,-5.552,-5.277,-6.222,-5.05,-5.002,-3.745,-5.212,-5.663,-4.03,-4.27,-3.386,-6.264,-4.663,-4.544,-4.246,-4.88,-4.682,-4.48,-6.615,-6.442,-2.451,-5.58,-5.154,-5.169,-4.691
OptTAR_Fixed_ligprep_20260117_0.5.maegz:430,-5.85,-6.257,-5.399,-4.567,-5.409,-5.614,-5.098,-5.612,-4.932,-6.169,-3.996,-3.548,-4.667,-4.62,-5.231,-4.963,-4.433,-4.428,-5.156,-4.656,-4.23,-5.377,-5.112,-5.703,-5.129,-5.319,-4.057,-7.82,-5.158,-5.29,-4.299,-4.705,-4.682,-4.584,-4.52,-5.811,-5.303,-5.078,-5.401,-5.972,-5.45,-4.471,-5.371,-5.61,-5.909,-5.408,-5.257,-5.94,-3.541,-5.552
OptTAR_Fixed_ligprep_20260117_0.5.maegz:431,-3.259,-6.436,-5.24,-3.348,-4.411,-5.55,-5.246,-3.889,-6.791,-5.815,-4.972,-5.981,-4.285,-5.424,-5.35,-5.356,-4.036,-4.064,-4.321,-5.731,-3.895,-5.999,-5.048,-4.617,-4.699,-4.845,-5.053,-7.204,-3.583,-5.71,-4.718,-5.955,-4.788,-4.633,-4.68,-5.359,-4.426,-5.093,-3.736,-5.263,-5.249,-5.029,-4.556,-5.419,-5.443,-1.994,-3.141,-5.109,-4.242,-4.143
OptTAR_Fixed_ligprep_20260117_0.5.maegz:432,-4.844,-4.225,-3.909,-5.021,-4.848,-6.255,-4.657,-5.088,-5.529,-5.445,-3.64,-5.162,-4.162,-4.602,-4.693,-5.245,-3.435,-4.905,-4.276,-4.419,-4.86,-3.099,-4.773,-4.291,-4.44,-4.585,-5.671,-6.283,-4.394,-3.941,-4.139,-4.901,-4.742,-4.871,-3.501,-5.179,-4.449,-4.393,-4.476,-5.95,-4.769,-4.033,-4.644,-5.193,-2.975,-5.516,-4.887,-4.089,-5.574,-4.619
OptTAR_Fixed_ligprep_20260117_0.5.maegz:433,-4.718,-4.454,-4.159,-4.414,-4.557,-3.146,-5.08,-2.175,-5.087,-3.619,-4.189,-5.995,-4.213,-3.528,-5.189,-2.006,-3.895,-4.337,-4.447,-1.036,-3.466,-4.577,-5.147,-4.575,-4.208,-4.421,-4.954,-7.187,-4.551,-4.223,-4.54,-4.004,-3.684,-2.506,-1.295,-5.114,-4.792,-3.934,-5.0,-5.026,-5.245,-3.677,-4.579,-5.416,-4.319,-3.633,-1.773,-5.78,-3.511,-4.046
OptTAR_Fixed_ligprep_20260117_0.5.maegz:434,-5.25,-6.354,-4.883,-5.686,-5.496,-4.602,-4.016,-4.691,-5.419,-4.558,-5.47,-4.822,-4.721,-4.579,-7.191,-4.704,-4.17,-4.117,-5.427,-4.908,-4.176,-4.731,-4.782,-4.871,-4.09,-4.964,-6.197,-6.592,-4.547,-4.894,-5.595,-4.875,-5.106,-4.363,-4.225,-5.935,-3.897,-4.914,-3.942,-5.235,-5.339,-4.222,-5.088,-5.974,-5.146,-4.982,-5.573,-5.787,-3.932,-3.646
OptTAR_Fixed_ligprep_20260117_0.5.maegz:435,-4.485,-1.38,-4.061,-3.363,-4.662,-4.006,-3.913,-2.864,-4.342,-5.097,-4.546,-5.667,-3.851,-4.417,-4.2,-3.266,-1.56,-3.776,-4.56,-2.575,-3.622,-4.586,-4.041,-5.292,-1.918,-3.348,-4.241,-3.336,-4.423,-3.132,-5.138,-5.227,-4.869,-2.105,-1.587,-3.595,-1.436,-3.804,-4.704,-5.025,-4.183,-3.066,-2.64,-5.377,-4.742,-4.267,-4.595,-4.982,-3.726,-4.196
OptTAR_Fixed_ligprep_20260117_0.5.maegz:436,-4.439,-4.414,-5.372,-5.232,-5.2,-4.457,-5.036,-3.683,-6.018,-5.1,-4.459,-5.46,-4.281,-5.05,-4.154,-5.641,-3.969,-5.128,-4.883,-2.805,-1.72,-2.909,-4.237,-4.948,-4.289,-4.461,-5.749,-6.797,-5.576,-4.245,-4.602,-4.628,-3.929,-4.219,-4.424,-4.117,-3.983,-4.036,-4.519,-5.371,-3.382,-4.612,-5.045,-5.071,-5.888,-4.313,-4.43,-5.329,-4.761,-2.382
OptTAR_Fixed_ligprep_20260117_0.5.maegz:437,-6.449,-5.225,-4.41,-5.647,-5.092,-5.865,-5.57,-5.261,-5.882,-5.946,-4.446,-7.194,-4.596,-4.68,-6.168,-5.637,-3.963,-4.357,-5.381,-4.898,-5.016,-5.756,-6.41,-6.393,-4.482,-5.05,-6.937,-7.051,-4.758,-6.069,-4.798,-7.831,-5.209,-4.46,-5.951,-5.833,-6.251,-5.009,-5.1,-4.606,-4.643,-4.353,-5.422,-4.766,-5.202,-5.114,-5.691,-4.845,-5.629,-5.084
OptTAR_Fixed_ligprep_20260117_0.5.maegz:438,-4.588,-5.745,-4.139,-5.268,-5.574,-5.339,-5.436,-4.909,-6.185,-5.741,-5.499,-6.736,-4.826,-5.633,-8.248,-6.273,-4.335,-4.421,-4.885,-4.808,-4.97,-6.157,-4.83,-6.625,-5.266,-5.51,-7.248,-7.052,-4.469,-4.569,-5.842,-7.074,-5.914,-4.425,-4.057,-5.999,-5.227,-5.211,-4.648,-4.844,-5.561,-4.451,-4.487,-6.165,-6.512,-4.542,-5.742,-5.007,-5.463,-5.742
OptTAR_Fixed_ligprep_20260117_0.5.maegz:439,-4.339,-6.678,-4.633,-5.791,-5.129,-4.626,-4.572,-4.89,-6.163,-6.639,-4.819,-6.592,-4.955,-5.341,-4.37,-4.824,-4.262,-4.345,-3.687,-5.122,-4.417,-5.437,-4.992,-6.698,-4.775,-4.411,-6.191,-7.046,-4.631,-5.187,-5.017,-6.857,-5.767,-5.408,-4.116,-5.039,-4.974,-4.918,-4.585,-4.609,-4.705,-4.717,-4.499,-5.614,-4.222,-5.051,-5.26,-4.863,-5.493,-5.124
OptTAR_Fixed_ligprep_20260117_0.5.maegz:440,-5.555,-5.171,-6.09,-5.105,-6.493,-5.783,-5.453,-6.449,-7.165,-6.815,-4.913,-7.043,-5.115,-6.078,-6.461,-5.584,-4.852,-4.348,-5.678,-5.915,-5.275,-5.219,-5.656,-5.438,-5.906,-5.646,-6.155,-8.505,-5.821,-6.854,-6.203,-6.007,-6.111,-4.853,-4.958,-7.667,-5.486,-5.802,-5.141,-5.74,-6.108,-6.329,-6.101,-5.739,-5.866,-4.559,-5.562,-6.123,-4.193,-6.041
OptTAR_Fixed_ligprep_20260117_0.5.maegz:441,-5.001,-5.159,-5.881,-5.955,-6.527,-5.089,-5.2,-4.373,-3.852,-6.2,-4.005,-5.695,-5.042,-4.645,-6.538,-5.394,-3.015,-4.193,-4.691,-5.663,-4.581,-5.071,-5.755,-4.981,-4.837,-5.041,-5.725,-6.888,-4.971,-5.968,-4.787,-6.55,-5.244,-4.075,-4.133,-5.473,-5.585,-5.314,-4.883,-5.204,-5.9,-4.053,-5.212,-5.197,-4.862,-5.033,-4.968,-5.585,-4.754,-4.886
OptTAR_Fixed_ligprep_20260117_0.5.maegz:442,-7.252,-5.521,-5.042,-5.262,-5.531,-5.559,-4.846,-4.85,-6.825,-6.46,-5.251,-8.14,-5.222,-5.053,-6.273,-5.42,-4.722,-4.613,-4.707,-4.611,-5.379,-5.824,-4.893,-6.271,-6.132,-4.395,-6.267,-7.61,-4.783,-4.218,-4.257,-6.778,-5.135,-5.044,-5.104,-6.302,-5.068,-5.999,-5.0,-5.368,-5.987,-4.292,-5.642,-4.55,-5.304,-4.145,-5.452,-5.314,-6.03,-5.87
OptTAR_Fixed_ligprep_20260117_0.5.maegz:443,-4.603,-5.394,-3.218,-4.025,-4.485,-4.333,-3.93,-4.421,-6.068,-4.38,-3.516,-5.563,-3.492,-4.319,-2.846,-3.396,-2.509,-2.591,-3.218,-3.86,-3.916,-5.112,-2.675,-4.753,-5.26,-3.426,-3.131,-5.826,-3.338,-3.181,-2.655,-4.301,-3.707,-2.943,-2.455,-3.376,-3.283,-4.042,-3.819,-3.622,-4.34,-2.879,-3.254,-3.854,-4.399,-2.989,-3.106,-4.298,-3.594,-3.482
OptTAR_Fixed_ligprep_20260117_0.5.maegz:444,-4.073,-4.602,-3.583,-3.558,-3.536,-3.766,-4.151,-4.247,-5.645,-5.922,-3.323,-5.316,-4.052,-4.565,-3.494,-3.516,-3.409,-3.342,-3.223,-3.25,-3.68,-3.353,-3.409,-4.508,-4.022,-3.565,-5.551,-5.563,-4.611,-3.86,-3.561,-5.038,-3.257,-3.779,-2.689,-3.558,-3.563,-4.016,-3.359,-3.418,-4.202,-3.598,-3.428,-3.085,-4.287,-3.116,-3.54,-2.863,-2.564,-3.928
OptTAR_Fixed_ligprep_20260117_0.5.maegz:445,-5.088,-5.493,-4.815,-4.348,-5.51,-3.989,-4.978,-5.524,-6.629,-5.619,-5.327,-4.718,-4.901,-5.66,-5.213,-5.967,-3.929,-3.72,-4.979,-4.95,-4.61,-4.809,-4.502,-5.722,-4.854,-4.827,-7.228,-7.691,-5.044,-5.833,-5.6,-5.018,-5.769,-4.878,-4.958,-6.61,-6.484,-5.539,-5.418,-5.338,-6.02,-4.838,-4.425,-5.656,-6.052,-4.729,-5.436,-5.241,-4.59,-4.331
OptTAR_Fixed_ligprep_20260117_0.5.maegz:446,-4.718,-5.96,-4.604,-5.266,-5.079,-3.968,-4.684,-4.836,-5.246,-5.986,-5.066,-5.457,-4.705,-5.524,-6.895,-6.283,-4.35,-4.119,-4.421,-4.891,-4.919,-4.575,-4.417,-5.756,-3.952,-5.31,-7.4,-7.804,-4.571,-5.895,-5.678,-4.049,-4.712,-5.518,-4.999,-7.767,-5.315,-4.649,-5.011,-3.663,-5.997,-5.001,-4.417,-5.561,-5.834,-4.047,-4.705,-5.211,-4.758,-4.337
OptTAR_Fixed_ligprep_20260117_0.5.maegz:447,-5.206,-5.378,-5.226,-5.642,-6.141,-5.006,-5.645,-5.688,-6.372,-6.167,-5.456,-6.19,-4.978,-4.44,-6.466,-6.202,-5.063,-4.974,-5.059,-5.26,-4.397,-4.915,-4.487,-5.19,-5.259,-5.256,-6.336,-7.91,-5.782,-7.055,-5.133,-8.194,-4.983,-5.941,-5.228,-7.844,-6.192,-5.461,-4.871,-5.925,-6.182,-4.429,-5.496,-6.103,-6.187,-4.478,-4.812,-5.121,-6.072,-4.447
OptTAR_Fixed_ligprep_20260117_0.5.maegz:448,-4.638,-4.952,-3.683,-4.882,-4.782,-6.535,-4.356,-3.886,-6.178,-3.894,-3.012,-3.653,-4.436,-3.83,-5.826,-5.075,-5.022,-4.62,-6.028,-4.193,-1.852,-5.078,-0.8156,-4.721,-4.513,-3.964,-6.72,-7.562,-4.674,-5.045,-2.73,-7.564,-3.686,-3.747,-3.862,-6.265,-4.274,-4.654,-5.301,-2.453,-6.926,-4.366,-5.53,-5.739,-5.112,-5.451,-5.239,-4.739,-3.267,-3.161
OptTAR_Fixed_ligprep_20260117_0.5.maegz:449,-5.163,-5.551,-4.985,-5.001,-5.761,-4.585,-5.517,-4.984,-5.67,-5.837,-6.334,-5.645,-4.468,-5.202,-6.34,-5.43,-4.479,-4.89,-4.71,-4.408,-4.481,-4.408,-4.719,-5.793,-4.42,-4.932,-6.767,-7.048,-5.056,-5.426,-4.636,-6.121,-5.029,-4.338,-3.779,-5.859,-4.847,-4.777,-4.64,-4.715,-5.697,-4.834,-4.662,-4.627,-4.515,-5.868,-4.253,-4.864,-5.623,-4.749
OptTAR_Fixed_ligprep_20260117_0.5.maegz:450,-5.48,-5.386,-4.279,-3.59,-3.992,-4.638,-4.909,-4.045,-5.177,-5.005,-3.979,-4.553,-5.2,-4.874,-5.142,-4.32,-2.71,-3.801,-3.595,-4.145,-3.806,-4.39,-3.819,-5.262,-4.604,-4.08,-3.26,-7.433,-4.304,-4.715,-5.19,-5.288,-3.38,-3.839,-3.46,-5.0,-3.78,-4.373,-4.643,-4.026,-4.854,-3.359,-5.042,-4.139,-6.493,-3.602,-3.847,-4.819,-3.135,-4.535
OptTAR_Fixed_ligprep_20260117_0.5.maegz:451,-5.461,-4.29,-4.362,-4.681,-4.804,-5.473,-5.354,-5.21,-4.79,-5.995,-4.352,-5.495,-4.746,-4.859,-4.255,-4.231,-3.449,-3.836,-4.455,-3.255,-4.283,-5.491,-4.348,-5.058,-3.873,-4.487,-5.567,-6.348,-4.119,-4.628,-3.91,-5.9,-4.137,-4.265,-3.195,-5.494,-4.088,-4.813,-4.386,-5.025,-4.949,-5.003,-4.866,-5.001,-4.478,-4.468,-4.449,-4.619,-3.639,-5.304
OptTAR_Fixed_ligprep_20260117_0.5.maegz:452,-4.558,-4.666,-4.087,-3.745,-4.688,-4.501,-3.89,-4.932,-4.695,-4.967,-4.451,-5.233,-4.016,-3.591,-5.21,-4.379,-3.591,-4.209,-4.019,-3.551,-3.529,-4.083,-4.556,-4.756,-3.391,-3.824,-4.008,-7.162,-5.196,-4.419,-5.179,-5.635,-3.274,-3.113,-3.879,-5.56,-5.024,-3.618,-3.32,-5.105,-4.839,-5.029,-4.267,-4.847,-3.651,-4.446,-5.274,-4.122,-3.632,-4.259
OptTAR_Fixed_ligprep_20260117_0.5.maegz:453,-4.007,-4.236,-4.165,-3.949,-5.373,-5.098,-4.101,-4.964,-5.374,-5.031,-3.926,-5.568,-3.755,-4.475,-6.035,-5.462,-3.945,-4.217,-3.847,-5.133,-4.328,-4.601,-4.402,-4.864,-5.221,-4.185,-5.875,-7.126,-4.042,-4.088,-3.768,-4.734,-5.464,-3.905,-3.73,-5.316,-4.134,-4.232,-3.766,-3.833,-5.311,-4.241,-3.952,-4.636,-4.505,-3.934,-3.95,-5.3,-4.781,-5.499
OptTAR_Fixed_ligprep_20260117_0.5.maegz:454,-4.476,-5.519,-6.141,-4.676,-5.764,-5.672,-5.238,-6.369,-4.269,-6.198,-5.38,-6.941,-5.14,-5.171,-4.896,-5.143,-4.694,-5.094,-4.379,-4.232,-5.011,-4.845,-4.11,-5.546,-4.547,-5.472,-6.909,-7.082,-5.115,-5.407,-5.216,-4.501,-5.006,-4.978,-4.162,-6.078,-4.904,-4.842,-4.224,-4.954,-6.086,-4.472,-4.989,-5.195,-5.56,-4.628,-5.008,-5.051,-4.841,-4.598
OptTAR_Fixed_ligprep_20260117_0.5.maegz:455,-4.802,-4.891,-4.432,-5.144,-4.494,-4.513,-5.719,-4.536,-6.182,-6.23,-4.793,-6.15,-5.865,-5.809,-6.587,-5.253,-4.158,-4.25,-4.525,-4.805,-4.719,-3.98,-4.594,-4.549,-3.954,-4.99,-5.731,-7.731,-5.119,-5.529,-5.719,-5.394,-6.194,-4.45,-3.78,-6.373,-5.351,-4.995,-5.75,-5.039,-5.827,-3.984,-4.827,-6.721,-4.617,-4.792,-5.117,-4.521,-4.513,-5.351
OptTAR_Fixed_ligprep_20260117_0.5.maegz:456,-5.093,-5.107,-5.644,-6.934,-6.937,-5.967,-5.487,-5.794,-6.594,-6.225,-5.069,-7.433,-5.407,-6.403,-6.986,-5.641,-6.262,-4.393,-5.98,-5.633,-4.675,-6.286,-4.708,-6.758,-5.777,-6.121,-6.699,-7.474,-5.342,-5.36,-5.448,-5.142,-5.35,-5.133,-4.744,-5.4,-5.572,-5.29,-4.921,-5.552,-5.767,-5.673,-5.134,-5.91,-6.774,-6.699,-5.767,-4.898,-5.137,-6.28
OptTAR_Fixed_ligprep_20260117_0.5.maegz:457,-5.684,-3.462,-4.704,-4.698,-4.951,-5.582,-5.075,-5.139,-5.823,-5.664,-3.91,-5.291,-2.288,-5.412,-6.681,-5.06,-3.709,-3.512,-4.116,-4.484,-4.776,-1.754,-4.585,-5.161,-4.077,-4.72,-5.67,-5.893,-4.532,-4.227,-4.169,-4.736,-4.703,-4.439,-4.395,-4.802,-3.11,-4.262,-4.89,-5.19,-4.698,-4.9,-4.106,-4.177,-3.331,-4.312,-4.76,-4.738,-4.475,-5.162
OptTAR_Fixed_ligprep_20260117_0.5.maegz:458,-5.381,-4.788,-4.682,-4.914,-5.011,-4.316,-4.789,-5.481,-5.303,-6.002,-4.975,-5.695,-5.218,-5.473,-6.755,-4.926,-3.882,-4.6,-4.311,-4.353,-3.549,-4.967,-4.044,-4.586,-4.907,-4.943,-5.334,-5.672,-4.189,-5.189,-4.852,-6.608,-5.168,-4.841,-4.807,-6.001,-5.441,-4.779,-3.965,-4.2,-4.783,-3.967,-5.138,-5.5,-5.231,-4.13,-4.92,-4.783,-5.962,-5.0
OptTAR_Fixed_ligprep_20260117_0.5.maegz:459,-3.938,-6.042,-4.999,-5.169,-5.062,-4.528,-4.993,-4.416,-7.702,-6.27,-3.576,-6.519,-5.353,-3.772,-4.954,-4.678,-4.394,-5.003,-4.768,-5.347,-3.109,-4.677,-3.495,-4.77,-5.147,-4.903,-4.568,-7.151,-5.255,-4.743,-2.24,-6.294,-3.944,-4.58,-5.205,-5.15,-5.287,-5.448,-3.158,-4.381,-5.25,-4.364,-4.62,-5.065,-3.547,-4.639,-5.212,-5.603,-3.31,-5.34
OptTAR_Fixed_ligprep_20260117_0.5.maegz:460,-5.608,-6.258,-5.523,-4.882,-5.661,-5.305,-4.886,-7.032,-6.809,-6.584,-4.102,-6.399,-4.855,-4.413,-7.984,-4.489,-2.925,-3.739,-4.644,-5.085,-4.249,-5.137,-4.056,-5.217,-6.118,-5.42,-5.89,-7.153,-4.714,-5.245,-4.676,-7.083,-5.527,-4.437,-3.661,-5.663,-5.533,-5.12,-5.007,-5.499,-4.502,-4.592,-3.22,-5.875,-6.549,-4.651,-5.35,-6.277,-5.144,-5.001
OptTAR_Fixed_ligprep_20260117_0.5.maegz:461,-6.748,-4.668,-5.999,-5.284,-6.87,-6.434,-6.403,-5.743,-7.198,-7.039,-6.043,-7.109,-5.495,-5.738,-5.775,-7.164,-5.188,-4.681,-4.693,-4.599,-5.212,-6.092,-4.88,-5.885,-5.738,-6.525,-6.879,-6.139,-5.708,-5.469,-5.99,-6.643,-5.521,-4.754,-3.85,-6.153,-5.786,-6.419,-4.855,-6.03,-6.076,-5.291,-5.761,-7.241,-6.091,-4.89,-6.069,-6.187,-5.3,-5.455
OptTAR_Fixed_ligprep_20260117_0.5.maegz:462,-6.638,-5.699,-4.725,-4.797,-6.061,-4.513,-5.647,-5.468,-7.513,-6.558,-4.316,-5.42,-4.986,-5.142,-5.546,-5.469,-5.566,-4.956,-6.237,-4.486,-4.801,-4.987,-5.15,-5.758,-5.547,-6.206,-7.397,-6.984,-6.0,-4.41,-5.284,-4.879,-5.627,-5.211,-4.588,-6.075,-4.386,-6.1,-5.688,-5.344,-5.15,-5.023,-4.493,-5.769,-5.648,-4.971,-5.249,-6.161,-4.363,-5.976
OptTAR_Fixed_ligprep_20260117_0.5.maegz:463,-6.361,-5.128,-5.58,-5.37,-6.137,-5.985,-6.002,-5.449,-7.187,-7.365,-5.617,-6.488,-4.99,-5.585,-5.611,-5.129,-5.089,-5.053,-5.783,-5.387,-4.718,-5.761,-5.747,-5.183,-4.878,-6.038,-7.067,-8.109,-5.795,-5.778,-5.54,-6.489,-5.689,-4.794,-4.939,-6.091,-5.985,-5.292,-5.253,-6.384,-5.527,-5.765,-5.881,-6.38,-6.138,-5.318,-5.79,-6.29,-5.33,-6.409
OptTAR_Fixed_ligprep_20260117_0.5.maegz:464,-7.067,-3.62,-5.216,-5.379,-5.997,-5.907,-5.893,-5.612,-6.548,-5.939,-4.211,-4.639,-5.499,-4.817,-5.215,-4.623,-4.916,-3.082,-6.65,-5.435,-5.268,-4.653,-5.087,-4.756,-6.579,-3.971,-6.866,-7.633,-5.691,-5.778,-5.257,-5.15,-5.482,-4.992,-4.585,-4.787,-4.536,-5.674,-4.631,-5.553,-6.8,-4.501,-6.637,-6.007,-6.659,-5.015,-4.83,-6.633,-4.137,-5.433
OptTAR_Fixed_ligprep_20260117_0.5.maegz:465,-6.316,-5.153,-6.23,-5.726,-5.822,-4.841,-6.213,-5.527,-6.745,-7.741,-5.733,-6.55,-5.331,-4.424,-5.084,-5.975,-4.73,-4.395,-6.159,-5.591,-4.893,-6.559,-6.201,-6.295,-5.746,-5.911,-6.804,-7.981,-6.5,-6.287,-6.004,-5.33,-5.829,-4.89,-4.395,-5.785,-5.05,-5.774,-6.11,-5.795,-6.065,-5.554,-5.477,-5.588,-6.492,-6.157,-5.4,-6.052,-5.532,-6.051
OptTAR_Fixed_ligprep_20260117_0.5.maegz:466,-5.935,-5.56,-5.694,-5.986,-5.401,-6.087,-6.521,-4.955,-7.464,-6.079,-5.368,-7.273,-5.763,-7.087,-6.364,-6.317,-5.253,-4.658,-6.233,-5.356,-5.098,-7.197,-5.288,-6.754,-6.085,-6.07,-6.701,-8.393,-5.559,-6.977,-5.963,-7.193,-6.021,-5.78,-4.885,-5.028,-5.807,-6.366,-6.177,-5.333,-7.434,-5.916,-5.4,-6.192,-5.915,-5.138,-5.865,-6.422,-5.564,-5.817
OptTAR_Fixed_ligprep_20260117_0.5.maegz:467,-6.142,-5.439,-5.931,-5.682,-5.889,-5.972,-6.858,-6.116,-6.871,-6.231,-5.882,-7.6,-5.872,-5.683,-5.676,-5.327,-4.929,-5.061,-5.922,-5.895,-5.614,-6.297,-5.762,-5.184,-5.319,-5.819,-6.474,-7.52,-5.844,-6.349,-5.863,-7.369,-6.547,-4.746,-4.05,-7.131,-5.413,-5.6,-5.146,-5.387,-6.838,-4.923,-5.643,-6.203,-6.194,-4.69,-6.03,-6.637,-4.836,-5.508
OptTAR_Fixed_ligprep_20260117_0.5.maegz:468,-5.324,-6.105,-4.847,-5.036,-4.63,-5.55,-7.018,-6.136,-6.156,-5.76,-5.335,-5.139,-5.313,-6.348,-4.986,-7.549,-5.023,-5.354,-5.241,-5.893,-4.992,-4.854,-5.797,-6.384,-4.696,-4.761,-5.874,-7.514,-4.998,-5.254,-5.668,-4.55,-5.679,-4.722,-5.076,-5.593,-5.177,-6.325,-5.156,-5.75,-5.155,-4.109,-5.145,-5.251,-6.174,-5.351,-5.176,-5.924,-4.536,-5.516
OptTAR_Fixed_ligprep_20260117_0.5.maegz:469,-6.28,-4.646,-5.213,-5.412,-5.9,-5.996,-6.922,-5.844,-7.337,-5.87,-5.461,-6.755,-6.238,-5.207,-5.272,-5.655,-5.102,-5.324,-5.587,-5.154,-5.692,-5.827,-5.834,-5.855,-6.309,-6.429,-5.596,-7.618,-5.533,-6.462,-6.026,-7.798,-5.524,-4.917,-5.12,-7.386,-5.814,-6.23,-5.588,-5.584,-6.623,-5.451,-5.677,-6.283,-7.062,-4.922,-5.618,-6.353,-5.274,-6.413
OptTAR_Fixed_ligprep_20260117_0.5.maegz:470,-5.82,-2.248,-5.366,-6.207,-5.732,-5.225,-6.869,-5.945,-7.034,-5.952,-5.176,-7.807,-5.21,-5.312,-5.216,-6.992,-5.526,-3.028,-5.892,-5.899,-4.832,-5.345,-4.063,-5.224,-5.642,-6.38,-6.89,-8.697,-5.115,-5.625,-5.464,-5.827,-4.228,-4.285,-6.052,-5.744,-6.185,-5.364,-5.364,-5.601,-6.076,-4.407,-5.543,-6.686,-5.654,-4.45,-5.605,-5.227,-5.348,-5.025
OptTAR_Fixed_ligprep_20260117_0.5.maegz:471,-5.239,-4.824,-3.684,-4.336,-5.24,-3.953,-5.448,-5.07,-5.062,-4.728,-3.593,-6.087,-5.633,-4.001,-4.604,-4.315,-4.6,-4.171,-4.745,-4.206,-3.498,-3.554,-4.469,-4.823,-3.205,-4.487,-6.001,-7.506,-4.575,-3.975,-4.225,-3.536,-5.038,-3.266,-3.594,-5.198,-3.147,-4.397,-4.174,-4.351,-4.795,-4.335,-4.322,-5.519,-5.483,-5.234,-4.554,-3.951,-4.086,-4.525
OptTAR_Fixed_ligprep_20260117_0.5.maegz:472,-5.236,-4.601,-4.32,-5.651,-5.377,-4.554,-5.708,-4.856,-6.386,-5.856,-5.45,-6.41,-5.213,-3.623,-5.724,-5.785,-4.905,-4.44,-5.48,-5.34,-5.446,-5.0,-4.77,-4.886,-4.88,-4.833,-7.598,-8.914,-5.708,-6.944,-5.772,-4.83,-5.168,-4.991,-4.766,-5.938,-6.393,-5.711,-5.832,-5.547,-5.604,-4.888,-5.702,-6.268,-6.333,-4.288,-4.839,-4.913,-5.353,-5.304
OptTAR_Fixed_ligprep_20260117_0.5.maegz:473,-4.501,-5.83,-5.111,-6.088,-4.687,-5.529,-6.629,-4.943,-6.82,-6.207,-4.744,-4.706,-5.164,-5.543,-6.747,-6.227,-4.469,-4.226,-4.808,-5.74,-4.783,-4.746,-4.535,-5.315,-4.62,-5.29,-6.918,-8.681,-5.789,-5.893,-5.94,-4.727,-4.918,-5.447,-4.541,-4.447,-5.187,-6.059,-4.971,-6.238,-5.856,-4.284,-5.101,-5.629,-5.553,-4.313,-5.501,-4.797,-6.612,-4.313
OptTAR_Fixed_ligprep_20260117_0.5.maegz:474,-5.056,-6.484,-4.511,-6.238,-4.778,-6.093,-6.236,-5.874,-6.109,-6.79,-5.314,-7.264,-5.573,-5.41,-4.99,-6.069,-4.323,-4.492,-5.04,-5.544,-4.229,-5.38,-3.989,-5.765,-4.282,-5.169,-6.048,-8.015,-5.225,-6.113,-5.532,-4.423,-5.335,-4.987,-4.497,-5.152,-6.271,-5.314,-5.495,-5.075,-6.18,-5.269,-4.295,-5.929,-6.72,-4.49,-4.856,-6.566,-4.773,-5.39
OptTAR_Fixed_ligprep_20260117_0.5.maegz:475,-6.078,-3.607,-4.698,-5.449,-5.034,-4.138,-5.208,-5.743,-6.264,-6.785,-4.938,-5.298,-5.109,-4.845,-5.013,-5.701,-5.233,-4.267,-4.773,-5.35,-4.848,-5.101,-5.202,-5.212,-4.703,-4.821,-5.894,-7.431,-4.542,-6.065,-6.485,-3.933,-6.379,-5.408,-4.611,-4.931,-4.723,-5.839,-4.987,-6.266,-5.681,-4.652,-5.524,-6.001,-6.914,-4.058,-5.698,-5.632,-4.827,-4.795
OptTAR_Fixed_ligprep_20260117_0.5.maegz:476,-4.485,-6.386,-4.504,-4.577,-5.092,-4.745,-6.464,-4.596,-6.021,-6.665,-5.025,-4.625,-5.483,-5.987,-5.57,-5.589,-4.458,-4.539,-5.015,-5.704,-5.15,-4.078,-3.977,-6.143,-5.854,-4.393,-7.595,-7.947,-5.377,-5.972,-5.515,-3.009,-5.176,-4.787,-4.857,-6.646,-4.414,-5.976,-5.869,-4.68,-6.052,-5.389,-4.84,-5.431,-6.663,-4.514,-4.89,-5.054,-6.208,-5.4
OptTAR_Fixed_ligprep_20260117_0.5.maegz:477,-5.995,-5.764,-5.514,-5.286,-5.093,-5.748,-5.364,-5.068,-6.087,-5.422,-4.936,-5.621,-4.998,-6.015,-5.651,-5.929,-4.668,-4.748,-5.724,-5.587,-5.534,-5.537,-5.326,-6.174,-4.808,-4.961,-6.852,-8.061,-6.004,-6.08,-5.362,-4.759,-6.13,-5.261,-4.841,-4.994,-7.216,-5.921,-5.446,-5.739,-6.031,-6.016,-5.41,-5.537,-6.75,-4.921,-5.428,-5.834,-5.32,-5.636
OptTAR_Fixed_ligprep_20260117_0.5.maegz:478,-4.917,-2.861,-3.067,-3.588,-3.67,-2.616,-3.282,-5.799,-5.694,-4.212,-4.188,-3.72,-4.245,-2.041,-4.194,-3.831,-2.753,-2.812,-2.703,-2.173,-4.155,-4.561,-3.614,-5.091,-4.975,-3.45,-3.616,-5.75,-2.23,-3.574,-1.806,-4.567,-4.077,-2.061,-1.779,-4.263,-2.187,-4.091,-3.542,-3.214,-5.071,-0.7472,-2.94,-3.29,-4.054,-0.3774,-2.915,-3.137,-3.212,-4.69
OptTAR_Fixed_ligprep_20260117_0.5.maegz:479,-4.598,-5.41,-5.229,-4.959,-6.055,-6.47,-5.781,-4.189,-5.465,-5.663,-4.584,-4.992,-4.24,-4.704,-6.88,-4.563,-4.082,-3.558,-4.897,-4.31,-3.668,-5.922,-4.647,-6.321,-5.647,-4.316,-4.866,-7.934,-5.217,-3.677,-4.213,-6.322,-4.591,-3.088,-4.014,-4.3,-5.767,-5.112,-3.892,-4.151,-5.471,-4.228,-3.608,-4.873,-5.111,-3.907,-4.679,-3.971,-4.382,-4.963
OptTAR_Fixed_ligprep_20260117_0.5.maegz:480,-4.624,-4.341,-4.199,-3.813,-4.955,-3.044,-4.174,-3.612,-5.034,-4.681,-2.246,-6.134,-3.431,-3.88,-5.408,-3.597,-3.21,-2.778,-3.045,-3.844,-3.078,-3.936,-2.314,-3.944,-3.763,-3.962,-4.518,-6.011,-4.681,-4.686,-1.89,-5.016,-4.882,-3.713,-2.941,-4.34,-4.144,-4.325,-3.812,-4.37,-4.498,-2.56,-4.548,-3.81,-5.553,-3.32,-3.29,-3.284,-2.637,-4.118
OptTAR_Fixed_ligprep_20260117_0.5.maegz:481,-5.567,-4.147,-3.927,-4.288,-4.657,-3.932,-5.005,-4.114,-4.937,-5.974,-4.527,-4.203,-4.218,-4.32,-5.948,-3.738,-3.741,-3.825,-2.601,-3.457,-4.063,-4.09,-3.666,-4.755,-5.444,-4.369,-5.274,-6.776,-3.595,-4.539,-4.398,-5.88,-3.784,-3.025,-3.736,-4.719,-4.483,-3.802,-4.723,-4.4,-5.305,-3.649,-4.129,-3.639,-4.944,-3.177,-4.12,-4.184,-4.285,-3.999
OptTAR_Fixed_ligprep_20260117_0.5.maegz:482,-4.05,-4.905,-3.951,-3.656,-3.896,-3.356,-4.454,-3.482,-4.839,-3.833,-2.792,-4.461,-3.981,-3.569,-4.189,-3.422,-3.255,-2.743,-2.945,-1.555,-4.03,-3.893,-4.386,-3.605,-4.849,-2.063,-3.995,-5.837,-3.277,-3.851,-3.742,-4.467,-3.435,-2.981,-1.543,-1.745,-2.958,-4.25,-4.985,-4.149,-5.653,-2.879,-3.453,-2.352,-5.048,-2.745,-4.331,-3.349,-2.961,-4.661
OptTAR_Fixed_ligprep_20260117_0.5.maegz:483,-4.977,-5.337,-3.825,-5.807,-5.611,-4.371,-4.954,-3.592,-5.272,-4.97,-4.641,-5.974,-3.301,-5.262,-4.252,-4.409,-4.166,-4.456,-0.9446,-1.537,-3.969,-4.24,-3.558,-4.186,-3.976,-4.422,-5.517,-3.265,-4.046,-2.393,-1.434,-4.752,-0.9724,-3.825,-3.889,-4.601,-3.196,-4.503,-4.122,-4.358,-3.363,-4.426,-5.336,-2.468,-5.127,-4.749,-2.664,-3.731,-5.183,-5.057
OptTAR_Fixed_ligprep_20260117_0.5.maegz:484,-5.07,-4.855,-4.231,-5.518,-5.244,-5.132,-5.593,-4.604,-6.272,-5.265,-5.629,-5.796,-4.958,-4.201,-6.906,-4.96,-5.432,-5.139,-4.396,-4.778,-4.94,-5.075,-5.209,-4.851,-4.982,-5.483,-7.101,-7.029,-4.804,-4.656,-5.806,-6.456,-4.735,-5.135,-4.976,-6.359,-5.283,-4.638,-5.571,-4.952,-4.733,-4.972,-4.793,-5.292,-5.404,-5.036,-5.719,-5.133,-4.955,-4.648
OptTAR_Fixed_ligprep_20260117_0.5.maegz:485,-5.257,-5.077,-5.539,-5.34,-6.197,-5.403,-5.528,-5.751,-6.534,-5.461,-5.193,-6.35,-4.489,-5.838,-7.158,-5.885,-5.171,-4.53,-5.244,-6.142,-5.574,-5.482,-5.947,-5.989,-4.686,-5.559,-7.111,-8.212,-5.363,-6.643,-5.623,-8.32,-5.708,-4.68,-5.217,-5.768,-5.749,-5.597,-5.028,-5.06,-5.215,-4.844,-6.517,-5.502,-6.28,-4.308,-5.506,-6.101,-5.815,-5.792
OptTAR_Fixed_ligprep_20260117_0.5.maegz:486,-5.592,-5.868,-4.665,-5.174,-5.607,-5.316,-5.588,-5.067,-6.316,-6.261,-4.713,-5.81,-5.449,-5.281,-5.043,-4.584,-5.412,-5.104,-4.6,-5.182,-4.544,-5.476,-4.702,-5.346,-4.999,-5.404,-7.187,-7.396,-4.738,-5.376,-5.195,-5.107,-5.457,-5.029,-4.26,-5.778,-5.673,-4.884,-5.61,-5.301,-5.586,-4.591,-4.941,-5.619,-6.538,-6.147,-5.024,-5.124,-5.433,-5.905
OptTAR_Fixed_ligprep_20260117_0.5.maegz:487,-7.342,-5.555,-5.934,-5.404,-6.119,-5.368,-6.295,-5.901,-5.886,-6.876,-6.147,-7.533,-5.448,-5.698,-7.562,-6.204,-4.935,-5.629,-5.224,-5.158,-5.602,-6.093,-5.377,-6.147,-6.069,-5.802,-7.022,-8.332,-5.022,-5.626,-5.52,-6.482,-6.036,-4.781,-5.085,-6.507,-5.594,-5.765,-6.483,-6.322,-5.468,-5.678,-5.542,-5.694,-6.554,-6.746,-5.773,-4.952,-5.602,-6.04
OptTAR_Fixed_ligprep_20260117_0.5.maegz:488,-5.423,-5.611,-5.277,-5.78,-5.621,-5.213,-5.943,-6.284,-6.163,-6.727,-5.685,-7.923,-5.668,-5.05,-5.631,-6.081,-5.244,-4.401,-4.86,-5.598,-5.198,-6.002,-4.844,-5.949,-5.496,-5.556,-6.729,-8.07,-4.535,-5.431,-5.111,-5.381,-5.713,-4.867,-4.261,-5.575,-4.908,-5.917,-5.992,-5.661,-5.813,-5.49,-5.362,-5.785,-6.119,-5.274,-5.274,-5.297,-5.624,-5.443
OptTAR_Fixed_ligprep_20260117_0.5.maegz:489,-5.427,-6.336,-4.826,-5.761,-5.9,-5.443,-6.201,-6.971,-6.348,-6.965,-6.06,-5.452,-5.326,-5.907,-7.145,-5.738,-5.15,-5.551,-4.97,-5.249,-5.634,-5.49,-5.067,-5.634,-5.494,-5.568,-7.402,-8.394,-5.042,-5.501,-5.921,-6.015,-5.796,-5.108,-5.459,-6.765,-5.647,-5.577,-6.378,-6.172,-5.609,-5.527,-5.32,-6.323,-6.595,-6.261,-5.552,-6.78,-6.111,-6.204
OptTAR_Fixed_ligprep_20260117_0.5.maegz:490,-5.223,-5.855,-5.744,-5.97,-5.752,-4.928,-6.463,-5.42,-5.445,-6.714,-5.698,-6.655,-5.561,-5.857,-5.138,-6.567,-5.301,-4.264,-4.735,-5.658,-5.561,-5.963,-4.866,-6.034,-5.801,-5.363,-7.634,-8.247,-5.647,-5.463,-5.16,-7.03,-5.4,-4.634,-4.453,-6.444,-5.985,-5.731,-6.257,-5.629,-5.584,-5.147,-5.406,-5.298,-5.844,-4.537,-5.483,-5.626,-5.25,-5.557
OptTAR_Fixed_ligprep_20260117_0.5.maegz:491,-4.745,-6.16,-4.969,-5.11,-6.468,-5.614,-5.644,-5.727,-5.984,-6.811,-5.072,-5.457,-5.041,-5.42,-5.223,-5.671,-4.741,-4.861,-5.659,-5.478,-5.208,-5.252,-4.709,-5.065,-4.678,-5.611,-6.731,-7.253,-5.179,-5.182,-5.254,-4.758,-4.688,-5.105,-4.251,-6.435,-4.832,-5.258,-6.092,-5.076,-5.656,-4.417,-5.258,-5.951,-5.897,-6.178,-5.399,-4.711,-4.55,-5.752
OptTAR_Fixed_ligprep_20260117_0.5.maegz:492,-5.295,-6.346,-4.934,-5.457,-5.846,-5.316,-5.143,-5.762,-5.586,-6.444,-5.325,-6.095,-4.607,-5.176,-5.14,-4.837,-5.043,-4.665,-4.256,-4.973,-5.209,-5.194,-4.969,-5.678,-4.896,-5.03,-6.236,-7.09,-4.926,-4.878,-5.974,-4.124,-5.339,-5.226,-4.969,-5.68,-5.773,-4.742,-5.125,-4.739,-6.029,-4.86,-5.151,-5.681,-5.694,-5.806,-5.137,-6.71,-4.661,-5.149
OptTAR_Fixed_ligprep_20260117_0.5.maegz:493,-5.42,-5.866,-5.352,-5.423,-6.111,-5.574,-5.231,-5.523,-6.383,-6.936,-5.117,-7.717,-5.315,-5.357,-4.887,-5.498,-5.144,-4.635,-4.918,-4.676,-5.058,-5.266,-5.26,-5.418,-5.154,-5.545,-6.482,-7.931,-4.925,-5.19,-5.973,-4.767,-4.772,-5.474,-4.864,-6.763,-5.823,-5.53,-6.224,-5.924,-6.47,-4.603,-4.593,-5.531,-5.812,-5.267,-5.092,-5.34,-5.019,-5.982
OptTAR_Fixed_ligprep_20260117_0.5.maegz:494,-5.621,-5.347,-4.181,-4.379,-4.293,-4.934,-4.642,-2.962,-5.505,-5.957,-2.291,-4.594,-4.715,-4.105,-5.622,-4.69,-3.92,-3.383,-3.786,-3.908,-2.673,-4.016,-2.315,-4.334,-4.262,-4.136,-6.034,-5.986,-3.702,-4.179,-2.78,-4.621,-5.005,-3.676,-4.448,-3.579,-3.298,-3.595,-4.304,-1.902,-5.46,-4.056,-3.9,-3.942,-4.78,-3.377,-4.605,-4.183,-2.861,-4.037
OptTAR_Fixed_ligprep_20260117_0.5.maegz:495,-5.115,-5.006,-3.961,-4.331,-5.089,-5.17,-4.542,-5.326,-6.499,-5.28,-4.716,-5.731,-4.442,-4.316,-6.013,-4.064,-3.688,-3.972,-3.876,-4.067,-4.79,-4.001,-3.988,-4.602,-3.727,-4.97,-5.247,-6.994,-4.754,-4.741,-3.991,-6.604,-4.76,-4.297,-3.667,-4.844,-6.28,-4.379,-3.83,-3.917,-5.035,-4.02,-5.115,-4.72,-2.942,-4.83,-5.263,-4.186,-3.91,-4.51
OptTAR_Fixed_ligprep_20260117_0.5.maegz:496,-4.559,-4.909,-3.972,-4.253,-4.847,-5.353,-4.797,-5.33,-6.12,-5.301,-3.997,-5.51,-4.16,-3.967,-4.33,-4.267,-3.402,-3.532,-3.817,-4.049,-4.834,-3.781,-4.692,-4.779,-4.746,-5.212,-5.687,-6.926,-4.257,-4.632,-4.503,-5.93,-5.111,-3.361,-4.373,-5.172,-5.958,-4.466,-4.653,-4.704,-5.258,-4.387,-4.488,-4.764,-4.657,-4.975,-4.894,-4.416,-3.788,-5.539
OptTAR_Fixed_ligprep_20260117_0.5.maegz:497,-4.982,-4.456,-3.91,-3.73,-4.04,-4.62,-4.749,-5.133,-4.215,-5.415,-3.313,-5.271,-4.098,-4.035,-3.607,-3.698,-3.29,-3.553,-3.678,-4.156,-4.4,-4.514,-3.99,-3.855,-3.935,-5.018,-4.203,-6.828,-4.077,-4.889,-4.229,-4.215,-4.092,-3.763,-3.183,-4.352,-5.479,-4.854,-4.556,-3.634,-4.019,-4.15,-3.496,-4.616,-3.65,-4.608,-4.986,-4.373,-3.99,-4.477
OptTAR_Fixed_ligprep_20260117_0.5.maegz:498,-5.0,-5.292,-4.979,-3.806,-4.731,-5.114,-5.137,-5.24,-5.467,-4.984,-5.125,-6.206,-4.948,-4.463,-6.158,-4.197,-4.478,-3.55,-4.87,-4.583,-4.262,-4.286,-4.218,-4.329,-3.706,-4.931,-5.618,-6.786,-4.479,-4.491,-3.989,-6.027,-4.598,-3.923,-4.153,-5.17,-5.859,-3.839,-4.182,-5.073,-4.387,-4.626,-4.312,-4.179,-5.094,-4.625,-4.408,-4.611,-5.064,-4.503
OptTAR_Fixed_ligprep_20260117_0.5.maegz:499,-5.103,-4.356,-4.053,-4.588,-4.5,-4.595,-4.807,-5.344,-5.616,-5.489,-4.258,-6.16,-4.25,-3.849,-7.164,-3.708,-4.617,-4.152,-4.194,-4.291,-4.979,-4.274,-4.015,-5.017,-3.729,-4.945,-5.593,-7.069,-4.076,-4.617,-3.574,-4.303,-4.701,-3.898,-3.242,-3.995,-5.971,-4.913,-4.827,-4.257,-5.878,-3.906,-3.894,-4.21,-5.451,-4.418,-4.536,-4.467,-3.74,-4.186
OptTAR_Fixed_ligprep_20260117_0.5.maegz:500,-5.645,-5.236,-3.878,-4.495,-5.077,-5.098,-4.391,-5.143,-6.37,-4.744,-3.732,-5.838,-3.813,-3.777,-6.447,-3.465,-4.256,-4.203,-4.102,-4.697,-4.743,-5.019,-3.877,-4.239,-4.126,-4.727,-5.482,-6.51,-4.37,-4.343,-4.289,-5.156,-3.701,-4.065,-4.36,-4.623,-6.581,-4.41,-4.332,-3.979,-5.333,-3.962,-5.028,-4.358,-4.619,-4.538,-5.16,-4.57,-3.871,-4.435
OptTAR_Fixed_ligprep_20260117_0.5.maegz:501,-4.852,-5.011,-4.263,-3.739,-4.918,-3.913,-4.066,-5.323,-4.157,-5.503,-2.298,-6.2,-3.933,-3.477,-6.624,-4.451,-2.956,-4.028,-5.131,-3.248,-4.893,-4.097,-3.997,-5.538,-4.319,-4.325,-4.998,-6.738,-4.13,-4.176,-4.313,-4.07,-4.011,-3.969,-3.575,-4.543,-3.94,-3.663,-4.424,-4.854,-4.539,-4.344,-4.136,-3.909,-4.591,-4.553,-4.089,-4.415,-4.11,-4.023
OptTAR_Fixed_ligprep_20260117_0.5.maegz:502,-6.139,-5.562,-4.58,-4.469,-5.776,-5.43,-4.819,-5.422,-4.91,-5.968,-5.008,-6.304,-5.232,-5.578,-4.876,-5.364,-4.459,-4.194,-4.476,-4.137,-5.219,-5.349,-4.692,-5.43,-4.731,-5.26,-6.417,-6.953,-4.977,-5.197,-4.614,-5.924,-5.523,-5.183,-4.649,-5.484,-6.153,-5.235,-4.599,-4.598,-5.145,-4.088,-4.954,-4.941,-4.603,-5.386,-6.207,-4.708,-4.492,-5.355
OptTAR_Fixed_ligprep_20260117_0.5.maegz:503,-5.255,-5.979,-4.773,-5.065,-5.457,-4.597,-5.762,-5.336,-3.989,-5.767,-5.055,-5.775,-4.308,-5.521,-7.119,-5.386,-4.149,-4.402,-4.479,-3.778,-5.153,-4.113,-4.848,-5.137,-4.355,-4.835,-6.494,-7.094,-5.122,-4.416,-5.001,-5.029,-5.24,-4.599,-3.835,-6.165,-5.683,-4.502,-4.66,-4.948,-5.35,-4.295,-4.879,-5.153,-5.967,-4.39,-4.475,-6.019,-4.622,-5.867
OptTAR_Fixed_ligprep_20260117_0.5.maegz:504,-6.156,-5.628,-4.887,-5.355,-5.654,-4.936,-5.625,-5.774,-5.57,-5.681,-4.352,-6.204,-5.842,-6.235,-4.932,-5.54,-4.244,-4.62,-4.928,-5.719,-4.73,-3.88,-5.644,-5.446,-4.918,-5.474,-6.258,-7.569,-4.886,-5.143,-5.512,-4.672,-5.712,-4.303,-4.424,-6.929,-6.049,-5.062,-5.358,-5.766,-5.638,-4.905,-5.568,-4.973,-6.057,-5.546,-4.409,-6.197,-4.02,-4.262
OptTAR_Fixed_ligprep_20260117_0.5.maegz:505,-6.125,-5.794,-5.044,-5.243,-5.22,-4.836,-5.348,-5.601,-5.269,-5.5,-5.122,-5.068,-4.929,-4.556,-5.21,-5.465,-4.469,-4.266,-4.607,-4.833,-4.871,-5.109,-4.638,-5.424,-4.384,-5.322,-7.072,-7.435,-5.271,-5.327,-4.529,-5.773,-5.371,-4.389,-4.289,-6.213,-5.539,-5.181,-5.143,-4.91,-5.113,-5.158,-5.054,-4.473,-4.576,-5.268,-6.315,-5.711,-4.627,-5.086
OptTAR_Fixed_ligprep_20260117_0.5.maegz:506,-5.269,-4.235,-4.183,-3.737,-5.148,-5.228,-5.11,-5.343,-5.236,-4.376,-4.9,-5.545,-4.037,-3.232,-6.679,-4.539,-3.883,-3.415,-3.614,-3.598,-5.019,-3.449,-3.711,-4.531,-3.776,-4.815,-5.161,-6.817,-4.55,-3.587,-4.496,-5.726,-4.76,-4.552,-3.85,-4.723,-5.765,-3.712,-2.957,-4.196,-4.276,-4.027,-3.303,-4.994,-4.191,-4.409,-3.619,-4.485,-4.159,-4.853
OptTAR_Fixed_ligprep_20260117_0.5.maegz:507,-5.249,-4.681,-3.332,-4.127,-4.264,-4.388,-3.188,-3.518,-5.319,-4.312,-4.187,-4.976,-3.825,-3.666,-5.933,-4.684,-3.561,-3.542,-3.991,-4.597,-3.083,-4.643,-3.55,-4.672,-4.315,-3.443,-3.814,-6.432,-4.248,-3.891,-2.566,-5.354,-4.414,-3.594,-2.736,-4.342,-5.16,-3.739,-3.177,-4.052,-3.119,-3.757,-4.463,-4.346,-5.055,-4.65,-3.298,-4.925,-3.778,-3.932
OptTAR_Fixed_ligprep_20260117_0.5.maegz:508,-4.206,-4.726,-4.349,-3.774,-4.509,-3.789,-4.437,-4.406,-5.038,-4.964,-4.424,-4.511,-4.02,-3.637,-7.053,-4.394,-4.31,-3.312,-3.563,-4.769,-3.322,-2.343,-3.636,-4.18,-4.277,-3.65,-4.235,-7.228,-4.549,-3.124,-3.903,-5.171,-4.296,-3.979,-3.8,-4.351,-5.206,-3.827,-4.064,-3.671,-5.497,-3.578,-4.54,-4.087,-4.721,-4.614,-3.51,-5.04,-3.294,-3.48
OptTAR_Fixed_ligprep_20260117_0.5.maegz:509,-4.514,-5.248,-3.969,-3.93,-4.874,-3.647,-4.166,-4.538,-4.524,-5.008,-3.878,-6.699,-4.35,-5.304,-6.363,-4.139,-3.571,-3.358,-2.75,-4.092,-2.9,-4.904,-4.295,-4.14,-3.893,-3.398,-4.77,-4.979,-3.892,-5.747,-2.501,-5.391,-3.712,-1.697,-2.468,-4.164,-3.27,-4.434,-4.059,-3.471,-3.912,-4.295,-4.65,-3.458,-4.826,-3.925,-4.515,-4.19,-5.265,-5.351
OptTAR_Fixed_ligprep_20260117_0.5.maegz:510,-2.73,-3.565,-2.581,-4.032,-4.805,-4.579,-2.693,-1.131,-5.271,-4.469,-1.718,-3.985,-2.711,-1.421,-3.186,-2.326,-0.8965,-3.32,-1.712,-4.034,-5.223,-3.439,-3.973,-4.168,-5.42,-1.111,-0.9307,-4.361,-2.944,-1.782,-1.508,-2.727,-3.297,-3.81,-3.288,-4.363,-2.855,-4.266,-4.321,-1.972,-4.923,-1.208,-3.533,-4.71,-4.901,-2.324,-3.031,-2.755,-2.51,-0.5003
OptTAR_Fixed_ligprep_20260117_0.5.maegz:511,-4.885,-4.403,-3.585,-3.118,-4.357,-4.767,-4.787,-3.94,-4.82,-4.984,-3.947,-3.856,-3.426,-3.554,-3.884,-2.901,-1.949,-2.897,-3.905,-2.374,-3.094,-2.53,-2.395,-3.637,-3.584,-1.712,-4.066,-4.639,-3.231,-2.727,-3.209,-3.18,-3.171,-2.584,-3.277,-4.573,-5.365,-2.697,-3.26,-4.346,-4.142,-3.328,-3.185,-2.217,-4.526,-2.749,-3.522,-3.061,-3.462,-2.428
OptTAR_Fixed_ligprep_20260117_0.5.maegz:512,-5.465,-6.432,-6.306,-4.831,-6.396,-5.601,-5.203,-5.367,-5.611,-5.422,-2.154,-5.861,-5.822,-4.96,-6.19,-4.466,-5.214,-4.903,-4.619,-4.077,-4.854,-5.158,-2.551,-4.901,-4.836,-5.976,-4.692,-7.43,-5.158,-4.222,-4.299,-4.205,-4.48,-5.071,-4.429,-5.212,-4.581,-3.506,-4.407,-4.567,-5.154,-4.472,-4.581,-5.984,-6.802,-4.244,-5.941,-5.389,-5.56,-4.701
OptTAR_Fixed_ligprep_20260117_0.5.maegz:513,-5.39,-7.016,-5.305,-5.403,-5.057,-5.476,-4.411,-3.158,-5.104,-5.971,-5.395,-6.985,-5.142,-5.256,-5.096,-3.383,-1.66,-1.822,-5.378,-2.838,-4.822,-3.641,-3.205,-4.574,-3.615,-5.61,-2.161,-7.197,-3.225,-4.818,-5.241,-5.047,-4.48,-3.675,-4.791,-4.441,-3.575,-4.783,-4.106,-3.789,-6.01,-2.102,-4.461,-5.492,-6.13,-1.827,-4.371,-3.453,-1.998,-2.1
OptTAR_Fixed_ligprep_20260117_0.5.maegz:514,-5.041,-6.336,-4.769,-5.614,-5.774,-5.776,-5.875,-5.776,-5.955,-6.309,-3.892,-4.122,-5.085,-3.79,-4.767,-5.628,-3.973,-3.697,-5.148,-5.743,-3.525,-5.448,-5.522,-5.513,-6.719,-4.16,-4.842,-6.789,-5.17,-4.687,-4.054,-6.655,-4.721,-4.805,-4.124,-5.274,-5.77,-4.43,-5.303,-4.977,-5.007,-4.676,-4.92,-2.944,-4.522,-2.954,-5.549,-5.807,-4.131,-4.689
OptTAR_Fixed_ligprep_20260117_0.5.maegz:515,-6.659,-6.713,-4.966,-4.892,-4.456,-5.497,-5.588,-6.015,-5.091,-6.286,-3.943,-5.676,-4.516,-4.026,-4.028,-5.687,-4.284,-4.455,-4.947,-4.256,-4.272,-5.504,-4.104,-4.021,-5.601,-4.757,-5.913,-5.627,-2.414,-5.396,-4.062,-5.326,-4.561,-4.294,-4.325,-4.851,-5.328,-3.878,-5.329,-6.448,-5.382,-3.654,-3.472,-5.978,-5.787,-4.521,-6.311,-5.962,-4.617,-4.852
OptTAR_Fixed_ligprep_20260117_0.5.maegz:516,-5.429,-6.268,-6.072,-4.857,-4.355,-6.501,-5.159,-5.219,-6.417,-5.153,-3.554,-5.25,-4.351,-4.982,-5.968,-4.605,-4.089,-3.322,-5.025,-4.682,-4.629,-5.462,-4.05,-5.253,-5.475,-4.814,-4.915,-5.606,-5.599,-5.373,-2.28,-4.482,-4.5,-4.238,-4.131,-4.5,-5.613,-3.294,-4.698,-5.47,-5.199,-4.782,-3.355,-5.03,-3.868,-2.704,-5.933,-5.438,-4.125,-4.577
OptTAR_Fixed_ligprep_20260117_0.5.maegz:517,-4.373,-5.366,-6.213,-4.987,-5.08,-4.7,-5.565,-4.251,-5.608,-4.939,-4.357,-6.136,-5.563,-4.105,-4.584,-4.653,-3.96,-4.616,-2.972,-4.513,-3.988,-5.407,-5.752,-3.394,-5.137,-3.565,-4.452,-7.123,-4.009,-4.847,-4.8,-2.59,-5.08,-4.903,-4.271,-4.74,-5.307,-5.443,-4.909,-5.955,-5.358,-4.113,-5.283,-5.101,-5.631,-3.045,-5.602,-5.587,-4.34,-3.754
OptTAR_Fixed_ligprep_20260117_0.5.maegz:518,-5.569,-5.226,-6.052,-3.619,-5.09,-6.09,-5.367,-3.195,-6.025,-6.796,-2.997,-7.084,-4.713,-6.036,-5.01,-5.177,-4.43,-4.689,-2.802,-3.659,-3.865,-3.668,-4.071,-5.213,-4.328,-4.225,-4.353,-6.49,-3.071,-3.745,-4.448,-7.349,-4.046,-2.702,-5.262,-5.331,-3.687,-3.591,-3.506,-4.974,-5.166,-5.031,-4.154,-2.986,-4.66,-2.756,-4.506,-3.891,-3.863,-2.719
OptTAR_Fixed_ligprep_20260117_0.5.maegz:519,-2.999,-5.477,-4.703,-5.278,-5.926,-4.079,-4.157,-4.44,-5.571,-4.374,-4.758,-6.565,-4.388,-4.952,-6.664,-3.805,-3.587,-4.604,-4.073,-3.824,-4.833,-3.832,-3.554,-4.503,-4.59,-4.651,-2.57,-6.715,-3.705,-4.826,-5.001,-4.015,-4.529,-3.076,-3.362,-4.309,-2.619,-5.804,-4.811,-4.925,-4.932,-2.752,-1.695,-5.266,-2.876,-3.97,-4.594,-4.787,-2.541,-3.914
OptTAR_Fixed_ligprep_20260117_0.5.maegz:520,-6.344,-5.242,-4.252,-3.999,-5.236,-5.848,-5.673,-4.478,-5.518,-5.045,-5.105,-5.856,-5.014,-4.627,-4.41,-4.044,-4.466,-4.193,-4.469,-4.789,-4.291,-4.258,-5.924,-5.51,-5.723,-5.075,-5.392,-7.327,-4.514,-4.371,-4.746,-4.536,-4.749,-4.656,-4.882,-5.57,-4.582,-4.882,-4.348,-5.416,-4.687,-3.935,-4.552,-4.788,-5.73,-3.929,-5.317,-5.612,-4.048,-4.041
OptTAR_Fixed_ligprep_20260117_0.5.maegz:521,-3.647,-5.19,-3.093,-2.603,-4.545,-2.249,-4.461,-2.619,-4.064,-3.699,-3.573,-3.065,-4.858,-1.967,-5.551,-3.907,-3.035,-2.102,-3.851,-3.803,-2.604,-6.233,-4.094,-4.962,-5.823,-3.446,-3.616,-4.741,-3.712,-4.233,-1.685,-2.327,-2.437,-1.579,-1.551,-1.731,-2.418,-3.297,-3.379,-3.252,-5.458,-1.707,-4.517,-4.077,-2.798,-2.64,-3.985,-3.413,-4.545,-4.669
OptTAR_Fixed_ligprep_20260117_0.5.maegz:522,-3.606,-5.882,-4.868,-2.604,-5.63,-4.881,-5.306,-5.838,-6.766,-5.309,-2.969,-5.8,-4.293,-3.64,-4.425,-3.951,-1.476,-1.283,-4.145,-4.837,-2.073,-4.66,-4.786,-5.366,-5.33,-2.665,-6.222,-3.953,-3.887,-4.098,-3.48,-3.917,-5.019,-2.156,-1.643,-4.253,-5.431,-4.883,-4.505,-3.325,-3.583,-4.207,-2.228,-6.027,-5.437,-3.199,-5.442,-4.758,-5.141,-4.133
OptTAR_Fixed_ligprep_20260117_0.5.maegz:523,-1.755,-4.542,-4.953,-4.504,-5.394,-5.114,-5.198,-2.361,-3.514,-5.191,-3.642,-4.379,-4.7,-2.468,-4.228,-2.656,-3.827,-1.245,-3.73,-1.702,-1.892,-3.469,-1.693,-4.844,-3.461,-1.27,-3.379,-8.094,-2.614,-4.087,-1.264,-4.98,-4.033,-2.601,-1.422,-4.737,-4.018,-5.102,-1.324,-2.824,-2.504,-3.171,-2.336,-1.851,-4.59,-1.329,-5.173,-6.301,-2.877,-2.217
OptTAR_Fixed_ligprep_20260117_0.5.maegz:524,-5.564,-4.072,-4.443,-4.636,-5.486,-3.695,-4.33,-4.864,-4.628,-5.077,-3.665,-5.27,-4.627,-5.788,-4.929,-3.995,-3.81,-3.886,-4.384,-5.236,-5.371,-3.5,-3.29,-4.155,-4.067,-4.661,-5.941,-5.61,-4.37,-4.207,-1.398,-6.107,-3.741,-3.999,-3.673,-4.94,-4.953,-4.424,-4.642,-3.587,-5.612,-3.577,-3.679,-4.495,-5.677,-2.972,-2.854,-3.937,-1.314,-4.302
OptTAR_Fixed_ligprep_20260117_0.5.maegz:525,-6.213,-6.074,-4.911,-5.073,-6.118,-5.589,-5.529,-5.022,-5.976,-6.192,-5.503,-6.546,-4.331,-5.392,-6.601,-5.142,-5.225,-5.918,-5.184,-5.985,-5.129,-4.523,-5.39,-6.279,-5.154,-4.302,-6.366,-7.252,-4.983,-4.63,-4.721,-6.248,-5.231,-4.517,-4.579,-5.539,-5.636,-4.938,-5.436,-4.568,-5.492,-4.493,-4.69,-5.635,-5.468,-5.238,-5.379,-5.717,-6.748,-6.793
OptTAR_Fixed_ligprep_20260117_0.5.maegz:526,-4.148,-4.108,-3.178,-3.326,-3.975,-4.082,-5.392,-3.861,-4.112,-5.029,-3.985,-5.071,-3.778,-3.277,-5.238,-3.522,-3.004,-3.434,-3.752,-4.564,-1.989,-2.057,-3.673,-5.468,-5.11,-3.339,-4.103,-5.16,-3.923,-4.297,-3.626,-2.235,-3.69,-3.93,-3.036,-1.567,-4.194,-3.802,-3.514,-3.495,-4.908,-3.841,-2.137,-3.587,-4.066,-1.453,-2.56,-4.869,-1.913,-3.694
OptTAR_Fixed_ligprep_20260117_0.5.maegz:527,-3.496,-5.315,-3.788,-3.191,-4.396,-3.783,-4.939,-0.6044,-3.465,-5.064,-0.05054,-3.095,-3.838,-1.77,-3.549,-2.913,-1.694,-2.359,-1.485,-0.7325,-2.218,-4.079,-3.571,-3.199,-1.754,-1.436,-2.529,-2.316,-4.174,-3.209,-2.454,-3.659,-2.502,-0.6596,-0.5501,-1.296,-3.915,-3.615,-1.741,-3.57,-1.171,-2.372,-3.04,-3.754,-4.574,-0.9859,-3.519,-3.348,-2.803,-3.135
OptTAR_Fixed_ligprep_20260117_0.5.maegz:528,-6.177,-1.909,-4.432,-4.479,-2.693,-5.381,-6.03,-5.511,-4.54,-5.122,-4.943,-5.02,-4.431,-1.976,-5.842,-4.433,-2.678,-3.917,-2.984,-2.657,-1.898,-2.428,-4.961,-1.837,-3.666,-2.138,-2.584,-3.909,-3.616,-2.566,-5.377,-1.099,-4.057,-2.496,-1.191,-2.542,-4.894,-4.869,-2.418,-3.508,-3.529,-1.534,-3.899,-4.917,-3.78,-1.443,-4.652,-5.779,-2.95,-4.647
OptTAR_Fixed_ligprep_20260117_0.5.maegz:529,-5.61,-5.134,-4.235,-4.023,-4.269,-5.317,-6.005,-5.076,-5.684,-5.646,-3.771,-6.358,-4.169,-2.443,-4.964,-1.753,-1.802,-3.825,-3.129,-4.506,-3.327,-4.0,-3.135,-2.182,-5.33,-5.47,-5.642,-6.535,-4.6,-2.954,-4.99,-3.207,-4.429,-3.686,-2.113,-6.063,-3.632,-3.543,-4.136,-3.793,-4.561,-3.735,-1.431,-3.035,-5.878,-3.161,-2.656,-3.672,-4.387,-3.232
OptTAR_Fixed_ligprep_20260117_0.5.maegz:530,-5.913,-4.662,-4.317,-3.585,-4.192,-3.332,-4.468,-3.008,-3.881,-5.026,-4.031,-4.76,-3.077,-2.316,-2.291,-2.464,-3.297,-3.538,-3.597,-0.4062,-3.905,-3.734,-1.701,-2.467,-3.915,-1.897,-3.35,-5.941,-3.321,-2.82,-3.576,-5.209,-2.428,-1.243,-3.874,-4.708,-3.375,-3.054,-3.66,-4.824,-1.949,-3.873,-1.872,-2.597,-5.112,-3.727,-4.406,-4.299,-1.84,-2.702
OptTAR_Fixed_ligprep_20260117_0.5.maegz:531,-4.542,-5.449,-4.328,-3.879,-5.033,-4.737,-2.095,-2.946,-4.951,-4.55,-4.217,-3.959,-4.185,-5.005,-5.817,-4.334,-3.605,-3.504,-4.114,-4.941,-2.276,-4.787,-3.962,-4.939,-5.477,-5.124,-4.356,-6.224,-3.864,-4.13,-3.433,-3.796,-3.406,-2.814,-3.417,-5.897,-4.154,-4.396,-4.138,-1.924,-4.701,-3.735,-4.896,-4.281,-5.321,-4.241,-2.242,-4.468,-4.738,-4.242
OptTAR_Fixed_ligprep_20260117_0.5.maegz:532,-4.714,-4.379,-4.984,-5.031,-4.248,-6.798,-5.569,-4.929,-6.932,-5.704,-3.838,-5.96,-5.643,-6.501,-5.232,-5.646,-3.694,-4.118,-5.434,-5.237,-4.6,-6.101,-5.17,-6.416,-4.128,-4.052,-5.08,-7.356,-4.885,-5.065,-3.824,-5.782,-5.0,-4.463,-4.486,-4.494,-4.753,-5.064,-5.342,-3.987,-6.027,-4.77,-4.587,-4.98,-6.248,-5.141,-5.524,-5.204,-4.361,-3.51
OptTAR_Fixed_ligprep_20260117_0.5.maegz:533,-3.58,-4.129,-4.613,-5.289,-5.252,-5.286,-5.305,-5.326,-5.674,-4.534,-4.343,-6.141,-5.559,-6.393,-4.768,-4.446,-4.158,-3.859,-4.399,-4.774,-4.02,-4.792,-4.115,-4.883,-6.797,-5.323,-4.705,-7.267,-4.683,-5.244,-5.055,-3.849,-5.487,-4.123,-3.833,-5.641,-2.842,-5.502,-4.75,-4.249,-5.511,-4.126,-5.092,-5.061,-6.006,-4.037,-4.61,-4.338,-4.601,-4.664
OptTAR_Fixed_ligprep_20260117_0.5.maegz:534,-5.952,-5.998,-5.971,-5.853,-3.96,-5.536,-5.818,-5.532,-6.449,-6.125,-5.234,-7.092,-5.754,-5.867,-6.646,-5.595,-5.014,-4.123,-4.623,-4.66,-5.296,-6.333,-4.171,-6.517,-5.412,-6.352,-5.492,-8.074,-5.721,-5.958,-4.501,-5.62,-5.805,-4.564,-4.594,-4.637,-5.611,-5.574,-5.432,-4.671,-5.308,-5.571,-5.353,-6.021,-6.787,-6.795,-5.83,-4.296,-6.478,-6.504
OptTAR_Fixed_ligprep_20260117_0.5.maegz:535,-3.666,-4.313,-3.815,-5.327,-4.934,-3.83,-5.818,-4.888,-4.838,-5.969,-4.991,-5.721,-4.145,-5.28,-6.006,-4.551,-4.589,-4.232,-3.716,-3.666,-3.795,-4.55,-3.642,-5.095,-5.234,-4.323,-5.799,-6.46,-5.551,-3.757,-4.183,-4.804,-4.254,-4.261,-4.283,-4.86,-3.869,-3.558,-5.098,-3.816,-5.542,-4.396,-3.52,-3.148,-5.927,-5.412,-4.755,-5.658,-4.464,-5.467
OptTAR_Fixed_ligprep_20260117_0.5.maegz:536,-5.856,-6.269,-5.11,-4.049,-5.871,-5.924,-5.768,-6.307,-7.011,-6.088,-5.15,-8.019,-5.254,-6.081,-6.262,-6.195,-3.366,-4.63,-5.277,-5.414,-4.835,-3.478,-5.55,-5.772,-6.088,-4.866,-5.668,-7.316,-4.573,-5.788,-4.795,-6.616,-4.333,-4.254,-3.607,-5.222,-5.806,-5.349,-4.539,-5.0,-5.261,-4.856,-5.898,-4.8,-6.442,-4.68,-5.761,-4.411,-5.401,-4.669
OptTAR_Fixed_ligprep_20260117_0.5.maegz:537,-4.374,-4.014,-3.337,-4.133,-2.922,-5.982,-3.961,-5.149,-4.011,-5.525,-2.707,-5.98,-3.07,-4.098,-3.299,-5.447,-2.069,-4.751,-3.553,-3.633,-2.318,-2.39,-4.224,-4.19,-3.951,-3.613,-4.937,-4.223,-4.684,-4.042,-2.138,-4.874,-3.692,-3.318,-2.871,-2.704,-3.68,-4.209,-3.893,-5.356,-2.072,-4.422,-1.671,-3.679,-5.262,-4.407,-4.21,-3.744,-2.463,-3.745
OptTAR_Fixed_ligprep_20260117_0.5.maegz:538,-5.768,-6.018,-5.848,-5.168,-5.232,-4.08,-5.231,-6.167,-5.855,-6.275,-4.486,-6.811,-5.546,-5.153,-6.976,-5.856,-4.882,-4.488,-4.419,-4.441,-5.143,-4.811,-4.427,-5.654,-5.247,-6.078,-7.626,-7.853,-5.513,-5.943,-4.525,-6.624,-5.498,-4.768,-3.838,-4.788,-4.664,-4.861,-5.038,-5.768,-4.806,-4.49,-4.348,-4.877,-5.987,-4.258,-5.47,-5.963,-6.367,-5.861
OptTAR_Fixed_ligprep_20260117_0.5.maegz:539,-2.951,-3.411,-4.399,-3.734,-4.439,-4.875,-3.495,-4.335,-5.408,-3.756,-3.138,-4.879,-3.901,-4.142,-5.275,-4.005,-3.61,-0.9872,-3.075,-3.501,-2.098,-3.885,-3.383,-3.66,-4.443,-2.995,-5.306,-5.025,-3.472,-3.56,-2.273,-4.992,-4.611,-3.132,-1.539,-5.147,-4.47,-3.233,-3.365,-3.719,-4.697,-3.542,-3.829,-4.477,-4.804,-2.273,-2.539,-3.208,-2.932,-2.131
OptTAR_Fixed_ligprep_20260117_0.5.maegz:540,-5.269,-5.028,-4.212,-4.722,-5.567,-4.395,-4.757,-4.482,-4.972,-5.406,-4.531,-6.937,-5.231,-5.395,-6.943,-5.234,-4.182,-4.187,-4.822,-4.198,-4.542,-4.143,-6.01,-6.693,-5.089,-5.484,-7.042,-7.091,-4.345,-4.684,-3.956,-6.076,-5.32,-5.02,-4.463,-5.462,-5.741,-5.108,-4.24,-4.62,-5.675,-4.087,-6.246,-4.716,-5.026,-4.824,-5.634,-4.463,-4.597,-5.14
OptTAR_Fixed_ligprep_20260117_0.5.maegz:541,-6.396,-4.839,-4.668,-4.206,-5.261,-5.091,-4.567,-5.137,-5.613,-6.076,-4.406,-6.855,-4.275,-3.573,-4.785,-4.843,-3.837,-4.257,-4.053,-4.369,-4.155,-4.065,-4.431,-4.944,-4.26,-4.923,-6.405,-7.394,-4.849,-4.768,-4.037,-6.1,-5.238,-3.888,-3.6,-4.996,-5.031,-4.308,-4.561,-4.278,-4.995,-4.165,-4.581,-4.928,-5.129,-3.96,-3.84,-5.596,-5.241,-4.492
OptTAR_Fixed_ligprep_20260117_0.5.maegz:542,-4.409,-4.55,-3.261,-3.61,-3.878,-3.831,-3.621,-4.429,-4.469,-4.539,-3.679,-4.758,-3.586,-4.519,-5.29,-4.437,-3.844,-3.323,-2.74,-4.53,-4.225,-4.148,-3.782,-5.488,-3.837,-3.136,-4.754,-6.549,-3.308,-3.872,-3.022,-3.369,-4.14,-4.53,-4.03,-4.368,-3.802,-3.658,-3.063,-5.029,-4.561,-4.036,-2.91,-2.245,-3.68,-4.127,-3.569,-4.996,-4.498,-3.714
OptTAR_Fixed_ligprep_20260117_0.5.maegz:543,-7.039,-5.484,-5.309,-5.813,-5.032,-5.43,-5.76,-5.126,-6.535,-6.657,-4.876,-4.493,-5.084,-5.496,-6.175,-5.509,-5.19,-4.785,-5.087,-4.501,-4.622,-5.303,-3.727,-6.117,-4.465,-5.396,-6.007,-7.215,-5.373,-6.045,-4.362,-4.38,-5.46,-5.213,-4.542,-5.687,-6.352,-4.769,-5.334,-5.907,-5.025,-4.825,-5.014,-5.937,-6.353,-4.496,-5.927,-6.892,-4.908,-6.463
OptTAR_Fixed_ligprep_20260117_0.5.maegz:544,-7.699,-6.108,-5.986,-4.676,-7.784,-6.006,-6.042,-5.922,-5.157,-7.634,-5.693,-6.134,-5.212,-5.55,-7.655,-6.119,-5.091,-4.632,-4.535,-5.558,-4.908,-6.806,-5.12,-5.115,-5.74,-5.434,-6.06,-7.661,-6.38,-5.589,-5.365,-6.526,-5.594,-4.92,-4.194,-5.971,-7.164,-5.176,-5.504,-6.614,-5.943,-5.018,-5.239,-5.234,-5.554,-5.517,-7.126,-6.553,-5.963,-6.786
OptTAR_Fixed_ligprep_20260117_0.5.maegz:545,-6.247,-5.363,-4.477,-5.314,-5.545,-6.102,-5.725,-4.582,-5.721,-5.24,-4.316,-5.606,-4.917,-4.663,-7.381,-4.436,-4.325,-3.773,-4.842,-5.135,-4.565,-4.46,-5.31,-4.917,-4.807,-4.764,-5.98,-6.66,-4.268,-5.213,-4.676,-4.864,-4.476,-4.611,-4.458,-4.777,-4.84,-4.852,-4.292,-5.026,-5.017,-4.063,-4.755,-5.368,-6.234,-4.399,-4.732,-5.804,-5.683,-5.356
OptTAR_Fixed_ligprep_20260117_0.5.maegz:546,-5.222,-4.198,-2.173,-4.765,-4.569,-5.358,-4.66,-5.049,-5.8,-3.692,-2.966,-6.166,-4.775,-4.394,-7.045,-3.461,-3.676,-4.693,-1.934,-4.685,-3.552,-3.807,-5.045,-5.062,-4.296,-5.412,-6.502,-6.845,-5.43,-2.953,-3.338,-6.732,-2.504,-3.314,-2.938,-5.943,-6.251,-4.809,-3.808,-4.256,-4.395,-4.774,-5.041,-5.648,-5.069,-4.204,-3.767,-3.692,-3.358,-5.463
OptTAR_Fixed_ligprep_20260117_0.5.maegz:547,-5.566,-5.346,-5.846,-5.551,-5.982,-6.134,-5.477,-4.777,-5.824,-5.996,-4.552,-6.667,-5.136,-4.948,-5.228,-5.539,-4.245,-4.699,-5.34,-4.863,-4.693,-5.059,-4.819,-5.007,-4.684,-4.195,-4.479,-6.239,-5.32,-4.141,-5.313,-4.386,-4.98,-5.321,-3.928,-4.855,-5.693,-5.505,-4.932,-6.077,-4.799,-5.169,-5.859,-5.264,-6.11,-5.039,-5.734,-6.298,-6.314,-6.407
OptTAR_Fixed_ligprep_20260117_0.5.maegz:548,-5.11,-1.09,-1.305,-3.369,-4.483,-4.774,-2.076,-4.459,-3.96,-2.94,-2.371,-4.85,-3.529,-2.039,-5.241,-3.204,-2.812,-3.308,-4.561,-4.431,-3.648,-3.628,-2.886,-2.69,-3.777,-3.93,-5.034,-6.291,-3.676,-4.629,-4.334,-3.886,-4.547,-4.758,-4.039,-4.813,-3.776,-3.357,-3.881,-1.728,-2.453,-3.774,-1.747,-4.996,-5.609,-1.254,-4.841,-4.174,-3.405,-3.46
OptTAR_Fixed_ligprep_20260117_0.5.maegz:549,-4.895,-6.242,-3.673,-5.108,-2.461,-4.492,-5.059,-4.891,-6.385,-6.327,-2.995,-2.981,-2.436,-3.717,-4.603,-4.412,-2.613,-2.724,-3.321,-2.998,-3.232,-1.899,-2.459,-5.743,-3.543,-2.531,-4.408,-6.142,-3.501,-4.107,-1.587,-3.869,-4.54,-5.195,-3.195,-3.194,-4.448,-3.944,-3.858,-3.653,-5.118,-1.57,-4.146,-2.746,-4.331,-4.164,-1.978,-2.787,-3.412,-4.858
OptTAR_Fixed_ligprep_20260117_0.5.maegz:550,-4.728,-4.384,-4.706,-4.863,-5.038,-4.408,-3.546,-4.826,-5.726,-3.73,-5.977,-5.955,-4.577,-3.55,-4.178,-5.769,-3.946,-4.35,-4.462,-3.665,-4.382,-4.389,-5.175,-4.766,-4.749,-5.429,-6.787,-6.701,-4.474,-4.033,-5.082,-6.146,-5.145,-3.957,-3.713,-5.276,-4.611,-4.04,-4.548,-5.11,-2.833,-5.522,-3.607,-5.246,-4.563,-3.705,-4.668,-5.201,-3.605,-4.909
OptTAR_Fixed_ligprep_20260117_0.5.maegz:551,-6.077,-4.702,-4.429,-4.211,-5.506,-4.805,-3.714,-3.256,-5.384,-5.918,-4.294,-6.313,-4.758,-6.033,-5.093,-5.188,-4.102,-2.436,-4.077,-4.863,-3.276,-4.359,-4.135,-4.113,-4.598,-2.592,-6.552,-3.19,-5.296,-2.728,-3.92,-5.782,-4.725,-3.521,-4.249,-3.782,-3.054,-4.101,-4.037,-4.758,-4.174,-2.828,-3.666,-4.22,-5.63,-2.329,-2.854,-3.359,-3.918,-4.668
OptTAR_Fixed_ligprep_20260117_0.5.maegz:552,-6.498,-5.438,-4.938,-4.808,-5.717,-5.587,-4.897,-4.769,-5.379,-6.05,-5.419,-6.695,-5.529,-4.125,-5.662,-5.115,-3.886,-4.837,-4.025,-3.46,-4.696,-5.213,-5.411,-5.035,-5.239,-4.561,-5.867,-5.513,-4.69,-4.514,-4.117,-5.915,-4.841,-3.975,-3.86,-5.822,-5.094,-4.394,-3.609,-5.991,-4.868,-4.381,-4.454,-5.381,-5.554,-4.383,-4.865,-5.658,-4.74,-4.906
OptTAR_Fixed_ligprep_20260117_0.5.maegz:553,-7.208,-5.538,-5.11,-5.33,-6.382,-5.539,-6.263,-4.811,-4.943,-6.176,-4.647,-6.992,-4.698,-4.881,-4.331,-5.388,-3.614,-4.466,-4.455,-4.716,-5.566,-5.579,-5.584,-4.768,-6.126,-4.347,-7.029,-5.697,-4.752,-5.187,-4.508,-5.574,-5.355,-3.771,-3.622,-4.891,-5.73,-4.121,-5.852,-4.804,-5.738,-4.82,-4.903,-5.303,-6.524,-4.663,-4.878,-5.188,-6.653,-5.395
OptTAR_Fixed_ligprep_20260117_0.5.maegz:554,-6.413,-5.315,-5.301,-5.379,-4.916,-5.286,-5.664,-4.415,-6.625,-6.41,-4.447,-6.947,-5.375,-5.628,-6.893,-5.193,-4.697,-4.025,-4.631,-4.336,-5.05,-5.826,-5.295,-5.756,-5.796,-6.33,-6.505,-6.352,-4.745,-5.442,-4.66,-6.646,-5.095,-4.087,-4.628,-5.595,-4.186,-5.103,-4.431,-5.91,-5.239,-5.037,-4.388,-5.81,-5.607,-4.172,-5.547,-6.108,-5.892,-5.203
OptTAR_Fixed_ligprep_20260117_0.5.maegz:555,-6.671,-4.343,-5.508,-5.685,-4.694,-5.119,-6.126,-4.426,-5.675,-5.957,-4.123,-7.353,-4.351,-5.006,-6.552,-4.952,-4.209,-4.294,-4.605,-4.925,-4.579,-5.517,-4.961,-4.644,-4.542,-6.24,-6.442,-7.705,-5.159,-5.628,-4.79,-5.901,-5.219,-5.562,-3.489,-5.198,-6.09,-5.103,-4.652,-3.57,-4.787,-5.023,-4.607,-5.295,-6.1,-5.057,-5.445,-4.964,-6.278,-4.967
OptTAR_Fixed_ligprep_20260117_0.5.maegz:556,-7.127,-6.215,-5.147,-6.01,-6.247,-6.12,-6.027,-5.408,-5.951,-7.177,-4.985,-6.471,-6.083,-5.889,-5.325,-4.548,-4.436,-4.92,-5.217,-5.014,-4.855,-6.302,-5.383,-6.238,-5.121,-5.395,-7.293,-7.6,-5.62,-5.738,-4.94,-6.313,-5.383,-4.755,-4.067,-5.624,-5.374,-5.1,-4.838,-4.674,-5.745,-4.652,-5.242,-4.888,-5.336,-5.214,-4.931,-5.876,-5.744,-5.537
OptTAR_Fixed_ligprep_20260117_0.5.maegz:557,-5.126,-5.338,-5.145,-4.835,-5.273,-5.773,-5.605,-5.663,-5.6,-6.678,-5.181,-6.449,-5.275,-5.42,-5.335,-6.042,-5.119,-5.072,-4.323,-5.506,-4.392,-5.456,-5.825,-6.037,-4.931,-5.003,-6.882,-7.245,-4.932,-4.767,-5.256,-6.946,-6.157,-4.841,-4.427,-5.823,-5.888,-5.576,-4.929,-4.803,-5.786,-6.464,-5.325,-4.698,-5.897,-5.429,-5.393,-5.302,-5.274,-6.036
OptTAR_Fixed_ligprep_20260117_0.5.maegz:558,-5.313,-5.419,-4.686,-4.158,-5.178,-5.045,-4.919,-4.747,-5.472,-5.674,-4.987,-6.215,-3.738,-4.634,-6.312,-4.065,-3.7,-4.346,-3.948,-4.416,-5.141,-4.376,-5.602,-5.594,-5.491,-4.383,-6.297,-6.995,-4.644,-4.431,-5.007,-7.178,-4.418,-4.063,-3.788,-5.905,-5.407,-4.666,-5.124,-6.149,-4.794,-3.997,-4.359,-4.799,-5.211,-5.762,-4.909,-4.49,-5.307,-5.293
OptTAR_Fixed_ligprep_20260117_0.5.maegz:559,-6.442,-6.854,-5.176,-5.611,-5.639,-6.057,-6.716,-5.833,-5.722,-6.201,-5.496,-7.982,-5.012,-6.302,-7.606,-6.172,-4.803,-5.161,-5.262,-5.526,-5.188,-5.802,-5.81,-5.409,-5.285,-5.408,-7.446,-7.329,-5.758,-5.539,-6.247,-7.353,-5.512,-5.654,-4.852,-6.139,-6.85,-5.467,-5.177,-5.988,-6.235,-5.571,-5.519,-5.95,-5.64,-6.154,-6.072,-5.748,-5.105,-6.244
OptTAR_Fixed_ligprep_20260117_0.5.maegz:560,-6.85,-5.828,-5.199,-6.071,-5.838,-5.383,-6.379,-6.354,-7.287,-6.047,-5.261,-6.138,-4.791,-4.351,-6.47,-5.553,-4.663,-4.755,-5.353,-5.385,-5.142,-6.896,-5.72,-5.998,-5.085,-5.269,-6.919,-8.367,-4.836,-5.579,-6.144,-7.984,-6.706,-5.537,-4.539,-7.016,-5.229,-6.083,-5.375,-5.817,-6.479,-4.855,-5.943,-5.967,-5.3,-5.6,-6.299,-5.5,-5.231,-6.415
OptTAR_Fixed_ligprep_20260117_0.5.maegz:561,-6.522,-6.716,-4.815,-5.833,-5.652,-5.913,-6.422,-6.027,-7.013,-6.09,-5.819,-7.958,-5.688,-5.718,-7.641,-6.288,-4.914,-5.11,-5.642,-5.344,-4.907,-5.576,-5.592,-6.223,-4.774,-5.928,-7.37,-7.82,-5.91,-5.525,-6.456,-7.357,-5.522,-6.176,-5.396,-5.664,-5.573,-5.474,-5.566,-5.939,-5.706,-5.821,-5.428,-6.095,-6.272,-6.555,-5.797,-6.845,-6.262,-4.988
OptTAR_Fixed_ligprep_20260117_0.5.maegz:562,-6.811,-5.955,-4.949,-6.034,-6.142,-5.363,-6.018,-5.453,-6.179,-6.924,-6.129,-6.675,-4.822,-6.013,-7.864,-5.057,-4.948,-5.337,-5.194,-4.921,-4.869,-5.286,-6.245,-5.275,-6.964,-5.21,-7.502,-8.87,-5.238,-5.777,-5.886,-7.163,-5.219,-5.87,-4.81,-5.869,-5.793,-5.217,-5.36,-5.704,-6.699,-5.973,-5.61,-6.12,-6.092,-6.462,-5.843,-5.771,-6.857,-6.238
OptTAR_Fixed_ligprep_20260117_0.5.maegz:563,-7.378,-7.122,-5.849,-5.919,-6.233,-6.385,-6.197,-6.459,-5.836,-6.769,-6.099,-7.548,-5.486,-5.727,-6.917,-5.852,-4.754,-5.08,-5.484,-5.671,-5.938,-5.53,-5.172,-6.182,-5.43,-5.965,-8.035,-9.204,-5.902,-5.596,-6.232,-7.205,-5.698,-5.87,-4.7,-6.625,-6.444,-5.311,-5.379,-6.536,-5.794,-5.388,-5.836,-6.499,-6.845,-6.11,-6.147,-5.508,-5.472,-5.042
OptTAR_Fixed_ligprep_20260117_0.5.maegz:564,-6.104,-5.457,-5.157,-5.348,-4.312,-7.073,-5.204,-5.65,-5.472,-6.128,-5.278,-5.505,-5.308,-6.486,-5.678,-5.577,-4.779,-4.586,-5.445,-5.14,-5.094,-5.235,-4.326,-6.008,-4.695,-4.886,-5.847,-7.247,-5.58,-4.683,-5.745,-6.103,-5.019,-4.196,-5.149,-5.027,-5.515,-5.341,-4.559,-5.778,-5.24,-4.66,-5.271,-4.601,-6.258,-5.423,-5.393,-5.71,-4.871,-4.765
OptTAR_Fixed_ligprep_20260117_0.5.maegz:565,-6.301,-4.721,-4.828,-2.109,-5.081,-3.825,-4.602,-4.01,-3.929,-4.339,-4.621,-4.982,-4.025,-5.208,-3.056,-3.608,-4.726,-2.197,-3.739,-4.677,-4.321,-5.045,-5.004,-3.918,-3.444,-3.715,-3.521,-6.727,-4.178,-5.115,-2.802,-6.407,-5.504,-4.0,-2.353,-4.007,-3.639,-3.612,-5.46,-3.699,-2.709,-3.396,-4.624,-3.697,-3.774,-3.841,-4.863,-4.033,-2.38,-5.361
OptTAR_Fixed_ligprep_20260117_0.5.maegz:566,-4.457,-4.984,-4.933,-3.812,-4.153,-4.487,-4.18,-4.339,-4.844,-5.066,-4.116,-5.789,-4.1,-4.633,-3.874,-3.957,-3.365,-2.957,-4.298,-3.862,-4.115,-4.797,-4.486,-3.987,-4.852,-4.591,-4.749,-6.012,-3.829,-3.527,-3.611,-5.159,-4.325,-3.949,-3.846,-4.211,-4.533,-3.756,-4.295,-4.356,-4.636,-3.874,-3.197,-3.475,-4.268,-4.101,-4.382,-3.846,-4.062,-4.127
OptTAR_Fixed_ligprep_20260117_0.5.maegz:567,-6.591,-5.257,-4.707,-4.394,-5.804,-5.598,-4.68,-5.117,-6.235,-6.43,-5.56,-6.379,-5.53,-4.703,-4.591,-4.871,-4.33,-3.861,-4.738,-5.359,-4.796,-4.501,-5.529,-4.894,-5.653,-4.942,-6.093,-7.514,-4.876,-4.763,-4.971,-5.741,-4.844,-5.48,-5.929,-6.607,-5.493,-5.176,-4.867,-4.475,-5.935,-4.639,-4.525,-4.995,-5.942,-4.623,-4.63,-5.494,-4.282,-5.2
OptTAR_Fixed_ligprep_20260117_0.5.maegz:568,-5.387,-5.103,-4.006,-4.237,-4.92,-4.644,-4.15,-5.145,-6.608,-5.164,-4.454,-6.283,-4.098,-4.387,-5.531,-4.131,-3.339,-3.453,-3.927,-3.798,-4.575,-5.491,-4.629,-4.178,-4.106,-3.761,-4.478,-5.453,-4.161,-5.208,-3.477,-4.941,-4.172,-3.586,-4.04,-4.73,-4.352,-4.513,-4.055,-4.57,-4.954,-3.418,-3.921,-4.086,-4.501,-3.52,-4.572,-4.638,-4.08,-4.08
OptTAR_Fixed_ligprep_20260117_0.5.maegz:569,-5.143,-4.951,-3.948,-4.756,-5.111,-4.769,-4.527,-4.323,-5.921,-5.684,-4.528,-6.051,-4.093,-4.408,-6.021,-3.913,-3.508,-3.914,-3.875,-3.778,-3.504,-4.685,-4.348,-4.347,-5.361,-4.056,-5.415,-6.786,-3.329,-4.206,-4.097,-5.751,-4.056,-4.052,-3.997,-5.181,-4.03,-4.534,-3.836,-4.303,-4.343,-3.779,-4.09,-4.532,-3.814,-3.492,-4.242,-4.133,-4.281,-4.14
OptTAR_Fixed_ligprep_20260117_0.5.maegz:570,-5.47,-5.05,-4.413,-4.824,-4.932,-4.929,-4.528,-4.538,-5.383,-5.751,-4.828,-6.104,-4.723,-4.776,-4.007,-4.077,-4.196,-3.65,-3.571,-4.194,-4.254,-3.812,-4.495,-5.127,-5.44,-4.742,-6.406,-6.442,-4.674,-4.085,-4.092,-5.999,-4.587,-4.062,-4.312,-5.515,-4.167,-3.936,-4.469,-5.193,-5.216,-3.961,-4.208,-4.429,-4.572,-3.957,-4.249,-4.319,-4.126,-4.614
OptTAR_Fixed_ligprep_20260117_0.5.maegz:571,-5.238,-5.239,-4.119,-4.475,-4.994,-4.501,-4.336,-4.46,-5.35,-5.172,-4.436,-5.468,-3.996,-4.284,-5.779,-4.311,-3.313,-3.119,-3.257,-3.974,-4.633,-3.64,-4.079,-3.814,-5.471,-4.919,-6.08,-6.249,-3.762,-4.016,-3.761,-5.646,-4.389,-4.006,-4.905,-4.922,-4.343,-4.014,-3.97,-4.327,-4.638,-3.807,-3.83,-4.344,-4.987,-4.528,-4.009,-4.065,-4.288,-3.883
OptTAR_Fixed_ligprep_20260117_0.5.maegz:572,-5.361,-5.103,-4.126,-4.53,-4.845,-4.72,-4.921,-5.436,-5.579,-5.899,-4.281,-5.807,-4.21,-4.892,-6.318,-5.053,-3.836,-4.562,-3.917,-5.168,-4.433,-4.243,-4.6,-5.458,-5.76,-3.828,-5.993,-6.729,-4.745,-4.555,-4.76,-6.455,-4.837,-4.282,-4.985,-5.3,-4.893,-4.166,-3.829,-4.506,-5.084,-4.04,-4.18,-4.359,-4.719,-5.447,-4.939,-3.634,-4.974,-4.63
OptTAR_Fixed_ligprep_20260117_0.5.maegz:573,-4.08,-5.186,-4.422,-4.943,-5.865,-4.932,-5.316,-5.099,-5.129,-5.686,-5.111,-6.163,-4.022,-4.219,-6.263,-5.054,-3.798,-3.578,-3.801,-4.241,-4.795,-4.96,-3.851,-3.855,-4.587,-4.629,-5.536,-6.506,-4.71,-4.461,-4.841,-6.404,-4.599,-4.732,-4.757,-4.73,-6.085,-4.17,-3.96,-4.354,-5.25,-3.596,-4.363,-6.145,-4.801,-5.76,-4.402,-4.504,-5.116,-3.96
OptTAR_Fixed_ligprep_20260117_0.5.maegz:574,-5.222,-5.049,-4.912,-4.707,-5.188,-5.276,-5.288,-4.239,-5.778,-5.317,-4.598,-6.382,-4.989,-5.199,-6.185,-5.377,-4.393,-4.112,-4.194,-4.195,-4.735,-4.837,-4.245,-5.459,-4.698,-4.909,-6.125,-7.78,-5.352,-5.062,-4.284,-4.209,-5.021,-3.76,-3.631,-5.163,-5.181,-4.295,-5.49,-4.851,-5.259,-4.252,-5.838,-5.375,-4.689,-4.461,-4.223,-4.917,-4.454,-4.239
OptTAR_Fixed_ligprep_20260117_0.5.maegz:575,-4.894,-5.378,-4.597,-5.791,-5.903,-4.234,-5.702,-5.023,-6.454,-6.074,-5.502,-5.968,-5.003,-4.698,-6.218,-6.128,-4.548,-4.701,-5.111,-4.892,-4.69,-5.108,-5.668,-5.182,-4.781,-5.066,-6.191,-6.869,-5.667,-5.715,-5.913,-6.822,-5.785,-5.206,-5.221,-4.991,-5.513,-5.035,-5.216,-5.132,-5.74,-4.876,-5.169,-6.383,-6.543,-4.651,-4.799,-4.69,-5.314,-5.91
OptTAR_Fixed_ligprep_20260117_0.5.maegz:576,-6.342,-5.719,-4.832,-5.259,-5.221,-4.537,-5.075,-5.522,-7.102,-6.179,-4.596,-6.883,-5.336,-5.2,-6.368,-5.578,-4.348,-4.573,-4.77,-6.38,-4.222,-5.441,-5.565,-5.429,-5.344,-5.515,-6.931,-6.554,-4.552,-4.365,-5.79,-7.897,-5.438,-4.749,-4.546,-4.398,-5.018,-5.314,-5.183,-6.257,-6.106,-4.496,-5.322,-5.945,-5.09,-4.906,-5.774,-6.066,-5.392,-5.907
OptTAR_Fixed_ligprep_20260117_0.5.maegz:577,-3.481,-2.92,-5.503,-3.765,-3.409,-4.298,-4.315,-2.238,-3.348,-2.226,-3.963,-3.95,-3.126,-2.811,-3.034,-4.252,-3.229,-2.854,-3.486,-3.074,-2.44,-3.195,-4.196,-2.472,-3.016,-3.761,-3.717,-6.337,-3.317,-3.686,-3.038,-3.692,-4.678,-3.155,-1.42,-2.176,-4.003,-2.974,-2.52,-4.662,-3.811,-2.947,-2.876,-3.957,-3.745,-2.64,-3.075,-3.644,-4.489,-2.988
OptTAR_Fixed_ligprep_20260117_0.5.maegz:578,-5.455,-4.978,-4.545,-5.19,-4.938,-5.52,-5.547,-5.026,-5.433,-6.183,-5.428,-6.875,-5.142,-4.387,-5.184,-5.517,-4.314,-4.796,-4.672,-4.756,-4.546,-5.359,-4.598,-5.741,-4.953,-5.351,-6.586,-4.919,-5.1,-5.763,-5.032,-3.971,-5.751,-4.838,-3.891,-5.155,-5.598,-5.285,-4.176,-5.13,-4.493,-4.07,-4.111,-5.371,-6.893,-5.081,-4.339,-4.778,-6.51,-5.514
OptTAR_Fixed_ligprep_20260117_0.5.maegz:579,-5.192,-4.296,-5.441,-4.78,-4.932,-4.711,-6.262,-5.53,-6.061,-6.475,-5.137,-6.698,-4.054,-5.065,-4.21,-5.393,-4.213,-4.109,-5.04,-4.347,-4.34,-4.389,-4.101,-4.61,-4.033,-5.596,-6.224,-6.365,-4.696,-4.478,-4.725,-3.775,-5.064,-4.259,-3.437,-5.69,-5.01,-4.367,-4.751,-5.108,-4.841,-5.063,-4.777,-6.388,-5.616,-4.346,-5.643,-5.596,-5.592,-5.45
OptTAR_Fixed_ligprep_20260117_0.5.maegz:580,-5.645,-6.247,-4.914,-4.456,-5.945,-5.406,-5.394,-4.887,-6.403,-5.545,-4.251,-5.709,-5.391,-5.167,-6.219,-5.221,-4.396,-4.911,-3.947,-4.794,-4.883,-4.73,-5.323,-5.207,-4.763,-4.874,-5.559,-7.148,-4.914,-5.532,-3.888,-5.889,-4.486,-5.188,-4.652,-5.831,-5.408,-4.527,-4.495,-4.993,-5.47,-4.598,-4.217,-4.713,-4.959,-6.361,-4.419,-4.508,-5.68,-4.758
OptTAR_Fixed_ligprep_20260117_0.5.maegz:581,-4.587,-4.971,-4.53,-2.929,-4.608,-4.83,-3.917,-4.407,-3.606,-6.032,-2.969,-6.148,-4.212,-2.794,-3.161,-3.994,-3.317,-3.203,-2.266,-4.446,-2.005,-4.773,-3.53,-4.856,-3.997,-3.553,-3.678,-4.598,-3.746,-3.772,-1.184,-4.889,-5.367,-2.967,-3.5,-4.662,-4.156,-2.954,-4.371,-3.95,-4.741,-4.491,-3.342,-4.786,-4.988,-4.479,-3.962,-4.314,-2.731,-3.902
OptTAR_Fixed_ligprep_20260117_0.5.maegz:582,-4.959,-3.733,-4.694,-4.49,-5.723,-6.814,-5.155,-4.571,-6.265,-5.31,-4.742,-3.72,-4.213,-5.608,-4.484,-4.755,-3.876,-2.405,-5.087,-4.707,-3.822,-4.618,-3.37,-4.3,-5.761,-5.308,-4.837,-6.554,-4.82,-4.51,-5.26,-4.122,-5.423,-4.567,-3.904,-5.638,-3.512,-4.309,-4.188,-4.935,-5.385,-4.54,-4.459,-6.174,-5.24,-2.797,-4.483,-5.069,-4.686,-4.949
OptTAR_Fixed_ligprep_20260117_0.5.maegz:583,-6.568,-5.971,-4.852,-6.381,-5.635,-4.865,-5.254,-6.359,-5.951,-6.861,-5.203,-6.758,-5.34,-5.556,-5.644,-5.397,-5.044,-5.393,-5.281,-5.462,-4.185,-4.671,-5.63,-5.683,-5.049,-5.031,-7.67,-8.563,-5.543,-4.965,-5.119,-6.682,-5.628,-4.855,-5.914,-5.979,-5.261,-5.597,-4.222,-6.602,-6.218,-4.977,-5.541,-6.181,-6.053,-4.596,-5.984,-5.961,-5.829,-5.86
OptTAR_Fixed_ligprep_20260117_0.5.maegz:584,-3.636,-4.608,-4.248,-3.862,-4.603,-3.33,-4.393,-4.234,-4.025,-6.017,-3.82,-4.618,-2.925,-3.775,-3.606,-5.174,-3.287,-3.55,-4.067,-4.343,-4.116,-3.41,-4.031,-4.29,-3.514,-3.481,-4.944,-6.492,-4.44,-2.893,-4.365,-4.614,-3.857,-3.337,-3.729,-4.618,-4.715,-4.212,-2.9,-3.558,-4.934,-3.845,-3.465,-3.937,-4.746,-3.96,-4.714,-3.25,-3.556,-4.634
OptTAR_Fixed_ligprep_20260117_0.5.maegz:585,-4.909,-6.281,-4.265,-4.743,-4.637,-5.2,-4.556,-4.383,-5.365,-5.368,-4.148,-6.105,-4.903,-4.874,-4.188,-5.24,-4.08,-2.327,-5.113,-4.283,-5.06,-4.766,-5.533,-4.752,-4.744,-4.556,-4.434,-5.49,-4.233,-5.103,-4.899,-3.872,-4.834,-4.182,-3.855,-4.786,-5.257,-4.562,-5.932,-5.166,-4.376,-4.666,-4.21,-5.071,-6.046,-4.247,-4.143,-4.771,-4.321,-4.483
OptTAR_Fixed_ligprep_20260117_0.5.maegz:586,-4.656,-5.463,-4.709,-4.16,-3.799,-4.8,-4.545,-4.399,-5.645,-6.403,-4.33,-4.947,-5.065,-4.736,-3.829,-4.216,-4.401,-4.669,-4.302,-5.311,-4.685,-4.721,-4.689,-4.454,-4.056,-4.795,-4.458,-6.028,-4.507,-4.905,-3.631,-5.907,-4.351,-4.046,-4.754,-4.144,-4.716,-4.448,-5.255,-4.988,-4.359,-4.666,-4.357,-4.323,-5.515,-4.469,-4.375,-4.34,-4.534,-4.902
OptTAR_Fixed_ligprep_20260117_0.5.maegz:587,-4.496,-3.311,-4.251,-4.424,-3.496,-4.359,-4.392,-5.294,-5.159,-4.616,-3.966,-5.744,-4.5,-4.637,-4.462,-5.062,-4.297,-4.422,-3.771,-3.868,-4.712,-4.348,-4.318,-4.526,-4.033,-4.297,-6.418,-7.319,-3.833,-4.463,-3.785,-3.66,-4.069,-4.196,-3.976,-3.761,-3.468,-4.397,-4.999,-4.241,-5.002,-4.311,-3.557,-4.233,-4.264,-3.531,-4.588,-4.027,-3.242,-3.941
OptTAR_Fixed_ligprep_20260117_0.5.maegz:588,-3.914,-3.416,-3.627,-4.403,-4.141,-4.639,-4.565,-4.414,-5.925,-5.545,-3.818,-6.628,-4.151,-4.55,-5.19,-4.452,-3.829,-3.717,-4.498,-3.405,-3.993,-4.352,-3.915,-4.574,-4.108,-4.208,-4.794,-5.861,-4.144,-4.809,-4.282,-3.969,-3.506,-4.068,-4.213,-3.606,-4.607,-4.095,-4.425,-4.346,-3.586,-4.093,-3.681,-4.372,-4.658,-3.16,-4.454,-4.718,-5.235,-3.577
OptTAR_Fixed_ligprep_20260117_0.5.maegz:589,-5.364,-5.313,-4.143,-5.438,-5.707,-5.036,-6.026,-3.759,-6.382,-6.178,-4.518,-6.222,-4.487,-5.258,-6.137,-4.836,-4.546,-4.833,-5.377,-3.982,-4.092,-4.149,-4.398,-3.949,-4.256,-4.605,-5.372,-6.195,-4.955,-5.144,-4.152,-5.603,-4.528,-3.96,-4.649,-4.865,-4.584,-4.38,-4.321,-4.668,-5.48,-4.105,-4.511,-4.793,-5.405,-4.698,-4.643,-4.555,-6.515,-4.879
OptTAR_Fixed_ligprep_20260117_0.5.maegz:590,-5.156,-5.73,-4.324,-4.469,-4.892,-3.974,-3.804,-4.908,-5.551,-5.948,-4.649,-5.077,-4.865,-4.59,-4.008,-4.465,-4.137,-4.389,-4.754,-3.957,-4.588,-4.314,-5.132,-4.607,-5.2,-3.965,-4.608,-7.536,-3.67,-5.726,-4.063,-5.823,-4.784,-4.511,-3.648,-4.923,-4.715,-4.806,-5.642,-4.835,-5.835,-4.069,-4.389,-4.41,-4.851,-3.179,-4.708,-4.755,-3.571,-4.677
OptTAR_Fixed_ligprep_20260117_0.5.maegz:591,-4.195,-5.174,-4.272,-4.307,-3.529,-4.678,-4.141,-4.01,-4.998,-4.653,-5.253,-5.632,-4.751,-4.917,-6.616,-4.71,-3.532,-4.05,-3.291,-3.736,-4.205,-3.091,-4.826,-5.287,-3.467,-4.087,-5.551,-6.225,-3.93,-4.867,-4.089,-4.457,-5.114,-4.388,-3.328,-4.259,-4.059,-3.216,-4.778,-5.075,-4.358,-4.698,-5.059,-3.0,-4.409,-2.952,-4.437,-3.927,-4.436,-4.432
OptTAR_Fixed_ligprep_20260117_0.5.maegz:592,-4.493,-4.901,-4.6,-3.875,-4.198,-5.275,-3.787,-4.622,-5.37,-5.204,-4.304,-5.049,-4.285,-4.319,-4.117,-4.302,-3.993,-4.09,-4.969,-3.672,-4.269,-3.949,-3.629,-4.843,-4.639,-4.344,-4.317,-5.065,-2.947,-4.0,-4.507,-4.103,-4.185,-4.166,-4.653,-5.057,-3.578,-4.754,-4.117,-5.137,-5.703,-4.649,-4.41,-4.246,-4.756,-3.423,-4.792,-4.157,-2.824,-3.885
OptTAR_Fixed_ligprep_20260117_0.5.maegz:593,-5.182,-5.418,-4.79,-4.613,-4.925,-4.229,-5.329,-5.011,-6.022,-6.534,-5.363,-4.621,-4.303,-5.037,-4.731,-4.424,-4.313,-4.131,-4.625,-4.726,-4.319,-4.779,-5.311,-4.028,-3.959,-4.248,-5.036,-6.565,-5.082,-4.866,-4.804,-5.573,-4.803,-4.67,-3.805,-4.419,-4.507,-4.547,-5.439,-5.597,-5.742,-4.546,-4.903,-4.162,-6.258,-3.781,-4.525,-4.752,-4.109,-4.077
OptTAR_Fixed_ligprep_20260117_0.5.maegz:594,-4.501,-3.751,-4.291,-3.924,-2.616,-5.004,-4.077,-4.546,-5.465,-5.909,-3.376,-4.575,-4.034,-3.25,-3.991,-4.447,-4.082,-3.053,-3.825,-2.65,-3.449,-4.486,-4.488,-4.055,-3.238,-3.071,-4.699,-5.376,-3.378,-5.367,-3.364,-3.599,-4.075,-3.102,-3.529,-3.524,-4.624,-3.317,-3.794,-4.291,-5.366,-3.452,-4.008,-3.398,-5.18,-2.379,-4.714,-3.544,-3.697,-3.853
OptTAR_Fixed_ligprep_20260117_0.5.maegz:595,-3.645,-4.275,-3.27,-4.759,-4.645,-4.972,-4.333,-4.69,-5.253,-5.068,-3.725,-4.585,-4.918,-4.928,-3.379,-5.193,-4.328,-4.136,-2.584,-4.407,-4.287,-3.303,-4.288,-3.588,-3.743,-4.464,-4.585,-6.654,-3.44,-4.932,-4.357,-5.947,-4.708,-3.561,-4.487,-4.994,-4.725,-4.402,-3.175,-3.113,-4.541,-4.172,-3.804,-3.916,-5.184,-2.722,-3.944,-4.555,-3.489,-4.162
OptTAR_Fixed_ligprep_20260117_0.5.maegz:596,-4.774,-5.81,-4.432,-5.034,-4.495,-5.079,-4.442,-5.083,-6.108,-5.718,-4.466,-6.211,-4.739,-4.894,-4.653,-4.766,-4.537,-3.487,-4.566,-3.662,-4.125,-4.2,-3.412,-3.817,-5.68,-3.658,-5.435,-6.768,-4.287,-4.677,-4.262,-3.435,-4.332,-4.668,-3.344,-4.408,-3.759,-4.682,-3.966,-4.834,-3.627,-5.004,-4.804,-4.644,-4.893,-3.575,-3.991,-4.37,-4.189,-3.773
OptTAR_Fixed_ligprep_20260117_0.5.maegz:597,-5.828,-4.575,-4.428,-5.335,-3.752,-5.218,-4.776,-4.215,-4.643,-4.977,-4.277,-6.054,-4.78,-5.432,-7.712,-4.924,-3.969,-5.505,-3.468,-4.635,-5.031,-4.546,-5.315,-4.473,-4.951,-4.603,-5.473,-6.637,-4.741,-4.959,-3.974,-6.034,-4.496,-4.524,-4.307,-5.28,-4.492,-4.578,-5.072,-3.655,-4.742,-5.066,-4.138,-4.591,-4.403,-3.844,-4.645,-4.626,-5.252,-4.854
OptTAR_Fixed_ligprep_20260117_0.5.maegz:598,-4.132,-5.456,-5.03,-4.286,-4.157,-4.609,-4.882,-3.747,-6.324,-5.251,-4.76,-5.671,-4.775,-4.766,-7.662,-4.909,-3.59,-3.66,-3.896,-5.177,-5.026,-4.923,-6.304,-4.669,-4.259,-4.799,-5.16,-7.032,-4.192,-5.904,-5.293,-4.663,-4.583,-4.873,-3.984,-4.326,-4.069,-5.494,-5.135,-4.371,-5.43,-4.331,-5.294,-5.222,-4.634,-5.074,-5.25,-4.802,-3.752,-4.593
OptTAR_Fixed_ligprep_20260117_0.5.maegz:599,-5.932,-5.339,-4.59,-5.083,-4.683,-5.316,-5.054,-4.239,-6.355,-5.06,-4.338,-5.474,-4.21,-5.018,-6.711,-5.467,-5.07,-4.16,-4.465,-5.077,-3.93,-5.227,-5.15,-4.564,-4.351,-5.193,-5.568,-7.094,-4.167,-4.523,-5.108,-5.643,-3.974,-3.949,-3.397,-4.788,-4.375,-4.319,-4.766,-5.196,-4.216,-5.125,-4.042,-4.478,-4.84,-4.268,-5.142,-4.912,-3.555,-4.435
OptTAR_Fixed_ligprep_20260117_0.5.maegz:600,-4.85,-4.854,-5.319,-4.751,-3.156,-4.586,-4.632,-5.144,-5.795,-5.443,-4.187,-5.186,-4.93,-4.76,-6.089,-4.039,-4.2,-4.562,-5.092,-4.207,-4.073,-4.125,-5.156,-3.683,-3.926,-3.49,-5.329,-6.32,-5.109,-5.584,-4.62,-4.929,-5.427,-4.772,-4.46,-4.249,-3.904,-5.499,-4.409,-4.299,-4.956,-4.472,-4.031,-4.461,-4.694,-3.165,-4.182,-4.595,-5.297,-3.353
OptTAR_Fixed_ligprep_20260117_0.5.maegz:601,-3.887,-5.134,-3.686,-4.138,-4.167,-5.419,-4.616,-4.048,-5.708,-5.505,-4.204,-5.057,-4.736,-3.947,-4.036,-4.433,-3.347,-3.538,-4.454,-3.533,-4.562,-3.44,-2.571,-3.525,-4.654,-2.696,-5.058,-7.164,-3.939,-6.236,-4.091,-2.698,-4.117,-3.19,-4.213,-3.631,-3.98,-4.312,-3.926,-3.888,-4.194,-3.028,-3.227,-4.501,-4.305,-3.663,-3.525,-4.44,-4.025,-3.877
OptTAR_Fixed_ligprep_20260117_0.5.maegz:602,-5.382,-5.622,-4.847,-3.886,-4.681,-4.602,-4.561,-3.637,-4.98,-5.682,-4.709,-4.776,-4.241,-4.139,-4.335,-4.065,-3.329,-3.928,-3.514,-3.771,-3.964,-4.166,-3.961,-4.527,-3.9,-4.046,-3.642,-5.246,-4.179,-4.353,-3.274,-4.462,-4.396,-4.201,-3.832,-4.696,-4.318,-3.882,-3.282,-4.325,-4.564,-4.182,-4.627,-5.299,-4.529,-4.543,-4.523,-3.644,-4.155,-3.522
OptTAR_Fixed_ligprep_20260117_0.5.maegz:603,-5.006,-5.373,-4.353,-3.707,-4.622,-4.681,-3.8,-4.012,-5.965,-4.632,-3.648,-6.997,-4.076,-4.171,-4.474,-4.258,-3.93,-3.668,-4.794,-3.946,-3.043,-5.511,-4.015,-3.363,-3.61,-4.269,-4.966,-6.099,-5.016,-5.022,-4.133,-5.88,-3.853,-4.602,-3.337,-3.787,-3.946,-4.054,-4.611,-5.05,-4.915,-4.481,-5.241,-4.635,-5.305,-3.53,-5.803,-5.067,-3.407,-4.615
OptTAR_Fixed_ligprep_20260117_0.5.maegz:604,-4.836,-4.698,-4.542,-4.71,-4.683,-4.646,-4.766,-6.135,-6.006,-6.633,-4.086,-5.969,-4.614,-3.791,-5.34,-5.233,-4.283,-4.098,-4.662,-4.882,-4.262,-4.928,-4.734,-6.404,-4.617,-5.298,-6.072,-7.219,-4.689,-4.737,-5.118,-4.051,-5.127,-5.613,-3.957,-5.615,-5.5,-4.973,-4.865,-5.545,-4.896,-3.859,-6.147,-4.787,-5.503,-5.136,-4.934,-4.637,-5.051,-5.25
OptTAR_Fixed_ligprep_20260117_0.5.maegz:605,-4.014,-5.091,-4.979,-3.327,-4.72,-3.358,-4.538,-5.3,-4.625,-4.548,-5.095,-4.22,-4.426,-5.181,-3.777,-4.602,-3.828,-3.18,-3.973,-3.324,-3.887,-4.801,-4.539,-5.08,-4.503,-3.631,-5.512,-5.19,-4.09,-1.915,-4.268,-5.131,-4.113,-3.049,-3.813,-4.561,-4.943,-3.746,-4.128,-4.231,-5.156,-3.521,-3.891,-5.025,-5.59,-3.638,-3.59,-4.244,-5.407,-4.788
OptTAR_Fixed_ligprep_20260117_0.5.maegz:606,-5.323,-5.225,-3.749,-5.375,-4.956,-5.894,-4.719,-3.978,-5.345,-5.145,-3.509,-5.946,-5.377,-5.281,-6.639,-4.752,-1.479,-3.645,-4.894,-3.688,-3.941,-4.726,-4.908,-4.713,-4.261,-3.14,-4.768,-7.344,-4.767,-5.577,-3.204,-4.892,-4.897,-3.658,-3.655,-3.608,-4.798,-4.359,-2.142,-4.03,-5.955,-2.321,-6.675,-4.257,-3.226,-3.917,-2.545,-5.223,-3.591,-4.327
OptTAR_Fixed_ligprep_20260117_0.5.maegz:607,-5.565,-4.606,-6.097,-5.484,-5.142,-4.613,-5.979,-5.968,-6.046,-7.201,-5.921,-7.434,-5.681,-6.443,-5.736,-6.132,-6.414,-5.149,-5.934,-6.076,-6.025,-6.925,-6.976,-5.259,-5.999,-6.328,-4.961,-7.85,-5.761,-6.119,-5.925,-5.105,-5.54,-5.536,-5.194,-6.59,-5.893,-5.118,-5.343,-6.35,-6.867,-5.609,-4.848,-6.931,-6.247,-5.419,-6.954,-6.83,-5.653,-6.667
OptTAR_Fixed_ligprep_20260117_0.5.maegz:608,-6.597,-6.459,-6.037,-5.416,-6.868,-5.975,-5.112,-5.795,-6.948,-6.448,-6.317,-7.44,-5.043,-5.948,-5.36,-5.35,-4.586,-5.177,-5.639,-5.288,-6.091,-5.858,-5.863,-5.121,-4.824,-6.435,-5.742,-7.558,-4.655,-4.651,-5.146,-5.785,-5.561,-5.047,-4.884,-6.218,-5.878,-5.234,-4.777,-5.728,-6.631,-5.089,-5.161,-5.315,-6.204,-5.298,-5.447,-5.539,-5.15,-4.762
OptTAR_Fixed_ligprep_20260117_0.5.maegz:609,-6.974,-6.69,-6.368,-5.107,-6.441,-6.506,-5.719,-6.592,-6.854,-6.942,-5.303,-5.413,-5.042,-6.295,-7.709,-5.77,-5.17,-5.084,-5.814,-5.823,-5.563,-6.215,-6.609,-6.235,-5.762,-4.957,-5.985,-6.452,-5.521,-5.522,-5.814,-6.513,-5.078,-5.964,-5.758,-6.044,-5.85,-5.688,-5.566,-5.991,-5.704,-5.475,-5.617,-5.888,-6.281,-5.058,-5.746,-5.594,-5.818,-5.52
SAM001246616,-4.174,-5.707,-4.205,-5.349,-5.758,-4.788,-4.373,-5.066,-5.273,-5.299,-4.731,-4.067,-5.659,-5.172,-4.575,-5.187,-3.267,-4.373,-5.306,-4.615,-5.175,-5.04,-5.297,-4.874,-5.308,-4.539,-5.681,-8.142,-5.785,-4.816,-3.776,-3.474,-4.606,-3.531,-3.478,-5.122,-5.501,-6.071,-5.388,-5.294,-3.399,-3.859,-2.931,-3.838,-5.793,-3.178,-5.004,-5.824,-4.302,-4.506
OptTAR_Fixed_ligprep_20260117_0.5.maegz:611,-5.513,-4.773,-4.56,-3.744,-5.388,-4.356,-4.117,-4.491,-4.437,-5.151,-4.976,-5.637,-4.425,-4.402,-5.821,-4.056,-3.853,-4.07,-3.804,-4.267,-4.195,-4.122,-3.98,-3.998,-4.026,-4.804,-5.169,-5.515,-4.003,-4.686,-4.372,-5.289,-4.364,-4.863,-3.645,-4.486,-3.902,-3.612,-4.645,-4.79,-5.575,-4.301,-4.018,-4.498,-5.392,-4.412,-5.102,-4.109,-4.268,-4.167
OptTAR_Fixed_ligprep_20260117_0.5.maegz:612,-5.341,-5.16,-4.679,-4.066,-4.64,-4.883,-5.6,-4.756,-5.345,-4.906,-4.367,-5.212,-4.928,-4.661,-4.954,-4.286,-3.675,-3.739,-4.338,-4.166,-4.093,-3.984,-4.383,-4.206,-4.328,-4.904,-5.582,-6.239,-4.508,-4.06,-3.87,-5.053,-4.305,-3.973,-2.893,-4.459,-4.386,-4.558,-4.216,-4.351,-4.347,-3.911,-3.802,-4.162,-5.031,-4.336,-4.825,-3.875,-4.693,-4.228
SAM001247105,-3.812,-3.675,-5.336,-4.722,-5.523,-5.673,-5.143,-4.08,-6.056,-6.283,-5.706,-4.553,-4.553,-3.615,-6.546,-3.965,-3.582,-3.489,-4.135,-4.324,-3.981,-5.168,-4.742,-4.787,-4.734,-4.524,-5.732,-7.084,-4.441,-4.301,-3.986,-4.252,-4.784,-4.96,-4.133,-4.819,-5.261,-4.661,-4.855,-5.141,-5.116,-4.07,-4.395,-5.006,-5.663,-3.975,-5.557,-5.304,-4.021,-4.772
147340,-5.447,-5.511,-5.181,-4.568,-5.388,-4.73,-6.24,-4.973,-6.068,-6.413,-4.766,-6.799,-5.055,-5.277,-5.469,-5.036,-5.02,-4.451,-5.286,-4.907,-4.52,-4.87,-5.536,-5.355,-4.324,-6.159,-6.301,-7.119,-5.631,-5.243,-5.707,-4.779,-4.948,-4.446,-4.769,-4.776,-5.788,-4.648,-5.255,-4.232,-5.832,-5.239,-5.096,-5.304,-6.016,-4.044,-5.276,-6.607,-5.023,-4.581
344036.cdx,-5.203,-5.366,-5.518,-5.555,-4.784,-5.077,-5.963,-5.372,-5.759,-5.851,-4.707,-6.661,-5.619,-6.015,-7.804,-5.33,-4.671,-4.485,-4.235,-5.017,-4.259,-5.47,-4.628,-5.397,-5.785,-4.467,-5.965,-7.21,-4.772,-4.823,-5.006,-6.333,-4.704,-4.543,-3.981,-6.026,-4.667,-5.344,-5.183,-5.239,-4.487,-4.8,-5.964,-5.256,-5.531,-4.411,-4.833,-5.431,-5.054,-5.361
OptTAR_Fixed_ligprep_20260117_0.5.maegz:616,-6.215,-6.354,-5.706,-5.808,-6.312,-5.372,-5.389,-6.733,-5.638,-6.501,-4.955,-8.251,-4.863,-5.824,-5.126,-4.463,-4.326,-4.066,-4.894,-5.074,-5.694,-5.246,-5.456,-5.496,-5.253,-5.416,-6.926,-7.308,-5.063,-5.087,-5.658,-4.527,-4.511,-5.083,-5.121,-6.776,-5.262,-5.147,-5.395,-6.32,-5.062,-4.999,-4.919,-6.042,-5.462,-5.465,-5.238,-5.217,-5.367,-5.857
OptTAR_Fixed_ligprep_20260117_0.5.maegz:617,-6.299,-5.273,-5.641,-5.421,-5.927,-5.684,-5.517,-6.21,-6.976,-6.064,-5.054,-6.528,-5.41,-5.584,-5.45,-5.99,-5.316,-4.887,-4.854,-5.078,-4.756,-5.651,-6.328,-5.378,-5.537,-4.932,-7.683,-7.953,-4.869,-5.621,-4.983,-6.786,-5.255,-5.842,-5.687,-5.662,-5.695,-5.229,-5.604,-6.256,-5.535,-5.005,-5.112,-6.052,-6.426,-5.206,-5.673,-5.914,-5.24,-5.702
OptTAR_Fixed_ligprep_20260117_0.5.maegz:618,-4.937,-3.938,-4.33,-4.911,-5.56,-4.626,-4.702,-5.96,-5.974,-5.171,-4.021,-4.292,-4.885,-3.611,-4.896,-6.397,-4.205,-5.299,-4.358,-4.254,-4.189,-4.554,-5.794,-4.852,-3.999,-5.998,-5.408,-5.974,-5.108,-5.129,-5.499,-4.633,-5.367,-4.415,-5.09,-4.472,-4.981,-4.801,-4.173,-6.16,-6.272,-4.261,-3.609,-4.279,-7.006,-4.5,-5.785,-4.24,-5.197,-4.161
13172.cdx,-4.293,-5.265,-4.721,-4.873,-4.364,-4.186,-4.846,-5.842,-5.196,-4.627,-4.574,-5.929,-3.767,-6.081,-6.701,-4.21,-4.624,-3.275,-4.293,-5.083,-4.918,-5.277,-4.172,-5.254,-6.287,-3.331,-4.593,-6.305,-4.714,-4.933,-3.402,-4.907,-4.317,-3.901,-3.249,-4.713,-5.142,-4.407,-3.715,-5.869,-4.284,-4.455,-4.322,-4.714,-4.554,-4.964,-4.556,-4.538,-3.974,-4.371
11926,-4.943,-4.639,,-4.719,-5.446,-4.315,-4.538,-5.59,-4.97,-6.703,-4.091,-5.889,-4.996,-3.781,-6.74,-4.43,-3.139,-3.669,-4.279,-4.168,-4.361,-4.863,-4.743,-4.46,-4.334,-3.752,-4.879,-4.71,-4.29,-4.757,-3.898,-6.031,-4.566,-3.49,-3.526,-4.798,-4.352,-4.178,-4.607,-4.601,-5.192,-4.416,-4.003,-4.871,-4.927,-4.274,-4.075,-4.742,-4.206,-4.175
PTERIN-6-CARBOXYLIC ACID,-5.569,-5.149,-4.954,-5.075,-4.832,-4.899,-5.135,-5.277,-6.23,-5.862,-5.638,-6.751,-4.121,-5.651,-5.916,-4.626,-4.567,-5.045,-4.444,-4.862,-4.799,-6.745,-5.901,-5.293,-5.234,-5.519,-5.11,-5.924,-4.467,-4.967,-4.61,-6.411,-5.606,-4.867,-5.4,-5.334,-5.055,-5.357,-4.52,-4.729,-4.997,-5.867,-5.47,-6.143,-5.45,-5.222,-5.511,-5.933,-5.683,-6.128
STROPHANTHIDIN SEMICARBAZIDE,-5.998,-5.169,-5.04,-5.305,-7.136,-6.256,-4.878,-5.423,-5.118,-6.469,-5.362,-5.97,-5.964,-6.485,-4.704,-5.657,-4.674,-5.06,-4.893,-5.236,-6.072,-5.063,-5.427,-6.169,-5.782,-5.645,-6.377,-7.34,-5.288,-5.643,-5.568,-6.003,-5.683,-5.127,-4.784,-6.205,-5.914,-6.158,-4.804,-5.638,-4.952,-5.573,-5.225,-6.245,-6.812,-4.767,-5.792,-5.997,-5.558,-5.391
BETAMETHASONE,-5.296,-3.064,-3.414,-5.217,-5.503,-4.992,-5.363,-4.38,-4.664,-3.449,-5.119,-4.003,-5.979,-4.632,-4.74,-4.768,-3.883,-2.703,-5.315,-3.227,-4.025,-4.493,-5.02,-3.789,-3.75,-4.421,-4.914,-6.424,-5.558,-4.981,-4.046,-3.925,-5.527,-4.293,-3.701,-5.604,-4.491,-4.455,-4.633,-5.709,-3.921,-3.07,-3.821,-5.457,-5.776,-4.795,-4.14,-5.433,-4.293,-3.906
METAPROTERENOL,-6.065,-5.844,-5.736,-5.911,-6.203,-5.602,-5.541,-5.756,-6.841,-6.871,-5.369,-6.591,-5.129,-6.673,-5.711,-5.77,-5.513,-5.63,-5.921,-5.775,-5.884,-6.446,-7.024,-5.68,-5.531,-6.163,-6.975,-7.774,-6.119,-5.332,-5.855,-6.329,-5.52,-5.512,-5.879,-6.334,-5.628,-5.36,-5.648,-7.144,-6.853,-5.539,-4.837,-6.872,-6.285,-6.144,-7.035,-6.679,-6.264,-6.043
CHLOROTHIAZIDE,-3.831,-4.517,-2.901,-2.633,-4.531,-2.127,-3.634,-3.385,-3.806,-5.942,-4.027,-4.049,-3.932,-4.089,-1.517,-4.051,-4.526,-3.777,-3.887,-3.195,-3.527,-4.033,-3.077,-4.352,-3.802,-4.096,-3.125,-4.493,-3.47,-3.681,-3.096,-3.784,-4.059,-2.652,-3.164,-3.161,-3.795,-3.276,-3.616,-4.352,-3.724,-3.452,-3.616,-3.506,-4.509,-2.638,-5.001,-5.358,-3.43,-4.014
SULFADIMETHOXINE,-5.801,-3.915,-5.79,-6.286,-5.054,-6.227,-3.774,-4.341,-5.035,-6.163,-6.303,-5.64,-3.338,-6.19,-5.938,-2.911,-3.291,-3.231,-3.313,-3.551,-4.134,-3.127,-3.418,-3.468,-4.719,-3.866,-5.913,-5.141,-6.309,-5.068,-3.209,-4.438,-4.541,-4.08,-3.535,-4.299,-5.401,-3.408,-3.025,-3.86,-4.457,-4.281,-3.221,-4.682,-6.538,-3.844,-5.943,-5.557,-4.8,-3.94
SULFAMETHOXYPYRIDAZINE,-4.445,-5.31,-3.998,-4.617,-5.472,-4.427,-4.75,-5.308,-6.374,-5.461,-4.437,-5.573,-5.686,-5.074,-5.98,-5.049,-4.052,-4.546,-5.832,-5.098,-4.35,-5.083,-5.124,-4.115,-4.74,-5.245,-5.369,-6.53,-3.942,-4.293,-5.238,-5.443,-4.57,-5.084,-4.277,-5.476,-5.804,-4.761,-4.672,-4.45,-5.133,-3.987,-4.497,-4.951,-5.652,-4.657,-4.692,-5.464,-5.321,-4.231
ALTHIAZIDE,-4.849,-5.423,-4.053,-3.145,-5.135,-4.382,-5.196,-3.943,-5.093,-6.401,-4.662,-4.681,-4.741,-5.914,-5.347,-5.288,-3.749,-4.213,-4.578,-3.187,-3.775,-4.698,-4.688,-3.602,-3.825,-4.165,-4.473,-6.505,-4.315,-4.53,-4.555,-4.14,-3.716,-3.508,-4.415,-5.428,-4.726,-4.37,-3.969,-5.616,-3.537,-4.39,-3.459,-4.566,-3.728,-4.744,-4.345,-5.351,-3.386,-4.855
OptTAR_Fixed_ligprep_20260117_0.5.maegz:629,-5.297,-5.126,-5.222,-6.032,-5.931,-5.464,-6.11,-6.216,-7.0,-6.731,-5.78,-6.465,-6.635,-6.893,-6.082,-5.649,-4.878,-6.704,-5.303,-6.327,-4.748,-5.891,-7.108,-7.076,-5.344,-5.646,-6.949,-8.063,-5.554,-6.177,-5.921,-6.676,-5.154,-5.006,-5.095,-5.461,-5.449,-5.312,-6.638,-6.023,-6.506,-6.121,-6.323,-6.249,-6.061,-6.73,-6.675,-6.57,-6.575,-5.178
OptTAR_Fixed_ligprep_20260117_0.5.maegz:630,-4.008,-3.551,-3.392,-3.576,-3.419,-4.015,-3.468,-4.234,-5.09,-5.386,-4.004,-5.715,-3.436,-3.956,-3.81,-4.621,-4.083,-3.395,-3.975,-4.707,-3.392,-4.485,-4.336,-4.19,-4.251,-4.378,-5.814,-6.058,-4.278,-3.98,-4.171,-3.541,-4.269,-3.964,-3.658,-4.305,-4.128,-3.933,-4.069,-5.205,-4.955,-4.077,-4.068,-4.941,-4.283,-3.681,-5.289,-5.75,-4.317,-4.372
PERICIAZINE,-7.556,-6.242,-5.762,-5.772,-6.459,-6.595,-5.879,-6.14,-7.424,-7.819,-6.317,-7.974,-6.384,-6.799,-5.989,-5.75,-5.149,-5.137,-6.127,-5.749,-5.12,-5.711,-6.537,-5.798,-5.153,-5.348,-6.495,-7.467,-5.617,-6.067,-6.227,-5.337,-5.248,-5.654,-6.356,-4.922,-6.729,-5.207,-5.293,-6.91,-6.377,-5.16,-5.516,-5.728,-7.468,-4.933,-6.22,-6.321,-6.196,-5.391
OptTAR_Fixed_ligprep_20260117_0.5.maegz:632,-6.237,-5.765,-5.334,-6.289,-6.682,-5.372,-5.479,-6.142,-7.14,-6.546,-5.624,-7.025,-5.469,-5.975,-5.337,-4.695,-5.072,-5.674,-5.158,-6.484,-6.059,-6.223,-5.932,-5.627,-7.047,-6.128,-5.651,-8.341,-5.897,-4.96,-5.639,-6.41,-5.266,-5.502,-6.7,-5.769,-6.842,-4.544,-5.116,-7.043,-6.99,-5.102,-5.149,-6.226,-7.071,-6.399,-6.843,-7.204,-6.153,-6.515
HALOPERIDOL,-5.583,-5.946,-5.445,-5.608,-6.68,-6.754,-6.759,-6.45,-6.931,-7.171,-6.076,-7.09,-5.804,-6.099,-7.899,-5.879,-4.683,-4.602,-5.046,-5.428,-4.731,-6.788,-4.311,-6.702,-6.201,-5.523,-6.745,-8.377,-4.957,-6.365,-5.601,-7.315,-5.502,-5.373,-5.499,-6.181,-5.559,-5.349,-5.61,-5.51,-6.904,-5.256,-5.194,-6.212,-6.298,-4.378,-6.532,-5.361,-5.036,-5.577
PREDNISOLONE ACETATE,-5.858,-5.495,-5.512,-5.85,-6.598,-6.556,-6.002,-5.965,-5.218,-5.181,-4.633,-6.378,-6.247,-6.387,-6.292,-5.58,-4.084,-4.892,-5.825,-5.738,-5.517,-4.936,-4.945,-5.657,-5.641,-5.306,-4.51,-7.222,-6.947,-5.315,-4.804,-5.192,-5.065,-4.471,-5.559,-5.31,-5.177,-5.987,-5.646,-6.222,-5.708,-4.784,-5.426,-5.644,-6.929,-5.845,-4.955,-5.123,-5.513,-4.144
SULFAMERAZINE,-4.903,-5.574,-3.882,-4.711,-5.392,-4.471,-4.262,-5.087,-5.614,-4.621,-4.07,-5.717,-4.759,-5.391,-4.919,-4.548,-3.913,-4.452,-4.646,-4.524,-4.212,-4.203,-4.933,-4.417,-4.834,-4.861,-6.171,-6.273,-4.953,-4.727,-4.558,-3.67,-4.748,-4.956,-4.957,-5.677,-4.908,-4.459,-4.59,-3.901,-4.405,-3.669,-5.295,-4.594,-4.638,-4.077,-3.572,-4.484,-4.29,-4.61
SULFAMETHIZOLE,-4.466,-3.972,-3.868,-4.147,-4.791,-3.822,-3.928,-4.425,-6.126,-4.656,-4.109,-5.186,-4.085,-4.262,-4.984,-4.363,-3.53,-4.282,-4.181,-4.447,-3.231,-3.838,-3.416,-4.003,-4.334,-4.6,-4.42,-5.665,-3.424,-4.768,-4.67,-4.054,-4.12,-4.532,-3.25,-4.776,-5.096,-4.67,-4.09,-4.39,-4.892,-3.934,-3.825,-4.728,-5.556,-4.52,-4.29,-4.487,-4.276,-3.672
OptTAR_Fixed_ligprep_20260117_0.5.maegz:637,-5.237,-6.274,-5.862,-5.198,-6.299,-5.38,-5.286,-5.869,-6.488,-7.08,-5.624,-7.146,-4.649,-6.199,-6.039,-6.312,-5.647,-5.482,-5.676,-5.928,-5.606,-6.558,-6.659,-6.007,-6.183,-6.12,-7.294,-6.906,-5.831,-5.447,-6.303,-6.981,-4.882,-5.329,-6.121,-5.84,-5.415,-5.756,-5.872,-6.685,-6.227,-5.648,-5.564,-6.755,-6.401,-5.764,-6.461,-6.597,-6.055,-6.508
BENDROFUMETHIAZIDE,-5.536,-5.248,-4.953,-4.772,-4.958,-5.299,-4.964,-5.089,-6.227,-5.662,-4.234,-3.149,-3.991,-4.094,-4.446,-4.068,-3.368,-4.013,-4.096,-3.954,-3.923,-4.096,-3.074,-4.523,-3.91,-5.048,-6.11,-6.28,-4.244,-3.545,-4.264,-4.644,-4.529,-5.129,-4.406,-5.61,-4.998,-5.381,-3.741,-4.599,-4.15,-3.263,-3.865,-4.581,-5.828,-3.029,-4.691,-3.953,-4.007,-4.08
SULFACHLORPYRIDAZINE,-4.002,-4.78,-4.529,-4.194,-4.68,-3.935,-4.291,-5.162,-5.393,-4.418,-4.425,-5.351,-5.078,-4.74,-5.281,-4.496,-3.55,-3.533,-4.461,-4.791,-2.842,-4.345,-3.734,-4.546,-4.504,-5.494,-4.505,-5.077,-3.58,-4.006,-4.611,-4.961,-4.224,-4.842,-4.633,-4.563,-4.86,-4.054,-4.26,-4.442,-4.805,-3.642,-3.836,-4.547,-5.07,-4.169,-4.052,-4.391,-4.633,-4.805
TRIAMCINOLONE,-5.175,-5.446,-4.928,-6.228,-5.92,-5.755,-5.25,-5.231,-4.938,-5.664,-4.784,-4.116,-6.36,-5.048,-5.014,-5.282,-5.568,-4.65,-5.496,-4.961,-5.021,-5.299,-5.431,-4.88,-4.712,-4.945,-6.451,-7.717,-5.859,-5.176,-5.088,-5.513,-6.52,-4.693,-3.312,-5.366,-4.81,-5.849,-5.68,-5.118,-5.411,-4.368,-4.643,-4.715,-5.959,-5.106,-5.213,-5.591,-4.834,-4.083
OptTAR_Fixed_ligprep_20260117_0.5.maegz:641,-5.984,-5.646,-4.772,-5.165,-6.064,-6.085,-4.901,-5.719,-6.901,-6.66,-5.017,-7.181,-5.368,-5.783,-6.606,-4.793,-4.241,-4.346,-5.998,-5.371,-4.891,-6.479,-6.196,-6.123,-5.932,-5.292,-4.823,-7.096,-5.155,-5.336,-4.922,-5.78,-4.859,-5.019,-4.334,-5.162,-5.644,-5.402,-5.038,-5.944,-6.216,-4.573,-5.427,-5.136,-5.805,-5.004,-5.678,-5.701,-4.71,-5.554
OptTAR_Fixed_ligprep_20260117_0.5.maegz:642,-6.839,-6.923,-6.166,-5.249,-6.201,-6.404,-5.604,-5.933,-6.767,-6.645,-5.534,-6.162,-6.061,-6.307,-7.069,-5.344,-5.593,-4.625,-5.885,-6.055,-5.705,-5.715,-6.664,-5.734,-5.817,-4.815,-5.002,-7.122,-5.23,-5.334,-5.748,-5.601,-5.931,-5.808,-4.668,-5.493,-5.968,-5.781,-6.101,-6.068,-6.393,-5.724,-5.34,-5.853,-6.533,-5.051,-5.673,-5.225,-5.779,-5.323
OptTAR_Fixed_ligprep_20260117_0.5.maegz:643,-6.6,-6.664,-5.967,-6.782,-6.431,-5.609,-5.762,-5.73,-7.118,-6.961,-5.767,-7.184,-5.714,-6.646,-6.982,-6.32,-5.895,-5.416,-5.488,-6.925,-6.819,-7.296,-6.943,-5.985,-7.546,-6.559,-7.192,-7.919,-6.472,-6.39,-6.18,-7.693,-5.469,-6.019,-5.432,-6.218,-6.977,-6.392,-5.803,-7.516,-7.461,-5.361,-6.597,-6.43,-7.538,-6.372,-8.053,-7.835,-7.674,-7.745
HYCANTHONE,-7.587,-6.602,-6.143,-4.877,-5.349,-5.269,-6.12,-4.927,-6.152,-6.881,-5.874,-7.399,-5.072,-5.596,-5.137,-5.817,-5.193,-4.548,-5.498,-5.769,-5.26,-4.825,-6.302,-5.873,-6.02,-5.473,-6.788,-8.671,-5.538,-5.182,-5.1,-4.948,-6.361,-5.285,-5.242,-6.238,-5.084,-5.073,-5.982,-6.755,-6.296,-6.136,-5.854,-5.309,-6.146,-4.613,-5.169,-5.605,-6.965,-6.65
MEGESTROL ACETATE,-4.384,-4.054,-3.472,-4.009,-4.107,-4.937,-2.664,-3.418,-3.55,-4.839,-3.611,-3.484,-3.955,-4.618,-3.389,-4.971,-2.612,0.009037,-4.052,-4.053,-4.152,-3.872,-4.129,-3.7,-3.85,-3.653,-4.409,-5.968,-4.263,-3.98,-3.655,-4.21,-4.002,-4.314,-1.162,-2.272,-3.682,-4.69,-4.276,-3.739,-2.922,-3.664,-1.029,-4.506,-2.838,-4.503,-4.273,-4.617,-3.569,-3.699
OptTAR_Fixed_ligprep_20260117_0.5.maegz:646,-5.705,-5.815,-4.868,-5.609,-5.826,-5.218,-5.655,-5.636,-7.043,-6.57,-5.51,-6.427,-6.11,-6.124,-5.217,-5.171,-5.886,-5.689,-5.563,-5.599,-6.39,-6.625,-6.756,-6.168,-6.958,-5.483,-6.764,-7.029,-5.678,-5.742,-6.005,-6.21,-5.094,-4.896,-5.816,-6.056,-6.465,-5.709,-5.115,-6.578,-7.299,-4.984,-5.634,-5.886,-6.733,-5.546,-6.668,-6.523,-6.208,-6.65
LEVONORDEFRIN,-6.6,-6.664,-5.967,-6.782,-6.431,-5.609,-5.762,-5.73,-7.118,-6.961,-5.767,-7.184,-5.714,-6.646,-6.982,-6.32,-5.895,-5.416,-5.488,-6.925,-6.819,-7.296,-6.943,-5.985,-7.546,-6.559,-7.192,-7.919,-6.472,-6.39,-6.18,-7.693,-5.469,-6.019,-5.432,-6.218,-6.977,-6.392,-5.803,-7.516,-7.461,-5.361,-6.597,-6.43,-7.538,-6.372,-8.053,-7.835,-7.674,-7.745
DEXAMETHASONE ACETATE,-5.908,-5.827,-4.952,-5.949,-6.257,-6.357,-5.821,-5.095,-5.521,-4.95,-4.608,-4.596,-6.098,-6.051,-5.591,-5.049,-4.958,-4.455,-5.043,-5.32,-5.099,-5.409,-5.699,-5.543,-5.239,-5.395,-6.247,-7.039,-6.411,-4.899,-5.122,-4.2,-6.288,-4.439,-4.783,-5.311,-5.717,-6.165,-6.032,-5.222,-5.145,-4.621,-4.812,-4.165,-6.38,-5.397,-5.111,-5.805,-5.425,-5.078
OptTAR_Fixed_ligprep_20260117_0.5.maegz:649,-4.503,-4.214,-4.362,-4.049,-4.355,-3.541,-3.751,-4.502,-5.817,-4.355,-4.036,-4.401,-4.529,-4.464,-3.501,-4.156,-3.87,-1.525,-3.586,-4.033,-3.404,-4.647,-5.055,-3.216,-4.178,-4.358,-4.989,-6.127,-3.784,-3.897,-4.823,-4.112,-4.143,-1.886,-3.437,-5.367,-4.367,-4.18,-4.324,-4.42,-4.064,-3.479,-3.527,-4.907,-4.615,-4.308,-3.704,-4.206,-3.819,-2.694
OptTAR_Fixed_ligprep_20260117_0.5.maegz:650,-4.835,-5.995,-4.982,-5.465,-5.705,-5.609,-4.585,-5.985,-6.744,-5.661,-4.777,-7.187,-5.113,-4.415,-5.447,-4.891,-3.842,-4.598,-4.817,-4.875,-4.326,-5.354,-4.693,-5.176,-5.236,-4.948,-4.038,-7.059,-4.67,-4.448,-4.824,-4.459,-4.404,-4.502,-3.663,-3.951,-5.051,-4.633,-5.113,-6.139,-4.99,-4.584,-5.148,-5.334,-5.721,-5.058,-4.85,-5.521,-4.361,-4.612
THIAMPHENICOL,-6.024,-6.223,-4.904,-4.725,-5.823,-4.036,-5.391,-4.782,-5.641,-6.673,-4.95,-6.355,-4.153,-5.544,-4.766,-5.424,-4.758,-4.334,-4.99,-5.679,-3.901,-4.677,-5.092,-4.642,-4.411,-5.3,-6.186,-7.696,-4.475,-4.467,-5.097,-4.249,-4.309,-4.857,-4.167,-4.601,-5.258,-4.406,-5.438,-5.59,-5.425,-5.198,-4.572,-5.465,-4.919,-5.332,-5.367,-4.6,-4.122,-5.655
OptTAR_Fixed_ligprep_20260117_0.5.maegz:88,,,,-3.758,,,-4.779,-4.242,-5.682,,-4.755,-5.251,,-5.021,-5.514,,,,,,,-3.873,,-3.939,-4.358,-4.403,-5.259,-4.669,,-4.546,-3.054,-4.814,-3.58,,,,-4.676,-4.144,-4.69,-5.341,-3.8,,,-4.781,-6.475,-4.064,-5.056,-4.184,-4.481,-3.696
