title,receptor_1,receptor_2,receptor_3,receptor_4,receptor_5,receptor_6,receptor_7,receptor_8,receptor_9,receptor_10,receptor_11,receptor_12,receptor_13,receptor_14,receptor_15,receptor_16,receptor_17,receptor_18,receptor_19,receptor_20,receptor_21,receptor_22,receptor_23,receptor_24,receptor_25,receptor_26,receptor_27,receptor_28,receptor_29,receptor_30,receptor_31,receptor_32,receptor_33,receptor_34,receptor_35,receptor_36,receptor_37,receptor_38,receptor_39,receptor_40,receptor_41,receptor_42,receptor_43,receptor_44,receptor_45,receptor_46,receptor_47,receptor_48,receptor_49,receptor_50
Gatto_2009_11,-5.842,-5.729,-5.451,-6.527,-6.1,-7.413,-5.187,-5.174,-5.577,-6.384,-6.45,-5.569,-6.475,-7.894,-6.108,-7.206,-7.865,-7.191,-6.095,-5.796,-6.8,-6.254,-4.931,-5.565,-5.284,-6.303,-5.924,-5.573,-7.02,-6.268,-7.805,-5.912,-5.824,-5.98,-5.794,-6.91,-6.165,-6.732,-5.632,-5.631,-7.299,-6.998,-7.326,-4.699,-5.437,-6.565,-7.263,-5.461,-5.427,-4.247
Gatto_2009_5,-6.624,-6.641,-4.376,-4.579,-5.891,-5.353,-4.586,-4.522,-5.176,-5.801,-5.677,-6.445,-5.944,-7.771,-5.795,-7.181,-6.941,-7.418,-5.494,-5.442,-6.115,-6.513,-5.66,-5.261,-6.575,-5.685,-5.732,-8.339,-7.171,-6.908,-5.149,-7.202,-7.54,-6.224,-4.946,-6.183,-6.534,-5.152,-4.655,-6.662,-6.417,-4.679,-4.782,-4.353,-4.885,-6.202,-7.41,-5.929,-6.007,-4.945
Gatto_2009_9,-6.071,-5.416,-4.319,-5.134,-6.163,-5.714,-5.866,-5.147,-5.653,-6.578,-6.094,-5.789,-6.738,-6.938,-6.238,-7.492,-8.0,-7.3,-5.513,-5.476,-6.362,-6.153,-5.663,-4.774,-6.444,-5.452,-4.869,-5.823,-8.524,-6.458,-6.626,-7.653,-5.986,-6.173,-5.751,-7.065,-6.424,-4.678,-5.645,-6.225,-7.571,-5.775,-4.628,-4.569,-5.458,-6.227,-6.784,-5.241,-4.604,-5.221
6-aminoquinoline_1.mol,-4.652,-4.604,-5.075,-4.24,-4.658,-5.806,-5.461,-4.819,-5.074,-4.677,-5.105,-4.216,-6.008,-7.244,-5.09,-6.854,-6.507,-6.888,-5.289,-4.935,-6.479,-6.135,-4.74,-5.226,-5.59,-4.051,-4.95,-4.356,-6.686,-6.639,-5.009,-5.901,-6.691,-5.304,-5.623,-4.469,-4.699,-5.793,-6.002,-5.084,-4.97,-5.231,-4.253,-4.585,-4.036,-4.989,-5.587,-4.608,-4.708,-3.868
He_2005_1,-5.433,-6.1,-4.421,-4.848,-4.704,-4.028,-4.61,-3.911,-4.618,-4.759,-4.499,-5.368,-6.263,-6.159,-6.17,-4.682,-6.86,-6.505,-6.855,-4.577,-5.637,-4.839,-4.197,-5.259,-5.103,-5.111,-4.674,-6.847,-6.014,-6.232,-6.122,-5.048,-5.307,-6.235,-5.402,-5.164,-4.659,-5.272,-4.584,-4.927,-5.982,-4.996,-4.568,-4.024,-5.067,-4.101,-4.924,-4.817,-5.065,-5.197
joly_2010_3,-6.913,-6.822,-5.287,-5.269,-5.714,-6.83,-5.834,-5.499,-5.037,-5.738,-6.804,-6.729,-6.888,-7.681,-6.603,-6.913,-6.855,-7.212,-6.625,-6.631,-7.609,-6.95,-5.668,-6.044,-6.461,-7.023,-5.689,-8.835,-6.968,-7.08,-6.438,-7.357,-7.995,-5.812,-5.133,-7.677,-6.758,-6.128,-6.402,-6.199,-6.94,-5.895,-5.422,-4.562,-5.696,-5.903,-6.818,-6.188,-5.725,-5.04
OptTAR_Fixed_ligprep_20260117_0.5.maegz:7,-5.674,-4.866,-5.202,-5.308,-5.543,-5.244,-5.378,-5.152,-5.299,-4.877,-4.907,-5.524,-5.657,-6.368,-5.576,-6.281,-7.489,-6.884,-6.271,-6.157,-5.454,-6.104,-5.482,-5.525,-4.571,-6.594,-5.424,-4.524,-5.147,-5.856,-5.63,-6.491,-6.472,-5.239,-4.739,-5.711,-5.66,-5.227,-4.604,-6.178,-6.319,-5.154,-4.478,-4.125,-5.513,-4.825,-5.23,-4.525,-4.763,-4.908
C19H18ClN3,-6.034,-6.321,-3.93,-5.799,-6.58,-5.23,-6.987,-5.696,-5.611,-5.82,-5.493,-5.88,-5.95,-7.996,-6.472,-8.383,-8.166,-8.062,-5.65,-5.168,-6.365,-5.55,-4.93,-4.485,-5.156,-4.548,-6.094,-6.687,-6.749,-8.769,-6.314,-7.065,-6.851,-5.024,-4.756,-5.876,-6.198,-6.152,-5.097,-5.897,-5.325,-6.183,-6.094,-5.542,-6.037,-5.815,-4.794,-4.693,-5.135,-5.354
C16H12F3N3OS,-5.532,-5.773,-4.299,-4.943,-5.642,-6.631,-4.765,-4.235,-4.661,-4.52,-6.16,-5.095,-6.893,-6.215,-5.016,-6.277,-6.058,-5.791,-6.123,-4.337,-6.166,-4.978,-4.047,-4.326,-5.069,-6.053,-6.578,-7.767,-6.259,-5.942,-6.45,-6.006,-7.018,-5.01,-4.69,-5.605,-5.459,-5.644,-5.487,-5.087,-5.395,-5.454,-4.369,-4.214,-4.641,-5.045,-5.146,-4.691,-5.213,-5.6
C20H13F3N4OS,-6.094,-6.593,-5.08,-4.686,-4.407,-5.526,-4.303,-4.594,-5.018,-4.614,-6.339,-6.032,-5.707,-6.295,-5.903,-6.771,-6.855,-7.068,-4.995,-6.282,-6.826,-5.824,-5.259,-5.495,-5.168,-4.681,-4.925,-4.767,-6.621,-6.451,-6.917,-7.722,-6.891,-4.984,-4.39,-5.73,-6.049,-5.576,-4.471,-5.292,-6.454,-5.376,-4.172,-3.561,-5.538,-6.159,-5.744,-5.143,-5.401,-4.695
C22H21N5O5,-6.949,-6.053,-5.465,-5.164,-5.626,-5.592,-5.82,-5.042,-5.012,-5.04,-6.781,-5.871,-7.763,-7.601,-6.34,-7.649,-7.747,-7.178,-7.596,-5.473,-6.748,-6.346,-5.611,-5.548,-5.868,-6.567,-6.395,-6.265,-6.724,-7.368,-5.986,-8.231,-7.727,-5.735,-5.314,-7.246,-6.56,-4.849,-5.126,-7.296,-6.407,-6.024,-5.704,-5.691,-6.328,-6.945,-6.305,-5.639,-5.699,-6.07
C21H21N5O5,-6.334,-7.448,-5.796,-6.386,-6.842,-6.015,-6.341,-5.848,-5.946,-4.984,-7.103,-7.252,-7.855,-7.855,-6.956,-7.329,-8.043,-7.799,-8.319,-6.754,-6.587,-6.57,-5.908,-6.133,-6.789,-9.222,-7.162,-6.191,-8.543,-7.975,-7.199,-7.847,-7.922,-5.822,-5.994,-7.505,-7.658,-6.933,-5.494,-7.325,-6.075,-6.752,-5.419,-5.034,-6.803,-6.515,-6.433,-6.38,-5.591,-5.987
86577807extra_5,-6.139,-5.643,-6.124,-5.441,-5.098,-5.913,-7.461,-5.047,-5.444,-5.126,-6.168,-5.544,-6.436,-6.739,-5.251,-7.671,-7.185,-7.265,-5.895,-6.133,-6.028,-4.535,-4.821,-6.453,-5.148,-7.916,-4.365,-7.808,-7.654,-7.513,-5.887,-7.553,-7.775,-5.066,-3.307,-7.332,-6.328,-6.208,-6.238,-5.034,-6.023,-6.528,-4.031,-5.85,-5.248,-5.324,-6.215,-5.308,-5.999,-5.43
133994.cdx,-6.42,-5.079,-6.469,-6.595,-6.557,-5.394,-6.932,-4.892,-4.922,-5.525,-5.318,-6.014,-6.626,-7.444,-5.205,-7.721,-8.064,-7.477,-5.461,-6.944,-8.064,-6.177,-4.481,-4.617,-5.987,-4.964,-4.657,-7.176,-7.907,-8.059,-6.266,-7.666,-7.331,-5.748,-5.287,-6.417,-6.557,-4.292,-5.293,-4.837,-6.734,-5.644,-6.122,-4.506,-6.077,-6.232,-6.366,-4.783,-4.617,-5.765
OptTAR_Fixed_ligprep_20260117_0.5.maegz:15,-4.441,-5.109,-4.828,-4.935,-5.77,-4.709,-4.901,-4.763,-4.735,-5.36,-5.023,-4.766,-5.621,-6.422,-5.107,-5.752,-6.456,-6.246,-6.712,-5.542,-6.374,-5.407,-5.021,-5.735,-4.865,-5.528,-5.206,-5.994,-4.946,-6.106,-5.539,-6.303,-6.563,-5.161,-4.52,-4.847,-4.376,-5.504,-4.978,-5.18,-6.729,-5.195,-3.467,-5.005,-4.716,-4.707,-5.23,-5.408,-4.355,-4.946
OptTAR_Fixed_ligprep_20260117_0.5.maegz:16,-4.72,-2.726,-2.853,-4.149,-4.574,-4.588,-5.151,-5.21,-5.36,-4.561,-3.506,-4.161,-4.899,-6.523,-4.786,-5.702,-6.453,-6.589,-2.851,-3.217,-5.197,-4.033,-4.287,-4.183,-3.742,-4.271,-3.901,-3.932,-6.547,-5.429,-4.438,-6.015,-6.101,-4.462,-4.203,-4.893,-4.703,-5.891,-2.564,-4.797,-4.967,-4.884,-6.134,-4.625,-4.818,-3.724,-3.718,-3.459,-4.166,-4.81
OptTAR_Fixed_ligprep_20260117_0.5.maegz:17,-4.915,-5.204,-4.873,-4.669,-4.881,-5.173,-5.681,-4.323,-4.979,-4.809,-4.875,-5.062,-6.047,-6.426,-5.544,-6.364,-6.845,-6.565,-7.08,-5.114,-6.529,-4.768,-4.364,-4.222,-4.956,-4.808,-4.917,-6.829,-6.832,-6.913,-3.903,-5.167,-6.745,-4.738,-4.721,-4.722,-5.611,-5.593,-3.704,-5.461,-6.679,-5.933,-4.53,-5.272,-5.321,-5.178,-5.066,-5.438,-4.377,-4.031
OptTAR_Fixed_ligprep_20260117_0.5.maegz:18,-5.439,-6.945,-4.923,-5.23,-5.263,-5.717,-5.642,-5.098,-5.956,-5.164,-5.293,-5.862,-6.349,-8.248,-4.451,-7.029,-6.352,-6.743,-6.892,-5.653,-7.583,-5.963,-4.942,-5.472,-5.602,-7.52,-6.209,-5.3,-6.998,-6.715,-6.034,-6.62,-6.423,-5.462,-5.129,-5.637,-5.699,-5.7,-5.119,-5.224,-4.867,-5.628,-5.15,-4.265,-6.175,-5.487,-5.556,-5.367,-4.542,-4.996
OptTAR_Fixed_ligprep_20260117_0.5.maegz:19,-5.522,-5.452,-5.854,-6.37,-6.052,-5.278,-5.985,-5.439,-5.893,-5.414,-5.281,-5.318,-6.506,-7.038,-5.107,-7.128,-8.065,-7.735,-7.487,-5.382,-5.072,-5.52,-4.545,-4.866,-4.732,-5.145,-4.85,-4.952,-5.751,-7.025,-6.475,-5.248,-5.162,-5.383,-4.697,-5.752,-5.893,-6.394,-5.719,-5.272,-8.802,-5.882,-5.091,-4.889,-4.603,-5.847,-5.958,-4.889,-4.596,-4.388
OptTAR_Fixed_ligprep_20260117_0.5.maegz:20,-5.604,-5.143,-4.101,-4.544,-5.259,-5.885,-5.263,-4.647,-4.875,-5.227,-4.712,-4.403,-5.635,-6.466,-4.761,-6.075,-5.629,-5.491,-6.054,-4.834,-3.257,-5.537,-4.004,-4.919,-4.94,-5.188,-3.998,-7.806,-5.706,-6.078,-2.794,-5.404,-5.456,-3.435,-3.992,-5.9,-5.05,-4.787,-4.271,-4.7,-5.605,-5.084,-3.55,-4.429,-4.745,-5.876,-5.653,-4.097,-4.632,-5.308
OptTAR_Fixed_ligprep_20260117_0.5.maegz:21,-4.722,-3.997,-5.26,-5.349,-5.639,-5.526,-5.424,-4.97,-5.889,-4.86,-4.522,-5.011,-5.501,-7.792,-4.791,-6.031,-7.892,-7.836,-5.438,-5.256,-3.925,-5.016,-3.688,-4.818,-4.362,-4.57,-4.359,-5.89,-6.001,-5.69,-5.647,-6.237,-6.23,-5.058,-4.999,-4.844,-5.348,-5.488,-4.136,-4.819,-5.533,-5.305,-4.611,-3.491,-4.347,-5.032,-5.447,-4.165,-4.246,-4.748
OptTAR_Fixed_ligprep_20260117_0.5.maegz:22,-6.012,-4.666,-3.966,-4.353,-4.353,-4.735,-4.151,-4.515,-3.945,-4.44,-3.747,-4.613,-5.549,-6.263,-4.995,-6.437,-6.52,-6.338,-4.673,-4.424,-5.151,-5.846,-3.746,-3.529,-4.036,-4.901,-4.282,-4.221,-4.175,-6.046,-4.242,-5.437,-4.804,-4.636,-4.554,-4.528,-3.983,-5.36,-4.846,-4.634,-4.708,-4.681,-3.579,-3.952,-3.841,-4.155,-4.002,-4.524,-4.035,-3.838
OptTAR_Fixed_ligprep_20260117_0.5.maegz:23,-5.215,-5.825,-4.594,-4.713,-5.554,-5.65,-5.649,-4.41,-5.417,-5.266,-5.413,-5.137,-6.407,-5.83,-5.869,-6.519,-6.751,-6.941,-5.404,-4.662,-6.318,-5.973,-3.66,-5.351,-4.985,-4.642,-4.144,-5.169,-6.23,-6.475,-4.851,-5.79,-6.459,-4.784,-4.387,-6.253,-5.587,-4.209,-4.145,-5.702,-3.871,-5.712,-4.324,-4.356,-4.074,-4.111,-5.69,-6.385,-5.071,-5.719
OptTAR_Fixed_ligprep_20260117_0.5.maegz:24,-6.134,-5.964,-4.977,-5.749,-6.084,-5.073,-5.887,-5.052,-5.159,-5.015,-5.154,-5.368,-6.685,-6.194,-6.075,-6.188,-5.586,-6.393,-6.122,-6.31,-4.811,-6.436,-5.642,-5.662,-5.531,-6.894,-5.938,-6.879,-6.168,-5.582,-5.358,-5.967,-5.975,-5.519,-5.243,-5.784,-5.876,-6.21,-5.96,-5.846,-6.005,-5.954,-4.708,-5.274,-5.318,-4.928,-5.081,-4.86,-4.612,-4.587
OptTAR_Fixed_ligprep_20260117_0.5.maegz:25,-2.924,-3.22,-2.757,-1.978,-3.452,-2.261,-2.125,-2.552,-2.914,-2.834,-0.7302,-3.445,-2.721,-3.587,-1.188,-3.641,-4.767,-3.361,-0.6543,-3.961,-2.942,-3.324,-3.414,-2.54,-3.311,-2.551,-3.332,-3.709,-4.286,-2.048,-0.05729,-4.968,-0.9386,-2.075,0.304,-2.749,-3.146,0.4845,-2.416,-2.889,-3.261,-3.225,-0.7738,-2.006,-3.32,-2.414,-2.868,-2.093,-2.165,-2.0
OptTAR_Fixed_ligprep_20260117_0.5.maegz:26,-4.77,-5.563,-5.148,-5.147,-4.309,-4.864,-4.623,-4.803,-4.466,-4.687,-4.393,-5.563,-6.204,-7.483,-5.048,-6.266,-7.72,-7.078,-5.02,-4.621,-6.44,-5.766,-5.203,-4.452,-4.505,-5.496,-5.364,-4.904,-6.441,-5.721,-6.178,-6.734,-6.387,-6.287,-5.398,-5.791,-5.822,-4.877,-4.56,-5.172,-7.022,-5.416,-3.96,-3.808,-5.941,-3.989,-5.588,-4.874,-4.789,-4.79
OptTAR_Fixed_ligprep_20260117_0.5.maegz:27,-5.996,-5.647,-4.157,-5.433,-6.265,-4.97,-6.452,-3.614,-5.979,-5.166,-4.856,-5.367,-6.359,-6.629,-5.8,-5.941,-5.798,-7.903,-6.002,-5.613,-5.338,-5.646,-4.478,-5.124,-5.06,-5.117,-6.131,-7.551,-6.04,-6.802,-5.814,-5.713,-7.014,-5.101,-4.042,-6.33,-6.334,-4.309,-3.858,-3.969,-4.579,-4.628,-3.494,-4.039,-4.648,-5.822,-6.673,-4.267,-3.47,-5.599
OptTAR_Fixed_ligprep_20260117_0.5.maegz:28,-6.323,-6.036,-5.026,-4.614,-6.306,-5.107,-5.35,-5.866,-5.992,-4.943,-4.426,-4.952,-7.839,-6.462,-5.804,-7.746,-6.453,-7.354,-5.761,-4.403,-5.131,-6.291,-4.709,-4.894,-5.219,-7.029,-4.278,-4.559,-6.334,-6.705,-6.088,-5.841,-6.111,-4.049,-4.654,-5.865,-5.249,-5.808,-4.992,-5.696,-6.051,-3.787,-4.177,-6.205,-4.851,-4.756,-6.099,-4.25,-5.286,-3.782
OptTAR_Fixed_ligprep_20260117_0.5.maegz:29,-5.674,-1.589,-4.375,-3.966,-3.276,-4.6,-2.514,-1.776,-4.656,-0.4682,-4.08,-0.9565,-4.364,-5.223,-4.603,-5.477,-3.225,-3.462,-5.424,-2.801,-3.847,-4.523,-1.382,-1.684,-2.107,-4.876,-2.266,-4.715,-5.777,-5.861,-2.737,-4.117,-3.153,-3.349,-3.886,-5.429,-5.141,-1.813,-1.967,-2.511,-2.448,-1.536,-1.66,-2.206,-1.28,-1.983,-3.445,-1.735,-3.908,-3.269
OptTAR_Fixed_ligprep_20260117_0.5.maegz:30,-1.978,-3.076,-2.292,-1.653,-2.354,-1.78,-1.351,-5.2,-2.981,-2.589,-3.111,-3.914,-4.558,-4.317,-4.484,-6.482,-2.707,-4.446,-0.6817,-2.899,-2.583,-4.576,-1.82,-1.808,-4.358,-2.02,-1.914,-7.178,-7.822,-4.757,-2.851,-4.905,-6.512,-1.964,-2.601,-4.91,-4.54,-0.8787,-1.418,-2.89,-6.28,-3.828,-0.6488,-2.842,-2.515,-4.468,-4.109,-2.396,-3.716,-4.34
OptTAR_Fixed_ligprep_20260117_0.5.maegz:31,-6.137,-5.155,-6.071,-4.704,-5.814,-5.505,-5.587,-4.613,-5.545,-5.444,-5.65,-5.814,-6.557,-7.921,-5.776,-6.754,-6.577,-7.237,-5.881,-5.876,-5.739,-6.212,-5.256,-5.122,-5.286,-4.568,-4.464,-5.145,-6.903,-8.402,-5.861,-6.31,-5.832,-5.89,-5.526,-6.162,-6.207,-4.373,-5.512,-5.397,-6.261,-6.429,-3.975,-4.286,-4.505,-5.682,-6.933,-4.868,-5.221,-5.049
OptTAR_Fixed_ligprep_20260117_0.5.maegz:32,-6.202,-5.261,-4.928,-5.1,-6.156,-6.024,-5.297,-4.722,-4.712,-5.134,-4.917,-5.877,-6.891,-8.201,-5.448,-7.446,-7.515,-7.031,-5.309,-4.939,-5.137,-6.285,-4.814,-4.383,-6.247,-5.314,-4.702,-6.091,-7.485,-6.656,-6.149,-6.022,-7.12,-4.989,-5.882,-6.244,-5.956,-4.264,-4.897,-5.822,-5.499,-5.713,-7.039,-3.813,-4.304,-5.839,-5.165,-4.886,-4.741,-5.192
OptTAR_Fixed_ligprep_20260117_0.5.maegz:33,-6.166,-5.706,-5.47,-5.22,-5.845,-5.455,-5.694,-4.823,-6.212,-4.879,-5.666,-5.758,-6.705,-7.492,-5.579,-7.033,-7.84,-6.78,-6.814,-6.018,-6.847,-5.578,-4.857,-4.639,-4.975,-4.895,-4.886,-5.174,-7.107,-8.335,-5.251,-5.781,-6.122,-5.611,-4.919,-6.369,-6.407,-4.93,-4.87,-6.042,-7.48,-5.566,-4.998,-4.917,-4.931,-5.536,-6.666,-5.015,-4.793,-5.437
OptTAR_Fixed_ligprep_20260117_0.5.maegz:34,-6.137,-5.526,-5.429,-3.792,-4.396,-4.466,-5.883,-4.588,-5.009,-4.616,-5.575,-4.703,-6.587,-7.037,-4.657,-6.801,-7.621,-5.879,-5.543,-6.24,-5.849,-5.836,-4.347,-4.951,-6.161,-5.828,-5.011,-7.769,-7.781,-6.256,-6.488,-6.73,-7.46,-4.555,-4.958,-5.527,-5.094,-3.985,-5.047,-5.308,-6.116,-4.256,-4.962,-3.405,-3.69,-5.361,-5.447,-4.424,-4.354,-4.632
OptTAR_Fixed_ligprep_20260117_0.5.maegz:35,-5.659,-5.785,-5.531,-5.229,-5.341,-5.174,-4.727,-4.514,-4.765,-4.398,-5.329,-4.862,-5.231,-7.278,-4.853,-6.373,-6.366,-6.553,-4.889,-4.451,-4.379,-4.764,-4.381,-4.32,-4.805,-5.45,-3.994,-4.436,-6.669,-5.97,-5.649,-5.702,-6.515,-4.624,-4.858,-4.856,-4.83,-4.91,-5.377,-5.044,-5.538,-6.061,-3.907,-4.52,-5.591,-4.529,-5.573,-4.378,-4.819,-4.119
OptTAR_Fixed_ligprep_20260117_0.5.maegz:36,-6.323,-6.825,-6.053,-6.915,-6.236,-5.768,-5.41,-6.21,-5.707,-5.46,-6.162,-6.083,-8.187,-7.602,-6.008,-7.839,-6.903,-7.728,-7.325,-5.642,-6.58,-5.763,-5.029,-5.353,-6.548,-5.842,-6.287,-7.699,-8.475,-6.481,-7.012,-6.983,-7.241,-5.387,-5.149,-6.523,-6.434,-6.498,-5.795,-6.555,-7.321,-5.813,-5.915,-5.736,-5.691,-6.696,-6.493,-5.428,-4.889,-6.331
OptTAR_Fixed_ligprep_20260117_0.5.maegz:37,-4.893,-5.718,-5.057,-5.128,-5.346,-5.012,-4.865,-4.528,-5.053,-4.857,-5.504,-5.108,-5.336,-6.428,-4.283,-6.131,-7.119,-6.026,-5.174,-4.465,-5.313,-5.279,-3.811,-4.182,-4.14,-4.086,-4.7,-4.231,-6.645,-5.955,-4.096,-6.051,-6.985,-4.344,-4.223,-5.445,-5.426,-4.656,-5.864,-5.138,-5.989,-5.422,-4.523,-4.873,-3.861,-4.658,-5.685,-4.457,-3.87,-3.496
OptTAR_Fixed_ligprep_20260117_0.5.maegz:38,-7.05,-6.631,-4.81,-4.092,-5.378,-6.164,-5.767,-5.19,-5.334,-4.568,-4.275,-4.845,-6.723,-7.644,-5.814,-6.14,-7.574,-6.873,-5.553,-4.796,-5.567,-6.386,-5.069,-5.226,-5.068,-4.593,-4.755,-5.373,-6.58,-6.264,-5.124,-6.333,-7.124,-5.016,-5.357,-5.365,-6.295,-5.02,-4.688,-6.927,-6.527,-5.658,-4.174,-4.157,-4.543,-5.052,-5.297,-4.823,-5.205,-5.526
OptTAR_Fixed_ligprep_20260117_0.5.maegz:39,-4.362,-3.306,-3.853,-3.729,-4.188,-3.896,-3.246,-3.104,-4.627,-4.014,-4.193,-3.477,-4.347,-4.371,-4.517,-5.338,-4.84,-5.328,-3.724,-3.132,-2.724,-5.243,-3.427,-3.462,-4.28,-2.831,-4.905,-5.527,-4.135,-4.254,-2.142,-3.475,-5.828,-4.145,-3.446,-4.752,-4.519,-3.206,-3.207,-4.766,-4.868,-4.401,-3.106,-3.703,-4.079,-4.197,-3.684,-4.332,-1.888,-1.718
OptTAR_Fixed_ligprep_20260117_0.5.maegz:40,-4.885,-3.941,-3.735,-4.949,-4.603,-3.622,-2.597,-3.918,-2.288,-4.022,-3.206,-1.747,-4.314,-4.757,-4.23,-5.271,-6.161,-5.903,-5.37,-4.684,-4.324,-3.773,-2.916,-3.061,-4.029,-3.51,-4.314,-3.995,-3.453,-4.661,-2.946,-5.771,-4.242,-3.522,-4.028,-3.824,-3.352,-3.308,-2.537,-3.451,-4.265,-4.07,-4.062,-3.368,-4.362,-4.63,-4.037,-3.831,-3.398,-3.147
OptTAR_Fixed_ligprep_20260117_0.5.maegz:41,-4.802,-5.548,-4.439,-4.766,-5.587,-4.219,-4.987,-4.524,-4.974,-4.8,-4.015,-4.866,-5.394,-6.734,-5.402,-6.105,-7.034,-6.737,-6.035,-5.894,-4.401,-5.401,-4.049,-6.325,-4.833,-4.989,-5.359,-4.875,-5.95,-5.462,-6.563,-6.323,-5.661,-4.025,-4.219,-5.357,-4.609,-4.671,-5.655,-4.866,-6.407,-6.134,-4.74,-4.483,-4.775,-4.211,-5.1,-4.13,-5.139,-4.138
OptTAR_Fixed_ligprep_20260117_0.5.maegz:42,-5.451,-4.442,-5.309,-4.522,-5.422,-4.099,-5.779,-3.849,-5.162,-4.557,-4.878,-5.615,-5.812,-5.908,-3.5,-5.368,-6.358,-6.059,-5.727,-3.765,-3.067,-3.373,-5.122,-2.828,-4.059,-4.408,-3.161,-5.295,-4.299,-4.734,-3.204,-5.911,-5.128,-3.197,-5.164,-4.536,-4.119,-4.876,-5.333,-3.075,-4.728,-2.973,-4.307,-4.073,-3.33,-5.242,-4.526,-4.558,-5.225,-4.307
OptTAR_Fixed_ligprep_20260117_0.5.maegz:43,-6.353,-6.177,-5.233,-4.16,-5.834,-6.221,-5.225,-4.623,-5.111,-5.785,-5.348,-6.173,-6.163,-7.86,-5.894,-6.794,-6.328,-7.185,-4.937,-4.872,-4.814,-5.039,-4.541,-4.751,-5.246,-4.183,-4.182,-8.524,-7.148,-7.924,-6.323,-6.736,-7.786,-5.841,-4.753,-6.061,-6.235,-4.851,-4.305,-6.035,-6.229,-6.272,-4.972,-4.225,-4.438,-6.123,-6.33,-5.02,-4.545,-4.877
OptTAR_Fixed_ligprep_20260117_0.5.maegz:44,-4.454,-4.53,-5.265,-4.867,-5.777,-4.449,-4.547,-4.624,-5.524,-4.753,-1.659,-3.373,-5.061,-7.401,-2.668,-6.621,-6.692,-3.775,-4.376,-6.082,-5.181,-4.186,-3.663,-4.894,-4.257,-3.439,-5.217,-3.936,-5.819,-4.906,-4.171,-6.999,-5.482,-3.946,-4.391,-4.421,-4.896,-3.029,-1.715,-4.064,-4.982,-5.718,-1.99,-2.804,-3.608,-5.557,-5.35,-4.08,-4.172,-4.84
OptTAR_Fixed_ligprep_20260117_0.5.maegz:45,-2.027,-4.692,-4.72,-5.578,-3.983,-4.344,-3.63,-4.45,-3.133,-4.251,-4.275,-4.953,-5.842,-5.98,-4.239,-6.276,-7.044,-6.618,-4.935,-3.908,-3.232,-4.864,-3.363,-4.618,-4.394,-3.474,-3.561,-5.364,-7.054,-6.418,-5.98,-6.25,-5.26,-5.163,-4.524,-5.117,-5.998,-4.439,-2.164,-3.902,-4.479,-4.344,-4.183,-3.796,-3.618,-5.379,-6.065,-4.27,-4.092,-3.643
OptTAR_Fixed_ligprep_20260117_0.5.maegz:46,-5.551,-5.024,-4.613,-5.574,-5.73,-5.406,-5.586,-4.833,-4.939,-4.916,-4.612,-5.259,-6.353,-5.989,-4.875,-6.803,-7.025,-7.055,-5.252,-5.163,-5.209,-4.167,-5.134,-5.557,-5.587,-4.257,-4.363,-4.252,-5.653,-6.163,-5.302,-5.453,-5.346,-4.422,-4.587,-5.329,-5.286,-5.273,-5.037,-5.043,-6.627,-6.022,-4.941,-4.515,-5.556,-5.087,-5.913,-4.38,-3.763,-4.721
OptTAR_Fixed_ligprep_20260117_0.5.maegz:47,-6.001,-5.392,-5.072,-4.279,-4.715,-5.155,-4.45,-3.937,-3.962,-5.639,-5.519,-5.972,-5.825,-7.33,-5.793,-6.622,-6.396,-6.115,-6.917,-7.04,-5.641,-5.74,-4.466,-4.854,-5.863,-5.296,-4.924,-6.861,-6.877,-6.086,-5.737,-6.467,-6.351,-5.962,-4.453,-4.933,-5.034,-4.12,-3.993,-4.745,-6.586,-6.164,-5.361,-4.458,-5.131,-4.367,-5.8,-4.809,-4.825,-4.95
OptTAR_Fixed_ligprep_20260117_0.5.maegz:48,-5.289,-3.972,-4.713,-4.757,-5.992,-3.77,-5.175,-5.025,-4.565,-4.219,-4.713,-4.356,-5.89,-6.626,-3.244,-5.932,-5.879,-6.257,-3.93,-4.099,-4.638,-4.586,-3.613,-4.556,-5.493,-4.713,-4.775,-4.975,-5.232,-5.056,-5.786,-5.042,-5.585,-4.24,-4.608,-5.101,-5.392,-5.266,-3.983,-3.844,-4.599,-4.424,-4.468,-4.2,-3.613,-4.879,-5.569,-4.695,-4.06,-4.357
OptTAR_Fixed_ligprep_20260117_0.5.maegz:49,-4.332,-3.198,-2.34,-2.135,-3.859,-4.074,-4.123,-2.798,-4.193,-3.074,-3.999,-3.842,-4.548,-6.126,-3.838,-5.787,-5.714,-4.433,-3.623,-2.885,-3.133,-4.192,-2.338,-3.192,-3.337,-3.901,-2.662,-5.764,-4.757,-4.455,-3.507,-4.838,-3.646,-3.49,-3.176,-3.87,-3.818,-3.272,-2.997,-4.142,-4.588,-2.312,-2.612,-2.444,-2.465,-4.535,-4.522,-3.155,-3.338,-3.232
OptTAR_Fixed_ligprep_20260117_0.5.maegz:50,-5.262,-4.742,-5.23,-5.559,-5.808,-6.108,-4.819,-5.492,-5.158,-4.938,-5.872,-4.664,-4.841,-7.68,-4.673,-7.515,-7.245,-8.275,-5.78,-5.015,-5.006,-6.375,-4.202,-4.404,-5.416,-5.284,-4.762,-7.326,-7.402,-6.781,-5.32,-7.585,-6.797,-5.419,-5.318,-5.038,-5.062,-2.366,-4.611,-4.613,-8.374,-6.274,-6.187,-5.064,-3.158,-6.523,-4.862,-4.892,-3.986,-4.95
OptTAR_Fixed_ligprep_20260117_0.5.maegz:51,-4.627,-4.931,-4.231,-4.588,-6.077,-3.409,-1.746,-4.149,-4.144,-4.225,-4.195,-5.125,-2.682,-3.653,-4.021,-5.767,-5.202,-5.615,-4.028,-4.15,-5.787,-3.234,-3.332,-2.657,-3.977,-4.725,-4.645,-4.614,-6.125,-2.842,-4.249,-5.452,-4.619,-5.405,-1.481,-4.541,-4.335,-2.887,-3.851,-2.498,-1.792,-3.015,-2.653,-2.218,-4.774,-4.047,-5.181,-2.6,-2.828,-3.458
OptTAR_Fixed_ligprep_20260117_0.5.maegz:52,-4.788,-5.213,-3.795,-2.854,-3.993,-3.061,-4.049,-3.311,-3.349,-3.419,-3.977,-4.227,-5.539,-5.68,-4.328,-4.732,-4.647,-5.186,-5.972,-5.125,-4.483,-3.891,-3.777,-3.215,-3.744,-5.054,-4.151,-5.564,-6.078,-5.187,-5.583,-6.863,-6.115,-4.485,-4.126,-5.334,-3.877,-3.607,-2.954,-4.064,-5.398,-3.778,-3.516,-2.41,-3.331,-3.847,-4.829,-3.263,-3.559,-4.213
OptTAR_Fixed_ligprep_20260117_0.5.maegz:53,-3.659,-4.956,-3.648,-5.439,-5.245,-4.111,-3.694,-3.914,-4.69,-4.254,-4.584,-3.6,-4.609,-6.04,-6.345,-6.12,-6.078,-5.762,-5.896,-5.159,-5.206,-4.722,-3.967,-4.394,-4.502,-5.24,-4.47,-6.285,-3.714,-5.18,-5.152,-4.058,-3.34,-4.17,-3.034,-3.74,-2.997,-3.362,-3.081,-4.419,-3.903,-4.887,-1.72,-4.4,-4.817,-3.806,-3.916,-3.596,-2.866,-2.032
OptTAR_Fixed_ligprep_20260117_0.5.maegz:54,-5.75,-4.978,-4.393,-4.703,-3.53,-4.292,-1.73,-3.854,-4.898,-3.646,-2.015,-3.882,-3.98,-5.371,-4.75,-5.771,-6.167,-6.686,-4.862,-4.443,-4.827,-3.651,-3.726,-4.004,-4.495,-4.344,-3.913,-7.204,-5.71,-5.419,-5.665,-4.939,-5.22,-1.145,-3.358,-5.978,-2.413,-3.598,-2.651,-4.731,-5.98,-4.344,-3.169,-2.555,-3.592,-3.263,-4.665,-3.75,-3.588,-3.593
OptTAR_Fixed_ligprep_20260117_0.5.maegz:55,-5.396,-2.315,-5.696,-6.142,-4.356,-4.632,-3.58,-4.848,-4.291,-4.786,-5.104,-5.891,-5.495,-6.829,-5.317,-6.062,-5.334,-6.253,-4.809,-2.749,-2.434,-4.958,-4.105,-3.934,-2.502,-3.51,-4.505,-3.454,-5.684,-5.848,-6.087,-4.821,-6.115,-4.149,-3.953,-4.791,-5.334,-4.549,-4.221,-4.359,-4.958,-5.001,-3.163,-2.644,-4.187,-5.336,-5.506,-3.748,-3.889,-3.863
OptTAR_Fixed_ligprep_20260117_0.5.maegz:56,-4.222,-3.869,-3.881,-4.085,-4.23,-3.434,-4.284,-4.3,-2.966,-3.984,-4.72,-3.475,-2.558,-6.312,-5.348,-3.936,-5.874,-6.408,-4.16,-3.56,-4.738,-3.133,-3.3,-2.99,-3.288,-3.835,-2.204,-3.121,-4.541,-4.835,-4.987,-5.267,-5.262,-3.733,-3.719,-4.394,-4.681,-0.8532,-2.236,-2.527,-1.506,-4.582,-1.087,-4.1,-4.209,-3.19,-4.586,-3.043,-3.532,-3.445
OptTAR_Fixed_ligprep_20260117_0.5.maegz:57,-4.624,-5.152,-4.247,-4.431,-4.941,-3.866,-3.985,-3.673,-3.731,-3.322,-3.733,-4.153,-5.327,-5.5,-4.871,-4.114,-5.733,-5.502,-3.875,-4.282,-4.391,-4.084,-3.849,-4.019,-4.496,-5.118,-5.318,-5.629,-5.248,-4.793,-4.725,-5.735,-4.568,-4.311,-4.644,-5.336,-4.826,-4.868,-4.001,-3.723,-5.813,-4.6,-3.454,-3.46,-3.538,-3.328,-4.246,-4.463,-3.988,-4.056
OptTAR_Fixed_ligprep_20260117_0.5.maegz:58,-5.191,-3.982,-5.023,-6.256,-4.669,-5.773,-5.19,-5.173,-5.873,-4.803,-4.923,-5.233,-5.747,-6.59,-5.942,-6.11,-6.998,-6.466,-6.757,-5.026,-4.17,-5.42,-3.481,-3.924,-2.737,-4.244,-4.085,-5.744,-5.156,-6.326,-4.702,-6.046,-5.464,-4.773,-4.601,-4.85,-5.41,-3.25,-5.811,-5.408,-5.251,-6.25,-4.927,-5.172,-5.954,-4.345,-6.096,-4.509,-5.408,-4.98
OptTAR_Fixed_ligprep_20260117_0.5.maegz:59,-3.735,-5.014,-3.965,-3.906,-5.077,-4.875,-3.678,-3.535,-4.48,-4.075,-4.133,-5.097,-5.189,-5.383,-4.064,-4.745,-4.556,-5.741,-6.07,-3.772,-5.225,-5.106,-4.005,-3.642,-4.003,-4.365,-3.804,-4.079,-5.509,-5.768,-4.093,-5.261,-4.716,-4.334,-4.858,-5.504,-5.377,-5.42,-4.306,-3.788,-3.719,-3.339,-3.914,-3.626,-4.125,-4.036,-4.138,-3.706,-4.583,-4.293
OptTAR_Fixed_ligprep_20260117_0.5.maegz:60,-4.908,-5.211,-4.477,-3.422,-4.607,-4.445,-4.669,-4.281,-4.327,-4.127,-4.746,-5.471,-5.633,-6.636,-5.982,-6.0,-5.696,-5.84,-6.653,-6.649,-6.307,-4.857,-4.841,-4.552,-4.581,-5.796,-5.263,-6.03,-6.326,-6.711,-4.519,-5.194,-5.819,-4.283,-4.899,-5.897,-4.954,-5.29,-4.803,-5.59,-7.37,-5.042,-4.428,-4.575,-3.944,-4.105,-4.347,-4.554,-4.226,-5.037
OptTAR_Fixed_ligprep_20260117_0.5.maegz:61,-5.571,-6.069,-3.992,-4.662,-5.747,-5.636,-6.182,-5.242,-6.014,-5.244,-5.565,-5.605,-6.652,-7.393,-5.558,-6.811,-7.371,-7.581,-7.017,-5.139,-6.515,-5.93,-5.092,-5.181,-4.731,-6.167,-5.306,-7.587,-6.981,-7.008,-6.661,-6.573,-7.771,-5.717,-4.95,-6.796,-6.251,-6.475,-4.632,-5.73,-6.636,-5.587,-5.525,-6.153,-4.761,-5.153,-5.823,-5.329,-5.039,-4.462
OptTAR_Fixed_ligprep_20260117_0.5.maegz:62,-4.848,-4.133,-4.321,-3.942,-4.645,-4.226,-4.795,-5.204,-4.27,-4.084,-3.787,-3.156,-4.947,-5.568,-3.467,-5.055,-4.844,-4.799,-4.887,-4.127,-4.839,-4.78,-3.713,-3.413,-4.586,-4.49,-4.524,-6.302,-5.454,-3.999,-4.817,-5.386,-5.623,-4.281,-3.892,-4.411,-5.376,-4.151,-4.375,-4.006,-3.61,-4.579,-3.319,-2.756,-3.957,-4.001,-4.696,-3.548,-4.037,-3.731
OptTAR_Fixed_ligprep_20260117_0.5.maegz:63,-5.756,-6.29,-4.437,-5.574,-5.5,-4.767,-6.352,-4.712,-4.978,-5.556,-5.184,-4.692,-6.524,-7.089,-5.934,-7.26,-7.527,-7.01,-6.536,-5.161,-7.058,-5.713,-4.344,-5.028,-5.735,-5.816,-5.316,-7.677,-6.243,-6.389,-6.015,-6.513,-8.081,-5.595,-5.877,-6.044,-5.683,-5.625,-4.86,-5.375,-6.547,-5.424,-3.709,-4.374,-5.665,-4.792,-6.455,-5.87,-5.117,-5.355
OptTAR_Fixed_ligprep_20260117_0.5.maegz:64,-5.512,-5.189,-3.978,-4.462,-4.834,-5.745,-5.584,-5.139,-5.361,-5.038,-5.45,-5.253,-6.643,-7.209,-6.692,-6.739,-7.099,-7.675,-5.299,-5.64,-5.261,-5.124,-4.898,-4.645,-5.114,-4.912,-4.665,-7.14,-6.962,-7.034,-6.267,-6.974,-7.278,-4.992,-4.29,-6.431,-6.068,-4.537,-4.749,-6.34,-6.997,-6.037,-5.787,-4.354,-4.869,-5.479,-5.055,-4.718,-5.185,-4.972
OptTAR_Fixed_ligprep_20260117_0.5.maegz:65,-5.044,-5.861,-5.646,-5.148,-5.644,-4.117,-4.323,-4.296,-4.503,-5.765,-4.529,-5.165,-5.593,-6.799,-4.943,-6.393,-5.589,-4.933,-4.461,-4.519,-4.803,-5.103,-4.326,-4.541,-5.407,-4.655,-4.739,-4.332,-6.366,-5.608,-4.504,-5.677,-5.5,-4.784,-5.356,-4.995,-5.301,-4.827,-3.914,-4.6,-4.625,-3.803,-4.188,-4.505,-3.962,-4.897,-5.309,-4.529,-4.714,-4.825
OptTAR_Fixed_ligprep_20260117_0.5.maegz:66,-5.167,-4.928,-5.603,-5.328,-7.073,-5.1,-5.187,-6.128,-6.049,-5.495,-4.999,-5.701,-5.24,-7.032,-5.187,-7.378,-6.258,-6.352,-6.042,-4.978,-4.96,-5.503,-4.48,-4.912,-5.083,-4.579,-4.87,-5.389,-5.823,-6.352,-5.549,-5.433,-6.48,-5.473,-5.016,-4.936,-5.386,-5.751,-4.143,-4.989,-5.423,-4.961,-4.713,-4.513,-5.03,-6.073,-5.754,-4.519,-5.268,-5.064
OptTAR_Fixed_ligprep_20260117_0.5.maegz:67,-6.041,-6.594,-7.031,-6.084,-6.862,-6.267,-6.139,-6.165,-5.975,-5.907,-5.586,-5.594,-6.131,-7.934,-6.05,-7.861,-7.425,-8.004,-6.987,-5.78,-4.991,-5.542,-4.884,-5.555,-5.598,-5.651,-5.559,-4.958,-8.052,-7.237,-6.313,-6.623,-6.085,-6.105,-5.753,-6.556,-6.62,-6.331,-6.052,-5.962,-5.913,-5.482,-5.051,-5.299,-5.604,-6.632,-6.242,-4.584,-5.361,-5.409
OptTAR_Fixed_ligprep_20260117_0.5.maegz:68,-3.903,-3.916,-2.814,-3.271,-3.482,-4.008,-4.589,-3.339,-4.225,-3.771,-3.402,-3.937,-5.289,-3.981,-5.399,-5.724,-7.62,-6.624,-4.322,-5.82,-5.406,-5.068,-4.148,-3.569,-5.245,-3.036,-3.898,-4.011,-5.946,-4.82,-3.636,-5.007,-6.076,-4.773,-3.85,-4.373,-4.284,-3.521,-3.768,-3.903,-4.858,-5.946,-1.054,-3.572,-3.876,-4.575,-4.544,-3.36,-0.3059,-0.3725
OptTAR_Fixed_ligprep_20260117_0.5.maegz:69,-4.63,-4.054,-4.835,-4.539,-5.394,-5.183,-4.435,-4.49,-4.289,-4.679,-5.43,-5.319,-5.644,-7.445,-4.452,-6.44,-7.004,-6.198,-4.905,-4.635,-4.358,-5.811,-3.544,-4.212,-5.149,-5.07,-4.478,-4.415,-6.785,-6.595,-5.806,-7.278,-5.289,-4.63,-4.673,-5.326,-4.719,-4.454,-4.366,-4.89,-4.719,-4.021,-4.781,-3.292,-4.49,-5.334,-5.848,-5.142,-4.891,-4.905
OptTAR_Fixed_ligprep_20260117_0.5.maegz:70,-5.564,-5.596,-5.91,-5.614,-6.312,-5.587,-4.388,-5.154,-4.528,-4.761,-5.15,-4.937,-6.298,-6.571,-5.005,-6.788,-7.206,-7.108,-6.436,-5.082,-5.399,-5.235,-4.477,-4.686,-5.2,-6.284,-4.675,-8.145,-6.508,-6.574,-6.47,-6.557,-6.949,-5.36,-4.775,-6.416,-5.352,-5.58,-4.24,-5.798,-6.621,-5.472,-4.383,-3.765,-5.797,-5.236,-6.342,-4.378,-4.7,-4.909
OptTAR_Fixed_ligprep_20260117_0.5.maegz:71,-4.196,-5.381,-4.432,-4.409,-5.169,-2.479,-4.587,-4.331,-4.611,-3.934,-4.351,-4.584,-5.676,-6.349,-3.55,-5.817,-5.124,-5.201,-4.363,-5.307,-4.079,-3.158,-3.385,-4.58,-2.621,-4.782,-2.4,-4.528,-5.083,-6.455,-5.373,-3.872,-4.884,-3.731,-3.48,-2.942,-3.631,-5.856,-2.938,-3.858,-3.67,-5.213,-2.59,-3.774,-3.078,-3.549,-5.347,-3.81,-4.403,-3.829
OptTAR_Fixed_ligprep_20260117_0.5.maegz:72,-6.159,-5.696,-4.912,-5.978,-6.115,-5.502,-5.581,-5.747,-5.972,-4.918,-5.312,-5.573,-6.08,-7.254,-6.408,-6.676,-7.252,-6.883,-6.635,-4.941,-6.257,-5.414,-5.261,-4.644,-5.44,-5.563,-4.929,-7.032,-6.45,-5.945,-6.201,-5.903,-5.677,-5.201,-4.869,-5.775,-5.798,-4.613,-4.627,-4.721,-5.696,-5.65,-4.669,-4.492,-5.109,-5.621,-5.906,-4.831,-4.61,-4.604
OptTAR_Fixed_ligprep_20260117_0.5.maegz:73,-6.142,-5.883,-5.504,-6.207,-7.558,-5.751,-5.886,-5.121,-5.346,-5.618,-4.022,-5.394,-7.108,-7.31,-5.242,-7.19,-6.639,-8.457,-5.326,-4.781,-6.605,-5.714,-4.582,-5.189,-4.488,-7.143,-4.457,-5.175,-7.313,-6.506,-6.963,-6.307,-7.146,-4.941,-5.384,-5.298,-5.898,-5.281,-4.772,-5.652,-6.996,-5.555,-4.404,-4.35,-5.618,-5.662,-5.932,-4.876,-4.724,-4.83
OptTAR_Fixed_ligprep_20260117_0.5.maegz:74,-5.417,-5.085,-4.793,-4.023,-5.555,-5.585,-4.912,-4.224,-5.128,-4.95,-4.305,-5.666,-5.903,-6.986,-4.45,-6.2,-7.338,-6.32,-7.148,-4.488,-4.649,-5.628,-4.859,-5.111,-4.105,-4.571,-4.367,-6.602,-5.573,-5.86,-6.566,-5.945,-6.49,-5.266,-3.664,-5.5,-4.867,-4.403,-4.622,-6.496,-6.312,-5.971,-3.809,-4.066,-5.015,-5.474,-5.201,-4.791,-4.271,-4.132
OptTAR_Fixed_ligprep_20260117_0.5.maegz:75,-4.478,-5.338,-4.307,-4.805,-4.995,-5.216,-4.945,-4.131,-5.672,-5.022,-4.755,-4.423,-5.41,-7.057,-4.225,-5.847,-5.725,-5.75,-3.656,-4.673,-4.235,-4.583,-3.811,-3.345,-4.458,-4.017,-3.935,-6.761,-5.876,-5.218,-5.957,-5.793,-6.677,-4.046,-3.873,-5.489,-5.747,-4.52,-4.781,-5.405,-4.745,-4.88,-4.399,-3.91,-5.802,-4.449,-6.303,-4.771,-4.383,-4.096
OptTAR_Fixed_ligprep_20260117_0.5.maegz:76,-5.458,-5.122,-5.182,-4.957,-5.25,-4.831,-4.691,-5.039,-4.871,-5.07,-3.995,-5.58,-5.369,-6.96,-5.311,-6.139,-7.75,-7.265,-6.848,-6.569,-6.103,-4.703,-4.12,-5.935,-5.08,-6.254,-5.426,-6.688,-5.292,-6.8,-5.826,-6.255,-5.366,-5.267,-4.829,-4.814,-5.042,-6.11,-5.175,-4.347,-5.941,-5.817,-4.279,-4.254,-4.403,-5.298,-4.987,-4.94,-4.533,-4.746
OptTAR_Fixed_ligprep_20260117_0.5.maegz:77,-4.507,-3.68,-4.19,-3.826,-5.938,-4.836,-3.804,-4.978,-4.772,-4.788,-4.935,-5.411,-5.888,-7.199,-5.074,-7.49,-7.422,-7.648,-6.416,-4.978,-4.869,-5.505,-3.997,-4.2,-5.132,-4.256,-4.575,-4.704,-6.811,-5.566,-5.479,-5.98,-6.556,-5.818,-5.014,-5.949,-5.547,-3.992,-4.379,-4.578,-6.81,-4.776,-3.685,-3.292,-3.478,-4.781,-6.014,-4.798,-4.329,-4.918
OptTAR_Fixed_ligprep_20260117_0.5.maegz:78,-6.855,-5.676,-4.637,-5.482,-5.211,-5.709,-5.899,-4.093,-4.641,-4.906,-5.917,-5.625,-6.986,-7.52,-5.23,-6.909,-7.276,-7.447,-7.236,-8.135,-5.722,-6.321,-4.598,-4.739,-5.974,-7.046,-4.94,-8.159,-6.227,-7.302,-6.431,-6.848,-7.353,-5.955,-4.132,-5.714,-5.646,-5.077,-4.975,-6.082,-6.709,-5.284,-4.42,-5.292,-5.448,-5.662,-6.318,-6.659,-4.645,-4.378
OptTAR_Fixed_ligprep_20260117_0.5.maegz:79,-3.932,-5.338,-3.632,-4.676,-4.927,-3.093,-4.135,-4.22,-4.2,-4.793,-4.495,-4.442,-5.98,-5.104,-2.72,-3.226,-4.859,-6.199,-1.892,-3.043,-3.335,-3.337,-4.037,-3.64,-4.75,-2.657,-4.821,-3.74,-5.823,-4.983,-4.164,-4.069,-5.743,-5.051,-1.605,-4.634,-4.627,-2.635,-4.06,-4.42,-5.029,-4.828,-4.191,-1.122,-1.8,-3.975,-3.194,-3.991,-1.935,-0.9032
OptTAR_Fixed_ligprep_20260117_0.5.maegz:80,-5.339,-5.905,-4.752,-5.013,-5.504,-5.43,-4.664,-4.566,-4.717,-4.581,-5.116,-4.869,-6.082,-6.408,-5.224,-6.453,-5.589,-6.002,-5.135,-4.233,-5.285,-5.561,-4.052,-4.274,-5.029,-4.652,-6.681,-7.397,-6.939,-5.752,-4.305,-5.841,-6.496,-4.962,-4.48,-6.062,-4.556,-5.06,-4.662,-5.461,-5.948,-5.202,-4.974,-4.052,-4.361,-5.102,-5.929,-4.545,-4.787,-5.719
OptTAR_Fixed_ligprep_20260117_0.5.maegz:81,-5.767,-5.647,-6.854,-6.085,-6.549,-6.023,-5.836,-5.98,-5.189,-5.857,-5.956,-5.897,-6.751,-8.221,-6.36,-7.617,-7.958,-7.652,-6.067,-4.833,-6.324,-5.416,-4.746,-5.545,-5.472,-5.67,-5.198,-4.999,-6.938,-6.376,-5.567,-6.639,-6.995,-4.873,-5.727,-5.742,-5.819,-6.073,-5.323,-6.123,-6.625,-6.225,-5.596,-4.699,-5.493,-6.195,-6.308,-5.266,-5.357,-5.389
OptTAR_Fixed_ligprep_20260117_0.5.maegz:82,-5.124,-5.762,-3.876,-5.033,-5.167,-5.555,-5.31,-4.343,-4.808,-4.705,-4.895,-4.994,-6.063,-7.039,-5.199,-6.713,-6.738,-6.472,-4.642,-5.671,-4.405,-5.047,-4.286,-4.455,-4.893,-4.946,-4.527,-4.347,-6.754,-6.862,-6.341,-6.501,-6.714,-4.503,-4.76,-5.78,-5.305,-4.891,-5.553,-6.528,-4.823,-5.874,-5.052,-3.807,-4.19,-5.218,-4.992,-4.385,-4.111,-4.335
OptTAR_Fixed_ligprep_20260117_0.5.maegz:83,-5.478,-5.957,-5.221,-5.757,-5.371,-5.422,-5.523,-5.02,-5.083,-4.737,-4.783,-5.559,-6.003,-7.57,-5.675,-7.158,-8.01,-8.199,-6.588,-4.88,-5.106,-5.81,-4.682,-4.609,-5.085,-5.679,-5.439,-5.013,-5.933,-6.19,-6.354,-5.316,-5.333,-5.206,-5.034,-5.527,-5.203,-5.73,-5.448,-5.024,-8.094,-5.713,-5.188,-4.597,-5.44,-5.577,-5.746,-4.98,-4.784,-4.746
OptTAR_Fixed_ligprep_20260117_0.5.maegz:84,-5.703,-5.481,-4.972,-5.386,-5.469,-5.578,-5.758,-5.178,-5.313,-5.508,-4.577,-5.002,-6.39,-6.657,-5.67,-6.198,-7.277,-7.518,-6.274,-4.869,-5.376,-6.307,-5.043,-4.466,-4.636,-4.178,-4.909,-5.14,-6.944,-6.049,-6.201,-7.003,-6.15,-5.237,-4.837,-5.607,-5.228,-5.745,-4.888,-6.245,-6.93,-5.266,-4.625,-5.309,-5.171,-5.473,-6.545,-4.174,-4.786,-4.815
OptTAR_Fixed_ligprep_20260117_0.5.maegz:85,-4.891,-5.87,-4.861,-4.845,-5.464,-3.474,-4.154,-4.674,-3.934,-5.057,-4.535,-3.656,-4.459,-6.14,-4.571,-5.861,-6.696,-5.786,-4.28,-4.613,-4.942,-5.245,-4.074,-4.87,-5.379,-4.35,-4.559,-3.265,-5.822,-4.987,-6.37,-5.738,-5.75,-4.525,-4.941,-4.668,-4.117,-4.662,-3.458,-4.114,-4.591,-3.29,-3.659,-3.537,-3.752,-3.909,-5.457,-3.86,-4.3,-4.429
OptTAR_Fixed_ligprep_20260117_0.5.maegz:86,-4.554,-4.115,-5.221,-5.119,-4.421,-3.496,-3.396,-4.448,-4.347,-3.633,-4.1,-3.041,-5.726,-5.907,-3.817,-5.09,-5.933,-4.751,-4.189,-5.343,-4.703,-5.029,-3.884,-4.501,-4.598,-4.253,-3.6,-3.461,-6.051,-5.128,-4.394,-3.85,-5.404,-4.208,-4.494,-4.273,-3.877,-4.062,-3.733,-4.324,-4.534,-3.757,-3.457,-4.058,-3.356,-4.448,-5.749,-4.064,-4.244,-4.698
OptTAR_Fixed_ligprep_20260117_0.5.maegz:87,-3.825,-5.255,-4.627,-5.805,-3.4,-3.635,-4.756,-3.592,-3.419,-4.534,-3.947,-3.46,-4.934,-6.008,-5.723,-4.643,-5.665,-5.396,-5.927,-5.085,-5.167,-3.579,-3.706,-3.051,-4.509,-4.273,-4.898,-6.124,-5.394,-5.826,-3.974,-5.736,-5.889,-2.578,-4.013,-4.379,-3.678,-2.192,-4.492,-5.131,-4.716,-5.002,-4.413,-4.271,-5.58,-3.839,-4.255,-3.334,-2.181,-4.254
OptTAR_Fixed_ligprep_20260117_0.5.maegz:88,-4.777,-4.041,,,-3.489,-3.874,-2.644,-3.093,,,-4.683,-5.004,-6.322,-6.687,-4.754,-4.756,,,-5.014,-4.472,-5.381,-3.997,-3.89,,-1.424,-5.961,,-4.433,-5.257,-6.257,-5.131,-6.08,-3.699,,,-4.88,-4.39,-4.856,-3.659,,,,-4.194,-2.737,,,,-4.661,-5.229,-4.545
OptTAR_Fixed_ligprep_20260117_0.5.maegz:89,-5.148,-4.86,-5.317,-5.106,-6.021,-4.062,-2.271,-4.713,-4.124,-5.737,-5.157,-4.352,-5.136,-5.831,-4.638,-5.372,-5.197,-4.896,-4.802,-4.67,-4.64,-5.024,-3.783,-3.873,-5.13,-4.424,-4.86,-4.482,-5.945,-4.561,-4.549,-5.058,-6.258,-4.692,-4.888,-5.072,-5.025,-5.091,-3.52,-4.866,-4.682,-3.075,-3.637,-4.194,-4.49,-4.651,-5.039,-4.618,-4.111,-4.589
OptTAR_Fixed_ligprep_20260117_0.5.maegz:90,-4.625,-4.864,-4.548,-4.904,-5.282,-5.003,-5.273,-4.272,-5.48,-4.695,-4.428,-5.002,-5.574,-6.587,-5.098,-6.222,-5.963,-6.029,-5.336,-4.917,-5.447,-5.235,-4.063,-4.501,-4.908,-5.38,-3.659,-7.107,-7.105,-5.616,-5.645,-5.966,-5.609,-5.102,-4.861,-5.181,-5.463,-5.219,-3.949,-4.844,-5.737,-4.914,-4.879,-4.256,-4.261,-4.718,-5.319,-4.635,-4.395,-4.426
OptTAR_Fixed_ligprep_20260117_0.5.maegz:91,-5.881,-5.66,-4.188,-4.242,-5.073,-3.467,-5.231,-5.167,-4.975,-4.329,-4.832,-4.015,-4.59,-6.376,-4.752,-5.618,-5.192,-5.363,-6.822,-5.23,-4.66,-4.947,-4.271,-4.238,-4.281,-5.272,-3.937,-7.455,-6.479,-6.839,-5.229,-4.494,-5.52,-4.492,-3.915,-5.226,-4.959,-4.453,-4.502,-5.19,-5.143,-5.193,-5.259,-4.557,-4.101,-4.245,-5.181,-4.111,-4.352,-4.085
OptTAR_Fixed_ligprep_20260117_0.5.maegz:92,-5.957,-5.298,-5.369,-4.547,-5.467,-5.395,-4.458,-4.561,-4.915,-5.159,-5.556,-5.169,-5.669,-7.172,-5.196,-6.447,-7.239,-6.72,-4.861,-4.879,-5.006,-4.9,-4.769,-4.538,-4.294,-5.654,-3.763,-7.11,-7.122,-6.846,-6.272,-5.741,-6.638,-4.405,-4.786,-5.331,-5.516,-6.396,-4.381,-4.914,-5.869,-5.204,-3.496,-3.706,-4.983,-4.415,-5.498,-4.572,-5.178,-3.958
OptTAR_Fixed_ligprep_20260117_0.5.maegz:93,-2.656,-1.82,-3.341,-3.601,-2.884,-3.105,-3.339,-2.668,-2.829,-2.526,-2.633,-2.113,-3.818,-4.512,-2.589,-4.065,-4.956,-4.66,-3.243,-3.022,-3.797,-4.02,-2.259,-2.742,-2.825,-3.368,-1.828,-2.74,-4.595,-0.8736,-2.277,-4.595,-4.957,-2.342,-2.303,-2.191,-2.437,-3.82,-3.395,-3.531,-3.81,-3.064,-1.804,-2.809,-2.913,-2.466,-2.693,-1.763,-2.602,-2.098
OptTAR_Fixed_ligprep_20260117_0.5.maegz:94,-3.305,-3.232,-3.119,-3.645,-4.212,-3.177,-3.944,-3.395,-3.508,-3.575,-2.784,-3.121,-4.126,-4.032,-3.77,-5.367,-5.206,-4.943,-4.151,-4.087,-4.497,-3.621,-3.599,-3.366,-3.632,-6.042,-3.348,-5.37,-4.791,-4.314,-3.562,-4.768,-4.188,-3.085,-4.252,-3.348,-3.619,-4.693,-2.965,-3.174,-3.543,-4.359,-3.844,-2.577,-3.496,-2.742,-3.236,-3.196,-3.029,-3.116
OptTAR_Fixed_ligprep_20260117_0.5.maegz:95,-4.036,-3.35,-3.873,-2.914,-3.13,-4.251,-3.636,-3.623,-4.113,-4.251,-4.447,-4.896,-4.907,-4.696,-4.282,-5.721,-4.956,-5.645,-4.284,-5.038,-5.101,-3.962,-2.977,-3.238,-4.359,-3.278,-3.903,-5.73,-4.921,-6.095,-4.464,-4.641,-5.192,-2.706,-4.935,-4.244,-4.924,-4.656,-2.843,-4.013,-4.224,-4.78,-3.562,-3.624,-4.401,-4.029,-3.858,-3.519,-3.7,-4.413
OptTAR_Fixed_ligprep_20260117_0.5.maegz:96,-6.376,-5.919,-5.339,-5.52,-6.934,-5.051,-4.703,-5.268,-5.686,-5.052,-4.524,-4.692,-6.102,-7.739,-5.252,-6.544,-7.191,-6.559,-4.181,-5.18,-4.767,-5.789,-4.456,-4.666,-5.745,-4.742,-4.253,-4.458,-5.868,-5.42,-6.175,-6.75,-5.691,-5.093,-5.492,-5.702,-5.896,-5.427,-4.589,-5.012,-5.131,-4.201,-4.337,-4.159,-5.355,-5.975,-6.115,-4.111,-4.541,-5.072
OptTAR_Fixed_ligprep_20260117_0.5.maegz:97,-5.117,-5.048,-4.426,-4.534,-4.253,-4.788,-4.83,-4.36,-4.249,-4.141,-5.064,-4.953,-5.356,-6.06,-4.014,-5.649,-6.718,-6.43,-5.073,-5.076,-4.692,-4.99,-3.721,-4.49,-5.389,-5.357,-4.142,-7.413,-7.268,-5.296,-4.115,-6.483,-6.567,-4.558,-4.427,-6.013,-5.266,-4.139,-4.135,-4.616,-4.94,-5.231,-3.023,-3.414,-4.477,-4.694,-5.823,-4.374,-3.949,-4.018
OptTAR_Fixed_ligprep_20260117_0.5.maegz:98,-4.394,-3.838,-4.321,-4.23,-4.45,-3.358,-3.694,-3.47,-3.951,-3.257,-4.661,-4.261,-5.328,-7.431,-4.013,-4.489,-5.584,-5.254,-4.734,-3.899,-3.408,-4.602,-3.795,-3.944,-3.88,-5.529,-4.357,-3.808,-6.324,-5.323,-5.293,-4.199,-5.107,-4.189,-3.802,-3.787,-5.427,-3.542,-3.514,-4.828,-5.582,-4.704,-3.294,-4.804,-4.319,-4.738,-4.956,-3.866,-3.92,-4.232
OptTAR_Fixed_ligprep_20260117_0.5.maegz:99,-5.278,-5.384,-4.281,-5.305,-5.316,-4.892,-4.97,-5.609,-5.446,-4.92,-5.293,-5.334,-5.698,-6.224,-4.835,-6.116,-6.259,-6.596,-5.379,-4.891,-4.775,-5.603,-5.471,-4.127,-4.748,-5.331,-5.334,-4.084,-5.549,-6.51,-5.424,-4.958,-5.285,-4.798,-4.971,-5.131,-5.0,-5.116,-5.7,-5.517,-5.927,-5.199,-4.672,-4.431,-5.618,-4.879,-5.115,-4.833,-4.609,-4.909
OptTAR_Fixed_ligprep_20260117_0.5.maegz:100,-4.293,-4.868,-3.832,-5.454,-4.708,-4.563,-4.771,-4.101,-4.262,-4.316,-4.277,-4.435,-6.118,-6.18,-5.345,-5.53,-5.722,-6.434,-4.681,-4.173,-4.668,-4.136,-4.228,-4.562,-4.738,-4.016,-4.108,-4.437,-4.882,-5.205,-5.793,-5.322,-6.199,-4.665,-4.432,-4.614,-4.651,-4.087,-4.212,-5.328,-6.567,-5.711,-5.24,-3.907,-3.567,-4.28,-5.223,-5.165,-3.7,-4.489
OptTAR_Fixed_ligprep_20260117_0.5.maegz:101,-5.664,-5.642,-5.52,-4.22,-5.461,-5.516,-4.242,-4.673,-6.078,-5.374,-5.038,-6.226,-5.651,-6.875,-5.866,-5.935,-6.94,-7.359,-6.568,-6.473,-6.462,-5.328,-4.837,-4.498,-4.582,-7.025,-7.304,-7.593,-6.291,-6.907,-6.355,-5.629,-5.978,-5.729,-4.871,-5.468,-5.531,-6.341,-4.181,-5.341,-5.79,-4.961,-4.685,-5.457,-5.327,-5.458,-5.624,-5.229,-4.688,-5.646
OptTAR_Fixed_ligprep_20260117_0.5.maegz:102,-4.941,-4.316,-3.871,-5.012,-5.107,-4.813,-5.219,-4.779,-4.715,-4.473,-3.662,-4.292,-5.478,-5.954,-5.373,-6.437,-6.206,-5.891,-4.82,-4.409,-3.951,-4.038,-3.511,-3.739,-3.473,-4.359,-3.913,-5.933,-5.384,-5.035,-4.314,-5.897,-5.888,-3.991,-4.165,-4.729,-4.658,-5.527,-5.143,-5.164,-5.839,-4.642,-4.529,-4.852,-4.842,-4.615,-4.687,-3.895,-4.076,-4.381
OptTAR_Fixed_ligprep_20260117_0.5.maegz:103,-4.475,-3.5,-2.142,-2.43,-2.656,-4.026,-2.843,-2.663,-3.159,-3.863,-3.416,-3.572,-2.972,-4.391,-3.315,-5.067,-4.8,-5.115,-4.02,-3.193,-2.973,-3.324,-2.656,-3.0,-2.565,-5.252,-2.613,-3.181,-4.471,-4.211,-2.88,-3.533,-3.957,-3.308,-3.102,-3.394,-3.591,-4.143,-4.453,-4.047,-5.934,-3.3,-4.2,-3.983,-3.589,-3.23,-3.109,-3.727,-3.373,-2.89
OptTAR_Fixed_ligprep_20260117_0.5.maegz:104,-5.899,-4.626,-3.691,-5.533,-4.868,-5.823,-5.416,-4.448,-4.84,-4.536,-4.699,-4.795,-5.988,-6.968,-5.222,-6.827,-6.289,-6.744,-4.723,-5.632,-4.23,-5.61,-4.21,-4.476,-4.589,-4.993,-5.258,-6.418,-7.407,-6.198,-5.307,-5.961,-6.359,-4.219,-4.674,-4.962,-5.452,-5.661,-5.295,-4.979,-6.347,-5.637,-4.768,-4.609,-5.905,-5.092,-4.978,-5.127,-5.255,-4.662
OptTAR_Fixed_ligprep_20260117_0.5.maegz:105,-4.736,-6.386,-5.22,-5.299,-4.539,-5.12,-4.01,-4.746,-5.084,-5.255,-3.895,-4.45,-5.454,-6.321,-3.957,-6.968,-6.038,-5.528,-5.866,-5.004,-5.737,-5.385,-4.143,-4.28,-5.321,-5.422,-4.801,-3.949,-6.585,-4.75,-5.135,-5.639,-5.692,-5.021,-5.256,-4.579,-6.622,-4.79,-4.087,-5.346,-6.385,-5.904,-4.458,-4.026,-4.464,-5.757,-5.484,-4.357,-3.998,-4.271
OptTAR_Fixed_ligprep_20260117_0.5.maegz:106,-3.652,-2.276,-3.019,-4.276,-3.293,-2.83,-3.724,-2.358,-3.74,-4.07,-3.189,-2.871,-3.78,-6.858,-3.461,-3.067,-4.161,-4.136,-4.615,-4.811,-2.728,-3.723,-1.453,-2.438,-3.237,-2.114,-0.7242,-4.542,-5.28,-5.587,-3.737,-3.278,-5.648,-2.711,-2.776,-3.723,-3.739,-4.889,-4.255,-3.983,-3.539,-4.064,-0.5969,-1.547,-2.294,-2.932,-3.633,-0.3089,-1.915,-2.307
OptTAR_Fixed_ligprep_20260117_0.5.maegz:107,-3.53,-4.862,-4.387,-4.513,-4.845,-5.292,-5.736,-3.662,-4.399,-4.328,-4.05,-4.914,-5.59,-5.44,-5.766,-5.704,-5.93,-6.794,-5.032,-4.602,-4.878,-4.898,-4.03,-4.898,-4.114,-5.811,-5.119,-5.948,-5.888,-6.803,-4.377,-4.674,-6.012,-3.952,-5.339,-2.895,-5.691,-4.096,-3.845,-5.087,-5.418,-5.237,-4.019,-3.747,-3.798,-1.244,-5.194,-3.986,-5.319,-5.386
OptTAR_Fixed_ligprep_20260117_0.5.maegz:108,-5.407,-5.234,-4.26,-5.274,-4.887,-5.274,-4.789,-4.946,-4.511,-4.093,-4.103,-5.119,-6.134,-6.541,-5.44,-5.953,-6.884,-6.84,-4.671,-4.363,-5.492,-4.982,-3.942,-4.537,-4.29,-3.937,-4.129,-5.417,-6.338,-6.005,-5.612,-5.841,-6.182,-4.376,-5.007,-5.235,-5.105,-5.337,-4.544,-5.33,-5.932,-5.428,-4.465,-4.26,-4.424,-5.022,-5.015,-4.348,-4.551,-3.895
OptTAR_Fixed_ligprep_20260117_0.5.maegz:109,-5.192,-4.621,-3.79,-4.943,-5.14,-4.519,-5.535,-5.935,-5.209,-5.443,-4.939,-5.549,-5.842,-6.841,-5.405,-6.227,-6.903,-7.213,-6.61,-4.135,-5.386,-5.546,-4.604,-4.393,-5.358,-4.101,-4.264,-6.585,-6.798,-7.357,-5.51,-5.937,-6.391,-5.411,-4.654,-5.267,-5.227,-4.224,-4.074,-5.918,-6.762,-5.716,-4.137,-3.901,-5.199,-5.742,-5.916,-4.62,-4.109,-4.134
OptTAR_Fixed_ligprep_20260117_0.5.maegz:110,-5.167,-5.543,-5.687,-5.824,-5.481,-4.388,-4.414,-4.784,-4.404,-5.276,-5.186,-5.87,-6.382,-7.68,-5.326,-6.647,-6.71,-6.256,-6.563,-6.25,-5.936,-5.788,-4.878,-4.916,-4.471,-6.44,-6.124,-8.055,-7.385,-6.0,-6.186,-6.737,-7.169,-5.571,-4.443,-5.789,-5.146,-4.262,-4.452,-6.139,-6.132,-5.346,-4.208,-4.514,-5.243,-5.953,-5.703,-4.558,-5.091,-4.301
OptTAR_Fixed_ligprep_20260117_0.5.maegz:111,-5.706,-6.089,-5.96,-6.377,-6.322,-5.987,-6.172,-5.963,-6.149,-5.512,-5.245,-6.169,-6.766,-8.253,-6.818,-7.321,-7.486,-7.575,-7.516,-6.104,-5.224,-5.394,-5.071,-5.311,-5.4,-7.223,-4.796,-4.895,-7.144,-7.279,-6.523,-5.925,-7.335,-5.751,-5.941,-5.828,-6.176,-6.525,-5.225,-6.787,-6.823,-7.1,-5.357,-5.826,-5.082,-5.584,-6.1,-5.579,-5.832,-6.317
OptTAR_Fixed_ligprep_20260117_0.5.maegz:112,-4.055,-4.452,-4.642,-3.981,-4.726,-4.623,-3.223,-4.203,-3.982,-4.244,-3.309,-3.224,-4.633,-6.445,-3.1,-6.022,-4.795,-6.549,-3.988,-4.224,-4.964,-4.332,-3.836,-3.802,-4.661,-5.001,-3.065,-4.663,-5.738,-6.094,-5.212,-5.533,-5.23,-3.236,-3.618,-4.447,-4.884,-4.612,-4.347,-4.722,-4.906,-4.757,-3.508,-3.238,-4.052,-4.78,-4.652,-4.273,-4.033,-3.307
OptTAR_Fixed_ligprep_20260117_0.5.maegz:113,-3.599,-4.751,-5.154,-2.833,-4.708,-4.86,-4.877,-5.017,-4.843,-5.344,-4.659,-4.191,-4.939,-7.105,-2.909,-6.066,-5.907,-6.387,-4.47,-3.431,-5.551,-3.852,-3.684,-4.197,-4.53,-4.076,-4.592,-5.939,-6.12,-5.27,-5.142,-3.824,-5.257,-4.678,-4.203,-4.198,-4.688,-4.276,-4.08,-5.092,-5.022,-5.27,-4.601,-4.393,-5.018,-4.628,-5.447,-3.944,-3.345,-2.602
OptTAR_Fixed_ligprep_20260117_0.5.maegz:114,-4.54,-4.59,-5.182,-4.675,-4.836,-4.629,-5.027,-4.296,-4.678,-4.196,-3.82,-5.159,-5.423,-6.246,-4.73,-6.036,-5.743,-5.586,-5.847,-4.241,-4.686,-4.798,-3.486,-4.174,-4.713,-4.06,-3.64,-3.457,-5.793,-5.716,-5.318,-4.607,-4.874,-4.304,-3.647,-4.928,-4.406,-5.675,-4.252,-4.141,-5.659,-5.034,-3.805,-4.133,-3.803,-4.242,-5.364,-4.115,-4.231,-4.283
OptTAR_Fixed_ligprep_20260117_0.5.maegz:115,-4.202,-3.612,-2.046,-3.43,-2.134,-4.052,-2.541,-2.807,-2.695,-2.404,-3.085,-3.39,-3.567,-5.264,-3.979,-4.907,-4.408,-4.236,-3.931,-4.599,-3.184,-4.173,-3.449,-2.675,-3.301,-3.183,-3.268,-4.543,-3.717,-4.391,-3.548,-2.974,-3.538,-3.795,-3.005,-3.827,-3.946,-4.106,-2.618,-3.938,-3.873,-3.952,-2.547,-2.96,-3.662,-3.545,-2.557,-2.669,-2.705,-3.368
OptTAR_Fixed_ligprep_20260117_0.5.maegz:116,-5.38,-5.811,-5.715,-5.383,-5.326,-6.342,-5.825,-6.538,-5.397,-5.725,-6.646,-5.537,-7.357,-7.588,-5.865,-6.873,-7.886,-8.034,-8.454,-6.823,-7.804,-5.545,-5.082,-5.331,-5.661,-6.57,-4.922,-7.404,-7.075,-6.937,-6.646,-6.469,-7.071,-5.133,-5.124,-6.64,-6.139,-5.505,-5.197,-6.695,-7.346,-6.6,-4.922,-5.666,-5.361,-5.589,-5.112,-5.506,-4.897,-5.193
OptTAR_Fixed_ligprep_20260117_0.5.maegz:117,-4.053,-4.92,-3.136,-4.385,-5.118,-5.647,-4.85,-4.213,-4.357,-4.392,-4.542,-4.44,-6.044,-6.689,-4.768,-5.555,-5.248,-5.406,-5.313,-4.079,-4.291,-4.888,-3.819,-3.977,-5.066,-4.454,-3.954,-5.874,-6.233,-6.017,-5.493,-5.956,-6.209,-4.938,-4.305,-5.24,-4.332,-5.131,-3.61,-4.503,-4.622,-3.568,-3.243,-2.713,-4.312,-4.848,-4.873,-3.659,-4.683,-3.66
OptTAR_Fixed_ligprep_20260117_0.5.maegz:118,-5.687,-5.517,-4.572,-4.988,-5.712,-5.3,-5.222,-5.238,-5.414,-5.146,-5.669,-4.756,-6.131,-6.82,-6.456,-7.638,-7.754,-7.842,-6.484,-5.094,-5.132,-5.873,-4.662,-4.973,-5.725,-7.732,-5.211,-6.71,-6.965,-6.055,-5.725,-6.901,-6.47,-4.977,-5.188,-5.963,-6.377,-6.991,-4.659,-6.107,-7.375,-5.699,-4.678,-4.965,-5.809,-4.836,-5.331,-5.297,-5.041,-5.432
OptTAR_Fixed_ligprep_20260117_0.5.maegz:119,-6.075,-6.223,-4.804,-6.554,-6.226,-4.494,-5.51,-5.266,-4.808,-5.122,-5.487,-5.358,-6.784,-7.659,-6.216,-6.75,-6.97,-7.138,-6.174,-5.283,-5.531,-5.508,-4.81,-5.145,-5.745,-5.221,-4.953,-7.156,-8.233,-5.436,-6.775,-6.017,-6.464,-5.015,-5.06,-5.447,-5.255,-5.926,-4.381,-5.379,-6.159,-5.114,-5.604,-4.538,-4.219,-5.683,-5.954,-4.68,-4.981,-4.69
OptTAR_Fixed_ligprep_20260117_0.5.maegz:120,-4.522,-2.185,-2.542,-3.49,-4.215,-4.736,-4.243,-3.711,-3.912,-4.913,-2.301,-3.822,-5.107,-3.916,-5.266,-5.197,-5.674,-5.115,-5.714,-4.372,-3.685,-3.785,-3.772,-3.237,-4.164,-4.439,-4.314,-4.936,-4.711,-4.303,-1.722,-4.881,-5.172,-3.243,-4.153,-3.79,-3.621,-2.835,-4.452,-5.133,-5.13,-4.987,-3.683,-2.701,-4.488,-3.077,-4.09,-3.659,-3.575,-4.407
OptTAR_Fixed_ligprep_20260117_0.5.maegz:121,-5.301,-5.891,-5.516,-5.534,-5.739,-5.643,-4.782,-4.886,-5.786,-5.148,-4.704,-4.687,-7.179,-7.33,-4.543,-6.756,-7.119,-7.209,-6.017,-4.765,-5.553,-5.48,-4.364,-5.007,-5.221,-4.799,-5.339,-7.251,-6.859,-5.403,-6.23,-7.123,-7.167,-5.222,-4.783,-5.185,-5.989,-4.778,-4.9,-6.227,-6.341,-5.793,-4.505,-4.222,-5.193,-5.294,-5.996,-6.086,-4.758,-4.177
OptTAR_Fixed_ligprep_20260117_0.5.maegz:122,-5.464,-6.651,-5.043,-5.3,-5.813,-5.902,-5.933,-5.223,-5.411,-5.627,-5.626,-6.055,-6.778,-7.55,-6.803,-7.359,-7.146,-7.16,-5.094,-5.968,-6.857,-5.765,-4.747,-4.679,-5.663,-6.17,-4.831,-7.526,-6.651,-6.658,-5.925,-6.283,-6.97,-5.568,-5.004,-6.044,-5.519,-6.789,-5.895,-6.37,-6.804,-5.824,-5.252,-5.524,-5.993,-4.967,-6.039,-4.613,-5.589,-4.76
OptTAR_Fixed_ligprep_20260117_0.5.maegz:123,-5.387,-4.565,-4.464,-4.932,-5.115,-3.668,-4.657,-3.925,-4.427,-4.935,-5.787,-5.843,-6.204,-7.078,-3.597,-7.096,-6.614,-5.692,-5.139,-4.369,-4.768,-5.17,-3.674,-3.915,-4.446,-4.34,-4.742,-5.041,-6.585,-5.728,-5.457,-5.034,-5.531,-4.919,-5.617,-4.446,-6.085,-5.5,-4.638,-4.301,-5.366,-4.981,-3.578,-3.657,-3.952,-5.729,-5.7,-4.793,-4.134,-4.08
OptTAR_Fixed_ligprep_20260117_0.5.maegz:124,-5.435,-6.459,-4.149,-5.129,-5.36,-4.804,-5.017,-4.566,-4.988,-4.253,-4.874,-4.865,-6.422,-5.691,-5.451,-6.312,-6.953,-6.617,-6.912,-5.527,-5.019,-6.006,-5.018,-5.28,-5.744,-5.17,-4.604,-6.331,-6.596,-6.028,-5.966,-6.12,-5.816,-5.52,-4.683,-5.852,-5.312,-5.92,-4.678,-5.986,-5.785,-4.888,-4.186,-4.776,-6.078,-5.393,-5.237,-4.799,-4.387,-4.957
OptTAR_Fixed_ligprep_20260117_0.5.maegz:125,-3.032,-4.669,-1.936,-1.72,-2.777,-1.84,-2.68,-3.836,-2.425,-2.646,-3.394,-2.609,-2.774,-5.997,-3.198,-2.723,-3.084,-4.342,-3.373,-1.524,-3.924,-2.524,-4.455,-1.312,-2.156,-1.639,-2.107,-3.765,-4.444,-4.189,-3.914,-2.959,-3.38,-4.526,-1.354,-4.79,-5.02,-3.859,-3.845,-2.17,-2.763,-4.3,-1.536,-2.057,-0.9207,-3.978,-4.539,-1.842,-2.063,-0.7345
OptTAR_Fixed_ligprep_20260117_0.5.maegz:126,-2.821,-4.832,-5.617,-3.724,-2.791,-2.819,-2.632,-4.945,-3.866,-5.336,-1.476,-5.208,-5.047,-7.161,-3.116,-2.879,-4.908,-6.985,-2.327,-1.369,-1.608,-3.939,-0.942,-1.359,-4.375,-2.952,-3.184,-4.059,-4.362,-4.278,-3.888,-3.987,-3.568,-0.9,-3.553,-4.796,-2.761,-2.852,-2.523,-2.163,-4.749,-2.883,-1.595,-2.229,-5.35,-4.359,-4.637,-1.772,-4.26,-4.074
OptTAR_Fixed_ligprep_20260117_0.5.maegz:127,-2.847,-3.149,-3.059,-1.978,-4.287,-3.678,-4.473,-3.045,-3.141,-1.893,-2.212,-4.211,-4.511,-7.051,-2.636,-3.393,-6.359,-5.823,-2.345,-2.418,-1.645,-2.786,-1.547,-1.665,-2.759,-2.646,-1.568,-3.229,-2.641,-4.513,-3.79,-5.569,-3.022,-2.051,-1.797,-3.078,-4.7,-2.542,-3.971,-4.691,-5.073,-1.62,-2.267,-0.04775,-3.381,-1.844,-2.915,-0.3639,-1.776,-3.839
OptTAR_Fixed_ligprep_20260117_0.5.maegz:128,-6.859,-3.899,-4.977,-5.053,-6.546,-5.392,-4.82,-5.063,-5.418,-5.614,-5.265,-5.865,-6.337,-5.673,-4.708,-7.019,-6.94,-6.263,-5.627,-4.292,-3.961,-5.162,-4.114,-3.709,-4.613,-5.051,-3.688,-6.45,-6.872,-6.646,-5.741,-6.602,-5.056,-6.103,-5.601,-5.723,-6.351,-4.515,-4.816,-5.564,-4.321,-6.024,-5.916,-4.846,-4.079,-5.974,-6.024,-4.024,-6.159,-5.23
OptTAR_Fixed_ligprep_20260117_0.5.maegz:129,-4.518,-3.198,-4.295,-4.444,-5.26,-5.045,-4.885,-4.071,-4.484,-4.394,-3.638,-3.506,-5.712,-6.12,-5.218,-5.898,-5.972,-5.761,-3.546,-5.38,-3.974,-5.181,-3.631,-4.798,-3.746,-3.344,-4.219,-4.994,-5.731,-4.793,-4.692,-5.158,-5.804,-4.743,-4.486,-4.732,-4.627,-4.887,-4.863,-4.212,-6.184,-4.143,-3.917,-3.841,-4.905,-4.314,-4.987,-4.274,-4.286,-3.853
OptTAR_Fixed_ligprep_20260117_0.5.maegz:130,-4.376,-3.873,-5.448,-5.114,-5.424,-5.189,-4.853,-4.348,-4.662,-4.558,-4.506,-4.178,-5.111,-5.681,-4.771,-6.405,-6.843,-6.753,-3.813,-5.337,-4.733,-4.53,-3.949,-4.35,-5.099,-4.544,-3.989,-3.812,-4.919,-5.762,-5.034,-5.674,-5.698,-5.139,-4.715,-4.359,-4.889,-5.559,-4.408,-4.03,-6.97,-4.603,-3.562,-3.646,-4.681,-5.567,-5.191,-3.763,-4.231,-4.165
OptTAR_Fixed_ligprep_20260117_0.5.maegz:131,-5.32,-3.424,-4.335,-4.694,-4.285,-5.317,-4.229,-4.221,-4.737,-4.02,-3.821,-3.889,-5.206,-6.81,-4.642,-6.034,-6.104,-5.743,-4.307,-3.821,-3.942,-4.195,-3.636,-4.503,-4.76,-4.631,-3.99,-5.735,-5.558,-5.454,-4.01,-4.375,-5.565,-4.563,-3.832,-4.359,-5.076,-3.967,-4.318,-4.211,-6.725,-3.865,-4.863,-4.659,-3.785,-3.963,-4.339,-4.574,-4.214,-3.812
OptTAR_Fixed_ligprep_20260117_0.5.maegz:132,-5.324,-4.312,-3.913,-4.313,-4.739,-5.075,-4.775,-4.504,-4.528,-4.018,-4.057,-4.267,-4.567,-6.344,-4.979,-6.194,-6.508,-5.492,-4.365,-4.325,-4.604,-3.939,-4.188,-4.517,-4.279,-4.234,-4.176,-6.112,-5.625,-5.608,-4.283,-4.757,-5.232,-3.639,-4.01,-4.739,-4.715,-3.786,-3.642,-5.064,-5.352,-4.618,-3.588,-4.615,-3.53,-5.51,-4.45,-4.461,-3.62,-2.791
OptTAR_Fixed_ligprep_20260117_0.5.maegz:133,-5.631,-5.522,-5.229,-5.221,-4.859,-5.739,-4.649,-4.894,-5.085,-5.042,-5.902,-5.249,-6.435,-7.278,-5.952,-6.764,-7.344,-6.788,-5.175,-6.605,-5.048,-6.049,-5.276,-4.826,-5.413,-5.006,-5.331,-8.639,-7.382,-6.954,-5.833,-6.284,-7.203,-5.476,-5.543,-5.639,-6.319,-5.498,-5.036,-5.509,-6.757,-4.553,-5.603,-4.532,-4.447,-6.224,-5.624,-5.252,-5.604,-4.874
OptTAR_Fixed_ligprep_20260117_0.5.maegz:134,-6.773,-6.583,-4.944,-4.426,-5.969,-7.216,-4.662,-5.016,-5.956,-4.729,-5.341,-5.031,-6.641,-6.507,-5.513,-5.575,-6.708,-6.764,-5.844,-4.929,-5.433,-6.064,-5.077,-5.355,-5.471,-4.964,-4.364,-6.285,-6.239,-6.099,-5.926,-6.651,-7.022,-5.255,-4.736,-6.496,-5.921,-5.936,-5.002,-5.731,-4.864,-5.375,-4.014,-4.38,-4.314,-5.527,-5.601,-4.896,-5.452,-5.294
OptTAR_Fixed_ligprep_20260117_0.5.maegz:135,-4.921,-4.62,-3.949,-4.409,-5.187,-3.999,-5.226,-4.643,-4.618,-4.81,-4.155,-4.704,-4.595,-6.11,-5.431,-6.9,-7.016,-7.129,-5.432,-5.735,-4.749,-4.788,-5.388,-6.411,-4.444,-6.53,-5.368,-4.119,-5.245,-5.156,-5.399,-6.013,-5.741,-4.187,-4.573,-5.057,-4.127,-4.473,-4.604,-5.567,-6.692,-6.02,-4.019,-3.62,-5.056,-4.09,-4.964,-4.674,-3.72,-4.708
OptTAR_Fixed_ligprep_20260117_0.5.maegz:136,-4.234,-5.063,-4.923,-4.038,-5.165,-0.9111,-2.462,-3.502,-4.618,-4.256,-2.182,-3.887,-4.926,-5.824,-4.002,-4.724,-5.437,-5.131,-3.583,-1.192,-3.874,-4.226,-1.885,-3.119,-4.156,-3.152,-3.981,-3.36,-4.468,-4.385,-2.994,-5.325,-6.234,-3.884,-2.364,-4.363,-4.598,-5.561,-3.451,-3.659,-3.932,-3.139,-1.53,-1.523,-2.806,-3.227,-3.294,-1.261,-1.583,-3.857
OptTAR_Fixed_ligprep_20260117_0.5.maegz:137,-3.734,-3.888,-2.724,-4.39,-4.648,-4.27,-3.015,-3.789,-4.969,-4.091,-3.12,-4.083,-3.877,-5.075,-4.311,-5.016,-5.618,-6.01,-3.18,-3.35,-3.738,-3.697,-3.837,-2.693,-3.696,-4.965,-2.751,-3.138,-5.109,-4.621,-3.871,-4.125,-4.924,-4.252,-4.194,-4.203,-3.632,-3.455,-2.756,-3.567,-5.419,-4.397,-3.337,-3.778,-3.725,-4.578,-4.362,-4.42,-3.308,-3.411
OptTAR_Fixed_ligprep_20260117_0.5.maegz:138,-3.183,-3.213,-3.169,-2.804,-2.053,-2.35,-1.734,-1.402,-1.043,-1.458,-0.6127,-3.227,-2.588,-1.75,-3.776,-4.353,-4.219,-4.367,-4.029,-3.153,-3.022,-3.152,-1.315,-2.104,-2.846,-3.158,-1.216,-3.202,-3.182,-4.11,-2.352,-2.798,-2.659,-3.069,-1.107,-3.053,-0.9657,-0.7395,-2.502,-2.463,-2.47,-2.88,-0.7545,-3.117,-1.294,-1.285,-2.678,-2.659,-2.074,-2.446
OptTAR_Fixed_ligprep_20260117_0.5.maegz:139,-1.516,-4.34,-2.007,-2.77,-5.313,-3.569,-1.653,-3.207,-2.174,-4.8,-1.813,-4.441,-5.129,-4.837,-1.472,-5.456,-2.762,-4.759,-5.024,-3.527,-3.624,-3.922,-2.968,-2.032,-3.425,-1.725,-3.537,-3.445,-4.648,-3.13,-3.761,-4.44,-2.6,-2.074,-3.716,-2.844,-1.819,-2.008,-3.619,-2.864,-3.446,-2.475,-1.72,-2.552,-1.282,-4.054,-3.877,-3.183,-1.626,-3.251
OptTAR_Fixed_ligprep_20260117_0.5.maegz:140,-4.299,-3.603,-3.673,-4.026,-4.84,-3.825,-4.244,-4.369,-4.514,-4.471,-3.884,-4.675,-5.169,-5.331,-4.208,-5.159,-5.707,-5.902,-4.121,-3.319,-3.296,-4.04,-3.372,-3.6,-4.054,-4.47,-5.002,-3.164,-4.106,-4.315,-4.197,-4.408,-5.718,-4.057,-4.048,-5.387,-4.546,-2.113,-4.396,-2.896,-3.697,-4.981,-3.02,-3.638,-3.887,-4.758,-5.033,-3.848,-3.968,-3.909
OptTAR_Fixed_ligprep_20260117_0.5.maegz:141,-3.271,-1.825,-2.348,-1.883,-3.463,-1.768,-1.766,-2.014,-3.677,-1.699,-1.307,-4.434,-1.425,-4.182,-3.955,-3.96,-4.068,-4.389,-2.258,-1.836,-2.917,-2.806,-2.417,-2.613,-2.184,-3.794,-3.08,-2.81,-2.978,-2.884,-1.978,-2.448,-0.9393,-2.995,-1.976,-3.451,-2.139,-3.328,-0.6665,-2.809,-3.329,-2.763,-3.174,-1.778,-0.9395,-3.28,-3.39,-4.119,-2.96,-2.257
OptTAR_Fixed_ligprep_20260117_0.5.maegz:142,-3.889,-2.26,-4.582,-4.822,-4.145,-4.021,-4.077,-3.954,-4.101,-3.355,-2.915,-4.214,-4.119,-5.849,-4.123,-5.032,-5.022,-6.064,-4.676,-4.029,-3.634,-3.608,-2.184,-3.665,-4.082,-2.991,-5.366,-3.313,-3.978,-3.748,-5.07,-4.231,-4.49,-1.524,-4.142,-4.511,-1.778,-1.653,-4.298,-3.471,-4.248,-3.636,-4.64,-2.882,-3.021,-3.208,-3.927,-3.874,-2.32,-2.039
OptTAR_Fixed_ligprep_20260117_0.5.maegz:143,-5.148,-6.218,-5.563,-5.895,-6.4,-5.697,-5.255,-5.53,-5.118,-5.544,-5.65,-5.386,-6.563,-7.456,-4.63,-7.908,-6.891,-7.275,-4.843,-5.777,-5.188,-5.415,-4.082,-5.444,-5.908,-4.743,-4.956,-6.984,-6.577,-6.788,-6.506,-6.839,-7.09,-5.255,-5.647,-6.369,-5.952,-6.437,-5.279,-6.192,-6.115,-6.137,-4.615,-4.394,-5.841,-5.314,-5.724,-5.109,-5.177,-4.939
OptTAR_Fixed_ligprep_20260117_0.5.maegz:144,-2.657,-3.714,-4.092,-4.63,-3.802,-4.47,-3.631,-3.828,-4.587,-4.617,-3.347,-3.961,-4.211,-5.933,-4.023,-6.339,-5.812,-5.476,-3.49,-5.195,-3.91,-4.207,-3.226,-3.559,-2.996,-3.508,-3.014,-4.233,-5.051,-3.696,-4.232,-4.355,-4.746,-4.118,-2.816,-3.839,-3.732,-3.091,-2.528,-3.36,-3.834,-5.501,-3.372,-3.514,-4.137,-4.344,-4.356,-3.364,-2.193,-2.922
OptTAR_Fixed_ligprep_20260117_0.5.maegz:145,-4.071,-6.017,-4.375,-4.728,-4.266,-2.943,-3.379,-4.223,-3.743,-4.447,-3.718,-4.953,-4.727,-5.166,-3.867,-4.761,-5.196,-5.872,-6.093,-5.907,-6.426,-5.487,-3.895,-3.702,-3.738,-6.134,-3.761,-4.197,-4.889,-4.651,-5.357,-6.99,-6.331,-5.173,-4.489,-4.482,-4.177,-4.151,-3.632,-3.71,-5.189,-4.782,-3.305,-2.923,-3.959,-4.16,-4.513,-3.885,-4.442,-5.048
OptTAR_Fixed_ligprep_20260117_0.5.maegz:146,-6.832,-5.242,-6.704,-6.287,-7.28,-6.56,-6.428,-5.773,-6.884,-6.185,-5.674,-5.649,-6.45,-8.268,-6.427,-7.233,-8.828,-8.267,-5.368,-5.975,-5.553,-6.413,-5.458,-5.593,-6.809,-5.85,-5.487,-6.109,-8.003,-7.274,-6.837,-7.98,-8.793,-5.901,-6.462,-6.87,-6.348,-6.197,-5.913,-6.423,-6.564,-6.468,-5.867,-4.794,-4.243,-7.265,-7.012,-5.956,-5.507,-5.54
OptTAR_Fixed_ligprep_20260117_0.5.maegz:147,-4.713,-2.169,-2.31,-4.842,-4.78,-3.302,-3.485,-4.123,-2.782,-3.998,-3.983,-4.453,-4.701,-6.117,-4.602,-5.706,-5.81,-4.874,-3.462,-4.337,-2.397,-4.243,-2.817,-2.259,-3.08,-3.851,-2.005,-2.282,-4.504,-4.51,-3.25,-4.943,-4.364,-3.093,-3.404,-4.171,-4.137,-4.131,-2.712,-3.386,-2.387,-3.76,-2.97,-3.058,-3.323,-3.536,-3.42,-3.175,-4.121,-1.149
OptTAR_Fixed_ligprep_20260117_0.5.maegz:148,-4.993,-3.363,-3.086,-4.025,-4.832,-3.431,-3.136,-3.787,-3.632,-3.672,-3.846,-3.812,-4.972,-6.036,-4.257,-6.147,-4.355,-3.375,-2.9,-4.208,-4.036,-4.168,-3.208,-3.255,-3.785,-4.468,-3.291,-3.337,-4.603,-5.337,-4.314,-1.799,-3.89,-3.908,-4.525,-3.495,-2.816,-4.183,-3.218,-3.176,-3.692,-2.7,-3.639,-3.594,-3.581,-3.611,-3.947,-4.868,-3.841,-3.652
OptTAR_Fixed_ligprep_20260117_0.5.maegz:149,-4.47,-2.797,-4.035,-1.723,-4.944,-4.131,-3.667,-4.783,-2.546,-4.148,-4.211,-4.093,-5.009,-5.015,-5.202,-5.052,-5.099,-4.63,-3.793,-4.515,-3.904,-3.469,-2.653,-3.257,-4.714,-3.654,-3.714,-2.997,-6.541,-5.192,-5.068,-5.276,-6.029,-4.046,-3.43,-3.506,-4.647,-2.382,-3.013,-3.668,-3.549,-3.613,-3.058,-3.046,-2.914,-4.546,-4.888,-3.636,-4.034,-3.112
OptTAR_Fixed_ligprep_20260117_0.5.maegz:150,-5.397,-3.524,-3.472,-4.448,-2.558,-3.154,-3.309,-3.424,-4.157,-4.901,-4.509,-3.965,-4.719,-5.992,-4.766,-5.458,-5.056,-4.683,-4.681,-3.62,-4.522,-4.455,-1.154,-2.336,-3.541,-4.028,-2.582,-4.327,-4.834,-4.574,-3.261,-3.04,-4.659,-3.752,-3.028,-4.133,-4.678,-3.111,-0.9574,-3.215,-4.045,-3.363,-2.861,-3.379,-3.799,-4.772,-4.651,-4.216,-3.518,-4.282
OptTAR_Fixed_ligprep_20260117_0.5.maegz:151,-3.224,-4.397,-4.026,-4.216,-4.963,-2.905,-2.601,-3.98,-3.809,-4.62,-4.473,-3.354,-4.876,-5.524,-3.716,-5.728,-5.636,-4.919,-3.645,-3.329,-3.96,-4.648,-3.633,-2.587,-4.01,-3.613,-3.254,-3.439,-4.119,-4.587,-4.122,-5.426,-3.966,-3.425,-2.889,-3.85,-4.469,-3.927,-3.038,-3.873,-5.022,-3.862,-4.032,-3.163,-4.184,-4.264,-4.36,-3.503,-3.047,-3.468
OptTAR_Fixed_ligprep_20260117_0.5.maegz:152,-3.662,-3.713,-3.616,-3.502,-4.543,-3.514,-3.698,-4.36,-2.926,-3.741,-4.01,-3.983,-3.726,-5.318,-4.401,-5.703,-6.317,-5.017,-4.435,-4.032,-4.14,-5.035,-3.854,-3.194,-3.062,-4.353,-3.505,-2.893,-4.13,-2.286,-5.37,-3.892,-2.42,-4.174,-4.164,-2.989,-3.235,-4.649,-2.417,-0.6333,-1.995,-1.762,-3.248,-2.603,-3.627,-3.778,-3.545,-4.731,-2.655,-3.868
OptTAR_Fixed_ligprep_20260117_0.5.maegz:153,-4.731,-4.385,-3.725,-3.407,-4.805,-3.604,-3.876,-4.261,-5.043,-3.956,-3.348,-4.147,-5.199,-5.668,-4.35,-5.153,-6.377,-4.032,-2.431,-3.089,-4.174,-4.908,-2.888,-4.462,-3.574,-2.914,-2.77,-3.414,-3.197,-5.463,-4.691,-3.553,-4.244,-3.395,-3.53,-3.689,-4.226,-3.84,-2.754,-2.85,-3.86,-2.664,-1.872,-2.193,-2.964,-3.099,-3.411,-3.619,-3.643,-3.079
OptTAR_Fixed_ligprep_20260117_0.5.maegz:154,-4.296,-2.361,-3.956,-3.266,-5.184,-3.021,-4.188,-3.919,-4.436,-3.402,-3.781,-3.613,-5.108,-5.501,-4.092,-4.974,-4.331,-5.855,-2.842,-3.483,-3.713,-3.472,-2.772,-3.845,-3.644,-3.509,-2.504,-3.205,-4.266,-5.103,-4.407,-4.718,-3.61,-3.702,-3.957,-4.077,-2.484,-3.781,-0.2936,-4.053,-3.18,-3.358,-2.901,-3.37,-3.291,-3.65,-4.039,-3.924,-3.398,-3.021
OptTAR_Fixed_ligprep_20260117_0.5.maegz:155,-3.482,-4.153,-4.372,-5.002,-4.878,-2.482,-1.463,-4.385,-3.137,-3.898,-4.589,-4.188,-4.538,-6.238,-3.915,-5.378,-4.845,-5.169,-3.111,-3.48,-4.03,-5.312,-2.961,-3.879,-3.542,-3.118,-3.484,-3.35,-4.396,-4.487,-4.628,-4.098,-3.7,-4.162,-4.073,-4.675,-4.467,-3.464,-1.276,-3.386,-4.379,-4.424,-2.772,-2.908,-3.11,-4.269,-4.611,-3.302,-3.715,-3.201
OptTAR_Fixed_ligprep_20260117_0.5.maegz:156,-3.952,-2.953,-3.419,-3.763,-4.816,-2.986,-3.403,-4.435,-3.169,-3.466,-4.327,-3.436,-5.166,-4.986,-4.377,-6.135,-6.262,-4.481,-5.688,-4.066,-4.842,-4.022,-3.738,-4.483,-3.474,-3.041,-3.774,-3.315,-5.067,-4.953,-1.54,-3.951,-2.623,-4.491,-4.273,-4.287,-4.463,-4.597,-1.724,-3.822,-4.111,-2.937,-2.913,-0.875,-2.654,-2.62,-4.165,-4.058,-3.821,-3.83
OptTAR_Fixed_ligprep_20260117_0.5.maegz:157,-4.154,-3.95,-4.223,-4.202,-4.435,-3.11,-3.915,-3.371,-2.249,-4.084,-4.591,-3.181,-4.946,-5.547,-3.848,-5.152,-6.232,-4.817,-2.902,-3.94,-4.331,-3.626,-2.641,-3.822,-3.752,-3.675,-2.714,-3.315,-4.338,-5.18,-5.262,-4.624,-3.431,-3.526,-4.017,-3.896,-4.464,-3.216,-3.096,-3.719,-3.812,-4.259,-3.591,-2.162,-3.134,-0.5272,-3.35,-4.251,-3.494,-3.366
OptTAR_Fixed_ligprep_20260117_0.5.maegz:158,-4.683,-4.094,-3.347,-3.534,-4.208,-3.08,-4.196,-4.141,-2.892,-3.823,-3.835,-2.673,-5.336,-6.28,-3.346,-6.164,-6.503,-6.058,-5.232,-4.448,-4.214,-5.658,-3.693,-3.748,-3.767,-3.342,-3.128,-3.863,-4.655,-5.858,-5.165,-2.774,-4.58,-3.181,-4.637,-4.215,-4.479,-4.032,-2.167,-2.948,-3.651,-3.994,-2.917,-3.623,-1.483,-3.682,-3.52,-3.445,-4.248,-3.819
OptTAR_Fixed_ligprep_20260117_0.5.maegz:159,-3.124,-4.726,-3.352,-3.965,-4.534,-3.181,-3.913,-3.133,-4.273,-4.084,-3.947,-3.55,-5.234,-5.369,-4.4,-4.72,-5.069,-3.829,-3.44,-3.845,-3.974,-5.181,-3.185,-3.505,-3.961,-3.836,-2.391,-3.746,-3.822,-4.873,-4.663,-3.227,-5.67,-3.612,-3.53,-4.147,-4.286,-3.88,-1.644,-3.576,-4.671,-4.557,-3.33,-3.146,-3.811,-3.937,-3.567,-3.839,-2.893,-3.463
OptTAR_Fixed_ligprep_20260117_0.5.maegz:160,-4.708,-2.84,-4.028,-4.223,-4.09,-4.315,-2.858,-4.871,-3.432,-4.473,-4.122,-3.233,-3.501,-5.751,-4.324,-6.183,-4.047,-6.463,-4.044,-4.448,-3.756,-4.762,-0.5075,-3.064,-3.824,-1.683,-3.111,-4.352,-5.391,-4.672,-4.164,-3.977,-4.319,-3.761,-3.285,-3.356,-2.603,-4.112,-3.607,-3.35,-3.308,-3.718,-3.55,-3.582,-3.256,-4.105,-3.687,-3.756,-3.106,-3.616
OptTAR_Fixed_ligprep_20260117_0.5.maegz:161,-4.781,-3.146,-4.439,-4.743,-4.791,-3.611,-2.945,-3.899,-3.243,-3.792,-3.698,-3.316,-5.016,-6.506,-4.724,-5.754,-4.661,-6.461,-3.89,-4.625,-3.32,-4.705,-2.469,-2.503,-4.095,-3.611,-2.197,-3.339,-3.965,-4.806,-2.261,-3.378,-3.344,-2.923,-3.407,-3.02,-3.811,-4.064,-3.601,-2.519,-4.79,-4.742,-2.417,-2.948,-4.156,-4.334,-4.052,-3.287,-4.17,-4.916
OptTAR_Fixed_ligprep_20260117_0.5.maegz:162,-3.601,-2.087,-3.35,-3.845,-5.012,-3.933,-2.066,-3.596,-3.261,-4.022,-3.998,-2.723,-4.543,-5.794,-4.894,-5.925,-5.42,-4.805,-3.873,-3.841,-3.998,-4.573,-3.005,-3.299,-3.873,-3.703,-2.997,-3.091,-4.419,-4.031,-4.173,-3.816,-5.287,-3.698,-3.65,-2.817,-4.558,-2.174,-2.766,-1.957,-4.149,-4.203,-2.216,-2.983,-2.468,-3.387,-4.491,-3.054,-3.708,-5.219
OptTAR_Fixed_ligprep_20260117_0.5.maegz:163,-5.083,-3.096,-2.786,-3.616,-4.43,-3.519,-3.403,-3.655,-3.451,-2.733,-3.785,-3.64,-5.164,-3.593,-4.881,-5.615,-4.032,-5.64,-3.567,-4.604,-3.357,-3.922,-2.738,-2.579,-4.281,-3.706,-2.207,-3.082,-4.643,-4.565,-2.602,-4.959,-5.021,-3.238,-2.209,-3.462,-3.686,-3.89,-2.594,-3.325,-4.17,-2.91,-3.453,-1.502,-3.894,-4.146,-3.105,-3.135,-4.326,-2.531
OptTAR_Fixed_ligprep_20260117_0.5.maegz:164,-5.149,-5.51,-5.095,-5.399,-5.684,-4.687,-5.26,-5.25,-5.233,-5.407,-5.313,-5.143,-6.473,-6.723,-6.11,-6.599,-7.206,-6.216,-7.442,-6.137,-6.445,-6.043,-5.078,-5.151,-5.284,-5.592,-5.01,-5.211,-5.932,-6.207,-5.331,-6.252,-6.966,-5.107,-4.998,-5.992,-5.789,-6.57,-4.809,-5.151,-6.755,-6.381,-5.158,-5.257,-4.781,-5.599,-4.949,-5.783,-5.137,-4.92
OptTAR_Fixed_ligprep_20260117_0.5.maegz:165,-5.586,-5.109,-5.229,-5.555,-6.091,-5.247,-5.048,-4.392,-5.457,-4.702,-4.835,-5.447,-6.292,-8.743,-5.446,-7.787,-7.627,-8.114,-4.965,-5.797,-5.102,-5.457,-4.839,-4.897,-4.701,-5.208,-5.801,-5.751,-6.56,-6.349,-6.262,-7.432,-6.379,-5.388,-6.039,-6.434,-5.262,-4.254,-4.987,-5.492,-7.24,-4.996,-5.017,-4.31,-4.6,-5.228,-6.481,-5.364,-4.409,-4.477
OptTAR_Fixed_ligprep_20260117_0.5.maegz:166,-4.922,-4.592,-4.176,-3.864,-6.046,-4.964,-4.667,-4.152,-4.83,-4.394,-4.705,-5.436,-5.228,-6.768,-4.944,-5.881,-6.477,-6.575,-5.213,-4.715,-5.215,-4.879,-3.748,-4.715,-5.343,-4.676,-4.387,-6.816,-6.574,-5.692,-5.443,-3.721,-6.223,-5.36,-4.662,-4.492,-4.96,-3.971,-4.306,-5.021,-5.235,-3.81,-4.06,-3.664,-4.312,-4.282,-4.969,-4.34,-4.166,-3.865
OptTAR_Fixed_ligprep_20260117_0.5.maegz:167,-5.431,-5.516,-6.365,-5.27,-5.864,-4.551,-4.492,-4.036,-5.829,-4.572,-5.282,-5.368,-6.51,-7.483,-4.634,-6.483,-6.934,-6.834,-4.516,-5.448,-5.956,-6.244,-4.857,-5.32,-5.396,-4.557,-4.819,-4.928,-7.681,-6.306,-5.412,-7.984,-7.408,-6.092,-4.961,-5.646,-5.597,-4.671,-4.343,-4.99,-7.932,-6.123,-4.637,-3.661,-4.421,-6.42,-6.466,-4.53,-5.2,-4.251
OptTAR_Fixed_ligprep_20260117_0.5.maegz:168,-5.445,-5.073,-5.369,-6.013,-5.368,-4.891,-4.907,-6.382,-5.662,-4.372,-5.537,-6.256,-6.443,-6.085,-4.952,-7.197,-5.662,-5.74,-6.683,-5.913,-6.057,-6.344,-4.754,-5.178,-5.346,-5.527,-4.585,-5.485,-6.599,-6.247,-5.622,-5.566,-6.37,-5.835,-5.254,-6.296,-5.829,-3.782,-4.298,-3.974,-6.63,-5.464,-3.433,-4.281,-4.09,-5.483,-6.07,-4.677,-4.526,-5.488
OptTAR_Fixed_ligprep_20260117_0.5.maegz:169,-5.257,-5.227,-4.616,-5.554,-5.1,-4.694,-5.527,-4.052,-4.441,-5.226,-5.305,-4.665,-6.364,-7.13,-5.403,-6.046,-6.905,-6.785,-5.718,-4.453,-4.585,-5.475,-5.206,-4.747,-4.61,-4.695,-4.657,-6.471,-6.27,-6.765,-6.205,-6.231,-6.051,-4.466,-4.435,-5.47,-5.037,-5.717,-4.642,-5.741,-5.609,-4.494,-3.763,-3.747,-4.356,-4.766,-4.777,-5.303,-4.291,-4.633
OptTAR_Fixed_ligprep_20260117_0.5.maegz:170,-5.714,-5.273,-5.367,-5.897,-5.054,-5.157,-4.83,-4.775,-4.994,-4.96,-5.728,-5.795,-6.164,-7.051,-5.57,-6.551,-6.314,-6.91,-7.009,-5.655,-5.713,-5.343,-4.885,-4.99,-4.835,-6.695,-4.298,-4.976,-6.468,-6.138,-6.168,-6.549,-6.875,-7.362,-4.72,-6.08,-5.573,-5.792,-4.622,-5.999,-6.81,-5.729,-4.551,-4.034,-4.914,-3.95,-5.507,-4.708,-4.684,-5.276
OptTAR_Fixed_ligprep_20260117_0.5.maegz:171,-6.042,-4.341,-3.933,-3.516,-4.929,-6.073,-3.148,-4.555,-5.725,-4.665,-5.27,-4.895,-6.403,-7.939,-5.081,-6.348,-5.859,-5.826,-5.208,-5.425,-5.879,-5.257,-4.209,-4.292,-4.472,-4.675,-5.326,-5.965,-6.275,-6.002,-6.049,-6.492,-6.814,-4.986,-5.643,-6.143,-5.985,-4.097,-3.642,-5.229,-5.294,-4.838,-3.387,-3.431,-4.159,-5.107,-5.273,-3.15,-4.594,-4.878
OptTAR_Fixed_ligprep_20260117_0.5.maegz:172,-2.156,-4.515,-2.71,-2.467,-3.892,-5.188,-5.263,-4.441,-5.402,-2.434,-5.098,-5.104,-6.105,-6.411,-4.059,-5.983,-4.503,-4.321,-3.856,-4.071,-4.341,-5.723,-4.443,-3.325,-5.347,-3.575,-1.96,-5.991,-6.609,-5.745,-5.331,-6.117,-6.018,-5.36,-4.617,-5.193,-5.138,-2.424,-1.82,-4.029,-7.091,-5.652,-1.118,-3.962,-5.449,-3.764,-3.997,-3.104,-3.11,-4.461
OptTAR_Fixed_ligprep_20260117_0.5.maegz:173,-5.287,-5.705,-4.506,-6.734,-6.008,-5.395,-5.666,-4.565,-4.234,-4.608,-5.442,-5.787,-7.424,-7.382,-5.073,-7.173,-7.82,-6.974,-6.427,-5.64,-7.66,-5.783,-4.743,-5.668,-5.783,-4.912,-5.695,-5.154,-7.092,-7.092,-4.827,-7.97,-7.677,-5.201,-5.75,-6.214,-5.82,-6.293,-4.757,-5.167,-6.22,-6.295,-5.004,-4.49,-4.434,-5.272,-5.378,-5.502,-5.308,-5.311
OptTAR_Fixed_ligprep_20260117_0.5.maegz:174,-5.366,-4.121,-4.383,-5.233,-5.443,-4.787,-5.072,-4.944,-4.831,-4.797,-4.451,-4.64,-5.111,-6.394,-3.871,-5.929,-6.338,-5.661,-4.552,-4.627,-4.104,-5.177,-4.147,-4.227,-4.566,-3.902,-3.534,-4.878,-5.656,-5.72,-5.289,-6.479,-6.185,-5.181,-4.625,-5.062,-4.769,-3.544,-4.053,-5.551,-4.715,-4.217,-4.261,-3.458,-3.504,-4.846,-5.158,-4.777,-3.864,-4.404
OptTAR_Fixed_ligprep_20260117_0.5.maegz:175,-6.316,-5.07,-6.136,-5.513,-6.979,-4.972,-6.542,-5.264,-6.559,-6.021,-5.212,-6.042,-5.758,-8.454,-7.286,-8.136,-7.851,-7.619,-6.136,-5.285,-7.943,-5.788,-5.65,-5.865,-6.451,-5.968,-5.344,-6.99,-7.604,-7.062,-6.093,-6.832,-7.252,-6.783,-5.725,-6.505,-6.803,-4.831,-5.337,-5.81,-6.315,-6.418,-5.145,-4.304,-4.722,-6.747,-7.347,-4.45,-5.577,-5.868
OptTAR_Fixed_ligprep_20260117_0.5.maegz:176,-5.054,-4.442,-6.583,-5.822,-5.227,-4.326,-5.364,-4.908,-5.416,-4.861,-5.113,-4.443,-5.287,-6.849,-5.22,-6.546,-7.199,-7.155,-4.432,-4.316,-7.103,-6.496,-3.547,-4.538,-4.816,-4.722,-4.324,-4.591,-6.47,-6.329,-5.867,-6.895,-7.371,-5.539,-4.832,-5.848,-6.022,-7.78,-4.601,-5.221,-5.101,-5.47,-5.426,-4.274,-4.059,-5.644,-5.912,-5.363,-4.697,-4.425
OptTAR_Fixed_ligprep_20260117_0.5.maegz:177,-5.619,-5.589,-5.715,-5.457,-5.759,-5.445,-5.373,-4.89,-5.589,-5.013,-4.528,-5.253,-6.735,-7.142,-5.342,-6.857,-7.877,-7.614,-5.942,-4.784,-6.057,-5.241,-4.862,-4.681,-5.525,-4.996,-4.732,-4.863,-6.01,-6.105,-6.271,-7.007,-6.32,-4.831,-4.379,-5.361,-5.751,-5.433,-4.72,-5.657,-6.524,-5.346,-5.313,-4.059,-4.069,-5.47,-5.555,-4.623,-5.126,-5.139
OptTAR_Fixed_ligprep_20260117_0.5.maegz:178,-5.133,-4.064,-4.851,-5.089,-4.042,-4.688,-4.885,-4.053,-4.879,-4.036,-4.525,-4.609,-6.231,-6.25,-6.006,-6.333,-6.697,-6.616,-3.822,-4.262,-4.664,-5.453,-4.189,-3.977,-4.504,-3.717,-3.991,-6.602,-7.276,-5.416,-5.639,-5.834,-6.076,-4.703,-4.171,-5.025,-5.132,-4.663,-3.965,-5.348,-6.241,-2.467,-3.406,-3.218,-4.162,-5.013,-4.816,-4.32,-4.36,-3.894
OptTAR_Fixed_ligprep_20260117_0.5.maegz:179,-6.631,-5.557,-5.947,-4.107,-6.701,-5.21,-4.756,-5.119,-5.948,-4.359,-5.217,-5.612,-6.604,-7.225,-5.514,-6.288,-5.958,-6.774,-4.739,-5.732,-5.88,-6.571,-4.344,-3.805,-5.6,-5.046,-5.032,-7.345,-6.651,-6.722,-5.248,-6.001,-6.576,-5.217,-4.812,-5.603,-5.845,-5.549,-3.816,-5.315,-6.418,-5.981,-5.916,-3.908,-3.648,-5.414,-5.935,-5.061,-4.915,-5.128
OptTAR_Fixed_ligprep_20260117_0.5.maegz:180,-6.191,-6.706,-5.446,-6.003,-6.853,-6.248,-6.938,-4.972,-5.863,-5.766,-5.07,-5.396,-7.188,-7.609,-6.227,-7.506,-7.239,-7.183,-5.352,-6.415,-5.541,-6.108,-4.543,-5.342,-6.021,-5.343,-5.226,-6.99,-6.724,-6.573,-6.482,-6.544,-7.307,-5.406,-5.053,-6.617,-6.329,-6.805,-5.385,-6.342,-6.668,-6.479,-5.854,-4.966,-5.234,-5.49,-5.707,-5.407,-6.179,-6.66
OptTAR_Fixed_ligprep_20260117_0.5.maegz:181,-5.012,-4.811,-5.381,-5.349,-6.26,-4.73,-5.291,-5.691,-5.5,-4.778,-4.671,-5.468,-5.841,-7.517,-4.807,-6.682,-6.237,-7.95,-5.087,-4.175,-5.201,-4.897,-4.417,-4.136,-4.562,-4.437,-4.294,-4.863,-6.447,-7.504,-5.868,-5.385,-5.938,-5.115,-4.817,-4.989,-5.441,-5.31,-5.494,-4.745,-5.485,-5.481,-5.354,-4.167,-4.551,-5.594,-5.611,-3.775,-4.441,-4.97
OptTAR_Fixed_ligprep_20260117_0.5.maegz:182,-6.032,-5.218,-5.148,-5.211,-6.075,-6.083,-4.898,-4.723,-4.958,-5.599,-4.691,-5.685,-6.386,-6.739,-5.671,-6.44,-6.254,-8.13,-4.657,-5.092,-5.141,-4.717,-5.022,-5.266,-5.17,-4.173,-4.379,-5.074,-7.747,-6.405,-5.725,-5.764,-7.28,-5.779,-5.613,-5.208,-6.006,-4.279,-4.203,-6.133,-7.015,-5.46,-3.836,-3.808,-3.769,-4.9,-5.622,-4.421,-4.428,-4.532
OptTAR_Fixed_ligprep_20260117_0.5.maegz:183,-5.053,-4.73,-4.583,-5.341,-6.691,-5.271,-5.275,-5.859,-5.038,-5.346,-5.63,-5.129,-6.359,-6.978,-4.705,-5.915,-6.706,-7.348,-5.786,-5.04,-5.208,-5.742,-4.481,-4.856,-5.141,-5.919,-4.419,-6.02,-6.477,-7.172,-5.422,-5.968,-6.14,-6.161,-4.895,-6.59,-5.457,-4.823,-4.192,-5.25,-5.446,-6.16,-4.777,-4.778,-4.607,-5.173,-5.659,-4.292,-4.818,-4.883
OptTAR_Fixed_ligprep_20260117_0.5.maegz:184,-6.889,-5.719,-4.286,-4.998,-5.19,-5.082,-5.275,-5.135,-5.167,-5.563,-6.137,-6.175,-6.708,-8.0,-5.26,-7.102,-6.76,-6.217,-5.923,-6.156,-6.541,-6.392,-4.741,-4.993,-5.473,-5.696,-5.242,-7.633,-7.346,-5.8,-6.933,-6.522,-6.716,-5.707,-5.859,-7.415,-6.369,-5.08,-4.917,-6.36,-7.656,-6.347,-4.908,-4.505,-4.906,-5.949,-6.791,-4.981,-4.585,-4.736
OptTAR_Fixed_ligprep_20260117_0.5.maegz:185,-5.561,-5.324,-3.459,-3.876,-5.976,-4.715,-5.643,-4.037,-4.741,-3.752,-4.764,-4.709,-5.509,-7.018,-5.405,-6.304,-6.591,-6.24,-6.241,-5.807,-6.012,-5.445,-4.625,-4.369,-5.737,-5.349,-4.598,-6.646,-6.675,-6.198,-5.465,-6.135,-6.62,-4.644,-4.583,-6.382,-6.121,-5.376,-4.579,-4.987,-5.418,-5.682,-3.759,-3.891,-4.367,-5.351,-5.987,-4.38,-4.245,-4.223
OptTAR_Fixed_ligprep_20260117_0.5.maegz:186,-5.434,-4.719,-4.644,-4.583,-4.629,-5.669,-5.417,-5.486,-5.631,-5.242,-5.625,-5.297,-6.525,-6.891,-5.817,-6.988,-7.5,-7.496,-5.339,-6.758,-5.595,-7.358,-5.01,-4.751,-6.007,-5.49,-5.305,-5.167,-8.499,-6.39,-6.142,-6.737,-6.911,-5.187,-5.25,-6.934,-7.031,-5.603,-5.285,-5.279,-6.779,-5.961,-4.973,-3.636,-5.242,-5.695,-6.903,-4.928,-4.718,-5.09
OptTAR_Fixed_ligprep_20260117_0.5.maegz:187,-5.932,-5.494,-4.869,-4.459,-5.055,-4.159,-5.863,-4.825,-5.174,-5.347,-5.297,-5.621,-6.434,-7.445,-4.996,-6.622,-6.563,-7.113,-5.893,-6.025,-5.58,-6.558,-5.022,-4.847,-5.588,-5.237,-5.162,-7.419,-7.892,-5.838,-6.594,-6.633,-7.326,-5.108,-5.533,-6.603,-6.482,-6.447,-4.674,-5.48,-7.202,-5.47,-5.157,-4.667,-4.79,-5.556,-5.249,-4.84,-5.31,-4.78
OptTAR_Fixed_ligprep_20260117_0.5.maegz:188,-5.939,-5.472,-5.637,-4.949,-5.909,-5.356,-3.878,-4.678,-5.329,-4.527,-4.568,-5.211,-6.519,-7.581,-5.232,-6.507,-6.64,-7.022,-6.901,-6.018,-5.716,-6.408,-4.875,-4.861,-6.093,-5.717,-5.101,-5.442,-7.392,-6.939,-5.428,-6.424,-6.961,-5.261,-5.897,-6.243,-7.313,-6.531,-5.024,-5.756,-5.976,-5.441,-5.144,-4.817,-4.015,-5.992,-4.579,-4.708,-4.599,-4.537
OptTAR_Fixed_ligprep_20260117_0.5.maegz:189,-6.045,-5.78,-4.39,-5.148,-6.124,-4.209,-5.151,-5.458,-3.968,-5.309,-5.715,-5.114,-6.5,-8.279,-5.58,-6.54,-7.632,-6.891,-5.446,-6.029,-5.583,-6.629,-5.028,-5.18,-5.576,-5.396,-5.063,-7.551,-7.439,-8.05,-6.76,-6.617,-6.887,-5.82,-5.494,-6.486,-6.055,-5.778,-4.626,-4.943,-6.011,-5.933,-5.735,-4.895,-5.368,-6.275,-6.447,-5.594,-4.734,-5.162
OptTAR_Fixed_ligprep_20260117_0.5.maegz:190,-5.831,-4.528,-3.62,-4.212,-5.262,-4.2,-4.694,-4.034,-4.578,-4.507,-5.261,-5.27,-5.732,-6.617,-4.583,-6.796,-7.257,-6.28,-6.39,-5.829,-4.592,-6.997,-4.565,-4.874,-5.474,-5.547,-5.025,-5.091,-8.052,-6.596,-6.041,-6.542,-7.816,-4.995,-5.293,-6.825,-6.384,-4.166,-4.272,-4.561,-4.254,-4.793,-3.512,-3.809,-5.144,-5.908,-5.978,-4.781,-4.566,-4.2
OptTAR_Fixed_ligprep_20260117_0.5.maegz:191,-7.002,-5.592,-3.757,-4.599,-5.075,-5.158,-5.069,-5.395,-4.845,-4.638,-5.775,-5.314,-6.307,-7.152,-5.246,-6.719,-5.993,-6.755,-5.307,-6.46,-5.129,-5.625,-4.803,-5.012,-5.192,-4.514,-4.4,-6.993,-7.667,-6.609,-5.924,-6.786,-7.091,-5.311,-5.152,-6.635,-6.568,-4.665,-4.053,-5.05,-6.279,-4.84,-4.085,-4.442,-3.995,-5.61,-5.273,-5.212,-4.199,-5.072
OptTAR_Fixed_ligprep_20260117_0.5.maegz:192,-6.374,-5.722,-4.254,-5.235,-5.527,-5.209,-5.443,-5.617,-5.19,-5.404,-6.021,-5.931,-6.026,-6.894,-5.264,-7.173,-6.394,-6.799,-6.821,-4.776,-6.116,-6.425,-5.264,-4.823,-5.593,-4.742,-4.602,-6.538,-7.464,-6.988,-5.085,-6.628,-6.377,-5.404,-5.951,-5.935,-6.974,-6.894,-4.869,-5.228,-7.391,-5.442,-4.224,-4.282,-5.528,-6.062,-4.851,-4.969,-4.283,-5.053
OptTAR_Fixed_ligprep_20260117_0.5.maegz:193,-6.435,-5.949,-6.074,-5.392,-5.802,-3.551,-5.308,-4.669,-4.673,-5.229,-5.717,-5.838,-6.052,-7.3,-6.339,-7.105,-7.533,-6.897,-5.997,-6.856,-7.144,-6.391,-4.854,-4.814,-6.238,-7.893,-4.701,-7.479,-7.555,-8.057,-6.774,-6.614,-7.469,-5.299,-5.653,-6.855,-7.207,-4.927,-4.757,-5.566,-6.562,-6.782,-5.318,-4.589,-5.415,-6.014,-5.705,-4.537,-4.63,-4.821
OptTAR_Fixed_ligprep_20260117_0.5.maegz:194,-6.362,-4.756,-4.6,-5.445,-4.363,-4.119,-5.711,-5.312,-3.896,-4.724,-5.201,-5.808,-5.719,-6.893,-5.366,-6.945,-6.22,-6.403,-6.373,-5.574,-5.403,-6.026,-5.361,-4.697,-6.518,-4.876,-4.787,-7.24,-6.972,-6.328,-5.698,-6.53,-7.013,-4.84,-5.702,-7.181,-7.039,-4.87,-5.588,-4.916,-6.355,-5.624,-4.449,-4.041,-4.607,-5.32,-5.704,-4.863,-4.657,-4.727
OptTAR_Fixed_ligprep_20260117_0.5.maegz:195,-5.545,-5.569,-4.624,-4.903,-5.912,-4.86,-4.73,-4.538,-4.224,-4.888,-5.258,-5.748,-5.45,-6.889,-5.79,-6.447,-5.593,-7.386,-5.959,-5.26,-6.241,-5.981,-4.947,-4.323,-5.406,-5.36,-4.981,-7.174,-7.409,-7.933,-5.92,-6.253,-5.876,-5.009,-5.564,-6.451,-7.074,-5.52,-4.488,-5.325,-6.176,-4.132,-3.92,-3.757,-5.399,-5.253,-5.449,-5.257,-4.567,-5.587
OptTAR_Fixed_ligprep_20260117_0.5.maegz:196,-6.059,-4.953,-4.127,-4.925,-5.122,-4.249,-4.641,-4.166,-4.794,-3.816,-5.217,-4.938,-5.874,-7.171,-5.527,-6.367,-6.552,-6.346,-5.438,-4.89,-6.422,-4.977,-4.413,-5.008,-5.101,-5.038,-4.983,-4.552,-7.289,-5.653,-6.238,-4.855,-7.541,-4.598,-4.988,-5.524,-5.913,-4.341,-4.971,-4.778,-5.155,-5.531,-4.212,-4.078,-5.588,-4.822,-5.83,-4.552,-3.857,-4.4
OptTAR_Fixed_ligprep_20260117_0.5.maegz:197,-5.966,-4.858,-4.071,-4.484,-4.957,-5.292,-4.577,-4.842,-4.908,-4.524,-5.712,-5.819,-6.752,-7.392,-5.623,-6.996,-7.067,-7.241,-4.971,-5.588,-6.246,-5.888,-5.14,-5.962,-5.916,-5.318,-5.182,-4.944,-7.574,-6.16,-6.081,-5.606,-7.087,-5.292,-4.439,-6.126,-6.56,-5.015,-5.881,-5.939,-5.478,-5.073,-4.911,-3.98,-4.694,-6.027,-5.153,-5.364,-4.565,-4.96
OptTAR_Fixed_ligprep_20260117_0.5.maegz:198,-5.979,-4.192,-4.816,-4.664,-5.882,-4.927,-4.717,-5.461,-5.288,-4.68,-5.186,-5.361,-4.946,-6.937,-5.177,-5.603,-6.436,-6.416,-5.23,-5.363,-5.493,-7.12,-4.582,-4.952,-5.869,-4.64,-4.866,-6.17,-7.14,-6.068,-6.199,-6.87,-7.72,-5.756,-5.443,-6.932,-6.482,-4.413,-4.314,-5.559,-6.43,-5.078,-3.883,-4.416,-4.512,-5.501,-6.285,-4.783,-4.208,-5.811
OptTAR_Fixed_ligprep_20260117_0.5.maegz:199,-5.811,-5.875,-3.849,-5.317,-5.662,-4.438,-4.614,-4.169,-4.292,-5.316,-5.496,-5.986,-7.056,-6.867,-5.053,-7.771,-6.831,-6.459,-5.092,-5.338,-5.881,-6.422,-5.751,-5.353,-5.638,-6.371,-5.384,-5.452,-7.752,-6.29,-6.466,-6.898,-6.832,-5.85,-5.602,-6.6,-6.407,-5.053,-5.188,-4.205,-4.356,-4.757,-4.381,-4.653,-5.013,-5.008,-6.171,-5.574,-4.583,-4.952
OptTAR_Fixed_ligprep_20260117_0.5.maegz:200,-5.756,-3.952,-4.821,-4.424,-6.014,-5.356,-4.563,-4.305,-4.137,-5.166,-4.805,-5.174,-5.899,-6.096,-5.665,-6.662,-6.877,-5.837,-5.29,-4.74,-5.326,-4.976,-3.31,-3.994,-5.864,-4.923,-4.18,-7.314,-7.885,-5.907,-4.494,-6.687,-6.102,-4.506,-4.532,-5.486,-5.6,-4.552,-2.793,-4.765,-5.433,-5.271,-5.644,-4.417,-5.747,-4.853,-6.841,-4.804,-4.026,-4.035
OptTAR_Fixed_ligprep_20260117_0.5.maegz:201,-5.758,-4.681,-3.463,-3.855,-5.333,-4.9,-4.121,-4.455,-5.054,-4.454,-4.845,-4.871,-6.564,-6.874,-4.223,-6.652,-7.477,-6.296,-3.992,-4.859,-5.298,-5.335,-4.096,-3.292,-4.17,-4.963,-4.42,-5.28,-7.524,-4.855,-4.421,-6.359,-6.814,-4.153,-4.454,-6.06,-6.758,-4.159,-4.269,-3.718,-5.414,-3.994,-3.583,-3.393,-4.549,-4.91,-6.23,-3.777,-4.25,-4.876
OptTAR_Fixed_ligprep_20260117_0.5.maegz:202,-5.073,-4.088,-3.764,-4.714,-4.871,-5.203,-4.767,-4.272,-4.566,-4.053,-3.965,-4.882,-4.89,-6.279,-4.625,-6.304,-5.89,-6.642,-4.321,-5.731,-5.332,-4.696,-3.75,-3.921,-4.352,-4.182,-4.963,-4.224,-6.291,-4.737,-5.098,-6.019,-6.651,-4.148,-4.994,-5.716,-5.56,-4.426,-4.261,-6.776,-6.304,-4.955,-4.25,-3.895,-4.354,-5.174,-6.09,-4.611,-4.246,-4.631
OptTAR_Fixed_ligprep_20260117_0.5.maegz:203,-5.491,-3.558,-1.767,-3.945,-5.209,-4.134,-4.613,-4.32,-5.143,-3.843,-3.866,-4.343,-5.852,-7.184,-4.176,-6.416,-6.48,-7.528,-4.07,-4.976,-5.096,-4.289,-4.247,-3.836,-4.546,-3.861,-3.804,-5.719,-7.567,-5.43,-5.977,-6.5,-6.697,-4.199,-3.348,-4.259,-4.999,-3.449,-3.66,-4.196,-5.832,-5.108,-3.785,-4.299,-3.7,-4.059,-5.947,-4.749,-4.111,-4.536
OptTAR_Fixed_ligprep_20260117_0.5.maegz:204,-5.552,-4.386,-3.807,-4.524,-5.587,-4.778,-4.597,-4.93,-5.481,-4.748,-4.79,-6.502,-6.661,-7.919,-4.732,-7.201,-8.706,-6.012,-5.145,-5.152,-4.93,-4.983,-4.69,-7.346,-5.249,-4.06,-4.371,-5.189,-6.975,-5.995,-6.578,-6.251,-7.557,-5.521,-4.823,-6.425,-6.0,-4.175,-3.667,-4.367,-6.387,-4.239,-4.164,-4.318,-4.107,-5.206,-6.31,-4.71,-5.152,-5.498
OptTAR_Fixed_ligprep_20260117_0.5.maegz:205,-5.051,-4.748,-3.574,-4.116,-4.058,-4.645,-4.776,-4.159,-4.766,-3.988,-4.338,-4.028,-4.991,-5.746,-4.663,-6.053,-5.948,-6.064,-4.022,-4.16,-4.257,-5.038,-4.123,-3.494,-3.984,-4.878,-4.086,-7.097,-5.657,-5.344,-4.752,-5.035,-5.29,-4.979,-4.955,-4.593,-5.687,-4.854,-4.693,-4.472,-4.6,-3.942,-3.517,-5.524,-3.558,-4.686,-4.428,-3.676,-4.385,-4.323
OptTAR_Fixed_ligprep_20260117_0.5.maegz:206,-4.955,-5.234,-4.021,-5.56,-4.271,-4.627,-5.384,-4.226,-5.43,-3.52,-4.522,-4.367,-5.083,-5.772,-5.128,-5.864,-6.034,-6.15,-5.365,-6.714,-4.301,-4.899,-4.298,-4.231,-4.579,-5.785,-4.346,-6.66,-6.139,-6.891,-5.091,-4.727,-5.216,-4.287,-4.555,-5.235,-5.536,-4.646,-4.173,-4.644,-5.299,-4.113,-3.356,-4.26,-3.721,-5.125,-4.481,-5.044,-4.173,-4.289
OptTAR_Fixed_ligprep_20260117_0.5.maegz:207,-4.752,-4.602,-4.942,-4.329,-5.87,-4.174,-5.034,-5.114,-4.796,-5.08,-3.998,-4.334,-5.564,-7.31,-5.559,-6.0,-5.101,-5.232,-3.499,-4.508,-4.483,-5.146,-4.157,-4.511,-3.814,-4.43,-4.204,-4.615,-5.601,-5.948,-5.531,-5.852,-5.652,-4.829,-5.014,-4.547,-4.293,-3.87,-3.669,-3.683,-4.041,-4.785,-3.882,-3.271,-4.423,-4.928,-5.657,-3.153,-3.685,-4.165
OptTAR_Fixed_ligprep_20260117_0.5.maegz:208,-4.051,-4.114,-4.54,-4.285,-5.469,-3.575,-5.221,-4.061,-4.08,-4.807,-3.949,-4.379,-4.649,-6.07,-4.866,-5.173,-4.678,-5.563,-4.97,-3.702,-4.137,-5.1,-3.546,-4.88,-3.607,-3.828,-4.428,-4.372,-5.07,-5.052,-5.776,-4.874,-4.567,-3.864,-5.089,-4.99,-4.632,-3.721,-4.791,-3.612,-3.154,-4.885,-3.754,-3.916,-3.957,-4.744,-5.371,-3.877,-3.756,-4.02
OptTAR_Fixed_ligprep_20260117_0.5.maegz:209,-6.497,-2.722,-5.805,-3.578,-5.369,-2.56,-4.16,-4.983,-4.511,-5.38,-5.204,-4.595,-5.32,-6.704,-4.526,-6.057,-5.946,-6.024,-3.823,-5.081,-5.105,-5.42,-4.441,-4.029,-4.58,-4.201,-2.11,-4.187,-4.353,-6.45,-6.23,-6.145,-5.637,-5.138,-3.82,-4.539,-5.282,-2.464,-3.07,-4.569,-4.079,-4.273,-3.347,-2.689,-2.992,-4.26,-3.746,-3.359,-1.784,-4.723
OptTAR_Fixed_ligprep_20260117_0.5.maegz:210,-5.18,-5.519,-6.71,-6.445,-5.969,-5.511,-5.425,-4.71,-4.197,-6.083,-4.405,-5.224,-6.017,-6.948,-5.5,-5.942,-5.207,-7.223,-4.491,-4.361,-4.85,-5.166,-4.492,-4.411,-5.596,-5.485,-4.783,-7.203,-7.378,-6.063,-6.651,-6.748,-6.944,-4.307,-4.086,-4.692,-5.832,-4.826,-5.031,-5.2,-7.076,-5.619,-4.646,-4.124,-6.722,-5.768,-6.288,-3.956,-4.213,-4.502
OptTAR_Fixed_ligprep_20260117_0.5.maegz:211,-6.564,-5.038,-5.745,-4.944,-5.551,-4.91,-5.565,-4.082,-5.719,-5.79,-4.788,-4.178,-5.739,-7.258,-5.233,-6.542,-6.353,-6.976,-4.417,-3.232,-4.703,-4.68,-4.174,-4.579,-4.9,-5.472,-3.786,-5.032,-7.275,-6.745,-6.205,-7.05,-5.737,-5.008,-4.779,-5.121,-5.324,-4.511,-2.869,-4.088,-4.229,-5.368,-3.89,-4.471,-2.412,-6.366,-6.065,-3.743,-4.413,-4.072
OptTAR_Fixed_ligprep_20260117_0.5.maegz:212,-5.006,-5.323,-4.62,-5.462,-6.796,-3.213,-5.698,-4.79,-4.943,-4.708,-4.549,-4.854,-6.277,-6.936,-4.706,-5.789,-6.106,-6.957,-3.274,-5.294,-4.833,-4.913,-3.715,-4.415,-5.426,-4.341,-4.057,-4.781,-6.048,-7.128,-6.076,-5.256,-6.694,-4.683,-4.552,-5.801,-5.172,-5.677,-3.704,-4.419,-3.01,-3.156,-5.005,-3.556,-3.333,-5.314,-4.861,-3.94,-4.748,-4.56
OptTAR_Fixed_ligprep_20260117_0.5.maegz:213,-4.393,-2.599,-4.224,-3.829,-5.265,-4.688,-3.177,-4.002,-3.688,-5.429,-4.839,-3.97,-5.928,-5.538,-4.458,-5.128,-5.216,-5.779,-3.383,-3.677,-3.796,-3.479,-3.006,-3.503,-4.001,-4.003,-4.367,-4.193,-5.682,-5.5,-5.586,-4.447,-3.6,-4.19,-3.15,-4.363,-5.626,-3.379,-2.19,-3.325,-3.798,-4.705,-1.531,-3.871,-2.638,-5.413,-5.255,-3.548,-3.592,-3.742
OptTAR_Fixed_ligprep_20260117_0.5.maegz:214,-3.822,-4.435,-4.445,-4.05,-4.077,-3.79,-3.596,-3.931,-3.803,-4.26,-3.775,-5.297,-5.685,-6.145,-4.319,-3.716,-5.713,-5.798,-4.642,-4.275,-4.861,-3.886,-3.873,-4.094,-4.258,-4.317,-4.236,-3.744,-4.625,-4.625,-5.677,-5.222,-5.99,-4.827,-3.663,-4.969,-4.237,-3.628,-3.349,-4.987,-5.914,-4.841,-3.591,-4.282,-3.858,-4.473,-4.343,-4.076,-4.186,-3.892
OptTAR_Fixed_ligprep_20260117_0.5.maegz:215,-6.811,-6.829,-5.22,-6.74,-6.697,-6.389,-6.203,-5.954,-5.786,-4.938,-5.799,-6.492,-6.868,-7.479,-6.014,-7.863,-7.159,-7.339,-7.725,-7.968,-7.117,-6.658,-6.176,-6.395,-5.756,-7.325,-5.891,-5.332,-7.613,-7.414,-6.598,-7.322,-7.189,-5.867,-5.642,-6.8,-5.56,-6.058,-6.408,-6.271,-6.899,-6.1,-6.043,-5.166,-6.593,-5.983,-5.932,-6.57,-6.222,-7.087
OptTAR_Fixed_ligprep_20260117_0.5.maegz:216,-6.866,-6.776,-5.351,-6.863,-6.676,-6.227,-5.679,-4.952,-5.113,-5.32,-6.361,-6.081,-6.978,-7.507,-6.058,-7.389,-6.799,-7.226,-7.391,-7.152,-6.547,-6.956,-6.679,-5.53,-5.581,-8.196,-5.684,-5.247,-7.696,-7.483,-5.794,-7.139,-6.846,-6.215,-5.959,-6.239,-5.742,-6.738,-6.058,-5.938,-7.338,-5.661,-5.828,-4.836,-5.659,-5.842,-5.822,-6.542,-6.193,-6.322
OptTAR_Fixed_ligprep_20260117_0.5.maegz:217,-3.798,-3.605,-3.932,-4.292,-4.275,-4.436,-4.031,-3.725,-3.836,-3.217,-3.344,-4.529,-4.539,-5.425,-4.863,-4.67,-5.986,-5.46,-4.108,-4.198,-5.0,-3.82,-4.051,-4.161,-4.387,-5.201,-3.818,-4.028,-5.465,-4.68,-3.743,-5.881,-5.175,-4.259,-3.926,-5.063,-4.156,-4.172,-3.533,-4.046,-4.685,-4.563,-3.794,-3.331,-3.325,-2.8,-3.966,-4.163,-3.56,-4.224
OptTAR_Fixed_ligprep_20260117_0.5.maegz:218,-5.038,-4.905,-4.684,-5.486,-5.875,-5.243,-4.925,-4.294,-3.815,-4.929,-5.153,-5.436,-5.658,-7.008,-5.614,-6.654,-7.572,-6.215,-6.072,-5.327,-6.058,-5.303,-4.491,-4.473,-5.396,-4.529,-5.464,-4.24,-6.021,-5.814,-6.627,-6.539,-7.135,-4.583,-4.782,-5.116,-4.887,-3.914,-4.786,-4.649,-6.775,-4.982,-4.447,-3.719,-5.262,-5.284,-5.654,-4.559,-4.414,-4.648
OptTAR_Fixed_ligprep_20260117_0.5.maegz:219,-4.994,-5.941,-4.637,-5.654,-5.624,-5.688,-4.824,-4.003,-5.04,-5.336,-5.535,-5.529,-5.899,-6.973,-5.341,-6.96,-7.167,-6.596,-6.226,-6.393,-6.569,-5.955,-4.897,-4.596,-5.027,-4.537,-5.286,-4.442,-7.396,-5.73,-5.791,-5.969,-6.023,-5.591,-5.228,-4.987,-5.199,-4.759,-5.047,-5.291,-6.5,-5.324,-4.847,-3.843,-4.771,-5.366,-5.805,-5.618,-4.809,-5.006
OptTAR_Fixed_ligprep_20260117_0.5.maegz:220,-6.132,-5.479,-4.819,-4.173,-4.899,-5.681,-4.901,-3.916,-4.661,-4.205,-5.101,-5.288,-6.223,-6.211,-5.178,-6.903,-7.136,-6.547,-5.848,-5.254,-5.231,-6.187,-5.258,-5.557,-5.434,-6.458,-5.582,-7.313,-8.203,-6.719,-6.716,-5.066,-5.444,-5.768,-4.918,-5.851,-4.757,-5.545,-4.324,-4.538,-5.421,-5.592,-3.825,-4.183,-4.753,-3.875,-6.199,-4.967,-4.762,-4.179
OptTAR_Fixed_ligprep_20260117_0.5.maegz:221,-5.853,-5.704,-4.452,-4.562,-4.824,-5.9,-5.355,-4.805,-4.919,-5.132,-4.741,-5.341,-6.336,-7.382,-5.818,-6.798,-6.578,-6.756,-5.651,-7.088,-6.74,-5.701,-4.772,-4.764,-5.675,-6.806,-5.08,-6.696,-7.263,-7.067,-5.688,-6.258,-7.011,-5.857,-6.028,-6.137,-5.817,-5.803,-4.518,-5.12,-5.422,-5.718,-4.266,-4.687,-4.857,-4.426,-5.005,-4.626,-5.218,-6.568
OptTAR_Fixed_ligprep_20260117_0.5.maegz:222,-4.651,-5.877,-5.23,-5.162,-5.678,-5.358,-4.795,-4.911,-4.792,-5.401,-4.925,-5.305,-5.637,-7.486,-5.5,-6.805,-7.306,-7.348,-5.863,-4.718,-4.788,-5.492,-4.612,-4.852,-5.12,-6.092,-4.443,-4.913,-7.578,-6.066,-6.439,-5.623,-5.87,-4.899,-4.855,-5.715,-4.213,-5.3,-4.847,-4.254,-7.489,-5.388,-4.877,-4.847,-5.332,-4.853,-5.571,-3.997,-3.978,-4.519
OptTAR_Fixed_ligprep_20260117_0.5.maegz:223,-4.235,-4.604,-5.215,-5.327,-5.757,-5.724,-4.504,-5.627,-4.578,-5.137,-4.713,-5.645,-6.736,-7.371,-5.366,-6.175,-6.689,-6.677,-5.178,-4.646,-5.005,-5.882,-4.565,-4.663,-5.05,-5.398,-4.404,-5.017,-7.593,-6.393,-5.407,-6.092,-6.736,-5.368,-5.078,-6.186,-4.968,-4.274,-4.722,-5.839,-6.953,-5.525,-4.212,-4.873,-5.098,-5.388,-5.472,-4.613,-5.724,-4.999
OptTAR_Fixed_ligprep_20260117_0.5.maegz:224,-4.726,-4.691,-4.115,-4.125,-3.967,-4.6,-3.561,-4.094,-4.399,-4.61,-3.889,-4.257,-4.65,-5.165,-4.749,-5.398,-5.043,-5.812,-4.599,-3.877,-4.135,-3.804,-3.355,-4.387,-3.756,-5.141,-3.751,-5.88,-4.859,-4.963,-5.572,-4.986,-5.416,-3.7,-4.392,-4.379,-4.446,-4.991,-3.86,-4.021,-5.784,-4.177,-2.792,-3.465,-3.893,-3.447,-4.269,-3.881,-3.687,-3.659
OptTAR_Fixed_ligprep_20260117_0.5.maegz:225,-5.232,-5.957,-4.061,-5.089,-5.663,-5.105,-4.704,-4.955,-4.902,-4.939,-5.181,-4.355,-5.811,-6.215,-5.06,-5.641,-5.741,-5.981,-6.002,-4.816,-4.677,-4.789,-4.429,-4.207,-4.352,-4.372,-4.393,-5.823,-6.479,-5.512,-4.282,-5.607,-5.727,-3.495,-4.712,-5.142,-5.586,-5.496,-4.14,-5.299,-5.7,-5.378,-3.996,-5.051,-5.652,-5.064,-4.389,-4.029,-4.715,-4.926
OptTAR_Fixed_ligprep_20260117_0.5.maegz:226,-5.448,-5.57,-5.234,-5.97,-5.955,-4.555,-6.13,-5.831,-4.497,-5.975,-5.518,-4.973,-6.093,-7.196,-4.971,-5.815,-6.956,-7.943,-4.457,-5.158,-4.584,-5.147,-4.021,-4.064,-4.619,-5.007,-4.871,-4.381,-6.442,-6.31,-5.568,-6.852,-6.729,-4.7,-4.427,-6.346,-4.516,-4.278,-4.702,-4.879,-4.447,-4.926,-4.318,-4.246,-3.894,-6.223,-5.204,-4.535,-4.175,-4.764
OptTAR_Fixed_ligprep_20260117_0.5.maegz:227,-6.921,-5.94,-4.118,-4.334,-6.202,-5.596,-6.36,-4.411,-4.464,-4.74,-4.782,-6.369,-6.401,-7.074,-6.727,-6.765,-6.83,-7.477,-7.08,-5.492,-7.884,-5.035,-5.04,-4.889,-5.418,-5.796,-7.779,-8.026,-7.413,-7.109,-6.086,-5.7,-6.768,-5.954,-4.811,-5.64,-6.079,-4.263,-4.306,-5.409,-6.428,-5.791,-5.222,-5.47,-5.571,-5.151,-5.751,-4.776,-4.774,-4.847
OptTAR_Fixed_ligprep_20260117_0.5.maegz:228,-4.676,-4.543,-5.047,-5.451,-5.248,-3.714,-4.793,-4.963,-4.365,-5.052,-3.97,-4.32,-4.181,-6.577,-3.962,-5.996,-6.624,-8.332,-3.785,-3.843,-3.794,-4.659,-3.289,-3.185,-5.044,-4.335,-4.057,-3.924,-6.369,-5.889,-5.61,-5.141,-5.47,-3.935,-4.622,-5.026,-3.864,-4.615,-3.09,-4.137,-4.713,-4.382,-2.701,-2.88,-3.236,-5.073,-5.067,-3.125,-3.076,-3.97
OptTAR_Fixed_ligprep_20260117_0.5.maegz:229,-4.798,-3.902,-4.857,-4.725,-5.323,-4.038,-4.569,-4.721,-5.068,-4.851,-3.979,-4.002,-4.882,-6.412,-4.662,-7.114,-5.476,-5.657,-4.12,-4.121,-4.222,-3.995,-2.809,-3.721,-4.224,-3.902,-3.479,-5.212,-5.627,-5.542,-5.714,-4.99,-5.494,-4.475,-4.248,-3.87,-4.974,-4.263,-3.09,-3.394,-4.656,-3.787,-3.285,-3.28,-3.339,-4.377,-5.175,-3.589,-4.045,-4.196
OptTAR_Fixed_ligprep_20260117_0.5.maegz:230,-5.175,-4.766,-5.294,-4.262,-5.73,-3.852,-4.847,-4.909,-4.882,-5.712,-3.687,-4.675,-5.078,-6.753,-5.088,-5.453,-4.854,-6.707,-3.817,-5.294,-4.124,-4.281,-3.763,-4.094,-3.825,-4.43,-5.026,-3.904,-5.316,-5.085,-5.396,-4.796,-5.743,-4.028,-4.222,-4.282,-4.734,-3.843,-3.935,-3.733,-3.964,-4.658,-3.915,-4.048,-3.925,-4.472,-5.978,-4.184,-4.439,-4.321
OptTAR_Fixed_ligprep_20260117_0.5.maegz:231,-5.003,-4.096,-5.694,-4.666,-5.654,-4.113,-4.25,-4.554,-5.423,-4.184,-3.8,-4.217,-4.774,-6.27,-4.267,-4.422,-4.641,-6.021,-5.035,-4.394,-4.696,-4.544,-3.388,-4.442,-3.827,-3.775,-4.282,-3.69,-5.117,-4.737,-5.715,-4.864,-5.055,-4.688,-5.169,-4.654,-4.531,-4.413,-3.88,-4.469,-4.235,-4.221,-3.552,-3.902,-3.948,-4.84,-5.351,-3.414,-3.956,-3.828
OptTAR_Fixed_ligprep_20260117_0.5.maegz:232,-4.244,-3.942,-2.071,-2.988,-2.357,-4.073,-3.264,-2.804,-2.774,-2.475,-3.147,-2.823,-4.19,-5.344,-2.672,-4.594,-3.631,-4.731,-3.926,-3.329,-3.477,-3.861,-3.612,-2.568,-3.296,-3.68,-3.796,-5.014,-4.326,-4.508,-3.551,-3.405,-3.753,-4.29,-3.137,-3.715,-3.984,-4.024,-3.172,-3.707,-4.186,-3.335,-2.469,-1.836,-3.599,-3.243,-3.081,-3.005,-3.302,-3.865
OptTAR_Fixed_ligprep_20260117_0.5.maegz:233,-6.089,-5.164,-5.866,-5.483,-6.846,-4.809,-5.396,-5.676,-5.654,-5.624,-4.699,-5.628,-6.111,-7.71,-5.219,-6.519,-5.648,-7.429,-5.356,-5.008,-4.58,-6.238,-4.431,-4.422,-4.839,-5.1,-4.294,-4.16,-6.987,-7.263,-6.381,-6.645,-5.922,-5.548,-4.854,-5.277,-5.27,-5.631,-4.957,-4.152,-4.548,-5.985,-5.277,-4.418,-4.556,-5.166,-5.847,-4.559,-4.317,-4.613
OptTAR_Fixed_ligprep_20260117_0.5.maegz:234,-5.393,-5.17,-4.759,-5.582,-5.878,-5.66,-5.324,-4.704,-5.125,-4.844,-5.797,-5.133,-6.381,-6.962,-5.552,-6.602,-7.177,-7.858,-6.942,-5.718,-5.292,-5.067,-4.951,-4.909,-4.719,-6.172,-4.912,-6.291,-6.753,-6.716,-5.7,-6.165,-6.122,-5.795,-4.565,-5.292,-5.735,-5.642,-5.292,-5.436,-6.112,-4.972,-5.027,-4.963,-4.931,-5.163,-5.85,-4.787,-4.844,-4.902
OptTAR_Fixed_ligprep_20260117_0.5.maegz:235,-5.241,-4.622,-3.991,-4.763,-5.859,-5.258,-4.273,-4.999,-4.555,-5.318,-4.976,-4.905,-5.26,-6.622,-4.309,-6.465,-5.275,-5.846,-4.826,-4.893,-4.923,-5.536,-3.923,-3.836,-4.768,-3.555,-4.348,-5.489,-6.952,-6.607,-5.812,-4.504,-5.977,-4.079,-5.031,-5.594,-5.37,-3.518,-3.732,-4.854,-4.777,-4.558,-3.827,-3.307,-5.228,-5.098,-5.206,-4.568,-3.815,-4.806
OptTAR_Fixed_ligprep_20260117_0.5.maegz:236,-7.455,-7.132,-5.335,-4.627,-5.047,-6.614,-6.038,-5.509,-5.981,-5.826,-6.209,-5.665,-7.741,-7.068,-5.997,-7.383,-6.146,-8.021,-5.672,-7.04,-5.892,-6.99,-5.847,-5.326,-6.008,-8.083,-6.513,-8.552,-7.479,-6.237,-5.899,-6.356,-7.002,-5.528,-5.755,-7.424,-7.424,-5.951,-5.672,-5.634,-5.526,-6.665,-6.55,-4.794,-5.297,-5.789,-5.151,-6.025,-5.086,-4.797
OptTAR_Fixed_ligprep_20260117_0.5.maegz:237,-4.951,-4.767,-3.622,-3.544,-4.373,-4.556,-4.304,-3.967,-4.338,-4.44,-5.286,-4.834,-4.296,-5.814,-5.41,-7.271,-5.43,-5.231,-6.222,-2.834,-3.566,-4.545,-3.755,-4.077,-3.716,-3.21,-6.047,-5.981,-5.428,-3.635,-5.482,-6.323,-6.386,-4.678,-4.283,-3.81,-3.243,-4.213,-3.801,-4.386,-4.292,-4.427,-2.968,-3.571,-3.821,-4.135,-4.818,-3.418,-4.694,-3.566
OptTAR_Fixed_ligprep_20260117_0.5.maegz:238,-4.678,-5.426,-5.211,-4.941,-4.648,-4.672,-4.403,-4.613,-3.944,-4.129,-4.446,-4.289,-5.284,-6.694,-3.444,-6.159,-6.211,-6.662,-6.702,-4.653,-5.399,-4.341,-5.25,-4.462,-5.125,-5.365,-4.787,-4.605,-7.133,-4.365,-5.81,-5.661,-5.557,-5.395,-3.873,-5.046,-4.783,-3.455,-4.071,-5.024,-4.433,-5.323,-4.363,-3.832,-4.656,-3.931,-5.278,-5.143,-3.992,-4.711
OptTAR_Fixed_ligprep_20260117_0.5.maegz:239,-6.076,-4.999,-5.292,-6.107,-4.177,-5.618,-6.067,-5.369,-5.351,-5.414,-4.468,-5.274,-5.363,-6.666,-6.393,-7.078,-6.749,-6.957,-5.926,-6.196,-6.992,-4.808,-4.054,-4.69,-5.16,-6.577,-4.75,-7.256,-5.866,-5.961,-5.427,-5.213,-6.547,-5.081,-4.623,-4.921,-4.891,-6.052,-6.024,-5.643,-6.34,-5.988,-4.349,-3.954,-5.656,-4.874,-5.589,-4.671,-4.662,-4.718
OptTAR_Fixed_ligprep_20260117_0.5.maegz:240,-5.245,-5.348,-5.06,-5.168,-5.512,-6.087,-5.322,-4.592,-5.391,-4.472,-5.322,-5.341,-5.974,-7.416,-5.519,-6.749,-6.537,-6.545,-6.322,-5.376,-6.448,-4.688,-3.982,-4.719,-4.429,-4.861,-4.342,-6.102,-6.055,-5.96,-4.808,-6.181,-6.03,-5.445,-4.216,-5.474,-5.091,-5.405,-5.009,-5.602,-5.849,-6.33,-4.289,-4.086,-5.481,-5.087,-5.278,-4.828,-3.727,-4.614
OptTAR_Fixed_ligprep_20260117_0.5.maegz:241,-5.251,-5.506,-4.73,-5.643,-6.065,-4.961,-5.054,-5.172,-5.502,-5.383,-5.171,-5.749,-5.548,-6.213,-6.048,-7.307,-7.622,-7.074,-5.95,-6.312,-6.113,-5.071,-5.281,-4.912,-4.637,-4.857,-4.439,-4.837,-6.076,-6.06,-5.197,-6.103,-6.77,-4.897,-5.041,-5.999,-5.648,-4.374,-4.726,-5.967,-5.587,-6.146,-4.126,-4.045,-4.326,-5.545,-6.084,-4.721,-4.981,-5.264
OptTAR_Fixed_ligprep_20260117_0.5.maegz:242,-4.528,-4.517,-5.273,-4.491,-5.639,-4.43,-3.4,-4.687,-4.886,-4.188,-4.757,-5.796,-4.583,-6.294,-3.792,-5.756,-6.763,-7.123,-4.302,-4.031,-4.648,-4.249,-4.145,-4.27,-3.9,-4.172,-4.05,-4.619,-5.729,-5.688,-3.84,-6.145,-5.6,-4.341,-4.11,-3.67,-4.773,-4.314,-3.756,-5.437,-6.09,-3.458,-4.029,-3.265,-3.858,-4.604,-4.963,-4.802,-4.307,-3.905
OptTAR_Fixed_ligprep_20260117_0.5.maegz:243,-5.797,-5.393,-4.672,-4.117,-4.782,-5.148,-4.758,-4.361,-4.928,-4.597,-5.238,-5.214,-5.888,-7.128,-5.7,-6.211,-7.312,-6.002,-4.965,-4.735,-5.87,-5.287,-4.285,-4.619,-5.203,-5.089,-4.021,-6.717,-5.5,-5.378,-6.492,-6.9,-6.777,-5.054,-4.62,-5.274,-5.804,-4.542,-3.921,-6.1,-6.172,-5.424,-3.781,-3.62,-4.395,-4.044,-5.054,-5.109,-3.923,-4.458
OptTAR_Fixed_ligprep_20260117_0.5.maegz:244,-4.742,-3.905,-3.929,-3.982,-4.682,-4.716,-4.501,-4.758,-4.812,-4.178,-4.754,-4.907,-5.116,-6.876,-4.988,-6.206,-6.419,-5.942,-4.9,-3.653,-3.716,-3.902,-3.965,-3.733,-4.332,-4.691,-3.845,-6.322,-5.999,-5.813,-4.973,-4.975,-5.055,-3.799,-6.135,-4.792,-5.058,-5.147,-4.064,-4.853,-6.328,-4.363,-4.278,-3.491,-2.815,-4.681,-4.761,-3.667,-3.499,-3.9
OptTAR_Fixed_ligprep_20260117_0.5.maegz:245,-5.388,-6.074,-5.33,-4.324,-5.164,-4.977,-4.879,-4.436,-5.419,-4.34,-6.682,-4.38,-4.624,-7.25,-4.692,-6.18,-5.734,-6.336,-5.318,-5.969,-4.636,-5.535,-4.045,-4.018,-5.519,-4.414,-4.048,-5.105,-5.986,-5.444,-5.271,-5.621,-6.735,-5.751,-5.243,-6.226,-5.521,-5.915,-4.424,-4.184,-6.093,-5.039,-4.162,-4.603,-4.098,-5.461,-5.106,-4.464,-4.765,-4.577
OptTAR_Fixed_ligprep_20260117_0.5.maegz:246,-4.412,-4.133,-5.724,-5.157,-5.721,-3.391,-4.124,-3.721,-3.675,-4.104,-4.338,-4.052,-5.174,-6.836,-6.667,-6.314,-4.904,-6.147,-4.723,-4.354,-5.002,-4.341,-3.9,-4.151,-4.362,-5.347,-4.917,-5.53,-5.872,-6.641,-5.985,-6.331,-6.182,-4.008,-4.105,-5.474,-5.099,-4.913,-4.098,-4.509,-4.088,-5.635,-4.43,-3.258,-4.824,-4.573,-5.933,-4.056,-4.661,-4.318
OptTAR_Fixed_ligprep_20260117_0.5.maegz:247,-5.155,-2.813,-3.473,-4.426,-5.119,-5.057,-4.277,-4.814,-5.544,-4.635,-3.878,-3.646,-5.833,-6.419,-5.844,-6.419,-5.878,-6.312,-5.113,-6.109,-3.37,-4.719,-3.458,-3.606,-4.227,-3.884,-3.917,-5.4,-5.558,-5.467,-5.275,-3.959,-5.639,-3.69,-3.798,-4.116,-3.775,-3.921,-3.428,-4.141,-4.265,-3.641,-3.633,-3.413,-3.578,-3.271,-4.754,-4.249,-4.158,-3.732
OptTAR_Fixed_ligprep_20260117_0.5.maegz:248,-4.555,-2.724,-3.204,-3.705,-4.239,-4.435,-3.365,-3.506,-4.093,-2.903,-3.331,-3.877,-5.161,-4.521,-5.077,-5.145,-5.435,-4.705,-4.515,-4.66,-5.526,-4.147,-4.333,-1.772,-3.328,-5.301,-2.947,-5.571,-4.681,-4.448,-4.077,-5.321,-3.825,-3.997,-3.507,-4.109,-3.647,-2.966,-4.108,-3.714,-4.711,-3.634,-3.845,-3.772,-3.934,-2.456,-4.098,-4.479,-3.412,-4.266
OptTAR_Fixed_ligprep_20260117_0.5.maegz:249,-4.541,-2.754,-3.195,-2.979,-3.72,-4.371,-2.489,-3.536,-2.78,-2.433,-2.31,-3.536,-4.122,-4.756,-4.63,-4.772,-4.22,-3.718,-3.622,-3.417,-4.483,-4.436,-3.337,-3.309,-3.733,-5.162,-5.369,-4.592,-4.44,-4.627,-4.494,-5.258,-4.783,-4.016,-0.963,-3.86,-4.09,-3.004,-3.836,-4.022,-4.636,-3.299,-3.949,-2.802,-2.96,-2.865,-3.621,-3.399,-2.993,-3.226
OptTAR_Fixed_ligprep_20260117_0.5.maegz:250,-6.34,-5.796,-4.798,-4.918,-5.475,-5.381,-5.178,-5.137,-5.303,-4.963,-4.774,-4.474,-6.514,-6.774,-5.04,-6.782,-6.389,-7.295,-6.036,-5.082,-5.372,-5.338,-4.645,-4.417,-5.107,-4.904,-4.398,-6.752,-6.127,-6.06,-4.71,-6.453,-7.055,-4.71,-4.284,-5.587,-5.702,-5.921,-4.232,-5.011,-5.486,-5.306,-4.555,-3.653,-4.922,-5.128,-5.724,-4.135,-4.516,-5.368
OptTAR_Fixed_ligprep_20260117_0.5.maegz:251,-5.156,-5.07,-3.361,-4.593,-5.398,-3.029,-4.533,-3.413,-4.272,-4.726,-4.495,-4.634,-5.81,-6.759,-4.117,-6.924,-6.225,-6.037,-5.675,-4.488,-4.535,-5.196,-3.861,-4.63,-4.017,-5.005,-4.887,-4.079,-6.38,-5.527,-5.279,-6.327,-6.839,-4.012,-4.509,-4.927,-4.352,-3.618,-4.1,-4.539,-6.312,-5.187,-4.728,-2.996,-5.278,-4.196,-3.637,-4.526,-3.747,-3.732
OptTAR_Fixed_ligprep_20260117_0.5.maegz:252,-3.442,-3.571,-4.425,-3.761,-4.421,-3.957,-4.675,-2.882,-2.729,-3.727,-4.723,-4.263,-5.342,-6.717,-4.064,-4.423,-5.94,-4.152,-3.125,-4.247,-3.138,-4.451,-3.815,-3.606,-4.675,-1.758,-3.325,-3.476,-6.149,-4.514,-4.944,-2.747,-5.038,-2.965,-4.354,-3.552,-3.885,-2.886,-2.273,-3.922,-4.289,-4.777,-2.168,-3.363,-3.535,-4.285,-4.496,-2.789,-2.413,-2.891
OptTAR_Fixed_ligprep_20260117_0.5.maegz:253,-5.03,-6.124,-4.726,-4.925,-5.371,-5.308,-5.659,-4.068,-4.525,-5.057,-4.653,-5.363,-6.374,-6.045,-5.78,-6.338,-6.273,-6.485,-5.954,-4.665,-6.452,-5.245,-4.375,-4.199,-4.82,-6.256,-4.235,-6.588,-6.675,-5.872,-4.63,-6.146,-6.739,-4.382,-4.554,-4.496,-4.324,-4.532,-4.469,-5.479,-6.389,-5.763,-4.82,-4.155,-5.322,-5.501,-4.488,-4.675,-4.748,-4.784
OptTAR_Fixed_ligprep_20260117_0.5.maegz:254,-5.904,-5.047,-4.643,-4.014,-4.488,-5.492,-5.73,-4.148,-3.816,-4.302,-4.607,-4.81,-6.195,-6.563,-5.058,-5.949,-6.033,-5.585,-6.629,-4.293,-7.335,-5.869,-4.033,-4.345,-4.792,-7.531,-4.399,-7.519,-7.485,-5.652,-5.233,-6.981,-6.52,-5.02,-4.65,-6.138,-5.832,-4.429,-4.584,-5.678,-5.833,-5.039,-4.16,-3.93,-4.596,-4.433,-5.188,-4.908,-4.836,-4.408
OptTAR_Fixed_ligprep_20260117_0.5.maegz:255,-6.185,-4.552,-4.761,-4.781,-5.232,-4.392,-4.152,-5.55,-4.039,-3.722,-6.194,-5.32,-6.405,-6.728,-6.211,-7.36,-6.418,-5.781,-5.881,-6.862,-6.244,-6.331,-4.949,-5.706,-5.662,-4.728,-5.123,-7.727,-6.937,-6.206,-6.303,-6.98,-7.08,-5.869,-5.065,-5.081,-5.473,-4.467,-4.594,-6.032,-5.664,-5.549,-4.517,-3.914,-5.045,-3.915,-6.311,-4.803,-3.902,-4.877
OptTAR_Fixed_ligprep_20260117_0.5.maegz:256,-5.028,-4.141,-5.732,-4.974,-6.448,-5.0,-5.445,-4.72,-5.558,-4.658,-3.914,-4.916,-5.857,-6.055,-5.238,-6.078,-6.687,-5.993,-4.509,-4.248,-4.39,-5.4,-4.326,-4.227,-4.816,-3.916,-3.823,-4.611,-5.419,-6.255,-5.355,-5.552,-6.354,-4.791,-5.032,-5.354,-5.538,-5.428,-5.625,-5.457,-4.524,-5.038,-4.679,-4.2,-4.666,-5.732,-5.474,-4.939,-4.648,-5.034
OptTAR_Fixed_ligprep_20260117_0.5.maegz:257,-5.244,-5.712,-5.286,-4.979,-6.25,-5.477,-4.998,-4.852,-5.653,-5.198,-5.295,-5.422,-7.211,-6.929,-5.748,-6.438,-7.204,-5.824,-5.74,-4.258,-4.692,-5.813,-5.193,-4.643,-4.617,-5.093,-4.747,-6.374,-6.752,-7.094,-5.064,-6.751,-6.416,-5.036,-4.403,-5.751,-5.564,-6.291,-4.74,-6.297,-6.982,-5.481,-5.2,-4.588,-4.457,-6.117,-5.472,-6.029,-5.163,-5.119
OptTAR_Fixed_ligprep_20260117_0.5.maegz:258,-5.562,-4.212,-3.93,-3.531,-4.979,-4.223,-5.599,-3.775,-4.698,-4.477,-3.875,-5.237,-4.435,-5.117,-4.356,-5.198,-5.849,-5.83,-4.372,-3.81,-4.601,-5.53,-1.954,-4.628,-4.554,-3.831,-3.985,-6.274,-5.454,-5.346,-5.04,-4.136,-5.381,-4.523,-3.563,-4.465,-5.128,-4.553,-3.218,-4.995,-4.492,-1.606,-3.283,-2.39,-3.167,-4.353,-4.3,-3.793,-4.09,-4.689
OptTAR_Fixed_ligprep_20260117_0.5.maegz:259,-4.989,-3.949,-4.984,-5.229,-4.845,-5.602,-3.471,-4.396,-4.166,-4.117,-4.709,-4.273,-4.902,-5.417,-3.917,-5.595,-5.848,-5.236,-3.764,-5.019,-4.299,-6.36,-4.328,-4.704,-5.466,-3.791,-4.291,-7.111,-6.703,-6.138,-5.572,-5.926,-5.801,-4.436,-4.209,-5.65,-5.088,-3.417,-3.633,-4.529,-5.044,-4.41,-3.827,-2.979,-4.721,-4.304,-5.384,-4.084,-4.074,-4.291
OptTAR_Fixed_ligprep_20260117_0.5.maegz:260,-4.688,-3.643,-4.924,-4.856,-4.154,-5.033,-4.151,-4.142,-4.91,-4.096,-4.8,-5.554,-4.836,-5.671,-4.5,-6.092,-5.518,-5.286,-4.35,-5.579,-4.657,-3.815,-4.176,-4.725,-3.984,-4.069,-3.905,-4.286,-6.277,-6.116,-5.444,-5.149,-4.71,-4.402,-3.328,-5.209,-4.731,-4.022,-3.13,-4.415,-5.712,-4.599,-4.268,-3.456,-3.294,-4.783,-4.833,-3.965,-4.058,-3.839
OptTAR_Fixed_ligprep_20260117_0.5.maegz:261,-5.05,-4.747,-5.26,-4.206,-4.822,-4.4,-4.79,-4.016,-4.969,-4.356,-5.059,-5.339,-5.366,-6.97,-4.77,-6.845,-5.736,-5.759,-4.661,-4.797,-4.358,-4.506,-4.276,-4.485,-4.368,-3.728,-3.908,-6.83,-5.642,-5.889,-4.355,-4.451,-5.966,-4.269,-4.511,-4.616,-5.329,-4.052,-3.413,-5.413,-4.877,-2.994,-2.891,-3.009,-4.333,-4.422,-5.084,-4.395,-4.031,-4.235
OptTAR_Fixed_ligprep_20260117_0.5.maegz:262,-5.26,-4.645,-3.227,-4.424,-4.779,-4.867,-5.11,-3.32,-4.679,-3.621,-4.385,-5.305,-4.735,-6.767,-4.965,-5.484,-5.564,-5.45,-4.47,-4.481,-4.878,-4.265,-4.399,-4.851,-4.7,-2.739,-4.443,-6.04,-6.584,-6.676,-5.175,-3.847,-5.053,-4.287,-4.392,-4.92,-4.62,-3.785,-2.57,-4.73,-3.345,-4.596,-3.137,-2.223,-3.765,-5.002,-4.541,-3.877,-3.692,-4.701
OptTAR_Fixed_ligprep_20260117_0.5.maegz:263,-5.345,-5.291,-5.657,-4.883,-5.908,-4.297,-4.493,-3.883,-4.157,-4.266,-4.457,-5.091,-5.111,-6.825,-4.99,-6.278,-5.698,-5.724,-4.359,-4.335,-3.97,-4.857,-4.026,-3.927,-4.469,-4.189,-4.892,-4.224,-5.779,-5.925,-5.762,-5.515,-5.772,-4.719,-4.805,-5.322,-4.929,-4.15,-3.859,-4.897,-4.71,-5.425,-3.607,-4.606,-4.54,-5.022,-5.119,-4.019,-4.218,-4.284
OptTAR_Fixed_ligprep_20260117_0.5.maegz:264,-4.057,-4.156,-4.35,-4.871,-5.344,-4.717,-4.283,-4.277,-5.081,-4.848,-5.058,-4.294,-5.253,-6.899,-4.461,-5.672,-6.805,-5.31,-3.74,-4.072,-4.276,-4.503,-4.324,-4.17,-4.526,-3.807,-3.858,-6.388,-5.479,-6.16,-5.68,-5.32,-4.198,-4.767,-4.953,-4.935,-4.679,-5.066,-3.465,-4.909,-4.931,-4.048,-4.188,-3.408,-2.862,-5.447,-5.236,-4.435,-4.214,-4.339
OptTAR_Fixed_ligprep_20260117_0.5.maegz:265,-5.119,-4.724,-3.737,-4.893,-4.876,-5.5,-4.845,-4.15,-4.331,-4.192,-4.741,-5.042,-5.641,-6.281,-4.522,-6.482,-5.597,-6.106,-4.356,-4.611,-4.649,-5.224,-4.288,-4.204,-4.223,-4.354,-4.231,-6.44,-6.263,-5.477,-4.515,-6.022,-6.24,-4.761,-4.074,-4.868,-4.762,-4.43,-4.065,-5.244,-4.847,-4.867,-3.316,-3.265,-4.709,-5.482,-4.934,-4.792,-3.785,-4.011
OptTAR_Fixed_ligprep_20260117_0.5.maegz:266,-4.416,-4.124,-4.625,-3.518,-4.842,-4.579,-3.404,-4.259,-5.074,-4.141,-5.1,-5.019,-5.481,-6.875,-5.007,-6.69,-6.001,-5.69,-4.366,-4.877,-4.469,-4.572,-4.407,-4.951,-4.46,-3.723,-4.105,-6.611,-5.325,-5.74,-5.157,-4.522,-6.083,-4.195,-4.194,-4.764,-6.051,-4.174,-3.459,-4.226,-4.786,-4.79,-3.342,-3.277,-4.739,-4.786,-5.076,-4.37,-4.021,-4.733
OptTAR_Fixed_ligprep_20260117_0.5.maegz:267,-4.861,-5.804,-5.214,-5.167,-4.636,-4.985,-4.111,-4.351,-3.708,-4.123,-4.82,-5.663,-5.059,-7.183,-4.48,-5.575,-5.304,-6.039,-4.304,-5.48,-4.522,-4.059,-4.158,-4.31,-4.619,-3.879,-4.297,-7.44,-5.484,-6.735,-5.636,-5.374,-5.725,-4.907,-3.331,-4.758,-4.705,-3.619,-3.763,-4.85,-3.492,-2.934,-3.544,-3.666,-4.042,-4.195,-4.846,-4.28,-4.406,-4.803
OptTAR_Fixed_ligprep_20260117_0.5.maegz:268,-5.339,-5.417,-5.323,-5.236,-5.018,-5.788,-4.664,-4.22,-4.027,-4.053,-4.574,-4.702,-5.225,-7.123,-4.99,-5.973,-5.836,-6.586,-3.997,-5.173,-4.333,-6.331,-4.333,-4.692,-5.587,-4.383,-4.261,-6.04,-5.761,-6.002,-5.599,-6.079,-6.035,-3.714,-4.223,-3.987,-4.989,-3.496,-3.903,-5.673,-5.315,-4.869,-3.958,-3.305,-4.68,-4.649,-5.43,-4.218,-3.608,-3.721
OptTAR_Fixed_ligprep_20260117_0.5.maegz:269,-4.142,-4.078,-3.792,-5.004,-4.977,-5.1,-3.276,-4.068,-4.998,-4.751,-4.792,-5.372,-4.883,-7.005,-4.36,-6.858,-6.048,-6.756,-4.669,-4.847,-4.373,-4.843,-4.375,-3.994,-4.425,-3.96,-3.901,-6.803,-5.662,-5.496,-4.423,-5.772,-5.455,-4.237,-3.838,-4.586,-4.255,-4.293,-3.891,-4.714,-5.007,-4.612,-3.543,-2.606,-4.646,-4.839,-4.886,-4.092,-4.249,-4.248
OptTAR_Fixed_ligprep_20260117_0.5.maegz:270,-4.818,-4.644,-4.655,-4.311,-4.981,-4.643,-4.516,-5.024,-5.035,-4.249,-5.039,-4.02,-5.6,-6.813,-4.829,-6.357,-5.941,-5.986,-4.374,-4.439,-5.543,-4.916,-3.708,-4.235,-4.604,-3.863,-4.211,-5.196,-4.485,-6.411,-5.238,-6.884,-6.581,-4.456,-3.721,-5.321,-5.436,-4.484,-3.812,-3.993,-4.936,-4.575,-3.932,-4.11,-4.679,-4.472,-5.729,-4.632,-4.096,-4.633
OptTAR_Fixed_ligprep_20260117_0.5.maegz:271,-5.213,-5.145,-4.337,-5.531,-5.221,-5.011,-5.212,-5.087,-4.789,-4.498,-5.381,-4.598,-5.14,-7.168,-4.42,-6.683,-6.002,-6.844,-4.791,-5.108,-4.969,-5.268,-4.49,-4.214,-5.053,-5.175,-4.887,-7.502,-6.314,-7.056,-5.804,-5.464,-6.965,-5.155,-5.588,-5.642,-6.484,-5.379,-4.698,-5.647,-5.573,-5.545,-4.42,-4.488,-5.055,-4.715,-5.695,-4.934,-4.642,-4.346
OptTAR_Fixed_ligprep_20260117_0.5.maegz:272,-4.709,-5.058,-4.741,-4.136,-5.059,-4.299,-3.811,-3.74,-4.163,-4.41,-5.025,-4.146,-5.27,-6.111,-3.533,-6.221,-5.734,-5.015,-3.577,-4.197,-4.328,-4.319,-3.975,-3.536,-4.022,-3.879,-3.302,-4.47,-5.097,-5.5,-4.794,-5.349,-3.667,-3.596,-4.642,-5.004,-5.278,-4.639,-4.954,-4.566,-4.455,-3.287,-3.568,-2.848,-4.882,-4.372,-3.785,-3.802,-3.843,-4.067
OptTAR_Fixed_ligprep_20260117_0.5.maegz:273,-7.011,-4.867,-5.91,-5.077,-6.392,-4.771,-5.044,-5.001,-4.985,-5.017,-4.059,-4.503,-5.084,-6.912,-5.642,-6.819,-6.312,-6.671,-4.712,-4.537,-5.79,-5.214,-4.477,-4.919,-5.076,-4.933,-4.811,-6.037,-6.767,-5.815,-6.086,-5.789,-6.215,-4.683,-5.42,-5.387,-5.682,-5.095,-4.284,-5.619,-4.787,-6.187,-4.519,-4.168,-4.052,-5.461,-5.78,-4.434,-4.316,-4.834
OptTAR_Fixed_ligprep_20260117_0.5.maegz:274,-5.854,-4.3,-3.635,-3.922,-5.535,-3.953,-3.94,-4.215,-4.526,-4.61,-4.843,-5.423,-5.102,-6.214,-4.836,-5.18,-5.744,-5.962,-5.086,-4.466,-5.295,-4.697,-4.632,-5.03,-4.717,-4.18,-4.444,-6.582,-6.639,-5.558,-5.525,-5.643,-5.962,-4.939,-4.5,-5.6,-5.511,-4.316,-4.288,-4.735,-5.101,-5.301,-3.816,-4.029,-4.145,-5.237,-5.702,-4.96,-3.91,-4.253
OptTAR_Fixed_ligprep_20260117_0.5.maegz:275,-5.802,-6.071,-4.014,-3.364,-4.64,-3.098,-4.017,-4.074,-4.184,-3.652,-4.712,-4.77,-5.888,-5.69,-5.146,-5.251,-5.244,-5.699,-5.186,-6.61,-4.946,-5.313,-4.869,-3.067,-4.728,-4.778,-5.765,-6.22,-6.268,-5.658,-5.033,-5.679,-6.039,-3.669,-4.79,-5.526,-5.538,-4.437,-4.486,-4.263,-5.327,-3.635,-3.587,-3.495,-3.503,-4.385,-4.715,-4.255,-4.466,-4.314
OptTAR_Fixed_ligprep_20260117_0.5.maegz:276,-5.76,-5.347,-4.581,-3.704,-4.214,-3.003,-5.228,-3.332,-4.119,-4.332,-5.046,-4.428,-6.298,-5.425,-4.453,-6.001,-5.517,-5.257,-5.794,-4.131,-5.264,-5.241,-4.701,-4.102,-4.589,-5.241,-4.78,-5.696,-5.882,-6.211,-4.792,-5.549,-6.296,-4.846,-5.793,-5.826,-5.932,-4.425,-4.204,-4.727,-4.919,-4.359,-5.98,-3.908,-4.312,-4.692,-4.311,-3.965,-4.179,-4.672
OptTAR_Fixed_ligprep_20260117_0.5.maegz:277,-6.314,-4.901,-4.609,-4.002,-5.137,-6.456,-5.189,-5.051,-5.276,-4.807,-5.862,-4.838,-4.865,-7.345,-5.807,-6.454,-6.574,-6.589,-5.482,-5.342,-5.724,-5.711,-5.153,-5.112,-5.365,-4.269,-4.852,-6.639,-6.431,-6.661,-5.827,-5.922,-6.293,-4.684,-5.409,-5.92,-5.941,-4.72,-4.925,-5.37,-5.391,-4.17,-4.492,-4.144,-4.18,-5.659,-6.103,-5.666,-4.736,-4.655
OptTAR_Fixed_ligprep_20260117_0.5.maegz:278,-5.237,-5.049,-4.092,-3.001,-5.088,-4.968,-4.048,-4.886,-4.988,-4.82,-5.626,-5.187,-6.433,-6.295,-4.736,-6.429,-6.199,-5.805,-5.104,-5.102,-5.349,-5.468,-5.223,-4.779,-5.738,-5.322,-4.915,-6.833,-7.022,-5.302,-5.929,-5.521,-6.479,-5.049,-5.153,-6.169,-6.39,-4.532,-4.935,-5.474,-4.67,-4.466,-3.918,-3.265,-4.616,-4.54,-6.338,-4.949,-4.445,-4.566
OptTAR_Fixed_ligprep_20260117_0.5.maegz:279,-5.997,-4.4,-3.795,-3.884,-5.571,-5.345,-5.496,-4.614,-4.676,-4.701,-5.523,-5.019,-4.947,-7.222,-5.466,-6.469,-5.784,-6.555,-4.549,-5.049,-5.189,-4.972,-5.072,-4.552,-5.169,-4.661,-5.73,-5.189,-7.027,-6.582,-5.418,-6.453,-6.907,-4.581,-4.625,-5.544,-6.091,-3.868,-4.862,-5.233,-4.576,-4.692,-6.206,-4.013,-5.176,-5.105,-5.44,-5.062,-5.124,-4.504
OptTAR_Fixed_ligprep_20260117_0.5.maegz:280,-6.736,-5.63,-5.922,-5.016,-6.341,-6.425,-6.324,-6.252,-6.304,-5.231,-6.47,-5.958,-6.894,-8.088,-6.327,-6.815,-8.36,-7.507,-5.148,-5.855,-6.679,-6.272,-5.429,-5.675,-5.394,-5.994,-5.251,-5.798,-7.921,-7.312,-6.13,-7.137,-6.489,-6.061,-5.27,-6.341,-6.759,-5.091,-4.606,-5.519,-6.966,-5.286,-5.749,-4.223,-5.19,-6.164,-5.748,-5.421,-4.982,-5.498
OptTAR_Fixed_ligprep_20260117_0.5.maegz:281,-5.666,-5.265,-3.738,-3.72,-5.096,-4.018,-4.755,-4.858,-4.956,-4.487,-5.814,-6.164,-5.757,-7.378,-5.215,-8.291,-5.965,-6.25,-6.079,-4.975,-5.173,-6.057,-5.288,-5.066,-5.618,-4.66,-4.923,-6.135,-5.893,-6.837,-6.835,-6.655,-7.018,-5.007,-4.838,-6.161,-5.69,-4.586,-4.762,-5.196,-4.971,-3.743,-3.879,-3.735,-4.062,-4.214,-4.891,-5.294,-4.522,-5.371
OptTAR_Fixed_ligprep_20260117_0.5.maegz:282,-6.248,-4.947,-4.339,-3.92,-4.989,-4.535,-3.869,-4.309,-5.009,-4.68,-5.053,-6.183,-4.511,-6.653,-5.419,-6.342,-6.279,-6.238,-5.29,-5.038,-4.894,-6.127,-4.984,-4.71,-4.56,-4.88,-5.42,-4.815,-6.249,-6.363,-5.784,-6.233,-4.747,-5.809,-4.507,-5.366,-6.05,-4.282,-4.571,-4.877,-4.846,-4.22,-3.865,-3.854,-4.776,-4.502,-5.446,-5.319,-4.488,-4.998
OptTAR_Fixed_ligprep_20260117_0.5.maegz:283,-6.995,-5.16,-6.482,-5.389,-6.084,-4.999,-5.302,-5.342,-6.1,-5.175,-5.725,-5.886,-6.667,-7.703,-6.043,-7.566,-7.523,-6.756,-5.454,-5.313,-5.464,-6.312,-5.284,-5.509,-5.431,-5.578,-4.482,-4.878,-6.982,-6.95,-7.502,-6.766,-7.754,-5.548,-5.06,-5.733,-6.77,-4.613,-4.964,-5.221,-5.835,-6.466,-4.768,-3.662,-4.294,-5.519,-6.327,-5.528,-5.442,-5.537
OptTAR_Fixed_ligprep_20260117_0.5.maegz:284,-5.36,-4.356,-4.383,-3.853,-6.384,-5.746,-5.006,-4.303,-5.038,-4.362,-4.373,-4.089,-5.178,-6.295,-4.998,-6.204,-6.409,-5.996,-4.204,-4.323,-4.467,-3.998,-3.967,-3.963,-4.059,-4.408,-3.947,-5.675,-7.105,-5.679,-5.638,-5.089,-5.912,-4.453,-4.654,-4.681,-4.682,-4.292,-3.527,-4.663,-5.656,-5.37,-3.998,-3.162,-5.098,-4.409,-4.607,-4.142,-4.098,-3.984
OptTAR_Fixed_ligprep_20260117_0.5.maegz:285,-7.107,-5.823,-4.82,-4.866,-5.535,-6.069,-5.201,-5.072,-5.651,-5.396,-6.389,-5.392,-5.869,-7.201,-5.707,-6.942,-6.258,-6.565,-7.32,-5.79,-5.827,-5.609,-5.125,-5.049,-6.336,-5.143,-4.72,-8.329,-7.452,-6.87,-7.0,-6.605,-6.742,-5.595,-5.559,-7.023,-6.844,-5.068,-5.253,-5.483,-5.936,-5.138,-4.503,-4.126,-4.407,-5.81,-6.471,-5.412,-5.648,-5.254
OptTAR_Fixed_ligprep_20260117_0.5.maegz:286,-6.506,-5.767,-5.729,-5.638,-7.174,-5.818,-6.349,-5.282,-5.231,-5.069,-6.456,-6.143,-6.259,-7.721,-6.683,-6.649,-6.965,-6.902,-5.43,-5.804,-4.938,-6.045,-5.258,-5.456,-5.653,-5.067,-4.947,-5.464,-8.584,-7.8,-6.638,-6.769,-7.683,-4.895,-5.34,-6.171,-6.462,-4.835,-5.301,-6.429,-6.004,-7.099,-5.387,-4.53,-4.403,-5.522,-6.733,-5.238,-5.661,-5.341
OptTAR_Fixed_ligprep_20260117_0.5.maegz:287,-5.982,-3.427,-5.7,-4.322,-5.385,-5.489,-5.199,-4.169,-5.107,-5.001,-4.699,-4.857,-4.934,-6.901,-5.032,-6.861,-6.552,-6.476,-4.285,-4.967,-5.11,-5.693,-4.404,-4.78,-5.404,-4.469,-4.69,-3.72,-5.98,-6.146,-5.648,-6.164,-4.903,-4.081,-4.879,-4.713,-5.193,-4.279,-6.204,-4.909,-6.841,-5.916,-4.848,-3.373,-4.539,-5.018,-4.806,-4.283,-4.797,-4.506
OptTAR_Fixed_ligprep_20260117_0.5.maegz:288,-5.433,-4.295,-4.081,-3.971,-5.587,-3.527,-3.636,-4.911,-5.139,-5.47,-4.872,-4.84,-6.34,-7.066,-5.623,-7.662,-6.54,-5.228,-4.866,-5.45,-5.807,-4.895,-5.089,-5.22,-5.525,-5.096,-5.61,-6.248,-8.411,-5.956,-5.869,-6.159,-5.568,-5.527,-4.527,-5.314,-6.127,-4.691,-4.815,-3.877,-4.371,-3.949,-4.305,-4.978,-4.08,-4.622,-5.241,-4.337,-4.629,-3.977
OptTAR_Fixed_ligprep_20260117_0.5.maegz:289,-3.805,-4.892,-4.383,-4.001,-4.985,-3.793,-4.016,-3.818,-4.44,-4.873,-4.373,-4.623,-5.261,-7.057,-5.599,-7.02,-6.048,-5.405,-4.763,-5.189,-4.067,-4.85,-4.288,-3.831,-6.837,-5.657,-4.461,-5.743,-7.57,-5.171,-5.936,-6.347,-7.312,-4.364,-5.809,-6.673,-5.49,-4.38,-4.419,-6.336,-4.232,-5.137,-3.901,-3.668,-4.306,-4.998,-5.843,-4.363,-3.809,-3.902
OptTAR_Fixed_ligprep_20260117_0.5.maegz:290,-6.025,-4.54,-4.972,-4.487,-5.466,-6.104,-5.114,-4.604,-4.845,-4.774,-5.843,-4.943,-7.061,-6.938,-5.273,-6.865,-6.249,-6.498,-5.177,-5.117,-5.295,-5.563,-4.434,-5.066,-4.943,-4.703,-4.841,-5.027,-6.459,-6.366,-5.593,-6.109,-6.285,-5.368,-4.864,-5.637,-6.129,-4.671,-5.706,-5.43,-5.449,-4.089,-4.819,-4.141,-4.887,-5.495,-4.904,-4.811,-4.91,-4.93
OptTAR_Fixed_ligprep_20260117_0.5.maegz:291,-5.96,-4.545,-4.707,-3.539,-4.713,-5.078,-4.409,-4.806,-4.654,-4.411,-5.65,-6.211,-5.601,-7.744,-4.586,-6.132,-6.288,-6.233,-5.135,-5.102,-6.145,-5.453,-4.664,-4.708,-4.483,-5.495,-5.299,-6.687,-6.816,-6.424,-4.583,-6.438,-4.358,-4.49,-5.281,-6.066,-5.423,-4.165,-4.909,-5.14,-5.617,-3.408,-4.129,-4.047,-3.844,-4.815,-5.783,-5.24,-4.366,-4.294
OptTAR_Fixed_ligprep_20260117_0.5.maegz:292,-6.882,-5.17,-4.856,-4.81,-6.599,-5.075,-5.02,-5.215,-5.097,-5.272,-5.793,-6.003,-6.792,-6.959,-6.44,-7.028,-6.444,-6.31,-5.628,-5.44,-5.796,-6.173,-5.334,-5.496,-5.554,-5.381,-4.98,-5.211,-8.495,-7.134,-6.283,-6.282,-6.968,-6.181,-5.479,-6.634,-6.813,-4.465,-5.325,-5.735,-5.047,-6.217,-4.977,-4.284,-4.546,-5.89,-6.435,-5.75,-5.279,-4.518
OptTAR_Fixed_ligprep_20260117_0.5.maegz:293,-6.774,-6.5,-5.267,-5.634,-5.782,-4.447,-5.664,-4.733,-4.917,-4.447,-5.995,-5.585,-6.861,-6.891,-5.518,-7.482,-6.729,-6.663,-5.787,-5.473,-5.939,-6.968,-5.034,-5.275,-6.044,-6.267,-5.104,-5.739,-8.437,-6.749,-6.531,-6.439,-7.28,-5.439,-5.591,-6.562,-6.658,-5.639,-5.095,-5.367,-7.103,-5.589,-4.841,-4.35,-4.67,-4.914,-6.571,-5.279,-5.152,-5.214
OptTAR_Fixed_ligprep_20260117_0.5.maegz:294,-6.742,-5.456,-4.567,-4.276,-3.893,-5.132,-4.22,-5.09,-4.581,-4.512,-5.336,-5.888,-6.43,-7.042,-4.968,-7.253,-5.661,-6.375,-4.96,-6.663,-5.765,-5.761,-5.237,-4.372,-4.779,-5.414,-4.689,-4.894,-7.17,-6.005,-5.489,-5.921,-7.408,-5.704,-5.814,-5.945,-6.252,-7.178,-4.383,-5.411,-6.708,-5.92,-5.841,-4.335,-5.326,-5.207,-5.8,-5.309,-5.062,-4.872
OptTAR_Fixed_ligprep_20260117_0.5.maegz:295,-6.659,-5.961,-4.638,-4.993,-5.577,-5.39,-5.119,-4.546,-5.337,-5.196,-5.473,-4.932,-5.323,-7.314,-5.713,-8.169,-6.771,-7.294,-6.411,-6.25,-6.193,-6.259,-4.698,-4.65,-6.209,-6.309,-4.915,-5.452,-7.664,-6.351,-5.416,-7.043,-6.81,-5.484,-5.607,-5.895,-6.308,-5.305,-4.641,-6.511,-6.028,-5.469,-4.972,-4.207,-6.194,-6.122,-5.463,-5.754,-5.078,-5.2
OptTAR_Fixed_ligprep_20260117_0.5.maegz:296,-5.861,-5.797,-5.223,-5.188,-5.934,-5.13,-4.94,-5.539,-5.993,-5.189,-5.661,-5.38,-6.941,-8.077,-6.197,-6.582,-6.102,-6.841,-6.944,-5.532,-6.999,-6.708,-5.097,-6.459,-6.208,-5.269,-5.23,-5.115,-8.586,-6.421,-6.631,-6.647,-7.024,-5.958,-5.661,-6.773,-6.404,-5.481,-5.062,-5.633,-6.449,-5.521,-5.193,-4.614,-6.177,-6.07,-6.087,-5.536,-5.13,-5.462
OptTAR_Fixed_ligprep_20260117_0.5.maegz:297,-6.799,-6.597,-4.313,-5.8,-4.325,-4.883,-5.019,-5.12,-4.699,-4.764,-5.273,-5.885,-6.451,-7.721,-5.664,-7.69,-7.74,-5.853,-7.979,-5.294,-6.737,-6.863,-4.734,-5.419,-6.002,-6.102,-4.611,-7.976,-7.839,-6.952,-6.048,-6.603,-7.549,-5.534,-5.357,-6.204,-6.806,-5.31,-4.104,-5.87,-7.326,-6.161,-5.236,-4.432,-5.377,-4.811,-5.154,-5.498,-5.428,-4.431
OptTAR_Fixed_ligprep_20260117_0.5.maegz:298,-7.083,-6.106,-4.736,-5.33,-7.017,-4.323,-5.244,-3.926,-5.302,-5.081,-5.029,-5.171,-6.655,-7.0,-6.139,-6.834,-7.973,-6.565,-6.21,-5.439,-5.821,-6.496,-4.567,-4.517,-6.452,-6.026,-4.74,-7.794,-7.598,-7.13,-6.192,-7.326,-6.913,-4.977,-5.998,-5.669,-6.492,-4.703,-5.061,-5.585,-4.759,-3.823,-4.228,-4.579,-4.855,-5.339,-5.444,-5.004,-5.568,-5.059
OptTAR_Fixed_ligprep_20260117_0.5.maegz:299,-6.422,-5.634,-3.692,-4.27,-5.644,-5.973,-5.352,-4.772,-5.229,-4.705,-5.962,-5.775,-6.169,-8.156,-4.505,-6.604,-7.189,-7.612,-5.331,-6.042,-5.98,-6.618,-4.513,-4.788,-5.197,-6.418,-5.454,-6.953,-7.255,-6.764,-4.153,-7.993,-6.724,-5.725,-6.492,-7.308,-6.637,-5.145,-5.433,-4.897,-5.769,-4.752,-4.821,-4.663,-4.855,-6.539,-5.147,-5.554,-5.419,-5.394
OptTAR_Fixed_ligprep_20260117_0.5.maegz:300,-5.596,-5.269,-5.037,-3.37,-5.691,-5.006,-5.065,-4.984,-5.728,-5.363,-4.775,-5.074,-7.138,-6.422,-5.802,-6.203,-6.999,-6.95,-5.171,-5.579,-6.282,-5.312,-4.478,-4.309,-5.739,-4.677,-4.596,-5.247,-7.336,-5.891,-5.255,-5.806,-7.072,-5.488,-5.338,-6.277,-4.709,-6.311,-4.956,-5.026,-5.322,-5.559,-4.746,-4.125,-5.415,-5.089,-5.544,-5.252,-5.443,-4.607
OptTAR_Fixed_ligprep_20260117_0.5.maegz:301,-5.113,-5.727,-4.227,-4.965,-4.911,-5.264,-5.588,-4.38,-4.756,-4.358,-4.389,-4.552,-6.038,-7.221,-5.381,-5.883,-5.886,-6.991,-4.281,-4.616,-4.829,-5.268,-4.359,-4.537,-5.424,-3.681,-4.093,-5.027,-6.821,-4.991,-6.104,-6.053,-6.269,-4.231,-4.619,-5.338,-5.165,-5.706,-5.161,-4.67,-6.058,-4.528,-3.797,-3.304,-5.719,-4.874,-4.695,-5.022,-4.511,-4.663
OptTAR_Fixed_ligprep_20260117_0.5.maegz:302,-3.51,-4.357,-0.9644,-2.939,-4.984,-4.684,-4.234,-2.468,-2.87,-4.784,-3.537,-4.354,-4.445,-5.489,-2.322,-5.236,-5.852,-6.255,-4.762,-4.45,-2.015,-2.242,-4.086,-1.871,-4.338,-4.328,-3.771,-5.62,-3.23,-3.14,-5.022,-3.203,-3.574,-3.511,-4.602,-2.709,-3.835,-1.287,-3.226,-4.053,-3.004,-3.642,-4.127,-1.899,-0.8952,-2.479,-4.193,-3.942,-2.152,-3.871
OptTAR_Fixed_ligprep_20260117_0.5.maegz:303,-4.041,-4.064,-4.003,-3.441,-3.568,-3.435,-4.096,-3.773,-3.29,-3.689,-3.864,-4.499,-4.068,-5.131,-3.653,-4.953,-5.367,-5.885,-3.85,-3.639,-3.346,-3.313,-3.911,-3.058,-3.981,-4.861,-3.068,-3.749,-4.757,-5.833,-3.89,-4.629,-6.063,-3.971,-3.163,-3.825,-4.55,-3.382,-4.294,-2.629,-5.486,-3.962,-2.993,-3.904,-3.849,-3.783,-4.82,-3.829,-2.694,-3.834
OptTAR_Fixed_ligprep_20260117_0.5.maegz:304,-2.003,-3.444,-3.909,-3.823,-4.484,-2.863,-2.926,-4.063,-4.218,-3.22,-3.625,-4.338,-2.496,-5.682,-3.203,-4.823,-5.912,-4.837,-4.355,-3.352,-3.566,-3.1,-2.374,-2.738,-3.881,-3.59,-2.864,-3.39,-4.696,-4.655,-4.574,-4.387,-3.917,-3.749,-3.254,-3.658,-3.349,-4.006,-1.899,-3.025,-3.473,-3.383,-3.479,-3.411,-3.122,-3.172,-4.362,-2.259,-2.606,-3.162
OptTAR_Fixed_ligprep_20260117_0.5.maegz:305,-5.136,-4.301,-2.122,-3.533,-5.313,-5.181,-4.447,-3.957,-4.085,-3.55,-4.142,-4.703,-5.158,-5.038,-1.997,-5.926,-5.567,-4.803,-3.284,-4.601,-3.943,-4.458,-1.519,-4.573,-3.652,-3.762,-3.395,-3.686,-4.675,-4.529,-4.601,-4.582,-4.439,-3.698,-3.667,-5.304,-5.534,-3.056,-4.174,-5.091,-3.767,-2.092,-2.807,-3.251,-3.159,-4.622,-3.581,-3.649,-4.828,-4.497
OptTAR_Fixed_ligprep_20260117_0.5.maegz:306,-4.965,-4.252,-3.987,-4.365,-4.898,-4.398,-4.314,-4.597,-4.373,-4.577,-2.858,-5.161,-4.798,-6.749,-5.455,-5.602,-7.715,-6.986,-4.226,-3.898,-5.306,-4.701,-3.916,-3.923,-4.677,-3.401,-3.787,-6.181,-6.564,-5.501,-4.777,-5.096,-4.958,-4.451,-5.063,-4.112,-5.158,-4.548,-4.445,-5.372,-4.961,-4.662,-3.563,-2.207,-4.038,-4.478,-5.178,-3.592,-4.498,-3.741
OptTAR_Fixed_ligprep_20260117_0.5.maegz:307,-4.917,-5.742,-5.263,-5.515,-5.847,-5.056,-5.431,-4.998,-5.053,-5.248,-4.872,-4.981,-5.776,-7.785,-5.557,-6.767,-7.545,-7.176,-5.884,-5.074,-7.017,-6.205,-5.166,-4.567,-5.387,-6.888,-4.302,-4.358,-6.893,-6.084,-5.597,-6.502,-6.929,-5.225,-5.54,-5.796,-5.904,-6.004,-4.759,-6.731,-7.831,-6.376,-5.206,-4.381,-4.761,-5.894,-5.725,-4.373,-4.95,-5.318
OptTAR_Fixed_ligprep_20260117_0.5.maegz:308,-5.85,-5.831,-4.289,-5.572,-4.895,-4.809,-4.821,-4.535,-5.109,-4.628,-4.965,-5.911,-6.104,-6.201,-6.051,-6.554,-6.449,-6.181,-6.634,-5.069,-5.643,-6.096,-5.115,-4.467,-5.773,-5.85,-6.295,-4.58,-7.77,-5.259,-5.928,-5.771,-6.985,-5.655,-5.153,-5.548,-6.138,-4.425,-4.613,-5.289,-5.921,-4.465,-4.716,-5.652,-5.06,-4.622,-4.794,-5.845,-4.957,-5.385
OptTAR_Fixed_ligprep_20260117_0.5.maegz:309,-5.604,-5.858,-5.005,-4.061,-4.661,-5.823,-4.801,-4.478,-4.681,-4.784,-5.085,-5.059,-6.042,-5.723,-5.624,-5.572,-6.081,-6.432,-6.827,-6.624,-6.492,-4.757,-3.983,-5.186,-5.064,-6.309,-4.107,-6.771,-7.034,-5.081,-5.37,-5.391,-6.041,-5.002,-4.474,-6.521,-5.099,-4.657,-6.286,-4.551,-5.021,-6.068,-5.046,-5.807,-5.474,-4.068,-4.967,-4.694,-4.821,-4.642
OptTAR_Fixed_ligprep_20260117_0.5.maegz:310,-5.105,-5.198,-5.2,-4.75,-4.294,-4.678,-4.659,-5.228,-5.097,-3.949,-3.627,-4.606,-5.513,-5.813,-5.068,-5.57,-6.094,-6.742,-6.168,-4.57,-6.145,-5.085,-4.232,-3.431,-4.413,-5.483,-2.323,-5.075,-5.763,-6.778,-5.37,-5.706,-5.559,-5.21,-5.305,-4.123,-4.526,-3.788,-4.599,-4.427,-7.004,-3.029,-4.773,-2.422,-4.881,-4.854,-4.576,-3.491,-3.136,-4.106
OptTAR_Fixed_ligprep_20260117_0.5.maegz:311,-4.262,-4.484,-3.981,-4.656,-3.029,-4.321,-5.21,-4.951,-5.061,-4.418,-4.719,-4.937,-4.887,-6.009,-3.173,-6.761,-6.005,-6.538,-4.196,-6.664,-5.034,-4.219,-4.001,-2.58,-4.395,-4.766,-4.123,-4.804,-4.547,-5.815,-5.514,-5.598,-6.191,-3.93,-4.123,-5.305,-4.233,-4.801,-6.01,-4.116,-4.389,-5.2,-2.704,-3.951,-2.807,-5.895,-4.739,-5.473,-2.648,-2.867
OptTAR_Fixed_ligprep_20260117_0.5.maegz:312,-5.821,-4.326,-4.805,-3.576,-5.428,-4.133,-4.308,-4.747,-4.533,-4.105,-4.61,-4.774,-3.976,-6.608,-4.854,-4.835,-5.802,-4.568,-4.545,-4.995,-4.192,-5.172,-4.461,-4.436,-4.875,-4.326,-4.837,-5.655,-5.82,-5.893,-5.129,-6.883,-6.161,-3.726,-4.551,-6.548,-5.296,-4.439,-4.194,-4.336,-4.839,-3.727,-3.659,-4.22,-4.594,-4.985,-6.018,-3.928,-4.292,-4.429
OptTAR_Fixed_ligprep_20260117_0.5.maegz:313,-4.511,-6.055,-5.056,-3.428,-5.274,-4.505,-4.062,-4.554,-5.352,-4.756,-4.487,-5.163,-5.232,-6.368,-4.643,-5.21,-6.419,-6.198,-3.345,-6.432,-4.834,-5.058,-4.297,-4.365,-5.053,-4.543,-4.188,-6.872,-6.112,-6.482,-5.207,-5.263,-6.81,-5.696,-4.83,-4.385,-4.874,-2.178,-4.66,-5.516,-3.907,-3.445,-3.708,-4.03,-4.047,-3.975,-5.175,-4.114,-4.0,-3.763
OptTAR_Fixed_ligprep_20260117_0.5.maegz:314,-4.449,-4.748,-4.169,-3.926,-3.9,-4.251,-3.145,-3.218,-4.599,-3.959,-2.817,-4.045,-4.196,-8.201,-2.685,-5.277,-5.797,-5.841,-4.507,-5.145,-5.448,-4.639,-3.668,-3.163,-2.698,-4.194,-4.447,-3.369,-5.949,-2.704,-4.622,-4.307,-5.227,-1.553,-4.607,-2.95,-3.352,-3.95,-3.539,-3.383,-4.652,-4.012,-4.169,-3.06,-4.718,-5.21,-3.772,-1.717,-3.054,-3.958
OptTAR_Fixed_ligprep_20260117_0.5.maegz:315,-5.044,-5.23,-4.173,-5.227,-6.574,-4.826,-4.672,-4.596,-5.8,-5.769,-4.463,-5.396,-5.904,-6.554,-5.987,-7.339,-7.472,-7.396,-5.062,-5.771,-6.4,-5.363,-4.899,-4.795,-5.315,-4.839,-6.988,-5.864,-6.215,-6.829,-5.442,-5.565,-4.735,-5.341,-4.797,-5.367,-5.267,-6.332,-5.223,-4.921,-6.926,-5.719,-4.711,-4.388,-5.458,-4.955,-5.349,-4.526,-5.013,-5.03
OptTAR_Fixed_ligprep_20260117_0.5.maegz:316,-5.584,-4.308,-6.008,-5.21,-5.614,-4.405,-4.427,-5.227,-5.292,-4.93,-4.783,-3.893,-5.811,-7.826,-4.889,-5.829,-6.85,-6.388,-4.871,-4.717,-4.379,-3.131,-4.816,-4.5,-3.905,-5.006,-4.418,-5.929,-5.438,-5.102,-6.054,-6.165,-6.119,-4.781,-4.647,-5.5,-5.167,-4.847,-4.266,-4.452,-4.503,-5.469,-3.751,-4.501,-5.064,-5.871,-5.839,-3.695,-4.283,-3.804
OptTAR_Fixed_ligprep_20260117_0.5.maegz:317,-3.108,-4.503,-4.276,-3.801,-5.607,-4.006,-5.482,-3.398,-4.442,-4.533,-4.568,-5.364,-3.208,-7.249,-4.933,-3.645,-7.684,-6.419,-3.077,-5.47,-3.754,-6.414,-1.826,-4.683,-4.767,-5.074,-3.265,-4.944,-6.574,-6.53,-4.956,-4.8,-4.799,-5.832,-4.441,-5.139,-6.123,-4.306,-3.376,-4.791,-4.629,-1.084,-4.067,-1.221,-2.925,-2.709,-5.327,-5.307,-3.155,-4.396
OptTAR_Fixed_ligprep_20260117_0.5.maegz:318,-2.827,-4.245,-4.486,-3.809,-4.27,-3.033,-2.814,-2.88,-2.573,-1.87,-3.903,-4.407,-5.087,-4.849,-4.705,-6.172,-7.993,-6.436,-5.326,-4.119,-4.173,-3.776,-5.515,-4.124,-4.361,-4.708,-3.465,-5.195,-5.538,-5.853,-3.981,-3.626,-4.754,-2.546,-4.461,-4.878,-5.339,-3.811,-2.429,-2.658,-3.913,-3.553,-3.959,-5.144,-4.787,-5.602,-5.069,-4.173,-4.09,-4.979
OptTAR_Fixed_ligprep_20260117_0.5.maegz:319,-6.178,-6.713,-5.286,-5.821,-5.657,-5.345,-6.111,-4.702,-5.617,-5.489,-5.145,-5.224,-7.069,-7.086,-5.911,-6.605,-6.379,-6.587,-5.706,-5.904,-6.591,-6.715,-5.568,-5.456,-6.035,-6.796,-4.758,-7.028,-7.217,-7.051,-6.196,-5.38,-7.154,-6.017,-5.747,-6.338,-5.918,-6.608,-6.239,-7.1,-5.772,-5.644,-4.342,-3.809,-5.836,-5.759,-5.735,-5.548,-5.885,-5.303
OptTAR_Fixed_ligprep_20260117_0.5.maegz:320,-6.151,-5.971,-5.729,-5.642,-5.982,-6.056,-5.411,-5.282,-5.334,-5.734,-5.801,-5.634,-7.287,-7.001,-4.403,-7.101,-7.299,-7.078,-5.467,-6.3,-5.864,-6.139,-4.739,-5.341,-5.752,-7.314,-6.805,-8.25,-7.075,-6.961,-4.264,-7.182,-7.01,-5.15,-5.892,-6.086,-6.215,-5.039,-6.154,-6.89,-6.726,-5.892,-4.107,-5.569,-4.937,-5.449,-5.723,-5.886,-5.611,-4.932
OptTAR_Fixed_ligprep_20260117_0.5.maegz:321,-5.071,-5.796,-5.216,-4.455,-5.382,-4.541,-4.654,-4.754,-4.831,-4.369,-4.812,-4.709,-6.537,-5.967,-5.384,-6.134,-6.306,-6.987,-4.821,-6.026,-5.852,-5.733,-4.506,-5.446,-5.543,-4.784,-3.894,-5.079,-5.673,-6.009,-5.337,-5.502,-6.456,-5.667,-4.451,-5.532,-5.247,-4.731,-3.792,-5.007,-5.282,-4.735,-4.86,-3.994,-4.764,-5.015,-4.918,-5.316,-4.359,-5.277
OptTAR_Fixed_ligprep_20260117_0.5.maegz:322,-5.438,-4.925,-3.479,-4.79,-4.73,-5.05,-5.654,-4.83,-5.495,-4.326,-5.111,-3.8,-6.159,-6.415,-5.972,-6.051,-6.357,-7.272,-5.153,-4.922,-5.454,-5.683,-4.271,-4.227,-5.157,-5.898,-5.018,-6.481,-5.791,-5.978,-5.422,-6.489,-6.257,-4.679,-4.945,-5.589,-5.449,-4.567,-4.3,-4.966,-5.282,-5.764,-4.894,-5.235,-4.913,-5.13,-5.737,-4.757,-4.179,-4.412
OptTAR_Fixed_ligprep_20260117_0.5.maegz:323,-5.83,-6.009,-6.633,-4.911,-5.966,-5.773,-5.468,-5.681,-5.033,-5.434,-5.499,-4.789,-7.186,-7.228,-5.362,-6.97,-6.039,-6.767,-5.533,-6.122,-5.635,-6.073,-4.936,-4.898,-4.985,-8.298,-4.507,-7.853,-7.126,-6.296,-5.676,-6.838,-6.495,-6.657,-5.393,-5.595,-6.436,-5.453,-4.811,-6.684,-6.062,-5.484,-4.314,-3.889,-6.256,-6.116,-5.466,-6.471,-5.535,-5.345
OptTAR_Fixed_ligprep_20260117_0.5.maegz:324,-5.908,-6.03,-5.866,-5.781,-5.743,-5.664,-6.365,-5.206,-5.81,-5.063,-5.342,-5.44,-7.582,-7.031,-6.283,-7.281,-7.548,-6.84,-5.838,-6.067,-5.412,-6.323,-4.715,-5.359,-5.624,-5.924,-5.225,-7.157,-6.532,-5.029,-4.814,-7.702,-6.572,-5.143,-6.056,-5.698,-6.07,-6.606,-5.877,-6.586,-7.117,-5.678,-5.845,-5.428,-5.259,-4.916,-5.213,-5.801,-5.618,-5.049
OptTAR_Fixed_ligprep_20260117_0.5.maegz:325,-5.66,-5.332,-5.032,-5.02,-5.41,-4.122,-3.822,-4.664,-5.007,-4.89,-4.628,-3.28,-6.326,-6.3,-4.827,-6.456,-7.331,-6.677,-4.055,-5.386,-5.351,-5.615,-4.076,-4.711,-4.183,-5.52,-5.311,-6.566,-6.685,-5.935,-5.295,-7.45,-6.095,-5.037,-5.506,-4.66,-5.129,-6.254,-4.521,-4.928,-6.133,-6.044,-3.468,-4.422,-4.82,-4.402,-5.007,-3.584,-4.876,-4.219
OptTAR_Fixed_ligprep_20260117_0.5.maegz:326,-6.577,-5.708,-5.349,-5.955,-5.697,-5.379,-4.53,-5.921,-5.554,-6.188,-4.65,-5.502,-5.917,-7.628,-5.077,-7.866,-6.956,-7.399,-5.894,-5.793,-6.1,-6.118,-4.645,-5.369,-5.359,-7.019,-4.56,-7.415,-7.193,-3.755,-5.656,-6.65,-7.303,-5.244,-5.261,-4.938,-5.241,-6.508,-5.956,-6.878,-5.266,-5.765,-5.202,-4.453,-6.178,-6.051,-5.127,-5.958,-5.048,-5.131
OptTAR_Fixed_ligprep_20260117_0.5.maegz:327,-5.288,-4.099,-4.841,-4.608,-4.927,-4.905,-4.344,-4.833,-4.93,-4.393,-5.689,-5.574,-6.575,-7.145,-5.341,-6.837,-6.462,-6.619,-5.462,-4.97,-4.848,-5.171,-4.335,-4.851,-5.057,-4.885,-4.408,-4.785,-6.72,-6.397,-6.277,-6.079,-6.316,-5.334,-4.711,-5.738,-6.06,-4.826,-4.635,-4.554,-6.197,-5.088,-3.725,-3.426,-4.228,-5.699,-5.86,-4.569,-5.185,-4.941
OptTAR_Fixed_ligprep_20260117_0.5.maegz:328,-5.646,-5.292,-5.441,-5.006,-5.063,-4.357,-5.079,-4.864,-5.886,-5.149,-4.839,-5.222,-6.551,-7.335,-5.295,-6.686,-6.273,-6.404,-4.388,-5.255,-4.868,-6.613,-4.664,-4.232,-4.95,-4.593,-4.607,-5.626,-6.408,-6.086,-5.58,-5.772,-6.03,-5.361,-5.164,-5.597,-5.984,-3.802,-5.004,-5.892,-5.238,-5.364,-5.454,-3.992,-4.88,-4.735,-5.39,-4.346,-4.357,-5.086
OptTAR_Fixed_ligprep_20260117_0.5.maegz:329,-5.385,-5.976,-4.915,-4.495,-5.664,-4.557,-4.719,-4.554,-4.932,-4.506,-5.431,-5.45,-6.606,-7.523,-5.543,-7.263,-6.096,-6.619,-4.795,-5.055,-5.271,-5.426,-4.681,-4.473,-4.896,-4.491,-4.346,-4.461,-7.538,-6.234,-6.129,-5.808,-7.039,-5.369,-5.005,-5.418,-6.196,-5.827,-4.169,-5.722,-5.554,-5.365,-3.758,-4.23,-4.452,-5.656,-5.297,-4.343,-4.622,-4.667
OptTAR_Fixed_ligprep_20260117_0.5.maegz:330,-5.508,-4.349,-5.71,-5.298,-5.373,-4.933,-5.331,-4.744,-5.247,-4.826,-4.589,-5.054,-5.247,-7.009,-4.861,-7.051,-6.974,-6.762,-5.298,-4.814,-4.921,-4.673,-3.985,-5.226,-4.476,-4.544,-4.17,-6.12,-6.448,-6.273,-5.433,-6.638,-5.948,-4.225,-4.615,-5.031,-5.007,-5.333,-5.724,-5.889,-6.464,-6.077,-5.015,-3.613,-5.461,-5.031,-4.831,-4.545,-5.219,-5.1
OptTAR_Fixed_ligprep_20260117_0.5.maegz:331,-4.947,-6.657,-4.204,-3.8,-5.611,-4.4,-3.446,-4.934,-2.644,-4.618,-4.482,-5.232,-7.097,-7.847,-5.956,-7.792,-6.711,-7.409,-5.637,-3.271,-5.073,-5.361,-4.49,-4.998,-4.256,-4.17,-4.231,-4.033,-6.816,-5.823,-5.414,-5.868,-6.248,-3.987,-5.165,-5.748,-4.916,-5.013,-5.436,-5.221,-6.642,-4.721,-4.044,-3.198,-4.33,-4.43,-4.863,-5.224,-4.449,-4.255
OptTAR_Fixed_ligprep_20260117_0.5.maegz:332,-6.817,-4.499,-2.874,-5.207,-5.481,-4.061,-2.953,-4.587,-4.311,-5.213,-4.683,-4.7,-6.088,-6.118,-5.292,-6.164,-6.484,-7.83,-3.804,-4.612,-4.194,-5.815,-3.954,-4.149,-5.291,-4.621,-6.312,-6.507,-6.088,-6.541,-5.021,-6.354,-4.828,-4.305,-4.626,-6.053,-5.06,-4.94,-5.018,-3.474,-3.364,-4.511,-4.434,-2.711,-6.236,-4.915,-5.514,-5.343,-5.086,-5.143
OptTAR_Fixed_ligprep_20260117_0.5.maegz:333,-7.524,-4.925,-3.099,-5.703,-5.554,-3.234,-5.14,-4.685,-3.858,-4.823,-4.352,-6.166,-5.859,-7.113,-5.016,-6.483,-7.698,-8.154,-6.423,-4.784,-5.646,-4.852,-4.409,-3.168,-5.331,-5.103,-2.341,-8.121,-6.362,-6.882,-6.266,-4.451,-6.805,-2.782,-5.651,-6.797,-3.365,-5.066,-1.878,-3.531,-6.149,-2.484,-2.09,-1.067,-3.538,-4.193,-6.312,-4.956,-3.827,-4.24
OptTAR_Fixed_ligprep_20260117_0.5.maegz:334,-5.458,-4.904,-4.287,-4.919,-2.533,-6.245,-4.518,-4.75,-1.706,-4.829,-4.563,-5.567,-3.676,-6.987,-3.05,-5.7,-6.174,-4.741,-3.33,-3.997,-5.881,-4.856,-2.272,-4.057,-2.419,-3.255,-5.981,-4.417,-3.299,-5.561,-2.587,-6.041,-7.107,-5.574,-5.297,-3.63,-3.862,-3.068,-2.555,-5.217,-6.192,-4.635,-1.577,-3.823,-2.113,-5.116,-6.691,-2.854,-3.496,-3.828
OptTAR_Fixed_ligprep_20260117_0.5.maegz:335,-4.569,-4.591,-5.231,-5.806,-4.262,-6.394,-2.566,-3.829,-4.113,-4.594,-4.476,-3.672,-5.317,-7.252,-5.828,-6.987,-5.544,-7.979,-5.043,-5.637,-5.472,-5.361,-4.803,-4.27,-4.841,-5.411,-5.002,-6.54,-6.524,-6.546,-4.044,-4.37,-7.35,-5.209,-4.403,-5.859,-4.906,-5.804,-3.822,-3.791,-6.831,-4.375,-3.497,-3.924,-4.41,-4.698,-6.095,-4.142,-4.164,-3.748
OptTAR_Fixed_ligprep_20260117_0.5.maegz:336,-5.133,-4.765,-5.302,-4.929,-4.751,-6.261,-4.448,-4.952,-1.614,-3.694,-2.449,-4.755,-4.932,-6.267,-5.812,-7.186,-6.382,-4.803,-6.632,-5.043,-4.203,-4.813,-3.694,-5.128,-4.692,-4.083,-4.878,-7.249,-3.908,-4.563,-5.537,-4.214,-5.752,-4.263,-4.307,-3.166,-4.551,-4.215,-4.711,-5.383,-6.34,-2.776,-1.234,-3.332,-4.157,-3.386,-5.933,-4.298,-4.815,-3.282
OptTAR_Fixed_ligprep_20260117_0.5.maegz:337,-4.558,-5.826,-5.239,-5.654,-5.146,-5.18,-5.222,-4.292,-5.839,-5.312,-5.033,-4.916,-6.661,-7.125,-3.861,-6.498,-6.529,-6.491,-6.892,-4.51,-4.203,-5.496,-4.957,-4.376,-4.486,-5.014,-4.81,-4.469,-6.21,-5.316,-3.847,-6.14,-5.413,-3.63,-4.579,-3.1,-3.094,-5.045,-4.368,-4.042,-4.057,-5.293,-3.984,-4.118,-4.589,-6.313,-5.996,-5.302,-4.269,-4.022
OptTAR_Fixed_ligprep_20260117_0.5.maegz:338,-4.036,-4.0,-3.933,-4.722,-6.386,-5.08,-3.4,-4.45,-4.472,-4.819,-3.504,-3.563,-4.692,-6.49,-4.952,-6.887,-5.55,-5.234,-4.015,-4.981,-3.23,-5.174,-3.128,-3.955,-4.142,-3.539,-3.709,-4.165,-6.97,-6.33,-6.011,-5.624,-6.112,-4.19,-4.584,-4.485,-4.64,-5.468,-4.115,-4.43,-4.123,-4.718,-4.032,-3.93,-2.781,-6.597,-5.178,-2.65,-3.509,-3.94
OptTAR_Fixed_ligprep_20260117_0.5.maegz:339,-5.672,-6.215,-5.329,-6.271,-4.703,-6.12,-5.598,-4.272,-5.198,-5.156,-5.07,-5.77,-6.353,-6.264,-5.555,-7.714,-7.383,-6.682,-5.722,-6.174,-6.706,-7.29,-4.569,-5.017,-6.066,-6.598,-4.746,-5.601,-7.247,-6.079,-6.367,-7.785,-8.15,-5.174,-4.689,-6.022,-5.886,-6.083,-4.919,-6.327,-5.872,-5.961,-4.265,-4.491,-4.374,-5.263,-4.821,-4.977,-4.468,-4.372
OptTAR_Fixed_ligprep_20260117_0.5.maegz:340,-5.741,-5.615,-5.152,-5.565,-5.416,-5.547,-4.784,-5.576,-5.036,-5.094,-5.504,-4.242,-6.092,-8.117,-6.358,-8.149,-6.676,-6.788,-5.171,-6.065,-5.713,-6.809,-5.321,-5.083,-5.363,-4.798,-5.086,-6.637,-7.365,-6.962,-6.541,-6.342,-8.133,-5.358,-4.809,-6.279,-6.732,-4.389,-5.076,-4.878,-4.892,-5.352,-5.272,-6.498,-6.277,-5.85,-6.003,-5.044,-5.249,-5.277
OptTAR_Fixed_ligprep_20260117_0.5.maegz:341,-6.128,-5.924,-5.58,-5.548,-5.511,-6.298,-4.923,-4.924,-5.601,-5.086,-5.337,-5.846,-7.066,-7.531,-5.654,-6.853,-6.935,-7.015,-6.351,-4.98,-5.932,-5.763,-4.656,-4.998,-5.564,-7.037,-4.307,-7.115,-8.123,-5.644,-6.08,-6.689,-7.2,-5.879,-5.69,-6.606,-6.146,-6.173,-4.421,-6.585,-6.497,-4.759,-5.898,-5.096,-5.063,-5.233,-5.653,-5.232,-5.122,-4.737
OptTAR_Fixed_ligprep_20260117_0.5.maegz:342,-5.331,-3.956,-5.621,-5.367,-6.0,-5.248,-5.658,-4.655,-4.694,-4.795,-4.642,-4.985,-5.984,-6.96,-5.32,-6.177,-7.609,-6.799,-5.016,-4.855,-5.404,-5.607,-4.476,-5.008,-4.915,-4.398,-3.908,-7.401,-7.539,-6.146,-5.982,-6.352,-6.604,-5.594,-4.617,-5.333,-4.967,-5.878,-5.419,-5.797,-7.224,-5.408,-4.932,-4.002,-5.391,-5.268,-4.956,-4.386,-4.171,-3.976
OptTAR_Fixed_ligprep_20260117_0.5.maegz:343,-5.857,-5.268,-4.742,-5.392,-5.549,-5.471,-5.863,-5.032,-5.071,-4.756,-4.236,-4.995,-6.502,-7.14,-5.508,-6.558,-7.763,-7.368,-4.953,-4.971,-5.48,-5.268,-4.476,-5.113,-4.495,-5.007,-4.72,-7.996,-5.708,-6.076,-6.401,-6.733,-6.628,-4.533,-5.186,-5.054,-4.995,-5.227,-5.567,-6.017,-6.748,-5.587,-4.833,-4.445,-5.87,-4.793,-4.965,-4.229,-4.402,-4.425
OptTAR_Fixed_ligprep_20260117_0.5.maegz:344,-5.635,-5.764,-3.727,-4.531,-5.103,-6.199,-5.091,-4.86,-4.977,-4.153,-5.155,-4.362,-6.118,-7.309,-4.686,-6.478,-6.348,-6.929,-5.464,-5.221,-4.835,-5.316,-5.114,-4.829,-5.038,-4.377,-4.211,-7.302,-6.949,-7.116,-5.305,-6.162,-7.076,-4.976,-4.575,-6.33,-5.259,-5.188,-4.359,-5.042,-6.577,-5.582,-4.911,-5.312,-3.976,-4.876,-5.705,-4.781,-4.194,-4.285
OptTAR_Fixed_ligprep_20260117_0.5.maegz:345,-6.513,-6.488,-6.101,-6.291,-6.433,-6.598,-7.245,-5.245,-5.958,-5.594,-6.01,-6.173,-6.626,-8.705,-5.776,-7.73,-8.411,-7.448,-7.213,-5.293,-6.344,-6.298,-5.111,-5.815,-5.793,-5.109,-5.714,-8.621,-8.096,-8.151,-7.551,-8.76,-7.723,-6.667,-5.717,-6.393,-6.341,-5.983,-5.483,-7.499,-6.704,-6.506,-5.735,-5.658,-5.406,-6.885,-6.585,-6.624,-5.345,-5.596
OptTAR_Fixed_ligprep_20260117_0.5.maegz:346,-7.454,-5.812,-5.287,-5.803,-5.765,-6.042,-5.833,-4.628,-5.276,-5.971,-5.458,-3.927,-7.485,-7.721,-6.645,-6.755,-7.036,-6.713,-5.847,-5.904,-5.753,-6.042,-4.287,-5.247,-6.144,-6.783,-4.2,-6.933,-7.235,-6.276,-5.794,-5.902,-6.932,-6.781,-5.546,-5.541,-5.234,-6.437,-6.578,-7.062,-6.699,-6.122,-6.153,-3.898,-6.416,-6.14,-5.401,-4.458,-5.183,-5.167
OptTAR_Fixed_ligprep_20260117_0.5.maegz:347,-5.467,-6.508,-5.206,-4.622,-5.653,-5.33,-4.543,-5.358,-5.589,-5.84,-4.135,-6.092,-7.626,-7.853,-5.597,-7.343,-7.167,-6.544,-5.035,-4.604,-6.902,-5.809,-4.364,-5.114,-5.127,-5.019,-4.982,-7.298,-7.517,-5.878,-6.562,-6.479,-7.765,-5.504,-5.658,-5.464,-5.751,-5.331,-6.055,-6.206,-6.516,-6.315,-4.54,-4.232,-6.236,-5.229,-5.462,-5.034,-5.036,-4.976
OptTAR_Fixed_ligprep_20260117_0.5.maegz:348,-5.455,-4.777,-4.587,-4.454,-5.469,-5.932,-5.075,-4.468,-4.628,-4.664,-4.637,-5.395,-6.579,-6.773,-5.393,-6.863,-6.751,-6.511,-5.607,-4.858,-5.382,-5.293,-4.39,-4.5,-4.881,-4.76,-4.168,-7.26,-5.445,-6.355,-5.957,-5.573,-6.256,-4.926,-4.862,-4.905,-5.196,-5.322,-3.705,-5.785,-5.978,-5.185,-3.779,-3.745,-4.063,-4.903,-5.59,-4.881,-4.16,-4.6
OptTAR_Fixed_ligprep_20260117_0.5.maegz:349,-4.872,-5.716,-4.361,-5.434,-5.645,-5.277,-5.392,-4.771,-5.258,-4.6,-4.421,-4.964,-6.329,-6.965,-5.366,-6.063,-6.776,-5.929,-5.785,-5.408,-5.995,-5.015,-3.927,-4.46,-5.156,-4.91,-4.136,-7.104,-5.727,-6.525,-5.511,-5.719,-6.361,-4.46,-4.914,-5.431,-4.733,-4.975,-5.634,-6.066,-7.403,-5.97,-4.871,-3.767,-4.558,-5.214,-5.072,-4.65,-4.827,-5.013
OptTAR_Fixed_ligprep_20260117_0.5.maegz:350,-5.062,-5.797,-5.238,-5.327,-5.466,-5.407,-4.621,-5.326,-5.162,-4.852,-4.268,-4.974,-6.068,-7.105,-6.085,-6.295,-6.551,-5.855,-6.39,-5.598,-6.289,-5.322,-3.881,-5.049,-5.492,-5.044,-3.979,-7.437,-6.098,-6.403,-5.357,-5.892,-6.141,-4.426,-4.91,-5.697,-4.981,-5.122,-4.808,-5.66,-6.93,-6.074,-4.002,-3.962,-5.422,-4.717,-5.28,-4.493,-4.072,-5.494
OptTAR_Fixed_ligprep_20260117_0.5.maegz:351,-3.603,-3.426,-2.724,-2.704,-3.499,-3.987,-3.985,-4.29,-3.763,-3.581,-2.81,-3.781,-5.216,-5.971,-3.728,-4.875,-4.852,-3.22,-4.01,-4.311,-4.498,-4.546,-3.663,-2.954,-4.189,-3.887,-3.307,-3.54,-3.747,-4.14,-4.603,-5.256,-4.929,-4.166,-3.586,-3.802,-3.719,-4.217,-3.385,-3.653,-4.241,-4.225,-3.819,-2.822,-2.938,-3.993,-4.099,-3.716,-3.156,-2.462
OptTAR_Fixed_ligprep_20260117_0.5.maegz:352,-5.115,-3.999,-4.023,-4.969,-4.556,-4.553,-4.863,-4.362,-4.378,-4.287,-5.395,-4.493,-5.839,-6.68,-4.32,-6.264,-6.373,-6.156,-3.15,-3.767,-4.14,-3.861,-2.894,-3.914,-3.495,-3.461,-3.261,-5.607,-4.504,-5.076,-4.234,-5.927,-3.842,-3.579,-2.201,-4.699,-4.027,-4.616,-3.392,-4.462,-2.183,-4.13,-4.372,-3.149,-3.346,-4.163,-4.454,-3.288,-3.387,-2.413
OptTAR_Fixed_ligprep_20260117_0.5.maegz:353,-3.864,-2.444,-4.166,-3.827,-3.956,-3.731,-4.935,-3.701,-2.747,-3.819,-3.173,-3.868,-5.094,-5.694,-4.051,-5.0,-3.991,-6.69,-3.052,-4.037,-3.963,-3.595,-3.04,-3.992,-2.562,-3.121,-2.713,-6.099,-5.135,-3.754,-2.376,-4.594,-4.631,-3.902,-3.427,-3.824,-4.893,-3.974,-3.541,-2.289,-5.058,-3.368,-3.411,-3.088,-3.157,-3.979,-4.615,-3.324,-2.944,-2.262
OptTAR_Fixed_ligprep_20260117_0.5.maegz:354,-3.536,-3.491,-4.001,-3.914,-3.671,-2.937,-3.178,-3.485,-3.226,-3.567,-2.236,-3.781,-5.543,-5.624,-2.963,-5.131,-5.242,-5.875,-1.711,-3.262,-3.585,-3.523,-2.032,-3.424,-2.993,-3.362,-2.51,-3.315,-4.026,-3.312,-4.105,-2.36,-2.89,-3.387,-3.647,-3.772,-4.25,-4.211,-2.401,-2.821,-3.559,-5.257,-3.568,-3.672,-3.675,-4.538,-3.913,-3.646,-2.787,-2.83
OptTAR_Fixed_ligprep_20260117_0.5.maegz:355,-2.22,-3.272,-3.186,-1.759,-4.744,-1.608,-2.267,-3.848,-2.219,-3.136,-4.258,-4.245,-4.19,-5.164,-1.691,-5.663,-5.333,-5.606,-3.46,-4.67,-4.196,-3.44,-0.4731,-0.9855,-1.928,-1.981,-3.378,-3.68,-3.912,-3.021,-3.599,-5.784,-4.687,-2.945,-3.048,-3.128,-4.005,-3.206,-4.138,-1.052,-3.434,-3.443,-2.553,-0.7732,-3.249,-3.627,-4.14,-3.05,-0.8502,-0.396
OptTAR_Fixed_ligprep_20260117_0.5.maegz:356,-3.149,-2.84,-3.841,-1.889,-2.483,-3.264,-1.997,-3.328,-3.855,-3.255,-0.5197,-2.342,-4.377,-4.522,-1.302,-5.429,-2.892,-5.369,-2.542,-2.763,-2.875,-3.475,-0.5219,-3.396,-3.377,-1.977,-2.913,-1.267,-3.647,-3.556,-2.53,-6.155,-5.53,-1.936,-3.885,-1.517,-3.807,-2.253,-1.779,-2.867,-3.416,-3.343,-1.154,-3.656,-2.846,-4.606,-3.246,-0.3493,-2.163,-2.914
OptTAR_Fixed_ligprep_20260117_0.5.maegz:357,-2.441,-3.748,-3.79,-1.605,-3.483,-3.84,-1.69,-3.902,-4.18,-3.649,-3.955,-3.119,-4.676,-6.711,-1.858,-3.545,-4.914,-5.363,-3.38,-3.758,-3.671,-3.21,-3.022,-0.802,-3.91,-3.326,-3.226,-5.428,-4.104,-3.032,-4.391,-5.534,-1.976,-3.12,-3.868,-3.436,-3.632,-1.832,-3.717,-2.995,-2.258,-2.909,-2.748,-0.5913,-0.5641,-4.045,-3.345,-3.126,-1.213,-0.2461
OptTAR_Fixed_ligprep_20260117_0.5.maegz:358,-3.133,-3.847,-3.967,-3.528,-4.514,-3.059,-3.258,-2.807,-4.157,-3.367,-2.68,-3.508,-3.71,-4.586,-3.422,-3.777,-4.85,-3.684,-4.024,-2.978,-3.148,-4.005,-2.4,-2.681,-4.242,-2.552,-3.036,-2.591,-4.107,-3.45,-3.797,-3.286,-3.167,-3.234,-3.234,-2.777,-3.678,-3.672,-3.381,-2.565,-3.278,-3.401,-2.508,-3.299,-2.604,-4.205,-3.453,-2.945,-3.047,-2.547
OptTAR_Fixed_ligprep_20260117_0.5.maegz:359,-3.572,-2.935,-4.199,-4.016,-4.799,-4.752,-2.891,-3.475,-2.222,-3.854,-3.192,-3.356,-3.367,-5.503,-3.445,-5.587,-5.923,-5.125,-3.104,-3.948,-4.0,-3.317,-3.585,-3.425,-3.192,-2.883,-2.56,-3.319,-3.865,-4.697,-4.9,-3.921,-3.42,-3.727,-2.422,-3.62,-3.134,-2.981,-3.201,-3.401,-4.758,-4.133,-2.479,-3.003,-2.323,-4.081,-4.191,-3.584,-2.707,-3.722
OptTAR_Fixed_ligprep_20260117_0.5.maegz:360,-3.651,-4.892,-3.116,-3.144,-3.216,-3.67,-3.023,-3.468,-3.723,-2.732,-2.937,-3.658,-4.425,-6.228,-4.04,-5.172,-5.759,-5.308,-4.23,-3.987,-4.062,-4.21,-3.099,-3.316,-4.499,-3.813,-3.221,-4.615,-5.271,-3.298,-4.829,-3.713,-5.163,-3.904,-3.853,-4.756,-3.791,-2.685,-2.934,-3.717,-5.343,-4.293,-2.724,-2.228,-3.41,-2.113,-4.249,-2.938,-3.464,-2.557
OptTAR_Fixed_ligprep_20260117_0.5.maegz:361,-4.655,-4.785,-3.686,-2.648,-2.569,-3.277,-3.843,-3.885,-4.427,-2.916,-2.583,-4.405,-5.149,-5.666,-4.648,-5.234,-5.48,-5.438,-3.715,-3.482,-3.667,-4.078,-3.563,-3.512,-4.02,-4.5,-3.993,-3.486,-4.174,-3.449,-4.598,-3.325,-5.312,-4.766,-4.834,-4.296,-3.289,-4.385,-3.153,-3.418,-5.18,-4.655,-3.266,-2.747,-3.56,-4.555,-5.209,-3.185,-2.828,-3.105
OptTAR_Fixed_ligprep_20260117_0.5.maegz:362,-4.749,-4.981,-3.0,-3.682,-3.881,-3.312,-3.545,-3.952,-3.608,-3.805,-3.349,-4.802,-4.695,-6.097,-4.195,-5.041,-5.703,-5.318,-3.95,-3.399,-4.659,-4.472,-3.584,-4.209,-3.797,-4.184,-3.872,-3.1,-4.244,-3.371,-4.574,-4.753,-5.532,-4.321,-4.346,-3.434,-3.953,-4.543,-3.069,-3.771,-4.928,-4.123,-3.863,-4.148,-3.439,-4.315,-5.261,-3.791,-0.8743,-1.998
OptTAR_Fixed_ligprep_20260117_0.5.maegz:363,-4.936,-5.093,-4.195,-4.029,-5.719,-5.438,-4.862,-3.947,-4.823,-4.575,-4.845,-4.989,-5.615,-6.545,-3.647,-6.128,-6.691,-6.141,-4.199,-4.927,-5.357,-4.089,-3.2,-4.956,-4.765,-4.898,-3.334,-6.722,-6.027,-5.697,-5.807,-6.008,-4.694,-4.733,-3.33,-5.329,-5.304,-3.925,-5.173,-4.559,-3.981,-4.485,-4.21,-2.943,-4.79,-5.16,-4.324,-4.923,-4.114,-4.079
OptTAR_Fixed_ligprep_20260117_0.5.maegz:364,-6.257,-6.606,-5.462,-6.238,-6.421,-6.26,-7.169,-4.924,-5.34,-5.628,-5.738,-5.591,-6.643,-7.372,-5.215,-7.196,-7.22,-6.813,-5.774,-5.305,-5.284,-6.224,-5.502,-4.713,-5.747,-5.58,-4.746,-7.672,-7.926,-6.794,-6.59,-6.643,-6.637,-5.502,-4.959,-6.085,-6.534,-6.72,-5.466,-6.249,-6.165,-5.738,-6.069,-4.43,-5.703,-5.588,-5.676,-5.786,-5.466,-6.18
OptTAR_Fixed_ligprep_20260117_0.5.maegz:365,-5.087,-3.737,-4.594,-5.107,-5.476,-4.706,-5.152,-4.476,-4.776,-4.321,-4.347,-4.722,-6.049,-6.217,-4.709,-6.173,-6.668,-6.571,-4.935,-4.302,-4.002,-4.874,-4.1,-4.907,-4.579,-3.615,-4.462,-4.409,-4.045,-6.047,-4.775,-6.352,-4.805,-4.533,-4.918,-4.781,-5.273,-5.634,-5.133,-4.892,-4.994,-5.247,-5.622,-4.099,-5.732,-4.783,-5.879,-3.837,-4.204,-4.171
OptTAR_Fixed_ligprep_20260117_0.5.maegz:366,-5.919,-4.859,-5.012,-4.925,-5.835,-4.926,-4.848,-4.744,-5.526,-5.171,-4.766,-6.0,-6.073,-6.672,-5.477,-6.364,-6.837,-6.946,-4.817,-6.01,-5.603,-5.094,-4.374,-4.479,-5.223,-5.337,-4.91,-4.598,-7.033,-6.097,-6.079,-6.825,-4.491,-4.508,-5.016,-4.718,-5.069,-5.401,-5.775,-5.17,-6.843,-5.618,-4.712,-4.113,-6.042,-4.746,-5.588,-5.441,-4.637,-5.404
OptTAR_Fixed_ligprep_20260117_0.5.maegz:367,-5.403,-5.025,-5.595,-4.722,-6.148,-5.259,-5.482,-4.583,-5.353,-4.246,-4.587,-6.087,-5.438,-7.449,-5.343,-6.496,-6.957,-7.14,-6.259,-4.234,-6.401,-6.609,-4.355,-5.097,-5.621,-5.532,-5.012,-7.456,-7.088,-5.403,-4.505,-6.793,-6.546,-4.569,-5.317,-5.219,-5.331,-5.419,-6.277,-6.371,-5.585,-6.14,-4.59,-4.178,-6.647,-5.014,-5.621,-4.929,-4.712,-4.875
OptTAR_Fixed_ligprep_20260117_0.5.maegz:368,-3.831,-3.164,-1.659,-4.518,-3.638,-2.896,-3.994,-3.226,-4.428,-2.376,-3.978,-4.432,-4.497,-5.474,-4.324,-5.407,-4.747,-3.756,-2.232,-4.013,-2.673,-4.279,-3.321,-3.34,-3.058,-1.554,-3.547,-1.911,-5.494,-5.293,-4.792,-5.817,-2.477,-2.65,-4.645,-3.85,-4.781,-3.772,-4.041,-3.457,-2.002,-2.246,-3.277,-4.604,-2.347,-4.406,-3.005,-2.637,-3.592,-2.518
OptTAR_Fixed_ligprep_20260117_0.5.maegz:369,-4.175,-4.786,-2.687,-3.548,-3.638,-3.093,-4.376,-4.702,-5.229,-5.057,-4.767,-1.614,-5.34,-3.783,-2.775,-5.664,-2.771,-5.244,-4.636,-1.906,-3.136,-3.759,-3.058,-3.523,-3.459,-2.392,-1.965,-4.509,-6.527,-5.105,-3.655,-5.846,-4.424,-2.93,-3.725,-3.867,-3.951,-3.012,-3.778,-4.48,-4.574,-3.609,-3.415,-3.143,-3.68,-3.886,-3.601,-4.035,-4.159,-3.805
OptTAR_Fixed_ligprep_20260117_0.5.maegz:370,-4.507,-3.205,-3.647,0.2623,-4.926,-1.978,-2.946,-2.988,-4.619,-2.392,-4.418,-4.712,-3.272,-5.154,-4.592,-5.734,-5.15,-5.374,-3.788,-3.164,-2.492,-2.012,-4.668,-2.737,-3.971,-3.5,-2.171,-4.202,-4.748,-2.766,-5.689,-3.751,-1.598,-1.496,-3.299,-3.698,-3.712,-3.482,-1.3,-2.898,-3.674,-4.021,-2.535,-2.548,-0.4065,-3.252,-2.111,-3.823,-4.795,-2.614
OptTAR_Fixed_ligprep_20260117_0.5.maegz:371,-2.052,-2.73,-2.78,-3.317,-5.501,-3.384,-3.317,-4.245,-4.353,-4.099,-4.398,-2.701,-4.739,-4.834,-2.398,-4.921,-2.124,-4.361,-3.557,-2.173,-2.531,-3.547,-2.565,-3.636,-4.062,-3.305,-3.557,-4.659,-3.711,-4.264,-2.267,-3.224,-3.926,-3.897,-3.062,-4.968,-4.585,-5.034,-3.327,-3.766,-5.35,-4.474,-4.347,-4.51,-2.64,-3.714,-3.41,-4.059,-3.787,-3.449
OptTAR_Fixed_ligprep_20260117_0.5.maegz:372,-3.655,-3.438,-3.151,-3.117,-1.028,-1.602,-2.674,-4.585,-4.623,-1.82,-3.256,-3.973,-4.04,-4.854,-4.826,-5.466,-2.963,-1.698,-3.865,-4.556,-2.858,-3.153,-3.798,-3.172,-2.515,-3.283,-3.937,-6.212,-4.161,-4.951,-3.73,-3.974,-4.724,-2.476,-3.069,-4.016,-4.883,-3.187,-3.386,-3.071,-4.967,-3.5,-4.024,-4.374,-3.044,-3.083,-3.083,-4.294,-4.155,-3.689
OptTAR_Fixed_ligprep_20260117_0.5.maegz:373,-3.229,-3.971,-3.183,0.6447,-1.257,-0.8455,-0.4636,-4.021,-1.992,-4.241,-3.919,-1.955,-3.062,-5.525,-4.078,-3.359,-3.433,-3.617,-3.12,-2.861,-2.387,-2.561,-3.297,-3.632,-2.825,-2.362,-3.283,-3.608,-5.651,-2.8,-4.355,-3.848,-4.749,-2.028,-3.267,-2.948,-2.771,-4.713,-3.344,-3.167,-4.428,-3.531,-1.786,-2.688,-2.447,-1.646,-4.614,-2.667,-3.063,-2.523
OptTAR_Fixed_ligprep_20260117_0.5.maegz:374,-4.044,-3.282,-2.318,-0.217,-2.261,-1.9,-3.511,-4.722,-4.535,-4.093,-3.733,-4.154,-2.288,-3.863,-3.146,-5.835,-2.724,-4.383,-3.721,-3.608,-3.92,-5.093,-3.28,-3.634,-4.875,-2.605,-2.833,-3.432,-4.819,-3.792,-2.751,-5.626,-4.033,-5.012,-2.83,-4.466,-4.888,-4.386,-3.437,-2.866,-2.234,-2.972,-2.886,-2.006,-2.164,-4.221,-3.99,-1.634,-4.093,-2.715
OptTAR_Fixed_ligprep_20260117_0.5.maegz:375,-4.841,-4.912,-3.613,-5.129,-5.935,-3.897,-4.339,-4.419,-4.735,-5.012,-3.91,-5.485,-4.712,-6.391,-5.277,-5.822,-6.464,-6.602,-4.964,-4.74,-5.481,-5.69,-3.776,-3.964,-4.253,-5.091,-5.706,-6.78,-5.512,-5.291,-5.394,-6.232,-5.409,-4.975,-4.378,-4.76,-6.054,-3.549,-3.933,-3.955,-5.15,-4.869,-3.714,-3.928,-4.505,-6.502,-5.08,-3.627,-4.171,-4.611
OptTAR_Fixed_ligprep_20260117_0.5.maegz:376,-5.736,-6.579,-5.713,-6.007,-5.451,-5.106,-5.474,-5.358,-4.358,-5.049,-5.413,-4.528,-5.082,-7.875,-5.701,-6.648,-6.58,-6.168,-5.221,-5.895,-5.682,-7.109,-4.384,-5.422,-5.783,-6.752,-5.323,-6.865,-7.573,-5.824,-5.763,-7.347,-7.035,-5.566,-4.749,-6.375,-5.595,-5.099,-4.372,-7.029,-5.156,-6.764,-3.244,-5.041,-4.992,-5.397,-5.854,-4.472,-4.963,-5.553
OptTAR_Fixed_ligprep_20260117_0.5.maegz:377,-4.633,-3.63,-4.679,-4.53,-5.514,-5.817,-5.623,-4.37,-4.686,-4.952,-4.168,-4.088,-5.508,-6.615,-4.307,-6.182,-5.872,-5.721,-4.902,-5.206,-5.004,-6.085,-4.308,-4.6,-4.295,-4.686,-4.218,-6.022,-7.042,-6.57,-5.329,-6.531,-6.783,-4.066,-3.313,-5.747,-6.013,-4.57,-4.372,-4.506,-5.815,-5.029,-4.134,-3.569,-4.882,-4.281,-4.713,-4.028,-3.787,-4.464
OptTAR_Fixed_ligprep_20260117_0.5.maegz:378,-6.167,-5.738,-4.229,-4.109,-5.943,-4.827,-4.729,-4.67,-4.716,-4.505,-5.446,-4.871,-6.313,-7.35,-4.889,-7.189,-6.371,-6.518,-5.204,-4.768,-5.434,-5.464,-5.394,-5.051,-5.629,-4.512,-4.85,-8.589,-6.211,-4.486,-6.332,-6.623,-7.47,-5.639,-5.172,-6.595,-6.526,-4.902,-4.856,-5.524,-7.343,-5.386,-5.831,-4.444,-4.677,-4.842,-6.277,-5.127,-4.843,-5.665
OptTAR_Fixed_ligprep_20260117_0.5.maegz:379,-5.753,-4.524,-4.21,-4.07,-4.287,-6.469,-4.936,-4.848,-4.108,-4.663,-5.636,-4.16,-6.387,-7.73,-6.025,-6.531,-5.855,-5.756,-6.506,-6.281,-5.817,-5.597,-5.025,-4.36,-5.126,-5.346,-5.019,-5.382,-6.656,-8.065,-6.601,-6.529,-7.008,-5.517,-4.772,-6.16,-6.957,-6.314,-4.717,-5.197,-5.8,-5.319,-4.691,-4.707,-5.573,-4.798,-5.973,-4.406,-4.535,-5.197
OptTAR_Fixed_ligprep_20260117_0.5.maegz:380,-6.314,-5.463,-4.98,-4.238,-6.016,-5.159,-5.354,-4.891,-5.39,-6.339,-6.147,-5.507,-6.367,-7.47,-5.483,-6.819,-7.597,-6.79,-5.962,-6.917,-6.771,-6.947,-5.172,-5.601,-6.611,-5.702,-5.673,-6.569,-7.479,-6.979,-6.552,-6.378,-7.638,-6.256,-5.637,-7.25,-7.214,-5.102,-5.206,-5.643,-6.407,-4.202,-5.144,-4.3,-4.979,-5.448,-6.909,-5.502,-5.287,-4.938
OptTAR_Fixed_ligprep_20260117_0.5.maegz:381,-6.317,-4.306,-4.367,-5.133,-4.942,-4.03,-4.972,-4.161,-3.925,-5.028,-6.183,-5.558,-5.29,-7.043,-6.293,-7.438,-6.136,-6.386,-5.609,-4.85,-5.394,-7.138,-4.963,-5.097,-5.663,-6.561,-4.939,-7.879,-7.544,-7.155,-6.283,-6.606,-7.185,-5.28,-5.177,-6.562,-6.503,-4.69,-4.579,-4.187,-5.702,-3.842,-3.934,-4.154,-5.899,-5.964,-5.734,-4.807,-5.882,-5.137
OptTAR_Fixed_ligprep_20260117_0.5.maegz:382,-6.341,-6.159,-4.649,-4.723,-6.074,-5.322,-5.857,-5.061,-5.57,-5.412,-6.916,-6.089,-6.945,-7.931,-5.855,-7.268,-6.738,-6.881,-6.599,-7.109,-6.917,-6.224,-4.836,-5.252,-5.59,-5.591,-5.304,-8.464,-8.751,-7.084,-5.767,-7.078,-6.723,-5.381,-5.599,-7.412,-8.001,-4.978,-4.703,-5.01,-7.025,-5.785,-4.794,-4.788,-4.969,-5.394,-6.137,-4.991,-6.15,-4.872
OptTAR_Fixed_ligprep_20260117_0.5.maegz:383,-6.388,-5.998,-5.606,-6.085,-5.687,-5.272,-6.322,-5.025,-4.101,-5.393,-6.103,-5.98,-6.109,-7.684,-6.083,-7.594,-6.152,-6.628,-6.199,-6.831,-5.441,-6.281,-4.956,-5.765,-6.291,-5.985,-4.931,-7.824,-7.226,-7.317,-5.723,-6.512,-7.662,-5.6,-5.447,-7.023,-6.827,-5.579,-4.87,-6.285,-6.431,-4.099,-4.721,-4.694,-5.213,-6.374,-6.372,-5.523,-5.36,-5.523
OptTAR_Fixed_ligprep_20260117_0.5.maegz:384,-6.342,-5.477,-4.078,-5.254,-4.814,-4.993,-5.533,-4.594,-4.613,-4.638,-6.695,-4.669,-5.312,-6.596,-6.295,-6.345,-5.449,-6.063,-5.946,-5.874,-5.606,-5.347,-5.033,-4.623,-5.776,-6.594,-5.094,-5.064,-7.143,-7.283,-6.107,-5.965,-7.251,-5.29,-5.074,-6.736,-6.501,-4.587,-4.847,-3.937,-6.641,-4.822,-4.069,-4.004,-5.344,-6.15,-5.894,-4.602,-4.446,-4.011
OptTAR_Fixed_ligprep_20260117_0.5.maegz:385,-6.272,-6.444,-4.379,-5.756,-5.737,-5.61,-5.684,-4.653,-7.41,-5.264,-5.758,-5.457,-6.198,-7.38,-5.964,-6.892,-6.47,-6.155,-7.065,-6.018,-6.061,-6.53,-5.499,-5.491,-6.404,-5.618,-5.333,-8.711,-7.262,-7.579,-5.92,-7.26,-7.494,-5.431,-6.156,-6.944,-6.745,-4.98,-4.868,-5.345,-6.738,-5.783,-7.218,-4.578,-5.925,-5.241,-5.742,-5.363,-4.657,-5.26
OptTAR_Fixed_ligprep_20260117_0.5.maegz:386,-5.269,-5.329,-4.966,-5.671,-5.421,-5.41,-5.826,-4.975,-5.37,-5.055,-5.389,-5.728,-6.001,-7.567,-6.093,-6.739,-7.423,-6.855,-6.009,-6.677,-4.741,-5.988,-5.014,-5.148,-4.989,-4.983,-4.363,-4.513,-6.125,-6.34,-4.443,-4.704,-6.19,-4.506,-4.889,-5.077,-5.146,-4.431,-5.64,-5.773,-6.232,-6.024,-4.222,-4.411,-4.911,-5.352,-6.637,-5.08,-4.198,-4.498
OptTAR_Fixed_ligprep_20260117_0.5.maegz:387,-5.736,-5.166,-5.516,-5.147,-5.705,-4.945,-5.689,-4.212,-5.473,-4.932,-4.726,-5.643,-6.391,-6.545,-5.712,-7.172,-7.066,-6.709,-6.69,-6.226,-6.49,-5.01,-5.001,-4.117,-4.646,-5.498,-5.442,-4.737,-7.364,-6.125,-4.909,-6.648,-6.975,-5.247,-5.077,-5.496,-6.226,-5.521,-4.975,-6.397,-6.214,-6.704,-4.151,-4.466,-5.33,-5.18,-4.993,-5.373,-4.658,-4.647
OptTAR_Fixed_ligprep_20260117_0.5.maegz:388,-0.9419,-2.062,-1.097,-1.526,-4.887,-0.6321,-2.825,-3.206,-3.541,-3.393,-4.551,-2.171,-2.216,-3.634,-1.565,-4.218,-3.663,-3.393,-2.687,-1.16,-4.151,-3.413,-2.196,-3.151,-1.495,-3.107,-0.9562,-2.577,-3.091,-3.157,-3.575,-0.9011,-3.768,-2.044,-3.4,-2.956,-1.82,-2.676,-2.101,-3.636,-2.62,1.624,-1.888,-2.068,-2.082,-0.2187,-2.641,-3.52,-3.12,-2.961
OptTAR_Fixed_ligprep_20260117_0.5.maegz:389,-4.402,-2.285,-3.191,-2.551,-3.077,-2.928,-1.189,-3.417,-3.126,-4.092,0.4335,-3.241,-1.703,-5.101,-2.512,-5.871,-4.598,-2.97,-1.579,-3.631,-2.536,-3.756,0.3316,-2.256,-3.049,-1.551,-0.141,-0.7743,-4.917,-1.564,-3.244,-5.545,-1.459,-3.864,-3.626,-1.452,-1.317,-0.1357,-4.012,-1.495,-2.119,-2.868,-1.975,-0.2662,-2.663,-2.348,-1.469,-2.469,-4.571,-3.529
OptTAR_Fixed_ligprep_20260117_0.5.maegz:390,-2.48,-4.069,-1.891,-2.189,-3.838,-1.261,1.639,-3.05,-2.817,0.03205,-2.536,-3.086,-2.022,-4.821,-0.8953,-5.253,-1.697,-3.623,-3.212,-2.607,-3.18,-4.327,-2.56,-3.429,-3.475,-2.059,-2.347,-0.5752,-4.303,-5.629,-2.785,-0.6877,-5.355,-4.314,-3.796,-3.824,-1.935,-3.399,-1.133,-3.183,-1.264,-1.916,-1.086,-2.472,2.434,-1.137,-2.261,-0.3146,-2.959,-2.477
OptTAR_Fixed_ligprep_20260117_0.5.maegz:391,-5.799,-4.741,-5.779,-6.014,-5.746,-6.792,-4.915,-5.039,-5.138,-5.109,-5.387,-5.787,-5.949,-6.958,-4.37,-6.008,-4.343,-6.751,-4.418,-5.824,-4.982,-4.341,-3.8,-4.275,-4.609,-4.911,-4.436,-6.084,-7.635,-7.326,-4.953,-5.597,-6.563,-4.493,-5.512,-6.258,-5.157,-5.218,-4.01,-6.064,-5.74,-5.883,-5.219,-4.03,-5.38,-5.698,-5.156,-4.199,-5.066,-5.174
OptTAR_Fixed_ligprep_20260117_0.5.maegz:392,-6.738,-6.149,-4.89,-6.309,-4.927,-5.237,-4.812,-5.852,-5.308,-4.402,-4.696,-5.083,-6.188,-6.402,-5.707,-6.045,-6.35,-5.634,-5.456,-5.391,-5.874,-6.091,-5.037,-4.078,-5.323,-7.08,-5.251,-6.954,-7.007,-5.125,-5.631,-5.064,-6.686,-4.6,-5.581,-5.656,-5.961,-5.677,-5.094,-5.444,-5.805,-5.771,-4.667,-5.568,-4.855,-5.526,-5.296,-5.492,-5.56,-5.035
OptTAR_Fixed_ligprep_20260117_0.5.maegz:393,-6.121,-6.334,-4.65,-5.663,-4.776,-5.065,-5.259,-4.601,-4.708,-5.483,-4.968,-5.683,-5.709,-7.299,-5.375,-6.278,-5.987,-5.621,-5.918,-5.329,-4.589,-6.247,-4.806,-4.748,-5.435,-5.654,-5.298,-5.393,-5.658,-5.584,-5.285,-5.919,-5.791,-5.647,-5.441,-5.707,-5.934,-6.705,-5.578,-5.356,-5.095,-5.121,-5.769,-5.202,-5.164,-6.222,-5.757,-5.6,-5.003,-4.913
OptTAR_Fixed_ligprep_20260117_0.5.maegz:394,-4.474,-6.178,-2.802,-4.697,-3.834,-1.889,-4.171,-1.791,-4.772,-2.982,-4.041,-5.469,-5.109,-5.194,-5.003,-5.424,-7.005,-5.352,-3.148,-3.972,-4.686,-5.354,-3.791,-1.83,-3.152,-3.636,-3.347,-6.392,-7.293,-5.82,-4.956,-5.534,-5.718,-4.564,-4.108,-3.902,-5.811,-4.223,-3.841,-4.401,-5.773,-4.67,-2.399,-0.8038,-1.231,-3.864,-4.034,-2.502,-1.939,-3.567
OptTAR_Fixed_ligprep_20260117_0.5.maegz:395,-5.023,-3.669,-3.386,-3.348,-5.127,-3.972,-2.896,-4.339,-4.158,-4.718,-2.938,-4.891,-5.584,-4.99,-2.673,-5.454,-5.571,-6.113,-4.753,-3.732,-4.53,-5.518,-3.548,-4.358,-4.995,-4.46,-3.628,-6.805,-6.721,-4.691,-4.878,-5.06,-5.484,-4.538,-4.351,-3.458,-5.283,-4.408,-3.891,-3.88,-4.832,-5.086,-3.936,-3.75,-2.862,-4.805,-3.878,-3.697,-3.551,-3.347
OptTAR_Fixed_ligprep_20260117_0.5.maegz:396,-5.469,-6.132,-4.995,-5.345,-4.863,-5.356,-4.702,-4.626,-4.717,-4.97,-5.575,-4.78,-7.345,-7.555,-5.696,-6.666,-6.58,-6.343,-6.951,-6.153,-6.643,-5.232,-5.718,-5.193,-5.572,-7.197,-5.336,-7.226,-6.608,-6.174,-4.797,-5.939,-7.546,-5.075,-5.77,-5.256,-5.077,-5.936,-4.915,-5.739,-6.647,-5.204,-5.086,-4.182,-4.682,-4.949,-4.954,-4.965,-4.681,-4.744
OptTAR_Fixed_ligprep_20260117_0.5.maegz:397,-6.599,-7.056,-4.624,-5.167,-4.246,-6.176,-4.582,-5.172,-4.953,-5.323,-6.654,-5.939,-6.511,-7.713,-5.494,-6.017,-6.982,-7.648,-8.055,-6.452,-7.204,-5.622,-5.555,-4.963,-5.572,-6.898,-6.529,-4.915,-7.705,-5.693,-6.437,-5.576,-6.446,-6.217,-5.749,-7.227,-7.119,-5.603,-4.896,-5.5,-7.36,-6.078,-6.79,-6.512,-5.797,-6.352,-6.774,-5.391,-4.667,-5.695
OptTAR_Fixed_ligprep_20260117_0.5.maegz:398,-6.371,-5.873,-4.333,-5.408,-6.266,-5.454,-6.022,-5.221,-4.888,-5.527,-5.617,-5.988,-7.17,-7.159,-6.369,-6.296,-8.0,-7.567,-6.095,-5.737,-6.288,-5.992,-5.552,-4.701,-6.154,-7.188,-5.17,-7.773,-7.402,-7.05,-6.111,-6.52,-6.051,-5.933,-4.754,-6.038,-6.911,-5.971,-5.839,-5.449,-7.407,-6.097,-5.084,-4.073,-4.98,-5.096,-5.595,-5.968,-5.224,-4.944
OptTAR_Fixed_ligprep_20260117_0.5.maegz:399,-6.98,-5.86,-4.354,-5.011,-4.35,-5.567,-5.097,-4.77,-4.94,-4.818,-5.584,-5.513,-6.452,-7.338,-5.513,-7.414,-7.525,-6.116,-6.607,-5.521,-6.833,-6.02,-4.856,-5.46,-5.986,-7.456,-6.459,-7.704,-7.664,-6.256,-5.752,-6.274,-6.434,-5.54,-5.204,-6.921,-6.924,-5.536,-4.706,-5.202,-5.936,-5.549,-4.403,-4.64,-5.27,-5.903,-5.379,-4.634,-4.36,-4.874
OptTAR_Fixed_ligprep_20260117_0.5.maegz:400,-5.42,-4.591,-4.267,-4.151,-5.061,-4.326,-4.357,-4.6,-4.468,-4.587,-4.338,-4.009,-4.408,-6.451,-4.822,-6.77,-6.358,-5.497,-3.588,-4.36,-4.179,-4.318,-3.526,-3.637,-4.687,-3.678,-4.391,-5.695,-6.314,-5.922,-4.793,-5.169,-5.646,-4.377,-4.238,-4.894,-4.705,-3.279,-4.048,-5.217,-5.759,-5.122,-5.217,-3.268,-3.445,-4.633,-4.906,-3.862,-3.877,-3.821
OptTAR_Fixed_ligprep_20260117_0.5.maegz:401,-5.813,-5.804,-5.35,-5.715,-6.443,-6.369,-5.224,-5.882,-5.327,-4.886,-6.338,-6.098,-6.616,-8.405,-6.197,-7.201,-7.129,-6.86,-6.411,-5.583,-5.727,-6.111,-5.366,-5.173,-5.461,-5.584,-5.85,-7.691,-7.065,-6.671,-6.873,-6.144,-6.886,-5.392,-5.064,-6.714,-6.676,-4.651,-4.83,-5.643,-8.036,-6.304,-5.876,-5.118,-5.06,-6.03,-6.424,-4.736,-5.386,-5.386
OptTAR_Fixed_ligprep_20260117_0.5.maegz:402,-6.32,-5.771,-4.316,-4.017,-4.2,-3.456,-4.793,-4.964,-5.244,-4.28,-5.889,-5.887,-5.68,-7.582,-4.59,-6.442,-5.798,-6.518,-5.075,-5.148,-5.159,-5.92,-5.171,-4.691,-5.381,-5.038,-4.644,-7.159,-6.886,-5.644,-6.433,-6.332,-5.99,-5.826,-4.224,-6.203,-6.404,-4.082,-4.58,-5.292,-5.597,-4.087,-3.866,-3.504,-4.158,-4.843,-5.962,-5.064,-4.277,-5.095
OptTAR_Fixed_ligprep_20260117_0.5.maegz:403,-4.082,-2.102,-3.841,-4.453,-2.669,-3.073,-2.635,-3.301,-4.709,-4.356,-2.938,-3.925,-4.12,-5.962,-4.84,-5.501,-5.648,-7.999,-5.639,-1.758,-2.934,-3.863,-4.095,-2.787,-3.114,-4.417,-3.248,-5.116,-4.879,-6.321,-4.967,-3.505,-3.417,-4.532,-2.999,-1.243,-4.017,-2.09,-1.317,-2.413,-5.053,-3.225,-1.482,-0.8956,-1.004,-3.817,-4.678,-3.619,-4.894,-3.294
OptTAR_Fixed_ligprep_20260117_0.5.maegz:404,-4.681,-4.033,-5.89,-4.744,-5.046,-4.431,-3.189,-4.42,-4.532,-5.257,-4.038,-4.346,-5.214,-6.948,-4.679,-7.59,-6.64,-7.73,-4.935,-5.536,-4.143,-4.52,-3.801,-4.044,-4.866,-6.031,-3.259,-4.707,-5.662,-5.936,-4.415,-7.341,-3.757,-5.172,-4.689,-4.944,-5.074,-4.922,-4.928,-4.223,-2.902,-3.436,-2.979,-3.418,-4.047,-5.721,-4.791,-3.982,-3.941,-3.953
OptTAR_Fixed_ligprep_20260117_0.5.maegz:405,-5.108,-4.005,-3.49,-4.556,-4.369,-4.366,-5.01,-4.273,-4.23,-4.894,-5.007,-4.47,-6.149,-6.344,-4.846,-6.512,-8.445,-6.403,-5.744,-4.767,-4.641,-5.833,-4.128,-2.895,-5.146,-5.574,-3.865,-6.972,-6.108,-6.242,-5.379,-5.395,-6.19,-5.196,-4.883,-4.518,-5.979,-4.279,-4.492,-3.993,-4.116,-3.851,-5.384,-3.797,-4.979,-5.586,-5.166,-3.96,-4.314,-5.312
OptTAR_Fixed_ligprep_20260117_0.5.maegz:406,-4.586,-1.694,-3.503,-3.208,-3.964,-3.479,-2.833,-3.12,-3.199,-5.182,-3.173,-3.786,-4.015,-4.949,-3.655,-4.429,-4.243,-6.217,-2.769,-4.059,-5.944,-4.396,-3.73,-3.772,-3.502,-3.682,-3.904,-7.41,-3.457,-5.623,-5.549,-3.916,-3.388,-4.521,-4.375,-4.409,-4.046,-3.831,-1.844,-2.915,-4.857,-2.981,-2.868,-1.524,-3.747,-3.723,-3.781,-3.684,-4.102,-3.451
OptTAR_Fixed_ligprep_20260117_0.5.maegz:407,-5.086,-4.926,-4.714,-5.104,-4.823,-5.03,-3.466,-4.7,-5.676,-5.442,-5.551,-5.373,-5.553,-6.973,-5.199,-6.652,-7.098,-6.852,-5.791,-5.337,-5.559,-4.958,-3.58,-4.396,-4.894,-4.209,-2.297,-6.815,-6.508,-6.44,-5.225,-4.75,-6.566,-5.103,-4.246,-5.927,-5.427,-5.832,-5.937,-4.766,-6.593,-5.004,-4.436,-5.641,-4.808,-5.197,-5.128,-3.233,-5.048,-4.481
OptTAR_Fixed_ligprep_20260117_0.5.maegz:408,-4.601,-4.744,-3.839,-3.35,-3.142,-4.67,-3.68,-4.038,-5.281,-5.006,-4.505,-3.834,-4.885,-5.985,-4.801,-6.28,-5.787,-7.091,-4.959,-3.616,-3.884,-4.709,-2.579,-3.689,-4.531,-3.893,-4.864,-6.832,-5.615,-4.951,-4.663,-2.93,-5.107,-4.346,-4.456,-4.705,-3.906,-2.647,-2.546,-4.651,-4.693,-2.621,-3.516,-4.684,-3.212,-3.166,-4.066,-4.108,-2.889,-4.267
OptTAR_Fixed_ligprep_20260117_0.5.maegz:409,-5.203,-4.469,-4.68,-4.144,-5.596,-4.294,-6.724,-5.068,-4.579,-5.925,-4.511,-5.273,-5.791,-7.347,-5.951,-6.344,-6.104,-6.413,-4.687,-4.661,-4.678,-5.249,-4.133,-4.351,-4.33,-5.764,-4.157,-4.646,-6.658,-6.827,-5.574,-5.997,-5.934,-5.224,-4.349,-4.723,-6.261,-4.377,-4.112,-5.181,-3.938,-4.284,-3.457,-2.909,-3.908,-5.469,-5.29,-4.516,-4.444,-4.253
OptTAR_Fixed_ligprep_20260117_0.5.maegz:410,-5.62,-4.875,-3.781,-4.213,-4.823,-4.679,-4.23,-4.413,-4.198,-5.183,-4.04,-5.552,-4.876,-6.738,-4.767,-7.16,-5.943,-6.177,-4.773,-4.729,-5.967,-3.547,-4.045,-4.799,-4.102,-4.9,-3.618,-7.247,-5.549,-5.883,-5.119,-5.344,-5.834,-4.726,-4.637,-5.735,-5.576,-4.895,-4.156,-5.902,-6.636,-3.977,-4.761,-2.812,-4.34,-4.964,-5.043,-3.915,-4.339,-3.906
OptTAR_Fixed_ligprep_20260117_0.5.maegz:411,-5.607,-6.476,-5.214,-5.835,-5.201,-5.352,-5.377,-5.205,-4.824,-4.82,-5.586,-6.478,-5.741,-7.744,-5.099,-6.393,-6.686,-7.339,-5.089,-5.659,-5.357,-6.605,-5.296,-5.231,-5.302,-4.887,-4.733,-5.973,-7.503,-6.569,-6.037,-5.995,-7.154,-4.524,-5.259,-5.89,-5.893,-5.182,-5.423,-5.547,-6.218,-5.708,-5.419,-5.574,-4.468,-6.15,-5.827,-5.707,-5.161,-5.606
OptTAR_Fixed_ligprep_20260117_0.5.maegz:412,-6.005,-4.805,-6.438,-5.658,-6.222,-6.069,-4.347,-4.979,-5.672,-5.558,-5.749,-5.643,-6.039,-6.973,-5.063,-8.297,-8.229,-7.855,-4.81,-4.957,-4.838,-5.99,-3.74,-4.277,-5.115,-4.877,-4.547,-7.539,-7.108,-5.371,-3.212,-4.976,-6.476,-4.913,-4.897,-5.53,-4.573,-5.788,-3.545,-5.095,-6.334,-5.406,-5.642,-5.656,-6.361,-5.687,-5.309,-4.259,-5.223,-4.795
OptTAR_Fixed_ligprep_20260117_0.5.maegz:413,-6.282,-5.443,-4.645,-5.305,-5.986,-5.357,-5.308,-4.907,-5.554,-5.355,-5.331,-5.839,-6.645,-7.546,-4.693,-7.103,-6.445,-7.078,-4.966,-4.864,-3.863,-6.072,-3.864,-4.48,-4.85,-4.548,-5.347,-5.08,-7.292,-6.542,-4.94,-6.696,-6.838,-4.865,-4.32,-5.529,-5.554,-6.643,-4.025,-5.733,-6.095,-5.432,-6.061,-5.069,-4.655,-5.387,-5.812,-5.324,-5.042,-4.309
OptTAR_Fixed_ligprep_20260117_0.5.maegz:414,-5.865,-4.488,-4.229,-5.97,-5.789,-4.832,-5.068,-4.532,-4.828,-4.033,-6.215,-5.022,-5.858,-7.557,-5.192,-6.85,-8.541,-6.719,-6.058,-5.319,-4.27,-5.38,-4.439,-4.112,-4.963,-4.278,-4.854,-7.269,-5.89,-5.766,-6.455,-6.318,-6.202,-4.266,-4.271,-6.576,-5.934,-5.874,-4.781,-5.333,-5.654,-4.571,-3.954,-4.714,-4.482,-5.544,-5.458,-5.563,-4.079,-4.784
OptTAR_Fixed_ligprep_20260117_0.5.maegz:415,-5.937,-4.413,-5.251,-4.804,-5.275,-5.087,-5.459,-3.913,-4.17,-5.726,-5.577,-5.062,-6.493,-6.38,-4.371,-7.151,-6.587,-5.652,-3.2,-3.413,-5.182,-3.954,-4.757,-3.858,-4.985,-5.24,-5.172,-3.834,-6.131,-7.346,-5.039,-7.468,-4.724,-3.149,-3.995,-5.662,-5.411,-4.13,-2.489,-3.68,-4.936,-5.805,-3.951,-6.557,-2.849,-5.688,-5.458,-4.948,-4.566,-3.481
OptTAR_Fixed_ligprep_20260117_0.5.maegz:416,-5.737,-6.382,-5.338,-4.963,-5.5,-5.505,-5.207,-5.748,-5.049,-4.588,-4.81,-5.309,-5.869,-7.02,-4.607,-6.097,-7.115,-7.045,-5.301,-5.714,-4.877,-5.574,-2.894,-4.41,-4.462,-6.525,-3.429,-6.801,-5.707,-6.577,-5.883,-5.969,-6.525,-5.814,-5.548,-5.03,-6.329,-4.352,-4.534,-6.347,-5.064,-4.471,-3.987,-3.672,-4.211,-5.754,-5.764,-4.472,-4.48,-4.881
OptTAR_Fixed_ligprep_20260117_0.5.maegz:417,-6.986,-5.341,-5.903,-5.724,-7.103,-5.606,-5.296,-5.841,-4.811,-5.316,-6.285,-6.279,-6.53,-7.65,-6.689,-7.44,-7.099,-7.105,-4.908,-6.316,-5.711,-6.577,-5.018,-4.903,-6.363,-5.247,-5.329,-6.125,-8.49,-7.476,-7.041,-7.552,-7.656,-5.967,-5.154,-6.283,-6.544,-5.596,-6.752,-5.715,-6.8,-6.443,-4.375,-5.592,-4.194,-6.279,-6.335,-5.705,-5.759,-5.377
OptTAR_Fixed_ligprep_20260117_0.5.maegz:418,-5.628,-5.249,-2.245,-4.521,-4.162,-5.305,-4.479,-5.823,-4.882,-2.62,-5.373,-5.716,-5.369,-7.756,-5.768,-6.914,-4.925,-6.389,-4.869,-4.344,-4.58,-5.826,-5.479,-4.7,-4.875,-5.816,-3.576,-7.357,-5.728,-6.206,-5.849,-6.172,-5.749,-4.634,-4.119,-5.355,-6.487,-4.658,-4.98,-5.839,-5.165,-6.029,-2.55,-3.675,-2.82,-4.818,-4.53,-4.135,-4.843,-4.971
OptTAR_Fixed_ligprep_20260117_0.5.maegz:419,-4.741,-4.047,-5.206,-5.057,-5.242,-5.793,-5.987,-4.884,-3.264,-5.04,-5.196,-5.491,-5.17,-6.542,-5.45,-6.343,-6.437,-6.457,-3.977,-4.214,-4.094,-5.066,-3.56,-3.429,-5.192,-4.833,-4.129,-4.791,-6.161,-6.285,-5.398,-6.638,-6.082,-5.315,-4.421,-6.058,-6.997,-5.568,-3.715,-6.238,-5.181,-3.053,-3.338,-2.791,-4.481,-5.066,-5.298,-4.384,-3.385,-4.978
OptTAR_Fixed_ligprep_20260117_0.5.maegz:420,-6.14,-5.363,-4.856,-5.544,-5.997,-5.044,-5.798,-4.339,-4.05,-3.357,-4.98,-5.166,-6.2,-7.896,-4.995,-6.295,-6.159,-5.468,-5.15,-4.312,-3.542,-5.414,-3.711,-3.49,-5.844,-4.273,-4.887,-5.095,-6.617,-6.219,-4.829,-6.517,-5.469,-3.595,-4.177,-6.14,-6.599,-4.548,-3.119,-4.708,-5.929,-5.085,-4.028,-5.474,-4.102,-4.617,-5.099,-4.411,-3.742,-4.311
OptTAR_Fixed_ligprep_20260117_0.5.maegz:421,-5.608,-4.901,-5.079,-5.257,-6.456,-4.411,-5.861,-4.678,-3.917,-3.317,-5.633,-3.912,-5.608,-7.977,-4.308,-7.483,-5.168,-6.43,-4.358,-5.196,-4.623,-5.201,-3.783,-4.582,-5.537,-4.075,-3.837,-4.154,-7.182,-6.913,-4.595,-6.187,-5.897,-4.948,-3.977,-6.006,-6.68,-6.179,-4.778,-4.622,-6.002,-5.607,-2.987,-2.803,-3.664,-4.958,-5.04,-4.313,-4.167,-4.68
OptTAR_Fixed_ligprep_20260117_0.5.maegz:422,-5.79,-4.242,-3.895,-3.151,-4.305,-4.254,-5.406,-4.878,-5.127,-3.818,-5.371,-4.881,-4.708,-7.463,-4.844,-6.593,-5.638,-5.581,-4.13,-3.868,-4.121,-4.331,-3.843,-3.777,-4.138,-3.807,-3.875,-6.664,-5.015,-5.508,-4.377,-5.791,-6.028,-4.676,-3.944,-5.734,-5.538,-3.982,-4.487,-5.996,-6.027,-3.792,-3.475,-2.851,-4.046,-5.15,-4.926,-3.567,-4.345,-3.895
OptTAR_Fixed_ligprep_20260117_0.5.maegz:423,-5.685,-4.87,-4.536,-3.813,-4.956,-4.222,-4.19,-4.45,-4.537,-4.615,-5.517,-6.247,-5.412,-6.21,-4.633,-6.617,-5.517,-6.054,-5.291,-4.817,-5.528,-6.036,-3.884,-5.71,-5.652,-5.124,-4.288,-5.517,-6.905,-5.653,-5.095,-4.318,-6.205,-5.588,-4.611,-5.121,-4.307,-2.761,-5.693,-4.353,-6.897,-3.774,-5.499,-1.93,-3.966,-4.32,-5.77,-5.583,-4.087,-4.366
OptTAR_Fixed_ligprep_20260117_0.5.maegz:424,-3.379,-4.846,-4.177,-3.013,-5.083,-4.799,-4.433,-5.408,-5.628,-4.527,-5.299,-5.629,-5.52,-6.271,-3.945,-6.803,-5.344,-5.266,-4.832,-4.211,-4.242,-4.374,-3.741,-3.851,-4.526,-4.609,-4.448,-2.286,-4.409,-6.367,-5.033,-6.273,-3.598,-4.292,-3.959,-5.356,-5.638,-2.66,-4.281,-2.207,-3.051,-3.96,-4.617,-3.745,-4.649,-5.122,-4.572,-5.099,-4.479,-4.924
OptTAR_Fixed_ligprep_20260117_0.5.maegz:425,-4.858,-4.008,-1.777,-1.296,-4.572,-2.151,-4.318,-4.254,-2.793,-3.792,-3.334,-5.674,-5.697,-6.111,-4.296,-5.38,-6.784,-5.104,-5.055,-4.57,-5.497,-5.292,-2.253,-5.109,-4.186,-5.485,-3.771,-4.954,-7.031,-5.774,-4.956,-4.867,-5.005,-2.25,-4.238,-5.136,-3.085,-3.947,-3.929,-4.754,-3.77,-2.882,-3.258,-3.968,-2.954,-4.353,-4.358,-3.801,-4.332,-4.863
OptTAR_Fixed_ligprep_20260117_0.5.maegz:426,-5.405,-3.892,-3.87,-3.407,-4.613,-4.648,-3.346,-4.367,-4.851,-3.98,-4.128,-4.882,-5.604,-5.741,-5.116,-4.063,-5.972,-5.896,-4.653,-4.178,-4.92,-3.981,-3.967,-5.475,-2.565,-3.98,-4.474,-4.942,-4.937,-5.282,-4.722,-5.808,-4.407,-3.002,-3.805,-4.471,-4.351,-3.017,-4.041,-3.933,-5.587,-3.346,-3.506,-4.016,-3.569,-4.424,-4.666,-3.774,-4.337,-4.054
OptTAR_Fixed_ligprep_20260117_0.5.maegz:427,-6.113,-5.115,-3.863,-3.456,-5.655,-4.596,-4.92,-5.331,-5.214,-4.561,-4.72,-5.991,-6.274,-7.024,-6.08,-6.481,-7.311,-6.606,-6.751,-4.97,-4.907,-5.669,-4.952,-5.227,-4.736,-4.247,-3.693,-4.411,-7.337,-6.78,-4.562,-5.272,-4.513,-4.927,-5.681,-4.961,-6.179,-3.314,-4.569,-4.639,-5.868,-3.975,-3.847,-4.617,-4.316,-6.277,-5.355,-4.931,-4.734,-5.146
OptTAR_Fixed_ligprep_20260117_0.5.maegz:428,-5.452,-5.339,-4.881,-3.865,-5.876,-5.989,-5.258,-5.071,-5.001,-4.667,-4.489,-5.457,-6.012,-7.182,-5.877,-5.866,-5.911,-6.652,-6.337,-4.381,-5.096,-5.684,-4.988,-3.079,-4.555,-4.673,-4.443,-5.042,-5.695,-6.988,-4.713,-6.583,-5.958,-4.918,-4.581,-5.918,-5.217,-4.36,-2.821,-5.014,-5.354,-5.936,-4.065,-4.432,-4.141,-4.487,-5.531,-4.989,-4.925,-5.2
OptTAR_Fixed_ligprep_20260117_0.5.maegz:429,-4.937,-4.186,-4.337,-5.51,-6.136,-3.899,-5.765,-2.786,-4.234,-2.909,-5.398,-6.563,-5.225,-6.627,-5.945,-6.772,-6.81,-6.177,-3.596,-5.503,-6.223,-5.701,-4.882,-4.775,-4.097,-3.108,-4.536,-6.993,-6.567,-6.739,-3.178,-5.935,-5.758,-5.034,-4.671,-4.989,-6.967,-4.489,-4.989,-5.545,-4.978,-5.292,-3.842,-2.205,-4.067,-5.093,-5.724,-4.555,-5.844,-5.38
OptTAR_Fixed_ligprep_20260117_0.5.maegz:430,-5.353,-4.774,-5.1,-4.871,-4.521,-5.35,-4.636,-4.808,-4.867,-5.143,-4.429,-5.586,-6.458,-6.888,-5.585,-6.834,-7.568,-7.259,-4.66,-5.535,-4.717,-6.347,-4.462,-4.508,-4.629,-3.94,-4.694,-5.257,-6.778,-7.835,-5.338,-6.519,-6.511,-4.307,-5.059,-5.711,-5.453,-4.458,-4.763,-5.656,-5.488,-6.032,-4.048,-5.184,-4.488,-6.051,-5.315,-5.012,-4.169,-4.412
OptTAR_Fixed_ligprep_20260117_0.5.maegz:431,-6.46,-6.166,-4.355,-4.955,-4.466,-3.675,-5.345,-4.122,-4.255,-4.433,-2.981,-5.024,-6.248,-7.091,-5.059,-6.242,-5.721,-7.207,-6.787,-4.994,-5.111,-5.51,-2.692,-4.9,-4.384,-4.95,-4.039,-8.224,-5.777,-6.345,-5.746,-5.576,-5.675,-5.285,-4.738,-6.044,-4.85,-2.602,-4.094,-4.909,-2.995,-3.002,-2.193,-4.013,-3.811,-5.118,-6.369,-4.716,-4.726,-4.365
OptTAR_Fixed_ligprep_20260117_0.5.maegz:432,-5.071,-4.789,-5.264,-4.435,-5.011,-4.09,-3.132,-3.721,-4.639,-4.401,-3.727,-4.987,-5.248,-6.05,-4.822,-5.757,-6.931,-6.279,-5.175,-5.055,-4.148,-5.563,-3.362,-4.207,-4.999,-4.524,-3.894,-6.372,-4.756,-5.833,-4.701,-5.391,-5.757,-4.929,-4.424,-5.203,-4.89,-3.608,-3.78,-4.367,-4.555,-3.913,-3.779,-4.445,-4.529,-4.746,-5.39,-3.847,-4.261,-5.304
OptTAR_Fixed_ligprep_20260117_0.5.maegz:433,-4.977,-4.749,-3.002,-5.036,-2.467,-1.596,-5.543,-4.158,-3.764,-4.795,-4.088,-4.123,-5.803,-6.124,-5.153,-5.59,-5.342,-6.952,-5.682,-5.536,-3.917,-4.83,-3.861,-4.135,-3.417,-5.12,-4.532,-6.305,-5.545,-5.314,-4.412,-5.736,-6.545,-5.652,-1.788,-4.383,-5.346,-5.075,-3.046,-4.32,-4.263,-5.784,-3.724,-2.934,-4.436,-3.546,-4.986,-2.334,-3.179,-3.891
OptTAR_Fixed_ligprep_20260117_0.5.maegz:434,-5.67,-5.153,-4.341,-5.037,-5.108,-4.584,-5.121,-4.293,-4.043,-4.834,-4.506,-5.149,-5.423,-6.585,-5.988,-5.12,-6.474,-7.15,-5.248,-6.245,-6.472,-5.881,-4.511,-4.596,-4.91,-6.606,-3.969,-7.468,-6.511,-6.027,-4.816,-5.581,-5.625,-5.6,-4.578,-4.96,-5.523,-2.994,-4.703,-3.765,-4.7,-4.849,-4.47,-3.341,-4.313,-5.886,-5.396,-4.603,-4.413,-4.264
OptTAR_Fixed_ligprep_20260117_0.5.maegz:435,-5.476,-3.592,-3.813,-1.237,-5.028,-5.459,-5.048,-4.278,-4.639,-3.995,-2.801,-4.878,-4.967,-6.589,-5.536,-4.769,-4.404,-5.474,-3.272,-3.597,-3.648,-3.705,-2.125,-3.234,-3.118,-5.019,-4.492,-6.702,-6.054,-5.47,-2.844,-5.973,-4.039,-4.104,-3.271,-5.269,-5.423,-4.27,-3.317,-5.061,-5.422,-5.534,-3.688,-3.277,-1.599,-4.629,-4.01,-2.007,-1.847,-4.441
OptTAR_Fixed_ligprep_20260117_0.5.maegz:436,-4.337,-2.711,-4.519,-5.034,-4.93,-4.467,-4.983,-4.639,-4.233,-3.915,-5.061,-5.244,-5.707,-6.688,-5.257,-6.556,-7.315,-6.902,-5.441,-4.111,-5.877,-5.613,-5.259,-4.094,-4.751,-2.796,-4.753,-7.074,-5.494,-6.172,-6.043,-5.639,-3.755,-4.688,-4.077,-4.467,-4.088,-6.014,-3.524,-4.857,-5.606,-4.552,-3.282,-3.772,-4.397,-4.685,-5.266,-3.448,-3.789,-5.561
OptTAR_Fixed_ligprep_20260117_0.5.maegz:437,-5.107,-5.96,-5.455,-4.772,-5.413,-6.169,-5.656,-3.996,-5.078,-5.685,-5.21,-4.679,-5.927,-7.866,-5.065,-6.406,-7.236,-6.257,-6.741,-5.45,-5.92,-6.585,-4.613,-4.622,-4.53,-6.297,-4.015,-7.275,-6.795,-6.383,-6.728,-6.1,-6.686,-5.059,-5.416,-5.65,-5.821,-4.938,-4.042,-6.098,-6.271,-5.391,-3.264,-4.34,-5.351,-4.847,-6.71,-5.045,-5.027,-5.114
OptTAR_Fixed_ligprep_20260117_0.5.maegz:438,-6.063,-5.534,-5.013,-4.209,-5.584,-5.126,-3.853,-4.184,-5.158,-4.157,-3.676,-5.717,-7.262,-7.009,-5.774,-6.59,-6.094,-6.625,-4.985,-5.387,-5.226,-5.499,-5.097,-6.039,-5.735,-5.943,-4.87,-5.217,-5.973,-6.754,-4.883,-5.254,-5.124,-5.107,-5.153,-6.422,-5.822,-6.249,-4.906,-5.141,-6.398,-6.033,-3.759,-4.355,-5.421,-4.538,-5.233,-5.302,-4.151,-3.204
OptTAR_Fixed_ligprep_20260117_0.5.maegz:439,-6.607,-4.688,-5.381,-5.522,-5.281,-4.937,-4.374,-4.893,-4.71,-4.174,-5.351,-6.209,-5.292,-6.791,-5.352,-6.34,-6.502,-6.39,-6.281,-6.039,-5.268,-5.263,-4.5,-4.079,-5.003,-5.208,-3.931,-7.839,-5.517,-5.733,-6.149,-6.449,-6.616,-4.247,-4.829,-4.636,-5.863,-4.484,-4.299,-4.62,-4.63,-4.557,-4.924,-3.911,-3.539,-5.714,-6.068,-4.326,-3.52,-3.707
OptTAR_Fixed_ligprep_20260117_0.5.maegz:440,-6.259,-5.638,-4.834,-4.312,-6.119,-5.191,-4.988,-4.549,-5.486,-5.41,-5.253,-5.601,-6.755,-6.358,-4.759,-7.981,-6.388,-6.621,-6.453,-6.138,-5.6,-7.137,-4.995,-5.689,-6.774,-5.873,-4.999,-7.183,-7.159,-6.682,-6.448,-6.259,-7.101,-5.75,-5.706,-6.757,-6.966,-4.374,-5.093,-5.052,-5.983,-4.354,-6.332,-6.596,-5.322,-5.661,-7.028,-5.914,-5.061,-5.655
OptTAR_Fixed_ligprep_20260117_0.5.maegz:441,-5.239,-5.535,-5.029,-4.777,-6.277,-4.868,-6.421,-4.963,-5.284,-5.72,-4.403,-5.674,-5.679,-7.392,-5.088,-6.354,-6.402,-6.161,-5.145,-4.451,-5.564,-6.135,-4.843,-4.712,-5.006,-4.462,-3.877,-6.972,-6.124,-6.697,-5.251,-7.05,-6.422,-5.507,-4.768,-5.615,-5.258,-4.111,-3.998,-5.126,-5.668,-5.305,-4.516,-4.035,-4.468,-5.13,-5.979,-4.047,-4.799,-4.487
OptTAR_Fixed_ligprep_20260117_0.5.maegz:442,-6.14,-5.842,-5.405,-5.638,-5.647,-6.397,-5.897,-5.578,-6.26,-5.697,-4.549,-5.659,-5.795,-7.78,-6.163,-6.814,-7.105,-7.78,-5.043,-5.12,-6.972,-5.258,-4.246,-5.24,-6.016,-6.258,-5.331,-7.323,-8.567,-6.395,-7.647,-6.702,-6.865,-5.485,-5.218,-5.966,-4.476,-5.507,-4.137,-5.045,-6.344,-5.955,-4.569,-4.91,-5.906,-6.188,-6.087,-5.139,-4.358,-4.456
OptTAR_Fixed_ligprep_20260117_0.5.maegz:443,-4.227,-3.896,-3.938,-2.642,-4.131,-2.864,-2.84,-3.488,-3.145,-3.327,-4.084,-4.159,-3.851,-5.216,-4.206,-5.091,-5.678,-5.054,-2.687,-4.454,-2.988,-3.933,-3.009,-3.322,-4.411,-3.94,-4.015,-3.152,-4.909,-5.517,-4.06,-4.725,-4.01,-3.649,-3.512,-4.07,-4.04,-3.851,-3.213,-2.946,-3.852,-3.813,-2.429,-3.564,-4.337,-3.719,-3.913,-4.254,-3.495,-3.691
OptTAR_Fixed_ligprep_20260117_0.5.maegz:444,-4.376,-4.843,-3.47,-3.609,-4.837,-4.508,-3.997,-4.137,-4.044,-3.483,-3.621,-4.285,-5.344,-6.156,-3.992,-6.166,-5.182,-4.742,-4.939,-4.552,-3.497,-5.036,-3.09,-3.553,-3.392,-3.149,-3.471,-3.072,-5.437,-5.666,-4.255,-5.269,-4.616,-3.416,-4.3,-4.755,-4.941,-4.977,-3.355,-4.009,-5.434,-3.788,-3.082,-3.57,-2.731,-4.479,-4.736,-3.366,-3.69,-3.617
OptTAR_Fixed_ligprep_20260117_0.5.maegz:445,-5.801,-5.545,-4.686,-4.12,-6.169,-3.959,-3.939,-3.869,-4.239,-4.711,-5.226,-5.31,-6.141,-7.3,-5.369,-6.087,-6.186,-6.468,-5.152,-4.265,-4.708,-5.371,-5.257,-4.629,-5.61,-4.806,-5.079,-8.28,-5.806,-5.492,-4.934,-5.322,-5.298,-5.603,-5.124,-6.861,-5.489,-6.838,-4.335,-5.631,-7.203,-3.786,-4.671,-4.796,-5.034,-4.793,-6.085,-3.845,-5.59,-5.023
OptTAR_Fixed_ligprep_20260117_0.5.maegz:446,-5.375,-5.138,-4.094,-4.93,-5.261,-5.276,-3.712,-6.614,-4.46,-4.953,-5.601,-5.28,-5.358,-7.134,-4.864,-6.735,-6.594,-6.957,-4.754,-5.439,-6.638,-5.523,-4.847,-5.012,-5.16,-5.383,-5.081,-8.274,-6.77,-6.915,-6.005,-6.344,-5.956,-5.782,-4.791,-6.905,-6.395,-4.288,-4.542,-5.303,-6.851,-4.614,-3.999,-5.705,-4.922,-4.901,-6.038,-4.182,-4.404,-4.533
OptTAR_Fixed_ligprep_20260117_0.5.maegz:447,-5.678,-5.316,-5.049,-4.038,-5.376,-5.744,-4.829,-4.918,-4.911,-5.435,-6.161,-5.242,-6.122,-8.017,-5.668,-6.488,-6.417,-6.103,-5.061,-6.495,-5.947,-5.545,-4.956,-4.601,-5.823,-5.067,-5.024,-5.015,-7.487,-6.144,-5.752,-6.377,-7.08,-5.633,-5.505,-6.937,-7.156,-6.485,-4.632,-5.595,-6.313,-5.848,-4.213,-4.459,-4.656,-5.865,-6.053,-4.631,-5.279,-5.16
OptTAR_Fixed_ligprep_20260117_0.5.maegz:448,-4.718,-4.409,-3.252,-2.609,-4.601,-4.883,-3.388,-4.519,-3.557,-3.563,-3.845,-4.794,-5.335,-7.313,-3.803,-5.867,-6.873,-6.756,-4.692,-5.103,-5.7,-5.378,-4.845,-3.786,-4.593,-4.618,-4.06,-7.17,-6.17,-6.216,-4.89,-4.92,-5.756,-4.783,-3.494,-6.019,-5.567,-6.087,-3.49,-3.163,-4.831,-4.578,-3.972,-3.727,-5.862,-4.138,-5.399,-5.21,-5.374,-3.735
OptTAR_Fixed_ligprep_20260117_0.5.maegz:449,-5.933,-4.845,-5.069,-4.749,-5.104,-4.842,-4.974,-4.579,-4.242,-4.939,-4.22,-4.891,-6.087,-7.195,-4.879,-6.038,-6.235,-6.103,-5.959,-4.163,-4.131,-5.262,-4.414,-4.429,-5.393,-5.905,-5.069,-4.247,-6.048,-5.275,-5.516,-5.995,-6.553,-5.252,-4.93,-6.01,-5.283,-5.853,-4.526,-5.408,-6.179,-5.425,-4.733,-4.798,-4.641,-4.164,-4.709,-5.0,-4.93,-5.529
OptTAR_Fixed_ligprep_20260117_0.5.maegz:450,-5.262,-3.867,-4.798,-4.688,-4.103,-4.276,-4.501,-4.623,-4.042,-3.465,-4.502,-4.85,-4.898,-6.089,-4.751,-5.794,-6.072,-5.877,-4.588,-6.312,-4.697,-4.871,-4.085,-4.629,-5.595,-4.512,-4.081,-4.385,-5.893,-5.457,-5.037,-5.24,-5.949,-4.043,-3.961,-5.396,-3.862,-5.169,-3.764,-3.933,-4.449,-5.63,-3.078,-3.639,-4.047,-4.664,-4.685,-4.39,-3.564,-4.15
OptTAR_Fixed_ligprep_20260117_0.5.maegz:451,-5.173,-5.007,-4.416,-4.679,-5.149,-3.66,-4.197,-3.297,-3.47,-4.57,-4.356,-4.272,-4.498,-6.666,-4.277,-5.956,-5.361,-6.484,-5.184,-4.727,-4.199,-4.403,-3.918,-3.645,-4.627,-4.41,-3.877,-4.165,-5.611,-5.058,-5.897,-5.952,-5.549,-3.885,-3.282,-5.808,-4.456,-4.046,-3.85,-4.463,-5.743,-4.554,-3.216,-3.438,-4.394,-5.078,-5.11,-4.192,-3.91,-3.206
OptTAR_Fixed_ligprep_20260117_0.5.maegz:452,-4.197,-3.489,-4.455,-3.73,-4.978,-5.258,-4.497,-4.132,-3.857,-3.831,-4.078,-5.617,-4.854,-6.64,-4.813,-6.058,-5.021,-6.157,-5.186,-4.964,-4.316,-4.836,-4.316,-4.183,-3.831,-5.156,-3.891,-6.054,-6.394,-5.597,-5.783,-4.45,-5.509,-4.237,-3.897,-5.247,-4.689,-4.702,-3.295,-4.23,-5.607,-5.346,-4.633,-3.632,-5.434,-5.152,-4.852,-3.602,-3.923,-4.108
OptTAR_Fixed_ligprep_20260117_0.5.maegz:453,-4.995,-5.55,-3.906,-4.993,-5.265,-3.72,-4.489,-4.399,-3.794,-4.864,-3.801,-4.007,-5.922,-5.779,-4.61,-6.715,-5.734,-5.786,-4.101,-5.003,-5.339,-4.985,-3.794,-4.182,-4.555,-4.756,-3.734,-6.216,-5.761,-4.65,-4.489,-5.086,-5.428,-5.141,-4.614,-5.471,-5.367,-4.688,-4.638,-5.452,-6.67,-4.329,-3.819,-2.742,-3.975,-4.698,-5.148,-3.637,-3.507,-2.621
OptTAR_Fixed_ligprep_20260117_0.5.maegz:454,-4.774,-4.587,-3.852,-4.602,-4.759,-5.828,-5.034,-5.503,-5.111,-4.374,-6.04,-5.123,-5.875,-7.024,-4.45,-6.359,-6.66,-6.221,-4.612,-5.386,-4.305,-4.491,-4.876,-4.35,-5.227,-5.682,-4.335,-4.573,-7.037,-6.133,-5.344,-5.505,-6.435,-4.934,-4.421,-6.029,-6.176,-5.976,-5.66,-6.02,-6.493,-5.141,-4.573,-5.974,-5.82,-5.274,-4.684,-4.864,-5.085,-4.797
OptTAR_Fixed_ligprep_20260117_0.5.maegz:455,-5.415,-5.325,-3.919,-3.683,-5.413,-5.429,-4.883,-3.719,-4.195,-5.77,-4.883,-6.213,-5.008,-6.608,-4.826,-7.14,-6.719,-6.382,-4.214,-4.771,-5.498,-5.31,-4.147,-4.784,-4.776,-6.485,-5.19,-7.898,-7.251,-5.514,-5.994,-6.108,-6.685,-5.813,-4.219,-5.966,-5.05,-3.995,-4.593,-4.809,-4.628,-4.865,-4.979,-3.448,-5.028,-5.134,-6.085,-4.758,-4.06,-4.386
OptTAR_Fixed_ligprep_20260117_0.5.maegz:456,-6.203,-6.372,-5.291,-5.339,-5.712,-5.719,-5.883,-4.885,-5.897,-6.29,-5.669,-6.296,-6.53,-7.406,-5.988,-6.765,-7.028,-6.782,-7.397,-5.874,-5.82,-6.054,-5.448,-5.042,-5.886,-5.66,-4.957,-7.902,-6.816,-7.018,-5.942,-6.407,-6.362,-6.081,-4.917,-6.101,-6.258,-6.816,-4.632,-5.039,-6.136,-4.744,-4.012,-4.046,-4.473,-5.055,-6.336,-5.577,-5.364,-5.274
OptTAR_Fixed_ligprep_20260117_0.5.maegz:457,-4.588,-5.247,-4.2,-3.941,-5.555,-5.182,-2.102,-3.688,-4.869,-4.668,-3.981,-4.411,-3.226,-5.242,-4.695,-6.322,-6.552,-6.869,-5.84,-4.381,-4.698,-5.36,-3.501,-4.07,-4.523,-4.033,-5.196,-6.544,-6.722,-5.106,-5.894,-5.603,-6.116,-4.276,-4.761,-5.716,-5.28,-4.102,-3.055,-2.829,-4.841,-4.262,-2.388,-4.313,-2.599,-4.359,-3.953,-4.655,-2.495,-3.029
OptTAR_Fixed_ligprep_20260117_0.5.maegz:458,-4.77,-5.156,-3.747,-5.598,-4.525,-6.054,-4.758,-3.524,-5.759,-3.798,-4.293,-5.594,-6.448,-6.006,-4.206,-6.02,-7.384,-6.877,-5.397,-4.046,-4.363,-6.189,-5.372,-5.024,-4.619,-4.643,-4.508,-7.336,-6.566,-5.63,-5.499,-4.824,-6.23,-4.801,-4.288,-6.334,-5.008,-4.387,-4.057,-5.314,-5.737,-4.595,-4.154,-3.499,-4.919,-5.444,-4.66,-4.576,-4.645,-4.242
OptTAR_Fixed_ligprep_20260117_0.5.maegz:459,-3.59,-4.77,-3.799,-4.05,-5.359,-4.816,-4.137,-5.195,-4.511,-4.107,-5.492,-4.865,-5.571,-6.554,-4.646,-7.057,-6.839,-7.109,-4.56,-5.032,-4.826,-5.53,-4.172,-5.187,-5.309,-5.693,-4.547,-4.67,-7.529,-6.194,-3.53,-3.407,-4.892,-5.171,-4.999,-6.011,-4.815,-4.982,-5.276,-3.311,-6.826,-4.708,-5.118,-4.123,-4.895,-4.685,-5.552,-4.505,-4.672,-4.565
OptTAR_Fixed_ligprep_20260117_0.5.maegz:460,-6.088,-5.527,-3.11,-4.383,-5.655,-6.32,-4.152,-4.42,-4.731,-4.322,-5.551,-5.606,-6.055,-6.913,-5.443,-5.713,-7.077,-5.937,-4.312,-4.57,-6.05,-5.725,-4.01,-4.34,-4.515,-4.534,-4.074,-5.328,-6.46,-6.659,-6.242,-6.393,-6.421,-5.777,-5.415,-4.713,-6.09,-4.743,-4.63,-5.837,-5.461,-6.308,-5.076,-5.55,-5.086,-4.668,-6.192,-4.287,-4.755,-5.236
OptTAR_Fixed_ligprep_20260117_0.5.maegz:461,-6.985,-4.72,-4.812,-6.537,-6.197,-5.465,-6.009,-5.323,-4.402,-5.224,-5.142,-5.915,-5.671,-7.201,-5.683,-7.244,-7.523,-7.403,-5.31,-5.071,-4.953,-5.468,-5.101,-4.693,-5.626,-4.871,-4.589,-6.802,-7.179,-7.136,-6.544,-6.251,-7.357,-5.449,-5.131,-7.178,-6.196,-4.975,-5.277,-5.458,-5.377,-6.447,-4.217,-4.442,-5.493,-6.138,-5.558,-5.604,-5.697,-6.05
OptTAR_Fixed_ligprep_20260117_0.5.maegz:462,-5.01,-4.846,-6.069,-5.781,-6.555,-5.264,-4.434,-5.069,-5.804,-5.133,-4.722,-6.052,-5.728,-6.641,-5.151,-6.352,-7.402,-7.727,-6.441,-5.185,-5.878,-6.64,-4.969,-4.309,-4.92,-5.996,-5.135,-4.635,-7.693,-6.565,-6.223,-6.689,-7.339,-5.603,-5.333,-6.581,-6.201,-4.669,-5.229,-5.724,-5.696,-4.482,-4.595,-4.373,-5.786,-6.285,-6.774,-5.091,-5.086,-5.133
OptTAR_Fixed_ligprep_20260117_0.5.maegz:463,-7.563,-5.115,-5.367,-5.712,-6.466,-6.829,-5.82,-4.535,-4.974,-5.133,-5.678,-5.962,-6.492,-7.546,-5.528,-7.442,-6.66,-7.403,-5.06,-6.389,-5.991,-7.444,-4.874,-4.158,-5.564,-6.357,-4.755,-5.526,-7.001,-7.386,-6.487,-6.57,-7.536,-5.542,-5.281,-6.597,-6.848,-5.693,-3.79,-5.139,-5.435,-5.194,-5.646,-4.493,-5.169,-5.885,-5.992,-5.608,-5.284,-5.59
OptTAR_Fixed_ligprep_20260117_0.5.maegz:464,-6.272,-4.227,-5.037,-4.181,-5.129,-4.63,-5.404,-4.552,-4.737,-4.797,-5.703,-6.157,-5.733,-7.499,-5.899,-7.331,-6.538,-7.629,-6.107,-5.333,-6.849,-6.771,-5.074,-5.374,-5.33,-6.238,-4.871,-5.862,-6.704,-6.376,-5.989,-5.925,-7.006,-5.288,-5.924,-6.187,-6.455,-4.924,-4.564,-5.386,-5.587,-4.4,-4.822,-4.78,-4.775,-4.775,-6.351,-5.572,-4.991,-5.657
OptTAR_Fixed_ligprep_20260117_0.5.maegz:465,-6.0,-5.572,-5.551,-5.42,-5.813,-4.382,-4.764,-4.317,-4.141,-5.108,-5.57,-5.801,-7.112,-7.509,-5.542,-6.814,-6.632,-6.019,-5.313,-5.569,-5.927,-6.909,-4.953,-5.011,-6.511,-5.611,-5.906,-6.217,-7.527,-6.383,-5.7,-7.623,-7.168,-6.366,-5.358,-7.225,-6.029,-4.812,-5.065,-4.93,-5.592,-4.903,-4.603,-4.474,-4.483,-6.757,-6.641,-5.717,-5.976,-4.967
OptTAR_Fixed_ligprep_20260117_0.5.maegz:466,-6.461,-6.374,-5.167,-5.064,-5.997,-5.362,-5.024,-4.426,-5.756,-5.158,-6.619,-5.86,-6.819,-7.656,-5.402,-6.899,-6.791,-7.365,-5.525,-6.671,-5.953,-7.351,-5.544,-6.019,-5.912,-6.226,-5.418,-9.127,-6.663,-7.278,-6.462,-8.322,-6.916,-5.557,-5.612,-6.94,-6.386,-6.072,-5.095,-5.396,-5.89,-5.07,-4.677,-4.257,-4.581,-6.445,-6.956,-5.307,-5.454,-5.528
OptTAR_Fixed_ligprep_20260117_0.5.maegz:467,-6.36,-5.749,-5.816,-5.872,-5.248,-5.693,-5.779,-5.168,-4.418,-5.545,-5.941,-6.194,-6.536,-7.459,-6.226,-7.653,-6.391,-6.64,-5.269,-7.783,-6.525,-6.236,-5.4,-5.723,-6.606,-6.146,-5.792,-6.248,-7.621,-6.663,-6.124,-7.106,-7.599,-6.661,-5.449,-6.917,-6.871,-4.695,-4.538,-5.318,-6.607,-6.517,-6.424,-4.214,-6.274,-6.283,-5.891,-5.285,-5.855,-5.714
OptTAR_Fixed_ligprep_20260117_0.5.maegz:468,-6.998,-6.415,-4.382,-5.19,-5.524,-5.499,-5.892,-4.61,-5.537,-4.055,-5.724,-5.247,-5.608,-6.768,-6.319,-6.08,-6.697,-6.155,-6.709,-5.042,-5.843,-6.628,-4.606,-4.469,-5.495,-4.647,-5.67,-5.404,-7.157,-6.488,-6.067,-6.379,-6.739,-4.977,-5.652,-5.635,-5.863,-4.452,-4.708,-5.211,-4.691,-5.595,-4.33,-4.212,-4.641,-4.832,-5.837,-5.151,-4.426,-4.55
OptTAR_Fixed_ligprep_20260117_0.5.maegz:469,-6.491,-7.086,-4.809,-4.896,-5.979,-4.709,-5.213,-4.938,-5.141,-6.075,-5.581,-5.859,-7.127,-7.122,-6.495,-7.258,-6.33,-6.46,-5.797,-7.517,-6.636,-6.952,-5.119,-5.846,-6.374,-5.672,-6.038,-5.659,-7.499,-6.379,-6.98,-7.064,-7.467,-5.995,-5.894,-6.783,-7.223,-5.317,-4.842,-5.753,-6.459,-5.294,-4.919,-4.294,-5.041,-5.365,-5.867,-5.417,-4.738,-5.109
OptTAR_Fixed_ligprep_20260117_0.5.maegz:470,-6.034,-6.572,-4.385,-5.511,-5.258,-6.05,-4.414,-5.797,-4.388,-5.065,-5.431,-5.484,-6.781,-6.126,-5.668,-6.733,-6.477,-6.495,-5.048,-5.355,-6.231,-5.223,-4.929,-5.854,-6.168,-4.655,-5.272,-5.764,-8.234,-5.653,-6.183,-6.536,-6.841,-6.133,-5.956,-6.899,-6.857,-4.44,-5.395,-6.018,-6.738,-5.233,-5.522,-4.217,-5.109,-5.467,-5.613,-5.386,-5.236,-4.29
OptTAR_Fixed_ligprep_20260117_0.5.maegz:471,-5.202,-4.197,-3.411,-4.168,-4.717,-3.393,-6.516,-3.852,-3.999,-3.455,-4.464,-3.47,-6.114,-5.561,-4.175,-5.884,-5.573,-5.456,-3.709,-4.749,-5.179,-5.053,-3.776,-4.65,-4.65,-4.47,-3.857,-4.493,-6.784,-4.949,-4.599,-5.844,-4.981,-5.599,-4.237,-6.058,-5.887,-4.108,-4.464,-5.214,-4.69,-4.711,-3.361,-3.141,-4.32,-4.716,-5.303,-4.107,-3.378,-3.709
OptTAR_Fixed_ligprep_20260117_0.5.maegz:472,-4.896,-6.269,-4.04,-4.57,-5.394,-5.362,-4.386,-4.954,-5.109,-4.504,-5.744,-5.881,-6.749,-8.032,-5.372,-6.567,-6.566,-6.779,-5.629,-5.2,-5.679,-5.513,-5.19,-4.569,-5.497,-6.38,-4.937,-6.431,-6.85,-6.125,-5.631,-6.252,-7.771,-4.598,-5.289,-7.248,-6.959,-5.214,-4.613,-5.535,-6.283,-6.124,-4.243,-4.255,-4.31,-4.841,-5.48,-5.289,-4.615,-4.491
OptTAR_Fixed_ligprep_20260117_0.5.maegz:473,-6.254,-5.979,-4.409,-4.154,-5.209,-5.385,-4.516,-4.775,-6.26,-4.285,-4.604,-4.43,-5.471,-6.504,-5.429,-6.521,-7.604,-6.839,-5.51,-5.074,-4.864,-6.604,-5.277,-5.162,-5.627,-5.291,-4.936,-8.186,-7.663,-5.169,-5.938,-6.189,-7.271,-5.314,-5.9,-5.379,-6.06,-5.282,-4.547,-5.718,-8.297,-5.909,-4.042,-4.024,-6.272,-5.469,-5.407,-4.978,-4.625,-4.831
OptTAR_Fixed_ligprep_20260117_0.5.maegz:474,-6.457,-5.43,-4.098,-3.707,-4.518,-5.09,-4.805,-5.059,-5.161,-4.762,-4.308,-5.234,-6.131,-7.079,-5.374,-6.813,-6.455,-6.953,-5.94,-4.659,-6.4,-5.768,-5.995,-4.242,-5.022,-4.507,-4.501,-7.375,-8.031,-6.239,-6.14,-6.24,-7.656,-6.177,-5.017,-5.835,-5.868,-5.411,-3.366,-5.12,-6.733,-4.847,-3.927,-4.784,-4.807,-4.912,-6.535,-4.979,-4.329,-5.75
OptTAR_Fixed_ligprep_20260117_0.5.maegz:475,-5.069,-5.287,-4.849,-5.362,-4.95,-4.214,-5.158,-4.294,-5.597,-4.574,-4.921,-4.695,-5.833,-6.28,-5.45,-5.96,-7.025,-6.863,-5.623,-5.044,-5.567,-6.589,-4.884,-5.391,-5.378,-5.971,-4.682,-5.173,-7.361,-5.796,-5.247,-7.066,-7.386,-4.622,-5.093,-6.06,-6.557,-5.68,-3.909,-4.985,-5.991,-3.915,-4.039,-3.484,-6.426,-4.827,-6.202,-4.672,-5.059,-5.022
OptTAR_Fixed_ligprep_20260117_0.5.maegz:476,-5.919,-5.83,-3.551,-4.557,-4.733,-5.387,-4.684,-4.775,-4.454,-4.166,-5.359,-5.043,-5.265,-5.919,-5.497,-6.793,-7.607,-6.343,-4.677,-5.14,-5.947,-5.097,-5.497,-5.346,-6.441,-4.579,-4.954,-6.822,-7.36,-6.766,-5.162,-7.199,-5.751,-5.533,-5.437,-5.889,-5.833,-5.033,-3.943,-5.037,-5.237,-5.473,-3.946,-4.704,-4.759,-5.651,-5.742,-4.508,-2.8,-5.605
OptTAR_Fixed_ligprep_20260117_0.5.maegz:477,-5.674,-6.016,-4.116,-3.978,-6.365,-5.398,-5.56,-5.055,-6.599,-4.685,-5.562,-5.894,-7.654,-7.914,-5.418,-6.933,-7.553,-6.984,-5.658,-5.844,-6.858,-7.066,-5.732,-4.94,-5.488,-6.638,-5.966,-7.544,-7.861,-6.102,-5.198,-6.154,-6.643,-5.766,-5.518,-7.536,-6.266,-6.192,-5.226,-5.52,-6.252,-6.134,-4.818,-4.129,-6.466,-5.329,-7.116,-4.658,-4.618,-4.831
OptTAR_Fixed_ligprep_20260117_0.5.maegz:478,-4.114,-3.359,-3.331,-3.408,-3.062,-2.525,-3.395,-3.74,-3.785,-3.794,-3.789,-0.9078,-4.237,-3.865,-4.314,-4.246,-4.314,-4.968,-4.967,-3.621,-2.844,-3.443,-3.556,-1.356,-3.972,-3.803,-3.569,-6.88,-4.819,-4.764,-4.463,-4.45,-3.717,-3.304,-2.956,-3.848,-4.222,-4.738,-1.936,-3.81,-2.867,-3.931,-2.212,-2.207,-2.604,-2.648,-3.308,-2.467,-3.802,-2.92
OptTAR_Fixed_ligprep_20260117_0.5.maegz:479,-5.144,-4.859,-3.439,-5.122,-6.11,-5.866,-5.466,-3.123,-4.432,-3.963,-5.25,-4.82,-5.697,-7.342,-5.118,-6.773,-6.904,-6.895,-5.477,-4.442,-4.677,-5.295,-4.127,-4.155,-4.413,-4.504,-4.747,-5.289,-6.82,-6.079,-4.917,-6.171,-6.136,-4.563,-4.629,-5.933,-5.59,-4.292,-3.711,-5.222,-5.137,-4.382,-3.964,-3.692,-3.964,-5.616,-6.061,-3.962,-4.273,-4.334
OptTAR_Fixed_ligprep_20260117_0.5.maegz:480,-3.119,-5.051,-4.494,-2.871,-4.083,-3.57,-4.058,-3.077,-4.238,-3.942,-3.69,-4.817,-4.533,-4.495,-4.098,-5.256,-5.617,-5.28,-4.997,-4.679,-5.88,-4.103,-3.262,-3.596,-5.125,-4.452,-4.261,-6.395,-5.135,-4.631,-3.93,-5.063,-4.659,-3.894,-3.257,-3.78,-3.843,-3.877,-4.113,-3.877,-3.568,-4.054,-2.821,-3.29,-4.25,-4.928,-3.221,-4.648,-2.665,-2.958
OptTAR_Fixed_ligprep_20260117_0.5.maegz:481,-4.415,-5.009,-3.139,-4.368,-4.726,-4.577,-4.515,-4.514,-4.128,-4.621,-4.033,-2.738,-5.5,-7.059,-4.246,-6.059,-5.336,-5.531,-5.55,-5.546,-4.724,-3.862,-3.467,-4.978,-4.126,-3.557,-4.291,-6.441,-4.793,-5.109,-5.598,-5.206,-5.49,-4.217,-3.953,-3.328,-5.004,-4.906,-2.972,-2.676,-4.998,-5.063,-2.958,-3.115,-3.32,-4.271,-4.815,-4.637,-3.195,-4.204
OptTAR_Fixed_ligprep_20260117_0.5.maegz:482,-3.736,-3.921,-2.306,-3.38,-3.825,-4.156,-5.691,-3.498,-4.031,-4.581,-3.764,-4.573,-4.882,-5.085,-4.065,-6.068,-5.734,-5.618,-4.797,-4.575,-4.344,-3.853,-3.278,-3.175,-2.519,-2.984,-2.16,-3.972,-4.633,-3.767,-1.92,-5.632,-5.83,-2.686,-3.645,-4.001,-4.035,-3.367,-2.847,-3.72,-5.125,-4.251,-3.074,-2.429,-2.745,-3.539,-4.505,-3.434,-2.695,-3.739
OptTAR_Fixed_ligprep_20260117_0.5.maegz:483,-4.666,-4.715,-3.459,-5.565,-4.92,-3.673,-4.124,-4.293,-3.95,-3.994,-1.975,-4.254,-5.027,-6.042,-4.588,-6.446,-6.146,-3.705,-6.241,-5.415,-6.257,-3.669,-4.208,-4.008,-3.741,-5.092,-4.739,-6.534,-6.555,-3.086,-3.918,-6.243,-3.951,-1.269,-1.642,-2.419,-4.448,-3.699,-2.497,-3.328,-4.252,-2.689,-3.86,-1.917,-4.446,-3.37,-3.493,-4.82,-4.071,-3.231
OptTAR_Fixed_ligprep_20260117_0.5.maegz:484,-6.488,-6.16,-4.832,-3.907,-5.361,-5.703,-3.804,-4.674,-6.253,-4.884,-5.589,-4.824,-5.639,-5.089,-5.418,-6.165,-6.613,-6.475,-6.153,-4.202,-5.185,-5.825,-4.15,-4.118,-4.951,-4.443,-4.782,-7.097,-6.388,-6.715,-4.955,-5.423,-6.982,-5.209,-4.885,-6.045,-6.348,-4.732,-4.643,-5.449,-3.835,-4.619,-4.668,-4.764,-4.698,-4.756,-5.43,-5.537,-5.271,-4.182
OptTAR_Fixed_ligprep_20260117_0.5.maegz:485,-6.584,-6.385,-4.36,-4.822,-5.331,-6.11,-4.646,-4.977,-4.861,-4.969,-5.949,-5.206,-6.42,-7.378,-5.987,-6.545,-6.741,-6.726,-6.759,-5.375,-6.313,-6.263,-4.301,-4.646,-5.475,-6.458,-5.874,-7.048,-7.487,-6.611,-6.254,-7.066,-6.889,-5.116,-4.451,-5.62,-6.099,-6.357,-5.226,-6.218,-6.134,-5.921,-3.849,-4.215,-5.52,-4.895,-5.705,-4.719,-4.754,-4.759
OptTAR_Fixed_ligprep_20260117_0.5.maegz:486,-5.419,-5.959,-5.516,-5.083,-5.273,-5.055,-5.046,-4.417,-4.91,-5.419,-5.387,-5.732,-7.032,-6.612,-5.542,-7.124,-6.218,-6.811,-7.725,-5.026,-4.798,-5.852,-4.537,-5.25,-5.187,-5.25,-4.651,-5.393,-7.094,-6.24,-5.529,-5.796,-6.548,-4.791,-5.567,-5.443,-5.99,-4.912,-5.003,-5.966,-6.743,-5.855,-5.383,-5.912,-5.244,-5.041,-5.486,-5.043,-4.84,-4.721
OptTAR_Fixed_ligprep_20260117_0.5.maegz:487,-6.54,-6.465,-4.49,-5.555,-5.142,-6.274,-7.04,-4.693,-5.525,-5.62,-5.627,-6.183,-6.394,-7.176,-6.489,-6.515,-6.654,-6.661,-7.439,-6.579,-6.493,-5.852,-4.869,-5.001,-5.851,-6.152,-5.154,-7.187,-7.557,-6.883,-6.619,-6.852,-6.716,-5.871,-6.257,-6.3,-6.534,-6.53,-5.378,-6.544,-6.277,-6.214,-5.434,-4.819,-4.744,-5.95,-6.011,-5.81,-5.397,-5.502
OptTAR_Fixed_ligprep_20260117_0.5.maegz:488,-6.126,-5.728,-4.779,-4.557,-5.143,-5.822,-6.72,-5.946,-4.55,-3.994,-5.068,-5.732,-6.646,-6.489,-6.119,-6.183,-7.018,-6.778,-7.324,-7.125,-5.978,-6.043,-4.284,-6.235,-5.524,-6.544,-5.796,-7.455,-6.941,-6.758,-5.514,-6.431,-7.458,-5.839,-5.659,-6.155,-5.511,-6.108,-5.317,-5.263,-4.923,-4.874,-5.355,-4.597,-4.776,-5.27,-5.741,-5.528,-4.546,-4.546
OptTAR_Fixed_ligprep_20260117_0.5.maegz:489,-6.181,-6.789,-6.082,-5.8,-5.197,-6.277,-5.496,-6.124,-5.39,-4.595,-5.501,-5.546,-6.724,-6.819,-6.06,-6.476,-6.889,-6.884,-6.182,-6.344,-6.588,-5.862,-4.809,-5.136,-5.064,-5.123,-6.688,-7.438,-7.537,-7.439,-6.539,-7.036,-6.786,-5.249,-4.909,-6.551,-6.804,-5.813,-5.437,-5.49,-6.812,-6.531,-4.881,-4.703,-4.766,-6.088,-6.582,-5.753,-5.523,-5.376
OptTAR_Fixed_ligprep_20260117_0.5.maegz:490,-5.924,-6.076,-5.037,-4.709,-5.184,-5.278,-6.201,-4.677,-4.886,-5.329,-5.541,-5.145,-6.442,-6.934,-5.099,-6.36,-6.346,-6.296,-5.713,-4.829,-7.043,-6.457,-4.627,-5.605,-5.476,-6.415,-6.441,-7.03,-6.559,-7.444,-5.893,-5.91,-7.111,-5.269,-4.708,-6.155,-6.126,-5.271,-5.118,-6.747,-5.263,-6.373,-3.709,-4.538,-4.611,-4.944,-5.773,-5.588,-5.073,-4.874
OptTAR_Fixed_ligprep_20260117_0.5.maegz:491,-6.232,-6.638,-4.428,-3.909,-5.23,-6.392,-4.718,-4.465,-4.905,-5.001,-5.325,-5.355,-6.422,-6.447,-5.322,-6.49,-6.652,-6.324,-5.068,-5.895,-4.767,-5.637,-4.377,-4.854,-4.556,-4.785,-4.53,-6.496,-7.432,-7.239,-5.707,-6.193,-6.53,-4.98,-4.938,-5.586,-5.842,-4.485,-4.534,-4.958,-6.698,-5.108,-4.566,-4.224,-5.097,-4.844,-5.919,-5.155,-4.611,-4.612
OptTAR_Fixed_ligprep_20260117_0.5.maegz:492,-5.208,-5.186,-5.221,-4.194,-5.033,-5.211,-6.583,-4.336,-5.477,-5.395,-5.386,-4.782,-5.858,-7.167,-5.01,-6.388,-6.573,-6.126,-6.639,-4.656,-4.533,-5.198,-4.407,-4.175,-5.015,-5.985,-4.868,-4.85,-5.923,-7.269,-5.45,-6.52,-6.621,-4.093,-4.474,-5.204,-5.849,-4.654,-4.533,-5.822,-6.368,-6.139,-5.148,-5.488,-5.115,-4.841,-4.888,-4.956,-5.19,-5.173
OptTAR_Fixed_ligprep_20260117_0.5.maegz:493,-6.154,-6.297,-5.231,-3.953,-4.794,-5.778,-5.2,-4.43,-5.317,-4.486,-5.478,-4.854,-6.178,-6.526,-5.406,-6.471,-6.361,-6.301,-5.627,-7.312,-4.962,-5.84,-4.501,-4.109,-5.499,-5.074,-4.751,-4.976,-7.091,-7.45,-5.519,-6.359,-6.786,-5.867,-4.369,-5.821,-5.594,-5.082,-5.082,-5.191,-5.452,-4.369,-4.98,-3.912,-4.736,-3.839,-6.012,-4.989,-4.953,-4.708
OptTAR_Fixed_ligprep_20260117_0.5.maegz:494,-4.667,-5.888,-5.278,-2.551,-2.553,-5.2,-4.602,-4.516,-3.689,-2.781,-3.311,-3.468,-4.366,-7.234,-5.195,-5.529,-5.527,-5.871,-3.935,-3.419,-4.074,-4.739,-4.193,-4.196,-4.861,-3.823,-3.748,-3.344,-6.272,-6.001,-6.283,-5.403,-3.138,-2.941,-4.168,-3.839,-5.007,-3.802,-3.879,-4.913,-3.216,-5.306,-2.537,-1.16,-2.812,-3.388,-4.636,-3.865,-3.82,-3.643
OptTAR_Fixed_ligprep_20260117_0.5.maegz:495,-4.79,-4.091,-4.509,-4.251,-5.278,-5.028,-4.703,-4.446,-4.539,-4.086,-4.941,-4.142,-5.635,-6.325,-4.811,-5.804,-5.133,-6.11,-5.785,-5.167,-5.937,-4.279,-3.576,-4.459,-4.42,-4.212,-4.071,-5.53,-5.527,-4.1,-5.627,-6.159,-5.638,-4.465,-3.866,-3.89,-4.362,-5.169,-5.047,-4.67,-5.276,-4.949,-4.219,-4.424,-4.426,-4.241,-5.314,-4.011,-4.938,-4.049
OptTAR_Fixed_ligprep_20260117_0.5.maegz:496,-4.569,-3.199,-4.498,-3.992,-4.434,-4.743,-4.439,-3.944,-4.451,-3.238,-3.967,-3.68,-5.151,-6.319,-4.485,-5.901,-5.535,-5.179,-3.957,-4.92,-5.769,-5.325,-4.209,-5.237,-4.037,-3.757,-3.971,-4.889,-5.322,-5.131,-4.506,-6.105,-6.195,-4.567,-4.104,-4.726,-5.038,-5.402,-5.195,-5.663,-6.227,-3.389,-3.721,-3.806,-4.71,-4.69,-5.104,-4.725,-3.675,-3.728
OptTAR_Fixed_ligprep_20260117_0.5.maegz:497,-4.699,-4.608,-3.969,-5.028,-4.246,-4.551,-3.32,-3.666,-4.031,-3.917,-3.84,-3.955,-5.035,-6.052,-4.372,-5.514,-5.362,-5.863,-4.709,-4.71,-4.958,-5.447,-3.658,-3.318,-4.574,-3.634,-4.401,-4.152,-5.682,-4.802,-5.1,-6.052,-6.017,-4.123,-4.176,-4.823,-5.119,-3.96,-4.488,-4.868,-5.227,-4.154,-2.908,-2.859,-3.844,-4.324,-5.101,-4.036,-3.786,-3.325
OptTAR_Fixed_ligprep_20260117_0.5.maegz:498,-4.672,-4.276,-4.603,-4.886,-5.497,-5.037,-4.254,-4.556,-4.535,-4.811,-5.165,-4.689,-5.422,-6.318,-4.025,-5.326,-5.575,-6.152,-5.698,-5.693,-6.489,-5.318,-3.527,-4.632,-4.569,-3.636,-5.473,-6.096,-5.684,-4.777,-5.213,-5.752,-5.971,-4.094,-3.859,-4.86,-4.622,-3.967,-4.284,-4.599,-5.478,-4.164,-4.207,-3.825,-4.182,-4.842,-5.441,-4.223,-3.92,-4.776
OptTAR_Fixed_ligprep_20260117_0.5.maegz:499,-5.15,-4.782,-4.106,-4.133,-4.92,-4.903,-4.309,-3.952,-4.901,-4.115,-4.149,-4.461,-5.819,-6.228,-4.575,-6.024,-6.204,-5.432,-4.677,-4.769,-6.57,-4.932,-3.708,-4.013,-4.447,-5.304,-3.858,-5.011,-5.821,-5.545,-4.031,-6.012,-6.076,-4.211,-4.187,-5.267,-4.42,-5.285,-5.131,-5.236,-5.716,-4.532,-4.386,-2.91,-5.535,-4.792,-3.415,-4.499,-3.901,-4.08
OptTAR_Fixed_ligprep_20260117_0.5.maegz:500,-4.842,-4.595,-4.835,-4.756,-5.522,-4.281,-4.136,-3.358,-4.334,-4.306,-4.937,-4.537,-5.101,-6.456,-4.232,-5.356,-5.089,-5.964,-4.661,-4.67,-6.033,-4.727,-3.638,-4.417,-5.119,-4.501,-5.203,-5.794,-6.715,-4.717,-4.844,-5.9,-5.952,-4.58,-3.744,-4.707,-4.876,-5.045,-4.205,-4.564,-6.278,-4.888,-4.054,-3.629,-4.188,-4.558,-5.029,-4.542,-3.954,-3.492
OptTAR_Fixed_ligprep_20260117_0.5.maegz:501,-4.737,-4.246,-4.014,-4.426,-4.816,-4.432,-2.425,-3.612,-4.161,-4.883,-4.437,-4.127,-5.731,-6.314,-4.725,-4.875,-6.132,-5.323,-4.202,-4.074,-4.454,-4.927,-3.756,-4.177,-5.289,-4.23,-3.438,-7.057,-4.24,-5.415,-4.167,-4.744,-5.385,-4.183,-4.53,-4.183,-5.195,-3.821,-4.014,-4.365,-3.614,-2.646,-2.965,-3.133,-2.987,-4.312,-5.654,-3.799,-4.153,-3.499
OptTAR_Fixed_ligprep_20260117_0.5.maegz:502,-5.609,-4.751,-5.115,-5.113,-5.767,-4.996,-5.496,-5.313,-5.088,-4.725,-6.457,-4.92,-6.993,-6.772,-4.93,-6.938,-6.257,-5.886,-5.381,-4.899,-5.782,-6.563,-4.672,-4.734,-5.638,-4.52,-4.104,-6.206,-6.642,-5.469,-5.661,-6.448,-6.443,-5.002,-4.94,-5.085,-5.876,-5.758,-4.821,-5.277,-5.852,-4.604,-4.692,-5.205,-4.676,-5.247,-5.656,-4.664,-5.138,-5.019
OptTAR_Fixed_ligprep_20260117_0.5.maegz:503,-4.607,-6.205,-4.306,-4.792,-5.63,-5.28,-4.266,-4.364,-5.687,-5.182,-5.685,-4.977,-6.551,-6.736,-4.48,-6.913,-5.774,-5.928,-5.179,-5.373,-5.511,-6.346,-4.63,-4.851,-5.283,-4.639,-3.83,-4.641,-6.627,-5.861,-6.098,-6.028,-6.226,-4.766,-4.353,-6.021,-5.393,-5.175,-4.207,-4.953,-5.722,-4.423,-4.091,-5.024,-4.407,-5.413,-5.658,-4.009,-4.637,-4.273
OptTAR_Fixed_ligprep_20260117_0.5.maegz:504,-5.28,-6.273,-5.439,-5.836,-5.963,-5.782,-5.265,-4.918,-5.5,-4.65,-5.817,-4.925,-6.939,-6.921,-5.221,-6.423,-6.21,-6.77,-5.309,-5.232,-5.007,-6.158,-4.086,-4.694,-5.463,-4.528,-5.121,-5.197,-6.777,-5.73,-4.523,-6.205,-6.355,-5.289,-5.277,-5.861,-5.223,-5.862,-5.424,-5.168,-5.689,-4.672,-4.199,-4.402,-4.985,-5.223,-5.648,-4.766,-4.544,-4.507
OptTAR_Fixed_ligprep_20260117_0.5.maegz:505,-5.257,-4.258,-4.175,-5.565,-5.626,-5.297,-5.116,-4.275,-4.904,-5.397,-4.553,-4.971,-5.845,-6.619,-5.781,-6.15,-6.284,-5.704,-5.974,-4.942,-5.592,-5.348,-4.622,-4.569,-4.657,-4.845,-3.935,-4.455,-6.849,-6.191,-4.796,-5.78,-5.961,-5.251,-4.814,-4.845,-6.267,-5.442,-4.567,-4.647,-5.708,-5.105,-3.571,-3.854,-3.844,-4.945,-5.485,-4.175,-4.938,-4.221
OptTAR_Fixed_ligprep_20260117_0.5.maegz:506,-4.774,-3.872,-3.953,-4.211,-5.005,-4.819,-4.199,-3.652,-4.537,-4.16,-4.085,-3.902,-5.601,-5.961,-4.025,-4.644,-5.005,-5.838,-4.947,-4.694,-4.999,-4.859,-3.889,-3.84,-4.404,-4.718,-4.098,-5.874,-5.545,-4.546,-5.108,-5.063,-5.627,-4.749,-4.201,-4.313,-4.308,-4.785,-3.903,-5.885,-5.964,-5.124,-3.667,-4.522,-4.574,-4.571,-5.411,-4.111,-3.683,-3.722
OptTAR_Fixed_ligprep_20260117_0.5.maegz:507,-5.077,-4.17,-4.108,-3.997,-3.778,-3.668,-4.892,-3.01,-4.237,-3.749,-3.767,-3.934,-4.873,-5.848,-4.849,-6.026,-5.745,-5.297,-4.877,-4.04,-3.519,-4.882,-3.234,-3.372,-3.428,-4.032,-3.445,-5.169,-4.53,-4.129,-4.196,-4.546,-5.074,-4.101,-2.817,-4.122,-4.281,-3.937,-4.214,-3.853,-4.241,-4.639,-3.273,-3.262,-4.58,-3.883,-4.342,-4.197,-3.532,-3.291
OptTAR_Fixed_ligprep_20260117_0.5.maegz:508,-5.494,-4.674,-4.003,-2.371,-4.544,-4.678,-3.542,-3.124,-3.94,-3.001,-3.464,-4.566,-4.882,-5.863,-5.074,-6.082,-5.758,-5.299,-5.03,-6.111,-3.657,-4.654,-2.828,-2.989,-4.073,-3.943,-4.531,-4.353,-5.342,-4.415,-3.926,-5.449,-5.843,-3.924,-3.839,-4.591,-4.178,-4.393,-3.756,-4.141,-4.705,-5.084,-3.333,-2.848,-3.987,-4.59,-4.822,-3.449,-4.022,-3.427
OptTAR_Fixed_ligprep_20260117_0.5.maegz:509,-4.726,-2.914,-3.579,-4.292,-4.413,-3.579,-3.559,-5.136,-4.402,-4.584,-4.216,-3.883,-4.67,-4.297,-4.644,-6.175,-4.243,-6.048,-3.17,-5.884,-4.059,-4.563,-3.632,-4.188,-3.854,-4.839,-4.487,-5.051,-4.875,-4.798,-4.896,-5.429,-5.444,-4.129,-2.379,-4.474,-3.888,-4.801,-4.837,-3.813,-4.561,-5.161,-2.678,-3.695,-4.31,-4.875,-4.445,-4.412,-1.771,-3.2
OptTAR_Fixed_ligprep_20260117_0.5.maegz:510,-4.926,-3.618,-5.008,-3.499,-4.396,-3.356,-4.058,-4.333,-5.163,-4.855,-1.509,-5.002,-4.285,-5.124,-2.269,-3.815,-3.614,-2.693,-2.217,-1.359,-5.786,-4.168,-1.88,-3.858,-2.462,-3.311,-3.555,-1.934,-5.067,-3.367,-4.558,-5.383,-5.139,-4.641,-2.982,-3.905,-4.559,-3.007,-1.857,-1.773,-4.975,-2.155,-1.151,-3.397,-3.977,-3.876,-4.278,-2.329,-1.903,-2.806
OptTAR_Fixed_ligprep_20260117_0.5.maegz:511,-4.051,-3.201,-4.115,-2.613,-4.036,-3.874,-2.789,-4.788,-3.116,-3.268,-3.375,-4.123,-3.937,-4.555,-2.857,-6.333,-4.653,-5.263,-4.565,-4.46,-3.73,-3.824,-3.708,-4.379,-2.959,-3.237,-3.535,-3.565,-4.516,-5.126,-4.617,-3.357,-4.483,-3.816,-2.157,-4.207,-4.404,-2.921,-2.941,-3.492,-5.112,-3.267,-3.076,-3.661,-2.522,-4.235,-4.05,-3.499,-3.84,-3.397
OptTAR_Fixed_ligprep_20260117_0.5.maegz:512,-4.762,-5.423,-5.688,-2.699,-6.203,-5.338,-4.147,-3.038,-4.058,-3.678,-3.59,-5.551,-6.297,-7.142,-5.182,-5.957,-7.3,-6.69,-6.345,-5.949,-5.889,-5.4,-4.274,-4.112,-5.295,-6.42,-4.511,-6.342,-6.278,-6.118,-7.082,-6.48,-5.232,-5.067,-4.985,-4.771,-5.316,-3.602,-4.775,-4.037,-5.776,-4.098,-2.862,-3.65,-5.093,-5.636,-6.174,-3.108,-3.855,-4.901
OptTAR_Fixed_ligprep_20260117_0.5.maegz:513,-3.793,-5.711,-6.043,-5.183,-6.217,-4.888,-5.87,-5.484,-4.985,-4.715,-3.648,-5.377,-4.505,-6.402,-2.563,-6.729,-7.564,-7.668,-6.494,-3.421,-4.76,-5.047,-4.584,-4.721,-5.647,-5.052,-5.433,-5.762,-5.672,-7.029,-4.826,-5.233,-3.886,-4.999,-5.339,-3.536,-5.686,-3.652,-4.357,-5.565,-3.332,-6.405,-3.678,-2.218,-1.848,-5.082,-4.631,-2.848,-4.882,-5.22
OptTAR_Fixed_ligprep_20260117_0.5.maegz:514,-4.649,-5.66,-6.264,-5.509,-6.506,-5.478,-3.612,-5.25,-5.413,-5.516,-5.478,-5.201,-5.837,-6.639,-5.191,-4.815,-7.294,-7.08,-5.354,-4.568,-5.494,-5.755,-4.146,-3.995,-5.038,-4.727,-5.253,-6.642,-7.272,-6.58,-5.682,-7.83,-4.685,-4.866,-6.329,-5.525,-5.17,-4.382,-4.748,-4.533,-6.624,-4.878,-3.132,-1.757,-4.949,-6.144,-5.475,-3.759,-4.257,-4.666
OptTAR_Fixed_ligprep_20260117_0.5.maegz:515,-5.055,-5.237,-5.433,-5.12,-5.492,-4.625,-5.794,-5.252,-4.977,-5.46,-5.688,-4.526,-6.222,-5.961,-5.113,-7.239,-5.216,-7.924,-5.815,-4.422,-5.432,-4.908,-4.39,-5.048,-4.517,-4.817,-3.713,-7.325,-5.731,-6.146,-5.506,-7.734,-6.833,-4.233,-4.78,-5.297,-5.048,-3.71,-4.673,-4.578,-6.01,-5.827,-2.358,-2.775,-4.217,-5.513,-6.284,-3.741,-4.277,-4.44
OptTAR_Fixed_ligprep_20260117_0.5.maegz:516,-5.002,-2.571,-5.111,-5.009,-6.139,-5.825,-4.548,-5.644,-6.242,-5.417,-5.765,-3.662,-5.771,-5.5,-5.712,-6.283,-7.453,-7.15,-5.797,-3.851,-5.156,-5.499,-4.821,-5.164,-4.327,-5.779,-5.313,-5.231,-6.599,-6.371,-6.175,-6.572,-5.312,-4.774,-4.432,-6.529,-5.573,-4.339,-3.813,-5.689,-2.752,-3.134,-3.98,-3.039,-3.966,-4.495,-6.265,-4.458,-4.305,-4.48
OptTAR_Fixed_ligprep_20260117_0.5.maegz:517,-5.226,-2.461,-2.968,-3.017,-5.784,-4.947,-5.725,-4.467,-2.551,-3.866,-5.415,-5.132,-4.566,-7.771,-5.139,-7.043,-6.924,-7.607,-6.691,-4.892,-5.641,-4.947,-3.901,-4.563,-4.657,-5.767,-5.11,-6.664,-6.793,-6.035,-4.456,-5.708,-5.602,-4.79,-4.042,-5.017,-5.315,-5.002,-3.641,-3.988,-6.227,-3.766,-2.661,-3.552,-4.099,-4.892,-6.317,-4.126,-3.603,-4.248
OptTAR_Fixed_ligprep_20260117_0.5.maegz:518,-5.198,-3.451,-6.378,-5.877,-5.467,-3.547,-5.358,-3.272,-5.96,-5.172,-4.413,-4.985,-5.053,-6.21,-5.776,-7.101,-7.413,-8.002,-5.169,-3.221,-5.26,-5.007,-4.208,-2.227,-4.624,-4.298,-4.352,-7.62,-6.059,-6.086,-6.235,-5.218,-6.369,-5.617,-2.909,-4.949,-5.925,-2.355,-3.59,-4.492,-8.233,-6.948,-4.389,-3.74,-4.453,-6.076,-5.484,-4.22,-3.726,-4.707
OptTAR_Fixed_ligprep_20260117_0.5.maegz:519,-5.044,-3.611,-4.446,-4.261,-4.794,-4.255,-3.476,-2.755,-4.549,-4.876,-4.062,-4.554,-5.572,-5.951,-5.526,-6.887,-6.119,-6.118,-3.547,-5.449,-4.444,-4.317,-3.773,-5.219,-4.691,-4.707,-3.876,-4.422,-5.188,-5.416,-3.723,-6.314,-4.761,-4.566,-4.273,-5.887,-3.37,-4.689,-3.575,-4.757,-5.075,-4.632,-1.13,-2.888,-3.436,-4.921,-5.112,-4.177,-3.816,-3.849
OptTAR_Fixed_ligprep_20260117_0.5.maegz:520,-6.07,-5.381,-5.264,-5.352,-5.523,-4.25,-5.873,-5.452,-4.517,-4.755,-4.084,-5.335,-5.719,-6.366,-5.152,-6.747,-5.285,-6.891,-4.831,-4.548,-4.702,-5.394,-4.052,-4.438,-4.552,-4.52,-2.924,-5.055,-5.951,-6.449,-5.994,-6.544,-6.118,-3.986,-4.094,-4.791,-5.474,-4.826,-4.145,-5.585,-5.071,-4.631,-3.712,-4.345,-5.418,-5.211,-5.829,-4.459,-3.824,-4.199
OptTAR_Fixed_ligprep_20260117_0.5.maegz:521,-5.785,-3.419,-2.799,-1.596,-3.363,-4.898,-4.421,-2.662,-2.059,-4.427,-4.091,-4.8,-4.204,-6.506,-4.106,-4.696,-4.649,-6.377,-4.535,-4.289,-3.842,-4.923,-1.567,-4.489,-4.181,-2.644,-3.335,-4.321,-5.228,-7.151,-5.614,-4.885,-4.584,-4.778,-2.859,-5.072,-3.492,-2.137,-2.777,-5.101,-4.679,-1.716,-1.034,-2.656,-1.639,-5.006,-3.928,-2.866,-4.442,-4.2
OptTAR_Fixed_ligprep_20260117_0.5.maegz:522,-4.829,-4.709,-2.598,-4.83,-4.426,-2.29,-4.932,-2.551,-3.291,-4.477,-2.015,-3.935,-5.468,-6.216,-5.309,-4.29,-7.486,-7.301,-2.456,-1.905,-3.234,-4.948,-1.166,-2.041,-4.622,-3.981,-3.914,-6.513,-3.719,-6.486,-5.501,-5.636,-4.717,-1.829,-1.79,-5.159,-4.848,-3.529,-2.54,-6.599,-2.654,-2.633,-3.499,-1.19,-3.555,-3.326,-5.082,-4.325,-1.858,-4.317
OptTAR_Fixed_ligprep_20260117_0.5.maegz:523,-4.282,-1.325,-3.952,-4.207,-2.727,-4.312,-4.702,-5.283,-1.932,-2.42,-2.039,-5.711,-4.344,-4.951,-3.874,-4.629,-4.452,-6.275,-2.457,-1.318,-2.644,-5.059,-0.6658,-3.442,-2.819,-2.152,-2.071,-3.942,-5.148,-2.946,-3.068,-5.799,-3.192,-1.565,-1.649,-4.493,-4.16,-2.783,-0.3,-4.448,-2.473,-4.658,-1.595,-1.165,-1.501,-2.716,-5.017,-2.878,-3.511,-0.8677
OptTAR_Fixed_ligprep_20260117_0.5.maegz:524,-5.382,-2.124,-4.344,-1.935,-1.669,-4.733,-4.805,-5.305,-4.987,-4.012,-4.976,-5.185,-5.655,-6.189,-2.996,-6.129,-6.115,-5.876,-4.506,-0.9986,-4.332,-6.847,-2.999,-3.79,-4.809,-3.915,-3.729,-6.037,-5.561,-6.449,-4.914,-5.143,-6.148,-3.904,-4.196,-4.793,-4.773,-3.145,-4.625,-3.72,-5.174,-1.023,-3.627,-3.149,-3.647,-4.842,-5.677,-3.23,-3.684,-3.169
OptTAR_Fixed_ligprep_20260117_0.5.maegz:525,-5.354,-6.473,-5.533,-5.071,-5.884,-4.937,-5.446,-5.714,-5.764,-5.381,-5.176,-4.5,-6.386,-7.324,-5.21,-6.021,-6.281,-6.539,-6.119,-4.689,-4.996,-5.887,-5.1,-5.831,-4.94,-6.283,-7.41,-7.276,-6.433,-6.008,-5.504,-6.28,-7.063,-5.369,-5.032,-5.052,-5.299,-6.309,-6.812,-5.865,-6.211,-6.408,-5.728,-5.483,-6.295,-5.44,-5.787,-5.323,-4.56,-4.62
OptTAR_Fixed_ligprep_20260117_0.5.maegz:526,-4.216,-3.353,-4.519,-2.069,-2.589,-3.369,-3.715,-3.762,-3.413,-3.656,-3.74,-3.15,-3.819,-5.508,-3.255,-4.892,-5.876,-4.228,-3.286,-3.013,-6.395,-3.816,-2.911,-3.113,-3.136,-2.688,-1.527,-3.864,-5.674,-5.164,-4.909,-4.581,-4.197,-1.9,-3.948,-3.905,-5.174,-2.616,-1.09,-4.373,-5.076,-3.372,-1.417,-3.029,-0.9129,-2.295,-4.524,-3.556,-2.961,-3.521
OptTAR_Fixed_ligprep_20260117_0.5.maegz:527,-4.927,-2.533,-4.677,-4.295,-3.497,-0.3178,-2.819,-3.12,-3.739,-2.952,-3.265,-3.041,-4.355,-5.21,-2.614,-5.141,-4.759,-4.851,-3.77,-3.716,-3.843,-3.269,-2.911,-3.139,-1.378,-3.536,-4.123,-3.302,-6.291,-4.255,-2.949,-3.271,-3.343,0.6808,-3.153,-3.186,-4.78,-1.424,-3.441,-2.28,-3.383,-1.635,-4.054,-3.133,-3.424,-1.319,-3.356,-1.453,-2.823,-3.07
OptTAR_Fixed_ligprep_20260117_0.5.maegz:528,-3.31,-2.076,-2.381,-2.292,-4.689,-4.825,-2.261,-5.308,-4.867,-4.925,-2.167,-2.269,-6.114,-6.924,-4.29,-5.202,-6.293,-4.981,-3.4,-4.768,-3.547,-3.244,-2.0,-3.643,-0.288,-4.297,-1.797,-5.547,-4.848,-6.192,-3.53,-6.614,-3.754,-2.525,-3.86,-3.228,-5.799,-1.985,-2.972,-5.605,-5.964,-2.012,-0.6972,-0.7878,-1.981,-1.804,-2.988,-3.836,-4.448,-4.075
OptTAR_Fixed_ligprep_20260117_0.5.maegz:529,-5.812,-2.513,-3.99,-4.586,-4.628,-5.313,-4.902,-1.558,-5.079,-4.622,-5.055,-5.889,-4.978,-6.009,-2.126,-5.988,-4.184,-5.237,-3.544,-4.097,-4.999,-4.486,-3.183,-3.5,-4.645,-3.426,-3.345,-5.885,-6.769,-5.868,-4.247,-4.555,-3.211,-3.301,-4.237,-5.29,-3.162,-3.485,-3.377,-4.725,-5.52,-5.588,-4.414,-2.757,-5.06,-3.174,-5.198,-2.076,-3.091,-4.867
OptTAR_Fixed_ligprep_20260117_0.5.maegz:530,-4.946,-4.1,-1.322,-4.523,-4.001,-3.872,-4.165,-4.575,-5.46,-3.644,-4.282,-4.656,-3.345,-6.115,-5.348,-4.983,-6.159,-4.094,-3.558,-4.379,-3.047,-4.494,-2.895,-2.026,-2.495,-2.391,-0.603,-4.141,-4.921,-6.071,-3.597,-3.825,-4.773,-2.133,-3.55,-4.258,-5.225,-3.085,-3.959,-4.958,-5.738,-2.041,-2.603,-4.789,-3.243,-2.665,-1.889,-4.094,-3.471,-2.987
OptTAR_Fixed_ligprep_20260117_0.5.maegz:531,-4.627,-5.37,-3.156,-3.428,-5.251,-4.499,-3.907,-4.232,-3.044,-3.74,-1.837,-4.299,-6.346,-5.928,-4.869,-5.663,-6.314,-4.737,-4.396,-3.438,-4.415,-4.383,-3.696,-2.457,-4.305,-3.81,-3.661,-6.328,-6.648,-5.651,-4.786,-5.008,-5.663,-4.92,-3.025,-4.557,-5.097,-3.92,-3.441,-5.071,-5.757,-4.018,-3.743,-1.436,-4.052,-3.724,-5.238,-4.756,-3.457,-3.564
OptTAR_Fixed_ligprep_20260117_0.5.maegz:532,-4.817,-4.518,-3.98,-5.08,-5.92,-3.972,-4.126,-5.732,-4.9,-5.709,-6.099,-5.861,-6.822,-6.561,-4.285,-6.32,-6.198,-4.091,-6.068,-5.119,-5.706,-5.762,-4.551,-4.468,-5.766,-5.535,-4.865,-4.832,-7.863,-6.188,-5.42,-4.86,-7.732,-4.719,-4.426,-6.08,-5.668,-6.618,-3.513,-4.693,-7.132,-5.046,-5.126,-4.25,-4.712,-5.133,-4.766,-4.881,-5.021,-5.362
OptTAR_Fixed_ligprep_20260117_0.5.maegz:533,-5.585,-4.846,-4.075,-5.187,-5.544,-4.454,-3.072,-5.039,-4.596,-4.599,-5.133,-4.891,-5.87,-7.187,-4.223,-5.5,-5.417,-6.131,-4.722,-4.596,-5.116,-5.035,-4.732,-4.998,-4.948,-4.018,-5.458,-6.528,-6.156,-4.114,-5.964,-6.798,-6.897,-4.591,-4.435,-4.905,-5.666,-5.08,-4.758,-4.064,-5.33,-4.368,-3.566,-5.094,-4.104,-4.942,-4.659,-4.2,-4.677,-5.265
OptTAR_Fixed_ligprep_20260117_0.5.maegz:534,-5.634,-5.002,-4.895,-5.149,-5.988,-5.994,-4.998,-5.693,-4.733,-5.212,-5.81,-6.533,-6.777,-8.014,-4.405,-6.888,-6.616,-6.212,-5.749,-5.336,-4.723,-5.391,-4.987,-5.56,-5.516,-4.625,-5.594,-5.46,-7.543,-7.106,-5.888,-6.049,-6.027,-5.022,-5.208,-6.131,-7.305,-5.092,-4.276,-5.183,-6.531,-5.706,-4.812,-3.245,-4.746,-6.242,-6.063,-4.982,-4.728,-4.787
OptTAR_Fixed_ligprep_20260117_0.5.maegz:535,-4.661,-5.892,-4.371,-4.575,-4.444,-5.148,-4.105,-4.29,-4.407,-4.391,-5.046,-4.212,-5.298,-6.615,-5.691,-6.646,-6.703,-6.647,-4.971,-5.675,-3.679,-4.841,-3.83,-4.038,-4.537,-4.718,-3.498,-6.777,-5.365,-5.113,-5.859,-5.966,-6.697,-4.982,-4.557,-4.777,-3.64,-4.615,-5.415,-4.524,-5.285,-4.218,-3.413,-2.949,-4.212,-4.439,-5.732,-4.508,-4.589,-3.613
OptTAR_Fixed_ligprep_20260117_0.5.maegz:536,-6.209,-4.775,-4.13,-5.934,-5.922,-6.059,-5.207,-5.468,-6.343,-5.468,-4.844,-5.219,-5.96,-6.944,-5.475,-6.175,-6.251,-6.251,-5.85,-5.046,-5.416,-5.518,-4.542,-5.112,-4.946,-5.502,-4.717,-7.351,-7.257,-6.948,-5.823,-6.872,-6.337,-5.086,-4.263,-5.843,-5.903,-4.427,-4.812,-6.097,-6.151,-4.859,-4.474,-5.134,-5.714,-5.778,-6.873,-4.49,-5.246,-4.588
OptTAR_Fixed_ligprep_20260117_0.5.maegz:537,-5.708,-4.194,-4.14,-3.808,-3.703,-2.745,-3.659,-4.642,-2.986,-5.176,-3.964,-3.832,-5.396,-6.054,-5.754,-3.946,-4.925,-4.924,-3.819,-4.802,-3.575,-3.056,-3.563,-2.041,-2.654,-4.497,-3.458,-3.738,-6.289,-4.503,-6.165,-4.367,-3.821,-4.577,-1.847,-5.655,-5.35,-2.864,-2.07,-3.262,-2.301,-5.174,-2.504,-2.722,-3.069,-4.186,-3.531,-2.427,-2.256,-3.535
OptTAR_Fixed_ligprep_20260117_0.5.maegz:538,-6.674,-5.045,-4.816,-6.063,-5.389,-5.111,-5.307,-4.654,-3.903,-5.461,-5.694,-5.888,-6.433,-7.565,-5.58,-6.373,-6.949,-6.939,-6.512,-5.924,-5.278,-5.255,-4.797,-4.773,-5.802,-5.608,-4.321,-4.626,-5.335,-6.636,-6.772,-7.214,-7.318,-5.241,-5.444,-6.016,-4.901,-4.487,-4.85,-4.738,-6.031,-5.574,-4.354,-4.24,-6.482,-5.584,-5.828,-5.128,-4.387,-4.732
OptTAR_Fixed_ligprep_20260117_0.5.maegz:539,-4.875,-3.425,-2.523,-3.862,-3.672,-2.906,-3.722,-2.796,-4.325,-2.551,-3.629,-4.448,-4.614,-5.579,-4.704,-6.009,-5.386,-5.116,-2.646,-3.84,-2.739,-5.217,-3.099,-3.231,-3.323,-2.647,-2.478,-4.21,-3.889,-3.991,-3.533,-3.443,-3.534,-3.399,-3.789,-3.998,-3.783,-3.826,-2.634,-4.284,-4.997,-2.656,-2.74,-3.471,-3.213,-4.472,-3.793,-2.584,-1.59,-3.426
OptTAR_Fixed_ligprep_20260117_0.5.maegz:540,-5.286,-6.524,-4.423,-4.997,-5.304,-4.895,-5.444,-4.72,-5.114,-5.289,-4.558,-5.416,-5.79,-6.473,-5.463,-6.134,-6.191,-6.943,-5.671,-4.964,-5.357,-4.973,-4.529,-4.741,-5.273,-4.626,-6.425,-6.314,-7.108,-5.171,-4.989,-6.009,-6.38,-4.576,-4.692,-6.2,-4.494,-5.546,-4.855,-5.077,-5.988,-4.647,-3.992,-4.557,-4.895,-4.004,-5.306,-4.471,-4.23,-4.313
OptTAR_Fixed_ligprep_20260117_0.5.maegz:541,-5.208,-4.953,-4.861,-4.781,-4.131,-3.989,-4.198,-3.55,-4.565,-4.164,-3.897,-4.489,-6.114,-6.703,-4.588,-6.305,-6.563,-5.816,-4.721,-4.597,-4.177,-5.565,-3.66,-4.278,-5.099,-3.426,-3.668,-4.488,-5.745,-5.176,-5.249,-5.75,-6.071,-4.948,-4.292,-4.498,-4.613,-4.445,-4.43,-4.729,-6.303,-4.878,-3.853,-3.523,-3.678,-4.59,-6.016,-4.258,-4.59,-3.614
OptTAR_Fixed_ligprep_20260117_0.5.maegz:542,-4.296,-4.351,-3.529,-4.602,-4.41,-4.745,-2.44,-4.738,-3.672,-4.316,-4.494,-3.491,-5.379,-5.274,-4.729,-5.362,-4.893,-4.074,-4.276,-3.229,-5.41,-3.917,-2.916,-3.273,-4.169,-4.069,-4.665,-4.498,-5.608,-3.935,-3.944,-4.367,-5.353,-3.256,-3.851,-4.247,-4.794,-4.463,-2.841,-3.323,-4.487,-3.694,-3.548,-3.194,-3.955,-2.951,-4.319,-3.705,-3.85,-3.218
OptTAR_Fixed_ligprep_20260117_0.5.maegz:543,-5.975,-5.608,-5.069,-4.407,-6.008,-4.993,-5.22,-5.481,-4.386,-3.943,-5.455,-4.74,-6.166,-6.742,-5.907,-6.222,-6.346,-6.268,-5.418,-5.4,-5.332,-5.922,-4.903,-5.544,-5.504,-7.053,-4.834,-6.337,-7.878,-7.834,-5.482,-5.829,-7.014,-4.416,-5.744,-6.494,-5.359,-4.692,-5.007,-4.609,-7.151,-5.52,-5.209,-5.38,-4.77,-4.787,-6.062,-5.259,-5.157,-4.864
OptTAR_Fixed_ligprep_20260117_0.5.maegz:544,-5.788,-4.721,-5.927,-6.151,-6.716,-5.3,-4.873,-4.915,-6.044,-5.397,-4.992,-6.129,-6.52,-7.758,-5.109,-6.288,-7.401,-7.453,-6.147,-6.575,-5.855,-6.17,-4.585,-4.261,-5.436,-5.344,-4.81,-7.313,-6.193,-7.219,-6.11,-6.125,-7.353,-6.174,-5.545,-6.062,-5.842,-6.249,-4.934,-5.477,-5.978,-4.423,-4.44,-4.816,-5.396,-5.405,-5.955,-4.843,-4.598,-4.886
OptTAR_Fixed_ligprep_20260117_0.5.maegz:545,-5.736,-5.381,-5.209,-5.627,-5.745,-4.277,-5.558,-5.418,-5.056,-5.164,-4.715,-4.579,-5.909,-7.878,-5.046,-6.697,-6.034,-6.496,-5.335,-5.695,-4.75,-5.112,-3.971,-4.006,-4.757,-4.718,-5.789,-5.137,-5.931,-6.937,-5.588,-6.933,-5.531,-4.789,-4.372,-5.013,-5.501,-5.181,-4.456,-5.315,-4.057,-5.501,-3.751,-4.069,-3.801,-4.529,-4.901,-4.565,-4.424,-4.408
OptTAR_Fixed_ligprep_20260117_0.5.maegz:546,-4.353,-5.502,-4.202,-4.863,-4.86,-2.622,-2.338,-4.705,-4.849,-1.777,-3.27,-2.805,-3.229,-6.354,-5.658,-5.52,-4.739,-5.365,-5.84,-4.757,-4.502,-4.855,-4.328,-5.028,-5.462,-5.047,-3.837,-3.062,-5.525,-5.898,-5.343,-2.994,-6.689,-5.203,-5.575,-4.779,-3.753,-2.296,-2.954,-5.621,-3.364,-5.867,-2.928,-4.077,-4.123,-1.497,-5.395,-3.12,-3.407,-2.787
OptTAR_Fixed_ligprep_20260117_0.5.maegz:547,-5.091,-5.334,-5.535,-4.769,-5.434,-4.69,-5.503,-5.13,-5.337,-5.5,-5.686,-6.215,-6.386,-7.241,-6.072,-7.403,-7.587,-7.511,-5.119,-4.702,-4.936,-6.402,-4.303,-4.528,-4.799,-4.658,-4.337,-4.626,-6.976,-6.825,-5.821,-5.601,-6.621,-5.384,-5.183,-4.744,-5.049,-4.995,-6.583,-5.396,-6.001,-6.039,-4.472,-4.313,-4.479,-5.132,-5.296,-4.627,-4.938,-4.729
OptTAR_Fixed_ligprep_20260117_0.5.maegz:548,-4.86,-4.422,-4.144,-2.071,-4.872,-3.822,-4.573,-2.571,-1.454,-1.835,-4.696,-5.086,-3.189,-5.857,-3.827,-3.422,-7.108,-5.888,-4.341,-3.86,-5.314,-5.885,-4.34,-4.736,-4.526,-1.918,-4.293,-3.947,-5.213,-5.438,-2.876,-4.193,-4.312,-5.414,-5.263,-4.475,-5.371,-4.534,-3.466,-5.086,-3.172,-2.251,-3.647,-1.317,-3.77,-4.19,-5.669,-3.558,-1.979,-3.862
OptTAR_Fixed_ligprep_20260117_0.5.maegz:549,-4.658,-3.626,-3.894,-2.912,-4.777,-4.798,-2.109,-1.799,-0.8994,-1.795,-4.014,-4.885,-5.435,-6.242,-5.429,-3.971,-7.173,-6.126,-3.881,-3.06,-2.584,-5.591,-3.649,-2.97,-6.278,-3.906,-3.682,-5.664,-5.978,-5.972,-4.203,-3.16,-3.83,-2.46,-4.79,-1.914,-4.216,-4.001,-3.895,-2.333,-4.807,-4.751,-2.072,-3.056,-1.846,-4.255,-6.087,-2.305,-2.98,-3.893
OptTAR_Fixed_ligprep_20260117_0.5.maegz:550,-5.283,-6.311,-4.197,-3.18,-4.617,-2.325,-4.673,-4.692,-5.863,-4.281,-4.877,-4.367,-5.521,-6.395,-4.113,-5.574,-6.838,-6.203,-3.569,-4.444,-5.557,-4.581,-4.575,-4.014,-5.049,-4.506,-3.898,-7.027,-6.427,-6.048,-4.96,-5.29,-6.091,-4.223,-4.206,-5.111,-6.052,-4.122,-4.906,-5.413,-6.21,-3.919,-4.111,-4.227,-3.748,-4.708,-4.806,-4.352,-4.207,-4.503
OptTAR_Fixed_ligprep_20260117_0.5.maegz:551,-5.943,-4.827,-3.305,-2.29,-5.022,-4.759,-3.279,-3.819,-3.993,-3.779,-4.41,-4.98,-6.296,-6.95,-3.257,-6.004,-6.067,-6.554,-5.906,-4.214,-5.47,-3.998,-4.021,-4.241,-5.135,-4.384,-2.985,-6.989,-6.479,-6.459,-5.257,-4.408,-6.254,-5.191,-4.986,-4.661,-4.412,-3.224,-5.016,-2.59,-5.366,-3.887,-3.559,-2.298,-3.748,-3.942,-5.429,-4.137,-3.601,-3.898
OptTAR_Fixed_ligprep_20260117_0.5.maegz:552,-5.431,-5.231,-5.092,-4.534,-6.143,-4.96,-5.32,-4.993,-6.137,-5.463,-3.957,-5.128,-6.218,-6.84,-4.775,-6.581,-6.347,-7.247,-4.537,-5.113,-5.892,-5.079,-4.745,-4.88,-5.391,-6.482,-3.947,-6.226,-6.232,-6.542,-6.179,-5.686,-6.142,-5.031,-5.075,-5.79,-5.502,-4.232,-4.338,-5.135,-5.258,-5.58,-5.159,-4.908,-4.413,-5.225,-5.62,-4.329,-4.53,-4.043
OptTAR_Fixed_ligprep_20260117_0.5.maegz:553,-6.511,-5.737,-4.619,-5.197,-5.774,-5.785,-5.433,-5.409,-4.627,-4.776,-5.421,-5.966,-6.296,-7.292,-4.532,-6.42,-7.129,-6.184,-5.427,-5.853,-5.368,-5.342,-4.841,-4.493,-6.25,-7.049,-7.16,-7.392,-7.089,-6.275,-5.823,-6.758,-6.565,-4.766,-4.2,-4.821,-5.446,-5.097,-3.735,-5.307,-5.685,-5.996,-5.467,-5.035,-4.416,-5.326,-5.482,-5.148,-4.776,-4.424
OptTAR_Fixed_ligprep_20260117_0.5.maegz:554,-5.137,-5.634,-4.447,-5.247,-5.542,-4.857,-5.405,-5.115,-4.545,-5.031,-5.063,-5.059,-5.959,-6.203,-6.19,-6.381,-6.285,-7.107,-5.706,-4.886,-6.517,-6.166,-4.781,-4.871,-5.33,-5.082,-5.803,-6.992,-7.09,-5.818,-5.827,-5.745,-6.403,-4.762,-4.075,-5.356,-6.009,-6.01,-4.017,-4.945,-6.051,-5.421,-5.216,-4.287,-4.414,-4.387,-4.813,-4.273,-4.322,-4.323
OptTAR_Fixed_ligprep_20260117_0.5.maegz:555,-5.947,-5.974,-4.446,-4.834,-4.994,-5.026,-4.693,-5.716,-5.19,-4.956,-5.04,-5.428,-6.318,-7.193,-5.304,-6.252,-6.995,-5.92,-4.892,-4.85,-4.672,-5.886,-4.301,-4.81,-5.486,-6.203,-4.566,-6.668,-6.277,-5.873,-6.274,-6.162,-7.029,-5.544,-4.522,-6.027,-5.785,-5.076,-4.634,-5.368,-4.83,-5.3,-5.045,-4.261,-4.178,-4.835,-5.459,-5.652,-3.975,-4.172
OptTAR_Fixed_ligprep_20260117_0.5.maegz:556,-6.57,-5.681,-5.535,-5.616,-5.832,-5.603,-6.018,-5.359,-4.735,-4.815,-4.714,-5.432,-6.049,-6.964,-5.432,-6.084,-7.387,-7.211,-6.432,-6.509,-6.74,-6.156,-4.735,-5.376,-4.909,-6.824,-4.874,-5.876,-8.078,-6.434,-7.083,-7.195,-7.412,-5.155,-4.729,-5.714,-5.208,-5.377,-4.838,-5.209,-6.304,-5.484,-4.917,-3.914,-4.373,-6.057,-6.208,-4.102,-4.486,-4.476
OptTAR_Fixed_ligprep_20260117_0.5.maegz:557,-5.334,-5.59,-5.092,-5.224,-5.129,-5.568,-5.857,-4.954,-5.061,-5.039,-5.408,-5.499,-6.596,-6.926,-6.776,-6.617,-7.49,-7.187,-6.914,-5.265,-6.493,-5.707,-4.155,-3.889,-4.378,-6.099,-6.683,-7.87,-8.56,-6.74,-5.941,-6.35,-7.23,-4.77,-4.868,-5.37,-5.678,-6.691,-5.172,-6.265,-6.23,-6.161,-4.814,-5.352,-5.671,-5.806,-5.768,-6.005,-4.934,-4.866
OptTAR_Fixed_ligprep_20260117_0.5.maegz:558,-4.674,-5.399,-4.354,-4.022,-5.642,-5.135,-4.565,-4.852,-4.433,-5.781,-5.403,-4.775,-6.169,-6.46,-5.07,-6.704,-7.083,-6.539,-5.569,-4.312,-4.81,-5.354,-4.123,-4.569,-4.739,-8.137,-3.838,-6.61,-7.635,-6.572,-4.147,-6.013,-6.861,-4.806,-4.15,-5.845,-4.88,-4.121,-3.769,-4.9,-5.569,-3.359,-3.552,-3.913,-4.633,-4.805,-4.797,-4.535,-4.449,-4.62
OptTAR_Fixed_ligprep_20260117_0.5.maegz:559,-7.011,-6.791,-4.634,-4.493,-5.303,-6.413,-5.492,-5.788,-5.629,-5.34,-5.138,-5.817,-7.381,-7.068,-6.379,-6.997,-7.211,-7.262,-5.886,-5.854,-5.927,-5.74,-5.114,-5.354,-5.547,-7.298,-5.533,-7.353,-7.719,-6.58,-6.168,-6.008,-7.176,-5.529,-5.239,-6.149,-7.078,-6.931,-5.424,-6.006,-6.936,-6.305,-6.339,-4.454,-4.73,-6.034,-6.431,-5.561,-5.687,-5.799
OptTAR_Fixed_ligprep_20260117_0.5.maegz:560,-6.997,-6.522,-4.922,-4.618,-5.455,-6.087,-5.744,-5.462,-5.061,-5.439,-4.836,-6.447,-7.047,-6.877,-5.884,-7.02,-8.213,-6.69,-4.998,-6.9,-7.28,-5.926,-5.442,-5.575,-5.824,-5.573,-5.283,-6.264,-7.143,-6.526,-5.854,-5.541,-7.185,-6.05,-5.281,-7.013,-5.851,-6.742,-5.167,-6.29,-7.817,-6.408,-4.834,-4.197,-5.013,-6.145,-5.825,-5.957,-5.677,-6.241
OptTAR_Fixed_ligprep_20260117_0.5.maegz:561,-6.106,-6.649,-5.087,-5.294,-5.575,-5.492,-4.814,-4.981,-5.261,-6.084,-5.127,-5.054,-7.499,-6.729,-6.185,-7.074,-7.019,-7.745,-6.914,-6.271,-6.291,-5.697,-5.174,-4.769,-5.648,-5.018,-5.281,-8.436,-6.889,-5.988,-5.358,-5.88,-6.692,-6.171,-5.115,-6.95,-6.494,-4.897,-6.9,-6.144,-6.822,-5.959,-5.099,-6.046,-5.797,-6.135,-6.006,-5.3,-6.079,-5.811
OptTAR_Fixed_ligprep_20260117_0.5.maegz:562,-6.814,-6.266,-4.724,-5.602,-6.028,-6.152,-5.545,-4.761,-5.661,-5.247,-5.949,-5.901,-8.191,-6.675,-6.599,-6.173,-7.538,-7.469,-7.3,-6.153,-6.605,-5.964,-4.733,-5.402,-5.913,-7.488,-6.509,-6.958,-7.953,-6.148,-5.87,-6.122,-6.661,-5.472,-5.578,-5.629,-6.487,-5.696,-4.877,-5.418,-7.007,-6.29,-6.002,-5.644,-5.142,-5.978,-6.246,-4.677,-5.602,-5.594
OptTAR_Fixed_ligprep_20260117_0.5.maegz:563,-6.317,-6.302,-5.427,-6.671,-6.111,-6.161,-6.193,-5.21,-6.387,-6.189,-5.547,-5.453,-6.055,-8.013,-5.639,-7.42,-7.282,-6.697,-5.581,-5.523,-7.755,-6.79,-5.174,-6.213,-5.681,-5.95,-5.058,-8.203,-7.783,-6.493,-6.601,-7.207,-7.947,-6.262,-5.768,-6.477,-6.716,-6.719,-6.034,-5.984,-7.367,-6.456,-5.394,-4.821,-5.36,-5.996,-6.307,-5.357,-5.418,-5.489
OptTAR_Fixed_ligprep_20260117_0.5.maegz:564,-6.133,-5.206,-5.061,-6.38,-5.78,-5.213,-4.807,-4.696,-6.316,-5.178,-4.873,-5.055,-6.161,-8.031,-6.06,-7.044,-7.548,-8.049,-6.243,-5.538,-6.103,-5.554,-5.132,-5.485,-5.151,-6.14,-3.859,-4.508,-6.922,-6.039,-6.813,-6.093,-6.677,-5.452,-4.684,-5.904,-5.334,-6.058,-5.025,-4.719,-6.379,-5.097,-4.548,-4.092,-5.983,-5.474,-5.224,-4.888,-4.481,-5.26
OptTAR_Fixed_ligprep_20260117_0.5.maegz:565,-4.188,-2.149,-4.236,-4.815,-4.707,-4.184,-4.76,-4.161,-4.471,-4.562,-3.933,-4.212,-5.493,-8.043,-3.514,-6.445,-4.926,-5.697,-5.492,-5.59,-6.519,-5.226,-4.625,-4.37,-2.411,-2.927,-4.452,-1.796,-5.737,-5.638,-5.889,-2.553,-3.862,-4.76,-5.276,-3.871,-4.61,-4.157,-4.179,-2.69,-3.826,-4.106,-4.399,-3.954,-4.373,-5.436,-5.396,-1.703,-3.742,-4.926
OptTAR_Fixed_ligprep_20260117_0.5.maegz:566,-4.814,-4.262,-5.195,-4.268,-5.286,-3.87,-4.352,-4.369,-4.565,-3.648,-3.884,-4.599,-4.6,-6.467,-4.507,-5.965,-6.002,-5.989,-5.851,-3.582,-3.848,-4.332,-3.292,-3.694,-3.765,-3.994,-3.297,-3.462,-5.931,-5.029,-4.627,-4.368,-4.737,-3.754,-3.524,-4.566,-4.078,-4.732,-4.238,-3.257,-5.927,-3.975,-4.107,-3.468,-4.362,-4.606,-4.351,-3.863,-3.411,-4.047
OptTAR_Fixed_ligprep_20260117_0.5.maegz:567,-5.068,-5.136,-4.812,-4.803,-5.048,-4.513,-5.053,-5.221,-4.68,-4.824,-4.472,-4.667,-5.499,-5.985,-4.653,-6.6,-7.039,-6.805,-5.48,-6.599,-5.884,-4.721,-4.539,-6.815,-4.967,-5.097,-5.762,-4.609,-6.158,-5.944,-5.074,-6.167,-6.185,-5.269,-4.85,-5.29,-4.455,-5.388,-5.168,-4.794,-6.682,-6.02,-4.479,-4.223,-4.773,-5.044,-5.704,-4.995,-5.389,-5.099
OptTAR_Fixed_ligprep_20260117_0.5.maegz:568,-4.61,-4.461,-3.85,-4.4,-4.98,-4.808,-4.832,-4.087,-4.9,-4.36,-4.047,-4.027,-4.724,-5.945,-5.215,-6.03,-6.135,-6.54,-5.378,-4.384,-4.863,-4.451,-4.579,-5.977,-3.908,-5.131,-4.16,-5.476,-6.084,-4.702,-5.427,-5.636,-5.037,-3.932,-3.879,-4.84,-4.15,-4.964,-3.924,-5.232,-5.478,-5.248,-4.237,-4.44,-4.491,-3.885,-5.432,-4.371,-4.287,-4.375
OptTAR_Fixed_ligprep_20260117_0.5.maegz:569,-4.0,-4.649,-4.18,-4.183,-4.393,-4.013,-3.969,-4.392,-4.475,-4.124,-4.142,-4.523,-4.784,-5.623,-4.665,-5.837,-6.463,-5.967,-4.992,-6.108,-4.218,-4.63,-4.836,-5.019,-3.687,-5.399,-5.119,-3.494,-5.822,-5.816,-5.241,-6.204,-5.193,-4.011,-4.38,-4.673,-5.368,-4.587,-4.299,-4.404,-5.931,-4.954,-4.032,-3.671,-4.739,-3.7,-4.469,-4.804,-4.276,-3.847
OptTAR_Fixed_ligprep_20260117_0.5.maegz:570,-4.627,-5.034,-4.255,-5.315,-5.028,-4.558,-4.575,-4.103,-4.851,-4.283,-3.88,-5.176,-5.742,-5.964,-4.556,-5.984,-6.432,-6.211,-4.813,-5.361,-5.049,-4.939,-3.758,-5.512,-4.489,-5.358,-5.367,-5.066,-5.881,-6.318,-4.462,-6.09,-5.601,-4.997,-4.438,-5.338,-5.956,-4.588,-4.24,-4.801,-6.694,-5.366,-4.072,-3.865,-4.066,-4.035,-4.644,-4.03,-4.507,-4.29
OptTAR_Fixed_ligprep_20260117_0.5.maegz:571,-4.302,-4.734,-3.967,-4.041,-4.637,-4.554,-4.399,-3.685,-4.959,-4.501,-3.925,-3.942,-5.37,-5.356,-4.694,-5.603,-5.898,-5.904,-5.382,-5.196,-4.879,-4.671,-4.135,-4.558,-4.345,-4.592,-4.307,-6.138,-5.026,-4.195,-4.59,-5.388,-5.191,-4.728,-3.935,-4.541,-5.386,-4.343,-4.185,-4.255,-5.841,-4.862,-3.402,-3.822,-3.967,-4.152,-5.315,-3.887,-4.119,-4.056
OptTAR_Fixed_ligprep_20260117_0.5.maegz:572,-5.144,-4.278,-3.837,-4.699,-4.938,-5.171,-4.541,-4.413,-4.873,-4.987,-4.636,-4.534,-5.447,-6.539,-4.571,-6.05,-5.721,-5.422,-5.153,-4.189,-4.42,-4.296,-3.458,-4.071,-4.493,-4.313,-3.404,-6.667,-5.698,-5.105,-5.468,-5.866,-4.467,-5.172,-4.008,-5.053,-5.242,-5.48,-4.142,-5.212,-5.397,-5.24,-3.627,-4.687,-4.272,-4.925,-4.76,-4.343,-3.408,-4.618
OptTAR_Fixed_ligprep_20260117_0.5.maegz:573,-4.861,-4.634,-4.002,-3.99,-4.718,-4.972,-5.274,-5.132,-5.403,-4.375,-5.69,-4.884,-5.377,-6.547,-5.848,-6.488,-5.586,-6.24,-5.221,-4.518,-5.151,-5.214,-4.188,-4.3,-4.968,-4.468,-5.198,-6.911,-7.201,-6.349,-5.195,-6.502,-6.203,-4.318,-3.461,-5.068,-5.524,-3.967,-4.785,-4.96,-5.325,-4.681,-4.441,-3.658,-3.729,-4.704,-5.378,-4.471,-4.679,-5.583
OptTAR_Fixed_ligprep_20260117_0.5.maegz:574,-6.088,-5.013,-4.131,-4.681,-4.884,-5.499,-3.778,-4.336,-4.893,-5.141,-4.773,-5.261,-6.485,-6.621,-4.429,-6.343,-5.943,-5.86,-5.175,-5.023,-5.486,-5.742,-4.244,-3.406,-4.942,-5.572,-4.133,-4.378,-6.765,-6.065,-4.225,-6.165,-6.466,-4.826,-4.673,-5.294,-4.059,-4.354,-4.691,-5.159,-5.917,-3.934,-4.749,-3.586,-4.204,-5.804,-5.877,-4.625,-4.864,-4.211
OptTAR_Fixed_ligprep_20260117_0.5.maegz:575,-6.755,-6.157,-4.734,-4.895,-4.866,-4.443,-4.166,-4.721,-5.165,-5.063,-4.957,-5.123,-5.538,-6.756,-4.591,-6.279,-7.108,-7.113,-5.039,-5.21,-5.936,-6.062,-4.898,-5.052,-5.83,-4.729,-5.328,-7.81,-5.756,-6.73,-5.954,-6.473,-7.371,-5.083,-4.802,-6.62,-6.273,-5.274,-5.552,-5.801,-4.472,-4.652,-4.489,-4.624,-4.997,-6.141,-5.25,-4.689,-4.755,-4.601
OptTAR_Fixed_ligprep_20260117_0.5.maegz:576,-6.286,-5.753,-4.335,-5.326,-5.578,-4.893,-6.014,-4.112,-4.547,-4.522,-5.095,-4.85,-6.616,-7.104,-4.754,-5.969,-5.815,-6.005,-5.693,-5.657,-5.105,-5.754,-4.172,-4.313,-4.844,-6.938,-5.056,-6.22,-6.926,-6.285,-6.173,-5.561,-6.739,-5.889,-5.122,-5.582,-4.893,-6.071,-5.891,-5.479,-6.37,-5.875,-5.46,-5.522,-5.045,-5.259,-5.166,-5.207,-4.684,-5.126
OptTAR_Fixed_ligprep_20260117_0.5.maegz:577,-4.467,-2.986,-3.108,-2.782,-4.946,-2.755,-3.724,-4.868,-3.494,-3.872,-3.132,-4.254,-2.734,-5.363,-3.176,-2.542,-4.799,-4.045,-3.73,-2.93,-2.503,-4.169,-3.528,-3.888,-3.235,-1.969,-3.712,-3.382,-3.798,-4.6,-4.006,-4.138,-4.454,-3.656,-3.466,-4.458,-3.979,-2.205,-1.985,-3.894,-1.93,-1.987,-1.277,-1.823,-0.5697,-4.73,-4.404,-2.651,-0.9606,-3.745
OptTAR_Fixed_ligprep_20260117_0.5.maegz:578,-5.762,-5.009,-5.226,-3.689,-5.703,-4.948,-5.04,-4.771,-5.109,-4.57,-5.664,-5.641,-6.498,-7.404,-4.705,-6.432,-6.244,-6.208,-5.634,-6.746,-5.526,-6.353,-4.552,-4.375,-5.267,-4.784,-4.753,-4.778,-7.672,-6.819,-6.156,-6.537,-6.981,-5.862,-5.29,-4.749,-5.369,-4.038,-4.475,-5.13,-6.07,-5.474,-4.026,-4.392,-4.346,-5.335,-5.307,-5.023,-4.315,-4.87
OptTAR_Fixed_ligprep_20260117_0.5.maegz:579,-5.592,-5.58,-3.99,-4.05,-5.882,-5.231,-4.693,-4.369,-4.437,-4.713,-5.653,-5.222,-6.638,-7.404,-4.764,-6.303,-6.911,-6.609,-5.125,-5.303,-4.425,-5.596,-3.64,-4.517,-5.151,-4.45,-4.535,-6.918,-6.248,-6.733,-5.169,-6.614,-6.322,-4.618,-4.76,-5.879,-5.91,-4.456,-4.709,-5.085,-6.425,-5.125,-3.935,-5.377,-4.492,-5.692,-5.096,-3.67,-4.487,-4.489
OptTAR_Fixed_ligprep_20260117_0.5.maegz:580,-5.285,-5.859,-4.409,-5.043,-5.023,-5.103,-4.865,-4.791,-5.413,-5.03,-5.616,-4.956,-6.173,-6.503,-5.274,-6.756,-6.311,-6.774,-4.068,-5.595,-4.637,-5.399,-4.188,-4.035,-4.711,-5.01,-4.35,-4.476,-6.126,-6.299,-6.362,-6.014,-6.56,-4.626,-4.245,-5.525,-4.858,-5.652,-4.939,-4.888,-4.616,-5.108,-4.159,-4.652,-4.247,-4.636,-6.133,-4.313,-4.353,-4.589
OptTAR_Fixed_ligprep_20260117_0.5.maegz:581,-4.785,-3.16,-3.786,-4.204,-3.764,-3.809,-4.499,-3.465,-3.381,-4.017,-3.575,-4.926,-4.32,-3.999,-2.985,-5.246,-5.39,-5.023,-4.544,-4.919,-3.767,-4.471,-3.539,-4.552,-3.687,-4.927,-2.643,-3.377,-4.345,-4.59,-3.47,-3.766,-2.225,-3.055,-3.712,-4.608,-3.659,-4.104,-2.595,-3.892,-5.457,-4.23,-3.7,-3.522,-3.265,-2.705,-3.586,-3.183,-3.497,-3.754
OptTAR_Fixed_ligprep_20260117_0.5.maegz:582,-4.942,-3.384,-4.018,-4.042,-4.912,-2.64,-4.88,-5.073,-4.721,-4.195,-6.467,-5.19,-5.808,-7.186,-4.61,-6.581,-6.555,-6.08,-4.647,-4.897,-4.825,-4.912,-3.991,-4.241,-5.008,-4.203,-3.9,-5.863,-6.647,-6.083,-5.143,-6.483,-6.522,-4.545,-4.766,-5.775,-5.897,-4.566,-4.649,-5.58,-5.501,-3.747,-3.133,-3.926,-3.712,-5.629,-4.379,-5.136,-4.423,-4.282
OptTAR_Fixed_ligprep_20260117_0.5.maegz:583,-5.712,-5.122,-5.795,-4.152,-4.809,-5.753,-5.003,-4.991,-5.19,-5.011,-5.177,-5.922,-6.132,-7.244,-5.2,-6.161,-7.029,-7.145,-6.57,-6.559,-4.73,-6.52,-4.278,-5.163,-5.158,-4.326,-5.659,-7.109,-6.903,-6.051,-5.677,-7.041,-6.352,-5.524,-5.723,-6.066,-5.335,-4.341,-4.81,-6.034,-6.474,-6.396,-5.954,-5.316,-5.629,-4.947,-6.045,-5.734,-4.63,-5.15
OptTAR_Fixed_ligprep_20260117_0.5.maegz:584,-5.083,-3.588,-4.08,-4.797,-4.465,-3.791,-3.495,-2.88,-4.306,-3.522,-3.919,-3.884,-4.48,-5.055,-2.093,-4.766,-4.239,-4.898,-4.365,-5.446,-3.614,-4.734,-2.078,-3.216,-3.796,-4.269,-5.507,-3.364,-5.5,-5.455,-6.142,-4.757,-6.026,-4.168,-4.283,-5.017,-3.642,-3.569,-3.126,-3.268,-4.784,-3.451,-2.438,-2.364,-3.761,-3.462,-4.653,-3.328,-3.206,-3.761
OptTAR_Fixed_ligprep_20260117_0.5.maegz:585,-5.19,-5.053,-2.84,-3.971,-5.387,-3.474,-5.386,-4.615,-4.925,-4.608,-4.251,-6.137,-6.447,-6.367,-4.463,-5.299,-6.115,-6.454,-5.778,-4.736,-4.948,-5.067,-4.34,-4.178,-4.647,-6.336,-4.283,-4.777,-5.143,-5.399,-5.016,-5.553,-5.548,-5.069,-5.272,-4.452,-6.339,-4.553,-4.385,-4.335,-4.827,-4.834,-4.442,-4.65,-4.137,-3.559,-5.001,-4.178,-5.489,-4.511
OptTAR_Fixed_ligprep_20260117_0.5.maegz:586,-4.483,-6.289,-4.659,-4.826,-4.956,-3.908,-3.737,-4.091,-5.793,-5.798,-4.221,-3.844,-5.284,-8.664,-5.695,-6.057,-6.633,-7.035,-4.277,-5.429,-4.269,-4.399,-4.435,-4.527,-5.277,-3.858,-4.833,-3.835,-5.556,-5.912,-4.876,-4.983,-3.784,-4.349,-4.692,-5.478,-5.147,-3.568,-4.274,-4.602,-3.955,-3.867,-4.011,-4.148,-4.112,-4.547,-6.136,-4.65,-4.251,-4.671
OptTAR_Fixed_ligprep_20260117_0.5.maegz:587,-4.945,-3.84,-5.247,-3.824,-4.529,-3.36,-3.582,-3.562,-5.294,-5.118,-4.922,-5.434,-4.878,-6.435,-4.823,-5.632,-5.571,-6.41,-4.935,-4.844,-4.69,-5.808,-3.999,-3.834,-4.591,-3.737,-4.087,-4.057,-5.53,-5.901,-4.989,-5.79,-5.691,-4.796,-4.486,-5.208,-4.763,-4.294,-3.77,-4.414,-3.619,-3.777,-3.473,-2.799,-4.144,-4.521,-5.707,-3.591,-3.678,-3.772
OptTAR_Fixed_ligprep_20260117_0.5.maegz:588,-5.295,-4.343,-5.172,-4.574,-5.231,-3.184,-3.143,-3.6,-3.995,-4.038,-3.276,-5.19,-5.082,-7.152,-4.651,-5.972,-5.616,-5.723,-5.45,-5.65,-4.341,-5.607,-4.751,-3.861,-3.817,-4.704,-4.109,-4.666,-4.908,-5.578,-5.026,-4.884,-5.726,-5.148,-4.047,-4.895,-5.471,-3.985,-4.001,-4.167,-5.412,-6.098,-4.643,-3.147,-4.61,-4.553,-5.145,-3.35,-4.195,-3.545
OptTAR_Fixed_ligprep_20260117_0.5.maegz:589,-5.36,-4.682,-5.465,-4.684,-5.504,-4.982,-5.172,-4.674,-4.723,-4.717,-4.577,-4.553,-6.072,-6.548,-4.802,-7.046,-6.924,-7.6,-5.12,-4.275,-4.63,-4.754,-3.236,-4.528,-5.598,-4.111,-4.32,-6.169,-6.045,-6.912,-5.557,-6.663,-6.971,-5.488,-4.973,-5.07,-4.473,-5.0,-4.035,-5.645,-4.089,-5.076,-5.037,-4.639,-4.419,-5.862,-5.8,-4.067,-4.076,-4.137
OptTAR_Fixed_ligprep_20260117_0.5.maegz:590,-4.97,-4.763,-5.241,-4.943,-6.105,-4.57,-4.712,-3.737,-4.845,-4.235,-5.184,-4.379,-3.811,-6.58,-4.721,-6.228,-5.787,-5.643,-4.844,-4.9,-4.308,-4.893,-3.791,-4.357,-5.39,-4.397,-4.042,-5.455,-7.638,-7.113,-5.831,-6.303,-6.472,-5.181,-4.017,-5.718,-3.859,-4.277,-4.907,-4.74,-4.427,-5.302,-4.078,-4.464,-4.198,-5.182,-6.142,-3.885,-3.893,-3.97
OptTAR_Fixed_ligprep_20260117_0.5.maegz:591,-4.392,-4.967,-4.886,-4.61,-4.188,-4.191,-4.159,-3.942,-4.11,-4.163,-4.713,-5.427,-6.025,-7.573,-4.974,-6.274,-5.675,-6.584,-3.909,-4.59,-4.431,-4.983,-3.644,-3.71,-4.943,-3.968,-4.194,-5.264,-4.737,-6.125,-5.925,-5.397,-5.949,-5.536,-3.356,-4.087,-5.556,-4.267,-4.33,-4.403,-4.105,-4.451,-4.282,-4.024,-4.356,-4.939,-6.045,-2.476,-4.063,-4.704
OptTAR_Fixed_ligprep_20260117_0.5.maegz:592,-4.666,-3.88,-4.82,-4.939,-4.43,-3.885,-3.341,-3.846,-3.815,-4.502,-4.562,-4.994,-6.358,-7.511,-4.44,-6.216,-6.31,-6.703,-4.139,-4.707,-3.862,-4.688,-3.689,-3.683,-4.287,-5.14,-4.436,-4.601,-5.787,-6.999,-5.769,-4.602,-6.009,-4.466,-4.515,-4.428,-4.933,-3.02,-3.27,-4.273,-4.137,-3.673,-3.297,-2.492,-4.029,-4.987,-6.067,-4.088,-3.61,-4.247
OptTAR_Fixed_ligprep_20260117_0.5.maegz:593,-5.131,-5.058,-5.336,-5.854,-5.829,-4.395,-3.548,-4.887,-4.703,-6.417,-4.137,-5.342,-5.293,-7.475,-5.562,-5.23,-5.866,-7.485,-6.291,-4.553,-5.471,-6.399,-4.695,-4.649,-5.76,-4.697,-3.949,-6.141,-6.003,-6.42,-5.29,-6.756,-5.791,-4.765,-4.344,-5.274,-4.388,-4.234,-3.399,-4.897,-5.147,-4.537,-3.577,-4.192,-4.644,-5.691,-6.668,-4.71,-4.861,-4.96
OptTAR_Fixed_ligprep_20260117_0.5.maegz:594,-5.004,-4.601,-4.624,-3.537,-3.785,-2.878,-3.733,-2.542,-2.003,-5.305,-4.448,-4.952,-4.245,-7.036,-5.038,-5.838,-5.6,-4.677,-3.069,-3.8,-2.754,-4.63,-2.883,-3.938,-4.552,-2.911,-3.848,-4.488,-4.993,-6.635,-4.362,-6.0,-4.92,-3.615,-4.258,-2.83,-3.806,-3.111,-2.897,-3.871,-4.295,-3.548,-3.895,-2.9,-2.997,-4.547,-3.863,-2.477,-2.772,-2.956
OptTAR_Fixed_ligprep_20260117_0.5.maegz:595,-4.443,-5.065,-4.954,-4.982,-5.31,-2.015,-3.167,-2.989,-4.091,-3.107,-2.687,-3.776,-4.983,-6.963,-4.459,-3.975,-5.069,-6.437,-3.727,-4.891,-3.894,-5.519,-3.841,-4.588,-5.045,-4.608,-3.665,-3.481,-4.455,-3.261,-5.216,-6.285,-6.963,-3.737,-4.653,-4.268,-5.923,-2.537,-3.555,-3.648,-4.244,-3.819,-3.015,-3.212,-3.587,-5.269,-5.073,-2.938,-3.08,-3.07
OptTAR_Fixed_ligprep_20260117_0.5.maegz:596,-5.473,-3.958,-4.06,-4.368,-5.437,-4.318,-3.291,-3.908,-4.656,-4.351,-4.309,-4.741,-5.85,-5.933,-4.561,-6.373,-6.292,-6.796,-5.62,-5.046,-4.609,-4.897,-4.714,-4.103,-5.395,-3.345,-4.031,-4.819,-6.613,-6.398,-5.599,-5.449,-6.016,-4.734,-4.251,-5.155,-4.945,-3.598,-4.026,-3.894,-4.375,-5.119,-4.921,-4.536,-4.618,-5.67,-5.474,-4.008,-3.433,-3.032
OptTAR_Fixed_ligprep_20260117_0.5.maegz:597,-6.128,-5.135,-4.695,-5.025,-5.017,-5.702,-3.823,-4.581,-3.782,-5.548,-5.658,-5.233,-5.221,-6.945,-5.32,-6.226,-6.151,-6.501,-4.032,-4.481,-4.361,-4.64,-4.055,-4.469,-5.087,-4.93,-5.023,-6.943,-6.839,-6.477,-5.105,-4.844,-6.065,-5.756,-5.003,-5.509,-5.131,-4.387,-3.791,-5.508,-4.872,-4.164,-4.968,-3.089,-5.101,-5.096,-6.685,-4.296,-4.156,-3.881
OptTAR_Fixed_ligprep_20260117_0.5.maegz:598,-6.088,-5.64,-4.356,-4.318,-6.307,-4.605,-3.802,-5.099,-4.396,-4.305,-4.992,-4.903,-6.369,-7.048,-5.079,-5.382,-5.841,-7.334,-3.848,-4.828,-4.663,-4.715,-3.732,-4.615,-5.152,-4.655,-4.213,-6.516,-6.093,-6.397,-6.056,-6.028,-6.505,-4.896,-4.275,-4.984,-4.769,-4.397,-4.406,-5.385,-4.697,-4.208,-3.655,-2.79,-3.45,-5.279,-6.684,-4.339,-4.378,-3.824
OptTAR_Fixed_ligprep_20260117_0.5.maegz:599,-6.217,-4.184,-4.631,-4.913,-5.708,-4.023,-4.028,-5.394,-4.546,-4.197,-4.373,-4.221,-5.702,-7.721,-4.406,-5.839,-5.956,-7.211,-4.416,-4.582,-4.504,-4.719,-4.228,-4.191,-4.609,-4.24,-4.83,-6.383,-5.159,-6.711,-5.694,-6.68,-6.371,-5.274,-3.791,-5.24,-5.288,-3.799,-4.029,-4.881,-7.29,-4.432,-4.151,-4.004,-4.625,-4.777,-6.127,-4.373,-4.299,-3.517
OptTAR_Fixed_ligprep_20260117_0.5.maegz:600,-6.214,-5.592,-5.484,-5.399,-5.579,-4.355,-4.948,-3.413,-4.212,-4.635,-5.282,-4.715,-5.754,-7.226,-5.823,-5.833,-5.442,-5.768,-4.483,-4.513,-5.355,-4.927,-4.455,-3.917,-5.565,-4.24,-3.915,-6.882,-6.476,-5.335,-5.699,-5.386,-6.193,-5.307,-4.923,-5.502,-5.015,-3.701,-4.21,-4.71,-4.565,-4.369,-4.02,-2.916,-3.485,-5.51,-6.31,-4.024,-3.832,-3.968
OptTAR_Fixed_ligprep_20260117_0.5.maegz:601,-5.143,-3.934,-5.096,-4.391,-4.615,-3.311,-2.903,-3.467,-3.885,-3.496,-3.886,-4.328,-4.721,-7.201,-4.632,-5.892,-6.204,-6.887,-3.909,-4.674,-3.892,-5.578,-3.237,-3.985,-4.617,-3.727,-3.642,-4.583,-4.813,-5.805,-4.274,-6.283,-5.583,-3.477,-3.77,-5.488,-5.159,-4.324,-3.818,-4.46,-4.894,-4.316,-3.308,-2.959,-3.769,-5.489,-4.968,-3.566,-3.64,-3.918
OptTAR_Fixed_ligprep_20260117_0.5.maegz:602,-3.949,-3.654,-5.145,-4.522,-5.294,-4.128,-3.997,-4.767,-4.765,-4.609,-4.579,-4.079,-5.461,-5.989,-4.867,-5.716,-6.009,-5.721,-3.906,-4.408,-4.533,-4.735,-3.038,-3.688,-4.519,-4.085,-4.109,-4.131,-6.789,-5.312,-5.198,-5.974,-3.942,-4.426,-3.458,-5.033,-5.053,-5.176,-3.198,-3.557,-5.063,-4.179,-3.502,-2.822,-3.178,-5.137,-4.98,-3.625,-3.494,-3.966
OptTAR_Fixed_ligprep_20260117_0.5.maegz:603,-4.212,-5.765,-5.443,-3.714,-5.583,-3.575,-3.468,-4.522,-4.581,-4.567,-4.919,-4.09,-5.979,-7.757,-4.363,-6.71,-5.544,-4.786,-5.041,-4.093,-5.456,-5.21,-3.484,-3.914,-3.979,-4.77,-4.49,-4.744,-6.495,-6.03,-6.673,-6.849,-4.346,-4.53,-4.929,-5.405,-4.626,-3.738,-4.45,-5.628,-5.633,-5.208,-3.687,-3.172,-3.331,-5.867,-4.375,-4.514,-4.047,-4.354
OptTAR_Fixed_ligprep_20260117_0.5.maegz:604,-5.435,-5.437,-4.48,-4.703,-4.63,-5.418,-4.496,-4.174,-4.773,-4.964,-4.722,-4.59,-5.315,-6.755,-4.119,-6.075,-5.016,-5.515,-5.637,-6.692,-6.077,-4.829,-4.373,-4.592,-4.715,-6.994,-5.509,-6.835,-7.373,-5.66,-5.664,-6.149,-6.318,-5.057,-4.322,-5.282,-5.441,-4.202,-4.692,-4.98,-6.26,-5.516,-3.769,-4.218,-4.496,-4.499,-4.916,-3.926,-4.376,-4.759
OptTAR_Fixed_ligprep_20260117_0.5.maegz:605,-3.338,-5.019,-5.054,-4.561,-3.161,-4.818,-3.93,-4.427,-3.869,-5.878,-4.269,-4.366,-4.357,-4.931,-2.775,-6.538,-4.726,-3.712,-2.629,-3.962,-5.09,-5.054,-4.514,-3.243,-2.958,-4.518,-4.344,-3.671,-4.708,-6.172,-4.915,-3.319,-5.102,-2.326,-4.889,-4.271,-3.265,-4.969,-4.519,-4.337,-5.653,-4.989,-4.059,-2.675,-4.4,-3.991,-5.206,-3.244,-3.816,-3.997
OptTAR_Fixed_ligprep_20260117_0.5.maegz:606,-4.718,-5.46,-3.718,-3.591,-5.897,-4.835,-5.953,-5.398,-3.966,-5.879,-5.429,-5.449,-5.041,-7.469,-4.74,-5.816,-7.422,-5.91,-3.797,-3.837,-4.288,-4.689,-4.547,-3.036,-4.753,-5.963,-3.109,-6.482,-6.8,-4.178,-4.94,-6.108,-6.422,-3.811,-5.408,-3.437,-4.197,-3.675,-2.568,-3.767,-5.939,-5.594,-3.903,-3.216,-5.366,-4.208,-5.042,-3.219,-4.535,-4.061
OptTAR_Fixed_ligprep_20260117_0.5.maegz:607,-6.678,-6.808,-4.189,-4.96,-5.465,-6.551,-5.801,-5.754,-5.668,-4.832,-5.36,-5.716,-6.017,-8.052,-6.422,-6.63,-6.759,-6.279,-6.104,-5.115,-5.943,-5.901,-4.966,-4.793,-5.324,-6.019,-4.806,-8.358,-6.407,-7.44,-5.461,-6.664,-5.739,-5.451,-5.054,-6.188,-5.323,-6.102,-4.433,-5.578,-6.991,-7.16,-5.251,-4.716,-5.69,-6.015,-5.723,-5.141,-5.16,-5.091
OptTAR_Fixed_ligprep_20260117_0.5.maegz:608,-6.333,-5.684,-5.655,-4.648,-6.127,-5.417,-6.454,-5.806,-5.429,-5.924,-4.857,-5.669,-7.008,-6.864,-5.57,-7.353,-7.776,-8.156,-7.129,-5.307,-5.944,-4.995,-4.741,-4.486,-5.614,-5.455,-4.559,-5.15,-7.084,-7.074,-6.325,-5.097,-6.948,-5.361,-5.552,-5.157,-5.446,-5.684,-5.887,-6.161,-7.626,-6.065,-5.095,-4.921,-4.207,-5.699,-5.814,-4.683,-5.309,-5.134
OptTAR_Fixed_ligprep_20260117_0.5.maegz:609,-6.726,-6.845,-6.188,-5.463,-6.456,-5.326,-5.77,-6.168,-6.144,-6.096,-6.012,-6.031,-6.915,-8.246,-5.914,-7.114,-7.495,-7.16,-6.878,-7.538,-6.924,-6.156,-6.531,-5.287,-6.239,-6.953,-5.416,-6.647,-6.561,-7.041,-6.527,-7.002,-6.6,-6.317,-5.534,-5.889,-6.028,-5.694,-5.666,-6.122,-5.918,-6.113,-5.9,-5.501,-5.567,-5.457,-6.329,-5.765,-5.602,-5.465
SAM001246616,-4.562,-5.263,-3.873,-3.777,-2.9,-3.229,-3.961,-5.163,-3.46,-4.797,-4.329,-4.025,-5.69,-6.718,-4.612,-6.707,-5.97,-6.285,-6.448,-4.771,-5.262,-6.469,-5.648,-4.847,-4.415,-4.977,-4.769,-3.916,-5.216,-5.148,-5.356,-4.919,-5.308,-4.106,-4.96,-4.731,-4.725,-3.85,-3.446,-2.765,-4.594,-2.309,-3.223,-4.162,-4.464,-4.301,-4.053,-4.525,-4.829,-4.197
OptTAR_Fixed_ligprep_20260117_0.5.maegz:611,-4.799,-4.383,-4.388,-4.913,-4.243,-4.501,-4.778,-4.314,-4.174,-4.699,-3.282,-4.21,-4.712,-4.736,-3.863,-5.606,-5.8,-5.461,-4.523,-4.944,-4.763,-4.508,-3.918,-4.278,-4.036,-5.854,-4.039,-3.979,-5.3,-5.49,-4.118,-4.642,-4.875,-4.39,-4.146,-4.462,-4.033,-4.867,-4.311,-4.562,-5.514,-5.17,-4.373,-4.406,-4.756,-4.247,-5.221,-4.82,-4.311,-3.868
OptTAR_Fixed_ligprep_20260117_0.5.maegz:612,-5.167,-4.781,-3.961,-4.523,-5.569,-4.564,-3.542,-4.096,-4.415,-5.33,-4.292,-4.506,-4.957,-6.852,-5.577,-6.155,-6.785,-7.165,-4.738,-4.35,-4.459,-4.03,-3.9,-3.868,-4.507,-4.056,-3.884,-4.098,-5.567,-5.677,-5.833,-6.057,-6.085,-3.892,-4.18,-4.421,-4.033,-3.98,-4.551,-4.132,-4.35,-4.383,-3.927,-3.265,-3.771,-4.094,-5.166,-3.509,-4.317,-3.824
SAM001247105,-5.29,-4.193,-3.358,-3.085,-6.073,-4.549,-4.684,-4.908,-5.907,-5.48,-4.641,-5.152,-5.668,-7.073,-4.609,-7.198,-7.115,-6.386,-4.295,-4.33,-4.693,-4.179,-3.771,-3.986,-4.375,-4.912,-3.93,-6.361,-5.774,-5.962,-5.724,-5.564,-6.378,-4.656,-4.385,-4.6,-4.738,-3.739,-3.553,-5.43,-4.596,-3.363,-3.571,-3.858,-3.665,-5.333,-5.309,-4.026,-4.43,-4.487
147340,-5.423,-4.877,-4.273,-4.152,-5.686,-5.616,-5.606,-5.187,-4.63,-5.142,-4.881,-4.904,-5.585,-6.913,-5.556,-6.262,-7.574,-6.042,-4.942,-5.277,-5.611,-5.672,-4.747,-4.554,-4.386,-5.574,-5.215,-4.682,-5.62,-6.389,-5.646,-6.948,-6.573,-4.531,-4.269,-5.642,-5.312,-5.773,-5.596,-5.55,-6.895,-6.824,-4.645,-3.679,-4.237,-4.965,-5.707,-4.871,-4.903,-4.939
344036.cdx,-5.048,-5.117,-4.955,-4.019,-5.379,-4.058,-5.127,-4.324,-4.4,-4.641,-5.341,-5.788,-6.146,-6.651,-5.418,-6.843,-6.687,-6.661,-7.034,-5.896,-6.245,-6.208,-5.203,-5.763,-5.586,-4.616,-5.129,-6.353,-6.331,-5.08,-5.804,-5.914,-5.627,-6.043,-5.017,-5.223,-5.622,-4.703,-5.29,-5.317,-5.885,-5.205,-4.186,-4.326,-5.084,-4.88,-5.527,-4.916,-4.604,-4.747
OptTAR_Fixed_ligprep_20260117_0.5.maegz:616,-5.084,-5.513,-3.783,-4.758,-5.226,-4.809,-5.692,-4.681,-5.607,-5.905,-5.127,-5.812,-6.072,-6.746,-7.004,-7.165,-6.965,-7.302,-5.235,-5.434,-5.593,-6.306,-4.275,-4.414,-5.404,-5.141,-4.963,-4.513,-5.742,-6.983,-5.708,-6.327,-6.419,-5.091,-5.995,-5.486,-5.939,-5.692,-5.628,-5.767,-5.348,-5.83,-4.852,-4.985,-4.798,-5.727,-5.773,-5.377,-5.205,-4.819
OptTAR_Fixed_ligprep_20260117_0.5.maegz:617,-5.906,-6.21,-4.926,-6.464,-6.07,-5.377,-4.691,-5.83,-5.323,-5.678,-5.443,-6.586,-6.685,-6.658,-5.257,-6.461,-6.871,-6.917,-7.411,-5.179,-6.924,-6.029,-5.289,-4.345,-5.324,-5.14,-5.811,-7.869,-7.144,-6.394,-6.239,-6.734,-7.251,-5.523,-5.383,-6.638,-6.099,-6.032,-5.085,-5.466,-5.509,-5.29,-4.742,-4.8,-5.106,-5.848,-5.778,-4.861,-5.008,-5.423
OptTAR_Fixed_ligprep_20260117_0.5.maegz:618,-5.791,-3.843,-4.332,-4.326,-5.15,-4.968,-4.747,-5.157,-4.487,-4.864,-5.723,-5.406,-5.299,-6.771,-3.775,-6.315,-6.117,-5.76,-4.585,-4.915,-6.354,-5.267,-4.651,-5.875,-4.153,-4.685,-4.099,-5.26,-6.586,-4.761,-6.025,-5.45,-6.239,-4.44,-4.745,-5.164,-4.814,-4.841,-4.516,-5.297,-5.645,-3.887,-3.276,-3.185,-4.597,-4.585,-6.201,-4.399,-4.319,-3.969
13172.cdx,-4.808,-5.313,-4.06,-3.264,-3.529,-4.506,-5.336,-3.047,-4.147,-3.659,-3.983,-3.404,-4.785,-5.204,-4.838,-6.332,-5.98,-6.005,-4.497,-4.894,-6.214,-5.332,-4.004,-3.787,-5.047,-4.472,-3.877,-6.878,-5.035,-5.776,-3.602,-4.012,-4.327,-4.648,-4.536,-4.91,-4.582,-4.411,-5.256,-5.381,-3.744,-3.365,-3.236,-3.418,-3.832,-4.821,-4.62,-4.761,-3.719,-4.543
11926,-6.033,-4.241,,,-4.276,-1.803,-4.198,-5.006,-4.505,,-4.464,-5.355,-5.294,-7.209,-4.785,-6.122,-6.876,-6.897,-6.978,-5.574,-5.998,-4.679,-4.675,-5.97,-3.968,-5.652,-4.034,-4.209,-6.046,-5.817,-5.424,-6.103,-6.258,-4.944,-5.076,-4.294,-4.549,-4.462,-4.871,-4.671,-6.06,-5.733,-4.598,-3.038,-4.836,,-4.229,-4.785,-3.955,-4.916
PTERIN-6-CARBOXYLIC ACID,-5.169,-5.397,-4.814,-4.788,-5.292,-4.347,-5.055,-4.534,-4.448,-4.647,-5.598,-5.957,-5.611,-6.063,-4.431,-5.292,-5.302,-5.913,-5.719,-5.03,-5.19,-5.202,-4.694,-5.127,-5.347,-6.408,-5.234,-4.271,-5.63,-6.512,-5.286,-5.314,-5.857,-4.929,-4.273,-5.591,-5.251,-4.876,-4.75,-5.577,-5.338,-5.794,-4.376,-5.127,-5.326,-4.476,-4.184,-5.58,-4.985,-5.288
STROPHANTHIDIN SEMICARBAZIDE,-5.175,-7.076,-4.917,-5.639,-5.992,-5.34,-4.731,-5.221,-5.957,-6.412,-6.14,-5.66,-5.869,-8.406,-5.65,-8.089,-6.048,-5.708,-6.334,-4.838,-5.722,-5.787,-6.899,-5.803,-4.436,-5.882,-5.916,-5.331,-8.184,-5.86,-6.306,-6.892,-5.631,-5.969,-5.695,-5.328,-6.002,-5.247,-4.956,-5.348,-6.554,-4.015,-4.354,-3.236,-5.076,-6.113,-5.784,-4.611,-5.064,-5.691
BETAMETHASONE,-5.491,-4.94,-5.038,-4.57,-5.175,-3.873,-3.692,-4.717,-5.003,-4.527,-4.167,-4.646,-5.559,-7.123,-4.447,-7.194,-4.795,-5.516,-6.325,-5.091,-4.803,-6.657,-3.849,-5.16,-4.799,-4.255,-3.883,-3.825,-4.871,-6.627,-6.594,-5.213,-5.522,-5.071,-4.651,-5.588,-3.848,-4.212,-3.709,-5.329,-4.244,-3.725,-2.744,-3.989,-2.691,-5.339,-5.402,-4.684,-4.463,-4.193
METAPROTERENOL,-6.78,-6.061,-4.654,-5.755,-6.187,-5.972,-6.475,-5.424,-5.926,-6.267,-4.982,-5.727,-6.808,-7.082,-6.397,-6.979,-7.764,-7.977,-6.491,-5.72,-6.461,-5.717,-4.736,-5.721,-5.599,-6.333,-5.383,-8.203,-6.7,-8.136,-5.664,-7.56,-6.717,-5.127,-5.849,-6.623,-6.312,-6.671,-5.472,-5.648,-7.484,-6.999,-5.743,-4.991,-6.03,-6.355,-6.013,-5.125,-5.296,-5.174
CHLOROTHIAZIDE,-3.626,-3.679,-3.974,-3.989,-4.358,-3.573,-4.02,-3.22,-3.743,-3.877,-3.73,-4.226,-4.837,-4.604,-4.469,-4.462,-4.047,-5.791,-3.957,-3.763,-4.097,-4.429,-2.602,-3.349,-4.206,-3.915,-3.516,-3.935,-4.022,-5.121,-2.256,-5.297,-3.626,-3.919,-3.568,-3.768,-3.82,-4.778,-2.339,-3.419,-4.366,-3.539,-3.683,-2.401,-2.247,-3.824,-3.49,-3.945,-3.755,-3.752
SULFADIMETHOXINE,-6.105,-3.349,-4.08,-5.783,-5.915,-4.334,-5.003,-3.834,-3.518,-5.609,-4.761,-5.586,-4.718,-5.025,-5.086,-4.752,-4.896,-7.514,-4.613,-5.631,-3.621,-6.301,-3.43,-3.558,-3.547,-4.887,-5.384,-3.275,-6.91,-5.84,-4.047,-6.599,-4.747,-2.966,-3.204,-4.177,-3.852,-4.569,-2.92,-3.27,-3.936,-4.862,-5.354,-4.222,-5.575,-5.832,-4.456,-3.033,-5.309,-5.343
SULFAMETHOXYPYRIDAZINE,-4.583,-5.228,-4.974,-4.732,-5.666,-4.178,-4.216,-5.026,-5.465,-5.975,-4.463,-5.619,-5.943,-6.256,-5.08,-6.104,-5.266,-6.455,-6.799,-5.536,-5.919,-5.401,-4.61,-3.907,-5.199,-5.851,-4.227,-4.466,-5.961,-6.202,-4.815,-5.742,-5.776,-4.826,-5.48,-5.864,-5.986,-5.726,-4.751,-4.824,-4.178,-5.228,-4.235,-4.006,-4.728,-5.018,-4.571,-4.552,-4.329,-4.621
ALTHIAZIDE,-3.585,-5.046,-3.972,-3.975,-4.285,-4.595,-4.903,-4.271,-4.591,-5.462,-3.573,-4.224,-4.381,-5.629,-4.303,-5.663,-6.055,-6.938,-4.382,-4.008,-4.447,-4.152,-3.404,-3.942,-4.999,-3.719,-2.518,-3.831,-7.062,-5.739,-5.009,-5.162,-5.659,-4.946,-4.111,-4.293,-4.157,-5.2,-4.302,-3.034,-4.622,-3.576,-3.787,-3.665,-5.736,-4.893,-3.751,-2.551,-3.769,-5.913
OptTAR_Fixed_ligprep_20260117_0.5.maegz:629,-6.926,-5.569,-4.008,-5.138,-6.123,-7.397,-6.184,-5.493,-5.364,-6.313,-6.979,-5.716,-6.313,-7.996,-6.638,-7.313,-7.179,-7.882,-6.116,-5.672,-5.389,-6.481,-5.119,-5.916,-5.736,-6.226,-5.162,-8.512,-7.364,-7.632,-5.999,-7.484,-6.938,-5.922,-5.855,-7.579,-6.849,-5.889,-4.94,-5.927,-7.301,-6.21,-4.327,-4.778,-5.248,-6.017,-5.637,-4.758,-6.296,-5.529
OptTAR_Fixed_ligprep_20260117_0.5.maegz:630,-5.562,-4.987,-2.635,-3.368,-4.533,-3.921,-5.061,-3.779,-4.763,-3.99,-5.158,-5.051,-5.687,-5.884,-4.364,-5.618,-5.846,-5.517,-4.48,-3.804,-3.538,-4.513,-3.381,-3.614,-3.251,-4.308,-4.193,-6.183,-5.774,-5.192,-4.387,-4.853,-5.975,-3.755,-3.432,-4.963,-5.021,-3.896,-3.766,-4.043,-4.441,-2.635,-3.88,-3.449,-2.883,-5.327,-4.072,-3.309,-3.738,-4.121
PERICIAZINE,-7.079,-5.821,-5.808,-6.815,-6.693,-6.618,-6.483,-6.347,-6.072,-6.399,-5.43,-6.215,-7.057,-8.409,-6.635,-8.284,-8.554,-7.69,-8.108,-7.4,-5.906,-6.341,-5.218,-6.705,-5.088,-5.421,-5.7,-5.028,-7.116,-7.56,-6.835,-8.032,-7.948,-5.069,-5.389,-6.291,-6.534,-5.982,-5.216,-6.736,-8.229,-6.637,-5.528,-4.599,-5.888,-6.653,-6.796,-5.579,-5.114,-5.522
OptTAR_Fixed_ligprep_20260117_0.5.maegz:632,-5.866,-6.061,-4.748,-6.122,-5.605,-5.786,-6.067,-5.844,-5.716,-6.379,-6.015,-6.175,-7.119,-6.646,-6.18,-6.537,-6.284,-6.856,-5.444,-5.584,-6.308,-5.746,-5.179,-4.888,-5.949,-6.395,-5.778,-5.553,-7.214,-7.106,-5.471,-6.519,-5.985,-5.231,-5.072,-6.698,-6.853,-6.635,-5.492,-5.636,-5.846,-7.106,-5.237,-6.172,-7.193,-6.155,-5.683,-5.682,-6.641,-5.808
HALOPERIDOL,-6.39,-6.15,-4.412,-5.832,-6.75,-5.659,-5.054,-4.923,-5.725,-4.927,-6.653,-5.552,-5.92,-8.257,-6.09,-6.998,-7.038,-7.503,-4.936,-6.396,-5.945,-6.126,-4.815,-4.676,-5.716,-5.388,-5.122,-5.563,-7.779,-7.228,-6.467,-7.818,-7.951,-5.521,-6.116,-6.534,-6.768,-4.725,-4.782,-5.434,-6.689,-6.433,-3.866,-3.981,-4.544,-5.722,-6.547,-5.383,-5.426,-5.089
PREDNISOLONE ACETATE,-5.193,-5.421,-5.709,-6.094,-5.594,-5.731,-4.958,-5.838,-7.117,-5.137,-5.851,-4.879,-6.305,-7.71,-5.072,-8.417,-7.5,-6.997,-5.348,-6.288,-6.005,-6.993,-4.488,-5.398,-5.417,-4.899,-4.703,-6.083,-7.356,-6.855,-6.965,-6.181,-6.292,-6.091,-5.469,-6.005,-5.115,-6.029,-6.129,-4.965,-4.89,-4.685,-4.911,-4.962,-4.775,-5.083,-6.236,-4.117,-4.495,-5.408
SULFAMERAZINE,-4.329,-3.958,-4.754,-4.915,-5.17,-4.075,-4.821,-4.044,-4.535,-4.378,-3.747,-4.962,-5.577,-4.895,-4.881,-5.624,-5.538,-4.985,-5.722,-4.55,-4.239,-5.254,-4.607,-5.129,-4.584,-4.635,-4.593,-4.153,-6.123,-5.717,-5.572,-5.748,-5.548,-4.688,-4.085,-6.03,-4.801,-5.597,-4.919,-4.047,-5.14,-5.001,-5.122,-4.719,-4.959,-4.799,-4.847,-3.755,-3.801,-4.466
SULFAMETHIZOLE,-3.924,-5.073,-3.682,-3.553,-5.066,-3.816,-4.719,-4.206,-4.506,-4.369,-4.022,-4.366,-5.088,-5.067,-3.998,-4.637,-5.176,-5.776,-6.017,-4.83,-5.213,-5.031,-3.998,-4.753,-4.508,-4.03,-3.721,-4.142,-5.203,-5.58,-4.548,-5.014,-5.24,-4.394,-4.914,-5.315,-5.234,-4.834,-4.178,-3.511,-3.838,-3.442,-3.381,-3.567,-4.155,-3.575,-4.118,-4.527,-4.337,-4.209
OptTAR_Fixed_ligprep_20260117_0.5.maegz:637,-6.88,-6.327,-5.061,-6.229,-5.385,-5.758,-6.258,-5.592,-5.7,-5.523,-4.947,-6.74,-6.849,-7.182,-5.647,-7.076,-7.195,-7.783,-7.245,-6.785,-7.621,-5.212,-4.593,-4.789,-5.463,-6.122,-6.382,-5.802,-7.643,-7.74,-6.004,-6.829,-6.762,-5.704,-5.114,-6.929,-6.345,-6.572,-5.129,-5.672,-6.576,-7.204,-5.618,-4.799,-6.698,-5.762,-5.983,-6.035,-5.796,-5.632
BENDROFUMETHIAZIDE,-5.358,-4.104,-4.185,-5.696,-4.249,-4.369,-4.222,-4.429,-4.517,-4.467,-4.482,-4.937,-4.433,-7.208,-3.591,-5.288,-5.412,-6.231,-4.439,-5.236,-4.645,-3.519,-3.638,-2.902,-4.888,-4.478,-3.641,-4.191,-5.434,-6.162,-5.553,-6.027,-5.016,-4.28,-5.036,-4.861,-5.946,-6.14,-5.593,-3.666,-4.311,-6.008,-3.56,-2.833,-1.196,-4.774,-5.478,-4.024,-3.537,-3.966
SULFACHLORPYRIDAZINE,-4.265,-4.749,-4.135,-4.009,-5.035,-4.573,-4.659,-4.319,-4.815,-4.016,-4.051,-4.984,-5.28,-5.494,-4.145,-5.283,-5.332,-5.078,-5.659,-4.305,-5.006,-4.779,-3.561,-4.418,-4.903,-3.71,-3.736,-4.758,-5.656,-5.021,-4.508,-5.307,-5.618,-4.234,-4.349,-5.206,-5.479,-4.43,-3.724,-3.884,-4.266,-4.909,-3.528,-3.452,-3.995,-4.256,-3.879,-3.817,-3.493,-4.047
TRIAMCINOLONE,-5.141,-4.236,-4.196,-4.731,-5.697,-4.095,-4.411,-5.487,-6.055,-4.347,-4.349,-5.099,-6.804,-6.137,-4.883,-7.635,-5.635,-6.669,-6.98,-4.698,-5.076,-6.705,-4.266,-4.57,-5.237,-4.793,-4.604,-4.348,-6.174,-6.087,-5.71,-5.958,-5.125,-5.4,-4.886,-4.987,-5.633,-5.303,-6.166,-4.951,-5.299,-4.851,-4.25,-4.157,-4.235,-5.389,-4.767,-5.484,-4.454,-5.044
OptTAR_Fixed_ligprep_20260117_0.5.maegz:641,-5.455,-5.436,-5.34,-5.277,-5.401,-5.509,-4.485,-4.822,-5.113,-5.581,-4.871,-5.544,-5.993,-6.942,-5.385,-6.861,-6.962,-6.615,-6.911,-4.946,-5.84,-5.911,-5.021,-6.049,-5.181,-6.025,-4.947,-5.46,-5.632,-6.527,-6.193,-5.458,-5.436,-5.03,-4.531,-4.609,-5.233,-5.494,-5.381,-5.168,-6.713,-5.731,-5.462,-5.11,-5.249,-4.515,-5.717,-5.833,-4.782,-5.002
OptTAR_Fixed_ligprep_20260117_0.5.maegz:642,-6.805,-6.445,-6.155,-6.449,-6.799,-6.121,-5.737,-6.046,-6.342,-6.099,-5.743,-6.165,-6.461,-7.87,-6.354,-7.104,-7.838,-7.501,-6.815,-5.524,-5.042,-6.203,-5.19,-5.45,-5.231,-7.006,-5.801,-6.165,-6.267,-6.666,-6.466,-6.209,-6.845,-5.37,-6.127,-5.959,-6.143,-5.866,-5.628,-5.999,-5.657,-6.524,-5.793,-5.592,-5.157,-6.231,-6.32,-5.638,-5.64,-6.257
OptTAR_Fixed_ligprep_20260117_0.5.maegz:643,-6.845,-6.439,-6.287,-5.736,-6.226,-6.059,-6.55,-5.986,-6.179,-6.379,-6.354,-7.06,-6.929,-7.472,-6.89,-7.626,-7.486,-7.331,-6.881,-6.834,-6.721,-6.272,-6.761,-6.261,-5.898,-6.35,-6.332,-7.416,-7.242,-7.96,-6.002,-6.71,-6.915,-5.661,-5.458,-7.092,-7.257,-7.043,-6.908,-6.324,-6.401,-7.229,-6.642,-5.531,-5.332,-6.713,-5.696,-6.072,-6.604,-6.408
HYCANTHONE,-6.413,-6.597,-5.72,-5.577,-5.129,-6.403,-5.756,-5.296,-5.483,-5.338,-5.332,-5.923,-5.819,-8.503,-5.51,-6.868,-8.943,-7.861,-7.561,-5.51,-5.322,-6.159,-5.289,-5.57,-5.617,-5.741,-5.583,-5.261,-7.238,-7.57,-5.853,-6.508,-7.538,-5.241,-5.028,-5.754,-6.81,-5.445,-5.628,-6.338,-7.152,-4.855,-4.433,-4.868,-4.893,-5.717,-6.025,-6.268,-5.031,-5.595
MEGESTROL ACETATE,-4.854,-3.178,-3.718,-3.556,-5.4,-4.046,-3.239,-3.454,-4.894,-3.728,-3.904,-4.252,-4.7,-3.693,-4.661,-3.874,-3.261,-3.465,-4.204,-4.823,-3.873,-4.043,-3.531,-3.869,-4.2,-3.867,-4.718,-3.652,-6.18,-3.771,-4.58,-4.05,-4.077,-4.849,-4.635,-3.654,-4.672,-3.462,-3.429,-3.925,-3.621,-4.038,-4.5,-3.247,-4.265,-4.822,-3.417,-4.359,-3.792,-3.758
OptTAR_Fixed_ligprep_20260117_0.5.maegz:646,-6.493,-5.653,-5.249,-5.397,-6.199,-5.748,-6.207,-5.568,-5.787,-5.397,-5.121,-6.618,-6.917,-7.432,-6.058,-6.953,-7.301,-6.711,-6.824,-4.918,-7.478,-6.442,-4.994,-6.279,-7.076,-5.833,-4.567,-7.576,-7.023,-7.37,-5.395,-5.976,-6.339,-4.911,-5.512,-5.98,-7.028,-6.194,-5.155,-6.31,-6.951,-6.179,-5.47,-5.015,-6.575,-5.789,-5.995,-5.279,-5.453,-5.916
LEVONORDEFRIN,-6.845,-6.439,-6.287,-5.736,-6.226,-6.059,-6.55,-5.986,-6.179,-6.379,-6.354,-7.06,-6.929,-7.472,-6.89,-7.626,-7.486,-7.331,-6.881,-6.834,-6.721,-6.272,-6.761,-6.261,-5.898,-6.35,-6.332,-7.416,-7.242,-7.96,-6.002,-6.71,-6.915,-5.661,-5.458,-7.092,-7.257,-7.043,-6.908,-6.324,-6.401,-7.229,-6.642,-5.531,-5.332,-6.713,-5.696,-6.072,-6.604,-6.408
DEXAMETHASONE ACETATE,-5.113,-5.198,-5.854,-4.698,-5.977,-5.544,-4.813,-5.871,-5.246,-4.481,-4.077,-5.241,-5.501,-7.075,-4.977,-8.224,-5.116,-6.825,-6.244,-4.968,-6.267,-6.898,-4.096,-4.72,-5.791,-5.735,-5.175,-6.098,-5.652,-5.713,-6.241,-6.058,-6.518,-5.198,-5.416,-5.916,-5.839,-6.085,-5.948,-5.011,-5.5,-4.485,-3.897,-3.449,-4.939,-5.33,-6.127,-5.409,-4.916,-4.735
OptTAR_Fixed_ligprep_20260117_0.5.maegz:649,-3.783,-3.324,-4.027,-4.441,-4.236,-4.267,-3.763,-3.553,-4.244,-3.492,-2.817,-5.41,-4.749,-5.303,-4.465,-5.651,-5.536,-5.456,-3.638,-4.021,-4.171,-4.467,-3.672,-3.589,-3.776,-4.387,-3.645,-5.015,-5.075,-5.066,-3.689,-3.961,-3.105,-3.225,-3.773,-4.28,-4.715,-4.031,-3.29,-4.522,-5.283,-4.352,-3.781,-3.452,-2.989,-4.831,-4.806,-3.107,-3.716,-4.259
OptTAR_Fixed_ligprep_20260117_0.5.maegz:650,-5.564,-5.177,-4.045,-6.436,-6.189,-4.858,-6.478,-5.041,-5.071,-5.582,-4.959,-5.206,-5.844,-6.817,-5.902,-6.614,-6.853,-8.382,-5.613,-4.497,-4.234,-5.073,-4.321,-3.879,-4.484,-4.679,-4.054,-4.788,-7.284,-6.642,-6.228,-5.731,-7.432,-5.444,-4.976,-4.868,-5.485,-5.432,-4.835,-5.812,-5.866,-6.242,-4.137,-4.217,-4.328,-5.862,-5.666,-3.896,-4.636,-4.63
THIAMPHENICOL,-5.887,-5.449,-4.974,-4.987,-4.627,-5.246,-6.084,-4.862,-5.096,-4.916,-6.008,-4.696,-6.736,-6.762,-5.191,-7.358,-7.168,-6.448,-5.86,-3.835,-4.216,-5.769,-4.303,-4.299,-5.182,-4.443,-3.997,-6.23,-5.636,-6.626,-4.436,-5.931,-6.745,-5.211,-4.305,-5.601,-5.212,-6.031,-4.018,-5.229,-6.154,-5.499,-4.899,-4.409,-5.285,-5.352,-5.011,-4.519,-4.893,-5.015
