frame,ok,h1_rmsd,h2_rmsd,alpha,beta,abs_beta,gamma,zeta_alpha_plus_gamma,replicate,sas_rdc_rmsd,selection_rank
6571,1,1.323,0.918,24.828000000000003,15.818000000000012,15.818,-47.516999999999996,-22.688999999999993,1,1.835,1
41092,1,1.28,0.645,-5.153999999999996,51.536,51.536,-44.959,-50.113,1,1.835,2
46715,1,1.118,0.937,-14.995000000000005,81.29599999999999,81.296,-9.084000000000003,-24.079000000000008,1,1.835,3
8882,1,1.845,0.947,-44.41499999999999,89.22399999999999,89.224,31.301999999999992,-13.113,1,1.835,4
11952,1,1.279,1.052,-22.673000000000002,83.46199999999999,83.462,-13.405000000000001,-36.078,1,1.835,5
15960,1,0.909,0.771,-72.543,-9.84899999999999,9.849,83.452,10.908999999999992,1,1.835,6
32294,1,1.395,0.796,-67.565,35.197,35.197,28.068000000000012,-39.497000000000014,1,1.835,7
18641,1,1.043,0.771,19.834000000000003,60.778999999999996,60.779,18.336000000000013,38.170000000000016,1,1.835,8
7865,1,1.085,1.105,-10.817000000000007,58.718999999999994,58.719,-14.734000000000009,-25.550999999999988,1,1.835,9
44197,1,1.289,0.888,28.951999999999998,97.82100000000003,97.821,56.48599999999999,85.43799999999999,1,1.835,10
15813,1,1.366,0.924,-4.421999999999997,71.63999999999999,71.64,-22.542,-26.964,1,1.835,11
6185,1,3.851,0.538,62.507000000000005,71.945,71.945,0.3120000000000118,62.81900000000002,1,1.835,12
27048,1,1.214,1.04,-92.16,-27.87700000000001,27.877,81.82,-10.340000000000003,1,1.835,13
130,1,2.423,0.873,29.728999999999985,67.79399999999998,67.794,-1.882000000000005,27.84700000000001,1,1.835,14
41350,1,1.697,0.806,-32.131,66.297,66.297,13.119,-19.012,1,1.835,15
32215,1,1.111,1.187,-61.144000000000005,25.16900000000001,25.169,20.226,-40.918000000000006,1,1.835,16
34107,1,1.603,1.017,18.296999999999997,66.26400000000001,66.264,-22.723000000000013,-4.425999999999988,1,1.835,17
50349,1,0.971,1.391,-8.219999999999999,58.83699999999999,58.837,-25.474999999999994,-33.69499999999999,1,1.835,18
15958,1,0.909,0.73,-79.854,-9.824000000000012,9.824,99.51300000000003,19.65900000000002,1,1.835,19
37805,1,1.389,1.167,20.91300000000001,50.38300000000001,50.383,-27.146000000000015,-6.233000000000004,1,1.835,20
46713,1,0.963,1.133,-20.212999999999994,87.40199999999999,87.402,-12.139999999999986,-32.35300000000001,2,1.835,1
25547,1,1.646,1.103,-59.92099999999999,34.343999999999994,34.344,10.957999999999998,-48.962999999999994,2,1.835,2
6014,1,3.912,0.567,56.46800000000002,76.80399999999997,76.804,2.9850000000000136,59.453,2,1.835,3
34164,1,2.312,1.202,-46.90899999999999,39.744,39.744,17.947000000000003,-28.96199999999999,2,1.835,4
49827,1,0.832,0.905,-72.146,7.439999999999998,7.44,63.965,-8.180999999999983,2,1.835,5
1644,1,1.326,0.797,-29.531000000000006,64.649,64.649,1.3160000000000025,-28.215000000000003,2,1.835,6
41350,1,1.697,0.806,-32.131,66.297,66.297,13.119,-19.012,2,1.835,7
33300,1,2.013,0.804,33.30199999999999,88.77199999999999,88.772,16.863,50.16499999999999,2,1.835,8
20301,1,1.342,0.845,-19.353999999999985,59.453,59.453,-15.954000000000008,-35.30799999999999,2,1.835,9
27063,1,1.122,1.001,-82.212,-18.461000000000013,18.461,74.47199999999998,-7.740000000000009,2,1.835,10
136,1,2.242,0.883,26.501000000000005,68.75900000000001,68.759,-6.778999999999996,19.72200000000001,2,1.835,11
43191,1,1.266,0.731,31.562000000000012,94.01099999999997,94.011,53.66300000000001,85.22500000000002,2,1.835,12
15960,1,0.909,0.771,-72.543,-9.84899999999999,9.849,83.452,10.908999999999992,2,1.835,13
15953,1,1.005,0.852,-25.456999999999994,-9.431000000000012,9.431,45.00399999999999,19.546999999999997,2,1.835,14
24198,1,1.002,1.441,-24.38499999999999,54.271000000000015,54.271,-11.00800000000001,-35.393,2,1.835,15
37247,1,1.515,1.022,-13.350999999999999,57.021000000000015,57.021,-3.179000000000002,-16.53,2,1.835,16
38032,1,1.06,0.843,-5.746000000000009,70.043,70.043,-38.860000000000014,-44.605999999999995,2,1.835,17
15609,1,1.412,1.028,25.596000000000004,62.983000000000004,62.983,22.873999999999995,48.47,2,1.835,18
45493,1,1.077,1.166,25.057999999999993,57.247000000000014,57.247,-36.865999999999985,-11.807999999999993,2,1.835,19
17181,1,1.123,1.05,62.82400000000001,34.899,34.899,-71.942,-9.117999999999995,2,1.835,20
41350,1,1.697,0.806,-32.131,66.297,66.297,13.119,-19.012,3,1.855,1
13119,1,1.547,0.784,-10.826999999999998,39.34700000000001,39.347,7.661000000000001,-3.165999999999997,3,1.855,2
40364,1,0.696,0.938,-20.87100000000001,4.796999999999997,4.797,12.920999999999992,-7.949999999999989,3,1.855,3
33296,1,2.047,0.721,45.111999999999995,76.06600000000003,76.066,10.436000000000007,55.548,3,1.855,4
15960,1,0.909,0.771,-72.543,-9.84899999999999,9.849,83.452,10.908999999999992,3,1.855,5
8452,1,0.787,0.736,45.599999999999994,50.706999999999994,50.707,-58.67699999999999,-13.076999999999998,3,1.855,6
46713,1,0.963,1.133,-20.212999999999994,87.40199999999999,87.402,-12.139999999999986,-32.35300000000001,3,1.855,7
43958,1,1.343,1.298,-39.726,56.254999999999995,56.255,1.1999999999999886,-38.52600000000001,3,1.855,8
136,1,2.242,0.883,26.501000000000005,68.75900000000001,68.759,-6.778999999999996,19.72200000000001,3,1.855,9
6014,1,3.912,0.567,56.46800000000002,76.80399999999997,76.804,2.9850000000000136,59.453,3,1.855,10
41092,1,1.28,0.645,-5.153999999999996,51.536,51.536,-44.959,-50.113,3,1.855,11
21292,1,0.819,1.504,-17.64500000000001,56.486999999999995,56.487,-17.865999999999985,-35.510999999999996,3,1.855,12
34913,1,1.246,1.091,10.949000000000012,73.97399999999999,73.974,-14.87100000000001,-3.921999999999997,3,1.855,13
44268,1,1.266,0.731,31.562000000000012,94.01099999999997,94.011,53.66300000000001,85.22500000000002,3,1.855,14
15958,1,0.909,0.73,-79.854,-9.824000000000012,9.824,99.51300000000003,19.65900000000002,3,1.855,15
6618,1,0.885,0.916,-45.16899999999998,7.501000000000005,7.501,37.977000000000004,-7.192000000000007,3,1.855,16
39404,1,1.08,0.778,-21.698000000000008,94.10899999999998,94.109,-4.038000000000011,-25.73599999999999,3,1.855,17
25583,1,1.632,1.07,-63.684,40.989000000000004,40.989,11.792000000000002,-51.891999999999996,3,1.855,18
5581,1,1.754,0.948,-34.11099999999999,71.28300000000002,71.283,29.873999999999995,-4.236999999999995,3,1.855,19
25214,1,2.025,0.847,23.14099999999999,34.287000000000006,34.287,4.919000000000011,28.060000000000002,3,1.855,20
15813,1,1.366,0.924,-4.421999999999997,71.63999999999999,71.64,-22.542,-26.964,4,1.861,1
6185,1,3.851,0.538,62.507000000000005,71.945,71.945,0.3120000000000118,62.81900000000002,4,1.861,2
18576,1,1.255,0.924,-40.40199999999999,97.457,97.457,14.408999999999992,-25.992999999999995,4,1.861,3
27063,1,1.122,1.001,-82.212,-18.461000000000013,18.461,74.47199999999998,-7.740000000000009,4,1.861,4
7225,1,1.279,0.795,-0.6380000000000052,79.805,79.805,-12.322000000000003,-12.960000000000008,4,1.861,5
50379,1,1.089,0.761,-48.44999999999999,13.719999999999999,13.72,39.709,-8.740999999999985,4,1.861,6
211,1,2.567,0.914,19.51400000000001,62.307000000000016,62.307,46.845,66.35899999999998,4,1.861,7
44816,1,0.934,1.225,53.59700000000001,31.805000000000007,31.805,-69.426,-15.829000000000008,4,1.861,8
32226,1,0.959,1.034,-58.535,29.256,29.256,19.091999999999985,-39.442999999999984,4,1.861,9
21292,1,0.819,1.504,-17.64500000000001,56.486999999999995,56.487,-17.865999999999985,-35.510999999999996,4,1.861,10
15960,1,0.909,0.771,-72.543,-9.84899999999999,9.849,83.452,10.908999999999992,4,1.861,11
31301,1,1.073,1.135,-23.78800000000001,100.49900000000002,100.499,6.242999999999995,-17.545000000000016,4,1.861,12
6014,1,3.912,0.567,56.46800000000002,76.80399999999997,76.804,2.9850000000000136,59.453,4,1.861,13
7711,1,1.235,0.657,21.014999999999986,56.49600000000001,56.496,-36.92699999999999,-15.912000000000006,4,1.861,14
33300,1,2.013,0.804,33.30199999999999,88.77199999999999,88.772,16.863,50.16499999999999,4,1.861,15
32211,1,1.176,1.199,-51.21199999999999,23.063999999999993,23.064,11.369,-39.84300000000002,4,1.861,16
26186,1,1.567,1.129,-14.310000000000002,57.20600000000002,57.206,-4.939999999999998,-19.25,4,1.861,17
11952,1,1.279,1.052,-22.673000000000002,83.46199999999999,83.462,-13.405000000000001,-36.078,4,1.861,18
3140,1,0.881,1.021,38.86099999999999,24.421999999999997,24.422,-61.408,-22.546999999999997,4,1.861,19
19757,1,1.227,0.634,3.272999999999996,62.357,62.357,-49.432000000000016,-46.15899999999999,4,1.861,20
44308,1,0.982,0.771,40.708,88.47399999999999,88.474,47.07300000000001,87.781,5,1.868,1
37200,1,1.503,1.103,7.293000000000006,53.638000000000005,53.638,-16.385999999999996,-9.09299999999999,5,1.868,2
25610,1,1.582,1.24,-41.708,37.75,37.75,-2.2750000000000057,-43.983000000000004,5,1.868,3
254,1,1.305,1.16,3.337999999999994,47.071,47.071,-17.024,-13.686000000000007,5,1.868,4
46715,1,1.118,0.937,-14.995000000000005,81.29599999999999,81.296,-9.084000000000003,-24.079000000000008,5,1.868,5
18075,1,1.913,0.856,37.46800000000002,77.07900000000001,77.079,64.11500000000001,101.58299999999997,5,1.868,6
39404,1,1.08,0.778,-21.698000000000008,94.10899999999998,94.109,-4.038000000000011,-25.73599999999999,5,1.868,7
45291,1,1.226,1.488,-26.85499999999999,47.629999999999995,47.63,-5.299000000000007,-32.153999999999996,5,1.868,8
6185,1,3.851,0.538,62.507000000000005,71.945,71.945,0.3120000000000118,62.81900000000002,5,1.868,9
30382,1,0.918,0.878,62.387,-2.693000000000012,2.693,-72.04,-9.65300000000002,5,1.868,10
6014,1,3.912,0.567,56.46800000000002,76.80399999999997,76.804,2.9850000000000136,59.453,5,1.868,11
34913,1,1.246,1.091,10.949000000000012,73.97399999999999,73.974,-14.87100000000001,-3.921999999999997,5,1.868,12
3870,1,1.118,1.015,-46.162000000000006,78.64300000000003,78.643,12.771999999999991,-33.389999999999986,5,1.868,13
41350,1,1.697,0.806,-32.131,66.297,66.297,13.119,-19.012,5,1.868,14
32294,1,1.395,0.796,-67.565,35.197,35.197,28.068000000000012,-39.497000000000014,5,1.868,15
14814,1,1.083,0.834,-0.03299999999998704,69.36599999999999,69.366,-27.043000000000006,-27.075999999999993,5,1.868,16
38956,1,1.033,1.2,60.037000000000006,9.90700000000001,9.907,-41.480999999999995,18.55600000000001,5,1.868,17
41092,1,1.28,0.645,-5.153999999999996,51.536,51.536,-44.959,-50.113,5,1.868,18
15960,1,0.909,0.771,-72.543,-9.84899999999999,9.849,83.452,10.908999999999992,5,1.868,19
41953,1,1.186,1.075,55.28199999999998,25.754999999999995,25.755,-65.674,-10.391999999999996,5,1.868,20
36565,1,1.27,1.227,21.736999999999995,8.948000000000008,8.948,-6.3089999999999975,15.427999999999997,6,1.876,1
32211,1,1.176,1.199,-51.21199999999999,23.063999999999993,23.064,11.369,-39.84300000000002,6,1.876,2
37247,1,1.515,1.022,-13.350999999999999,57.021000000000015,57.021,-3.179000000000002,-16.53,6,1.876,3
15960,1,0.909,0.771,-72.543,-9.84899999999999,9.849,83.452,10.908999999999992,6,1.876,4
6573,1,0.769,1.186,50.264999999999986,39.888000000000005,39.888,-60.21600000000001,-9.950999999999993,6,1.876,5
43191,1,1.266,0.731,31.562000000000012,94.01099999999997,94.011,53.66300000000001,85.22500000000002,6,1.876,6
6014,1,3.912,0.567,56.46800000000002,76.80399999999997,76.804,2.9850000000000136,59.453,6,1.876,7
11853,1,0.898,0.885,-23.363,52.91499999999999,52.915,-1.681999999999988,-25.045000000000016,6,1.876,8
32294,1,1.395,0.796,-67.565,35.197,35.197,28.068000000000012,-39.497000000000014,6,1.876,9
18576,1,1.255,0.924,-40.40199999999999,97.457,97.457,14.408999999999992,-25.992999999999995,6,1.876,10
41350,1,1.697,0.806,-32.131,66.297,66.297,13.119,-19.012,6,1.876,11
12171,1,1.276,1.417,0.3859999999999957,75.838,75.838,-37.934,-37.548,6,1.876,12
43324,1,0.76,1.656,-39.85900000000001,56.631,56.631,0.828000000000003,-39.031000000000006,6,1.876,13
15813,1,1.366,0.924,-4.421999999999997,71.63999999999999,71.64,-22.542,-26.964,6,1.876,14
136,1,2.242,0.883,26.501000000000005,68.75900000000001,68.759,-6.778999999999996,19.72200000000001,6,1.876,15
14770,1,1.3,0.962,-20.745000000000005,63.815,63.815,-11.135999999999996,-31.881,6,1.876,16
15964,1,0.902,0.589,-32.02000000000001,-11.790999999999997,11.791,45.56200000000001,13.542000000000002,6,1.876,17
25214,1,2.025,0.847,23.14099999999999,34.287000000000006,34.287,4.919000000000011,28.060000000000002,6,1.876,18
276,1,1.342,1.039,-5.819999999999993,57.107,57.107,-13.465000000000003,-19.284999999999997,6,1.876,19
33290,1,2.034,0.842,34.101,78.77100000000002,78.771,7.299000000000007,41.400000000000006,6,1.876,20
18075,1,1.913,0.856,37.46800000000002,77.07900000000001,77.079,64.11500000000001,101.58299999999997,7,1.886,1
21292,1,0.819,1.504,-17.64500000000001,56.486999999999995,56.487,-17.865999999999985,-35.510999999999996,7,1.886,2
47291,1,1.231,0.822,64.786,42.54599999999999,42.546,-36.735000000000014,28.050999999999988,7,1.886,3
41254,1,1.03,0.907,5.771999999999991,70.213,70.213,-13.467000000000013,-7.694999999999993,7,1.886,4
15953,1,1.005,0.852,-25.456999999999994,-9.431000000000012,9.431,45.00399999999999,19.546999999999997,7,1.886,5
41350,1,1.697,0.806,-32.131,66.297,66.297,13.119,-19.012,7,1.886,6
15813,1,1.366,0.924,-4.421999999999997,71.63999999999999,71.64,-22.542,-26.964,7,1.886,7
39404,1,1.08,0.778,-21.698000000000008,94.10899999999998,94.109,-4.038000000000011,-25.73599999999999,7,1.886,8
32294,1,1.395,0.796,-67.565,35.197,35.197,28.068000000000012,-39.497000000000014,7,1.886,9
44197,1,1.289,0.888,28.951999999999998,97.82100000000003,97.821,56.48599999999999,85.43799999999999,7,1.886,10
41092,1,1.28,0.645,-5.153999999999996,51.536,51.536,-44.959,-50.113,7,1.886,11
14472,1,1.55,1.4,-10.75200000000001,27.724999999999994,27.725,-7.407000000000011,-18.158999999999992,7,1.886,12
25547,1,1.646,1.103,-59.92099999999999,34.343999999999994,34.344,10.957999999999998,-48.962999999999994,7,1.886,13
15960,1,0.909,0.771,-72.543,-9.84899999999999,9.849,83.452,10.908999999999992,7,1.886,14
6014,1,3.912,0.567,56.46800000000002,76.80399999999997,76.804,2.9850000000000136,59.453,7,1.886,15
6185,1,3.851,0.538,62.507000000000005,71.945,71.945,0.3120000000000118,62.81900000000002,7,1.886,16
45030,1,1.46,1.502,-40.977000000000004,56.101,56.101,8.807999999999993,-32.16899999999998,7,1.886,17
34913,1,1.246,1.091,10.949000000000012,73.97399999999999,73.974,-14.87100000000001,-3.921999999999997,7,1.886,18
27065,1,1.103,1.243,71.673,22.87100000000001,22.871,-79.506,-7.832999999999998,7,1.886,19
33874,1,1.226,0.922,-3.8870000000000005,76.87299999999999,76.873,-6.848000000000013,-10.735000000000014,7,1.886,20
15964,1,0.902,0.589,-32.02000000000001,-11.790999999999997,11.791,45.56200000000001,13.542000000000002,8,1.891,1
15960,1,0.909,0.771,-72.543,-9.84899999999999,9.849,83.452,10.908999999999992,8,1.891,2
39404,1,1.08,0.778,-21.698000000000008,94.10899999999998,94.109,-4.038000000000011,-25.73599999999999,8,1.891,3
10790,1,3.041,1.018,-34.230999999999995,113.428,113.428,76.67899999999997,42.44800000000001,8,1.891,4
26186,1,1.567,1.129,-14.310000000000002,57.20600000000002,57.206,-4.939999999999998,-19.25,8,1.891,5
6387,1,1.245,1.216,-18.450999999999993,53.553,53.553,-5.074999999999989,-23.52600000000001,8,1.891,6
28765,1,0.743,1.504,-31.72200000000001,50.647999999999996,50.648,-5.445999999999998,-37.168000000000006,8,1.891,7
11952,1,1.279,1.052,-22.673000000000002,83.46199999999999,83.462,-13.405000000000001,-36.078,8,1.891,8
51430,1,0.857,1.04,-46.853999999999985,24.983000000000004,24.983,46.387,-0.46699999999998454,8,1.891,9
41092,1,1.28,0.645,-5.153999999999996,51.536,51.536,-44.959,-50.113,8,1.891,10
21117,1,0.808,0.797,54.507000000000005,39.752999999999986,39.753,-60.513000000000005,-6.006,8,1.891,11
34913,1,1.246,1.091,10.949000000000012,73.97399999999999,73.974,-14.87100000000001,-3.921999999999997,8,1.891,12
32292,1,1.374,0.882,-61.437,32.60300000000001,32.603,21.22,-40.216999999999985,8,1.891,13
15609,1,1.412,1.028,25.596000000000004,62.983000000000004,62.983,22.873999999999995,48.47,8,1.891,14
35625,1,1.094,0.75,26.574000000000012,86.19299999999998,86.193,44.52699999999999,71.101,8,1.891,15
136,1,2.242,0.883,26.501000000000005,68.75900000000001,68.759,-6.778999999999996,19.72200000000001,8,1.891,16
33290,1,2.034,0.842,34.101,78.77100000000002,78.771,7.299000000000007,41.400000000000006,8,1.891,17
49886,1,1.121,1.1,-38.12700000000001,7.324999999999989,7.325,30.447000000000003,-7.680000000000007,8,1.891,18
6014,1,3.912,0.567,56.46800000000002,76.80399999999997,76.804,2.9850000000000136,59.453,8,1.891,19
24419,1,1.312,1.65,-31.502999999999986,58.545000000000016,58.545,-7.628999999999991,-39.132000000000005,8,1.891,20
21292,1,0.819,1.504,-17.64500000000001,56.486999999999995,56.487,-17.865999999999985,-35.510999999999996,9,1.898,1
45349,1,0.858,1.219,52.774,39.891999999999996,39.892,-45.29399999999998,7.480000000000018,9,1.898,2
136,1,2.242,0.883,26.501000000000005,68.75900000000001,68.759,-6.778999999999996,19.72200000000001,9,1.898,3
15960,1,0.909,0.771,-72.543,-9.84899999999999,9.849,83.452,10.908999999999992,9,1.898,4
39542,1,0.934,1.237,6.395999999999987,13.772999999999996,13.773,4.153999999999996,10.550000000000011,9,1.898,5
2894,1,1.885,0.765,-32.328,21.341000000000008,21.341,1.240000000000009,-31.087999999999994,9,1.898,6
33290,1,2.034,0.842,34.101,78.77100000000002,78.771,7.299000000000007,41.400000000000006,9,1.898,7
131,1,2.64,1.265,45.807000000000016,65.184,65.184,36.649,82.45600000000002,9,1.898,8
32294,1,1.395,0.796,-67.565,35.197,35.197,28.068000000000012,-39.497000000000014,9,1.898,9
15964,1,0.902,0.589,-32.02000000000001,-11.790999999999997,11.791,45.56200000000001,13.542000000000002,9,1.898,10
44197,1,1.289,0.888,28.951999999999998,97.82100000000003,97.821,56.48599999999999,85.43799999999999,9,1.898,11
32725,1,1.433,0.735,-26.454999999999984,68.53399999999999,68.534,-0.5459999999999923,-27.001000000000005,9,1.898,12
41092,1,1.28,0.645,-5.153999999999996,51.536,51.536,-44.959,-50.113,9,1.898,13
6031,1,4.271,0.747,59.906000000000006,73.519,73.519,15.211000000000013,75.11700000000002,9,1.898,14
10498,1,1.271,1.304,-35.62299999999999,91.98699999999997,91.987,12.830999999999989,-22.792,9,1.898,15
38465,1,1.035,0.592,-6.26400000000001,53.888000000000005,53.888,-36.721000000000004,-42.985000000000014,9,1.898,16
46713,1,0.963,1.133,-20.212999999999994,87.40199999999999,87.402,-12.139999999999986,-32.35300000000001,9,1.898,17
21059,1,1.196,1.54,-26.536,34.28999999999999,34.29,-12.888000000000005,-39.42400000000001,9,1.898,18
175,1,1.103,0.963,-19.05000000000001,60.670000000000016,60.67,19.742999999999995,0.6929999999999836,9,1.898,19
1986,1,1.265,0.952,-11.318000000000012,85.96199999999999,85.962,-15.22399999999999,-26.542,9,1.898,20
43121,1,1.356,0.979,27.468999999999994,90.52600000000001,90.526,56.02600000000001,83.495,10,1.902,1
45291,1,1.226,1.488,-26.85499999999999,47.629999999999995,47.63,-5.299000000000007,-32.153999999999996,10,1.902,2
46715,1,1.118,0.937,-14.995000000000005,81.29599999999999,81.296,-9.084000000000003,-24.079000000000008,10,1.902,3
33296,1,2.047,0.721,45.111999999999995,76.06600000000003,76.066,10.436000000000007,55.548,10,1.902,4
211,1,2.567,0.914,19.51400000000001,62.307000000000016,62.307,46.845,66.35899999999998,10,1.902,5
34913,1,1.246,1.091,10.949000000000012,73.97399999999999,73.974,-14.87100000000001,-3.921999999999997,10,1.902,6
16918,1,1.721,1.058,-8.245000000000005,82.30099999999999,82.301,11.068999999999988,2.8240000000000123,10,1.902,7
15953,1,1.005,0.852,-25.456999999999994,-9.431000000000012,9.431,45.00399999999999,19.546999999999997,10,1.902,8
10780,1,3.047,1.027,-33.885999999999996,101.108,101.108,84.73199999999997,50.846000000000004,10,1.902,9
46402,1,1.404,0.968,-31.167,58.80500000000001,58.805,-0.8660000000000139,-32.033000000000015,10,1.902,10
28498,1,1.081,1.42,-22.307999999999993,43.18299999999999,43.183,-14.232,-36.53999999999999,10,1.902,11
32226,1,0.959,1.034,-58.535,29.256,29.256,19.091999999999985,-39.442999999999984,10,1.902,12
6996,1,1.498,1.001,-22.228999999999985,60.53,60.53,-7.358000000000004,-29.58699999999999,10,1.902,13
45483,1,0.76,0.89,-26.550999999999988,5.069999999999993,5.07,17.851,-8.699999999999989,10,1.902,14
22101,1,2.277,0.551,68.156,40.43700000000001,40.437,-50.40299999999999,17.753000000000014,10,1.902,15
6014,1,3.912,0.567,56.46800000000002,76.80399999999997,76.804,2.9850000000000136,59.453,10,1.902,16
10274,1,1.25,0.843,37.39699999999999,7.841000000000008,7.841,-24.04400000000001,13.353000000000009,10,1.902,17
15960,1,0.909,0.771,-72.543,-9.84899999999999,9.849,83.452,10.908999999999992,10,1.902,18
439,1,0.913,0.757,10.225999999999999,55.595,55.595,-19.63300000000001,-9.40700000000001,10,1.902,19
41092,1,1.28,0.645,-5.153999999999996,51.536,51.536,-44.959,-50.113,10,1.902,20
7535,1,1.147,0.932,-0.20400000000000773,40.795000000000016,40.795,-37.480999999999995,-37.685,11,1.903,1
7077,1,0.616,0.855,-40.259000000000015,16.53200000000001,16.532,39.266999999999996,-0.9919999999999902,11,1.903,2
33290,1,2.034,0.842,34.101,78.77100000000002,78.771,7.299000000000007,41.400000000000006,11,1.903,3
43120,1,1.289,0.888,28.951999999999998,97.82100000000003,97.821,56.48599999999999,85.43799999999999,11,1.903,4
4765,1,1.125,0.904,-49.283000000000015,75.91399999999999,75.914,19.439999999999998,-29.84299999999999,11,1.903,5
46715,1,1.118,0.937,-14.995000000000005,81.29599999999999,81.296,-9.084000000000003,-24.079000000000008,11,1.903,6
15962,1,0.899,0.825,-58.64,-10.11099999999999,10.111,74.495,15.855000000000018,11,1.903,7
15960,1,0.909,0.771,-72.543,-9.84899999999999,9.849,83.452,10.908999999999992,11,1.903,8
32288,1,1.693,0.794,-53.771,39.476,39.476,14.644000000000005,-39.12700000000001,11,1.903,9
6031,1,4.271,0.747,59.906000000000006,73.519,73.519,15.211000000000013,75.11700000000002,11,1.903,10
31445,1,1.037,1.079,35.977000000000004,46.81700000000001,46.817,-6.193000000000012,29.783999999999992,11,1.903,11
498,1,1.18,1.021,13.358000000000004,43.745000000000005,43.745,-51.928,-38.56999999999999,11,1.903,12
26186,1,1.567,1.129,-14.310000000000002,57.20600000000002,57.206,-4.939999999999998,-19.25,11,1.903,13
136,1,2.242,0.883,26.501000000000005,68.75900000000001,68.759,-6.778999999999996,19.72200000000001,11,1.903,14
12130,1,1.2,1.198,-3.1289999999999907,52.23599999999999,52.236,-9.413999999999987,-12.543000000000006,11,1.903,15
39404,1,1.08,0.778,-21.698000000000008,94.10899999999998,94.109,-4.038000000000011,-25.73599999999999,11,1.903,16
21292,1,0.819,1.504,-17.64500000000001,56.486999999999995,56.487,-17.865999999999985,-35.510999999999996,11,1.903,17
5148,1,1.507,0.722,-26.538999999999987,62.00999999999999,62.01,2.4610000000000127,-24.078000000000003,11,1.903,18
25302,1,0.869,1.039,78.75999999999999,52.10300000000001,52.103,-66.524,12.23599999999999,11,1.903,19
32294,1,1.395,0.796,-67.565,35.197,35.197,28.068000000000012,-39.497000000000014,11,1.903,20
28890,1,1.256,1.606,-41.14699999999999,52.724999999999994,52.725,0.5819999999999936,-40.565,12,1.907,1
6022,1,4.138,0.804,57.740999999999985,75.63999999999999,75.64,4.925999999999988,62.667,12,1.907,2
15953,1,1.005,0.852,-25.456999999999994,-9.431000000000012,9.431,45.00399999999999,19.546999999999997,12,1.907,3
32215,1,1.111,1.187,-61.144000000000005,25.16900000000001,25.169,20.226,-40.918000000000006,12,1.907,4
7428,1,1.947,0.737,33.792,60.514999999999986,60.515,-20.34700000000001,13.444999999999993,12,1.907,5
15609,1,1.412,1.028,25.596000000000004,62.983000000000004,62.983,22.873999999999995,48.47,12,1.907,6
42521,1,0.854,0.862,-69.465,10.280000000000001,10.28,62.662000000000006,-6.802999999999997,12,1.907,7
136,1,2.242,0.883,26.501000000000005,68.75900000000001,68.759,-6.778999999999996,19.72200000000001,12,1.907,8
15960,1,0.909,0.771,-72.543,-9.84899999999999,9.849,83.452,10.908999999999992,12,1.907,9
9835,1,0.881,0.83,23.764999999999986,19.964,19.964,-28.462999999999994,-4.6980000000000075,12,1.907,10
34599,1,1.127,0.883,18.256,60.716999999999985,60.717,-45.071,-26.814999999999998,12,1.907,11
44197,1,1.289,0.888,28.951999999999998,97.82100000000003,97.821,56.48599999999999,85.43799999999999,12,1.907,12
15066,1,1.014,1.454,-0.13700000000000045,87.27800000000002,87.278,-30.51400000000001,-30.65100000000001,12,1.907,13
483,1,1.186,1.015,4.075999999999993,55.214,55.214,-38.80500000000001,-34.728999999999985,12,1.907,14
27138,1,0.807,1.613,-37.92699999999999,53.809,53.809,3.429000000000002,-34.49799999999999,12,1.907,15
46713,1,0.963,1.133,-20.212999999999994,87.40199999999999,87.402,-12.139999999999986,-32.35300000000001,12,1.907,16
10498,1,1.271,1.304,-35.62299999999999,91.98699999999997,91.987,12.830999999999989,-22.792,12,1.907,17
28781,1,1.162,1.244,11.675999999999988,67.61700000000002,67.617,9.659999999999997,21.336000000000013,12,1.907,18
36371,1,1.232,0.73,44.571,19.985000000000014,19.985,-64.756,-20.185000000000002,12,1.907,19
41350,1,1.697,0.806,-32.131,66.297,66.297,13.119,-19.012,12,1.907,20
15813,1,1.366,0.924,-4.421999999999997,71.63999999999999,71.64,-22.542,-26.964,13,1.91,1
136,1,2.242,0.883,26.501000000000005,68.75900000000001,68.759,-6.778999999999996,19.72200000000001,13,1.91,2
54113,1,1.078,0.916,-47.242999999999995,17.674000000000007,17.674,46.06299999999999,-1.1800000000000068,13,1.91,3
9835,1,0.881,0.83,23.764999999999986,19.964,19.964,-28.462999999999994,-4.6980000000000075,13,1.91,4
46715,1,1.118,0.937,-14.995000000000005,81.29599999999999,81.296,-9.084000000000003,-24.079000000000008,13,1.91,5
6014,1,3.912,0.567,56.46800000000002,76.80399999999997,76.804,2.9850000000000136,59.453,13,1.91,6
44268,1,1.266,0.731,31.562000000000012,94.01099999999997,94.011,53.66300000000001,85.22500000000002,13,1.91,7
25547,1,1.646,1.103,-59.92099999999999,34.343999999999994,34.344,10.957999999999998,-48.962999999999994,13,1.91,8
14759,1,1.255,0.953,-7.673000000000002,66.77100000000002,66.771,-8.467000000000013,-16.139999999999986,13,1.91,9
19321,1,1.118,0.986,-29.377999999999986,58.37700000000001,58.377,-3.2719999999999914,-32.650000000000006,13,1.91,10
8187,1,1.029,0.898,80.99700000000001,37.28800000000001,37.288,-69.072,11.924999999999983,13,1.91,11
39601,1,1.0,1.123,47.62899999999999,14.280000000000001,14.28,-38.462999999999994,9.165999999999997,13,1.91,12
41092,1,1.28,0.645,-5.153999999999996,51.536,51.536,-44.959,-50.113,13,1.91,13
22843,1,1.451,1.616,-45.911,65.417,65.417,13.417000000000002,-32.494,13,1.91,14
17711,1,1.037,1.443,30.533999999999992,74.245,74.245,-25.841000000000008,4.692999999999984,13,1.91,15
11952,1,1.279,1.052,-22.673000000000002,83.46199999999999,83.462,-13.405000000000001,-36.078,13,1.91,16
8927,1,0.984,0.645,29.968999999999994,63.045000000000016,63.045,26.581999999999994,56.55099999999999,13,1.91,17
49834,1,1.013,0.974,-74.045,5.907000000000011,5.907,67.49000000000001,-6.555000000000007,13,1.91,18
15960,1,0.909,0.771,-72.543,-9.84899999999999,9.849,83.452,10.908999999999992,13,1.91,19
41350,1,1.697,0.806,-32.131,66.297,66.297,13.119,-19.012,13,1.91,20
33290,1,2.034,0.842,34.101,78.77100000000002,78.771,7.299000000000007,41.400000000000006,14,1.915,1
11952,1,1.279,1.052,-22.673000000000002,83.46199999999999,83.462,-13.405000000000001,-36.078,14,1.915,2
40606,1,1.125,0.78,50.131,42.22,42.22,-18.244,31.887,14,1.915,3
15960,1,0.909,0.771,-72.543,-9.84899999999999,9.849,83.452,10.908999999999992,14,1.915,4
41350,1,1.697,0.806,-32.131,66.297,66.297,13.119,-19.012,14,1.915,5
7535,1,1.147,0.932,-0.20400000000000773,40.795000000000016,40.795,-37.480999999999995,-37.685,14,1.915,6
11982,1,3.177,1.162,-30.494,118.202,118.202,80.94,50.446,14,1.915,7
14759,1,1.255,0.953,-7.673000000000002,66.77100000000002,66.771,-8.467000000000013,-16.139999999999986,14,1.915,8
32211,1,1.176,1.199,-51.21199999999999,23.063999999999993,23.064,11.369,-39.84300000000002,14,1.915,9
136,1,2.242,0.883,26.501000000000005,68.75900000000001,68.759,-6.778999999999996,19.72200000000001,14,1.915,10
49827,1,0.832,0.905,-72.146,7.439999999999998,7.44,63.965,-8.180999999999983,14,1.915,11
46402,1,1.404,0.968,-31.167,58.80500000000001,58.805,-0.8660000000000139,-32.033000000000015,14,1.915,12
44441,1,1.018,0.97,19.06899999999999,71.57499999999999,71.575,-4.013000000000005,15.056000000000012,14,1.915,13
25610,1,1.582,1.24,-41.708,37.75,37.75,-2.2750000000000057,-43.983000000000004,14,1.915,14
43120,1,1.289,0.888,28.951999999999998,97.82100000000003,97.821,56.48599999999999,85.43799999999999,14,1.915,15
41092,1,1.28,0.645,-5.153999999999996,51.536,51.536,-44.959,-50.113,14,1.915,16
30382,1,0.918,0.878,62.387,-2.693000000000012,2.693,-72.04,-9.65300000000002,14,1.915,17
6022,1,4.138,0.804,57.740999999999985,75.63999999999999,75.64,4.925999999999988,62.667,14,1.915,18
44401,1,0.76,1.656,-39.85900000000001,56.631,56.631,0.828000000000003,-39.031000000000006,14,1.915,19
26186,1,1.567,1.129,-14.310000000000002,57.20600000000002,57.206,-4.939999999999998,-19.25,14,1.915,20
10274,1,1.25,0.843,37.39699999999999,7.841000000000008,7.841,-24.04400000000001,13.353000000000009,15,1.915,1
15960,1,0.909,0.771,-72.543,-9.84899999999999,9.849,83.452,10.908999999999992,15,1.915,2
28518,1,1.275,1.15,-59.131,12.913999999999987,12.914,60.81999999999999,1.688999999999993,15,1.915,3
33867,1,1.406,0.758,-11.557999999999993,64.411,64.411,-10.46799999999999,-22.02600000000001,15,1.915,4
37805,1,1.389,1.167,20.91300000000001,50.38300000000001,50.383,-27.146000000000015,-6.233000000000004,15,1.915,5
6022,1,4.138,0.804,57.740999999999985,75.63999999999999,75.64,4.925999999999988,62.667,15,1.915,6
15964,1,0.902,0.589,-32.02000000000001,-11.790999999999997,11.791,45.56200000000001,13.542000000000002,15,1.915,7
5368,1,1.47,0.941,-28.204000000000008,85.42700000000002,85.427,17.33099999999999,-10.87299999999999,15,1.915,8
14933,1,1.174,1.246,-24.25200000000001,66.45400000000001,66.454,-1.156000000000006,-25.408000000000015,15,1.915,9
21277,1,1.979,0.873,36.846000000000004,35.82499999999999,35.825,-5.99199999999999,30.853999999999985,15,1.915,10
39404,1,1.08,0.778,-21.698000000000008,94.10899999999998,94.109,-4.038000000000011,-25.73599999999999,15,1.915,11
25652,1,1.256,1.293,-63.86699999999999,30.581999999999994,30.582,8.763000000000005,-55.104,15,1.915,12
15609,1,1.412,1.028,25.596000000000004,62.983000000000004,62.983,22.873999999999995,48.47,15,1.915,13
12193,1,1.166,1.059,-21.72200000000001,66.32400000000001,66.324,-22.90100000000001,-44.62299999999999,15,1.915,14
2453,1,0.978,1.246,-11.61699999999999,53.15100000000001,53.151,-24.384000000000015,-36.001000000000005,15,1.915,15
47112,1,1.467,1.37,-25.02199999999999,39.54900000000001,39.549,-16.884000000000015,-41.906000000000006,15,1.915,16
136,1,2.242,0.883,26.501000000000005,68.75900000000001,68.759,-6.778999999999996,19.72200000000001,15,1.915,17
8452,1,0.787,0.736,45.599999999999994,50.706999999999994,50.707,-58.67699999999999,-13.076999999999998,15,1.915,18
41350,1,1.697,0.806,-32.131,66.297,66.297,13.119,-19.012,15,1.915,19
43191,1,1.266,0.731,31.562000000000012,94.01099999999997,94.011,53.66300000000001,85.22500000000002,15,1.915,20
15960,1,0.909,0.771,-72.543,-9.84899999999999,9.849,83.452,10.908999999999992,16,1.916,1
20301,1,1.342,0.845,-19.353999999999985,59.453,59.453,-15.954000000000008,-35.30799999999999,16,1.916,2
26950,1,1.692,0.838,-21.771000000000015,44.260999999999996,44.261,-4.768000000000001,-26.538999999999987,16,1.916,3
41350,1,1.697,0.806,-32.131,66.297,66.297,13.119,-19.012,16,1.916,4
6653,1,1.348,0.945,26.415999999999997,15.798000000000002,15.798,-14.574000000000012,11.842000000000013,16,1.916,5
47477,1,1.707,0.759,62.97800000000001,31.92500000000001,31.925,-43.647999999999996,19.329999999999984,16,1.916,6
44330,1,1.024,0.684,31.494,89.99799999999999,89.998,57.608000000000004,89.10199999999998,16,1.916,7
36865,1,1.106,1.147,9.090000000000003,57.64500000000001,57.645,-28.695999999999998,-19.605999999999995,16,1.916,8
15964,1,0.902,0.589,-32.02000000000001,-11.790999999999997,11.791,45.56200000000001,13.542000000000002,16,1.916,9
48442,1,1.166,0.653,-34.557000000000016,66.02800000000002,66.028,2.218999999999994,-32.337999999999994,16,1.916,10
136,1,2.242,0.883,26.501000000000005,68.75900000000001,68.759,-6.778999999999996,19.72200000000001,16,1.916,11
6014,1,3.912,0.567,56.46800000000002,76.80399999999997,76.804,2.9850000000000136,59.453,16,1.916,12
12171,1,1.276,1.417,0.3859999999999957,75.838,75.838,-37.934,-37.548,16,1.916,13
28890,1,1.256,1.606,-41.14699999999999,52.724999999999994,52.725,0.5819999999999936,-40.565,16,1.916,14
31301,1,1.073,1.135,-23.78800000000001,100.49900000000002,100.499,6.242999999999995,-17.545000000000016,16,1.916,15
33290,1,2.034,0.842,34.101,78.77100000000002,78.771,7.299000000000007,41.400000000000006,16,1.916,16
5146,1,1.625,0.7,-30.90299999999999,60.42500000000001,60.425,8.941000000000003,-21.96199999999999,16,1.916,17
32294,1,1.395,0.796,-67.565,35.197,35.197,28.068000000000012,-39.497000000000014,16,1.916,18
45197,1,0.804,1.2,42.156000000000006,39.05199999999999,39.052,-35.559,6.597000000000008,16,1.916,19
40364,1,0.696,0.938,-20.87100000000001,4.796999999999997,4.797,12.920999999999992,-7.949999999999989,16,1.916,20
33933,1,1.732,0.701,29.651999999999987,67.00400000000002,67.004,-0.35200000000000387,29.30000000000001,17,1.919,1
41092,1,1.28,0.645,-5.153999999999996,51.536,51.536,-44.959,-50.113,17,1.919,2
8623,1,1.105,0.714,27.381,69.88299999999998,69.883,25.974999999999994,53.355999999999995,17,1.919,3
10635,1,1.056,1.05,29.507000000000005,23.25399999999999,23.254,-43.117999999999995,-13.61099999999999,17,1.919,4
48763,1,1.069,1.518,-22.352000000000004,50.21000000000001,50.21,-15.927999999999997,-38.28,17,1.919,5
26186,1,1.567,1.129,-14.310000000000002,57.20600000000002,57.206,-4.939999999999998,-19.25,17,1.919,6
13001,1,1.728,0.919,-39.120000000000005,83.23500000000001,83.235,9.359000000000009,-29.760999999999996,17,1.919,7
15609,1,1.412,1.028,25.596000000000004,62.983000000000004,62.983,22.873999999999995,48.47,17,1.919,8
15962,1,0.899,0.825,-58.64,-10.11099999999999,10.111,74.495,15.855000000000018,17,1.919,9
5755,1,3.997,0.749,58.516999999999996,79.52199999999999,79.522,19.394000000000005,77.911,17,1.919,10
49476,1,0.901,1.199,62.81299999999999,6.5049999999999955,6.505,-66.587,-3.774000000000001,17,1.919,11
8524,1,1.211,0.968,-13.919999999999987,92.96699999999998,92.967,-38.983000000000004,-52.90299999999999,17,1.919,12
43120,1,1.289,0.888,28.951999999999998,97.82100000000003,97.821,56.48599999999999,85.43799999999999,17,1.919,13
15960,1,0.909,0.771,-72.543,-9.84899999999999,9.849,83.452,10.908999999999992,17,1.919,14
4765,1,1.125,0.904,-49.283000000000015,75.91399999999999,75.914,19.439999999999998,-29.84299999999999,17,1.919,15
17711,1,1.037,1.443,30.533999999999992,74.245,74.245,-25.841000000000008,4.692999999999984,17,1.919,16
32211,1,1.176,1.199,-51.21199999999999,23.063999999999993,23.064,11.369,-39.84300000000002,17,1.919,17
22680,1,1.4,1.512,-20.507000000000005,52.704999999999984,52.705,-2.9679999999999893,-23.474999999999994,17,1.919,18
14129,1,1.278,0.742,28.442000000000007,38.19499999999999,38.195,-5.338999999999999,23.10300000000001,17,1.919,19
46713,1,0.963,1.133,-20.212999999999994,87.40199999999999,87.402,-12.139999999999986,-32.35300000000001,17,1.919,20
6014,1,3.912,0.567,56.46800000000002,76.80399999999997,76.804,2.9850000000000136,59.453,18,1.919,1
15092,1,0.971,1.289,0.27199999999999136,80.952,80.952,-32.44,-32.168000000000006,18,1.919,2
2894,1,1.885,0.765,-32.328,21.341000000000008,21.341,1.240000000000009,-31.087999999999994,18,1.919,3
33399,1,1.905,0.674,-10.879999999999995,62.923,62.923,11.919000000000011,1.0389999999999873,18,1.919,4
43120,1,1.289,0.888,28.951999999999998,97.82100000000003,97.821,56.48599999999999,85.43799999999999,18,1.919,5
15960,1,0.909,0.771,-72.543,-9.84899999999999,9.849,83.452,10.908999999999992,18,1.919,6
32294,1,1.395,0.796,-67.565,35.197,35.197,28.068000000000012,-39.497000000000014,18,1.919,7
46713,1,0.963,1.133,-20.212999999999994,87.40199999999999,87.402,-12.139999999999986,-32.35300000000001,18,1.919,8
8623,1,1.105,0.714,27.381,69.88299999999998,69.883,25.974999999999994,53.355999999999995,18,1.919,9
16918,1,1.721,1.058,-8.245000000000005,82.30099999999999,82.301,11.068999999999988,2.8240000000000123,18,1.919,10
28040,1,0.753,0.753,31.245000000000005,51.82400000000001,51.824,-3.466000000000008,27.778999999999996,18,1.919,11
15953,1,1.005,0.852,-25.456999999999994,-9.431000000000012,9.431,45.00399999999999,19.546999999999997,18,1.919,12
22101,1,2.277,0.551,68.156,40.43700000000001,40.437,-50.40299999999999,17.753000000000014,18,1.919,13
4500,1,1.335,1.079,-15.699000000000012,67.14100000000002,67.141,-5.584000000000003,-21.283000000000015,18,1.919,14
3165,1,0.827,0.841,26.19399999999999,4.610000000000014,4.61,0.48500000000001364,26.679000000000002,18,1.919,15
136,1,2.242,0.883,26.501000000000005,68.75900000000001,68.759,-6.778999999999996,19.72200000000001,18,1.919,16
41092,1,1.28,0.645,-5.153999999999996,51.536,51.536,-44.959,-50.113,18,1.919,17
21292,1,0.819,1.504,-17.64500000000001,56.486999999999995,56.487,-17.865999999999985,-35.510999999999996,18,1.919,18
41350,1,1.697,0.806,-32.131,66.297,66.297,13.119,-19.012,18,1.919,19
20152,1,0.864,1.041,-22.036,4.246000000000009,4.246,15.538999999999987,-6.497000000000014,18,1.919,20
44308,1,0.982,0.771,40.708,88.47399999999999,88.474,47.07300000000001,87.781,19,1.922,1
41350,1,1.697,0.806,-32.131,66.297,66.297,13.119,-19.012,19,1.922,2
41092,1,1.28,0.645,-5.153999999999996,51.536,51.536,-44.959,-50.113,19,1.922,3
15975,1,1.152,0.671,-66.97,-9.192000000000007,9.192,90.50099999999998,23.531000000000006,19,1.922,4
46713,1,0.963,1.133,-20.212999999999994,87.40199999999999,87.402,-12.139999999999986,-32.35300000000001,19,1.922,5
30516,1,1.105,0.791,24.60900000000001,39.97200000000001,39.972,-11.170999999999992,13.437999999999988,19,1.922,6
28733,1,0.879,0.998,-32.141999999999996,15.212999999999994,15.213,29.060000000000002,-3.0819999999999936,19,1.922,7
25610,1,1.582,1.24,-41.708,37.75,37.75,-2.2750000000000057,-43.983000000000004,19,1.922,8
4765,1,1.125,0.904,-49.283000000000015,75.91399999999999,75.914,19.439999999999998,-29.84299999999999,19,1.922,9
7023,1,0.54,0.995,-1.4699999999999989,5.903999999999996,5.904,1.6260000000000048,0.1560000000000059,19,1.922,10
26186,1,1.567,1.129,-14.310000000000002,57.20600000000002,57.206,-4.939999999999998,-19.25,19,1.922,11
34650,1,1.411,0.734,4.223000000000013,58.889999999999986,58.89,-37.935,-33.71199999999999,19,1.922,12
46715,1,1.118,0.937,-14.995000000000005,81.29599999999999,81.296,-9.084000000000003,-24.079000000000008,19,1.922,13
130,1,2.423,0.873,29.728999999999985,67.79399999999998,67.794,-1.882000000000005,27.84700000000001,19,1.922,14
16237,1,1.143,1.023,49.94200000000001,42.920000000000016,42.92,-65.439,-15.496999999999986,19,1.922,15
21292,1,0.819,1.504,-17.64500000000001,56.486999999999995,56.487,-17.865999999999985,-35.510999999999996,19,1.922,16
43191,1,1.266,0.731,31.562000000000012,94.01099999999997,94.011,53.66300000000001,85.22500000000002,19,1.922,17
33874,1,1.226,0.922,-3.8870000000000005,76.87299999999999,76.873,-6.848000000000013,-10.735000000000014,19,1.922,18
15960,1,0.909,0.771,-72.543,-9.84899999999999,9.849,83.452,10.908999999999992,19,1.922,19
6185,1,3.851,0.538,62.507000000000005,71.945,71.945,0.3120000000000118,62.81900000000002,19,1.922,20
136,1,2.242,0.883,26.501000000000005,68.75900000000001,68.759,-6.778999999999996,19.72200000000001,20,1.922,1
25209,1,1.983,1.051,24.474999999999994,36.10300000000001,36.103,-0.9919999999999902,23.483000000000004,20,1.922,2
6014,1,3.912,0.567,56.46800000000002,76.80399999999997,76.804,2.9850000000000136,59.453,20,1.922,3
31301,1,1.073,1.135,-23.78800000000001,100.49900000000002,100.499,6.242999999999995,-17.545000000000016,20,1.922,4
15960,1,0.909,0.771,-72.543,-9.84899999999999,9.849,83.452,10.908999999999992,20,1.922,5
25588,1,0.733,1.008,-24.726,16.579000000000008,16.579,18.783999999999992,-5.942000000000007,20,1.922,6
6324,1,1.783,0.589,-35.33500000000001,48.615999999999985,48.616,3.7860000000000014,-31.549000000000007,20,1.922,7
5148,1,1.507,0.722,-26.538999999999987,62.00999999999999,62.01,2.4610000000000127,-24.078000000000003,20,1.922,8
15964,1,0.902,0.589,-32.02000000000001,-11.790999999999997,11.791,45.56200000000001,13.542000000000002,20,1.922,9
27566,1,1.28,0.574,5.128999999999991,42.935,42.935,-58.59,-53.46100000000001,20,1.922,10
8623,1,1.105,0.714,27.381,69.88299999999998,69.883,25.974999999999994,53.355999999999995,20,1.922,11
8125,1,1.681,0.857,-34.016999999999996,30.921999999999997,30.922,-2.4310000000000116,-36.44800000000001,20,1.922,12
47707,1,1.447,0.921,-55.129999999999995,93.529,93.529,11.682999999999993,-43.447,20,1.922,13
24419,1,1.312,1.65,-31.502999999999986,58.545000000000016,58.545,-7.628999999999991,-39.132000000000005,20,1.922,14
12171,1,1.276,1.417,0.3859999999999957,75.838,75.838,-37.934,-37.548,20,1.922,15
44268,1,1.266,0.731,31.562000000000012,94.01099999999997,94.011,53.66300000000001,85.22500000000002,20,1.922,16
18870,1,1.127,0.784,22.840000000000003,27.89699999999999,27.897,-32.865999999999985,-10.02600000000001,20,1.922,17
34913,1,1.246,1.091,10.949000000000012,73.97399999999999,73.974,-14.87100000000001,-3.921999999999997,20,1.922,18
46715,1,1.118,0.937,-14.995000000000005,81.29599999999999,81.296,-9.084000000000003,-24.079000000000008,20,1.922,19
3193,1,0.857,1.023,-30.954999999999984,13.117999999999995,13.118,49.108000000000004,18.15299999999999,20,1.922,20
26995,1,1.162,0.836,-93.027,-22.799000000000007,22.799,77.77699999999999,-15.25,21,1.923,1
25990,1,1.014,1.065,-43.89099999999999,23.631,23.631,36.99600000000001,-6.894999999999982,21,1.923,2
24198,1,1.002,1.441,-24.38499999999999,54.271000000000015,54.271,-11.00800000000001,-35.393,21,1.923,3
15964,1,0.902,0.589,-32.02000000000001,-11.790999999999997,11.791,45.56200000000001,13.542000000000002,21,1.923,4
48442,1,1.166,0.653,-34.557000000000016,66.02800000000002,66.028,2.218999999999994,-32.337999999999994,21,1.923,5
175,1,1.103,0.963,-19.05000000000001,60.670000000000016,60.67,19.742999999999995,0.6929999999999836,21,1.923,6
25610,1,1.582,1.24,-41.708,37.75,37.75,-2.2750000000000057,-43.983000000000004,21,1.923,7
21888,1,1.143,1.047,5.1370000000000005,78.42599999999999,78.426,-22.864000000000004,-17.727000000000004,21,1.923,8
6718,1,1.7,0.543,-31.718999999999994,29.620000000000005,29.62,-20.766999999999996,-52.48599999999999,21,1.923,9
46713,1,0.963,1.133,-20.212999999999994,87.40199999999999,87.402,-12.139999999999986,-32.35300000000001,21,1.923,10
51362,1,0.969,0.898,47.346000000000004,47.638000000000005,47.638,-12.256,35.09,21,1.923,11
44268,1,1.266,0.731,31.562000000000012,94.01099999999997,94.011,53.66300000000001,85.22500000000002,21,1.923,12
10499,1,1.41,1.104,-32.96800000000002,97.322,97.322,8.211000000000013,-24.757000000000005,21,1.923,13
15960,1,0.909,0.771,-72.543,-9.84899999999999,9.849,83.452,10.908999999999992,21,1.923,14
3193,1,0.857,1.023,-30.954999999999984,13.117999999999995,13.118,49.108000000000004,18.15299999999999,21,1.923,15
323,1,1.42,1.148,23.333,59.95600000000002,59.956,-57.456,-34.12299999999999,21,1.923,16
136,1,2.242,0.883,26.501000000000005,68.75900000000001,68.759,-6.778999999999996,19.72200000000001,21,1.923,17
34913,1,1.246,1.091,10.949000000000012,73.97399999999999,73.974,-14.87100000000001,-3.921999999999997,21,1.923,18
18075,1,1.913,0.856,37.46800000000002,77.07900000000001,77.079,64.11500000000001,101.58299999999997,21,1.923,19
6185,1,3.851,0.538,62.507000000000005,71.945,71.945,0.3120000000000118,62.81900000000002,21,1.923,20
30340,1,0.918,1.408,-15.947000000000003,67.12299999999999,67.123,-13.228999999999985,-29.175999999999988,22,1.923,1
47291,1,1.231,0.822,64.786,42.54599999999999,42.546,-36.735000000000014,28.050999999999988,22,1.923,2
25610,1,1.582,1.24,-41.708,37.75,37.75,-2.2750000000000057,-43.983000000000004,22,1.923,3
41254,1,1.03,0.907,5.771999999999991,70.213,70.213,-13.467000000000013,-7.694999999999993,22,1.923,4
15962,1,0.899,0.825,-58.64,-10.11099999999999,10.111,74.495,15.855000000000018,22,1.923,5
26902,1,0.702,1.085,62.83100000000002,40.81399999999999,40.814,-70.924,-8.093000000000018,22,1.923,6
6051,1,1.083,0.907,-23.724999999999994,54.161,54.161,-5.5090000000000146,-29.23400000000001,22,1.923,7
15964,1,0.902,0.589,-32.02000000000001,-11.790999999999997,11.791,45.56200000000001,13.542000000000002,22,1.923,8
44197,1,1.289,0.888,28.951999999999998,97.82100000000003,97.821,56.48599999999999,85.43799999999999,22,1.923,9
3193,1,0.857,1.023,-30.954999999999984,13.117999999999995,13.118,49.108000000000004,18.15299999999999,22,1.923,10
34913,1,1.246,1.091,10.949000000000012,73.97399999999999,73.974,-14.87100000000001,-3.921999999999997,22,1.923,11
46713,1,0.963,1.133,-20.212999999999994,87.40199999999999,87.402,-12.139999999999986,-32.35300000000001,22,1.923,12
41092,1,1.28,0.645,-5.153999999999996,51.536,51.536,-44.959,-50.113,22,1.923,13
40364,1,0.696,0.938,-20.87100000000001,4.796999999999997,4.797,12.920999999999992,-7.949999999999989,22,1.923,14
2894,1,1.885,0.765,-32.328,21.341000000000008,21.341,1.240000000000009,-31.087999999999994,22,1.923,15
43191,1,1.266,0.731,31.562000000000012,94.01099999999997,94.011,53.66300000000001,85.22500000000002,22,1.923,16
136,1,2.242,0.883,26.501000000000005,68.75900000000001,68.759,-6.778999999999996,19.72200000000001,22,1.923,17
4765,1,1.125,0.904,-49.283000000000015,75.91399999999999,75.914,19.439999999999998,-29.84299999999999,22,1.923,18
6185,1,3.851,0.538,62.507000000000005,71.945,71.945,0.3120000000000118,62.81900000000002,22,1.923,19
39404,1,1.08,0.778,-21.698000000000008,94.10899999999998,94.109,-4.038000000000011,-25.73599999999999,22,1.923,20
175,1,1.103,0.963,-19.05000000000001,60.670000000000016,60.67,19.742999999999995,0.6929999999999836,23,1.925,1
39404,1,1.08,0.778,-21.698000000000008,94.10899999999998,94.109,-4.038000000000011,-25.73599999999999,23,1.925,2
32341,1,1.482,0.891,-74.467,38.920000000000016,38.92,35.756,-38.71100000000001,23,1.925,3
21277,1,1.979,0.873,36.846000000000004,35.82499999999999,35.825,-5.99199999999999,30.853999999999985,23,1.925,4
38726,1,1.173,1.083,4.390999999999991,55.078,55.078,-44.077,-39.68600000000001,23,1.925,5
18444,1,0.899,1.391,-18.42500000000001,46.541,46.541,-20.24799999999999,-38.673,23,1.925,6
136,1,2.242,0.883,26.501000000000005,68.75900000000001,68.759,-6.778999999999996,19.72200000000001,23,1.925,7
21292,1,0.819,1.504,-17.64500000000001,56.486999999999995,56.487,-17.865999999999985,-35.510999999999996,23,1.925,8
8623,1,1.105,0.714,27.381,69.88299999999998,69.883,25.974999999999994,53.355999999999995,23,1.925,9
6014,1,3.912,0.567,56.46800000000002,76.80399999999997,76.804,2.9850000000000136,59.453,23,1.925,10
26186,1,1.567,1.129,-14.310000000000002,57.20600000000002,57.206,-4.939999999999998,-19.25,23,1.925,11
40364,1,0.696,0.938,-20.87100000000001,4.796999999999997,4.797,12.920999999999992,-7.949999999999989,23,1.925,12
39117,1,0.938,1.44,-15.716000000000008,44.15199999999999,44.152,-38.81399999999999,-54.53,23,1.925,13
51370,1,1.784,0.592,-22.096000000000004,60.912000000000006,60.912,-3.007000000000005,-25.10300000000001,23,1.925,14
43191,1,1.266,0.731,31.562000000000012,94.01099999999997,94.011,53.66300000000001,85.22500000000002,23,1.925,15
50685,1,1.284,0.914,16.59899999999999,77.24799999999999,77.248,-56.738,-40.13900000000001,23,1.925,16
11636,1,1.202,0.954,24.08699999999999,22.260999999999996,22.261,-45.68799999999999,-21.601,23,1.925,17
47708,1,1.552,0.846,-54.19200000000001,95.512,95.512,10.167000000000002,-44.025000000000006,23,1.925,18
46713,1,0.963,1.133,-20.212999999999994,87.40199999999999,87.402,-12.139999999999986,-32.35300000000001,23,1.925,19
15960,1,0.909,0.771,-72.543,-9.84899999999999,9.849,83.452,10.908999999999992,23,1.925,20
54154,1,0.804,1.355,-17.572000000000003,42.56700000000001,42.567,-22.122000000000014,-39.69400000000002,24,1.926,1
5620,1,1.228,0.648,37.275000000000006,45.119,45.119,-42.168000000000006,-4.893000000000001,24,1.926,2
19454,1,1.042,0.996,-11.085000000000008,63.56200000000001,63.562,-20.298000000000002,-31.38300000000001,24,1.926,3
38726,1,1.173,1.083,4.390999999999991,55.078,55.078,-44.077,-39.68600000000001,24,1.926,4
387,1,1.528,1.12,-1.211999999999989,51.120000000000005,51.12,5.3300000000000125,4.117999999999995,24,1.926,5
31301,1,1.073,1.135,-23.78800000000001,100.49900000000002,100.499,6.242999999999995,-17.545000000000016,24,1.926,6
36865,1,1.106,1.147,9.090000000000003,57.64500000000001,57.645,-28.695999999999998,-19.605999999999995,24,1.926,7
44401,1,0.76,1.656,-39.85900000000001,56.631,56.631,0.828000000000003,-39.031000000000006,24,1.926,8
12193,1,1.166,1.059,-21.72200000000001,66.32400000000001,66.324,-22.90100000000001,-44.62299999999999,24,1.926,9
15953,1,1.005,0.852,-25.456999999999994,-9.431000000000012,9.431,45.00399999999999,19.546999999999997,24,1.926,10
48439,1,1.646,0.818,-36.03399999999999,76.38599999999997,76.386,5.686000000000007,-30.348000000000013,24,1.926,11
27065,1,1.103,1.243,71.673,22.87100000000001,22.871,-79.506,-7.832999999999998,24,1.926,12
26640,1,1.62,1.158,25.59299999999999,67.47,67.47,38.691,64.28399999999999,24,1.926,13
44197,1,1.289,0.888,28.951999999999998,97.82100000000003,97.821,56.48599999999999,85.43799999999999,24,1.926,14
136,1,2.242,0.883,26.501000000000005,68.75900000000001,68.759,-6.778999999999996,19.72200000000001,24,1.926,15
32294,1,1.395,0.796,-67.565,35.197,35.197,28.068000000000012,-39.497000000000014,24,1.926,16
6185,1,3.851,0.538,62.507000000000005,71.945,71.945,0.3120000000000118,62.81900000000002,24,1.926,17
15960,1,0.909,0.771,-72.543,-9.84899999999999,9.849,83.452,10.908999999999992,24,1.926,18
32211,1,1.176,1.199,-51.21199999999999,23.063999999999993,23.064,11.369,-39.84300000000002,24,1.926,19
10498,1,1.271,1.304,-35.62299999999999,91.98699999999997,91.987,12.830999999999989,-22.792,24,1.926,20
33300,1,2.013,0.804,33.30199999999999,88.77199999999999,88.772,16.863,50.16499999999999,25,1.927,1
15960,1,0.909,0.771,-72.543,-9.84899999999999,9.849,83.452,10.908999999999992,25,1.927,2
6014,1,3.912,0.567,56.46800000000002,76.80399999999997,76.804,2.9850000000000136,59.453,25,1.927,3
130,1,2.423,0.873,29.728999999999985,67.79399999999998,67.794,-1.882000000000005,27.84700000000001,25,1.927,4
25610,1,1.582,1.24,-41.708,37.75,37.75,-2.2750000000000057,-43.983000000000004,25,1.927,5
15953,1,1.005,0.852,-25.456999999999994,-9.431000000000012,9.431,45.00399999999999,19.546999999999997,25,1.927,6
26186,1,1.567,1.129,-14.310000000000002,57.20600000000002,57.206,-4.939999999999998,-19.25,25,1.927,7
11910,1,3.072,0.853,-40.144000000000005,110.51300000000003,110.513,79.88400000000001,39.74000000000001,25,1.927,8
41092,1,1.28,0.645,-5.153999999999996,51.536,51.536,-44.959,-50.113,25,1.927,9
9726,1,0.989,1.187,10.36099999999999,8.885999999999996,8.886,-12.25800000000001,-1.8969999999999914,25,1.927,10
47112,1,1.467,1.37,-25.02199999999999,39.54900000000001,39.549,-16.884000000000015,-41.906000000000006,25,1.927,11
5148,1,1.507,0.722,-26.538999999999987,62.00999999999999,62.01,2.4610000000000127,-24.078000000000003,25,1.927,12
28606,1,0.98,0.928,-43.787000000000006,24.476,24.476,48.216999999999985,4.430000000000007,25,1.927,13
16440,1,1.287,0.674,-19.174000000000007,60.978999999999985,60.979,-10.163999999999987,-29.337999999999994,25,1.927,14
14757,1,1.14,1.155,-2.4000000000000057,81.868,81.868,-35.76599999999999,-38.166,25,1.927,15
18075,1,1.913,0.856,37.46800000000002,77.07900000000001,77.079,64.11500000000001,101.58299999999997,25,1.927,16
41350,1,1.697,0.806,-32.131,66.297,66.297,13.119,-19.012,25,1.927,17
14759,1,1.255,0.953,-7.673000000000002,66.77100000000002,66.771,-8.467000000000013,-16.139999999999986,25,1.927,18
7023,1,0.54,0.995,-1.4699999999999989,5.903999999999996,5.904,1.6260000000000048,0.1560000000000059,25,1.927,19
286,1,2.602,0.907,38.622000000000014,57.480999999999995,57.481,19.65299999999999,58.275000000000006,25,1.927,20
5146,1,1.625,0.7,-30.90299999999999,60.42500000000001,60.425,8.941000000000003,-21.96199999999999,26,1.93,1
4765,1,1.125,0.904,-49.283000000000015,75.91399999999999,75.914,19.439999999999998,-29.84299999999999,26,1.93,2
41092,1,1.28,0.645,-5.153999999999996,51.536,51.536,-44.959,-50.113,26,1.93,3
31301,1,1.073,1.135,-23.78800000000001,100.49900000000002,100.499,6.242999999999995,-17.545000000000016,26,1.93,4
8126,1,1.54,0.738,-23.66900000000001,26.079000000000008,26.079,-14.554000000000002,-38.22300000000001,26,1.93,5
15962,1,0.899,0.825,-58.64,-10.11099999999999,10.111,74.495,15.855000000000018,26,1.93,6
45493,1,1.077,1.166,25.057999999999993,57.247000000000014,57.247,-36.865999999999985,-11.807999999999993,26,1.93,7
7023,1,0.54,0.995,-1.4699999999999989,5.903999999999996,5.904,1.6260000000000048,0.1560000000000059,26,1.93,8
15813,1,1.366,0.924,-4.421999999999997,71.63999999999999,71.64,-22.542,-26.964,26,1.93,9
6014,1,3.912,0.567,56.46800000000002,76.80399999999997,76.804,2.9850000000000136,59.453,26,1.93,10
11952,1,1.279,1.052,-22.673000000000002,83.46199999999999,83.462,-13.405000000000001,-36.078,26,1.93,11
33932,1,1.759,1.089,33.62299999999999,66.601,66.601,0.47399999999998954,34.09699999999998,26,1.93,12
15960,1,0.909,0.771,-72.543,-9.84899999999999,9.849,83.452,10.908999999999992,26,1.93,13
44367,1,1.148,0.679,30.917,96.33299999999997,96.333,65.078,95.995,26,1.93,14
14770,1,1.3,0.962,-20.745000000000005,63.815,63.815,-11.135999999999996,-31.881,26,1.93,15
32210,1,1.185,1.144,-73.261,21.089,21.089,36.637,-36.623999999999995,26,1.93,16
3181,1,0.891,0.796,-18.031000000000006,7.707999999999998,7.708,46.327,28.295999999999992,26,1.93,17
30218,1,0.965,1.366,-14.900000000000006,42.28399999999999,42.284,-29.691000000000003,-44.59100000000001,26,1.93,18
33300,1,2.013,0.804,33.30199999999999,88.77199999999999,88.772,16.863,50.16499999999999,26,1.93,19
17735,1,2.554,0.66,31.85300000000001,41.629999999999995,41.63,23.26400000000001,55.11699999999999,26,1.93,20
39430,1,0.956,0.847,54.36699999999999,10.427999999999997,10.428,-54.932,-0.5649999999999977,27,1.93,1
6014,1,3.912,0.567,56.46800000000002,76.80399999999997,76.804,2.9850000000000136,59.453,27,1.93,2
4500,1,1.335,1.079,-15.699000000000012,67.14100000000002,67.141,-5.584000000000003,-21.283000000000015,27,1.93,3
32294,1,1.395,0.796,-67.565,35.197,35.197,28.068000000000012,-39.497000000000014,27,1.93,4
15960,1,0.909,0.771,-72.543,-9.84899999999999,9.849,83.452,10.908999999999992,27,1.93,5
23503,1,1.447,0.664,25.397999999999996,61.00999999999999,61.01,-59.785,-34.387,27,1.93,6
39404,1,1.08,0.778,-21.698000000000008,94.10899999999998,94.109,-4.038000000000011,-25.73599999999999,27,1.93,7
37928,1,1.165,1.577,-9.286000000000001,36.38900000000001,36.389,-32.68000000000001,-41.96600000000001,27,1.93,8
175,1,1.103,0.963,-19.05000000000001,60.670000000000016,60.67,19.742999999999995,0.6929999999999836,27,1.93,9
9196,1,1.648,0.787,-45.757000000000005,11.38900000000001,11.389,43.54900000000001,-2.2079999999999984,27,1.93,10
16081,1,1.436,1.049,-2.2630000000000052,41.093999999999994,41.094,-7.9010000000000105,-10.163999999999987,27,1.93,11
131,1,2.64,1.265,45.807000000000016,65.184,65.184,36.649,82.45600000000002,27,1.93,12
33300,1,2.013,0.804,33.30199999999999,88.77199999999999,88.772,16.863,50.16499999999999,27,1.93,13
39355,1,0.806,1.074,32.69400000000002,34.43799999999999,34.438,-43.644000000000005,-10.949999999999989,27,1.93,14
483,1,1.186,1.015,4.075999999999993,55.214,55.214,-38.80500000000001,-34.728999999999985,27,1.93,15
46715,1,1.118,0.937,-14.995000000000005,81.29599999999999,81.296,-9.084000000000003,-24.079000000000008,27,1.93,16
28890,1,1.256,1.606,-41.14699999999999,52.724999999999994,52.725,0.5819999999999936,-40.565,27,1.93,17
20301,1,1.342,0.845,-19.353999999999985,59.453,59.453,-15.954000000000008,-35.30799999999999,27,1.93,18
41350,1,1.697,0.806,-32.131,66.297,66.297,13.119,-19.012,27,1.93,19
43191,1,1.266,0.731,31.562000000000012,94.01099999999997,94.011,53.66300000000001,85.22500000000002,27,1.93,20
28568,1,1.081,1.161,-39.73400000000001,15.248999999999995,15.249,44.162000000000006,4.427999999999997,28,1.931,1
48442,1,1.166,0.653,-34.557000000000016,66.02800000000002,66.028,2.218999999999994,-32.337999999999994,28,1.931,2
33290,1,2.034,0.842,34.101,78.77100000000002,78.771,7.299000000000007,41.400000000000006,28,1.931,3
39394,1,1.006,0.776,-28.52000000000001,99.98000000000002,99.98,3.414999999999992,-25.10499999999999,28,1.931,4
10797,1,3.222,1.322,-35.514999999999986,111.423,111.423,78.99599999999998,43.480999999999995,28,1.931,5
17487,1,1.189,1.019,-10.199999999999989,59.297,59.297,-1.2439999999999998,-11.443999999999988,28,1.931,6
32211,1,1.176,1.199,-51.21199999999999,23.063999999999993,23.064,11.369,-39.84300000000002,28,1.931,7
47915,1,1.226,0.902,11.219999999999999,99.26099999999997,99.261,31.134000000000015,42.353999999999985,28,1.931,8
136,1,2.242,0.883,26.501000000000005,68.75900000000001,68.759,-6.778999999999996,19.72200000000001,28,1.931,9
12171,1,1.276,1.417,0.3859999999999957,75.838,75.838,-37.934,-37.548,28,1.931,10
2523,1,1.028,0.714,37.87100000000001,30.37100000000001,30.371,-66.63,-28.758999999999986,28,1.931,11
26187,1,1.556,1.036,-14.610000000000014,46.934,46.934,-10.907999999999987,-25.518,28,1.931,12
6202,1,3.945,0.599,64.197,69.72300000000001,69.723,-4.8799999999999955,59.31700000000001,28,1.931,13
15813,1,1.366,0.924,-4.421999999999997,71.63999999999999,71.64,-22.542,-26.964,28,1.931,14
15962,1,0.899,0.825,-58.64,-10.11099999999999,10.111,74.495,15.855000000000018,28,1.931,15
12446,1,0.861,1.284,52.965,40.971000000000004,40.971,-33.36099999999999,19.604000000000013,28,1.931,16
22281,1,1.442,0.954,-46.68700000000001,34.44400000000002,34.444,12.676999999999992,-34.00999999999999,28,1.931,17
28781,1,1.162,1.244,11.675999999999988,67.61700000000002,67.617,9.659999999999997,21.336000000000013,28,1.931,18
15960,1,0.909,0.771,-72.543,-9.84899999999999,9.849,83.452,10.908999999999992,28,1.931,19
33196,1,1.108,1.396,-30.448000000000008,56.619,56.619,-13.460000000000008,-43.908000000000015,28,1.931,20
4765,1,1.125,0.904,-49.283000000000015,75.91399999999999,75.914,19.439999999999998,-29.84299999999999,29,1.931,1
17477,1,1.421,0.782,-12.36699999999999,55.416,55.416,-6.278999999999996,-18.646000000000015,29,1.931,2
26186,1,1.567,1.129,-14.310000000000002,57.20600000000002,57.206,-4.939999999999998,-19.25,29,1.931,3
8623,1,1.105,0.714,27.381,69.88299999999998,69.883,25.974999999999994,53.355999999999995,29,1.931,4
31301,1,1.073,1.135,-23.78800000000001,100.49900000000002,100.499,6.242999999999995,-17.545000000000016,29,1.931,5
14755,1,0.907,0.971,74.72300000000001,-12.790999999999997,12.791,-84.687,-9.963999999999999,29,1.931,6
6014,1,3.912,0.567,56.46800000000002,76.80399999999997,76.804,2.9850000000000136,59.453,29,1.931,7
20312,1,1.527,1.251,49.30799999999999,52.29599999999999,52.296,-67.472,-18.163999999999987,29,1.931,8
688,1,1.093,1.051,4.304000000000002,83.61500000000001,83.615,-32.702,-28.397999999999996,29,1.931,9
31967,1,1.176,0.948,-19.132000000000005,54.617999999999995,54.618,-10.443999999999988,-29.575999999999993,29,1.931,10
32215,1,1.111,1.187,-61.144000000000005,25.16900000000001,25.169,20.226,-40.918000000000006,29,1.931,11
15960,1,0.909,0.771,-72.543,-9.84899999999999,9.849,83.452,10.908999999999992,29,1.931,12
15962,1,0.899,0.825,-58.64,-10.11099999999999,10.111,74.495,15.855000000000018,29,1.931,13
25264,1,2.148,0.578,20.711000000000013,35.316,35.316,22.67500000000001,43.385999999999996,29,1.931,14
7023,1,0.54,0.995,-1.4699999999999989,5.903999999999996,5.904,1.6260000000000048,0.1560000000000059,29,1.931,15
41350,1,1.697,0.806,-32.131,66.297,66.297,13.119,-19.012,29,1.931,16
33874,1,1.226,0.922,-3.8870000000000005,76.87299999999999,76.873,-6.848000000000013,-10.735000000000014,29,1.931,17
36865,1,1.106,1.147,9.090000000000003,57.64500000000001,57.645,-28.695999999999998,-19.605999999999995,29,1.931,18
40202,1,2.336,0.765,50.101,35.43799999999999,35.438,5.594999999999999,55.696,29,1.931,19
43120,1,1.289,0.888,28.951999999999998,97.82100000000003,97.821,56.48599999999999,85.43799999999999,29,1.931,20
9684,1,0.969,1.107,6.555000000000007,9.693999999999988,9.694,-6.415999999999997,0.13900000000001,30,1.933,1
10498,1,1.271,1.304,-35.62299999999999,91.98699999999997,91.987,12.830999999999989,-22.792,30,1.933,2
15960,1,0.909,0.771,-72.543,-9.84899999999999,9.849,83.452,10.908999999999992,30,1.933,3
14770,1,1.3,0.962,-20.745000000000005,63.815,63.815,-11.135999999999996,-31.881,30,1.933,4
37805,1,1.389,1.167,20.91300000000001,50.38300000000001,50.383,-27.146000000000015,-6.233000000000004,30,1.933,5
7868,1,1.226,1.566,-20.123999999999995,38.474999999999994,38.475,-19.122000000000014,-39.24600000000001,30,1.933,6
6014,1,3.912,0.567,56.46800000000002,76.80399999999997,76.804,2.9850000000000136,59.453,30,1.933,7
38604,1,1.331,1.149,44.983000000000004,47.626000000000005,47.626,-71.28,-26.296999999999997,30,1.933,8
39037,1,1.709,1.006,-15.603999999999985,62.768,62.768,8.224999999999994,-7.378999999999991,30,1.933,9
15953,1,1.005,0.852,-25.456999999999994,-9.431000000000012,9.431,45.00399999999999,19.546999999999997,30,1.933,10
34649,1,1.612,0.869,7.515999999999991,53.757000000000005,53.757,-40.182000000000016,-32.666,30,1.933,11
21292,1,0.819,1.504,-17.64500000000001,56.486999999999995,56.487,-17.865999999999985,-35.510999999999996,30,1.933,12
18641,1,1.043,0.771,19.834000000000003,60.778999999999996,60.779,18.336000000000013,38.170000000000016,30,1.933,13
5146,1,1.625,0.7,-30.90299999999999,60.42500000000001,60.425,8.941000000000003,-21.96199999999999,30,1.933,14
32294,1,1.395,0.796,-67.565,35.197,35.197,28.068000000000012,-39.497000000000014,30,1.933,15
131,1,2.64,1.265,45.807000000000016,65.184,65.184,36.649,82.45600000000002,30,1.933,16
7225,1,1.279,0.795,-0.6380000000000052,79.805,79.805,-12.322000000000003,-12.960000000000008,30,1.933,17
44197,1,1.289,0.888,28.951999999999998,97.82100000000003,97.821,56.48599999999999,85.43799999999999,30,1.933,18
11952,1,1.279,1.052,-22.673000000000002,83.46199999999999,83.462,-13.405000000000001,-36.078,30,1.933,19
6551,1,1.038,1.217,-4.8799999999999955,21.312999999999988,21.313,20.453000000000003,15.573000000000008,30,1.933,20
7081,1,1.267,1.023,-0.9050000000000011,68.309,68.309,-25.893,-26.798000000000002,31,1.934,1
15092,1,0.971,1.289,0.27199999999999136,80.952,80.952,-32.44,-32.168000000000006,31,1.934,2
39045,1,1.993,0.764,-14.074999999999989,64.51499999999999,64.515,8.509000000000015,-5.5660000000000025,31,1.934,3
47708,1,1.552,0.846,-54.19200000000001,95.512,95.512,10.167000000000002,-44.025000000000006,31,1.934,4
21292,1,0.819,1.504,-17.64500000000001,56.486999999999995,56.487,-17.865999999999985,-35.510999999999996,31,1.934,5
41350,1,1.697,0.806,-32.131,66.297,66.297,13.119,-19.012,31,1.934,6
30113,1,1.638,0.868,16.965000000000003,99.29899999999998,99.299,66.18200000000002,83.14699999999999,31,1.934,7
3140,1,0.881,1.021,38.86099999999999,24.421999999999997,24.422,-61.408,-22.546999999999997,31,1.934,8
3193,1,0.857,1.023,-30.954999999999984,13.117999999999995,13.118,49.108000000000004,18.15299999999999,31,1.934,9
136,1,2.242,0.883,26.501000000000005,68.75900000000001,68.759,-6.778999999999996,19.72200000000001,31,1.934,10
14770,1,1.3,0.962,-20.745000000000005,63.815,63.815,-11.135999999999996,-31.881,31,1.934,11
51430,1,0.857,1.04,-46.853999999999985,24.983000000000004,24.983,46.387,-0.46699999999998454,31,1.934,12
6014,1,3.912,0.567,56.46800000000002,76.80399999999997,76.804,2.9850000000000136,59.453,31,1.934,13
32294,1,1.395,0.796,-67.565,35.197,35.197,28.068000000000012,-39.497000000000014,31,1.934,14
15964,1,0.902,0.589,-32.02000000000001,-11.790999999999997,11.791,45.56200000000001,13.542000000000002,31,1.934,15
15813,1,1.366,0.924,-4.421999999999997,71.63999999999999,71.64,-22.542,-26.964,31,1.934,16
11312,1,0.841,1.179,38.72800000000001,23.53200000000001,23.532,-55.532,-16.804000000000002,31,1.934,17
25214,1,2.025,0.847,23.14099999999999,34.287000000000006,34.287,4.919000000000011,28.060000000000002,31,1.934,18
32210,1,1.185,1.144,-73.261,21.089,21.089,36.637,-36.623999999999995,31,1.934,19
33290,1,2.034,0.842,34.101,78.77100000000002,78.771,7.299000000000007,41.400000000000006,31,1.934,20
6022,1,4.138,0.804,57.740999999999985,75.63999999999999,75.64,4.925999999999988,62.667,32,1.936,1
23056,1,1.046,0.714,12.344999999999999,61.016999999999996,61.017,-42.185,-29.840000000000003,32,1.936,2
24198,1,1.002,1.441,-24.38499999999999,54.271000000000015,54.271,-11.00800000000001,-35.393,32,1.936,3
32211,1,1.176,1.199,-51.21199999999999,23.063999999999993,23.064,11.369,-39.84300000000002,32,1.936,4
45035,1,1.343,1.298,-39.726,56.254999999999995,56.255,1.1999999999999886,-38.52600000000001,32,1.936,5
34599,1,1.127,0.883,18.256,60.716999999999985,60.717,-45.071,-26.814999999999998,32,1.936,6
43290,1,1.148,0.679,30.917,96.33299999999997,96.333,65.078,95.995,32,1.936,7
15953,1,1.005,0.852,-25.456999999999994,-9.431000000000012,9.431,45.00399999999999,19.546999999999997,32,1.936,8
15604,1,1.35,0.926,17.39500000000001,72.50299999999999,72.503,22.22200000000001,39.61699999999999,32,1.936,9
32294,1,1.395,0.796,-67.565,35.197,35.197,28.068000000000012,-39.497000000000014,32,1.936,10
17450,1,1.717,0.724,-19.960000000000008,60.256,60.256,3.665999999999997,-16.29400000000001,32,1.936,11
52669,1,0.791,1.45,13.026999999999987,39.739000000000004,39.739,-25.76599999999999,-12.739000000000004,32,1.936,12
46713,1,0.963,1.133,-20.212999999999994,87.40199999999999,87.402,-12.139999999999986,-32.35300000000001,32,1.936,13
15960,1,0.909,0.771,-72.543,-9.84899999999999,9.849,83.452,10.908999999999992,32,1.936,14
17263,1,0.802,0.714,47.884000000000015,19.85499999999999,19.855,-68.04,-20.156000000000006,32,1.936,15
41350,1,1.697,0.806,-32.131,66.297,66.297,13.119,-19.012,32,1.936,16
33874,1,1.226,0.922,-3.8870000000000005,76.87299999999999,76.873,-6.848000000000013,-10.735000000000014,32,1.936,17
2300,1,3.07,0.699,63.86500000000001,65.417,65.417,-12.691000000000003,51.17400000000001,32,1.936,18
28568,1,1.081,1.161,-39.73400000000001,15.248999999999995,15.249,44.162000000000006,4.427999999999997,32,1.936,19
46715,1,1.118,0.937,-14.995000000000005,81.29599999999999,81.296,-9.084000000000003,-24.079000000000008,32,1.936,20
33300,1,2.013,0.804,33.30199999999999,88.77199999999999,88.772,16.863,50.16499999999999,33,1.936,1
49834,1,1.013,0.974,-74.045,5.907000000000011,5.907,67.49000000000001,-6.555000000000007,33,1.936,2
4500,1,1.335,1.079,-15.699000000000012,67.14100000000002,67.141,-5.584000000000003,-21.283000000000015,33,1.936,3
389,1,1.611,0.849,5.3559999999999945,42.18099999999998,42.181,1.3309999999999889,6.687000000000012,33,1.936,4
5146,1,1.625,0.7,-30.90299999999999,60.42500000000001,60.425,8.941000000000003,-21.96199999999999,33,1.936,5
48708,1,1.207,1.64,-34.34899999999999,61.149,61.149,-2.9139999999999873,-37.263000000000005,33,1.936,6
15938,1,0.806,1.04,71.40699999999998,8.926999999999992,8.927,-50.385999999999996,21.020999999999987,33,1.936,7
136,1,2.242,0.883,26.501000000000005,68.75900000000001,68.759,-6.778999999999996,19.72200000000001,33,1.936,8
6014,1,3.912,0.567,56.46800000000002,76.80399999999997,76.804,2.9850000000000136,59.453,33,1.936,9
4501,1,0.991,1.036,-8.623999999999995,69.67000000000002,69.67,-7.346000000000004,-15.969999999999999,33,1.936,10
11952,1,1.279,1.052,-22.673000000000002,83.46199999999999,83.462,-13.405000000000001,-36.078,33,1.936,11
41350,1,1.697,0.806,-32.131,66.297,66.297,13.119,-19.012,33,1.936,12
15960,1,0.909,0.771,-72.543,-9.84899999999999,9.849,83.452,10.908999999999992,33,1.936,13
18870,1,1.127,0.784,22.840000000000003,27.89699999999999,27.897,-32.865999999999985,-10.02600000000001,33,1.936,14
9695,1,0.856,1.047,-3.569999999999993,14.735000000000014,14.735,4.115000000000009,0.5449999999999875,33,1.936,15
43191,1,1.266,0.731,31.562000000000012,94.01099999999997,94.011,53.66300000000001,85.22500000000002,33,1.936,16
32294,1,1.395,0.796,-67.565,35.197,35.197,28.068000000000012,-39.497000000000014,33,1.936,17
41092,1,1.28,0.645,-5.153999999999996,51.536,51.536,-44.959,-50.113,33,1.936,18
20207,1,2.094,0.875,74.869,25.56899999999999,25.569,-47.935,26.933999999999997,33,1.936,19
46715,1,1.118,0.937,-14.995000000000005,81.29599999999999,81.296,-9.084000000000003,-24.079000000000008,33,1.936,20
4760,1,1.156,0.906,-46.837999999999994,74.50799999999998,74.508,24.322000000000003,-22.51599999999999,34,1.936,1
8623,1,1.105,0.714,27.381,69.88299999999998,69.883,25.974999999999994,53.355999999999995,34,1.936,2
46713,1,0.963,1.133,-20.212999999999994,87.40199999999999,87.402,-12.139999999999986,-32.35300000000001,34,1.936,3
41350,1,1.697,0.806,-32.131,66.297,66.297,13.119,-19.012,34,1.936,4
2523,1,1.028,0.714,37.87100000000001,30.37100000000001,30.371,-66.63,-28.758999999999986,34,1.936,5
6014,1,3.912,0.567,56.46800000000002,76.80399999999997,76.804,2.9850000000000136,59.453,34,1.936,6
8473,1,1.093,0.826,6.212999999999994,30.920999999999992,30.921,-41.010999999999996,-34.798,34,1.936,7
133,1,2.319,0.995,28.873999999999995,63.864000000000004,63.864,-3.1430000000000007,25.730999999999995,34,1.936,8
12171,1,1.276,1.417,0.3859999999999957,75.838,75.838,-37.934,-37.548,34,1.936,9
3193,1,0.857,1.023,-30.954999999999984,13.117999999999995,13.118,49.108000000000004,18.15299999999999,34,1.936,10
43191,1,1.266,0.731,31.562000000000012,94.01099999999997,94.011,53.66300000000001,85.22500000000002,34,1.936,11
34913,1,1.246,1.091,10.949000000000012,73.97399999999999,73.974,-14.87100000000001,-3.921999999999997,34,1.936,12
39404,1,1.08,0.778,-21.698000000000008,94.10899999999998,94.109,-4.038000000000011,-25.73599999999999,34,1.936,13
11283,1,1.089,1.116,56.50999999999999,34.072,34.072,-37.88900000000001,18.62099999999998,34,1.936,14
46715,1,1.118,0.937,-14.995000000000005,81.29599999999999,81.296,-9.084000000000003,-24.079000000000008,34,1.936,15
9117,1,0.83,0.896,-33.101,28.39699999999999,28.397,27.450999999999993,-5.650000000000006,34,1.936,16
15960,1,0.909,0.771,-72.543,-9.84899999999999,9.849,83.452,10.908999999999992,34,1.936,17
25623,1,1.507,0.697,-49.071,40.83699999999999,40.837,-7.139999999999986,-56.211,34,1.936,18
2894,1,1.885,0.765,-32.328,21.341000000000008,21.341,1.240000000000009,-31.087999999999994,34,1.936,19
17990,1,1.256,1.026,67.44299999999998,33.67500000000001,33.675,-74.263,-6.819999999999993,34,1.936,20
48083,1,0.995,1.426,-22.24799999999999,56.55099999999999,56.551,-23.649,-45.89699999999999,35,1.938,1
20301,1,1.342,0.845,-19.353999999999985,59.453,59.453,-15.954000000000008,-35.30799999999999,35,1.938,2
6222,1,4.089,0.935,63.94900000000001,73.452,73.452,16.37299999999999,80.322,35,1.938,3
41092,1,1.28,0.645,-5.153999999999996,51.536,51.536,-44.959,-50.113,35,1.938,4
15960,1,0.909,0.771,-72.543,-9.84899999999999,9.849,83.452,10.908999999999992,35,1.938,5
29418,1,0.899,1.094,-50.893,12.655000000000001,12.655,47.31700000000001,-3.5759999999999934,35,1.938,6
15869,1,1.318,0.949,-61.00800000000001,7.163999999999987,7.164,70.35300000000001,9.344999999999999,35,1.938,7
15323,1,1.217,1.187,-32.625,11.849999999999994,11.85,27.183999999999997,-5.4410000000000025,35,1.938,8
33300,1,2.013,0.804,33.30199999999999,88.77199999999999,88.772,16.863,50.16499999999999,35,1.938,9
12103,1,3.158,1.038,-36.666,105.79200000000003,105.792,81.61900000000003,44.953,35,1.938,10
11853,1,0.898,0.885,-23.363,52.91499999999999,52.915,-1.681999999999988,-25.045000000000016,35,1.938,11
25610,1,1.582,1.24,-41.708,37.75,37.75,-2.2750000000000057,-43.983000000000004,35,1.938,12
35131,1,1.03,1.155,2.3470000000000084,30.650000000000006,30.65,-15.783999999999992,-13.437000000000012,35,1.938,13
4500,1,1.335,1.079,-15.699000000000012,67.14100000000002,67.141,-5.584000000000003,-21.283000000000015,35,1.938,14
35647,1,0.989,0.989,31.644000000000005,93.21500000000003,93.215,46.66899999999998,78.31299999999999,35,1.938,15
6014,1,3.912,0.567,56.46800000000002,76.80399999999997,76.804,2.9850000000000136,59.453,35,1.938,16
15609,1,1.412,1.028,25.596000000000004,62.983000000000004,62.983,22.873999999999995,48.47,35,1.938,17
39404,1,1.08,0.778,-21.698000000000008,94.10899999999998,94.109,-4.038000000000011,-25.73599999999999,35,1.938,18
34911,1,1.192,0.986,4.927999999999997,66.50799999999998,66.508,-20.522999999999996,-15.594999999999999,35,1.938,19
41350,1,1.697,0.806,-32.131,66.297,66.297,13.119,-19.012,35,1.938,20
28783,1,1.198,1.41,21.819999999999993,66.46600000000001,66.466,-0.2470000000000141,21.573000000000008,36,1.94,1
27048,1,1.214,1.04,-92.16,-27.87700000000001,27.877,81.82,-10.340000000000003,36,1.94,2
136,1,2.242,0.883,26.501000000000005,68.75900000000001,68.759,-6.778999999999996,19.72200000000001,36,1.94,3
7951,1,0.81,1.012,-51.227000000000004,41.67500000000001,41.675,17.12899999999999,-34.09800000000001,36,1.94,4
26186,1,1.567,1.129,-14.310000000000002,57.20600000000002,57.206,-4.939999999999998,-19.25,36,1.94,5
46402,1,1.404,0.968,-31.167,58.80500000000001,58.805,-0.8660000000000139,-32.033000000000015,36,1.94,6
53723,1,1.342,0.981,-10.829000000000008,66.90199999999999,66.902,-18.038999999999987,-28.867999999999995,36,1.94,7
46713,1,0.963,1.133,-20.212999999999994,87.40199999999999,87.402,-12.139999999999986,-32.35300000000001,36,1.94,8
14645,1,0.949,1.039,23.324000000000012,30.77199999999999,30.772,-41.85499999999999,-18.531000000000006,36,1.94,9
21292,1,0.819,1.504,-17.64500000000001,56.486999999999995,56.487,-17.865999999999985,-35.510999999999996,36,1.94,10
44268,1,1.266,0.731,31.562000000000012,94.01099999999997,94.011,53.66300000000001,85.22500000000002,36,1.94,11
15975,1,1.152,0.671,-66.97,-9.192000000000007,9.192,90.50099999999998,23.531000000000006,36,1.94,12
35622,1,1.05,0.517,25.41900000000001,84.96299999999997,84.963,44.31,69.72899999999998,36,1.94,13
41092,1,1.28,0.645,-5.153999999999996,51.536,51.536,-44.959,-50.113,36,1.94,14
43522,1,1.031,1.12,25.742999999999995,51.653999999999996,51.654,-43.37700000000001,-17.634000000000015,36,1.94,15
15960,1,0.909,0.771,-72.543,-9.84899999999999,9.849,83.452,10.908999999999992,36,1.94,16
6022,1,4.138,0.804,57.740999999999985,75.63999999999999,75.64,4.925999999999988,62.667,36,1.94,17
49834,1,1.013,0.974,-74.045,5.907000000000011,5.907,67.49000000000001,-6.555000000000007,36,1.94,18
41350,1,1.697,0.806,-32.131,66.297,66.297,13.119,-19.012,36,1.94,19
4765,1,1.125,0.904,-49.283000000000015,75.91399999999999,75.914,19.439999999999998,-29.84299999999999,36,1.94,20
33290,1,2.034,0.842,34.101,78.77100000000002,78.771,7.299000000000007,41.400000000000006,37,1.94,1
47708,1,1.552,0.846,-54.19200000000001,95.512,95.512,10.167000000000002,-44.025000000000006,37,1.94,2
38780,1,1.627,1.03,10.301999999999992,48.418000000000006,48.418,-52.866,-42.56399999999999,37,1.94,3
9196,1,1.648,0.787,-45.757000000000005,11.38900000000001,11.389,43.54900000000001,-2.2079999999999984,37,1.94,4
47916,1,1.144,0.957,12.045999999999992,98.935,98.935,26.13900000000001,38.185,37,1.94,5
37751,1,1.262,1.442,-22.76599999999999,45.852000000000004,45.852,-11.911000000000001,-34.67699999999999,37,1.94,6
51878,1,0.831,1.072,-56.858000000000004,13.632000000000005,13.632,57.59899999999999,0.7409999999999854,37,1.94,7
22101,1,2.277,0.551,68.156,40.43700000000001,40.437,-50.40299999999999,17.753000000000014,37,1.94,8
15960,1,0.909,0.771,-72.543,-9.84899999999999,9.849,83.452,10.908999999999992,37,1.94,9
11853,1,0.898,0.885,-23.363,52.91499999999999,52.915,-1.681999999999988,-25.045000000000016,37,1.94,10
6014,1,3.912,0.567,56.46800000000002,76.80399999999997,76.804,2.9850000000000136,59.453,37,1.94,11
46715,1,1.118,0.937,-14.995000000000005,81.29599999999999,81.296,-9.084000000000003,-24.079000000000008,37,1.94,12
26275,1,0.898,0.974,-47.71600000000001,19.16300000000001,19.163,43.655,-4.061000000000007,37,1.94,13
2523,1,1.028,0.714,37.87100000000001,30.37100000000001,30.371,-66.63,-28.758999999999986,37,1.94,14
32341,1,1.482,0.891,-74.467,38.920000000000016,38.92,35.756,-38.71100000000001,37,1.94,15
45035,1,1.343,1.298,-39.726,56.254999999999995,56.255,1.1999999999999886,-38.52600000000001,37,1.94,16
41271,1,0.931,0.913,20.586000000000013,77.957,77.957,-10.787000000000006,9.799000000000007,37,1.94,17
43191,1,1.266,0.731,31.562000000000012,94.01099999999997,94.011,53.66300000000001,85.22500000000002,37,1.94,18
15813,1,1.366,0.924,-4.421999999999997,71.63999999999999,71.64,-22.542,-26.964,37,1.94,19
38026,1,1.222,1.026,-5.626000000000005,77.44900000000001,77.449,-35.81,-41.43600000000001,37,1.94,20
35131,1,1.03,1.155,2.3470000000000084,30.650000000000006,30.65,-15.783999999999992,-13.437000000000012,38,1.941,1
19465,1,1.431,1.292,-9.344999999999999,57.196,57.196,-33.80799999999999,-43.15299999999999,38,1.941,2
30276,1,1.405,0.726,-8.415999999999997,33.34800000000001,33.348,-35.367999999999995,-43.78399999999999,38,1.941,3
8882,1,1.845,0.947,-44.41499999999999,89.22399999999999,89.224,31.301999999999992,-13.113,38,1.941,4
32215,1,1.111,1.187,-61.144000000000005,25.16900000000001,25.169,20.226,-40.918000000000006,38,1.941,5
8646,1,0.972,1.191,19.102000000000004,65.868,65.868,0.8940000000000055,19.99600000000001,38,1.941,6
37200,1,1.503,1.103,7.293000000000006,53.638000000000005,53.638,-16.385999999999996,-9.09299999999999,38,1.941,7
41350,1,1.697,0.806,-32.131,66.297,66.297,13.119,-19.012,38,1.941,8
44197,1,1.289,0.888,28.951999999999998,97.82100000000003,97.821,56.48599999999999,85.43799999999999,38,1.941,9
136,1,2.242,0.883,26.501000000000005,68.75900000000001,68.759,-6.778999999999996,19.72200000000001,38,1.941,10
47915,1,1.226,0.902,11.219999999999999,99.26099999999997,99.261,31.134000000000015,42.353999999999985,38,1.941,11
33585,1,1.421,0.925,58.138000000000005,59.88499999999999,59.885,-35.45600000000002,22.681999999999988,38,1.941,12
15960,1,0.909,0.771,-72.543,-9.84899999999999,9.849,83.452,10.908999999999992,38,1.941,13
15092,1,0.971,1.289,0.27199999999999136,80.952,80.952,-32.44,-32.168000000000006,38,1.941,14
15947,1,0.956,0.921,-68.649,-14.11699999999999,14.117,82.12,13.471000000000004,38,1.941,15
20352,1,2.104,1.024,34.80099999999999,39.382000000000005,39.382,-2.502999999999986,32.298,38,1.941,16
45523,1,0.869,0.751,-51.018,12.662000000000006,12.662,45.238,-5.780000000000001,38,1.941,17
6022,1,4.138,0.804,57.740999999999985,75.63999999999999,75.64,4.925999999999988,62.667,38,1.941,18
10749,1,1.42,1.476,-42.764999999999986,47.12100000000001,47.121,7.028999999999996,-35.73599999999999,38,1.941,19
46713,1,0.963,1.133,-20.212999999999994,87.40199999999999,87.402,-12.139999999999986,-32.35300000000001,38,1.941,20
37337,1,1.208,0.769,-9.955999999999989,55.68700000000001,55.687,-25.406000000000006,-35.361999999999995,39,1.944,1
16920,1,1.678,0.82,-14.299000000000007,86.37900000000002,86.379,18.325999999999993,4.026999999999987,39,1.944,2
17477,1,1.421,0.782,-12.36699999999999,55.416,55.416,-6.278999999999996,-18.646000000000015,39,1.944,3
25302,1,0.869,1.039,78.75999999999999,52.10300000000001,52.103,-66.524,12.23599999999999,39,1.944,4
25610,1,1.582,1.24,-41.708,37.75,37.75,-2.2750000000000057,-43.983000000000004,39,1.944,5
39404,1,1.08,0.778,-21.698000000000008,94.10899999999998,94.109,-4.038000000000011,-25.73599999999999,39,1.944,6
3193,1,0.857,1.023,-30.954999999999984,13.117999999999995,13.118,49.108000000000004,18.15299999999999,39,1.944,7
211,1,2.567,0.914,19.51400000000001,62.307000000000016,62.307,46.845,66.35899999999998,39,1.944,8
21292,1,0.819,1.504,-17.64500000000001,56.486999999999995,56.487,-17.865999999999985,-35.510999999999996,39,1.944,9
46713,1,0.963,1.133,-20.212999999999994,87.40199999999999,87.402,-12.139999999999986,-32.35300000000001,39,1.944,10
44197,1,1.289,0.888,28.951999999999998,97.82100000000003,97.821,56.48599999999999,85.43799999999999,39,1.944,11
30756,1,0.715,1.286,-56.042,12.494,12.494,51.68899999999999,-4.353000000000009,39,1.944,12
2300,1,3.07,0.699,63.86500000000001,65.417,65.417,-12.691000000000003,51.17400000000001,39,1.944,13
41092,1,1.28,0.645,-5.153999999999996,51.536,51.536,-44.959,-50.113,39,1.944,14
34913,1,1.246,1.091,10.949000000000012,73.97399999999999,73.974,-14.87100000000001,-3.921999999999997,39,1.944,15
2032,1,0.867,0.598,50.477000000000004,37.182000000000016,37.182,-70.603,-20.126000000000005,39,1.944,16
32293,1,1.531,0.768,-60.998999999999995,33.40199999999999,33.402,20.429000000000002,-40.56999999999999,39,1.944,17
6014,1,3.912,0.567,56.46800000000002,76.80399999999997,76.804,2.9850000000000136,59.453,39,1.944,18
1750,1,1.149,1.016,-23.667,64.96199999999999,64.962,-5.574999999999989,-29.24199999999999,39,1.944,19
15960,1,0.909,0.771,-72.543,-9.84899999999999,9.849,83.452,10.908999999999992,39,1.944,20
15964,1,0.902,0.589,-32.02000000000001,-11.790999999999997,11.791,45.56200000000001,13.542000000000002,40,1.945,1
43231,1,0.982,0.771,40.708,88.47399999999999,88.474,47.07300000000001,87.781,40,1.945,2
4500,1,1.335,1.079,-15.699000000000012,67.14100000000002,67.141,-5.584000000000003,-21.283000000000015,40,1.945,3
47112,1,1.467,1.37,-25.02199999999999,39.54900000000001,39.549,-16.884000000000015,-41.906000000000006,40,1.945,4
38934,1,1.115,1.486,2.414999999999992,13.582999999999998,13.583,13.775000000000006,16.189999999999998,40,1.945,5
22177,1,1.537,0.706,-23.88499999999999,63.912000000000006,63.912,0.664999999999992,-23.22,40,1.945,6
49834,1,1.013,0.974,-74.045,5.907000000000011,5.907,67.49000000000001,-6.555000000000007,40,1.945,7
21277,1,1.979,0.873,36.846000000000004,35.82499999999999,35.825,-5.99199999999999,30.853999999999985,40,1.945,8
12171,1,1.276,1.417,0.3859999999999957,75.838,75.838,-37.934,-37.548,40,1.945,9
15960,1,0.909,0.771,-72.543,-9.84899999999999,9.849,83.452,10.908999999999992,40,1.945,10
21292,1,0.819,1.504,-17.64500000000001,56.486999999999995,56.487,-17.865999999999985,-35.510999999999996,40,1.945,11
32376,1,1.396,0.745,-4.157000000000011,61.12700000000001,61.127,-33.309,-37.46600000000001,40,1.945,12
32215,1,1.111,1.187,-61.144000000000005,25.16900000000001,25.169,20.226,-40.918000000000006,40,1.945,13
136,1,2.242,0.883,26.501000000000005,68.75900000000001,68.759,-6.778999999999996,19.72200000000001,40,1.945,14
47708,1,1.552,0.846,-54.19200000000001,95.512,95.512,10.167000000000002,-44.025000000000006,40,1.945,15
175,1,1.103,0.963,-19.05000000000001,60.670000000000016,60.67,19.742999999999995,0.6929999999999836,40,1.945,16
3687,1,2.806,0.761,51.97999999999999,70.637,70.637,-17.925999999999988,34.054,40,1.945,17
36413,1,1.539,0.657,38.75999999999999,83.101,83.101,92.32100000000003,131.08100000000002,40,1.945,18
6014,1,3.912,0.567,56.46800000000002,76.80399999999997,76.804,2.9850000000000136,59.453,40,1.945,19
46713,1,0.963,1.133,-20.212999999999994,87.40199999999999,87.402,-12.139999999999986,-32.35300000000001,40,1.945,20
47708,1,1.552,0.846,-54.19200000000001,95.512,95.512,10.167000000000002,-44.025000000000006,41,1.945,1
20207,1,2.094,0.875,74.869,25.56899999999999,25.569,-47.935,26.933999999999997,41,1.945,2
6014,1,3.912,0.567,56.46800000000002,76.80399999999997,76.804,2.9850000000000136,59.453,41,1.945,3
12171,1,1.276,1.417,0.3859999999999957,75.838,75.838,-37.934,-37.548,41,1.945,4
44367,1,1.148,0.679,30.917,96.33299999999997,96.333,65.078,95.995,41,1.945,5
557,1,1.188,0.803,-0.8400000000000034,57.989000000000004,57.989,-27.52199999999999,-28.361999999999995,41,1.945,6
48769,1,1.394,1.578,-16.941000000000003,45.32900000000001,45.329,-16.679000000000002,-33.620000000000005,41,1.945,7
25652,1,1.256,1.293,-63.86699999999999,30.581999999999994,30.582,8.763000000000005,-55.104,41,1.945,8
49813,1,1.029,1.092,-64.71,12.949999999999989,12.95,58.66399999999999,-6.045999999999992,41,1.945,9
15813,1,1.366,0.924,-4.421999999999997,71.63999999999999,71.64,-22.542,-26.964,41,1.945,10
15960,1,0.909,0.771,-72.543,-9.84899999999999,9.849,83.452,10.908999999999992,41,1.945,11
15938,1,0.806,1.04,71.40699999999998,8.926999999999992,8.927,-50.385999999999996,21.020999999999987,41,1.945,12
33300,1,2.013,0.804,33.30199999999999,88.77199999999999,88.772,16.863,50.16499999999999,41,1.945,13
36733,1,1.322,0.95,7.018000000000001,41.632000000000005,41.632,-43.998999999999995,-36.980999999999995,41,1.945,14
31301,1,1.073,1.135,-23.78800000000001,100.49900000000002,100.499,6.242999999999995,-17.545000000000016,41,1.945,15
51878,1,0.831,1.072,-56.858000000000004,13.632000000000005,13.632,57.59899999999999,0.7409999999999854,41,1.945,16
26275,1,0.898,0.974,-47.71600000000001,19.16300000000001,19.163,43.655,-4.061000000000007,41,1.945,17
41350,1,1.697,0.806,-32.131,66.297,66.297,13.119,-19.012,41,1.945,18
15609,1,1.412,1.028,25.596000000000004,62.983000000000004,62.983,22.873999999999995,48.47,41,1.945,19
7428,1,1.947,0.737,33.792,60.514999999999986,60.515,-20.34700000000001,13.444999999999993,41,1.945,20
15960,1,0.909,0.771,-72.543,-9.84899999999999,9.849,83.452,10.908999999999992,42,1.945,1
50266,1,0.954,1.087,34.78800000000001,2.634999999999991,2.635,-38.44999999999999,-3.662000000000006,42,1.945,2
16918,1,1.721,1.058,-8.245000000000005,82.30099999999999,82.301,11.068999999999988,2.8240000000000123,42,1.945,3
33300,1,2.013,0.804,33.30199999999999,88.77199999999999,88.772,16.863,50.16499999999999,42,1.945,4
4765,1,1.125,0.904,-49.283000000000015,75.91399999999999,75.914,19.439999999999998,-29.84299999999999,42,1.945,5
44197,1,1.289,0.888,28.951999999999998,97.82100000000003,97.821,56.48599999999999,85.43799999999999,42,1.945,6
18132,1,0.94,0.822,60.59100000000001,36.62899999999999,36.629,-30.829999999999984,29.760999999999996,42,1.945,7
20301,1,1.342,0.845,-19.353999999999985,59.453,59.453,-15.954000000000008,-35.30799999999999,42,1.945,8
32518,1,0.914,1.57,-37.238,44.70600000000002,44.706,-1.5889999999999986,-38.827,42,1.945,9
41092,1,1.28,0.645,-5.153999999999996,51.536,51.536,-44.959,-50.113,42,1.945,10
26186,1,1.567,1.129,-14.310000000000002,57.20600000000002,57.206,-4.939999999999998,-19.25,42,1.945,11
20404,1,3.287,0.642,-14.521999999999991,105.19200000000001,105.192,107.77999999999997,93.25799999999998,42,1.945,12
17711,1,1.037,1.443,30.533999999999992,74.245,74.245,-25.841000000000008,4.692999999999984,42,1.945,13
4845,1,3.53,0.591,68.607,73.56900000000002,73.569,-7.621000000000009,60.98599999999999,42,1.945,14
136,1,2.242,0.883,26.501000000000005,68.75900000000001,68.759,-6.778999999999996,19.72200000000001,42,1.945,15
24805,1,1.096,1.087,30.899,38.357,38.357,-80.208,-49.309,42,1.945,16
25610,1,1.582,1.24,-41.708,37.75,37.75,-2.2750000000000057,-43.983000000000004,42,1.945,17
15962,1,0.899,0.825,-58.64,-10.11099999999999,10.111,74.495,15.855000000000018,42,1.945,18
6692,1,1.502,1.122,-18.615999999999985,66.614,66.614,6.600999999999999,-12.014999999999986,42,1.945,19
1534,1,1.434,1.013,5.6440000000000055,54.352000000000004,54.352,-12.759000000000015,-7.115000000000009,42,1.945,20
43191,1,1.266,0.731,31.562000000000012,94.01099999999997,94.011,53.66300000000001,85.22500000000002,43,1.947,1
17711,1,1.037,1.443,30.533999999999992,74.245,74.245,-25.841000000000008,4.692999999999984,43,1.947,2
39404,1,1.08,0.778,-21.698000000000008,94.10899999999998,94.109,-4.038000000000011,-25.73599999999999,43,1.947,3
12308,1,1.173,1.121,-8.228999999999985,59.099999999999994,59.1,-46.79399999999998,-55.022999999999996,43,1.947,4
4351,1,0.801,1.393,31.724999999999994,35.05199999999999,35.052,-51.634000000000015,-19.908999999999992,43,1.947,5
4765,1,1.125,0.904,-49.283000000000015,75.91399999999999,75.914,19.439999999999998,-29.84299999999999,43,1.947,6
15960,1,0.909,0.771,-72.543,-9.84899999999999,9.849,83.452,10.908999999999992,43,1.947,7
17263,1,0.802,0.714,47.884000000000015,19.85499999999999,19.855,-68.04,-20.156000000000006,43,1.947,8
41350,1,1.697,0.806,-32.131,66.297,66.297,13.119,-19.012,43,1.947,9
26186,1,1.567,1.129,-14.310000000000002,57.20600000000002,57.206,-4.939999999999998,-19.25,43,1.947,10
41092,1,1.28,0.645,-5.153999999999996,51.536,51.536,-44.959,-50.113,43,1.947,11
46417,1,0.95,1.087,52.625,47.87899999999999,47.879,-24.085000000000008,28.539999999999992,43,1.947,12
25610,1,1.582,1.24,-41.708,37.75,37.75,-2.2750000000000057,-43.983000000000004,43,1.947,13
14759,1,1.255,0.953,-7.673000000000002,66.77100000000002,66.771,-8.467000000000013,-16.139999999999986,43,1.947,14
18576,1,1.255,0.924,-40.40199999999999,97.457,97.457,14.408999999999992,-25.992999999999995,43,1.947,15
15323,1,1.217,1.187,-32.625,11.849999999999994,11.85,27.183999999999997,-5.4410000000000025,43,1.947,16
136,1,2.242,0.883,26.501000000000005,68.75900000000001,68.759,-6.778999999999996,19.72200000000001,43,1.947,17
9694,1,1.089,1.138,-14.811000000000007,16.485000000000014,16.485,17.312999999999988,2.5020000000000095,43,1.947,18
28800,1,0.891,1.067,-57.226,4.693000000000012,4.693,55.610000000000014,-1.6159999999999854,43,1.947,19
6014,1,3.912,0.567,56.46800000000002,76.80399999999997,76.804,2.9850000000000136,59.453,43,1.947,20
1751,1,0.978,0.897,-24.107,71.26600000000002,71.266,-8.626000000000005,-32.733000000000004,44,1.948,1
47112,1,1.467,1.37,-25.02199999999999,39.54900000000001,39.549,-16.884000000000015,-41.906000000000006,44,1.948,2
150,1,2.04,0.993,17.787000000000006,71.90300000000002,71.903,6.4809999999999945,24.268,44,1.948,3
25588,1,0.733,1.008,-24.726,16.579000000000008,16.579,18.783999999999992,-5.942000000000007,44,1.948,4
17711,1,1.037,1.443,30.533999999999992,74.245,74.245,-25.841000000000008,4.692999999999984,44,1.948,5
38672,1,1.143,0.847,-18.26599999999999,65.822,65.822,-40.06100000000001,-58.327,44,1.948,6
44197,1,1.289,0.888,28.951999999999998,97.82100000000003,97.821,56.48599999999999,85.43799999999999,44,1.948,7
37218,1,1.665,0.713,-10.532999999999987,56.44200000000001,56.442,-1.8770000000000095,-12.409999999999997,44,1.948,8
18576,1,1.255,0.924,-40.40199999999999,97.457,97.457,14.408999999999992,-25.992999999999995,44,1.948,9
24419,1,1.312,1.65,-31.502999999999986,58.545000000000016,58.545,-7.628999999999991,-39.132000000000005,44,1.948,10
6014,1,3.912,0.567,56.46800000000002,76.80399999999997,76.804,2.9850000000000136,59.453,44,1.948,11
43120,1,1.289,0.888,28.951999999999998,97.82100000000003,97.821,56.48599999999999,85.43799999999999,44,1.948,12
25610,1,1.582,1.24,-41.708,37.75,37.75,-2.2750000000000057,-43.983000000000004,44,1.948,13
15953,1,1.005,0.852,-25.456999999999994,-9.431000000000012,9.431,45.00399999999999,19.546999999999997,44,1.948,14
15960,1,0.909,0.771,-72.543,-9.84899999999999,9.849,83.452,10.908999999999992,44,1.948,15
7021,1,1.027,1.013,-2.1289999999999907,53.990999999999985,53.991,-27.533000000000015,-29.662000000000006,44,1.948,16
19371,1,0.932,0.95,46.22200000000001,53.141999999999996,53.142,-36.593999999999994,9.627999999999986,44,1.948,17
3193,1,0.857,1.023,-30.954999999999984,13.117999999999995,13.118,49.108000000000004,18.15299999999999,44,1.948,18
41350,1,1.697,0.806,-32.131,66.297,66.297,13.119,-19.012,44,1.948,19
39646,1,0.934,0.803,53.254999999999995,42.115999999999985,42.116,-34.96199999999999,18.293000000000006,44,1.948,20
52154,1,1.134,1.065,2.3629999999999995,67.32,67.32,-34.682000000000016,-32.31900000000002,45,1.948,1
136,1,2.242,0.883,26.501000000000005,68.75900000000001,68.759,-6.778999999999996,19.72200000000001,45,1.948,2
20207,1,2.094,0.875,74.869,25.56899999999999,25.569,-47.935,26.933999999999997,45,1.948,3
8646,1,0.972,1.191,19.102000000000004,65.868,65.868,0.8940000000000055,19.99600000000001,45,1.948,4
14770,1,1.3,0.962,-20.745000000000005,63.815,63.815,-11.135999999999996,-31.881,45,1.948,5
15277,1,1.166,1.322,69.737,20.177999999999997,20.178,-92.736,-22.999000000000024,45,1.948,6
39405,1,1.118,1.545,-33.07400000000001,57.39699999999999,57.397,6.181000000000012,-26.893,45,1.948,7
25665,1,1.906,0.743,-51.30199999999999,34.754999999999995,34.755,0.8870000000000005,-50.41499999999999,45,1.948,8
198,1,1.527,1.053,30.876000000000005,54.501000000000005,54.501,2.3959999999999866,33.27199999999999,45,1.948,9
17263,1,0.802,0.714,47.884000000000015,19.85499999999999,19.855,-68.04,-20.156000000000006,45,1.948,10
41092,1,1.28,0.645,-5.153999999999996,51.536,51.536,-44.959,-50.113,45,1.948,11
41350,1,1.697,0.806,-32.131,66.297,66.297,13.119,-19.012,45,1.948,12
44268,1,1.266,0.731,31.562000000000012,94.01099999999997,94.011,53.66300000000001,85.22500000000002,45,1.948,13
6014,1,3.912,0.567,56.46800000000002,76.80399999999997,76.804,2.9850000000000136,59.453,45,1.948,14
12187,1,1.406,1.126,-9.824999999999989,76.24099999999999,76.241,-25.829999999999984,-35.655,45,1.948,15
35131,1,1.03,1.155,2.3470000000000084,30.650000000000006,30.65,-15.783999999999992,-13.437000000000012,45,1.948,16
5368,1,1.47,0.941,-28.204000000000008,85.42700000000002,85.427,17.33099999999999,-10.87299999999999,45,1.948,17
32215,1,1.111,1.187,-61.144000000000005,25.16900000000001,25.169,20.226,-40.918000000000006,45,1.948,18
15960,1,0.909,0.771,-72.543,-9.84899999999999,9.849,83.452,10.908999999999992,45,1.948,19
46713,1,0.963,1.133,-20.212999999999994,87.40199999999999,87.402,-12.139999999999986,-32.35300000000001,45,1.948,20
37247,1,1.515,1.022,-13.350999999999999,57.021000000000015,57.021,-3.179000000000002,-16.53,46,1.949,1
36865,1,1.106,1.147,9.090000000000003,57.64500000000001,57.645,-28.695999999999998,-19.605999999999995,46,1.949,2
44268,1,1.266,0.731,31.562000000000012,94.01099999999997,94.011,53.66300000000001,85.22500000000002,46,1.949,3
9196,1,1.648,0.787,-45.757000000000005,11.38900000000001,11.389,43.54900000000001,-2.2079999999999984,46,1.949,4
47302,1,0.555,1.047,-37.75999999999999,9.483000000000004,9.483,29.682999999999993,-8.076999999999998,46,1.949,5
48490,1,1.477,0.727,1.7069999999999936,34.167,34.167,-50.016999999999996,-48.31,46,1.949,6
2523,1,1.028,0.714,37.87100000000001,30.37100000000001,30.371,-66.63,-28.758999999999986,46,1.949,7
35761,1,1.017,1.03,28.340000000000003,38.703,38.703,-61.565,-33.224999999999994,46,1.949,8
15813,1,1.366,0.924,-4.421999999999997,71.63999999999999,71.64,-22.542,-26.964,46,1.949,9
8553,1,1.269,1.376,-17.01599999999999,82.34100000000001,82.341,-33.17400000000001,-50.19,46,1.949,10
6014,1,3.912,0.567,56.46800000000002,76.80399999999997,76.804,2.9850000000000136,59.453,46,1.949,11
15960,1,0.909,0.771,-72.543,-9.84899999999999,9.849,83.452,10.908999999999992,46,1.949,12
136,1,2.242,0.883,26.501000000000005,68.75900000000001,68.759,-6.778999999999996,19.72200000000001,46,1.949,13
44401,1,0.76,1.656,-39.85900000000001,56.631,56.631,0.828000000000003,-39.031000000000006,46,1.949,14
18576,1,1.255,0.924,-40.40199999999999,97.457,97.457,14.408999999999992,-25.992999999999995,46,1.949,15
32291,1,1.297,0.89,-51.422,32.372000000000014,32.372,15.330000000000013,-36.091999999999985,46,1.949,16
33290,1,2.034,0.842,34.101,78.77100000000002,78.771,7.299000000000007,41.400000000000006,46,1.949,17
19454,1,1.042,0.996,-11.085000000000008,63.56200000000001,63.562,-20.298000000000002,-31.38300000000001,46,1.949,18
5368,1,1.47,0.941,-28.204000000000008,85.42700000000002,85.427,17.33099999999999,-10.87299999999999,46,1.949,19
3193,1,0.857,1.023,-30.954999999999984,13.117999999999995,13.118,49.108000000000004,18.15299999999999,46,1.949,20
4765,1,1.125,0.904,-49.283000000000015,75.91399999999999,75.914,19.439999999999998,-29.84299999999999,47,1.95,1
130,1,2.423,0.873,29.728999999999985,67.79399999999998,67.794,-1.882000000000005,27.84700000000001,47,1.95,2
15066,1,1.014,1.454,-0.13700000000000045,87.27800000000002,87.278,-30.51400000000001,-30.65100000000001,47,1.95,3
15962,1,0.899,0.825,-58.64,-10.11099999999999,10.111,74.495,15.855000000000018,47,1.95,4
33290,1,2.034,0.842,34.101,78.77100000000002,78.771,7.299000000000007,41.400000000000006,47,1.95,5
12357,1,1.213,1.158,-27.21799999999999,80.048,80.048,-4.0800000000000125,-31.298000000000002,47,1.95,6
41092,1,1.28,0.645,-5.153999999999996,51.536,51.536,-44.959,-50.113,47,1.95,7
26988,1,1.151,0.763,-92.884,-34.46800000000002,34.468,74.03899999999999,-18.845,47,1.95,8
40641,1,0.875,0.919,-50.772999999999996,25.409999999999997,25.41,50.14699999999999,-0.6260000000000048,47,1.95,9
44268,1,1.266,0.731,31.562000000000012,94.01099999999997,94.011,53.66300000000001,85.22500000000002,47,1.95,10
45291,1,1.226,1.488,-26.85499999999999,47.629999999999995,47.63,-5.299000000000007,-32.153999999999996,47,1.95,11
15960,1,0.909,0.771,-72.543,-9.84899999999999,9.849,83.452,10.908999999999992,47,1.95,12
39476,1,1.044,1.749,11.711000000000013,66.138,66.138,-52.131,-40.420000000000016,47,1.95,13
6022,1,4.138,0.804,57.740999999999985,75.63999999999999,75.64,4.925999999999988,62.667,47,1.95,14
17477,1,1.421,0.782,-12.36699999999999,55.416,55.416,-6.278999999999996,-18.646000000000015,47,1.95,15
25610,1,1.582,1.24,-41.708,37.75,37.75,-2.2750000000000057,-43.983000000000004,47,1.95,16
45483,1,0.76,0.89,-26.550999999999988,5.069999999999993,5.07,17.851,-8.699999999999989,47,1.95,17
47734,1,1.764,0.814,59.478999999999985,32.513000000000005,32.513,-36.139999999999986,23.339,47,1.95,18
47064,1,0.883,0.812,-34.879999999999995,72.731,72.731,3.563999999999993,-31.316000000000003,47,1.95,19
26186,1,1.567,1.129,-14.310000000000002,57.20600000000002,57.206,-4.939999999999998,-19.25,47,1.95,20
4845,1,3.53,0.591,68.607,73.56900000000002,73.569,-7.621000000000009,60.98599999999999,48,1.951,1
46713,1,0.963,1.133,-20.212999999999994,87.40199999999999,87.402,-12.139999999999986,-32.35300000000001,48,1.951,2
39430,1,0.956,0.847,54.36699999999999,10.427999999999997,10.428,-54.932,-0.5649999999999977,48,1.951,3
39439,1,1.442,0.758,41.85300000000001,58.42400000000001,58.424,-29.793000000000006,12.060000000000002,48,1.951,4
38780,1,1.627,1.03,10.301999999999992,48.418000000000006,48.418,-52.866,-42.56399999999999,48,1.951,5
15960,1,0.909,0.771,-72.543,-9.84899999999999,9.849,83.452,10.908999999999992,48,1.951,6
8623,1,1.105,0.714,27.381,69.88299999999998,69.883,25.974999999999994,53.355999999999995,48,1.951,7
24198,1,1.002,1.441,-24.38499999999999,54.271000000000015,54.271,-11.00800000000001,-35.393,48,1.951,8
15066,1,1.014,1.454,-0.13700000000000045,87.27800000000002,87.278,-30.51400000000001,-30.65100000000001,48,1.951,9
4765,1,1.125,0.904,-49.283000000000015,75.91399999999999,75.914,19.439999999999998,-29.84299999999999,48,1.951,10
43191,1,1.266,0.731,31.562000000000012,94.01099999999997,94.011,53.66300000000001,85.22500000000002,48,1.951,11
15953,1,1.005,0.852,-25.456999999999994,-9.431000000000012,9.431,45.00399999999999,19.546999999999997,48,1.951,12
43120,1,1.289,0.888,28.951999999999998,97.82100000000003,97.821,56.48599999999999,85.43799999999999,48,1.951,13
26406,1,0.801,1.035,-48.367999999999995,15.195999999999998,15.196,43.932000000000016,-4.436000000000007,48,1.951,14
22623,1,1.008,0.843,-30.37899999999999,71.64699999999999,71.647,2.531000000000006,-27.848000000000013,48,1.951,15
22709,1,1.64,1.058,9.596000000000004,48.337999999999994,48.338,-45.08500000000001,-35.489000000000004,48,1.951,16
136,1,2.242,0.883,26.501000000000005,68.75900000000001,68.759,-6.778999999999996,19.72200000000001,48,1.951,17
26898,1,0.685,0.91,75.41500000000002,21.966000000000008,21.966,-97.175,-21.75999999999999,48,1.951,18
1802,1,1.145,0.916,-21.52199999999999,57.85900000000001,57.859,-9.475999999999999,-30.99799999999999,48,1.951,19
25547,1,1.646,1.103,-59.92099999999999,34.343999999999994,34.344,10.957999999999998,-48.962999999999994,48,1.951,20
2020,1,1.08,0.765,-22.694999999999993,85.60699999999997,85.607,-3.9720000000000084,-26.667,49,1.956,1
41092,1,1.28,0.645,-5.153999999999996,51.536,51.536,-44.959,-50.113,49,1.956,2
10894,1,1.404,1.075,34.20400000000001,67.22,67.22,-59.271,-25.067000000000007,49,1.956,3
32291,1,1.297,0.89,-51.422,32.372000000000014,32.372,15.330000000000013,-36.091999999999985,49,1.956,4
26995,1,1.162,0.836,-93.027,-22.799000000000007,22.799,77.77699999999999,-15.25,49,1.956,5
11952,1,1.279,1.052,-22.673000000000002,83.46199999999999,83.462,-13.405000000000001,-36.078,49,1.956,6
21292,1,0.819,1.504,-17.64500000000001,56.486999999999995,56.487,-17.865999999999985,-35.510999999999996,49,1.956,7
16656,1,1.061,0.955,-69.334,15.193999999999988,15.194,63.964,-5.3700000000000045,49,1.956,8
31301,1,1.073,1.135,-23.78800000000001,100.49900000000002,100.499,6.242999999999995,-17.545000000000016,49,1.956,9
15960,1,0.909,0.771,-72.543,-9.84899999999999,9.849,83.452,10.908999999999992,49,1.956,10
6185,1,3.851,0.538,62.507000000000005,71.945,71.945,0.3120000000000118,62.81900000000002,49,1.956,11
6022,1,4.138,0.804,57.740999999999985,75.63999999999999,75.64,4.925999999999988,62.667,49,1.956,12
45424,1,0.578,0.904,-34.627999999999986,10.444999999999993,10.445,29.382000000000005,-5.246000000000009,49,1.956,13
136,1,2.242,0.883,26.501000000000005,68.75900000000001,68.759,-6.778999999999996,19.72200000000001,49,1.956,14
47064,1,0.883,0.812,-34.879999999999995,72.731,72.731,3.563999999999993,-31.316000000000003,49,1.956,15
8623,1,1.105,0.714,27.381,69.88299999999998,69.883,25.974999999999994,53.355999999999995,49,1.956,16
39672,1,1.14,0.993,-10.169999999999987,14.506,14.506,10.087999999999994,-0.08199999999999363,49,1.956,17
14127,1,1.432,0.695,-5.48599999999999,29.283000000000015,29.283,-34.51400000000001,-40.0,49,1.956,18
41386,1,1.305,0.895,-13.641999999999996,60.572,60.572,-12.792000000000002,-26.433999999999997,49,1.956,19
43191,1,1.266,0.731,31.562000000000012,94.01099999999997,94.011,53.66300000000001,85.22500000000002,49,1.956,20
41350,1,1.697,0.806,-32.131,66.297,66.297,13.119,-19.012,50,1.958,1
15953,1,1.005,0.852,-25.456999999999994,-9.431000000000012,9.431,45.00399999999999,19.546999999999997,50,1.958,2
21119,1,1.699,1.292,-38.65299999999999,62.918000000000006,62.918,12.050000000000011,-26.60300000000001,50,1.958,3
15960,1,0.909,0.771,-72.543,-9.84899999999999,9.849,83.452,10.908999999999992,50,1.958,4
3109,1,1.087,1.041,34.28899999999999,26.189999999999998,26.19,-49.603999999999985,-15.314999999999998,50,1.958,5
32218,1,1.074,1.172,-55.173,27.414999999999992,27.415,19.052999999999997,-36.120000000000005,50,1.958,6
15813,1,1.366,0.924,-4.421999999999997,71.63999999999999,71.64,-22.542,-26.964,50,1.958,7
5146,1,1.625,0.7,-30.90299999999999,60.42500000000001,60.425,8.941000000000003,-21.96199999999999,50,1.958,8
34913,1,1.246,1.091,10.949000000000012,73.97399999999999,73.974,-14.87100000000001,-3.921999999999997,50,1.958,9
15938,1,0.806,1.04,71.40699999999998,8.926999999999992,8.927,-50.385999999999996,21.020999999999987,50,1.958,10
36449,1,1.928,0.626,45.298,89.09199999999998,89.092,107.47800000000001,152.776,50,1.958,11
41092,1,1.28,0.645,-5.153999999999996,51.536,51.536,-44.959,-50.113,50,1.958,12
5252,1,1.301,1.107,36.709,38.843999999999994,38.844,-40.905,-4.195999999999998,50,1.958,13
6014,1,3.912,0.567,56.46800000000002,76.80399999999997,76.804,2.9850000000000136,59.453,50,1.958,14
43231,1,0.982,0.771,40.708,88.47399999999999,88.474,47.07300000000001,87.781,50,1.958,15
16785,1,1.056,1.072,-85.904,12.304000000000002,12.304,72.333,-13.570999999999998,50,1.958,16
18576,1,1.255,0.924,-40.40199999999999,97.457,97.457,14.408999999999992,-25.992999999999995,50,1.958,17
7225,1,1.279,0.795,-0.6380000000000052,79.805,79.805,-12.322000000000003,-12.960000000000008,50,1.958,18
33296,1,2.047,0.721,45.111999999999995,76.06600000000003,76.066,10.436000000000007,55.548,50,1.958,19
7268,1,1.096,0.92,-14.53200000000001,25.340000000000003,25.34,-20.331999999999994,-34.864000000000004,50,1.958,20
12171,1,1.276,1.417,0.3859999999999957,75.838,75.838,-37.934,-37.548,51,1.959,1
15560,1,1.156,1.279,-1.2139999999999986,48.16899999999998,48.169,-21.414999999999992,-22.62899999999999,51,1.959,2
31301,1,1.073,1.135,-23.78800000000001,100.49900000000002,100.499,6.242999999999995,-17.545000000000016,51,1.959,3
28782,1,1.457,1.039,17.480999999999995,65.882,65.882,6.540999999999997,24.02199999999999,51,1.959,4
12130,1,1.2,1.198,-3.1289999999999907,52.23599999999999,52.236,-9.413999999999987,-12.543000000000006,51,1.959,5
688,1,1.093,1.051,4.304000000000002,83.61500000000001,83.615,-32.702,-28.397999999999996,51,1.959,6
7185,1,1.02,0.926,-51.71000000000001,10.455999999999989,10.456,46.353999999999985,-5.3559999999999945,51,1.959,7
41350,1,1.697,0.806,-32.131,66.297,66.297,13.119,-19.012,51,1.959,8
43191,1,1.266,0.731,31.562000000000012,94.01099999999997,94.011,53.66300000000001,85.22500000000002,51,1.959,9
5368,1,1.47,0.941,-28.204000000000008,85.42700000000002,85.427,17.33099999999999,-10.87299999999999,51,1.959,10
198,1,1.527,1.053,30.876000000000005,54.501000000000005,54.501,2.3959999999999866,33.27199999999999,51,1.959,11
26186,1,1.567,1.129,-14.310000000000002,57.20600000000002,57.206,-4.939999999999998,-19.25,51,1.959,12
6014,1,3.912,0.567,56.46800000000002,76.80399999999997,76.804,2.9850000000000136,59.453,51,1.959,13
15960,1,0.909,0.771,-72.543,-9.84899999999999,9.849,83.452,10.908999999999992,51,1.959,14
32215,1,1.111,1.187,-61.144000000000005,25.16900000000001,25.169,20.226,-40.918000000000006,51,1.959,15
20275,1,2.184,0.687,55.0,34.69499999999999,34.695,-31.068000000000012,23.931999999999988,51,1.959,16
27255,1,1.025,0.836,78.92500000000001,22.334000000000003,22.334,-93.392,-14.467000000000013,51,1.959,17
10444,1,0.932,1.265,18.257000000000005,14.620000000000005,14.62,-16.432999999999993,1.8240000000000123,51,1.959,18
47837,1,1.343,1.26,-46.54399999999998,50.474999999999994,50.475,7.764999999999986,-38.778999999999996,51,1.959,19
37805,1,1.389,1.167,20.91300000000001,50.38300000000001,50.383,-27.146000000000015,-6.233000000000004,51,1.959,20
27282,1,0.728,0.931,48.446,21.86500000000001,21.865,-62.797,-14.350999999999999,52,1.96,1
43191,1,1.266,0.731,31.562000000000012,94.01099999999997,94.011,53.66300000000001,85.22500000000002,52,1.96,2
39404,1,1.08,0.778,-21.698000000000008,94.10899999999998,94.109,-4.038000000000011,-25.73599999999999,52,1.96,3
41350,1,1.697,0.806,-32.131,66.297,66.297,13.119,-19.012,52,1.96,4
8006,1,0.931,0.672,-35.048,33.757000000000005,33.757,-4.806000000000012,-39.853999999999985,52,1.96,5
15960,1,0.909,0.771,-72.543,-9.84899999999999,9.849,83.452,10.908999999999992,52,1.96,6
14814,1,1.083,0.834,-0.03299999999998704,69.36599999999999,69.366,-27.043000000000006,-27.075999999999993,52,1.96,7
15604,1,1.35,0.926,17.39500000000001,72.50299999999999,72.503,22.22200000000001,39.61699999999999,52,1.96,8
46506,1,1.186,0.827,58.77799999999999,32.792,32.792,-86.504,-27.726,52,1.96,9
33874,1,1.226,0.922,-3.8870000000000005,76.87299999999999,76.873,-6.848000000000013,-10.735000000000014,52,1.96,10
12131,1,1.267,1.455,-20.38300000000001,42.72800000000001,42.728,-18.627999999999986,-39.010999999999996,52,1.96,11
15953,1,1.005,0.852,-25.456999999999994,-9.431000000000012,9.431,45.00399999999999,19.546999999999997,52,1.96,12
26186,1,1.567,1.129,-14.310000000000002,57.20600000000002,57.206,-4.939999999999998,-19.25,52,1.96,13
40181,1,1.783,0.956,38.269000000000005,50.56999999999999,50.57,20.877999999999986,59.14699999999999,52,1.96,14
137,1,2.22,0.591,27.95599999999999,64.114,64.114,-10.599999999999994,17.355999999999995,52,1.96,15
14942,1,0.981,1.009,29.550999999999988,36.531000000000006,36.531,-39.135999999999996,-9.585000000000008,52,1.96,16
32211,1,1.176,1.199,-51.21199999999999,23.063999999999993,23.064,11.369,-39.84300000000002,52,1.96,17
12393,1,1.319,1.191,-33.18799999999999,90.81600000000003,90.816,-2.5649999999999977,-35.752999999999986,52,1.96,18
49834,1,1.013,0.974,-74.045,5.907000000000011,5.907,67.49000000000001,-6.555000000000007,52,1.96,19
5755,1,3.997,0.749,58.516999999999996,79.52199999999999,79.522,19.394000000000005,77.911,52,1.96,20
9835,1,0.881,0.83,23.764999999999986,19.964,19.964,-28.462999999999994,-4.6980000000000075,53,1.965,1
43324,1,0.76,1.656,-39.85900000000001,56.631,56.631,0.828000000000003,-39.031000000000006,53,1.965,2
2894,1,1.885,0.765,-32.328,21.341000000000008,21.341,1.240000000000009,-31.087999999999994,53,1.965,3
26959,1,1.681,0.616,-32.36500000000001,46.87899999999999,46.879,7.828000000000003,-24.537000000000006,53,1.965,4
44268,1,1.266,0.731,31.562000000000012,94.01099999999997,94.011,53.66300000000001,85.22500000000002,53,1.965,5
13635,1,1.547,0.654,-4.02000000000001,47.093999999999994,47.094,-44.37700000000001,-48.39699999999999,53,1.965,6
15960,1,0.909,0.771,-72.543,-9.84899999999999,9.849,83.452,10.908999999999992,53,1.965,7
17711,1,1.037,1.443,30.533999999999992,74.245,74.245,-25.841000000000008,4.692999999999984,53,1.965,8
136,1,2.242,0.883,26.501000000000005,68.75900000000001,68.759,-6.778999999999996,19.72200000000001,53,1.965,9
54113,1,1.078,0.916,-47.242999999999995,17.674000000000007,17.674,46.06299999999999,-1.1800000000000068,53,1.965,10
18576,1,1.255,0.924,-40.40199999999999,97.457,97.457,14.408999999999992,-25.992999999999995,53,1.965,11
15813,1,1.366,0.924,-4.421999999999997,71.63999999999999,71.64,-22.542,-26.964,53,1.965,12
32211,1,1.176,1.199,-51.21199999999999,23.063999999999993,23.064,11.369,-39.84300000000002,53,1.965,13
6014,1,3.912,0.567,56.46800000000002,76.80399999999997,76.804,2.9850000000000136,59.453,53,1.965,14
33296,1,2.047,0.721,45.111999999999995,76.06600000000003,76.066,10.436000000000007,55.548,53,1.965,15
41350,1,1.697,0.806,-32.131,66.297,66.297,13.119,-19.012,53,1.965,16
50299,1,0.77,0.885,44.295000000000016,45.79900000000001,45.799,-39.92500000000001,4.3700000000000045,53,1.965,17
38949,1,1.282,1.249,62.00399999999999,7.7379999999999995,7.738,-40.303,21.700999999999993,53,1.965,18
46713,1,0.963,1.133,-20.212999999999994,87.40199999999999,87.402,-12.139999999999986,-32.35300000000001,53,1.965,19
18169,1,1.437,1.388,-20.94999999999999,60.11500000000001,60.115,-1.7379999999999995,-22.687999999999988,53,1.965,20
16237,1,1.143,1.023,49.94200000000001,42.920000000000016,42.92,-65.439,-15.496999999999986,54,1.966,1
41092,1,1.28,0.645,-5.153999999999996,51.536,51.536,-44.959,-50.113,54,1.966,2
20352,1,2.104,1.024,34.80099999999999,39.382000000000005,39.382,-2.502999999999986,32.298,54,1.966,3
12054,1,0.909,0.933,-53.13300000000001,5.087999999999994,5.088,46.33699999999999,-6.795999999999992,54,1.966,4
18603,1,1.151,0.87,-51.485000000000014,83.166,83.166,25.631,-25.853999999999985,54,1.966,5
6030,1,4.063,0.677,61.978999999999985,73.08100000000002,73.081,6.397999999999996,68.37700000000001,54,1.966,6
43191,1,1.266,0.731,31.562000000000012,94.01099999999997,94.011,53.66300000000001,85.22500000000002,54,1.966,7
2894,1,1.885,0.765,-32.328,21.341000000000008,21.341,1.240000000000009,-31.087999999999994,54,1.966,8
43324,1,0.76,1.656,-39.85900000000001,56.631,56.631,0.828000000000003,-39.031000000000006,54,1.966,9
41350,1,1.697,0.806,-32.131,66.297,66.297,13.119,-19.012,54,1.966,10
46715,1,1.118,0.937,-14.995000000000005,81.29599999999999,81.296,-9.084000000000003,-24.079000000000008,54,1.966,11
130,1,2.423,0.873,29.728999999999985,67.79399999999998,67.794,-1.882000000000005,27.84700000000001,54,1.966,12
15609,1,1.412,1.028,25.596000000000004,62.983000000000004,62.983,22.873999999999995,48.47,54,1.966,13
39211,1,1.013,0.625,-10.538000000000011,71.27699999999999,71.277,-10.706999999999994,-21.245000000000005,54,1.966,14
31301,1,1.073,1.135,-23.78800000000001,100.49900000000002,100.499,6.242999999999995,-17.545000000000016,54,1.966,15
25547,1,1.646,1.103,-59.92099999999999,34.343999999999994,34.344,10.957999999999998,-48.962999999999994,54,1.966,16
16656,1,1.061,0.955,-69.334,15.193999999999988,15.194,63.964,-5.3700000000000045,54,1.966,17
15960,1,0.909,0.771,-72.543,-9.84899999999999,9.849,83.452,10.908999999999992,54,1.966,18
5899,1,1.083,1.261,30.24600000000001,27.814999999999998,27.815,-39.47999999999999,-9.234000000000009,54,1.966,19
34913,1,1.246,1.091,10.949000000000012,73.97399999999999,73.974,-14.87100000000001,-3.921999999999997,54,1.966,20
45291,1,1.226,1.488,-26.85499999999999,47.629999999999995,47.63,-5.299000000000007,-32.153999999999996,55,1.966,1
20378,1,2.913,1.003,-34.29399999999998,104.83499999999998,104.835,74.55099999999999,40.257000000000005,55,1.966,2
46713,1,0.963,1.133,-20.212999999999994,87.40199999999999,87.402,-12.139999999999986,-32.35300000000001,55,1.966,3
10274,1,1.25,0.843,37.39699999999999,7.841000000000008,7.841,-24.04400000000001,13.353000000000009,55,1.966,4
15953,1,1.005,0.852,-25.456999999999994,-9.431000000000012,9.431,45.00399999999999,19.546999999999997,55,1.966,5
5146,1,1.625,0.7,-30.90299999999999,60.42500000000001,60.425,8.941000000000003,-21.96199999999999,55,1.966,6
6022,1,4.138,0.804,57.740999999999985,75.63999999999999,75.64,4.925999999999988,62.667,55,1.966,7
40969,1,1.508,0.921,8.597000000000008,57.078,57.078,-26.424000000000007,-17.826999999999998,55,1.966,8
15960,1,0.909,0.771,-72.543,-9.84899999999999,9.849,83.452,10.908999999999992,55,1.966,9
33300,1,2.013,0.804,33.30199999999999,88.77199999999999,88.772,16.863,50.16499999999999,55,1.966,10
21292,1,0.819,1.504,-17.64500000000001,56.486999999999995,56.487,-17.865999999999985,-35.510999999999996,55,1.966,11
41350,1,1.697,0.806,-32.131,66.297,66.297,13.119,-19.012,55,1.966,12
4006,1,1.125,1.047,-3.562000000000012,32.916,32.916,-35.043000000000006,-38.60499999999999,55,1.966,13
25610,1,1.582,1.24,-41.708,37.75,37.75,-2.2750000000000057,-43.983000000000004,55,1.966,14
44352,1,1.141,0.987,37.932000000000016,82.63599999999997,82.636,49.786,87.71800000000002,55,1.966,15
40181,1,1.783,0.956,38.269000000000005,50.56999999999999,50.57,20.877999999999986,59.14699999999999,55,1.966,16
45203,1,1.026,0.76,89.31700000000001,45.06700000000001,45.067,-87.654,1.663000000000011,55,1.966,17
26972,1,1.632,0.663,-26.949000000000012,45.94200000000001,45.942,12.126000000000005,-14.823000000000008,55,1.966,18
136,1,2.242,0.883,26.501000000000005,68.75900000000001,68.759,-6.778999999999996,19.72200000000001,55,1.966,19
14759,1,1.255,0.953,-7.673000000000002,66.77100000000002,66.771,-8.467000000000013,-16.139999999999986,55,1.966,20
33290,1,2.034,0.842,34.101,78.77100000000002,78.771,7.299000000000007,41.400000000000006,56,1.967,1
32211,1,1.176,1.199,-51.21199999999999,23.063999999999993,23.064,11.369,-39.84300000000002,56,1.967,2
15962,1,0.899,0.825,-58.64,-10.11099999999999,10.111,74.495,15.855000000000018,56,1.967,3
2523,1,1.028,0.714,37.87100000000001,30.37100000000001,30.371,-66.63,-28.758999999999986,56,1.967,4
2301,1,3.205,0.666,58.10900000000001,71.09,71.09,-7.263000000000005,50.846000000000004,56,1.967,5
11853,1,0.898,0.885,-23.363,52.91499999999999,52.915,-1.681999999999988,-25.045000000000016,56,1.967,6
6022,1,4.138,0.804,57.740999999999985,75.63999999999999,75.64,4.925999999999988,62.667,56,1.967,7
136,1,2.242,0.883,26.501000000000005,68.75900000000001,68.759,-6.778999999999996,19.72200000000001,56,1.967,8
47936,1,0.726,1.673,-18.754999999999995,68.554,68.554,-2.0579999999999927,-20.812999999999988,56,1.967,9
12200,1,1.091,1.246,-9.825999999999993,75.852,75.852,-23.037000000000006,-32.863,56,1.967,10
5544,1,2.245,0.984,-46.803,92.81100000000004,92.811,32.107,-14.695999999999998,56,1.967,11
688,1,1.093,1.051,4.304000000000002,83.61500000000001,83.615,-32.702,-28.397999999999996,56,1.967,12
28794,1,1.038,1.019,26.22,57.15699999999998,57.157,-2.8810000000000002,23.339,56,1.967,13
15960,1,0.909,0.771,-72.543,-9.84899999999999,9.849,83.452,10.908999999999992,56,1.967,14
22583,1,1.751,0.531,-41.71800000000002,45.797,45.797,10.349999999999994,-31.367999999999995,56,1.967,15
19465,1,1.431,1.292,-9.344999999999999,57.196,57.196,-33.80799999999999,-43.15299999999999,56,1.967,16
23837,1,0.978,0.835,-33.92099999999999,85.25900000000001,85.259,-2.341000000000008,-36.262,56,1.967,17
3193,1,0.857,1.023,-30.954999999999984,13.117999999999995,13.118,49.108000000000004,18.15299999999999,56,1.967,18
12192,1,1.024,0.975,53.11500000000001,18.84700000000001,18.847,-70.419,-17.304000000000002,56,1.967,19
33399,1,1.905,0.674,-10.879999999999995,62.923,62.923,11.919000000000011,1.0389999999999873,56,1.967,20
12171,1,1.276,1.417,0.3859999999999957,75.838,75.838,-37.934,-37.548,57,1.967,1
44250,1,0.877,0.711,31.860000000000014,75.868,75.868,45.58699999999999,77.447,57,1.967,2
22177,1,1.537,0.706,-23.88499999999999,63.912000000000006,63.912,0.664999999999992,-23.22,57,1.967,3
24198,1,1.002,1.441,-24.38499999999999,54.271000000000015,54.271,-11.00800000000001,-35.393,57,1.967,4
21292,1,0.819,1.504,-17.64500000000001,56.486999999999995,56.487,-17.865999999999985,-35.510999999999996,57,1.967,5
8882,1,1.845,0.947,-44.41499999999999,89.22399999999999,89.224,31.301999999999992,-13.113,57,1.967,6
40364,1,0.696,0.938,-20.87100000000001,4.796999999999997,4.797,12.920999999999992,-7.949999999999989,57,1.967,7
6022,1,4.138,0.804,57.740999999999985,75.63999999999999,75.64,4.925999999999988,62.667,57,1.967,8
21277,1,1.979,0.873,36.846000000000004,35.82499999999999,35.825,-5.99199999999999,30.853999999999985,57,1.967,9
32265,1,1.159,0.936,-64.017,35.610000000000014,35.61,22.025000000000006,-41.99199999999999,57,1.967,10
14759,1,1.255,0.953,-7.673000000000002,66.77100000000002,66.771,-8.467000000000013,-16.139999999999986,57,1.967,11
26986,1,1.055,0.729,79.05899999999997,28.376000000000005,28.376,-97.513,-18.454000000000008,57,1.967,12
35627,1,0.968,0.814,26.44399999999999,86.70600000000002,86.706,35.53399999999999,61.97800000000001,57,1.967,13
39439,1,1.442,0.758,41.85300000000001,58.42400000000001,58.424,-29.793000000000006,12.060000000000002,57,1.967,14
12187,1,1.406,1.126,-9.824999999999989,76.24099999999999,76.241,-25.829999999999984,-35.655,57,1.967,15
41350,1,1.697,0.806,-32.131,66.297,66.297,13.119,-19.012,57,1.967,16
25580,1,1.661,0.864,-59.129999999999995,43.226,43.226,8.205999999999989,-50.92400000000001,57,1.967,17
15960,1,0.909,0.771,-72.543,-9.84899999999999,9.849,83.452,10.908999999999992,57,1.967,18
136,1,2.242,0.883,26.501000000000005,68.75900000000001,68.759,-6.778999999999996,19.72200000000001,57,1.967,19
39430,1,0.956,0.847,54.36699999999999,10.427999999999997,10.428,-54.932,-0.5649999999999977,57,1.967,20
15960,1,0.909,0.771,-72.543,-9.84899999999999,9.849,83.452,10.908999999999992,58,1.968,1
6022,1,4.138,0.804,57.740999999999985,75.63999999999999,75.64,4.925999999999988,62.667,58,1.968,2
43191,1,1.266,0.731,31.562000000000012,94.01099999999997,94.011,53.66300000000001,85.22500000000002,58,1.968,3
46715,1,1.118,0.937,-14.995000000000005,81.29599999999999,81.296,-9.084000000000003,-24.079000000000008,58,1.968,4
27138,1,0.807,1.613,-37.92699999999999,53.809,53.809,3.429000000000002,-34.49799999999999,58,1.968,5
130,1,2.423,0.873,29.728999999999985,67.79399999999998,67.794,-1.882000000000005,27.84700000000001,58,1.968,6
13001,1,1.728,0.919,-39.120000000000005,83.23500000000001,83.235,9.359000000000009,-29.760999999999996,58,1.968,7
12171,1,1.276,1.417,0.3859999999999957,75.838,75.838,-37.934,-37.548,58,1.968,8
25773,1,0.983,0.85,-3.796999999999997,56.727000000000004,56.727,-10.982,-14.778999999999996,58,1.968,9
136,1,2.242,0.883,26.501000000000005,68.75900000000001,68.759,-6.778999999999996,19.72200000000001,58,1.968,10
15958,1,0.909,0.73,-79.854,-9.824000000000012,9.824,99.51300000000003,19.65900000000002,58,1.968,11
2301,1,3.205,0.666,58.10900000000001,71.09,71.09,-7.263000000000005,50.846000000000004,58,1.968,12
41092,1,1.28,0.645,-5.153999999999996,51.536,51.536,-44.959,-50.113,58,1.968,13
21277,1,1.979,0.873,36.846000000000004,35.82499999999999,35.825,-5.99199999999999,30.853999999999985,58,1.968,14
43487,1,1.198,1.073,49.94999999999999,41.22,41.22,-31.721000000000004,18.229000000000013,58,1.968,15
27675,1,1.243,0.807,-26.673000000000002,58.68899999999999,58.689,2.632000000000005,-24.040999999999997,58,1.968,16
22281,1,1.442,0.954,-46.68700000000001,34.44400000000002,34.444,12.676999999999992,-34.00999999999999,58,1.968,17
36511,1,1.203,1.276,27.377999999999986,21.054000000000002,21.054,-51.92599999999999,-24.548000000000002,58,1.968,18
49834,1,1.013,0.974,-74.045,5.907000000000011,5.907,67.49000000000001,-6.555000000000007,58,1.968,19
5368,1,1.47,0.941,-28.204000000000008,85.42700000000002,85.427,17.33099999999999,-10.87299999999999,58,1.968,20
21292,1,0.819,1.504,-17.64500000000001,56.486999999999995,56.487,-17.865999999999985,-35.510999999999996,59,1.968,1
8623,1,1.105,0.714,27.381,69.88299999999998,69.883,25.974999999999994,53.355999999999995,59,1.968,2
39404,1,1.08,0.778,-21.698000000000008,94.10899999999998,94.109,-4.038000000000011,-25.73599999999999,59,1.968,3
43190,1,0.955,0.842,33.035,99.51300000000003,99.513,55.80199999999999,88.83699999999999,59,1.968,4
37805,1,1.389,1.167,20.91300000000001,50.38300000000001,50.383,-27.146000000000015,-6.233000000000004,59,1.968,5
130,1,2.423,0.873,29.728999999999985,67.79399999999998,67.794,-1.882000000000005,27.84700000000001,59,1.968,6
9913,1,0.772,1.33,12.622000000000014,20.05600000000001,20.056,-8.405000000000001,4.217000000000013,59,1.968,7
34913,1,1.246,1.091,10.949000000000012,73.97399999999999,73.974,-14.87100000000001,-3.921999999999997,59,1.968,8
41350,1,1.697,0.806,-32.131,66.297,66.297,13.119,-19.012,59,1.968,9
49504,1,1.08,1.098,70.47899999999998,8.461999999999989,8.462,-43.64099999999999,26.837999999999994,59,1.968,10
46713,1,0.963,1.133,-20.212999999999994,87.40199999999999,87.402,-12.139999999999986,-32.35300000000001,59,1.968,11
41092,1,1.28,0.645,-5.153999999999996,51.536,51.536,-44.959,-50.113,59,1.968,12
15960,1,0.909,0.771,-72.543,-9.84899999999999,9.849,83.452,10.908999999999992,59,1.968,13
4383,1,0.896,0.993,15.50800000000001,29.853999999999985,29.854,-30.293000000000006,-14.784999999999997,59,1.968,14
49834,1,1.013,0.974,-74.045,5.907000000000011,5.907,67.49000000000001,-6.555000000000007,59,1.968,15
8882,1,1.845,0.947,-44.41499999999999,89.22399999999999,89.224,31.301999999999992,-13.113,59,1.968,16
15947,1,0.956,0.921,-68.649,-14.11699999999999,14.117,82.12,13.471000000000004,59,1.968,17
32293,1,1.531,0.768,-60.998999999999995,33.40199999999999,33.402,20.429000000000002,-40.56999999999999,59,1.968,18
6014,1,3.912,0.567,56.46800000000002,76.80399999999997,76.804,2.9850000000000136,59.453,59,1.968,19
22178,1,1.427,0.832,-15.548000000000002,62.821,62.821,-4.818999999999988,-20.36699999999999,59,1.968,20
7185,1,1.02,0.926,-51.71000000000001,10.455999999999989,10.456,46.353999999999985,-5.3559999999999945,60,1.97,1
33966,1,2.122,1.284,14.681000000000012,73.195,73.195,8.728999999999985,23.409999999999997,60,1.97,2
41092,1,1.28,0.645,-5.153999999999996,51.536,51.536,-44.959,-50.113,60,1.97,3
25214,1,2.025,0.847,23.14099999999999,34.287000000000006,34.287,4.919000000000011,28.060000000000002,60,1.97,4
7077,1,0.616,0.855,-40.259000000000015,16.53200000000001,16.532,39.266999999999996,-0.9919999999999902,60,1.97,5
15872,1,1.283,0.579,-64.596,3.3489999999999895,3.349,74.904,10.307999999999993,60,1.97,6
34033,1,1.358,0.745,8.478999999999985,73.376,73.376,8.403999999999996,16.88300000000001,60,1.97,7
44268,1,1.266,0.731,31.562000000000012,94.01099999999997,94.011,53.66300000000001,85.22500000000002,60,1.97,8
6014,1,3.912,0.567,56.46800000000002,76.80399999999997,76.804,2.9850000000000136,59.453,60,1.97,9
130,1,2.423,0.873,29.728999999999985,67.79399999999998,67.794,-1.882000000000005,27.84700000000001,60,1.97,10
11820,1,0.876,1.11,2.7849999999999966,36.942999999999984,36.943,-21.87700000000001,-19.091999999999985,60,1.97,11
14770,1,1.3,0.962,-20.745000000000005,63.815,63.815,-11.135999999999996,-31.881,60,1.97,12
41350,1,1.697,0.806,-32.131,66.297,66.297,13.119,-19.012,60,1.97,13
47708,1,1.552,0.846,-54.19200000000001,95.512,95.512,10.167000000000002,-44.025000000000006,60,1.97,14
1562,1,1.222,1.283,24.369,57.379999999999995,57.38,-40.672,-16.302999999999997,60,1.97,15
16244,1,1.0,0.892,62.18299999999999,35.228999999999985,35.229,-55.64699999999999,6.536000000000001,60,1.97,16
46713,1,0.963,1.133,-20.212999999999994,87.40199999999999,87.402,-12.139999999999986,-32.35300000000001,60,1.97,17
15813,1,1.366,0.924,-4.421999999999997,71.63999999999999,71.64,-22.542,-26.964,60,1.97,18
32294,1,1.395,0.796,-67.565,35.197,35.197,28.068000000000012,-39.497000000000014,60,1.97,19
15960,1,0.909,0.771,-72.543,-9.84899999999999,9.849,83.452,10.908999999999992,60,1.97,20
6185,1,3.851,0.538,62.507000000000005,71.945,71.945,0.3120000000000118,62.81900000000002,61,1.973,1
15960,1,0.909,0.771,-72.543,-9.84899999999999,9.849,83.452,10.908999999999992,61,1.973,2
37247,1,1.515,1.022,-13.350999999999999,57.021000000000015,57.021,-3.179000000000002,-16.53,61,1.973,3
8866,1,1.095,0.827,-33.977000000000004,65.18200000000002,65.182,1.9869999999999948,-31.99000000000001,61,1.973,4
40626,1,1.137,0.843,46.881,45.53399999999999,45.534,-21.149,25.732,61,1.973,5
32211,1,1.176,1.199,-51.21199999999999,23.063999999999993,23.064,11.369,-39.84300000000002,61,1.973,6
136,1,2.242,0.883,26.501000000000005,68.75900000000001,68.759,-6.778999999999996,19.72200000000001,61,1.973,7
50243,1,0.568,1.068,-11.985000000000014,8.455000000000013,8.455,6.8840000000000146,-5.100999999999999,61,1.973,8
41092,1,1.28,0.645,-5.153999999999996,51.536,51.536,-44.959,-50.113,61,1.973,9
46715,1,1.118,0.937,-14.995000000000005,81.29599999999999,81.296,-9.084000000000003,-24.079000000000008,61,1.973,10
15092,1,0.971,1.289,0.27199999999999136,80.952,80.952,-32.44,-32.168000000000006,61,1.973,11
15953,1,1.005,0.852,-25.456999999999994,-9.431000000000012,9.431,45.00399999999999,19.546999999999997,61,1.973,12
25713,1,1.094,1.096,-23.274,14.982,14.982,20.320999999999998,-2.953000000000003,61,1.973,13
33932,1,1.759,1.089,33.62299999999999,66.601,66.601,0.47399999999998954,34.09699999999998,61,1.973,14
27254,1,0.865,0.989,77.11199999999997,24.793000000000006,24.793,-91.568,-14.456000000000017,61,1.973,15
3923,1,0.8,1.162,13.945999999999998,38.44900000000001,38.449,-46.946,-33.0,61,1.973,16
18576,1,1.255,0.924,-40.40199999999999,97.457,97.457,14.408999999999992,-25.992999999999995,61,1.973,17
48764,1,1.254,1.278,-24.650000000000006,49.321,49.321,-8.931999999999988,-33.581999999999994,61,1.973,18
43191,1,1.266,0.731,31.562000000000012,94.01099999999997,94.011,53.66300000000001,85.22500000000002,61,1.973,19
13001,1,1.728,0.919,-39.120000000000005,83.23500000000001,83.235,9.359000000000009,-29.760999999999996,61,1.973,20
15953,1,1.005,0.852,-25.456999999999994,-9.431000000000012,9.431,45.00399999999999,19.546999999999997,62,1.973,1
130,1,2.423,0.873,29.728999999999985,67.79399999999998,67.794,-1.882000000000005,27.84700000000001,62,1.973,2
32269,1,1.087,1.004,-63.22,34.31299999999999,34.313,19.105999999999995,-44.114000000000004,62,1.973,3
39404,1,1.08,0.778,-21.698000000000008,94.10899999999998,94.109,-4.038000000000011,-25.73599999999999,62,1.973,4
40181,1,1.783,0.956,38.269000000000005,50.56999999999999,50.57,20.877999999999986,59.14699999999999,62,1.973,5
10615,1,1.138,1.045,40.94999999999999,15.512,15.512,-55.894000000000005,-14.943999999999988,62,1.973,6
48439,1,1.646,0.818,-36.03399999999999,76.38599999999997,76.386,5.686000000000007,-30.348000000000013,62,1.973,7
253,1,1.293,0.837,5.256,68.649,68.649,-50.547,-45.291,62,1.973,8
4845,1,3.53,0.591,68.607,73.56900000000002,73.569,-7.621000000000009,60.98599999999999,62,1.973,9
33290,1,2.034,0.842,34.101,78.77100000000002,78.771,7.299000000000007,41.400000000000006,62,1.973,10
20901,1,1.423,1.463,-37.77600000000001,44.024,44.024,3.757000000000005,-34.019000000000005,62,1.973,11
26186,1,1.567,1.129,-14.310000000000002,57.20600000000002,57.206,-4.939999999999998,-19.25,62,1.973,12
45291,1,1.226,1.488,-26.85499999999999,47.629999999999995,47.63,-5.299000000000007,-32.153999999999996,62,1.973,13
47915,1,1.226,0.902,11.219999999999999,99.26099999999997,99.261,31.134000000000015,42.353999999999985,62,1.973,14
15960,1,0.909,0.771,-72.543,-9.84899999999999,9.849,83.452,10.908999999999992,62,1.973,15
18180,1,3.11,0.981,-24.026999999999987,115.44900000000001,115.449,80.404,56.37700000000001,62,1.973,16
7023,1,0.54,0.995,-1.4699999999999989,5.903999999999996,5.904,1.6260000000000048,0.1560000000000059,62,1.973,17
28335,1,1.141,1.305,-10.591000000000008,30.617999999999995,30.618,-5.334000000000003,-15.925000000000011,62,1.973,18
20275,1,2.184,0.687,55.0,34.69499999999999,34.695,-31.068000000000012,23.931999999999988,62,1.973,19
41092,1,1.28,0.645,-5.153999999999996,51.536,51.536,-44.959,-50.113,62,1.973,20
41350,1,1.697,0.806,-32.131,66.297,66.297,13.119,-19.012,63,1.974,1
47340,1,0.914,1.023,55.24199999999999,45.84300000000002,45.843,-38.55099999999999,16.691000000000003,63,1.974,2
14770,1,1.3,0.962,-20.745000000000005,63.815,63.815,-11.135999999999996,-31.881,63,1.974,3
14935,1,0.908,1.285,34.30799999999999,41.119,41.119,-16.075999999999993,18.232,63,1.974,4
15938,1,0.806,1.04,71.40699999999998,8.926999999999992,8.927,-50.385999999999996,21.020999999999987,63,1.974,5
130,1,2.423,0.873,29.728999999999985,67.79399999999998,67.794,-1.882000000000005,27.84700000000001,63,1.974,6
46713,1,0.963,1.133,-20.212999999999994,87.40199999999999,87.402,-12.139999999999986,-32.35300000000001,63,1.974,7
36865,1,1.106,1.147,9.090000000000003,57.64500000000001,57.645,-28.695999999999998,-19.605999999999995,63,1.974,8
18576,1,1.255,0.924,-40.40199999999999,97.457,97.457,14.408999999999992,-25.992999999999995,63,1.974,9
26972,1,1.632,0.663,-26.949000000000012,45.94200000000001,45.942,12.126000000000005,-14.823000000000008,63,1.974,10
7185,1,1.02,0.926,-51.71000000000001,10.455999999999989,10.456,46.353999999999985,-5.3559999999999945,63,1.974,11
5337,1,0.994,0.921,46.71600000000001,26.814999999999998,26.815,-63.304,-16.587999999999994,63,1.974,12
5154,1,1.228,0.788,-16.905,59.60499999999999,59.605,-6.7309999999999945,-23.635999999999996,63,1.974,13
15960,1,0.909,0.771,-72.543,-9.84899999999999,9.849,83.452,10.908999999999992,63,1.974,14
6014,1,3.912,0.567,56.46800000000002,76.80399999999997,76.804,2.9850000000000136,59.453,63,1.974,15
44197,1,1.289,0.888,28.951999999999998,97.82100000000003,97.821,56.48599999999999,85.43799999999999,63,1.974,16
32294,1,1.395,0.796,-67.565,35.197,35.197,28.068000000000012,-39.497000000000014,63,1.974,17
38726,1,1.173,1.083,4.390999999999991,55.078,55.078,-44.077,-39.68600000000001,63,1.974,18
32210,1,1.185,1.144,-73.261,21.089,21.089,36.637,-36.623999999999995,63,1.974,19
15813,1,1.366,0.924,-4.421999999999997,71.63999999999999,71.64,-22.542,-26.964,63,1.974,20
30382,1,0.918,0.878,62.387,-2.693000000000012,2.693,-72.04,-9.65300000000002,64,1.974,1
9694,1,1.089,1.138,-14.811000000000007,16.485000000000014,16.485,17.312999999999988,2.5020000000000095,64,1.974,2
51336,1,1.231,1.047,9.894000000000005,65.945,65.945,-55.48400000000001,-45.59,64,1.974,3
26186,1,1.567,1.129,-14.310000000000002,57.20600000000002,57.206,-4.939999999999998,-19.25,64,1.974,4
36865,1,1.106,1.147,9.090000000000003,57.64500000000001,57.645,-28.695999999999998,-19.605999999999995,64,1.974,5
8066,1,1.444,0.753,-50.635999999999996,32.646000000000015,32.646,16.836000000000013,-33.80000000000001,64,1.974,6
46713,1,0.963,1.133,-20.212999999999994,87.40199999999999,87.402,-12.139999999999986,-32.35300000000001,64,1.974,7
33296,1,2.047,0.721,45.111999999999995,76.06600000000003,76.066,10.436000000000007,55.548,64,1.974,8
15958,1,0.909,0.73,-79.854,-9.824000000000012,9.824,99.51300000000003,19.65900000000002,64,1.974,9
8623,1,1.105,0.714,27.381,69.88299999999998,69.883,25.974999999999994,53.355999999999995,64,1.974,10
39045,1,1.993,0.764,-14.074999999999989,64.51499999999999,64.515,8.509000000000015,-5.5660000000000025,64,1.974,11
32308,1,1.313,0.999,-74.471,32.071,32.071,31.787000000000006,-42.684,64,1.974,12
43120,1,1.289,0.888,28.951999999999998,97.82100000000003,97.821,56.48599999999999,85.43799999999999,64,1.974,13
45493,1,1.077,1.166,25.057999999999993,57.247000000000014,57.247,-36.865999999999985,-11.807999999999993,64,1.974,14
15960,1,0.909,0.771,-72.543,-9.84899999999999,9.849,83.452,10.908999999999992,64,1.974,15
28890,1,1.256,1.606,-41.14699999999999,52.724999999999994,52.725,0.5819999999999936,-40.565,64,1.974,16
136,1,2.242,0.883,26.501000000000005,68.75900000000001,68.759,-6.778999999999996,19.72200000000001,64,1.974,17
7977,1,1.476,1.004,-46.43099999999998,92.52300000000002,92.523,20.26599999999999,-26.164999999999992,64,1.974,18
22101,1,2.277,0.551,68.156,40.43700000000001,40.437,-50.40299999999999,17.753000000000014,64,1.974,19
41350,1,1.697,0.806,-32.131,66.297,66.297,13.119,-19.012,64,1.974,20
46715,1,1.118,0.937,-14.995000000000005,81.29599999999999,81.296,-9.084000000000003,-24.079000000000008,65,1.976,1
24419,1,1.312,1.65,-31.502999999999986,58.545000000000016,58.545,-7.628999999999991,-39.132000000000005,65,1.976,2
136,1,2.242,0.883,26.501000000000005,68.75900000000001,68.759,-6.778999999999996,19.72200000000001,65,1.976,3
32215,1,1.111,1.187,-61.144000000000005,25.16900000000001,25.169,20.226,-40.918000000000006,65,1.976,4
27063,1,1.122,1.001,-82.212,-18.461000000000013,18.461,74.47199999999998,-7.740000000000009,65,1.976,5
6202,1,3.945,0.599,64.197,69.72300000000001,69.723,-4.8799999999999955,59.31700000000001,65,1.976,6
44197,1,1.289,0.888,28.951999999999998,97.82100000000003,97.821,56.48599999999999,85.43799999999999,65,1.976,7
15960,1,0.909,0.771,-72.543,-9.84899999999999,9.849,83.452,10.908999999999992,65,1.976,8
34100,1,1.012,0.979,26.945999999999998,52.751000000000005,52.751,2.681999999999988,29.627999999999986,65,1.976,9
33874,1,1.226,0.922,-3.8870000000000005,76.87299999999999,76.873,-6.848000000000013,-10.735000000000014,65,1.976,10
41350,1,1.697,0.806,-32.131,66.297,66.297,13.119,-19.012,65,1.976,11
3923,1,0.8,1.162,13.945999999999998,38.44900000000001,38.449,-46.946,-33.0,65,1.976,12
23067,1,1.344,0.992,-33.233000000000004,60.510999999999996,60.511,4.884999999999991,-28.348000000000013,65,1.976,13
37792,1,1.302,1.002,30.171999999999997,55.464,55.464,-47.64500000000001,-17.473000000000013,65,1.976,14
5368,1,1.47,0.941,-28.204000000000008,85.42700000000002,85.427,17.33099999999999,-10.87299999999999,65,1.976,15
11866,1,1.249,0.904,-18.59899999999999,55.762,55.762,-10.164999999999992,-28.76400000000001,65,1.976,16
32127,1,1.578,0.959,-4.8700000000000045,34.32499999999999,34.325,-53.205,-58.075,65,1.976,17
7741,1,1.743,0.988,9.460000000000008,73.52800000000002,73.528,-15.581999999999994,-6.122000000000014,65,1.976,18
49472,1,0.858,1.201,57.69400000000002,4.736999999999995,4.737,-64.618,-6.923999999999978,65,1.976,19
15953,1,1.005,0.852,-25.456999999999994,-9.431000000000012,9.431,45.00399999999999,19.546999999999997,65,1.976,20
5146,1,1.625,0.7,-30.90299999999999,60.42500000000001,60.425,8.941000000000003,-21.96199999999999,66,1.976,1
32294,1,1.395,0.796,-67.565,35.197,35.197,28.068000000000012,-39.497000000000014,66,1.976,2
46713,1,0.963,1.133,-20.212999999999994,87.40199999999999,87.402,-12.139999999999986,-32.35300000000001,66,1.976,3
15813,1,1.366,0.924,-4.421999999999997,71.63999999999999,71.64,-22.542,-26.964,66,1.976,4
1018,1,1.317,0.716,1.524000000000001,84.98399999999998,84.984,-13.564999999999998,-12.040999999999997,66,1.976,5
44268,1,1.266,0.731,31.562000000000012,94.01099999999997,94.011,53.66300000000001,85.22500000000002,66,1.976,6
41350,1,1.697,0.806,-32.131,66.297,66.297,13.119,-19.012,66,1.976,7
5755,1,3.997,0.749,58.516999999999996,79.52199999999999,79.522,19.394000000000005,77.911,66,1.976,8
52795,1,1.436,1.04,50.983000000000004,24.13499999999999,24.135,-59.416,-8.432999999999993,66,1.976,9
31445,1,1.037,1.079,35.977000000000004,46.81700000000001,46.817,-6.193000000000012,29.783999999999992,66,1.976,10
11952,1,1.279,1.052,-22.673000000000002,83.46199999999999,83.462,-13.405000000000001,-36.078,66,1.976,11
49827,1,0.832,0.905,-72.146,7.439999999999998,7.44,63.965,-8.180999999999983,66,1.976,12
6222,1,4.089,0.935,63.94900000000001,73.452,73.452,16.37299999999999,80.322,66,1.976,13
9144,1,1.212,0.863,-50.28,42.111999999999995,42.112,19.394000000000005,-30.885999999999996,66,1.976,14
3670,1,0.813,0.915,19.751000000000005,25.579999999999984,25.58,-46.5,-26.748999999999995,66,1.976,15
33296,1,2.047,0.721,45.111999999999995,76.06600000000003,76.066,10.436000000000007,55.548,66,1.976,16
15947,1,0.956,0.921,-68.649,-14.11699999999999,14.117,82.12,13.471000000000004,66,1.976,17
15960,1,0.909,0.771,-72.543,-9.84899999999999,9.849,83.452,10.908999999999992,66,1.976,18
7407,1,1.187,0.643,-6.858000000000004,65.05599999999998,65.056,-22.079999999999984,-28.937999999999988,66,1.976,19
19465,1,1.431,1.292,-9.344999999999999,57.196,57.196,-33.80799999999999,-43.15299999999999,66,1.976,20
8646,1,0.972,1.191,19.102000000000004,65.868,65.868,0.8940000000000055,19.99600000000001,67,1.976,1
47708,1,1.552,0.846,-54.19200000000001,95.512,95.512,10.167000000000002,-44.025000000000006,67,1.976,2
32294,1,1.395,0.796,-67.565,35.197,35.197,28.068000000000012,-39.497000000000014,67,1.976,3
12171,1,1.276,1.417,0.3859999999999957,75.838,75.838,-37.934,-37.548,67,1.976,4
15609,1,1.412,1.028,25.596000000000004,62.983000000000004,62.983,22.873999999999995,48.47,67,1.976,5
5755,1,3.997,0.749,58.516999999999996,79.52199999999999,79.522,19.394000000000005,77.911,67,1.976,6
20209,1,1.896,0.656,73.291,31.068000000000012,31.068,-56.23400000000001,17.056999999999988,67,1.976,7
17590,1,1.051,0.743,31.932999999999993,83.601,83.601,75.18099999999998,107.11400000000003,67,1.976,8
15953,1,1.005,0.852,-25.456999999999994,-9.431000000000012,9.431,45.00399999999999,19.546999999999997,67,1.976,9
46713,1,0.963,1.133,-20.212999999999994,87.40199999999999,87.402,-12.139999999999986,-32.35300000000001,67,1.976,10
14755,1,0.907,0.971,74.72300000000001,-12.790999999999997,12.791,-84.687,-9.963999999999999,67,1.976,11
11866,1,1.249,0.904,-18.59899999999999,55.762,55.762,-10.164999999999992,-28.76400000000001,67,1.976,12
14506,1,0.757,0.929,-41.58100000000002,13.641999999999996,13.642,38.170000000000016,-3.4110000000000014,67,1.976,13
47936,1,0.726,1.673,-18.754999999999995,68.554,68.554,-2.0579999999999927,-20.812999999999988,67,1.976,14
13001,1,1.728,0.919,-39.120000000000005,83.23500000000001,83.235,9.359000000000009,-29.760999999999996,67,1.976,15
15960,1,0.909,0.771,-72.543,-9.84899999999999,9.849,83.452,10.908999999999992,67,1.976,16
53840,1,1.129,1.13,40.55000000000001,25.858000000000004,25.858,-55.22399999999999,-14.674000000000007,67,1.976,17
130,1,2.423,0.873,29.728999999999985,67.79399999999998,67.794,-1.882000000000005,27.84700000000001,67,1.976,18
38780,1,1.627,1.03,10.301999999999992,48.418000000000006,48.418,-52.866,-42.56399999999999,67,1.976,19
39343,1,1.186,0.964,-7.756,64.35500000000002,64.355,-12.556000000000012,-20.312000000000012,67,1.976,20
21292,1,0.819,1.504,-17.64500000000001,56.486999999999995,56.487,-17.865999999999985,-35.510999999999996,68,1.978,1
1065,1,1.004,0.884,-5.653999999999996,82.60399999999998,82.604,-17.111999999999995,-22.76599999999999,68,1.978,2
38850,1,1.609,0.778,22.063999999999993,38.101,38.101,-5.914999999999992,16.149,68,1.978,3
33955,1,0.832,0.793,-33.929,14.997000000000014,14.997,32.516999999999996,-1.4120000000000061,68,1.978,4
8553,1,1.269,1.376,-17.01599999999999,82.34100000000001,82.341,-33.17400000000001,-50.19,68,1.978,5
15953,1,1.005,0.852,-25.456999999999994,-9.431000000000012,9.431,45.00399999999999,19.546999999999997,68,1.978,6
25665,1,1.906,0.743,-51.30199999999999,34.754999999999995,34.755,0.8870000000000005,-50.41499999999999,68,1.978,7
136,1,2.242,0.883,26.501000000000005,68.75900000000001,68.759,-6.778999999999996,19.72200000000001,68,1.978,8
26611,1,1.125,0.687,46.879999999999995,77.68899999999996,77.689,56.059,102.93899999999996,68,1.978,9
15813,1,1.366,0.924,-4.421999999999997,71.63999999999999,71.64,-22.542,-26.964,68,1.978,10
8589,1,1.02,0.976,-4.48599999999999,35.099999999999994,35.1,-38.06100000000001,-42.547,68,1.978,11
44367,1,1.148,0.679,30.917,96.33299999999997,96.333,65.078,95.995,68,1.978,12
9835,1,0.881,0.83,23.764999999999986,19.964,19.964,-28.462999999999994,-4.6980000000000075,68,1.978,13
6022,1,4.138,0.804,57.740999999999985,75.63999999999999,75.64,4.925999999999988,62.667,68,1.978,14
5368,1,1.47,0.941,-28.204000000000008,85.42700000000002,85.427,17.33099999999999,-10.87299999999999,68,1.978,15
9703,1,1.058,1.08,10.769000000000005,16.180000000000007,16.18,-12.115999999999985,-1.3470000000000084,68,1.978,16
24419,1,1.312,1.65,-31.502999999999986,58.545000000000016,58.545,-7.628999999999991,-39.132000000000005,68,1.978,17
41350,1,1.697,0.806,-32.131,66.297,66.297,13.119,-19.012,68,1.978,18
33296,1,2.047,0.721,45.111999999999995,76.06600000000003,76.066,10.436000000000007,55.548,68,1.978,19
15960,1,0.909,0.771,-72.543,-9.84899999999999,9.849,83.452,10.908999999999992,68,1.978,20
7476,1,1.684,0.569,-13.840000000000003,39.191,39.191,-29.27199999999999,-43.111999999999995,69,1.978,1
27279,1,0.827,0.843,74.769,20.50399999999999,20.504,-87.294,-12.524999999999977,69,1.978,2
31301,1,1.073,1.135,-23.78800000000001,100.49900000000002,100.499,6.242999999999995,-17.545000000000016,69,1.978,3
136,1,2.242,0.883,26.501000000000005,68.75900000000001,68.759,-6.778999999999996,19.72200000000001,69,1.978,4
39394,1,1.006,0.776,-28.52000000000001,99.98000000000002,99.98,3.414999999999992,-25.10499999999999,69,1.978,5
10644,1,0.978,1.163,33.22300000000001,28.831999999999994,28.832,-44.593999999999994,-11.37100000000001,69,1.978,6
52159,1,1.134,0.835,6.020999999999987,66.811,66.811,-36.537000000000006,-30.51599999999999,69,1.978,7
49879,1,0.842,1.186,-46.757000000000005,6.236999999999995,6.237,39.56299999999999,-7.193999999999988,69,1.978,8
6996,1,1.498,1.001,-22.228999999999985,60.53,60.53,-7.358000000000004,-29.58699999999999,69,1.978,9
11952,1,1.279,1.052,-22.673000000000002,83.46199999999999,83.462,-13.405000000000001,-36.078,69,1.978,10
15962,1,0.899,0.825,-58.64,-10.11099999999999,10.111,74.495,15.855000000000018,69,1.978,11
21292,1,0.819,1.504,-17.64500000000001,56.486999999999995,56.487,-17.865999999999985,-35.510999999999996,69,1.978,12
2300,1,3.07,0.699,63.86500000000001,65.417,65.417,-12.691000000000003,51.17400000000001,69,1.978,13
32220,1,1.055,1.155,-57.38300000000001,28.286,28.286,15.044999999999987,-42.337999999999994,69,1.978,14
6014,1,3.912,0.567,56.46800000000002,76.80399999999997,76.804,2.9850000000000136,59.453,69,1.978,15
19371,1,0.932,0.95,46.22200000000001,53.141999999999996,53.142,-36.593999999999994,9.627999999999986,69,1.978,16
15953,1,1.005,0.852,-25.456999999999994,-9.431000000000012,9.431,45.00399999999999,19.546999999999997,69,1.978,17
1018,1,1.317,0.716,1.524000000000001,84.98399999999998,84.984,-13.564999999999998,-12.040999999999997,69,1.978,18
175,1,1.103,0.963,-19.05000000000001,60.670000000000016,60.67,19.742999999999995,0.6929999999999836,69,1.978,19
44198,1,1.356,0.979,27.468999999999994,90.52600000000001,90.526,56.02600000000001,83.495,69,1.978,20
7655,1,1.397,0.768,-28.921999999999997,32.11099999999999,32.111,0.382000000000005,-28.539999999999992,70,1.979,1
15609,1,1.412,1.028,25.596000000000004,62.983000000000004,62.983,22.873999999999995,48.47,70,1.979,2
33279,1,2.175,0.878,38.44800000000001,82.96699999999998,82.967,14.936000000000007,53.384000000000015,70,1.979,3
32215,1,1.111,1.187,-61.144000000000005,25.16900000000001,25.169,20.226,-40.918000000000006,70,1.979,4
31301,1,1.073,1.135,-23.78800000000001,100.49900000000002,100.499,6.242999999999995,-17.545000000000016,70,1.979,5
48961,1,1.206,1.26,-10.792000000000002,45.418000000000006,45.418,-33.79900000000001,-44.59100000000001,70,1.979,6
47708,1,1.552,0.846,-54.19200000000001,95.512,95.512,10.167000000000002,-44.025000000000006,70,1.979,7
15960,1,0.909,0.771,-72.543,-9.84899999999999,9.849,83.452,10.908999999999992,70,1.979,8
54156,1,1.435,0.743,-16.726,67.702,67.702,0.09399999999999409,-16.632000000000005,70,1.979,9
41349,1,1.576,0.777,-36.841999999999985,59.873999999999995,59.874,15.74600000000001,-21.096000000000004,70,1.979,10
12171,1,1.276,1.417,0.3859999999999957,75.838,75.838,-37.934,-37.548,70,1.979,11
2909,1,1.002,1.423,-3.421999999999997,40.36099999999999,40.361,-20.59700000000001,-24.019000000000005,70,1.979,12
15947,1,0.956,0.921,-68.649,-14.11699999999999,14.117,82.12,13.471000000000004,70,1.979,13
37805,1,1.389,1.167,20.91300000000001,50.38300000000001,50.383,-27.146000000000015,-6.233000000000004,70,1.979,14
6014,1,3.912,0.567,56.46800000000002,76.80399999999997,76.804,2.9850000000000136,59.453,70,1.979,15
6422,1,1.111,0.913,-56.706999999999994,17.233000000000004,17.233,54.458,-2.2489999999999952,70,1.979,16
136,1,2.242,0.883,26.501000000000005,68.75900000000001,68.759,-6.778999999999996,19.72200000000001,70,1.979,17
44367,1,1.148,0.679,30.917,96.33299999999997,96.333,65.078,95.995,70,1.979,18
27063,1,1.122,1.001,-82.212,-18.461000000000013,18.461,74.47199999999998,-7.740000000000009,70,1.979,19
19454,1,1.042,0.996,-11.085000000000008,63.56200000000001,63.562,-20.298000000000002,-31.38300000000001,70,1.979,20
9508,1,2.071,0.998,5.661000000000001,51.297,51.297,-3.938999999999993,1.7220000000000084,71,1.98,1
32294,1,1.395,0.796,-67.565,35.197,35.197,28.068000000000012,-39.497000000000014,71,1.98,2
31103,1,1.003,0.688,-40.50399999999999,78.834,78.834,18.626000000000005,-21.877999999999986,71,1.98,3
39404,1,1.08,0.778,-21.698000000000008,94.10899999999998,94.109,-4.038000000000011,-25.73599999999999,71,1.98,4
53367,1,0.708,0.82,-43.02699999999999,22.715000000000003,22.715,44.82599999999999,1.7990000000000066,71,1.98,5
46664,1,1.081,0.981,17.15700000000001,47.702,47.702,-6.313999999999993,10.84299999999999,71,1.98,6
15953,1,1.005,0.852,-25.456999999999994,-9.431000000000012,9.431,45.00399999999999,19.546999999999997,71,1.98,7
47291,1,1.231,0.822,64.786,42.54599999999999,42.546,-36.735000000000014,28.050999999999988,71,1.98,8
6014,1,3.912,0.567,56.46800000000002,76.80399999999997,76.804,2.9850000000000136,59.453,71,1.98,9
7987,1,1.436,0.876,-37.759000000000015,79.68899999999996,79.689,13.627999999999986,-24.131,71,1.98,10
15960,1,0.909,0.771,-72.543,-9.84899999999999,9.849,83.452,10.908999999999992,71,1.98,11
2300,1,3.07,0.699,63.86500000000001,65.417,65.417,-12.691000000000003,51.17400000000001,71,1.98,12
43191,1,1.266,0.731,31.562000000000012,94.01099999999997,94.011,53.66300000000001,85.22500000000002,71,1.98,13
51274,1,1.555,1.022,-16.72999999999999,62.51599999999999,62.516,8.847000000000008,-7.88300000000001,71,1.98,14
136,1,2.242,0.883,26.501000000000005,68.75900000000001,68.759,-6.778999999999996,19.72200000000001,71,1.98,15
19102,1,0.94,0.634,-8.50800000000001,77.33699999999999,77.337,-25.73400000000001,-34.24200000000002,71,1.98,16
11486,1,0.75,1.09,53.678,22.74600000000001,22.746,-71.699,-18.021000000000015,71,1.98,17
41092,1,1.28,0.645,-5.153999999999996,51.536,51.536,-44.959,-50.113,71,1.98,18
19465,1,1.431,1.292,-9.344999999999999,57.196,57.196,-33.80799999999999,-43.15299999999999,71,1.98,19
3193,1,0.857,1.023,-30.954999999999984,13.117999999999995,13.118,49.108000000000004,18.15299999999999,71,1.98,20
44330,1,1.024,0.684,31.494,89.99799999999999,89.998,57.608000000000004,89.10199999999998,72,1.983,1
15953,1,1.005,0.852,-25.456999999999994,-9.431000000000012,9.431,45.00399999999999,19.546999999999997,72,1.983,2
9836,1,1.008,0.859,39.661,15.492999999999995,15.493,-40.07400000000001,-0.4130000000000109,72,1.983,3
8615,1,1.189,1.376,-16.37899999999999,50.102000000000004,50.102,-16.670999999999992,-33.05000000000001,72,1.983,4
6014,1,3.912,0.567,56.46800000000002,76.80399999999997,76.804,2.9850000000000136,59.453,72,1.983,5
46713,1,0.963,1.133,-20.212999999999994,87.40199999999999,87.402,-12.139999999999986,-32.35300000000001,72,1.983,6
15960,1,0.909,0.771,-72.543,-9.84899999999999,9.849,83.452,10.908999999999992,72,1.983,7
7842,1,2.327,0.782,48.768,53.24600000000001,53.246,16.851,65.619,72,1.983,8
198,1,1.527,1.053,30.876000000000005,54.501000000000005,54.501,2.3959999999999866,33.27199999999999,72,1.983,9
48411,1,1.238,0.859,-20.795000000000016,55.882000000000005,55.882,3.179000000000002,-17.616000000000014,72,1.983,10
39404,1,1.08,0.778,-21.698000000000008,94.10899999999998,94.109,-4.038000000000011,-25.73599999999999,72,1.983,11
47340,1,0.914,1.023,55.24199999999999,45.84300000000002,45.843,-38.55099999999999,16.691000000000003,72,1.983,12
16124,1,1.527,1.012,3.741000000000014,30.45599999999999,30.456,-19.88499999999999,-16.144000000000005,72,1.983,13
10498,1,1.271,1.304,-35.62299999999999,91.98699999999997,91.987,12.830999999999989,-22.792,72,1.983,14
7077,1,0.616,0.855,-40.259000000000015,16.53200000000001,16.532,39.266999999999996,-0.9919999999999902,72,1.983,15
253,1,1.293,0.837,5.256,68.649,68.649,-50.547,-45.291,72,1.983,16
41092,1,1.28,0.645,-5.153999999999996,51.536,51.536,-44.959,-50.113,72,1.983,17
136,1,2.242,0.883,26.501000000000005,68.75900000000001,68.759,-6.778999999999996,19.72200000000001,72,1.983,18
41350,1,1.697,0.806,-32.131,66.297,66.297,13.119,-19.012,72,1.983,19
25587,1,1.718,1.034,-55.721000000000004,37.56900000000002,37.569,5.099999999999994,-50.62100000000001,72,1.983,20
24278,1,1.215,0.806,-13.685000000000002,76.82600000000002,76.826,-6.913999999999987,-20.59899999999999,73,1.983,1
21292,1,0.819,1.504,-17.64500000000001,56.486999999999995,56.487,-17.865999999999985,-35.510999999999996,73,1.983,2
6014,1,3.912,0.567,56.46800000000002,76.80399999999997,76.804,2.9850000000000136,59.453,73,1.983,3
17711,1,1.037,1.443,30.533999999999992,74.245,74.245,-25.841000000000008,4.692999999999984,73,1.983,4
8553,1,1.269,1.376,-17.01599999999999,82.34100000000001,82.341,-33.17400000000001,-50.19,73,1.983,5
60,1,1.461,1.2,23.748999999999995,66.268,66.268,26.839,50.587999999999994,73,1.983,6
9836,1,1.008,0.859,39.661,15.492999999999995,15.493,-40.07400000000001,-0.4130000000000109,73,1.983,7
130,1,2.423,0.873,29.728999999999985,67.79399999999998,67.794,-1.882000000000005,27.84700000000001,73,1.983,8
44401,1,0.76,1.656,-39.85900000000001,56.631,56.631,0.828000000000003,-39.031000000000006,73,1.983,9
3193,1,0.857,1.023,-30.954999999999984,13.117999999999995,13.118,49.108000000000004,18.15299999999999,73,1.983,10
15960,1,0.909,0.771,-72.543,-9.84899999999999,9.849,83.452,10.908999999999992,73,1.983,11
25580,1,1.661,0.864,-59.129999999999995,43.226,43.226,8.205999999999989,-50.92400000000001,73,1.983,12
39493,1,1.088,1.274,23.841999999999985,20.127999999999986,20.128,-21.444999999999993,2.3969999999999914,73,1.983,13
43290,1,1.148,0.679,30.917,96.33299999999997,96.333,65.078,95.995,73,1.983,14
49472,1,0.858,1.201,57.69400000000002,4.736999999999995,4.737,-64.618,-6.923999999999978,73,1.983,15
53273,1,1.193,1.678,30.466000000000008,45.309,45.309,-73.051,-42.58500000000001,73,1.983,16
40626,1,1.137,0.843,46.881,45.53399999999999,45.534,-21.149,25.732,73,1.983,17
11853,1,0.898,0.885,-23.363,52.91499999999999,52.915,-1.681999999999988,-25.045000000000016,73,1.983,18
46715,1,1.118,0.937,-14.995000000000005,81.29599999999999,81.296,-9.084000000000003,-24.079000000000008,73,1.983,19
18576,1,1.255,0.924,-40.40199999999999,97.457,97.457,14.408999999999992,-25.992999999999995,73,1.983,20
41092,1,1.28,0.645,-5.153999999999996,51.536,51.536,-44.959,-50.113,74,1.984,1
16918,1,1.721,1.058,-8.245000000000005,82.30099999999999,82.301,11.068999999999988,2.8240000000000123,74,1.984,2
44565,1,0.939,0.505,51.025000000000006,37.637,37.637,-32.47999999999999,18.545000000000016,74,1.984,3
11853,1,0.898,0.885,-23.363,52.91499999999999,52.915,-1.681999999999988,-25.045000000000016,74,1.984,4
4845,1,3.53,0.591,68.607,73.56900000000002,73.569,-7.621000000000009,60.98599999999999,74,1.984,5
15960,1,0.909,0.771,-72.543,-9.84899999999999,9.849,83.452,10.908999999999992,74,1.984,6
43191,1,1.266,0.731,31.562000000000012,94.01099999999997,94.011,53.66300000000001,85.22500000000002,74,1.984,7
45291,1,1.226,1.488,-26.85499999999999,47.629999999999995,47.63,-5.299000000000007,-32.153999999999996,74,1.984,8
25578,1,1.689,0.879,-58.917,39.87100000000001,39.871,12.740000000000009,-46.17699999999999,74,1.984,9
34913,1,1.246,1.091,10.949000000000012,73.97399999999999,73.974,-14.87100000000001,-3.921999999999997,74,1.984,10
46713,1,0.963,1.133,-20.212999999999994,87.40199999999999,87.402,-12.139999999999986,-32.35300000000001,74,1.984,11
6113,1,0.899,1.079,-34.385999999999996,17.296999999999997,17.297,37.851,3.4650000000000034,74,1.984,12
15953,1,1.005,0.852,-25.456999999999994,-9.431000000000012,9.431,45.00399999999999,19.546999999999997,74,1.984,13
15323,1,1.217,1.187,-32.625,11.849999999999994,11.85,27.183999999999997,-5.4410000000000025,74,1.984,14
14770,1,1.3,0.962,-20.745000000000005,63.815,63.815,-11.135999999999996,-31.881,74,1.984,15
16081,1,1.436,1.049,-2.2630000000000052,41.093999999999994,41.094,-7.9010000000000105,-10.163999999999987,74,1.984,16
43119,1,1.062,0.974,34.07300000000001,94.928,94.928,52.57499999999999,86.64800000000002,74,1.984,17
44169,1,1.061,1.037,68.52100000000002,46.89500000000001,46.895,-81.313,-12.792000000000002,74,1.984,18
7977,1,1.476,1.004,-46.43099999999998,92.52300000000002,92.523,20.26599999999999,-26.164999999999992,74,1.984,19
136,1,2.242,0.883,26.501000000000005,68.75900000000001,68.759,-6.778999999999996,19.72200000000001,74,1.984,20
32293,1,1.531,0.768,-60.998999999999995,33.40199999999999,33.402,20.429000000000002,-40.56999999999999,75,1.985,1
25828,1,1.055,1.484,-27.965000000000003,42.787000000000006,42.787,-12.336000000000013,-40.30099999999999,75,1.985,2
49834,1,1.013,0.974,-74.045,5.907000000000011,5.907,67.49000000000001,-6.555000000000007,75,1.985,3
43191,1,1.266,0.731,31.562000000000012,94.01099999999997,94.011,53.66300000000001,85.22500000000002,75,1.985,4
47916,1,1.144,0.957,12.045999999999992,98.935,98.935,26.13900000000001,38.185,75,1.985,5
41350,1,1.697,0.806,-32.131,66.297,66.297,13.119,-19.012,75,1.985,6
12393,1,1.319,1.191,-33.18799999999999,90.81600000000003,90.816,-2.5649999999999977,-35.752999999999986,75,1.985,7
13219,1,1.169,0.551,26.72800000000001,69.30599999999998,69.306,-47.881,-21.15299999999999,75,1.985,8
15960,1,0.909,0.771,-72.543,-9.84899999999999,9.849,83.452,10.908999999999992,75,1.985,9
4500,1,1.335,1.079,-15.699000000000012,67.14100000000002,67.141,-5.584000000000003,-21.283000000000015,75,1.985,10
15185,1,1.102,0.988,18.978999999999985,71.035,71.035,-43.667,-24.687999999999988,75,1.985,11
10444,1,0.932,1.265,18.257000000000005,14.620000000000005,14.62,-16.432999999999993,1.8240000000000123,75,1.985,12
4767,1,1.252,1.105,-34.917,25.028999999999996,25.029,-15.348000000000013,-50.264999999999986,75,1.985,13
32556,1,1.298,1.328,-20.965000000000003,43.887,43.887,-18.353999999999985,-39.31900000000002,75,1.985,14
6190,1,4.176,1.183,54.56399999999999,71.936,71.936,-1.688999999999993,52.875,75,1.985,15
39404,1,1.08,0.778,-21.698000000000008,94.10899999999998,94.109,-4.038000000000011,-25.73599999999999,75,1.985,16
22101,1,2.277,0.551,68.156,40.43700000000001,40.437,-50.40299999999999,17.753000000000014,75,1.985,17
9835,1,0.881,0.83,23.764999999999986,19.964,19.964,-28.462999999999994,-4.6980000000000075,75,1.985,18
136,1,2.242,0.883,26.501000000000005,68.75900000000001,68.759,-6.778999999999996,19.72200000000001,75,1.985,19
14759,1,1.255,0.953,-7.673000000000002,66.77100000000002,66.771,-8.467000000000013,-16.139999999999986,75,1.985,20
2069,1,1.506,0.724,12.477000000000004,42.946,42.946,-51.58500000000001,-39.108000000000004,76,1.985,1
20209,1,1.896,0.656,73.291,31.068000000000012,31.068,-56.23400000000001,17.056999999999988,76,1.985,2
198,1,1.527,1.053,30.876000000000005,54.501000000000005,54.501,2.3959999999999866,33.27199999999999,76,1.985,3
40181,1,1.783,0.956,38.269000000000005,50.56999999999999,50.57,20.877999999999986,59.14699999999999,76,1.985,4
6014,1,3.912,0.567,56.46800000000002,76.80399999999997,76.804,2.9850000000000136,59.453,76,1.985,5
41350,1,1.697,0.806,-32.131,66.297,66.297,13.119,-19.012,76,1.985,6
25610,1,1.582,1.24,-41.708,37.75,37.75,-2.2750000000000057,-43.983000000000004,76,1.985,7
15960,1,0.909,0.771,-72.543,-9.84899999999999,9.849,83.452,10.908999999999992,76,1.985,8
31301,1,1.073,1.135,-23.78800000000001,100.49900000000002,100.499,6.242999999999995,-17.545000000000016,76,1.985,9
54113,1,1.078,0.916,-47.242999999999995,17.674000000000007,17.674,46.06299999999999,-1.1800000000000068,76,1.985,10
41254,1,1.03,0.907,5.771999999999991,70.213,70.213,-13.467000000000013,-7.694999999999993,76,1.985,11
26663,1,1.288,0.615,39.262,87.38099999999997,87.381,56.185,95.447,76,1.985,12
12171,1,1.276,1.417,0.3859999999999957,75.838,75.838,-37.934,-37.548,76,1.985,13
26186,1,1.567,1.129,-14.310000000000002,57.20600000000002,57.206,-4.939999999999998,-19.25,76,1.985,14
8117,1,1.468,0.577,-50.021000000000015,33.85300000000001,33.853,18.022999999999996,-31.99799999999999,76,1.985,15
24198,1,1.002,1.441,-24.38499999999999,54.271000000000015,54.271,-11.00800000000001,-35.393,76,1.985,16
27257,1,0.88,1.034,-85.835,-27.045000000000016,27.045,71.89699999999999,-13.937999999999988,76,1.985,17
46715,1,1.118,0.937,-14.995000000000005,81.29599999999999,81.296,-9.084000000000003,-24.079000000000008,76,1.985,18
6202,1,3.945,0.599,64.197,69.72300000000001,69.723,-4.8799999999999955,59.31700000000001,76,1.985,19
32288,1,1.693,0.794,-53.771,39.476,39.476,14.644000000000005,-39.12700000000001,76,1.985,20
6014,1,3.912,0.567,56.46800000000002,76.80399999999997,76.804,2.9850000000000136,59.453,77,1.985,1
46715,1,1.118,0.937,-14.995000000000005,81.29599999999999,81.296,-9.084000000000003,-24.079000000000008,77,1.985,2
33399,1,1.905,0.674,-10.879999999999995,62.923,62.923,11.919000000000011,1.0389999999999873,77,1.985,3
15874,1,1.201,0.965,-65.562,7.956999999999994,7.957,79.43600000000004,13.874000000000024,77,1.985,4
3130,1,1.266,1.142,33.647999999999996,21.37299999999999,21.373,-56.775000000000006,-23.12700000000001,77,1.985,5
11853,1,0.898,0.885,-23.363,52.91499999999999,52.915,-1.681999999999988,-25.045000000000016,77,1.985,6
3133,1,0.821,1.115,28.622000000000014,35.048,35.048,-41.77600000000001,-13.153999999999996,77,1.985,7
6387,1,1.245,1.216,-18.450999999999993,53.553,53.553,-5.074999999999989,-23.52600000000001,77,1.985,8
7920,1,1.127,0.775,-38.90299999999999,86.392,86.392,6.312999999999988,-32.59,77,1.985,9
2301,1,3.205,0.666,58.10900000000001,71.09,71.09,-7.263000000000005,50.846000000000004,77,1.985,10
36865,1,1.106,1.147,9.090000000000003,57.64500000000001,57.645,-28.695999999999998,-19.605999999999995,77,1.985,11
13219,1,1.169,0.551,26.72800000000001,69.30599999999998,69.306,-47.881,-21.15299999999999,77,1.985,12
43191,1,1.266,0.731,31.562000000000012,94.01099999999997,94.011,53.66300000000001,85.22500000000002,77,1.985,13
39404,1,1.08,0.778,-21.698000000000008,94.10899999999998,94.109,-4.038000000000011,-25.73599999999999,77,1.985,14
47916,1,1.144,0.957,12.045999999999992,98.935,98.935,26.13900000000001,38.185,77,1.985,15
44401,1,0.76,1.656,-39.85900000000001,56.631,56.631,0.828000000000003,-39.031000000000006,77,1.985,16
47572,1,1.79,0.798,51.12299999999999,35.06399999999999,35.064,-32.179,18.94399999999999,77,1.985,17
32294,1,1.395,0.796,-67.565,35.197,35.197,28.068000000000012,-39.497000000000014,77,1.985,18
6594,1,0.864,0.733,-33.68299999999999,7.533999999999992,7.534,32.81,-0.8729999999999905,77,1.985,19
15960,1,0.909,0.771,-72.543,-9.84899999999999,9.849,83.452,10.908999999999992,77,1.985,20
40508,1,1.149,0.891,40.12299999999999,57.70600000000002,57.706,-16.431999999999988,23.691000000000003,78,1.987,1
6202,1,3.945,0.599,64.197,69.72300000000001,69.723,-4.8799999999999955,59.31700000000001,78,1.987,2
47915,1,1.226,0.902,11.219999999999999,99.26099999999997,99.261,31.134000000000015,42.353999999999985,78,1.987,3
46713,1,0.963,1.133,-20.212999999999994,87.40199999999999,87.402,-12.139999999999986,-32.35300000000001,78,1.987,4
50349,1,0.971,1.391,-8.219999999999999,58.83699999999999,58.837,-25.474999999999994,-33.69499999999999,78,1.987,5
49834,1,1.013,0.974,-74.045,5.907000000000011,5.907,67.49000000000001,-6.555000000000007,78,1.987,6
45291,1,1.226,1.488,-26.85499999999999,47.629999999999995,47.63,-5.299000000000007,-32.153999999999996,78,1.987,7
136,1,2.242,0.883,26.501000000000005,68.75900000000001,68.759,-6.778999999999996,19.72200000000001,78,1.987,8
2894,1,1.885,0.765,-32.328,21.341000000000008,21.341,1.240000000000009,-31.087999999999994,78,1.987,9
47708,1,1.552,0.846,-54.19200000000001,95.512,95.512,10.167000000000002,-44.025000000000006,78,1.987,10
32294,1,1.395,0.796,-67.565,35.197,35.197,28.068000000000012,-39.497000000000014,78,1.987,11
16124,1,1.527,1.012,3.741000000000014,30.45599999999999,30.456,-19.88499999999999,-16.144000000000005,78,1.987,12
51002,1,1.012,0.781,29.03800000000001,47.644000000000005,47.644,-71.245,-42.206999999999994,78,1.987,13
21277,1,1.979,0.873,36.846000000000004,35.82499999999999,35.825,-5.99199999999999,30.853999999999985,78,1.987,14
44197,1,1.289,0.888,28.951999999999998,97.82100000000003,97.821,56.48599999999999,85.43799999999999,78,1.987,15
10499,1,1.41,1.104,-32.96800000000002,97.322,97.322,8.211000000000013,-24.757000000000005,78,1.987,16
26186,1,1.567,1.129,-14.310000000000002,57.20600000000002,57.206,-4.939999999999998,-19.25,78,1.987,17
33738,1,1.396,0.698,12.574000000000012,55.315,55.315,-33.498999999999995,-20.92500000000001,78,1.987,18
15960,1,0.909,0.771,-72.543,-9.84899999999999,9.849,83.452,10.908999999999992,78,1.987,19
12171,1,1.276,1.417,0.3859999999999957,75.838,75.838,-37.934,-37.548,78,1.987,20
6022,1,4.138,0.804,57.740999999999985,75.63999999999999,75.64,4.925999999999988,62.667,79,1.987,1
49834,1,1.013,0.974,-74.045,5.907000000000011,5.907,67.49000000000001,-6.555000000000007,79,1.987,2
8396,1,1.299,0.879,-8.27000000000001,90.25400000000002,90.254,-24.47200000000001,-32.74200000000002,79,1.987,3
136,1,2.242,0.883,26.501000000000005,68.75900000000001,68.759,-6.778999999999996,19.72200000000001,79,1.987,4
14284,1,1.602,0.72,-44.125,58.643,58.643,17.233000000000004,-26.891999999999996,79,1.987,5
26406,1,0.801,1.035,-48.367999999999995,15.195999999999998,15.196,43.932000000000016,-4.436000000000007,79,1.987,6
41350,1,1.697,0.806,-32.131,66.297,66.297,13.119,-19.012,79,1.987,7
32291,1,1.297,0.89,-51.422,32.372000000000014,32.372,15.330000000000013,-36.091999999999985,79,1.987,8
15813,1,1.366,0.924,-4.421999999999997,71.63999999999999,71.64,-22.542,-26.964,79,1.987,9
26871,1,1.265,1.537,-14.15700000000001,69.31900000000002,69.319,-16.387,-30.54400000000001,79,1.987,10
15960,1,0.909,0.771,-72.543,-9.84899999999999,9.849,83.452,10.908999999999992,79,1.987,11
11992,1,3.124,0.884,-35.08699999999999,121.53499999999997,121.535,75.92099999999999,40.834,79,1.987,12
37604,1,1.188,1.416,-11.680000000000007,44.918000000000006,44.918,-34.06999999999999,-45.75,79,1.987,13
39430,1,0.956,0.847,54.36699999999999,10.427999999999997,10.428,-54.932,-0.5649999999999977,79,1.987,14
43120,1,1.289,0.888,28.951999999999998,97.82100000000003,97.821,56.48599999999999,85.43799999999999,79,1.987,15
20352,1,2.104,1.024,34.80099999999999,39.382000000000005,39.382,-2.502999999999986,32.298,79,1.987,16
8646,1,0.972,1.191,19.102000000000004,65.868,65.868,0.8940000000000055,19.99600000000001,79,1.987,17
12034,1,1.57,0.9,-25.843999999999994,57.54599999999999,57.546,-1.8899999999999864,-27.73400000000001,79,1.987,18
17711,1,1.037,1.443,30.533999999999992,74.245,74.245,-25.841000000000008,4.692999999999984,79,1.987,19
2301,1,3.205,0.666,58.10900000000001,71.09,71.09,-7.263000000000005,50.846000000000004,79,1.987,20
41092,1,1.28,0.645,-5.153999999999996,51.536,51.536,-44.959,-50.113,80,1.994,1
15960,1,0.909,0.771,-72.543,-9.84899999999999,9.849,83.452,10.908999999999992,80,1.994,2
8623,1,1.105,0.714,27.381,69.88299999999998,69.883,25.974999999999994,53.355999999999995,80,1.994,3
36565,1,1.27,1.227,21.736999999999995,8.948000000000008,8.948,-6.3089999999999975,15.427999999999997,80,1.994,4
47144,1,1.22,0.822,-22.62299999999999,58.593999999999994,58.594,-12.097000000000008,-34.72,80,1.994,5
36580,1,1.698,1.017,29.66300000000001,111.71600000000001,111.716,72.13299999999998,101.79599999999999,80,1.994,6
45661,1,0.831,1.152,56.25399999999999,43.178,43.178,-36.31999999999999,19.933999999999997,80,1.994,7
136,1,2.242,0.883,26.501000000000005,68.75900000000001,68.759,-6.778999999999996,19.72200000000001,80,1.994,8
16918,1,1.721,1.058,-8.245000000000005,82.30099999999999,82.301,11.068999999999988,2.8240000000000123,80,1.994,9
39404,1,1.08,0.778,-21.698000000000008,94.10899999999998,94.109,-4.038000000000011,-25.73599999999999,80,1.994,10
30341,1,1.073,1.337,-14.882000000000005,71.30599999999998,71.306,-16.375,-31.257000000000005,80,1.994,11
32211,1,1.176,1.199,-51.21199999999999,23.063999999999993,23.064,11.369,-39.84300000000002,80,1.994,12
19465,1,1.431,1.292,-9.344999999999999,57.196,57.196,-33.80799999999999,-43.15299999999999,80,1.994,13
1986,1,1.265,0.952,-11.318000000000012,85.96199999999999,85.962,-15.22399999999999,-26.542,80,1.994,14
9707,1,0.898,1.063,36.982,9.570999999999998,9.571,-36.77199999999999,0.21000000000000796,80,1.994,15
175,1,1.103,0.963,-19.05000000000001,60.670000000000016,60.67,19.742999999999995,0.6929999999999836,80,1.994,16
30552,1,0.844,1.324,-27.893,44.917,44.917,-12.324000000000012,-40.216999999999985,80,1.994,17
6014,1,3.912,0.567,56.46800000000002,76.80399999999997,76.804,2.9850000000000136,59.453,80,1.994,18
15964,1,0.902,0.589,-32.02000000000001,-11.790999999999997,11.791,45.56200000000001,13.542000000000002,80,1.994,19
2301,1,3.205,0.666,58.10900000000001,71.09,71.09,-7.263000000000005,50.846000000000004,80,1.994,20
6030,1,4.063,0.677,61.978999999999985,73.08100000000002,73.081,6.397999999999996,68.37700000000001,81,1.997,1
32215,1,1.111,1.187,-61.144000000000005,25.16900000000001,25.169,20.226,-40.918000000000006,81,1.997,2
46715,1,1.118,0.937,-14.995000000000005,81.29599999999999,81.296,-9.084000000000003,-24.079000000000008,81,1.997,3
47806,1,1.744,1.589,-43.03,41.47999999999999,41.48,15.370000000000005,-27.659999999999997,81,1.997,4
41092,1,1.28,0.645,-5.153999999999996,51.536,51.536,-44.959,-50.113,81,1.997,5
21292,1,0.819,1.504,-17.64500000000001,56.486999999999995,56.487,-17.865999999999985,-35.510999999999996,81,1.997,6
8042,1,1.312,0.736,-29.807999999999993,27.931999999999988,27.932,-7.521999999999991,-37.329999999999984,81,1.997,7
24570,1,0.869,0.796,44.91899999999998,36.373999999999995,36.374,-38.216999999999985,6.701999999999998,81,1.997,8
33296,1,2.047,0.721,45.111999999999995,76.06600000000003,76.066,10.436000000000007,55.548,81,1.997,9
38956,1,1.033,1.2,60.037000000000006,9.90700000000001,9.907,-41.480999999999995,18.55600000000001,81,1.997,10
9835,1,0.881,0.83,23.764999999999986,19.964,19.964,-28.462999999999994,-4.6980000000000075,81,1.997,11
41350,1,1.697,0.806,-32.131,66.297,66.297,13.119,-19.012,81,1.997,12
44197,1,1.289,0.888,28.951999999999998,97.82100000000003,97.821,56.48599999999999,85.43799999999999,81,1.997,13
130,1,2.423,0.873,29.728999999999985,67.79399999999998,67.794,-1.882000000000005,27.84700000000001,81,1.997,14
46712,1,0.816,1.062,-22.348000000000013,82.41399999999999,82.414,-5.247000000000014,-27.595,81,1.997,15
34913,1,1.246,1.091,10.949000000000012,73.97399999999999,73.974,-14.87100000000001,-3.921999999999997,81,1.997,16
12187,1,1.406,1.126,-9.824999999999989,76.24099999999999,76.241,-25.829999999999984,-35.655,81,1.997,17
5544,1,2.245,0.984,-46.803,92.81100000000004,92.811,32.107,-14.695999999999998,81,1.997,18
15960,1,0.909,0.771,-72.543,-9.84899999999999,9.849,83.452,10.908999999999992,81,1.997,19
2894,1,1.885,0.765,-32.328,21.341000000000008,21.341,1.240000000000009,-31.087999999999994,81,1.997,20
6014,1,3.912,0.567,56.46800000000002,76.80399999999997,76.804,2.9850000000000136,59.453,82,2.005,1
5368,1,1.47,0.941,-28.204000000000008,85.42700000000002,85.427,17.33099999999999,-10.87299999999999,82,2.005,2
15964,1,0.902,0.589,-32.02000000000001,-11.790999999999997,11.791,45.56200000000001,13.542000000000002,82,2.005,3
32291,1,1.297,0.89,-51.422,32.372000000000014,32.372,15.330000000000013,-36.091999999999985,82,2.005,4
43253,1,1.024,0.684,31.494,89.99799999999999,89.998,57.608000000000004,89.10199999999998,82,2.005,5
15960,1,0.909,0.771,-72.543,-9.84899999999999,9.849,83.452,10.908999999999992,82,2.005,6
52370,1,1.012,1.399,-19.067000000000007,50.22999999999999,50.23,-8.276999999999987,-27.343999999999994,82,2.005,7
688,1,1.093,1.051,4.304000000000002,83.61500000000001,83.615,-32.702,-28.397999999999996,82,2.005,8
26844,1,0.919,0.883,81.13099999999997,32.245000000000005,32.245,-90.975,-9.843999999999994,82,2.005,9
39404,1,1.08,0.778,-21.698000000000008,94.10899999999998,94.109,-4.038000000000011,-25.73599999999999,82,2.005,10
33290,1,2.034,0.842,34.101,78.77100000000002,78.771,7.299000000000007,41.400000000000006,82,2.005,11
32210,1,1.185,1.144,-73.261,21.089,21.089,36.637,-36.623999999999995,82,2.005,12
16237,1,1.143,1.023,49.94200000000001,42.920000000000016,42.92,-65.439,-15.496999999999986,82,2.005,13
3193,1,0.857,1.023,-30.954999999999984,13.117999999999995,13.118,49.108000000000004,18.15299999999999,82,2.005,14
39407,1,0.988,1.629,-29.834000000000003,55.697,55.697,-1.48599999999999,-31.319999999999993,82,2.005,15
26990,1,1.545,0.8,-26.78,49.141999999999996,49.142,4.306999999999988,-22.473000000000013,82,2.005,16
136,1,2.242,0.883,26.501000000000005,68.75900000000001,68.759,-6.778999999999996,19.72200000000001,82,2.005,17
48442,1,1.166,0.653,-34.557000000000016,66.02800000000002,66.028,2.218999999999994,-32.337999999999994,82,2.005,18
203,1,1.125,1.1,4.200999999999993,43.855999999999995,43.856,-5.746000000000009,-1.5449999999999875,82,2.005,19
15813,1,1.366,0.924,-4.421999999999997,71.63999999999999,71.64,-22.542,-26.964,82,2.005,20
35647,1,0.989,0.989,31.644000000000005,93.21500000000003,93.215,46.66899999999998,78.31299999999999,83,2.01,1
19454,1,1.042,0.996,-11.085000000000008,63.56200000000001,63.562,-20.298000000000002,-31.38300000000001,83,2.01,2
44308,1,0.982,0.771,40.708,88.47399999999999,88.474,47.07300000000001,87.781,83,2.01,3
48763,1,1.069,1.518,-22.352000000000004,50.21000000000001,50.21,-15.927999999999997,-38.28,83,2.01,4
2523,1,1.028,0.714,37.87100000000001,30.37100000000001,30.371,-66.63,-28.758999999999986,83,2.01,5
46713,1,0.963,1.133,-20.212999999999994,87.40199999999999,87.402,-12.139999999999986,-32.35300000000001,83,2.01,6
23555,1,1.257,1.142,-39.19,16.62700000000001,16.627,44.519000000000005,5.329000000000008,83,2.01,7
29805,1,0.795,1.098,-0.5300000000000011,4.795999999999992,4.796,-5.727000000000004,-6.257000000000005,83,2.01,8
11853,1,0.898,0.885,-23.363,52.91499999999999,52.915,-1.681999999999988,-25.045000000000016,83,2.01,9
34649,1,1.612,0.869,7.515999999999991,53.757000000000005,53.757,-40.182000000000016,-32.666,83,2.01,10
43324,1,0.76,1.656,-39.85900000000001,56.631,56.631,0.828000000000003,-39.031000000000006,83,2.01,11
732,1,1.388,0.748,22.824000000000012,74.13999999999999,74.14,-18.25,4.574000000000012,83,2.01,12
15960,1,0.909,0.771,-72.543,-9.84899999999999,9.849,83.452,10.908999999999992,83,2.01,13
12393,1,1.319,1.191,-33.18799999999999,90.81600000000003,90.816,-2.5649999999999977,-35.752999999999986,83,2.01,14
20207,1,2.094,0.875,74.869,25.56899999999999,25.569,-47.935,26.933999999999997,83,2.01,15
6022,1,4.138,0.804,57.740999999999985,75.63999999999999,75.64,4.925999999999988,62.667,83,2.01,16
136,1,2.242,0.883,26.501000000000005,68.75900000000001,68.759,-6.778999999999996,19.72200000000001,83,2.01,17
45485,1,0.877,0.914,-28.85499999999999,4.530000000000001,4.53,19.658999999999992,-9.195999999999998,83,2.01,18
25610,1,1.582,1.24,-41.708,37.75,37.75,-2.2750000000000057,-43.983000000000004,83,2.01,19
10498,1,1.271,1.304,-35.62299999999999,91.98699999999997,91.987,12.830999999999989,-22.792,83,2.01,20
15960,1,0.909,0.771,-72.543,-9.84899999999999,9.849,83.452,10.908999999999992,84,2.014,1
18641,1,1.043,0.771,19.834000000000003,60.778999999999996,60.779,18.336000000000013,38.170000000000016,84,2.014,2
46713,1,0.963,1.133,-20.212999999999994,87.40199999999999,87.402,-12.139999999999986,-32.35300000000001,84,2.014,3
1065,1,1.004,0.884,-5.653999999999996,82.60399999999998,82.604,-17.111999999999995,-22.76599999999999,84,2.014,4
10498,1,1.271,1.304,-35.62299999999999,91.98699999999997,91.987,12.830999999999989,-22.792,84,2.014,5
44268,1,1.266,0.731,31.562000000000012,94.01099999999997,94.011,53.66300000000001,85.22500000000002,84,2.014,6
17157,1,0.953,0.768,7.806999999999988,18.054000000000002,18.054,-36.32599999999999,-28.519000000000005,84,2.014,7
7021,1,1.027,1.013,-2.1289999999999907,53.990999999999985,53.991,-27.533000000000015,-29.662000000000006,84,2.014,8
9835,1,0.881,0.83,23.764999999999986,19.964,19.964,-28.462999999999994,-4.6980000000000075,84,2.014,9
31309,1,1.214,0.92,-73.567,34.51599999999999,34.516,32.756,-40.81099999999998,84,2.014,10
6022,1,4.138,0.804,57.740999999999985,75.63999999999999,75.64,4.925999999999988,62.667,84,2.014,11
2301,1,3.205,0.666,58.10900000000001,71.09,71.09,-7.263000000000005,50.846000000000004,84,2.014,12
41350,1,1.697,0.806,-32.131,66.297,66.297,13.119,-19.012,84,2.014,13
3873,1,1.416,0.877,18.302999999999997,48.888000000000005,48.888,-65.869,-47.566,84,2.014,14
19465,1,1.431,1.292,-9.344999999999999,57.196,57.196,-33.80799999999999,-43.15299999999999,84,2.014,15
28787,1,0.844,1.117,-85.828,1.483000000000004,1.483,82.46299999999997,-3.365000000000009,84,2.014,16
24419,1,1.312,1.65,-31.502999999999986,58.545000000000016,58.545,-7.628999999999991,-39.132000000000005,84,2.014,17
136,1,2.242,0.883,26.501000000000005,68.75900000000001,68.759,-6.778999999999996,19.72200000000001,84,2.014,18
21277,1,1.979,0.873,36.846000000000004,35.82499999999999,35.825,-5.99199999999999,30.853999999999985,84,2.014,19
54113,1,1.078,0.916,-47.242999999999995,17.674000000000007,17.674,46.06299999999999,-1.1800000000000068,84,2.014,20
6996,1,1.498,1.001,-22.228999999999985,60.53,60.53,-7.358000000000004,-29.58699999999999,85,2.016,1
6185,1,3.851,0.538,62.507000000000005,71.945,71.945,0.3120000000000118,62.81900000000002,85,2.016,2
130,1,2.423,0.873,29.728999999999985,67.79399999999998,67.794,-1.882000000000005,27.84700000000001,85,2.016,3
49834,1,1.013,0.974,-74.045,5.907000000000011,5.907,67.49000000000001,-6.555000000000007,85,2.016,4
12393,1,1.319,1.191,-33.18799999999999,90.81600000000003,90.816,-2.5649999999999977,-35.752999999999986,85,2.016,5
46715,1,1.118,0.937,-14.995000000000005,81.29599999999999,81.296,-9.084000000000003,-24.079000000000008,85,2.016,6
23165,1,0.817,1.417,-11.257000000000005,46.787000000000006,46.787,-30.458,-41.715,85,2.016,7
25610,1,1.582,1.24,-41.708,37.75,37.75,-2.2750000000000057,-43.983000000000004,85,2.016,8
18632,1,1.84,0.914,33.168000000000006,45.542,45.542,14.146000000000015,47.31399999999999,85,2.016,9
41092,1,1.28,0.645,-5.153999999999996,51.536,51.536,-44.959,-50.113,85,2.016,10
136,1,2.242,0.883,26.501000000000005,68.75900000000001,68.759,-6.778999999999996,19.72200000000001,85,2.016,11
11823,1,1.159,0.947,-10.364000000000004,19.00800000000001,19.008,-8.193999999999988,-18.557999999999993,85,2.016,12
21292,1,0.819,1.504,-17.64500000000001,56.486999999999995,56.487,-17.865999999999985,-35.510999999999996,85,2.016,13
3798,1,3.427,0.832,-45.872000000000014,92.74200000000002,92.742,89.20299999999997,43.33100000000002,85,2.016,14
39404,1,1.08,0.778,-21.698000000000008,94.10899999999998,94.109,-4.038000000000011,-25.73599999999999,85,2.016,15
35627,1,0.968,0.814,26.44399999999999,86.70600000000002,86.706,35.53399999999999,61.97800000000001,85,2.016,16
26159,1,1.261,0.797,26.947000000000003,40.745000000000005,40.745,-19.171999999999997,7.775000000000006,85,2.016,17
43120,1,1.289,0.888,28.951999999999998,97.82100000000003,97.821,56.48599999999999,85.43799999999999,85,2.016,18
15964,1,0.902,0.589,-32.02000000000001,-11.790999999999997,11.791,45.56200000000001,13.542000000000002,85,2.016,19
15960,1,0.909,0.771,-72.543,-9.84899999999999,9.849,83.452,10.908999999999992,85,2.016,20
33290,1,2.034,0.842,34.101,78.77100000000002,78.771,7.299000000000007,41.400000000000006,86,2.017,1
15960,1,0.909,0.771,-72.543,-9.84899999999999,9.849,83.452,10.908999999999992,86,2.017,2
15066,1,1.014,1.454,-0.13700000000000045,87.27800000000002,87.278,-30.51400000000001,-30.65100000000001,86,2.017,3
583,1,1.325,0.738,8.432999999999993,82.14300000000003,82.143,-36.17599999999999,-27.742999999999995,86,2.017,4
11853,1,0.898,0.885,-23.363,52.91499999999999,52.915,-1.681999999999988,-25.045000000000016,86,2.017,5
41350,1,1.697,0.806,-32.131,66.297,66.297,13.119,-19.012,86,2.017,6
44367,1,1.148,0.679,30.917,96.33299999999997,96.333,65.078,95.995,86,2.017,7
9068,1,1.557,0.921,-24.685000000000002,36.88499999999999,36.885,-6.771999999999991,-31.456999999999994,86,2.017,8
15869,1,1.318,0.949,-61.00800000000001,7.163999999999987,7.164,70.35300000000001,9.344999999999999,86,2.017,9
150,1,2.04,0.993,17.787000000000006,71.90300000000002,71.903,6.4809999999999945,24.268,86,2.017,10
23020,1,1.26,0.795,-7.912000000000006,32.27000000000001,32.27,-16.22200000000001,-24.134000000000015,86,2.017,11
47916,1,1.144,0.957,12.045999999999992,98.935,98.935,26.13900000000001,38.185,86,2.017,12
25583,1,1.632,1.07,-63.684,40.989000000000004,40.989,11.792000000000002,-51.891999999999996,86,2.017,13
16811,1,1.267,1.249,12.603000000000009,34.89099999999999,34.891,-43.012,-30.408999999999992,86,2.017,14
20207,1,2.094,0.875,74.869,25.56899999999999,25.569,-47.935,26.933999999999997,86,2.017,15
39430,1,0.956,0.847,54.36699999999999,10.427999999999997,10.428,-54.932,-0.5649999999999977,86,2.017,16
48835,1,1.387,1.37,-19.86099999999999,56.271000000000015,56.271,-19.418000000000006,-39.278999999999996,86,2.017,17
11763,1,0.645,0.776,-26.990999999999985,33.32499999999999,33.325,-15.490999999999985,-42.482,86,2.017,18
6014,1,3.912,0.567,56.46800000000002,76.80399999999997,76.804,2.9850000000000136,59.453,86,2.017,19
4765,1,1.125,0.904,-49.283000000000015,75.91399999999999,75.914,19.439999999999998,-29.84299999999999,86,2.017,20
36865,1,1.106,1.147,9.090000000000003,57.64500000000001,57.645,-28.695999999999998,-19.605999999999995,87,2.017,1
26640,1,1.62,1.158,25.59299999999999,67.47,67.47,38.691,64.28399999999999,87,2.017,2
136,1,2.242,0.883,26.501000000000005,68.75900000000001,68.759,-6.778999999999996,19.72200000000001,87,2.017,3
31301,1,1.073,1.135,-23.78800000000001,100.49900000000002,100.499,6.242999999999995,-17.545000000000016,87,2.017,4
24740,1,0.616,1.083,72.886,35.53199999999998,35.532,-73.208,-0.32200000000000273,87,2.017,5
8141,1,1.5,0.769,-40.44800000000001,36.899,36.899,9.294000000000011,-31.153999999999996,87,2.017,6
49414,1,1.131,1.475,-16.786,46.620000000000005,46.62,-23.752999999999986,-40.53899999999999,87,2.017,7
15869,1,1.318,0.949,-61.00800000000001,7.163999999999987,7.164,70.35300000000001,9.344999999999999,87,2.017,8
54113,1,1.078,0.916,-47.242999999999995,17.674000000000007,17.674,46.06299999999999,-1.1800000000000068,87,2.017,9
33933,1,1.732,0.701,29.651999999999987,67.00400000000002,67.004,-0.35200000000000387,29.30000000000001,87,2.017,10
39435,1,1.073,1.125,28.768,12.462999999999994,12.463,-28.888000000000005,-0.12000000000000455,87,2.017,11
5368,1,1.47,0.941,-28.204000000000008,85.42700000000002,85.427,17.33099999999999,-10.87299999999999,87,2.017,12
15960,1,0.909,0.771,-72.543,-9.84899999999999,9.849,83.452,10.908999999999992,87,2.017,13
48439,1,1.646,0.818,-36.03399999999999,76.38599999999997,76.386,5.686000000000007,-30.348000000000013,87,2.017,14
20301,1,1.342,0.845,-19.353999999999985,59.453,59.453,-15.954000000000008,-35.30799999999999,87,2.017,15
175,1,1.103,0.963,-19.05000000000001,60.670000000000016,60.67,19.742999999999995,0.6929999999999836,87,2.017,16
16146,1,1.319,0.644,24.575999999999993,62.28199999999998,62.282,-45.084,-20.50800000000001,87,2.017,17
12193,1,1.166,1.059,-21.72200000000001,66.32400000000001,66.324,-22.90100000000001,-44.62299999999999,87,2.017,18
6022,1,4.138,0.804,57.740999999999985,75.63999999999999,75.64,4.925999999999988,62.667,87,2.017,19
32294,1,1.395,0.796,-67.565,35.197,35.197,28.068000000000012,-39.497000000000014,87,2.017,20
44241,1,1.492,1.016,32.81700000000001,88.82600000000002,88.826,64.618,97.435,88,2.019,1
39140,1,1.006,0.76,-24.90700000000001,53.615999999999985,53.616,-7.501000000000005,-32.408000000000015,88,2.019,2
6014,1,3.912,0.567,56.46800000000002,76.80399999999997,76.804,2.9850000000000136,59.453,88,2.019,3
18213,1,0.904,1.387,20.040999999999997,30.262,30.262,-33.228999999999985,-13.187999999999988,88,2.019,4
32211,1,1.176,1.199,-51.21199999999999,23.063999999999993,23.064,11.369,-39.84300000000002,88,2.019,5
15964,1,0.902,0.589,-32.02000000000001,-11.790999999999997,11.791,45.56200000000001,13.542000000000002,88,2.019,6
22177,1,1.537,0.706,-23.88499999999999,63.912000000000006,63.912,0.664999999999992,-23.22,88,2.019,7
15960,1,0.909,0.771,-72.543,-9.84899999999999,9.849,83.452,10.908999999999992,88,2.019,8
36865,1,1.106,1.147,9.090000000000003,57.64500000000001,57.645,-28.695999999999998,-19.605999999999995,88,2.019,9
11425,1,1.169,1.481,-11.14500000000001,28.543000000000006,28.543,-8.37899999999999,-19.524,88,2.019,10
15813,1,1.366,0.924,-4.421999999999997,71.63999999999999,71.64,-22.542,-26.964,88,2.019,11
46715,1,1.118,0.937,-14.995000000000005,81.29599999999999,81.296,-9.084000000000003,-24.079000000000008,88,2.019,12
3193,1,0.857,1.023,-30.954999999999984,13.117999999999995,13.118,49.108000000000004,18.15299999999999,88,2.019,13
33277,1,2.227,0.879,42.13900000000001,83.22199999999998,83.222,21.587999999999994,63.727000000000004,88,2.019,14
40878,1,0.796,1.75,-24.299000000000007,57.39500000000001,57.395,-11.080000000000013,-35.37899999999999,88,2.019,15
27275,1,1.176,0.941,-57.608000000000004,14.650000000000006,14.65,61.91300000000001,4.305000000000007,88,2.019,16
18576,1,1.255,0.924,-40.40199999999999,97.457,97.457,14.408999999999992,-25.992999999999995,88,2.019,17
34911,1,1.192,0.986,4.927999999999997,66.50799999999998,66.508,-20.522999999999996,-15.594999999999999,88,2.019,18
19454,1,1.042,0.996,-11.085000000000008,63.56200000000001,63.562,-20.298000000000002,-31.38300000000001,88,2.019,19
6022,1,4.138,0.804,57.740999999999985,75.63999999999999,75.64,4.925999999999988,62.667,88,2.019,20
31301,1,1.073,1.135,-23.78800000000001,100.49900000000002,100.499,6.242999999999995,-17.545000000000016,89,2.02,1
30341,1,1.073,1.337,-14.882000000000005,71.30599999999998,71.306,-16.375,-31.257000000000005,89,2.02,2
130,1,2.423,0.873,29.728999999999985,67.79399999999998,67.794,-1.882000000000005,27.84700000000001,89,2.02,3
39530,1,1.24,1.114,-1.6709999999999923,18.240999999999985,18.241,17.974999999999994,16.304000000000002,89,2.02,4
41350,1,1.697,0.806,-32.131,66.297,66.297,13.119,-19.012,89,2.02,5
25610,1,1.582,1.24,-41.708,37.75,37.75,-2.2750000000000057,-43.983000000000004,89,2.02,6
150,1,2.04,0.993,17.787000000000006,71.90300000000002,71.903,6.4809999999999945,24.268,89,2.02,7
32294,1,1.395,0.796,-67.565,35.197,35.197,28.068000000000012,-39.497000000000014,89,2.02,8
33290,1,2.034,0.842,34.101,78.77100000000002,78.771,7.299000000000007,41.400000000000006,89,2.02,9
46544,1,1.497,1.127,22.153999999999996,38.44800000000001,38.448,-33.06399999999999,-10.909999999999997,89,2.02,10
27067,1,1.164,1.07,-89.437,-21.99199999999999,21.992,85.92700000000002,-3.509999999999991,89,2.02,11
28788,1,0.952,0.966,-18.275000000000006,1.4840000000000089,1.484,13.846000000000004,-4.429000000000002,89,2.02,12
19465,1,1.431,1.292,-9.344999999999999,57.196,57.196,-33.80799999999999,-43.15299999999999,89,2.02,13
12393,1,1.319,1.191,-33.18799999999999,90.81600000000003,90.816,-2.5649999999999977,-35.752999999999986,89,2.02,14
19757,1,1.227,0.634,3.272999999999996,62.357,62.357,-49.432000000000016,-46.15899999999999,89,2.02,15
253,1,1.293,0.837,5.256,68.649,68.649,-50.547,-45.291,89,2.02,16
43231,1,0.982,0.771,40.708,88.47399999999999,88.474,47.07300000000001,87.781,89,2.02,17
15964,1,0.902,0.589,-32.02000000000001,-11.790999999999997,11.791,45.56200000000001,13.542000000000002,89,2.02,18
7023,1,0.54,0.995,-1.4699999999999989,5.903999999999996,5.904,1.6260000000000048,0.1560000000000059,89,2.02,19
6185,1,3.851,0.538,62.507000000000005,71.945,71.945,0.3120000000000118,62.81900000000002,89,2.02,20
12130,1,1.2,1.198,-3.1289999999999907,52.23599999999999,52.236,-9.413999999999987,-12.543000000000006,90,2.023,1
17571,1,1.38,0.873,43.05099999999999,91.10199999999998,91.102,89.62299999999999,132.67399999999998,90,2.023,2
3140,1,0.881,1.021,38.86099999999999,24.421999999999997,24.422,-61.408,-22.546999999999997,90,2.023,3
46417,1,0.95,1.087,52.625,47.87899999999999,47.879,-24.085000000000008,28.539999999999992,90,2.023,4
15960,1,0.909,0.771,-72.543,-9.84899999999999,9.849,83.452,10.908999999999992,90,2.023,5
15609,1,1.412,1.028,25.596000000000004,62.983000000000004,62.983,22.873999999999995,48.47,90,2.023,6
32210,1,1.185,1.144,-73.261,21.089,21.089,36.637,-36.623999999999995,90,2.023,7
14485,1,0.929,0.824,-60.17099999999999,9.206999999999994,9.207,58.90100000000001,-1.2699999999999818,90,2.023,8
6014,1,3.912,0.567,56.46800000000002,76.80399999999997,76.804,2.9850000000000136,59.453,90,2.023,9
14757,1,1.14,1.155,-2.4000000000000057,81.868,81.868,-35.76599999999999,-38.166,90,2.023,10
41047,1,0.848,2.806,-61.12899999999999,-35.278999999999996,35.279,82.30000000000001,21.170999999999992,90,2.023,11
31301,1,1.073,1.135,-23.78800000000001,100.49900000000002,100.499,6.242999999999995,-17.545000000000016,90,2.023,12
14770,1,1.3,0.962,-20.745000000000005,63.815,63.815,-11.135999999999996,-31.881,90,2.023,13
25547,1,1.646,1.103,-59.92099999999999,34.343999999999994,34.344,10.957999999999998,-48.962999999999994,90,2.023,14
16918,1,1.721,1.058,-8.245000000000005,82.30099999999999,82.301,11.068999999999988,2.8240000000000123,90,2.023,15
28175,1,1.202,1.222,-14.698000000000008,41.846000000000004,41.846,1.318000000000012,-13.379999999999995,90,2.023,16
41350,1,1.697,0.806,-32.131,66.297,66.297,13.119,-19.012,90,2.023,17
33933,1,1.732,0.701,29.651999999999987,67.00400000000002,67.004,-0.35200000000000387,29.30000000000001,90,2.023,18
40395,1,1.084,1.495,-34.603999999999985,42.379999999999995,42.38,-5.131,-39.735000000000014,90,2.023,19
15813,1,1.366,0.924,-4.421999999999997,71.63999999999999,71.64,-22.542,-26.964,90,2.023,20
138,1,2.133,0.979,30.192000000000007,62.70099999999999,62.701,-5.658999999999992,24.533000000000015,91,2.027,1
15962,1,0.899,0.825,-58.64,-10.11099999999999,10.111,74.495,15.855000000000018,91,2.027,2
50349,1,0.971,1.391,-8.219999999999999,58.83699999999999,58.837,-25.474999999999994,-33.69499999999999,91,2.027,3
25264,1,2.148,0.578,20.711000000000013,35.316,35.316,22.67500000000001,43.385999999999996,91,2.027,4
54113,1,1.078,0.916,-47.242999999999995,17.674000000000007,17.674,46.06299999999999,-1.1800000000000068,91,2.027,5
24198,1,1.002,1.441,-24.38499999999999,54.271000000000015,54.271,-11.00800000000001,-35.393,91,2.027,6
32215,1,1.111,1.187,-61.144000000000005,25.16900000000001,25.169,20.226,-40.918000000000006,91,2.027,7
26995,1,1.162,0.836,-93.027,-22.799000000000007,22.799,77.77699999999999,-15.25,91,2.027,8
37792,1,1.302,1.002,30.171999999999997,55.464,55.464,-47.64500000000001,-17.473000000000013,91,2.027,9
15813,1,1.366,0.924,-4.421999999999997,71.63999999999999,71.64,-22.542,-26.964,91,2.027,10
1802,1,1.145,0.916,-21.52199999999999,57.85900000000001,57.859,-9.475999999999999,-30.99799999999999,91,2.027,11
430,1,1.576,0.721,-7.510999999999996,51.897999999999996,51.898,-26.99000000000001,-34.501000000000005,91,2.027,12
15960,1,0.909,0.771,-72.543,-9.84899999999999,9.849,83.452,10.908999999999992,91,2.027,13
6185,1,3.851,0.538,62.507000000000005,71.945,71.945,0.3120000000000118,62.81900000000002,91,2.027,14
18576,1,1.255,0.924,-40.40199999999999,97.457,97.457,14.408999999999992,-25.992999999999995,91,2.027,15
48442,1,1.166,0.653,-34.557000000000016,66.02800000000002,66.028,2.218999999999994,-32.337999999999994,91,2.027,16
49061,1,0.862,1.683,40.69400000000002,95.721,95.721,-24.589,16.105000000000018,91,2.027,17
41350,1,1.697,0.806,-32.131,66.297,66.297,13.119,-19.012,91,2.027,18
35647,1,0.989,0.989,31.644000000000005,93.21500000000003,93.215,46.66899999999998,78.31299999999999,91,2.027,19
43120,1,1.289,0.888,28.951999999999998,97.82100000000003,97.821,56.48599999999999,85.43799999999999,91,2.027,20
2300,1,3.07,0.699,63.86500000000001,65.417,65.417,-12.691000000000003,51.17400000000001,92,2.028,1
20275,1,2.184,0.687,55.0,34.69499999999999,34.695,-31.068000000000012,23.931999999999988,92,2.028,2
26986,1,1.055,0.729,79.05899999999997,28.376000000000005,28.376,-97.513,-18.454000000000008,92,2.028,3
130,1,2.423,0.873,29.728999999999985,67.79399999999998,67.794,-1.882000000000005,27.84700000000001,92,2.028,4
20307,1,1.1,0.719,-18.49600000000001,67.51400000000001,67.514,-18.409999999999997,-36.906000000000006,92,2.028,5
47915,1,1.226,0.902,11.219999999999999,99.26099999999997,99.261,31.134000000000015,42.353999999999985,92,2.028,6
41092,1,1.28,0.645,-5.153999999999996,51.536,51.536,-44.959,-50.113,92,2.028,7
31445,1,1.037,1.079,35.977000000000004,46.81700000000001,46.817,-6.193000000000012,29.783999999999992,92,2.028,8
12130,1,1.2,1.198,-3.1289999999999907,52.23599999999999,52.236,-9.413999999999987,-12.543000000000006,92,2.028,9
44268,1,1.266,0.731,31.562000000000012,94.01099999999997,94.011,53.66300000000001,85.22500000000002,92,2.028,10
7066,1,1.122,1.003,-51.0,13.593999999999994,13.594,51.87100000000001,0.8710000000000093,92,2.028,11
45493,1,1.077,1.166,25.057999999999993,57.247000000000014,57.247,-36.865999999999985,-11.807999999999993,92,2.028,12
8038,1,1.218,0.935,-33.797,29.728999999999985,29.729,2.6759999999999877,-31.12099999999998,92,2.028,13
15960,1,0.909,0.771,-72.543,-9.84899999999999,9.849,83.452,10.908999999999992,92,2.028,14
11952,1,1.279,1.052,-22.673000000000002,83.46199999999999,83.462,-13.405000000000001,-36.078,92,2.028,15
21119,1,1.699,1.292,-38.65299999999999,62.918000000000006,62.918,12.050000000000011,-26.60300000000001,92,2.028,16
5146,1,1.625,0.7,-30.90299999999999,60.42500000000001,60.425,8.941000000000003,-21.96199999999999,92,2.028,17
15953,1,1.005,0.852,-25.456999999999994,-9.431000000000012,9.431,45.00399999999999,19.546999999999997,92,2.028,18
39394,1,1.006,0.776,-28.52000000000001,99.98000000000002,99.98,3.414999999999992,-25.10499999999999,92,2.028,19
9685,1,1.148,1.196,13.159999999999997,15.96799999999999,15.968,-9.61099999999999,3.5490000000000066,92,2.028,20
136,1,2.242,0.883,26.501000000000005,68.75900000000001,68.759,-6.778999999999996,19.72200000000001,93,2.043,1
15953,1,1.005,0.852,-25.456999999999994,-9.431000000000012,9.431,45.00399999999999,19.546999999999997,93,2.043,2
8553,1,1.269,1.376,-17.01599999999999,82.34100000000001,82.341,-33.17400000000001,-50.19,93,2.043,3
46713,1,0.963,1.133,-20.212999999999994,87.40199999999999,87.402,-12.139999999999986,-32.35300000000001,93,2.043,4
8882,1,1.845,0.947,-44.41499999999999,89.22399999999999,89.224,31.301999999999992,-13.113,93,2.043,5
2894,1,1.885,0.765,-32.328,21.341000000000008,21.341,1.240000000000009,-31.087999999999994,93,2.043,6
15960,1,0.909,0.771,-72.543,-9.84899999999999,9.849,83.452,10.908999999999992,93,2.043,7
8006,1,0.931,0.672,-35.048,33.757000000000005,33.757,-4.806000000000012,-39.853999999999985,93,2.043,8
42063,1,1.154,0.817,26.864000000000004,45.03899999999999,45.039,-12.963999999999999,13.900000000000006,93,2.043,9
15,1,1.5,1.133,26.46799999999999,68.82,68.82,-1.7510000000000048,24.716999999999985,93,2.043,10
6014,1,3.912,0.567,56.46800000000002,76.80399999999997,76.804,2.9850000000000136,59.453,93,2.043,11
10218,1,0.928,1.689,-14.88300000000001,64.49599999999998,64.496,-15.168000000000006,-30.050999999999988,93,2.043,12
43610,1,1.165,0.515,27.825999999999993,75.529,75.529,67.66399999999999,95.49000000000001,93,2.043,13
41350,1,1.697,0.806,-32.131,66.297,66.297,13.119,-19.012,93,2.043,14
27138,1,0.807,1.613,-37.92699999999999,53.809,53.809,3.429000000000002,-34.49799999999999,93,2.043,15
3125,1,1.01,1.387,37.351,20.061000000000007,20.061,-60.036,-22.685000000000002,93,2.043,16
15813,1,1.366,0.924,-4.421999999999997,71.63999999999999,71.64,-22.542,-26.964,93,2.043,17
27279,1,0.827,0.843,74.769,20.50399999999999,20.504,-87.294,-12.524999999999977,93,2.043,18
44267,1,0.955,0.842,33.035,99.51300000000003,99.513,55.80199999999999,88.83699999999999,93,2.043,19
28272,1,0.983,0.921,-28.013000000000005,38.82599999999999,38.826,-8.276999999999987,-36.28999999999999,93,2.043,20
47916,1,1.144,0.957,12.045999999999992,98.935,98.935,26.13900000000001,38.185,94,2.058,1
12193,1,1.166,1.059,-21.72200000000001,66.32400000000001,66.324,-22.90100000000001,-44.62299999999999,94,2.058,2
38780,1,1.627,1.03,10.301999999999992,48.418000000000006,48.418,-52.866,-42.56399999999999,94,2.058,3
36511,1,1.203,1.276,27.377999999999986,21.054000000000002,21.054,-51.92599999999999,-24.548000000000002,94,2.058,4
2233,1,3.787,1.039,79.666,71.29599999999999,71.296,-7.5519999999999925,72.114,94,2.058,5
40181,1,1.783,0.956,38.269000000000005,50.56999999999999,50.57,20.877999999999986,59.14699999999999,94,2.058,6
18840,1,1.417,0.9,-19.89099999999999,61.31299999999999,61.313,4.649000000000001,-15.24199999999999,94,2.058,7
20301,1,1.342,0.845,-19.353999999999985,59.453,59.453,-15.954000000000008,-35.30799999999999,94,2.058,8
6014,1,3.912,0.567,56.46800000000002,76.80399999999997,76.804,2.9850000000000136,59.453,94,2.058,9
46715,1,1.118,0.937,-14.995000000000005,81.29599999999999,81.296,-9.084000000000003,-24.079000000000008,94,2.058,10
43191,1,1.266,0.731,31.562000000000012,94.01099999999997,94.011,53.66300000000001,85.22500000000002,94,2.058,11
46712,1,0.816,1.062,-22.348000000000013,82.41399999999999,82.414,-5.247000000000014,-27.595,94,2.058,12
15960,1,0.909,0.771,-72.543,-9.84899999999999,9.849,83.452,10.908999999999992,94,2.058,13
47837,1,1.343,1.26,-46.54399999999998,50.474999999999994,50.475,7.764999999999986,-38.778999999999996,94,2.058,14
39584,1,1.282,0.742,25.420000000000016,26.52799999999999,26.528,-18.00399999999999,7.415999999999997,94,2.058,15
47291,1,1.231,0.822,64.786,42.54599999999999,42.546,-36.735000000000014,28.050999999999988,94,2.058,16
25583,1,1.632,1.07,-63.684,40.989000000000004,40.989,11.792000000000002,-51.891999999999996,94,2.058,17
45423,1,0.926,0.855,-39.375,7.563999999999993,7.564,29.694999999999993,-9.680000000000007,94,2.058,18
15953,1,1.005,0.852,-25.456999999999994,-9.431000000000012,9.431,45.00399999999999,19.546999999999997,94,2.058,19
34754,1,1.224,0.878,-6.5519999999999925,62.44400000000002,62.444,-24.509000000000015,-31.061000000000007,94,2.058,20
15960,1,0.909,0.771,-72.543,-9.84899999999999,9.849,83.452,10.908999999999992,95,2.065,1
24419,1,1.312,1.65,-31.502999999999986,58.545000000000016,58.545,-7.628999999999991,-39.132000000000005,95,2.065,2
44268,1,1.266,0.731,31.562000000000012,94.01099999999997,94.011,53.66300000000001,85.22500000000002,95,2.065,3
41350,1,1.697,0.806,-32.131,66.297,66.297,13.119,-19.012,95,2.065,4
6653,1,1.348,0.945,26.415999999999997,15.798000000000002,15.798,-14.574000000000012,11.842000000000013,95,2.065,5
51878,1,0.831,1.072,-56.858000000000004,13.632000000000005,13.632,57.59899999999999,0.7409999999999854,95,2.065,6
7739,1,1.829,0.703,-39.62899999999999,33.36699999999999,33.367,16.97399999999999,-22.655,95,2.065,7
3140,1,0.881,1.021,38.86099999999999,24.421999999999997,24.422,-61.408,-22.546999999999997,95,2.065,8
35407,1,1.043,0.988,-45.10900000000001,65.69999999999999,65.7,11.5,-33.60900000000001,95,2.065,9
2778,1,1.297,1.074,6.242999999999995,63.94900000000001,63.949,-38.55799999999999,-32.315,95,2.065,10
12357,1,1.213,1.158,-27.21799999999999,80.048,80.048,-4.0800000000000125,-31.298000000000002,95,2.065,11
5755,1,3.997,0.749,58.516999999999996,79.52199999999999,79.522,19.394000000000005,77.911,95,2.065,12
47915,1,1.226,0.902,11.219999999999999,99.26099999999997,99.261,31.134000000000015,42.353999999999985,95,2.065,13
13234,1,1.327,0.672,26.78800000000001,62.80799999999999,62.808,-45.47,-18.681999999999988,95,2.065,14
46715,1,1.118,0.937,-14.995000000000005,81.29599999999999,81.296,-9.084000000000003,-24.079000000000008,95,2.065,15
33932,1,1.759,1.089,33.62299999999999,66.601,66.601,0.47399999999998954,34.09699999999998,95,2.065,16
50266,1,0.954,1.087,34.78800000000001,2.634999999999991,2.635,-38.44999999999999,-3.662000000000006,95,2.065,17
12386,1,1.098,1.206,-29.384000000000015,82.62,82.62,-11.5,-40.884000000000015,95,2.065,18
20352,1,2.104,1.024,34.80099999999999,39.382000000000005,39.382,-2.502999999999986,32.298,95,2.065,19
19465,1,1.431,1.292,-9.344999999999999,57.196,57.196,-33.80799999999999,-43.15299999999999,95,2.065,20
14755,1,0.907,0.971,74.72300000000001,-12.790999999999997,12.791,-84.687,-9.963999999999999,96,2.072,1
15953,1,1.005,0.852,-25.456999999999994,-9.431000000000012,9.431,45.00399999999999,19.546999999999997,96,2.072,2
15960,1,0.909,0.771,-72.543,-9.84899999999999,9.849,83.452,10.908999999999992,96,2.072,3
35270,1,1.803,1.033,-4.913000000000011,58.19400000000002,58.194,-0.8360000000000127,-5.748999999999995,96,2.072,4
18105,1,1.99,1.076,36.57599999999999,60.17099999999999,60.171,34.257000000000005,70.833,96,2.072,5
7268,1,1.096,0.92,-14.53200000000001,25.340000000000003,25.34,-20.331999999999994,-34.864000000000004,96,2.072,6
133,1,2.319,0.995,28.873999999999995,63.864000000000004,63.864,-3.1430000000000007,25.730999999999995,96,2.072,7
6014,1,3.912,0.567,56.46800000000002,76.80399999999997,76.804,2.9850000000000136,59.453,96,2.072,8
12130,1,1.2,1.198,-3.1289999999999907,52.23599999999999,52.236,-9.413999999999987,-12.543000000000006,96,2.072,9
44197,1,1.289,0.888,28.951999999999998,97.82100000000003,97.821,56.48599999999999,85.43799999999999,96,2.072,10
52012,1,1.324,0.673,35.70600000000002,47.964,47.964,-29.945999999999998,5.759999999999991,96,2.072,11
14506,1,0.757,0.929,-41.58100000000002,13.641999999999996,13.642,38.170000000000016,-3.4110000000000014,96,2.072,12
10498,1,1.271,1.304,-35.62299999999999,91.98699999999997,91.987,12.830999999999989,-22.792,96,2.072,13
4765,1,1.125,0.904,-49.283000000000015,75.91399999999999,75.914,19.439999999999998,-29.84299999999999,96,2.072,14
46715,1,1.118,0.937,-14.995000000000005,81.29599999999999,81.296,-9.084000000000003,-24.079000000000008,96,2.072,15
20301,1,1.342,0.845,-19.353999999999985,59.453,59.453,-15.954000000000008,-35.30799999999999,96,2.072,16
11288,1,0.793,1.438,35.635999999999996,33.599999999999994,33.6,-49.17400000000001,-13.538000000000011,96,2.072,17
12357,1,1.213,1.158,-27.21799999999999,80.048,80.048,-4.0800000000000125,-31.298000000000002,96,2.072,18
6537,1,1.071,1.295,22.24600000000001,8.350999999999999,8.351,-9.244,13.00200000000001,96,2.072,19
26223,1,1.024,0.92,-4.314999999999998,71.619,71.619,-35.864000000000004,-40.179,96,2.072,20
15962,1,0.899,0.825,-58.64,-10.11099999999999,10.111,74.495,15.855000000000018,97,2.076,1
7476,1,1.684,0.569,-13.840000000000003,39.191,39.191,-29.27199999999999,-43.111999999999995,97,2.076,2
47708,1,1.552,0.846,-54.19200000000001,95.512,95.512,10.167000000000002,-44.025000000000006,97,2.076,3
35131,1,1.03,1.155,2.3470000000000084,30.650000000000006,30.65,-15.783999999999992,-13.437000000000012,97,2.076,4
6014,1,3.912,0.567,56.46800000000002,76.80399999999997,76.804,2.9850000000000136,59.453,97,2.076,5
48764,1,1.254,1.278,-24.650000000000006,49.321,49.321,-8.931999999999988,-33.581999999999994,97,2.076,6
19130,1,1.177,0.809,-7.080999999999989,77.28199999999998,77.282,-23.611999999999995,-30.693000000000012,97,2.076,7
27275,1,1.176,0.941,-57.608000000000004,14.650000000000006,14.65,61.91300000000001,4.305000000000007,97,2.076,8
150,1,2.04,0.993,17.787000000000006,71.90300000000002,71.903,6.4809999999999945,24.268,97,2.076,9
44197,1,1.289,0.888,28.951999999999998,97.82100000000003,97.821,56.48599999999999,85.43799999999999,97,2.076,10
47291,1,1.231,0.822,64.786,42.54599999999999,42.546,-36.735000000000014,28.050999999999988,97,2.076,11
25610,1,1.582,1.24,-41.708,37.75,37.75,-2.2750000000000057,-43.983000000000004,97,2.076,12
8039,1,1.319,0.961,15.969999999999999,66.26400000000001,66.264,-44.03,-28.060000000000002,97,2.076,13
133,1,2.319,0.995,28.873999999999995,63.864000000000004,63.864,-3.1430000000000007,25.730999999999995,97,2.076,14
15927,1,1.023,0.858,98.19100000000003,4.092999999999989,4.093,-81.152,17.038999999999987,97,2.076,15
12171,1,1.276,1.417,0.3859999999999957,75.838,75.838,-37.934,-37.548,97,2.076,16
8623,1,1.105,0.714,27.381,69.88299999999998,69.883,25.974999999999994,53.355999999999995,97,2.076,17
10499,1,1.41,1.104,-32.96800000000002,97.322,97.322,8.211000000000013,-24.757000000000005,97,2.076,18
36511,1,1.203,1.276,27.377999999999986,21.054000000000002,21.054,-51.92599999999999,-24.548000000000002,97,2.076,19
46712,1,0.816,1.062,-22.348000000000013,82.41399999999999,82.414,-5.247000000000014,-27.595,97,2.076,20
43120,1,1.289,0.888,28.951999999999998,97.82100000000003,97.821,56.48599999999999,85.43799999999999,98,2.076,1
7125,1,0.859,0.814,-21.04400000000001,4.443000000000012,4.443,18.778999999999996,-2.265000000000015,98,2.076,2
150,1,2.04,0.993,17.787000000000006,71.90300000000002,71.903,6.4809999999999945,24.268,98,2.076,3
37490,1,1.246,0.74,-12.221000000000004,87.08299999999997,87.083,-18.156000000000006,-30.37700000000001,98,2.076,4
3133,1,0.821,1.115,28.622000000000014,35.048,35.048,-41.77600000000001,-13.153999999999996,98,2.076,5
8623,1,1.105,0.714,27.381,69.88299999999998,69.883,25.974999999999994,53.355999999999995,98,2.076,6
44361,1,1.189,0.549,34.93899999999999,92.77600000000001,92.776,58.857,93.79599999999999,98,2.076,7
34599,1,1.127,0.883,18.256,60.716999999999985,60.717,-45.071,-26.814999999999998,98,2.076,8
47112,1,1.467,1.37,-25.02199999999999,39.54900000000001,39.549,-16.884000000000015,-41.906000000000006,98,2.076,9
15960,1,0.909,0.771,-72.543,-9.84899999999999,9.849,83.452,10.908999999999992,98,2.076,10
7739,1,1.829,0.703,-39.62899999999999,33.36699999999999,33.367,16.97399999999999,-22.655,98,2.076,11
34918,1,1.111,0.91,20.988,74.387,74.387,-21.507000000000005,-0.5190000000000055,98,2.076,12
19465,1,1.431,1.292,-9.344999999999999,57.196,57.196,-33.80799999999999,-43.15299999999999,98,2.076,13
15874,1,1.201,0.965,-65.562,7.956999999999994,7.957,79.43600000000004,13.874000000000024,98,2.076,14
5146,1,1.625,0.7,-30.90299999999999,60.42500000000001,60.425,8.941000000000003,-21.96199999999999,98,2.076,15
36040,1,1.195,1.237,-38.43099999999998,58.49000000000001,58.49,-5.969999999999999,-44.40100000000001,98,2.076,16
6014,1,3.912,0.567,56.46800000000002,76.80399999999997,76.804,2.9850000000000136,59.453,98,2.076,17
12393,1,1.319,1.191,-33.18799999999999,90.81600000000003,90.816,-2.5649999999999977,-35.752999999999986,98,2.076,18
32210,1,1.185,1.144,-73.261,21.089,21.089,36.637,-36.623999999999995,98,2.076,19
41350,1,1.697,0.806,-32.131,66.297,66.297,13.119,-19.012,98,2.076,20
9818,1,1.728,0.723,-12.338999999999999,61.52699999999999,61.527,-6.638000000000005,-18.977000000000004,99,2.092,1
6453,1,0.907,0.743,-44.759000000000015,20.326999999999998,20.327,41.553,-3.2060000000000173,99,2.092,2
40328,1,1.675,0.591,56.05500000000001,37.02600000000001,37.026,6.417000000000002,62.47200000000001,99,2.092,3
49641,1,1.207,0.845,41.119,52.96800000000002,52.968,-39.56299999999999,1.5559999999999832,99,2.092,4
31284,1,1.032,0.827,-58.672,40.27600000000001,40.276,13.014999999999986,-45.65699999999998,99,2.092,5
10766,1,0.902,1.08,33.962999999999994,17.482,17.482,-51.16399999999999,-17.200999999999993,99,2.092,6
44197,1,1.289,0.888,28.951999999999998,97.82100000000003,97.821,56.48599999999999,85.43799999999999,99,2.092,7
14755,1,0.907,0.971,74.72300000000001,-12.790999999999997,12.791,-84.687,-9.963999999999999,99,2.092,8
26012,1,0.562,1.677,-16.51599999999999,28.578000000000003,28.578,-22.91900000000001,-39.435,99,2.092,9
31301,1,1.073,1.135,-23.78800000000001,100.49900000000002,100.499,6.242999999999995,-17.545000000000016,99,2.092,10
37218,1,1.665,0.713,-10.532999999999987,56.44200000000001,56.442,-1.8770000000000095,-12.409999999999997,99,2.092,11
32210,1,1.185,1.144,-73.261,21.089,21.089,36.637,-36.623999999999995,99,2.092,12
41350,1,1.697,0.806,-32.131,66.297,66.297,13.119,-19.012,99,2.092,13
6022,1,4.138,0.804,57.740999999999985,75.63999999999999,75.64,4.925999999999988,62.667,99,2.092,14
15953,1,1.005,0.852,-25.456999999999994,-9.431000000000012,9.431,45.00399999999999,19.546999999999997,99,2.092,15
25302,1,0.869,1.039,78.75999999999999,52.10300000000001,52.103,-66.524,12.23599999999999,99,2.092,16
15813,1,1.366,0.924,-4.421999999999997,71.63999999999999,71.64,-22.542,-26.964,99,2.092,17
10498,1,1.271,1.304,-35.62299999999999,91.98699999999997,91.987,12.830999999999989,-22.792,99,2.092,18
34107,1,1.603,1.017,18.296999999999997,66.26400000000001,66.264,-22.723000000000013,-4.425999999999988,99,2.092,19
720,1,1.203,0.781,-3.26400000000001,75.36000000000001,75.36,-34.364000000000004,-37.627999999999986,99,2.092,20
136,1,2.242,0.883,26.501000000000005,68.75900000000001,68.759,-6.778999999999996,19.72200000000001,100,2.094,1
6352,1,1.087,0.729,22.444999999999993,66.26400000000001,66.264,-27.13499999999999,-4.689999999999998,100,2.094,2
8024,1,1.663,0.89,-9.164999999999992,24.784999999999997,24.785,-31.26400000000001,-40.429,100,2.094,3
15964,1,0.902,0.589,-32.02000000000001,-11.790999999999997,11.791,45.56200000000001,13.542000000000002,100,2.094,4
44197,1,1.289,0.888,28.951999999999998,97.82100000000003,97.821,56.48599999999999,85.43799999999999,100,2.094,5
43191,1,1.266,0.731,31.562000000000012,94.01099999999997,94.011,53.66300000000001,85.22500000000002,100,2.094,6
13001,1,1.728,0.919,-39.120000000000005,83.23500000000001,83.235,9.359000000000009,-29.760999999999996,100,2.094,7
36565,1,1.27,1.227,21.736999999999995,8.948000000000008,8.948,-6.3089999999999975,15.427999999999997,100,2.094,8
10498,1,1.271,1.304,-35.62299999999999,91.98699999999997,91.987,12.830999999999989,-22.792,100,2.094,9
29773,1,1.175,1.794,-9.704000000000008,45.66300000000001,45.663,-18.944999999999993,-28.649,100,2.094,10
4500,1,1.335,1.079,-15.699000000000012,67.14100000000002,67.141,-5.584000000000003,-21.283000000000015,100,2.094,11
1065,1,1.004,0.884,-5.653999999999996,82.60399999999998,82.604,-17.111999999999995,-22.76599999999999,100,2.094,12
33296,1,2.047,0.721,45.111999999999995,76.06600000000003,76.066,10.436000000000007,55.548,100,2.094,13
15960,1,0.909,0.771,-72.543,-9.84899999999999,9.849,83.452,10.908999999999992,100,2.094,14
26406,1,0.801,1.035,-48.367999999999995,15.195999999999998,15.196,43.932000000000016,-4.436000000000007,100,2.094,15
6185,1,3.851,0.538,62.507000000000005,71.945,71.945,0.3120000000000118,62.81900000000002,100,2.094,16
32294,1,1.395,0.796,-67.565,35.197,35.197,28.068000000000012,-39.497000000000014,100,2.094,17
53388,1,0.97,1.417,-30.18100000000001,41.80199999999999,41.802,-7.02000000000001,-37.20099999999999,100,2.094,18
45942,1,1.013,0.892,26.723000000000013,49.19400000000002,49.194,-26.216000000000008,0.507000000000005,100,2.094,19
6418,1,1.253,0.77,-15.278999999999996,56.553,56.553,-0.05000000000001137,-15.329000000000008,100,2.094,20
