frame,ok,h1_rmsd,h2_rmsd,alpha,beta,abs_beta,gamma,zeta_alpha_plus_gamma,replicate,sas_rdc_rmsd,selection_rank
43548,1,0.91,0.829,48.567999999999984,15.989000000000004,15.989,-76.483,-27.91500000000002,1,3.117,1
40520,1,1.603,0.908,53.456999999999994,60.863,60.863,-41.394000000000005,12.062999999999988,1,3.117,2
28793,1,1.26,1.086,-34.285,108.77499999999998,108.775,-21.960000000000008,-56.245000000000005,1,3.117,3
264,1,2.837,1.155,60.456999999999994,72.65199999999999,72.652,17.426999999999992,77.88400000000001,1,3.117,4
825,1,2.213,0.824,30.837999999999994,75.38400000000001,75.384,12.482,43.31999999999999,1,3.117,5
3539,1,0.993,1.969,-19.581999999999994,29.99000000000001,29.99,-18.364000000000004,-37.946,1,3.117,6
44184,1,1.302,0.855,38.393,28.214,28.214,-64.334,-25.941000000000003,1,3.117,7
9366,1,1.544,0.935,-3.467000000000013,37.63300000000001,37.633,-50.212999999999994,-53.68000000000001,1,3.117,8
48833,1,1.42,1.389,-6.030000000000001,38.420000000000016,38.42,-24.486999999999995,-30.516999999999996,1,3.117,9
28774,1,1.281,1.152,-36.351,108.755,108.755,-10.40100000000001,-46.75200000000001,1,3.117,10
526,1,1.806,1.005,9.388000000000005,73.311,73.311,23.843999999999994,33.232,1,3.117,11
6988,1,1.123,1.86,-26.86500000000001,14.098000000000013,14.098,-18.312999999999988,-45.178,1,3.117,12
23112,1,1.201,1.08,-9.730999999999995,105.17700000000002,105.177,-28.573000000000008,-38.304,1,3.117,13
262,1,2.751,1.319,67.29500000000002,64.701,64.701,15.527999999999992,82.82299999999998,1,3.117,14
793,1,2.118,0.789,15.911000000000001,81.28700000000003,81.287,39.38300000000001,55.29399999999998,1,3.117,15
5099,1,0.984,1.531,-20.754999999999995,32.97800000000001,32.978,-43.997000000000014,-64.752,1,3.117,16
1040,1,1.591,0.761,-2.8360000000000127,46.236999999999995,46.237,-22.372000000000014,-25.208,1,3.117,17
9177,1,1.4,0.888,-7.336999999999989,39.93600000000001,39.936,-44.93799999999999,-52.275000000000006,1,3.117,18
528,1,1.773,0.771,9.619,70.34100000000001,70.341,30.002999999999986,39.622000000000014,1,3.117,19
2980,1,1.077,1.237,-11.163999999999987,36.365999999999985,36.366,-24.921999999999997,-36.08600000000001,1,3.117,20
643,1,1.905,1.14,15.38900000000001,48.93700000000001,48.937,-12.546999999999997,2.8419999999999845,2,3.134,1
4057,1,0.742,1.365,-32.12299999999999,43.513000000000005,43.513,-18.26400000000001,-50.387,2,3.134,2
28783,1,1.258,0.956,-37.559,110.733,110.733,-16.050999999999988,-53.61,2,3.134,3
528,1,1.773,0.771,9.619,70.34100000000001,70.341,30.002999999999986,39.622000000000014,2,3.134,4
48649,1,0.889,1.166,8.537000000000006,34.29599999999999,34.296,-40.59,-32.053,2,3.134,5
937,1,1.487,0.811,-8.891999999999996,67.33100000000002,67.331,2.009999999999991,-6.882000000000005,2,3.134,6
28774,1,1.281,1.152,-36.351,108.755,108.755,-10.40100000000001,-46.75200000000001,2,3.134,7
9323,1,1.523,1.191,4.653999999999996,44.373999999999995,44.374,-57.41499999999999,-52.760999999999996,2,3.134,8
262,1,2.751,1.319,67.29500000000002,64.701,64.701,15.527999999999992,82.82299999999998,2,3.134,9
6986,1,0.831,1.621,-0.34499999999999886,16.25399999999999,16.254,-45.78899999999999,-46.134000000000015,2,3.134,10
44184,1,1.302,0.855,38.393,28.214,28.214,-64.334,-25.941000000000003,2,3.134,11
825,1,2.213,0.824,30.837999999999994,75.38400000000001,75.384,12.482,43.31999999999999,2,3.134,12
48833,1,1.42,1.389,-6.030000000000001,38.420000000000016,38.42,-24.486999999999995,-30.516999999999996,2,3.134,13
264,1,2.837,1.155,60.456999999999994,72.65199999999999,72.652,17.426999999999992,77.88400000000001,2,3.134,14
40520,1,1.603,0.908,53.456999999999994,60.863,60.863,-41.394000000000005,12.062999999999988,2,3.134,15
6988,1,1.123,1.86,-26.86500000000001,14.098000000000013,14.098,-18.312999999999988,-45.178,2,3.134,16
8346,1,1.176,0.86,17.289999999999992,32.69200000000001,32.692,-59.93299999999999,-42.643,2,3.134,17
3564,1,1.204,1.729,-51.131,25.513000000000005,25.513,5.1200000000000045,-46.010999999999996,2,3.134,18
793,1,2.118,0.789,15.911000000000001,81.28700000000003,81.287,39.38300000000001,55.29399999999998,2,3.134,19
23112,1,1.201,1.08,-9.730999999999995,105.17700000000002,105.177,-28.573000000000008,-38.304,2,3.134,20
3539,1,0.993,1.969,-19.581999999999994,29.99000000000001,29.99,-18.364000000000004,-37.946,3,3.137,1
825,1,2.213,0.824,30.837999999999994,75.38400000000001,75.384,12.482,43.31999999999999,3,3.137,2
48649,1,0.889,1.166,8.537000000000006,34.29599999999999,34.296,-40.59,-32.053,3,3.137,3
8346,1,1.176,0.86,17.289999999999992,32.69200000000001,32.692,-59.93299999999999,-42.643,3,3.137,4
6991,1,1.107,1.704,-3.8470000000000084,17.236999999999995,17.237,-41.06999999999999,-44.917,3,3.137,5
793,1,2.118,0.789,15.911000000000001,81.28700000000003,81.287,39.38300000000001,55.29399999999998,3,3.137,6
264,1,2.837,1.155,60.456999999999994,72.65199999999999,72.652,17.426999999999992,77.88400000000001,3,3.137,7
1040,1,1.591,0.761,-2.8360000000000127,46.236999999999995,46.237,-22.372000000000014,-25.208,3,3.137,8
526,1,1.806,1.005,9.388000000000005,73.311,73.311,23.843999999999994,33.232,3,3.137,9
262,1,2.751,1.319,67.29500000000002,64.701,64.701,15.527999999999992,82.82299999999998,3,3.137,10
4316,1,1.314,1.449,-42.43899999999999,46.781000000000006,46.781,-8.759000000000015,-51.19800000000001,3,3.137,11
528,1,1.773,0.771,9.619,70.34100000000001,70.341,30.002999999999986,39.622000000000014,3,3.137,12
48833,1,1.42,1.389,-6.030000000000001,38.420000000000016,38.42,-24.486999999999995,-30.516999999999996,3,3.137,13
28774,1,1.281,1.152,-36.351,108.755,108.755,-10.40100000000001,-46.75200000000001,3,3.137,14
44184,1,1.302,0.855,38.393,28.214,28.214,-64.334,-25.941000000000003,3,3.137,15
27366,1,1.217,0.938,-11.5,93.04399999999998,93.044,-27.456999999999994,-38.956999999999994,3,3.137,16
40539,1,1.791,0.785,44.28899999999999,63.60900000000001,63.609,-43.52600000000001,0.7630000000000052,3,3.137,17
9366,1,1.544,0.935,-3.467000000000013,37.63300000000001,37.633,-50.212999999999994,-53.68000000000001,3,3.137,18
28793,1,1.26,1.086,-34.285,108.77499999999998,108.775,-21.960000000000008,-56.245000000000005,3,3.137,19
6986,1,0.831,1.621,-0.34499999999999886,16.25399999999999,16.254,-45.78899999999999,-46.134000000000015,3,3.137,20
48666,1,0.951,0.917,21.708,36.80599999999998,36.806,-46.787000000000006,-25.079000000000008,4,3.142,1
23112,1,1.201,1.08,-9.730999999999995,105.17700000000002,105.177,-28.573000000000008,-38.304,4,3.142,2
798,1,1.491,1.281,7.5,87.66300000000001,87.663,23.28200000000001,30.78200000000001,4,3.142,3
28774,1,1.281,1.152,-36.351,108.755,108.755,-10.40100000000001,-46.75200000000001,4,3.142,4
40520,1,1.603,0.908,53.456999999999994,60.863,60.863,-41.394000000000005,12.062999999999988,4,3.142,5
6988,1,1.123,1.86,-26.86500000000001,14.098000000000013,14.098,-18.312999999999988,-45.178,4,3.142,6
825,1,2.213,0.824,30.837999999999994,75.38400000000001,75.384,12.482,43.31999999999999,4,3.142,7
262,1,2.751,1.319,67.29500000000002,64.701,64.701,15.527999999999992,82.82299999999998,4,3.142,8
793,1,2.118,0.789,15.911000000000001,81.28700000000003,81.287,39.38300000000001,55.29399999999998,4,3.142,9
28793,1,1.26,1.086,-34.285,108.77499999999998,108.775,-21.960000000000008,-56.245000000000005,4,3.142,10
264,1,2.837,1.155,60.456999999999994,72.65199999999999,72.652,17.426999999999992,77.88400000000001,4,3.142,11
48833,1,1.42,1.389,-6.030000000000001,38.420000000000016,38.42,-24.486999999999995,-30.516999999999996,4,3.142,12
2980,1,1.077,1.237,-11.163999999999987,36.365999999999985,36.366,-24.921999999999997,-36.08600000000001,4,3.142,13
9366,1,1.544,0.935,-3.467000000000013,37.63300000000001,37.633,-50.212999999999994,-53.68000000000001,4,3.142,14
528,1,1.773,0.771,9.619,70.34100000000001,70.341,30.002999999999986,39.622000000000014,4,3.142,15
9177,1,1.4,0.888,-7.336999999999989,39.93600000000001,39.936,-44.93799999999999,-52.275000000000006,4,3.142,16
3539,1,0.993,1.969,-19.581999999999994,29.99000000000001,29.99,-18.364000000000004,-37.946,4,3.142,17
4057,1,0.742,1.365,-32.12299999999999,43.513000000000005,43.513,-18.26400000000001,-50.387,4,3.142,18
8346,1,1.176,0.86,17.289999999999992,32.69200000000001,32.692,-59.93299999999999,-42.643,4,3.142,19
43934,1,1.187,0.856,35.87700000000001,34.94999999999999,34.95,-60.857,-24.97999999999999,4,3.142,20
1040,1,1.591,0.761,-2.8360000000000127,46.236999999999995,46.237,-22.372000000000014,-25.208,5,3.145,1
28793,1,1.26,1.086,-34.285,108.77499999999998,108.775,-21.960000000000008,-56.245000000000005,5,3.145,2
48435,1,1.569,0.967,23.36699999999999,26.131,26.131,-50.63499999999999,-27.268,5,3.145,3
3539,1,0.993,1.969,-19.581999999999994,29.99000000000001,29.99,-18.364000000000004,-37.946,5,3.145,4
264,1,2.837,1.155,60.456999999999994,72.65199999999999,72.652,17.426999999999992,77.88400000000001,5,3.145,5
9323,1,1.523,1.191,4.653999999999996,44.373999999999995,44.374,-57.41499999999999,-52.760999999999996,5,3.145,6
6991,1,1.107,1.704,-3.8470000000000084,17.236999999999995,17.237,-41.06999999999999,-44.917,5,3.145,7
8346,1,1.176,0.86,17.289999999999992,32.69200000000001,32.692,-59.93299999999999,-42.643,5,3.145,8
528,1,1.773,0.771,9.619,70.34100000000001,70.341,30.002999999999986,39.622000000000014,5,3.145,9
7133,1,0.956,1.153,15.23599999999999,27.11699999999999,27.117,-62.33,-47.093999999999994,5,3.145,10
43934,1,1.187,0.856,35.87700000000001,34.94999999999999,34.95,-60.857,-24.97999999999999,5,3.145,11
48649,1,0.889,1.166,8.537000000000006,34.29599999999999,34.296,-40.59,-32.053,5,3.145,12
798,1,1.491,1.281,7.5,87.66300000000001,87.663,23.28200000000001,30.78200000000001,5,3.145,13
4248,1,0.787,1.459,-19.801999999999992,50.244,50.244,-24.138000000000005,-43.94,5,3.145,14
9366,1,1.544,0.935,-3.467000000000013,37.63300000000001,37.633,-50.212999999999994,-53.68000000000001,5,3.145,15
262,1,2.751,1.319,67.29500000000002,64.701,64.701,15.527999999999992,82.82299999999998,5,3.145,16
770,1,1.92,0.798,36.341999999999985,93.67599999999999,93.676,51.233000000000004,87.57499999999999,5,3.145,17
28774,1,1.281,1.152,-36.351,108.755,108.755,-10.40100000000001,-46.75200000000001,5,3.145,18
495,1,1.901,0.895,16.828000000000003,74.77699999999999,74.777,5.419000000000011,22.247000000000014,5,3.145,19
29102,1,0.975,1.053,-27.425999999999988,94.93899999999996,94.939,-23.823000000000008,-51.248999999999995,5,3.145,20
262,1,2.751,1.319,67.29500000000002,64.701,64.701,15.527999999999992,82.82299999999998,6,3.147,1
6988,1,1.123,1.86,-26.86500000000001,14.098000000000013,14.098,-18.312999999999988,-45.178,6,3.147,2
462,1,1.807,0.69,27.801999999999992,70.845,70.845,-13.096000000000004,14.705999999999989,6,3.147,3
43936,1,1.222,0.818,35.77600000000001,32.394000000000005,32.394,-65.833,-30.056999999999988,6,3.147,4
263,1,2.869,1.185,56.36699999999999,73.89699999999999,73.897,19.19399999999999,75.56099999999998,6,3.147,5
28774,1,1.281,1.152,-36.351,108.755,108.755,-10.40100000000001,-46.75200000000001,6,3.147,6
798,1,1.491,1.281,7.5,87.66300000000001,87.663,23.28200000000001,30.78200000000001,6,3.147,7
6986,1,0.831,1.621,-0.34499999999999886,16.25399999999999,16.254,-45.78899999999999,-46.134000000000015,6,3.147,8
48560,1,0.984,1.26,20.25200000000001,42.252999999999986,42.253,-46.673,-26.420999999999992,6,3.147,9
526,1,1.806,1.005,9.388000000000005,73.311,73.311,23.843999999999994,33.232,6,3.147,10
48833,1,1.42,1.389,-6.030000000000001,38.420000000000016,38.42,-24.486999999999995,-30.516999999999996,6,3.147,11
8346,1,1.176,0.86,17.289999999999992,32.69200000000001,32.692,-59.93299999999999,-42.643,6,3.147,12
4248,1,0.787,1.459,-19.801999999999992,50.244,50.244,-24.138000000000005,-43.94,6,3.147,13
643,1,1.905,1.14,15.38900000000001,48.93700000000001,48.937,-12.546999999999997,2.8419999999999845,6,3.147,14
44184,1,1.302,0.855,38.393,28.214,28.214,-64.334,-25.941000000000003,6,3.147,15
9177,1,1.4,0.888,-7.336999999999989,39.93600000000001,39.936,-44.93799999999999,-52.275000000000006,6,3.147,16
29102,1,0.975,1.053,-27.425999999999988,94.93899999999996,94.939,-23.823000000000008,-51.248999999999995,6,3.147,17
528,1,1.773,0.771,9.619,70.34100000000001,70.341,30.002999999999986,39.622000000000014,6,3.147,18
3539,1,0.993,1.969,-19.581999999999994,29.99000000000001,29.99,-18.364000000000004,-37.946,6,3.147,19
28793,1,1.26,1.086,-34.285,108.77499999999998,108.775,-21.960000000000008,-56.245000000000005,6,3.147,20
264,1,2.837,1.155,60.456999999999994,72.65199999999999,72.652,17.426999999999992,77.88400000000001,7,3.148,1
9365,1,1.413,0.867,-8.294000000000011,38.182000000000016,38.182,-43.55500000000001,-51.84899999999999,7,3.148,2
23112,1,1.201,1.08,-9.730999999999995,105.17700000000002,105.177,-28.573000000000008,-38.304,7,3.148,3
48435,1,1.569,0.967,23.36699999999999,26.131,26.131,-50.63499999999999,-27.268,7,3.148,4
770,1,1.92,0.798,36.341999999999985,93.67599999999999,93.676,51.233000000000004,87.57499999999999,7,3.148,5
262,1,2.751,1.319,67.29500000000002,64.701,64.701,15.527999999999992,82.82299999999998,7,3.148,6
3539,1,0.993,1.969,-19.581999999999994,29.99000000000001,29.99,-18.364000000000004,-37.946,7,3.148,7
462,1,1.807,0.69,27.801999999999992,70.845,70.845,-13.096000000000004,14.705999999999989,7,3.148,8
48666,1,0.951,0.917,21.708,36.80599999999998,36.806,-46.787000000000006,-25.079000000000008,7,3.148,9
28783,1,1.258,0.956,-37.559,110.733,110.733,-16.050999999999988,-53.61,7,3.148,10
48833,1,1.42,1.389,-6.030000000000001,38.420000000000016,38.42,-24.486999999999995,-30.516999999999996,7,3.148,11
2980,1,1.077,1.237,-11.163999999999987,36.365999999999985,36.366,-24.921999999999997,-36.08600000000001,7,3.148,12
828,1,2.01,0.747,28.953000000000003,74.92099999999999,74.921,14.840000000000003,43.793000000000006,7,3.148,13
4057,1,0.742,1.365,-32.12299999999999,43.513000000000005,43.513,-18.26400000000001,-50.387,7,3.148,14
7133,1,0.956,1.153,15.23599999999999,27.11699999999999,27.117,-62.33,-47.093999999999994,7,3.148,15
43937,1,1.12,0.579,44.75,30.835000000000008,30.835,-72.084,-27.334000000000003,7,3.148,16
798,1,1.491,1.281,7.5,87.66300000000001,87.663,23.28200000000001,30.78200000000001,7,3.148,17
9366,1,1.544,0.935,-3.467000000000013,37.63300000000001,37.633,-50.212999999999994,-53.68000000000001,7,3.148,18
28774,1,1.281,1.152,-36.351,108.755,108.755,-10.40100000000001,-46.75200000000001,7,3.148,19
653,1,2.079,0.866,-2.4480000000000075,49.18899999999999,49.189,9.593999999999994,7.145999999999987,7,3.148,20
48649,1,0.889,1.166,8.537000000000006,34.29599999999999,34.296,-40.59,-32.053,8,3.149,1
6988,1,1.123,1.86,-26.86500000000001,14.098000000000013,14.098,-18.312999999999988,-45.178,8,3.149,2
825,1,2.213,0.824,30.837999999999994,75.38400000000001,75.384,12.482,43.31999999999999,8,3.149,3
48833,1,1.42,1.389,-6.030000000000001,38.420000000000016,38.42,-24.486999999999995,-30.516999999999996,8,3.149,4
4008,1,0.823,1.288,-27.769000000000005,41.435,41.435,-20.51400000000001,-48.283000000000015,8,3.149,5
23112,1,1.201,1.08,-9.730999999999995,105.17700000000002,105.177,-28.573000000000008,-38.304,8,3.149,6
40520,1,1.603,0.908,53.456999999999994,60.863,60.863,-41.394000000000005,12.062999999999988,8,3.149,7
28793,1,1.26,1.086,-34.285,108.77499999999998,108.775,-21.960000000000008,-56.245000000000005,8,3.149,8
2980,1,1.077,1.237,-11.163999999999987,36.365999999999985,36.366,-24.921999999999997,-36.08600000000001,8,3.149,9
44184,1,1.302,0.855,38.393,28.214,28.214,-64.334,-25.941000000000003,8,3.149,10
528,1,1.773,0.771,9.619,70.34100000000001,70.341,30.002999999999986,39.622000000000014,8,3.149,11
798,1,1.491,1.281,7.5,87.66300000000001,87.663,23.28200000000001,30.78200000000001,8,3.149,12
793,1,2.118,0.789,15.911000000000001,81.28700000000003,81.287,39.38300000000001,55.29399999999998,8,3.149,13
28774,1,1.281,1.152,-36.351,108.755,108.755,-10.40100000000001,-46.75200000000001,8,3.149,14
262,1,2.751,1.319,67.29500000000002,64.701,64.701,15.527999999999992,82.82299999999998,8,3.149,15
9366,1,1.544,0.935,-3.467000000000013,37.63300000000001,37.633,-50.212999999999994,-53.68000000000001,8,3.149,16
264,1,2.837,1.155,60.456999999999994,72.65199999999999,72.652,17.426999999999992,77.88400000000001,8,3.149,17
1040,1,1.591,0.761,-2.8360000000000127,46.236999999999995,46.237,-22.372000000000014,-25.208,8,3.149,18
2309,1,1.685,0.836,-25.695999999999998,30.80600000000001,30.806,-19.415999999999997,-45.111999999999995,8,3.149,19
8346,1,1.176,0.86,17.289999999999992,32.69200000000001,32.692,-59.93299999999999,-42.643,8,3.149,20
798,1,1.491,1.281,7.5,87.66300000000001,87.663,23.28200000000001,30.78200000000001,9,3.15,1
3539,1,0.993,1.969,-19.581999999999994,29.99000000000001,29.99,-18.364000000000004,-37.946,9,3.15,2
264,1,2.837,1.155,60.456999999999994,72.65199999999999,72.652,17.426999999999992,77.88400000000001,9,3.15,3
48649,1,0.889,1.166,8.537000000000006,34.29599999999999,34.296,-40.59,-32.053,9,3.15,4
40520,1,1.603,0.908,53.456999999999994,60.863,60.863,-41.394000000000005,12.062999999999988,9,3.15,5
4179,1,1.168,1.577,-11.634000000000015,42.91899999999998,42.919,-36.206999999999994,-47.84100000000001,9,3.15,6
793,1,2.118,0.789,15.911000000000001,81.28700000000003,81.287,39.38300000000001,55.29399999999998,9,3.15,7
43934,1,1.187,0.856,35.87700000000001,34.94999999999999,34.95,-60.857,-24.97999999999999,9,3.15,8
2980,1,1.077,1.237,-11.163999999999987,36.365999999999985,36.366,-24.921999999999997,-36.08600000000001,9,3.15,9
262,1,2.751,1.319,67.29500000000002,64.701,64.701,15.527999999999992,82.82299999999998,9,3.15,10
9366,1,1.544,0.935,-3.467000000000013,37.63300000000001,37.633,-50.212999999999994,-53.68000000000001,9,3.15,11
6988,1,1.123,1.86,-26.86500000000001,14.098000000000013,14.098,-18.312999999999988,-45.178,9,3.15,12
528,1,1.773,0.771,9.619,70.34100000000001,70.341,30.002999999999986,39.622000000000014,9,3.15,13
9323,1,1.523,1.191,4.653999999999996,44.373999999999995,44.374,-57.41499999999999,-52.760999999999996,9,3.15,14
825,1,2.213,0.824,30.837999999999994,75.38400000000001,75.384,12.482,43.31999999999999,9,3.15,15
28793,1,1.26,1.086,-34.285,108.77499999999998,108.775,-21.960000000000008,-56.245000000000005,9,3.15,16
28774,1,1.281,1.152,-36.351,108.755,108.755,-10.40100000000001,-46.75200000000001,9,3.15,17
23112,1,1.201,1.08,-9.730999999999995,105.17700000000002,105.177,-28.573000000000008,-38.304,9,3.15,18
1040,1,1.591,0.761,-2.8360000000000127,46.236999999999995,46.237,-22.372000000000014,-25.208,9,3.15,19
48833,1,1.42,1.389,-6.030000000000001,38.420000000000016,38.42,-24.486999999999995,-30.516999999999996,9,3.15,20
1040,1,1.591,0.761,-2.8360000000000127,46.236999999999995,46.237,-22.372000000000014,-25.208,10,3.15,1
8346,1,1.176,0.86,17.289999999999992,32.69200000000001,32.692,-59.93299999999999,-42.643,10,3.15,2
528,1,1.773,0.771,9.619,70.34100000000001,70.341,30.002999999999986,39.622000000000014,10,3.15,3
28774,1,1.281,1.152,-36.351,108.755,108.755,-10.40100000000001,-46.75200000000001,10,3.15,4
44184,1,1.302,0.855,38.393,28.214,28.214,-64.334,-25.941000000000003,10,3.15,5
262,1,2.751,1.319,67.29500000000002,64.701,64.701,15.527999999999992,82.82299999999998,10,3.15,6
263,1,2.869,1.185,56.36699999999999,73.89699999999999,73.897,19.19399999999999,75.56099999999998,10,3.15,7
3564,1,1.204,1.729,-51.131,25.513000000000005,25.513,5.1200000000000045,-46.010999999999996,10,3.15,8
825,1,2.213,0.824,30.837999999999994,75.38400000000001,75.384,12.482,43.31999999999999,10,3.15,9
526,1,1.806,1.005,9.388000000000005,73.311,73.311,23.843999999999994,33.232,10,3.15,10
3539,1,0.993,1.969,-19.581999999999994,29.99000000000001,29.99,-18.364000000000004,-37.946,10,3.15,11
9323,1,1.523,1.191,4.653999999999996,44.373999999999995,44.374,-57.41499999999999,-52.760999999999996,10,3.15,12
40121,1,1.606,0.906,29.591000000000008,71.85300000000001,71.853,-16.057999999999993,13.532999999999987,10,3.15,13
29102,1,0.975,1.053,-27.425999999999988,94.93899999999996,94.939,-23.823000000000008,-51.248999999999995,10,3.15,14
793,1,2.118,0.789,15.911000000000001,81.28700000000003,81.287,39.38300000000001,55.29399999999998,10,3.15,15
6986,1,0.831,1.621,-0.34499999999999886,16.25399999999999,16.254,-45.78899999999999,-46.134000000000015,10,3.15,16
7133,1,0.956,1.153,15.23599999999999,27.11699999999999,27.117,-62.33,-47.093999999999994,10,3.15,17
48833,1,1.42,1.389,-6.030000000000001,38.420000000000016,38.42,-24.486999999999995,-30.516999999999996,10,3.15,18
28793,1,1.26,1.086,-34.285,108.77499999999998,108.775,-21.960000000000008,-56.245000000000005,10,3.15,19
48649,1,0.889,1.166,8.537000000000006,34.29599999999999,34.296,-40.59,-32.053,10,3.15,20
262,1,2.751,1.319,67.29500000000002,64.701,64.701,15.527999999999992,82.82299999999998,11,3.154,1
6986,1,0.831,1.621,-0.34499999999999886,16.25399999999999,16.254,-45.78899999999999,-46.134000000000015,11,3.154,2
462,1,1.807,0.69,27.801999999999992,70.845,70.845,-13.096000000000004,14.705999999999989,11,3.154,3
9366,1,1.544,0.935,-3.467000000000013,37.63300000000001,37.633,-50.212999999999994,-53.68000000000001,11,3.154,4
798,1,1.491,1.281,7.5,87.66300000000001,87.663,23.28200000000001,30.78200000000001,11,3.154,5
3539,1,0.993,1.969,-19.581999999999994,29.99000000000001,29.99,-18.364000000000004,-37.946,11,3.154,6
48435,1,1.569,0.967,23.36699999999999,26.131,26.131,-50.63499999999999,-27.268,11,3.154,7
264,1,2.837,1.155,60.456999999999994,72.65199999999999,72.652,17.426999999999992,77.88400000000001,11,3.154,8
23112,1,1.201,1.08,-9.730999999999995,105.17700000000002,105.177,-28.573000000000008,-38.304,11,3.154,9
770,1,1.92,0.798,36.341999999999985,93.67599999999999,93.676,51.233000000000004,87.57499999999999,11,3.154,10
1040,1,1.591,0.761,-2.8360000000000127,46.236999999999995,46.237,-22.372000000000014,-25.208,11,3.154,11
43934,1,1.187,0.856,35.87700000000001,34.94999999999999,34.95,-60.857,-24.97999999999999,11,3.154,12
9323,1,1.523,1.191,4.653999999999996,44.373999999999995,44.374,-57.41499999999999,-52.760999999999996,11,3.154,13
28774,1,1.281,1.152,-36.351,108.755,108.755,-10.40100000000001,-46.75200000000001,11,3.154,14
48833,1,1.42,1.389,-6.030000000000001,38.420000000000016,38.42,-24.486999999999995,-30.516999999999996,11,3.154,15
4450,1,0.716,1.246,24.973000000000013,23.608000000000004,23.608,-74.295,-49.322,11,3.154,16
28783,1,1.258,0.956,-37.559,110.733,110.733,-16.050999999999988,-53.61,11,3.154,17
4316,1,1.314,1.449,-42.43899999999999,46.781000000000006,46.781,-8.759000000000015,-51.19800000000001,11,3.154,18
529,1,1.75,0.886,9.614000000000004,69.21100000000001,69.211,30.819999999999993,40.434,11,3.154,19
49036,1,0.8,1.228,22.039999999999992,42.096000000000004,42.096,-57.934,-35.894000000000005,11,3.154,20
825,1,2.213,0.824,30.837999999999994,75.38400000000001,75.384,12.482,43.31999999999999,12,3.155,1
528,1,1.773,0.771,9.619,70.34100000000001,70.341,30.002999999999986,39.622000000000014,12,3.155,2
262,1,2.751,1.319,67.29500000000002,64.701,64.701,15.527999999999992,82.82299999999998,12,3.155,3
8346,1,1.176,0.86,17.289999999999992,32.69200000000001,32.692,-59.93299999999999,-42.643,12,3.155,4
798,1,1.491,1.281,7.5,87.66300000000001,87.663,23.28200000000001,30.78200000000001,12,3.155,5
4316,1,1.314,1.449,-42.43899999999999,46.781000000000006,46.781,-8.759000000000015,-51.19800000000001,12,3.155,6
6986,1,0.831,1.621,-0.34499999999999886,16.25399999999999,16.254,-45.78899999999999,-46.134000000000015,12,3.155,7
48833,1,1.42,1.389,-6.030000000000001,38.420000000000016,38.42,-24.486999999999995,-30.516999999999996,12,3.155,8
48649,1,0.889,1.166,8.537000000000006,34.29599999999999,34.296,-40.59,-32.053,12,3.155,9
264,1,2.837,1.155,60.456999999999994,72.65199999999999,72.652,17.426999999999992,77.88400000000001,12,3.155,10
9366,1,1.544,0.935,-3.467000000000013,37.63300000000001,37.633,-50.212999999999994,-53.68000000000001,12,3.155,11
28774,1,1.281,1.152,-36.351,108.755,108.755,-10.40100000000001,-46.75200000000001,12,3.155,12
28508,1,1.22,0.633,-18.043000000000006,73.543,73.543,-35.411,-53.45400000000001,12,3.155,13
3564,1,1.204,1.729,-51.131,25.513000000000005,25.513,5.1200000000000045,-46.010999999999996,12,3.155,14
28783,1,1.258,0.956,-37.559,110.733,110.733,-16.050999999999988,-53.61,12,3.155,15
793,1,2.118,0.789,15.911000000000001,81.28700000000003,81.287,39.38300000000001,55.29399999999998,12,3.155,16
2980,1,1.077,1.237,-11.163999999999987,36.365999999999985,36.366,-24.921999999999997,-36.08600000000001,12,3.155,17
9177,1,1.4,0.888,-7.336999999999989,39.93600000000001,39.936,-44.93799999999999,-52.275000000000006,12,3.155,18
43934,1,1.187,0.856,35.87700000000001,34.94999999999999,34.95,-60.857,-24.97999999999999,12,3.155,19
40520,1,1.603,0.908,53.456999999999994,60.863,60.863,-41.394000000000005,12.062999999999988,12,3.155,20
6988,1,1.123,1.86,-26.86500000000001,14.098000000000013,14.098,-18.312999999999988,-45.178,13,3.157,1
48833,1,1.42,1.389,-6.030000000000001,38.420000000000016,38.42,-24.486999999999995,-30.516999999999996,13,3.157,2
264,1,2.837,1.155,60.456999999999994,72.65199999999999,72.652,17.426999999999992,77.88400000000001,13,3.157,3
7133,1,0.956,1.153,15.23599999999999,27.11699999999999,27.117,-62.33,-47.093999999999994,13,3.157,4
40087,1,1.612,0.975,40.45099999999999,72.80700000000002,72.807,-23.242999999999995,17.208,13,3.157,5
43934,1,1.187,0.856,35.87700000000001,34.94999999999999,34.95,-60.857,-24.97999999999999,13,3.157,6
798,1,1.491,1.281,7.5,87.66300000000001,87.663,23.28200000000001,30.78200000000001,13,3.157,7
528,1,1.773,0.771,9.619,70.34100000000001,70.341,30.002999999999986,39.622000000000014,13,3.157,8
504,1,1.621,0.809,16.905,78.31799999999998,78.318,9.068999999999988,25.97399999999999,13,3.157,9
28793,1,1.26,1.086,-34.285,108.77499999999998,108.775,-21.960000000000008,-56.245000000000005,13,3.157,10
44184,1,1.302,0.855,38.393,28.214,28.214,-64.334,-25.941000000000003,13,3.157,11
262,1,2.751,1.319,67.29500000000002,64.701,64.701,15.527999999999992,82.82299999999998,13,3.157,12
793,1,2.118,0.789,15.911000000000001,81.28700000000003,81.287,39.38300000000001,55.29399999999998,13,3.157,13
28774,1,1.281,1.152,-36.351,108.755,108.755,-10.40100000000001,-46.75200000000001,13,3.157,14
4248,1,0.787,1.459,-19.801999999999992,50.244,50.244,-24.138000000000005,-43.94,13,3.157,15
2980,1,1.077,1.237,-11.163999999999987,36.365999999999985,36.366,-24.921999999999997,-36.08600000000001,13,3.157,16
9323,1,1.523,1.191,4.653999999999996,44.373999999999995,44.374,-57.41499999999999,-52.760999999999996,13,3.157,17
3539,1,0.993,1.969,-19.581999999999994,29.99000000000001,29.99,-18.364000000000004,-37.946,13,3.157,18
9366,1,1.544,0.935,-3.467000000000013,37.63300000000001,37.633,-50.212999999999994,-53.68000000000001,13,3.157,19
12612,1,1.109,1.039,-18.989000000000004,53.858000000000004,53.858,-28.585000000000008,-47.57400000000001,13,3.157,20
28774,1,1.281,1.152,-36.351,108.755,108.755,-10.40100000000001,-46.75200000000001,14,3.159,1
9323,1,1.523,1.191,4.653999999999996,44.373999999999995,44.374,-57.41499999999999,-52.760999999999996,14,3.159,2
48833,1,1.42,1.389,-6.030000000000001,38.420000000000016,38.42,-24.486999999999995,-30.516999999999996,14,3.159,3
793,1,2.118,0.789,15.911000000000001,81.28700000000003,81.287,39.38300000000001,55.29399999999998,14,3.159,4
798,1,1.491,1.281,7.5,87.66300000000001,87.663,23.28200000000001,30.78200000000001,14,3.159,5
6988,1,1.123,1.86,-26.86500000000001,14.098000000000013,14.098,-18.312999999999988,-45.178,14,3.159,6
28793,1,1.26,1.086,-34.285,108.77499999999998,108.775,-21.960000000000008,-56.245000000000005,14,3.159,7
3539,1,0.993,1.969,-19.581999999999994,29.99000000000001,29.99,-18.364000000000004,-37.946,14,3.159,8
23112,1,1.201,1.08,-9.730999999999995,105.17700000000002,105.177,-28.573000000000008,-38.304,14,3.159,9
43926,1,1.206,0.712,39.589,35.873999999999995,35.874,-66.654,-27.064999999999998,14,3.159,10
4248,1,0.787,1.459,-19.801999999999992,50.244,50.244,-24.138000000000005,-43.94,14,3.159,11
263,1,2.869,1.185,56.36699999999999,73.89699999999999,73.897,19.19399999999999,75.56099999999998,14,3.159,12
651,1,1.472,0.898,13.716000000000008,50.42699999999999,50.427,-14.439999999999998,-0.7239999999999895,14,3.159,13
44184,1,1.302,0.855,38.393,28.214,28.214,-64.334,-25.941000000000003,14,3.159,14
6986,1,0.831,1.621,-0.34499999999999886,16.25399999999999,16.254,-45.78899999999999,-46.134000000000015,14,3.159,15
48560,1,0.984,1.26,20.25200000000001,42.252999999999986,42.253,-46.673,-26.420999999999992,14,3.159,16
528,1,1.773,0.771,9.619,70.34100000000001,70.341,30.002999999999986,39.622000000000014,14,3.159,17
462,1,1.807,0.69,27.801999999999992,70.845,70.845,-13.096000000000004,14.705999999999989,14,3.159,18
262,1,2.751,1.319,67.29500000000002,64.701,64.701,15.527999999999992,82.82299999999998,14,3.159,19
8346,1,1.176,0.86,17.289999999999992,32.69200000000001,32.692,-59.93299999999999,-42.643,14,3.159,20
161,1,2.009,1.06,51.32300000000001,69.85500000000002,69.855,6.562000000000012,57.88499999999999,15,3.161,1
4248,1,0.787,1.459,-19.801999999999992,50.244,50.244,-24.138000000000005,-43.94,15,3.161,2
825,1,2.213,0.824,30.837999999999994,75.38400000000001,75.384,12.482,43.31999999999999,15,3.161,3
7133,1,0.956,1.153,15.23599999999999,27.11699999999999,27.117,-62.33,-47.093999999999994,15,3.161,4
28774,1,1.281,1.152,-36.351,108.755,108.755,-10.40100000000001,-46.75200000000001,15,3.161,5
40121,1,1.606,0.906,29.591000000000008,71.85300000000001,71.853,-16.057999999999993,13.532999999999987,15,3.161,6
28793,1,1.26,1.086,-34.285,108.77499999999998,108.775,-21.960000000000008,-56.245000000000005,15,3.161,7
3564,1,1.204,1.729,-51.131,25.513000000000005,25.513,5.1200000000000045,-46.010999999999996,15,3.161,8
262,1,2.751,1.319,67.29500000000002,64.701,64.701,15.527999999999992,82.82299999999998,15,3.161,9
9365,1,1.413,0.867,-8.294000000000011,38.182000000000016,38.182,-43.55500000000001,-51.84899999999999,15,3.161,10
6990,1,1.135,1.599,-15.051999999999992,18.726,18.726,-31.391999999999996,-46.44400000000002,15,3.161,11
793,1,2.118,0.789,15.911000000000001,81.28700000000003,81.287,39.38300000000001,55.29399999999998,15,3.161,12
43937,1,1.12,0.579,44.75,30.835000000000008,30.835,-72.084,-27.334000000000003,15,3.161,13
528,1,1.773,0.771,9.619,70.34100000000001,70.341,30.002999999999986,39.622000000000014,15,3.161,14
798,1,1.491,1.281,7.5,87.66300000000001,87.663,23.28200000000001,30.78200000000001,15,3.161,15
8346,1,1.176,0.86,17.289999999999992,32.69200000000001,32.692,-59.93299999999999,-42.643,15,3.161,16
48833,1,1.42,1.389,-6.030000000000001,38.420000000000016,38.42,-24.486999999999995,-30.516999999999996,15,3.161,17
44184,1,1.302,0.855,38.393,28.214,28.214,-64.334,-25.941000000000003,15,3.161,18
23112,1,1.201,1.08,-9.730999999999995,105.17700000000002,105.177,-28.573000000000008,-38.304,15,3.161,19
6986,1,0.831,1.621,-0.34499999999999886,16.25399999999999,16.254,-45.78899999999999,-46.134000000000015,15,3.161,20
262,1,2.751,1.319,67.29500000000002,64.701,64.701,15.527999999999992,82.82299999999998,16,3.162,1
48649,1,0.889,1.166,8.537000000000006,34.29599999999999,34.296,-40.59,-32.053,16,3.162,2
2980,1,1.077,1.237,-11.163999999999987,36.365999999999985,36.366,-24.921999999999997,-36.08600000000001,16,3.162,3
264,1,2.837,1.155,60.456999999999994,72.65199999999999,72.652,17.426999999999992,77.88400000000001,16,3.162,4
28793,1,1.26,1.086,-34.285,108.77499999999998,108.775,-21.960000000000008,-56.245000000000005,16,3.162,5
798,1,1.491,1.281,7.5,87.66300000000001,87.663,23.28200000000001,30.78200000000001,16,3.162,6
28508,1,1.22,0.633,-18.043000000000006,73.543,73.543,-35.411,-53.45400000000001,16,3.162,7
43934,1,1.187,0.856,35.87700000000001,34.94999999999999,34.95,-60.857,-24.97999999999999,16,3.162,8
6986,1,0.831,1.621,-0.34499999999999886,16.25399999999999,16.254,-45.78899999999999,-46.134000000000015,16,3.162,9
825,1,2.213,0.824,30.837999999999994,75.38400000000001,75.384,12.482,43.31999999999999,16,3.162,10
3564,1,1.204,1.729,-51.131,25.513000000000005,25.513,5.1200000000000045,-46.010999999999996,16,3.162,11
9366,1,1.544,0.935,-3.467000000000013,37.63300000000001,37.633,-50.212999999999994,-53.68000000000001,16,3.162,12
4316,1,1.314,1.449,-42.43899999999999,46.781000000000006,46.781,-8.759000000000015,-51.19800000000001,16,3.162,13
528,1,1.773,0.771,9.619,70.34100000000001,70.341,30.002999999999986,39.622000000000014,16,3.162,14
793,1,2.118,0.789,15.911000000000001,81.28700000000003,81.287,39.38300000000001,55.29399999999998,16,3.162,15
28774,1,1.281,1.152,-36.351,108.755,108.755,-10.40100000000001,-46.75200000000001,16,3.162,16
48666,1,0.951,0.917,21.708,36.80599999999998,36.806,-46.787000000000006,-25.079000000000008,16,3.162,17
40520,1,1.603,0.908,53.456999999999994,60.863,60.863,-41.394000000000005,12.062999999999988,16,3.162,18
9365,1,1.413,0.867,-8.294000000000011,38.182000000000016,38.182,-43.55500000000001,-51.84899999999999,16,3.162,19
48833,1,1.42,1.389,-6.030000000000001,38.420000000000016,38.42,-24.486999999999995,-30.516999999999996,16,3.162,20
9346,1,1.506,0.775,5.248999999999995,38.998999999999995,38.999,-55.816,-50.56700000000001,17,3.163,1
798,1,1.491,1.281,7.5,87.66300000000001,87.663,23.28200000000001,30.78200000000001,17,3.163,2
28774,1,1.281,1.152,-36.351,108.755,108.755,-10.40100000000001,-46.75200000000001,17,3.163,3
4070,1,0.965,1.483,-26.033000000000015,52.745000000000005,52.745,-29.49600000000001,-55.528999999999996,17,3.163,4
6986,1,0.831,1.621,-0.34499999999999886,16.25399999999999,16.254,-45.78899999999999,-46.134000000000015,17,3.163,5
526,1,1.806,1.005,9.388000000000005,73.311,73.311,23.843999999999994,33.232,17,3.163,6
6988,1,1.123,1.86,-26.86500000000001,14.098000000000013,14.098,-18.312999999999988,-45.178,17,3.163,7
262,1,2.751,1.319,67.29500000000002,64.701,64.701,15.527999999999992,82.82299999999998,17,3.163,8
459,1,1.791,0.851,26.59700000000001,66.636,66.636,-12.694999999999993,13.901999999999987,17,3.163,9
48833,1,1.42,1.389,-6.030000000000001,38.420000000000016,38.42,-24.486999999999995,-30.516999999999996,17,3.163,10
263,1,2.869,1.185,56.36699999999999,73.89699999999999,73.897,19.19399999999999,75.56099999999998,17,3.163,11
4316,1,1.314,1.449,-42.43899999999999,46.781000000000006,46.781,-8.759000000000015,-51.19800000000001,17,3.163,12
9366,1,1.544,0.935,-3.467000000000013,37.63300000000001,37.633,-50.212999999999994,-53.68000000000001,17,3.163,13
48649,1,0.889,1.166,8.537000000000006,34.29599999999999,34.296,-40.59,-32.053,17,3.163,14
489,1,1.657,0.781,17.187000000000012,79.16300000000001,79.163,4.955999999999989,22.143,17,3.163,15
2980,1,1.077,1.237,-11.163999999999987,36.365999999999985,36.366,-24.921999999999997,-36.08600000000001,17,3.163,16
793,1,2.118,0.789,15.911000000000001,81.28700000000003,81.287,39.38300000000001,55.29399999999998,17,3.163,17
43934,1,1.187,0.856,35.87700000000001,34.94999999999999,34.95,-60.857,-24.97999999999999,17,3.163,18
44184,1,1.302,0.855,38.393,28.214,28.214,-64.334,-25.941000000000003,17,3.163,19
28793,1,1.26,1.086,-34.285,108.77499999999998,108.775,-21.960000000000008,-56.245000000000005,17,3.163,20
528,1,1.773,0.771,9.619,70.34100000000001,70.341,30.002999999999986,39.622000000000014,18,3.163,1
257,1,3.0,1.121,70.595,58.146000000000015,58.146,17.075999999999993,87.67099999999999,18,3.163,2
6986,1,0.831,1.621,-0.34499999999999886,16.25399999999999,16.254,-45.78899999999999,-46.134000000000015,18,3.163,3
28774,1,1.281,1.152,-36.351,108.755,108.755,-10.40100000000001,-46.75200000000001,18,3.163,4
48833,1,1.42,1.389,-6.030000000000001,38.420000000000016,38.42,-24.486999999999995,-30.516999999999996,18,3.163,5
4248,1,0.787,1.459,-19.801999999999992,50.244,50.244,-24.138000000000005,-43.94,18,3.163,6
9177,1,1.4,0.888,-7.336999999999989,39.93600000000001,39.936,-44.93799999999999,-52.275000000000006,18,3.163,7
262,1,2.751,1.319,67.29500000000002,64.701,64.701,15.527999999999992,82.82299999999998,18,3.163,8
526,1,1.806,1.005,9.388000000000005,73.311,73.311,23.843999999999994,33.232,18,3.163,9
6991,1,1.107,1.704,-3.8470000000000084,17.236999999999995,17.237,-41.06999999999999,-44.917,18,3.163,10
28793,1,1.26,1.086,-34.285,108.77499999999998,108.775,-21.960000000000008,-56.245000000000005,18,3.163,11
462,1,1.807,0.69,27.801999999999992,70.845,70.845,-13.096000000000004,14.705999999999989,18,3.163,12
43926,1,1.206,0.712,39.589,35.873999999999995,35.874,-66.654,-27.064999999999998,18,3.163,13
23112,1,1.201,1.08,-9.730999999999995,105.17700000000002,105.177,-28.573000000000008,-38.304,18,3.163,14
44184,1,1.302,0.855,38.393,28.214,28.214,-64.334,-25.941000000000003,18,3.163,15
798,1,1.491,1.281,7.5,87.66300000000001,87.663,23.28200000000001,30.78200000000001,18,3.163,16
48560,1,0.984,1.26,20.25200000000001,42.252999999999986,42.253,-46.673,-26.420999999999992,18,3.163,17
793,1,2.118,0.789,15.911000000000001,81.28700000000003,81.287,39.38300000000001,55.29399999999998,18,3.163,18
3539,1,0.993,1.969,-19.581999999999994,29.99000000000001,29.99,-18.364000000000004,-37.946,18,3.163,19
8346,1,1.176,0.86,17.289999999999992,32.69200000000001,32.692,-59.93299999999999,-42.643,18,3.163,20
262,1,2.751,1.319,67.29500000000002,64.701,64.701,15.527999999999992,82.82299999999998,19,3.164,1
48435,1,1.569,0.967,23.36699999999999,26.131,26.131,-50.63499999999999,-27.268,19,3.164,2
48560,1,0.984,1.26,20.25200000000001,42.252999999999986,42.253,-46.673,-26.420999999999992,19,3.164,3
798,1,1.491,1.281,7.5,87.66300000000001,87.663,23.28200000000001,30.78200000000001,19,3.164,4
3539,1,0.993,1.969,-19.581999999999994,29.99000000000001,29.99,-18.364000000000004,-37.946,19,3.164,5
8346,1,1.176,0.86,17.289999999999992,32.69200000000001,32.692,-59.93299999999999,-42.643,19,3.164,6
37292,1,1.13,1.534,-1.554000000000002,96.577,96.577,-23.506,-25.060000000000002,19,3.164,7
28774,1,1.281,1.152,-36.351,108.755,108.755,-10.40100000000001,-46.75200000000001,19,3.164,8
28783,1,1.258,0.956,-37.559,110.733,110.733,-16.050999999999988,-53.61,19,3.164,9
6986,1,0.831,1.621,-0.34499999999999886,16.25399999999999,16.254,-45.78899999999999,-46.134000000000015,19,3.164,10
48563,1,1.106,1.263,17.72200000000001,39.39699999999999,39.397,-49.536,-31.813999999999993,19,3.164,11
528,1,1.773,0.771,9.619,70.34100000000001,70.341,30.002999999999986,39.622000000000014,19,3.164,12
789,1,1.965,0.77,19.531000000000006,81.97500000000002,81.975,39.905,59.43600000000001,19,3.164,13
48833,1,1.42,1.389,-6.030000000000001,38.420000000000016,38.42,-24.486999999999995,-30.516999999999996,19,3.164,14
44184,1,1.302,0.855,38.393,28.214,28.214,-64.334,-25.941000000000003,19,3.164,15
9366,1,1.544,0.935,-3.467000000000013,37.63300000000001,37.633,-50.212999999999994,-53.68000000000001,19,3.164,16
937,1,1.487,0.811,-8.891999999999996,67.33100000000002,67.331,2.009999999999991,-6.882000000000005,19,3.164,17
264,1,2.837,1.155,60.456999999999994,72.65199999999999,72.652,17.426999999999992,77.88400000000001,19,3.164,18
3891,1,1.196,1.617,-53.506,31.405,31.405,1.3019999999999925,-52.20400000000001,19,3.164,19
462,1,1.807,0.69,27.801999999999992,70.845,70.845,-13.096000000000004,14.705999999999989,19,3.164,20
1040,1,1.591,0.761,-2.8360000000000127,46.236999999999995,46.237,-22.372000000000014,-25.208,20,3.164,1
9177,1,1.4,0.888,-7.336999999999989,39.93600000000001,39.936,-44.93799999999999,-52.275000000000006,20,3.164,2
8346,1,1.176,0.86,17.289999999999992,32.69200000000001,32.692,-59.93299999999999,-42.643,20,3.164,3
48435,1,1.569,0.967,23.36699999999999,26.131,26.131,-50.63499999999999,-27.268,20,3.164,4
6986,1,0.831,1.621,-0.34499999999999886,16.25399999999999,16.254,-45.78899999999999,-46.134000000000015,20,3.164,5
23112,1,1.201,1.08,-9.730999999999995,105.17700000000002,105.177,-28.573000000000008,-38.304,20,3.164,6
264,1,2.837,1.155,60.456999999999994,72.65199999999999,72.652,17.426999999999992,77.88400000000001,20,3.164,7
793,1,2.118,0.789,15.911000000000001,81.28700000000003,81.287,39.38300000000001,55.29399999999998,20,3.164,8
44184,1,1.302,0.855,38.393,28.214,28.214,-64.334,-25.941000000000003,20,3.164,9
937,1,1.487,0.811,-8.891999999999996,67.33100000000002,67.331,2.009999999999991,-6.882000000000005,20,3.164,10
3891,1,1.196,1.617,-53.506,31.405,31.405,1.3019999999999925,-52.20400000000001,20,3.164,11
4316,1,1.314,1.449,-42.43899999999999,46.781000000000006,46.781,-8.759000000000015,-51.19800000000001,20,3.164,12
48833,1,1.42,1.389,-6.030000000000001,38.420000000000016,38.42,-24.486999999999995,-30.516999999999996,20,3.164,13
48542,1,0.752,0.991,17.283999999999992,39.86099999999999,39.861,-47.974999999999994,-30.691000000000003,20,3.164,14
28783,1,1.258,0.956,-37.559,110.733,110.733,-16.050999999999988,-53.61,20,3.164,15
40520,1,1.603,0.908,53.456999999999994,60.863,60.863,-41.394000000000005,12.062999999999988,20,3.164,16
770,1,1.92,0.798,36.341999999999985,93.67599999999999,93.676,51.233000000000004,87.57499999999999,20,3.164,17
28774,1,1.281,1.152,-36.351,108.755,108.755,-10.40100000000001,-46.75200000000001,20,3.164,18
528,1,1.773,0.771,9.619,70.34100000000001,70.341,30.002999999999986,39.622000000000014,20,3.164,19
263,1,2.869,1.185,56.36699999999999,73.89699999999999,73.897,19.19399999999999,75.56099999999998,20,3.164,20
28783,1,1.258,0.956,-37.559,110.733,110.733,-16.050999999999988,-53.61,21,3.164,1
48435,1,1.569,0.967,23.36699999999999,26.131,26.131,-50.63499999999999,-27.268,21,3.164,2
798,1,1.491,1.281,7.5,87.66300000000001,87.663,23.28200000000001,30.78200000000001,21,3.164,3
789,1,1.965,0.77,19.531000000000006,81.97500000000002,81.975,39.905,59.43600000000001,21,3.164,4
48560,1,0.984,1.26,20.25200000000001,42.252999999999986,42.253,-46.673,-26.420999999999992,21,3.164,5
48833,1,1.42,1.389,-6.030000000000001,38.420000000000016,38.42,-24.486999999999995,-30.516999999999996,21,3.164,6
4316,1,1.314,1.449,-42.43899999999999,46.781000000000006,46.781,-8.759000000000015,-51.19800000000001,21,3.164,7
6986,1,0.831,1.621,-0.34499999999999886,16.25399999999999,16.254,-45.78899999999999,-46.134000000000015,21,3.164,8
528,1,1.773,0.771,9.619,70.34100000000001,70.341,30.002999999999986,39.622000000000014,21,3.164,9
9366,1,1.544,0.935,-3.467000000000013,37.63300000000001,37.633,-50.212999999999994,-53.68000000000001,21,3.164,10
262,1,2.751,1.319,67.29500000000002,64.701,64.701,15.527999999999992,82.82299999999998,21,3.164,11
504,1,1.621,0.809,16.905,78.31799999999998,78.318,9.068999999999988,25.97399999999999,21,3.164,12
28774,1,1.281,1.152,-36.351,108.755,108.755,-10.40100000000001,-46.75200000000001,21,3.164,13
7133,1,0.956,1.153,15.23599999999999,27.11699999999999,27.117,-62.33,-47.093999999999994,21,3.164,14
44184,1,1.302,0.855,38.393,28.214,28.214,-64.334,-25.941000000000003,21,3.164,15
8346,1,1.176,0.86,17.289999999999992,32.69200000000001,32.692,-59.93299999999999,-42.643,21,3.164,16
462,1,1.807,0.69,27.801999999999992,70.845,70.845,-13.096000000000004,14.705999999999989,21,3.164,17
12612,1,1.109,1.039,-18.989000000000004,53.858000000000004,53.858,-28.585000000000008,-47.57400000000001,21,3.164,18
264,1,2.837,1.155,60.456999999999994,72.65199999999999,72.652,17.426999999999992,77.88400000000001,21,3.164,19
3564,1,1.204,1.729,-51.131,25.513000000000005,25.513,5.1200000000000045,-46.010999999999996,21,3.164,20
262,1,2.751,1.319,67.29500000000002,64.701,64.701,15.527999999999992,82.82299999999998,22,3.164,1
48833,1,1.42,1.389,-6.030000000000001,38.420000000000016,38.42,-24.486999999999995,-30.516999999999996,22,3.164,2
6991,1,1.107,1.704,-3.8470000000000084,17.236999999999995,17.237,-41.06999999999999,-44.917,22,3.164,3
4248,1,0.787,1.459,-19.801999999999992,50.244,50.244,-24.138000000000005,-43.94,22,3.164,4
48560,1,0.984,1.26,20.25200000000001,42.252999999999986,42.253,-46.673,-26.420999999999992,22,3.164,5
462,1,1.807,0.69,27.801999999999992,70.845,70.845,-13.096000000000004,14.705999999999989,22,3.164,6
28793,1,1.26,1.086,-34.285,108.77499999999998,108.775,-21.960000000000008,-56.245000000000005,22,3.164,7
528,1,1.773,0.771,9.619,70.34100000000001,70.341,30.002999999999986,39.622000000000014,22,3.164,8
28774,1,1.281,1.152,-36.351,108.755,108.755,-10.40100000000001,-46.75200000000001,22,3.164,9
43937,1,1.12,0.579,44.75,30.835000000000008,30.835,-72.084,-27.334000000000003,22,3.164,10
3539,1,0.993,1.969,-19.581999999999994,29.99000000000001,29.99,-18.364000000000004,-37.946,22,3.164,11
828,1,2.01,0.747,28.953000000000003,74.92099999999999,74.921,14.840000000000003,43.793000000000006,22,3.164,12
798,1,1.491,1.281,7.5,87.66300000000001,87.663,23.28200000000001,30.78200000000001,22,3.164,13
8346,1,1.176,0.86,17.289999999999992,32.69200000000001,32.692,-59.93299999999999,-42.643,22,3.164,14
526,1,1.806,1.005,9.388000000000005,73.311,73.311,23.843999999999994,33.232,22,3.164,15
44184,1,1.302,0.855,38.393,28.214,28.214,-64.334,-25.941000000000003,22,3.164,16
19895,1,1.435,1.192,-35.872000000000014,87.31900000000002,87.319,-22.54400000000001,-58.416,22,3.164,17
7133,1,0.956,1.153,15.23599999999999,27.11699999999999,27.117,-62.33,-47.093999999999994,22,3.164,18
793,1,2.118,0.789,15.911000000000001,81.28700000000003,81.287,39.38300000000001,55.29399999999998,22,3.164,19
9365,1,1.413,0.867,-8.294000000000011,38.182000000000016,38.182,-43.55500000000001,-51.84899999999999,22,3.164,20
43934,1,1.187,0.856,35.87700000000001,34.94999999999999,34.95,-60.857,-24.97999999999999,23,3.164,1
770,1,1.92,0.798,36.341999999999985,93.67599999999999,93.676,51.233000000000004,87.57499999999999,23,3.164,2
264,1,2.837,1.155,60.456999999999994,72.65199999999999,72.652,17.426999999999992,77.88400000000001,23,3.164,3
40275,1,1.246,1.167,16.739000000000004,73.42099999999999,73.421,-22.381,-5.641999999999996,23,3.164,4
495,1,1.901,0.895,16.828000000000003,74.77699999999999,74.777,5.419000000000011,22.247000000000014,23,3.164,5
7133,1,0.956,1.153,15.23599999999999,27.11699999999999,27.117,-62.33,-47.093999999999994,23,3.164,6
3539,1,0.993,1.969,-19.581999999999994,29.99000000000001,29.99,-18.364000000000004,-37.946,23,3.164,7
28783,1,1.258,0.956,-37.559,110.733,110.733,-16.050999999999988,-53.61,23,3.164,8
28774,1,1.281,1.152,-36.351,108.755,108.755,-10.40100000000001,-46.75200000000001,23,3.164,9
529,1,1.75,0.886,9.614000000000004,69.21100000000001,69.211,30.819999999999993,40.434,23,3.164,10
48435,1,1.569,0.967,23.36699999999999,26.131,26.131,-50.63499999999999,-27.268,23,3.164,11
23112,1,1.201,1.08,-9.730999999999995,105.17700000000002,105.177,-28.573000000000008,-38.304,23,3.164,12
6986,1,0.831,1.621,-0.34499999999999886,16.25399999999999,16.254,-45.78899999999999,-46.134000000000015,23,3.164,13
1040,1,1.591,0.761,-2.8360000000000127,46.236999999999995,46.237,-22.372000000000014,-25.208,23,3.164,14
48833,1,1.42,1.389,-6.030000000000001,38.420000000000016,38.42,-24.486999999999995,-30.516999999999996,23,3.164,15
9366,1,1.544,0.935,-3.467000000000013,37.63300000000001,37.633,-50.212999999999994,-53.68000000000001,23,3.164,16
789,1,1.965,0.77,19.531000000000006,81.97500000000002,81.975,39.905,59.43600000000001,23,3.164,17
8346,1,1.176,0.86,17.289999999999992,32.69200000000001,32.692,-59.93299999999999,-42.643,23,3.164,18
4055,1,1.222,1.611,-32.69400000000002,46.278999999999996,46.279,-15.893,-48.58699999999999,23,3.164,19
262,1,2.751,1.319,67.29500000000002,64.701,64.701,15.527999999999992,82.82299999999998,23,3.164,20
43545,1,0.963,1.112,34.382000000000005,25.514999999999986,25.515,-65.548,-31.165999999999997,24,3.165,1
44184,1,1.302,0.855,38.393,28.214,28.214,-64.334,-25.941000000000003,24,3.165,2
6991,1,1.107,1.704,-3.8470000000000084,17.236999999999995,17.237,-41.06999999999999,-44.917,24,3.165,3
28793,1,1.26,1.086,-34.285,108.77499999999998,108.775,-21.960000000000008,-56.245000000000005,24,3.165,4
5099,1,0.984,1.531,-20.754999999999995,32.97800000000001,32.978,-43.997000000000014,-64.752,24,3.165,5
263,1,2.869,1.185,56.36699999999999,73.89699999999999,73.897,19.19399999999999,75.56099999999998,24,3.165,6
37292,1,1.13,1.534,-1.554000000000002,96.577,96.577,-23.506,-25.060000000000002,24,3.165,7
4070,1,0.965,1.483,-26.033000000000015,52.745000000000005,52.745,-29.49600000000001,-55.528999999999996,24,3.165,8
528,1,1.773,0.771,9.619,70.34100000000001,70.341,30.002999999999986,39.622000000000014,24,3.165,9
8346,1,1.176,0.86,17.289999999999992,32.69200000000001,32.692,-59.93299999999999,-42.643,24,3.165,10
48833,1,1.42,1.389,-6.030000000000001,38.420000000000016,38.42,-24.486999999999995,-30.516999999999996,24,3.165,11
28774,1,1.281,1.152,-36.351,108.755,108.755,-10.40100000000001,-46.75200000000001,24,3.165,12
9365,1,1.413,0.867,-8.294000000000011,38.182000000000016,38.182,-43.55500000000001,-51.84899999999999,24,3.165,13
3539,1,0.993,1.969,-19.581999999999994,29.99000000000001,29.99,-18.364000000000004,-37.946,24,3.165,14
262,1,2.751,1.319,67.29500000000002,64.701,64.701,15.527999999999992,82.82299999999998,24,3.165,15
793,1,2.118,0.789,15.911000000000001,81.28700000000003,81.287,39.38300000000001,55.29399999999998,24,3.165,16
48560,1,0.984,1.26,20.25200000000001,42.252999999999986,42.253,-46.673,-26.420999999999992,24,3.165,17
937,1,1.487,0.811,-8.891999999999996,67.33100000000002,67.331,2.009999999999991,-6.882000000000005,24,3.165,18
40710,1,1.321,0.797,43.554,71.36599999999999,71.366,-26.574000000000012,16.97999999999999,24,3.165,19
798,1,1.491,1.281,7.5,87.66300000000001,87.663,23.28200000000001,30.78200000000001,24,3.165,20
9323,1,1.523,1.191,4.653999999999996,44.373999999999995,44.374,-57.41499999999999,-52.760999999999996,25,3.166,1
262,1,2.751,1.319,67.29500000000002,64.701,64.701,15.527999999999992,82.82299999999998,25,3.166,2
489,1,1.657,0.781,17.187000000000012,79.16300000000001,79.163,4.955999999999989,22.143,25,3.166,3
9366,1,1.544,0.935,-3.467000000000013,37.63300000000001,37.633,-50.212999999999994,-53.68000000000001,25,3.166,4
28774,1,1.281,1.152,-36.351,108.755,108.755,-10.40100000000001,-46.75200000000001,25,3.166,5
43934,1,1.187,0.856,35.87700000000001,34.94999999999999,34.95,-60.857,-24.97999999999999,25,3.166,6
790,1,2.161,0.774,21.101,84.493,84.493,39.05799999999999,60.15899999999999,25,3.166,7
48649,1,0.889,1.166,8.537000000000006,34.29599999999999,34.296,-40.59,-32.053,25,3.166,8
7133,1,0.956,1.153,15.23599999999999,27.11699999999999,27.117,-62.33,-47.093999999999994,25,3.166,9
798,1,1.491,1.281,7.5,87.66300000000001,87.663,23.28200000000001,30.78200000000001,25,3.166,10
3564,1,1.204,1.729,-51.131,25.513000000000005,25.513,5.1200000000000045,-46.010999999999996,25,3.166,11
27402,1,1.118,1.351,-9.198000000000008,86.84199999999998,86.842,-32.053,-41.251000000000005,25,3.166,12
48435,1,1.569,0.967,23.36699999999999,26.131,26.131,-50.63499999999999,-27.268,25,3.166,13
28793,1,1.26,1.086,-34.285,108.77499999999998,108.775,-21.960000000000008,-56.245000000000005,25,3.166,14
462,1,1.807,0.69,27.801999999999992,70.845,70.845,-13.096000000000004,14.705999999999989,25,3.166,15
3539,1,0.993,1.969,-19.581999999999994,29.99000000000001,29.99,-18.364000000000004,-37.946,25,3.166,16
257,1,3.0,1.121,70.595,58.146000000000015,58.146,17.075999999999993,87.67099999999999,25,3.166,17
48833,1,1.42,1.389,-6.030000000000001,38.420000000000016,38.42,-24.486999999999995,-30.516999999999996,25,3.166,18
528,1,1.773,0.771,9.619,70.34100000000001,70.341,30.002999999999986,39.622000000000014,25,3.166,19
4450,1,0.716,1.246,24.973000000000013,23.608000000000004,23.608,-74.295,-49.322,25,3.166,20
29102,1,0.975,1.053,-27.425999999999988,94.93899999999996,94.939,-23.823000000000008,-51.248999999999995,26,3.167,1
526,1,1.806,1.005,9.388000000000005,73.311,73.311,23.843999999999994,33.232,26,3.167,2
43934,1,1.187,0.856,35.87700000000001,34.94999999999999,34.95,-60.857,-24.97999999999999,26,3.167,3
3539,1,0.993,1.969,-19.581999999999994,29.99000000000001,29.99,-18.364000000000004,-37.946,26,3.167,4
770,1,1.92,0.798,36.341999999999985,93.67599999999999,93.676,51.233000000000004,87.57499999999999,26,3.167,5
8346,1,1.176,0.86,17.289999999999992,32.69200000000001,32.692,-59.93299999999999,-42.643,26,3.167,6
48435,1,1.569,0.967,23.36699999999999,26.131,26.131,-50.63499999999999,-27.268,26,3.167,7
462,1,1.807,0.69,27.801999999999992,70.845,70.845,-13.096000000000004,14.705999999999989,26,3.167,8
828,1,2.01,0.747,28.953000000000003,74.92099999999999,74.921,14.840000000000003,43.793000000000006,26,3.167,9
6986,1,0.831,1.621,-0.34499999999999886,16.25399999999999,16.254,-45.78899999999999,-46.134000000000015,26,3.167,10
937,1,1.487,0.811,-8.891999999999996,67.33100000000002,67.331,2.009999999999991,-6.882000000000005,26,3.167,11
6988,1,1.123,1.86,-26.86500000000001,14.098000000000013,14.098,-18.312999999999988,-45.178,26,3.167,12
48833,1,1.42,1.389,-6.030000000000001,38.420000000000016,38.42,-24.486999999999995,-30.516999999999996,26,3.167,13
9366,1,1.544,0.935,-3.467000000000013,37.63300000000001,37.633,-50.212999999999994,-53.68000000000001,26,3.167,14
4316,1,1.314,1.449,-42.43899999999999,46.781000000000006,46.781,-8.759000000000015,-51.19800000000001,26,3.167,15
21734,1,1.275,1.063,-20.727000000000004,97.81600000000003,97.816,-22.352000000000004,-43.07900000000001,26,3.167,16
262,1,2.751,1.319,67.29500000000002,64.701,64.701,15.527999999999992,82.82299999999998,26,3.167,17
48666,1,0.951,0.917,21.708,36.80599999999998,36.806,-46.787000000000006,-25.079000000000008,26,3.167,18
28774,1,1.281,1.152,-36.351,108.755,108.755,-10.40100000000001,-46.75200000000001,26,3.167,19
264,1,2.837,1.155,60.456999999999994,72.65199999999999,72.652,17.426999999999992,77.88400000000001,26,3.167,20
256,1,2.869,1.115,75.054,59.941,59.941,9.587999999999994,84.642,27,3.168,1
9323,1,1.523,1.191,4.653999999999996,44.373999999999995,44.374,-57.41499999999999,-52.760999999999996,27,3.168,2
804,1,1.501,0.955,-3.5010000000000048,90.99099999999999,90.991,21.986999999999995,18.48599999999999,27,3.168,3
48947,1,0.94,1.047,24.15700000000001,39.79399999999998,39.794,-51.67400000000001,-27.516999999999996,27,3.168,4
4057,1,0.742,1.365,-32.12299999999999,43.513000000000005,43.513,-18.26400000000001,-50.387,27,3.168,5
6986,1,0.831,1.621,-0.34499999999999886,16.25399999999999,16.254,-45.78899999999999,-46.134000000000015,27,3.168,6
3539,1,0.993,1.969,-19.581999999999994,29.99000000000001,29.99,-18.364000000000004,-37.946,27,3.168,7
48833,1,1.42,1.389,-6.030000000000001,38.420000000000016,38.42,-24.486999999999995,-30.516999999999996,27,3.168,8
28774,1,1.281,1.152,-36.351,108.755,108.755,-10.40100000000001,-46.75200000000001,27,3.168,9
48435,1,1.569,0.967,23.36699999999999,26.131,26.131,-50.63499999999999,-27.268,27,3.168,10
770,1,1.92,0.798,36.341999999999985,93.67599999999999,93.676,51.233000000000004,87.57499999999999,27,3.168,11
526,1,1.806,1.005,9.388000000000005,73.311,73.311,23.843999999999994,33.232,27,3.168,12
23112,1,1.201,1.08,-9.730999999999995,105.17700000000002,105.177,-28.573000000000008,-38.304,27,3.168,13
29102,1,0.975,1.053,-27.425999999999988,94.93899999999996,94.939,-23.823000000000008,-51.248999999999995,27,3.168,14
828,1,2.01,0.747,28.953000000000003,74.92099999999999,74.921,14.840000000000003,43.793000000000006,27,3.168,15
643,1,1.905,1.14,15.38900000000001,48.93700000000001,48.937,-12.546999999999997,2.8419999999999845,27,3.168,16
8346,1,1.176,0.86,17.289999999999992,32.69200000000001,32.692,-59.93299999999999,-42.643,27,3.168,17
262,1,2.751,1.319,67.29500000000002,64.701,64.701,15.527999999999992,82.82299999999998,27,3.168,18
44184,1,1.302,0.855,38.393,28.214,28.214,-64.334,-25.941000000000003,27,3.168,19
1040,1,1.591,0.761,-2.8360000000000127,46.236999999999995,46.237,-22.372000000000014,-25.208,27,3.168,20
48649,1,0.889,1.166,8.537000000000006,34.29599999999999,34.296,-40.59,-32.053,28,3.168,1
793,1,2.118,0.789,15.911000000000001,81.28700000000003,81.287,39.38300000000001,55.29399999999998,28,3.168,2
6991,1,1.107,1.704,-3.8470000000000084,17.236999999999995,17.237,-41.06999999999999,-44.917,28,3.168,3
526,1,1.806,1.005,9.388000000000005,73.311,73.311,23.843999999999994,33.232,28,3.168,4
28774,1,1.281,1.152,-36.351,108.755,108.755,-10.40100000000001,-46.75200000000001,28,3.168,5
3539,1,0.993,1.969,-19.581999999999994,29.99000000000001,29.99,-18.364000000000004,-37.946,28,3.168,6
5099,1,0.984,1.531,-20.754999999999995,32.97800000000001,32.978,-43.997000000000014,-64.752,28,3.168,7
8346,1,1.176,0.86,17.289999999999992,32.69200000000001,32.692,-59.93299999999999,-42.643,28,3.168,8
23112,1,1.201,1.08,-9.730999999999995,105.17700000000002,105.177,-28.573000000000008,-38.304,28,3.168,9
48560,1,0.984,1.26,20.25200000000001,42.252999999999986,42.253,-46.673,-26.420999999999992,28,3.168,10
9323,1,1.523,1.191,4.653999999999996,44.373999999999995,44.374,-57.41499999999999,-52.760999999999996,28,3.168,11
825,1,2.213,0.824,30.837999999999994,75.38400000000001,75.384,12.482,43.31999999999999,28,3.168,12
3564,1,1.204,1.729,-51.131,25.513000000000005,25.513,5.1200000000000045,-46.010999999999996,28,3.168,13
1040,1,1.591,0.761,-2.8360000000000127,46.236999999999995,46.237,-22.372000000000014,-25.208,28,3.168,14
44184,1,1.302,0.855,38.393,28.214,28.214,-64.334,-25.941000000000003,28,3.168,15
528,1,1.773,0.771,9.619,70.34100000000001,70.341,30.002999999999986,39.622000000000014,28,3.168,16
262,1,2.751,1.319,67.29500000000002,64.701,64.701,15.527999999999992,82.82299999999998,28,3.168,17
462,1,1.807,0.69,27.801999999999992,70.845,70.845,-13.096000000000004,14.705999999999989,28,3.168,18
264,1,2.837,1.155,60.456999999999994,72.65199999999999,72.652,17.426999999999992,77.88400000000001,28,3.168,19
28793,1,1.26,1.086,-34.285,108.77499999999998,108.775,-21.960000000000008,-56.245000000000005,28,3.168,20
4248,1,0.787,1.459,-19.801999999999992,50.244,50.244,-24.138000000000005,-43.94,29,3.169,1
6988,1,1.123,1.86,-26.86500000000001,14.098000000000013,14.098,-18.312999999999988,-45.178,29,3.169,2
9323,1,1.523,1.191,4.653999999999996,44.373999999999995,44.374,-57.41499999999999,-52.760999999999996,29,3.169,3
29102,1,0.975,1.053,-27.425999999999988,94.93899999999996,94.939,-23.823000000000008,-51.248999999999995,29,3.169,4
28783,1,1.258,0.956,-37.559,110.733,110.733,-16.050999999999988,-53.61,29,3.169,5
3539,1,0.993,1.969,-19.581999999999994,29.99000000000001,29.99,-18.364000000000004,-37.946,29,3.169,6
462,1,1.807,0.69,27.801999999999992,70.845,70.845,-13.096000000000004,14.705999999999989,29,3.169,7
256,1,2.869,1.115,75.054,59.941,59.941,9.587999999999994,84.642,29,3.169,8
262,1,2.751,1.319,67.29500000000002,64.701,64.701,15.527999999999992,82.82299999999998,29,3.169,9
28774,1,1.281,1.152,-36.351,108.755,108.755,-10.40100000000001,-46.75200000000001,29,3.169,10
48435,1,1.569,0.967,23.36699999999999,26.131,26.131,-50.63499999999999,-27.268,29,3.169,11
526,1,1.806,1.005,9.388000000000005,73.311,73.311,23.843999999999994,33.232,29,3.169,12
828,1,2.01,0.747,28.953000000000003,74.92099999999999,74.921,14.840000000000003,43.793000000000006,29,3.169,13
9366,1,1.544,0.935,-3.467000000000013,37.63300000000001,37.633,-50.212999999999994,-53.68000000000001,29,3.169,14
770,1,1.92,0.798,36.341999999999985,93.67599999999999,93.676,51.233000000000004,87.57499999999999,29,3.169,15
2980,1,1.077,1.237,-11.163999999999987,36.365999999999985,36.366,-24.921999999999997,-36.08600000000001,29,3.169,16
798,1,1.491,1.281,7.5,87.66300000000001,87.663,23.28200000000001,30.78200000000001,29,3.169,17
8346,1,1.176,0.86,17.289999999999992,32.69200000000001,32.692,-59.93299999999999,-42.643,29,3.169,18
43934,1,1.187,0.856,35.87700000000001,34.94999999999999,34.95,-60.857,-24.97999999999999,29,3.169,19
48833,1,1.42,1.389,-6.030000000000001,38.420000000000016,38.42,-24.486999999999995,-30.516999999999996,29,3.169,20
28774,1,1.281,1.152,-36.351,108.755,108.755,-10.40100000000001,-46.75200000000001,30,3.169,1
28793,1,1.26,1.086,-34.285,108.77499999999998,108.775,-21.960000000000008,-56.245000000000005,30,3.169,2
4057,1,0.742,1.365,-32.12299999999999,43.513000000000005,43.513,-18.26400000000001,-50.387,30,3.169,3
48435,1,1.569,0.967,23.36699999999999,26.131,26.131,-50.63499999999999,-27.268,30,3.169,4
6988,1,1.123,1.86,-26.86500000000001,14.098000000000013,14.098,-18.312999999999988,-45.178,30,3.169,5
528,1,1.773,0.771,9.619,70.34100000000001,70.341,30.002999999999986,39.622000000000014,30,3.169,6
264,1,2.837,1.155,60.456999999999994,72.65199999999999,72.652,17.426999999999992,77.88400000000001,30,3.169,7
3539,1,0.993,1.969,-19.581999999999994,29.99000000000001,29.99,-18.364000000000004,-37.946,30,3.169,8
798,1,1.491,1.281,7.5,87.66300000000001,87.663,23.28200000000001,30.78200000000001,30,3.169,9
43937,1,1.12,0.579,44.75,30.835000000000008,30.835,-72.084,-27.334000000000003,30,3.169,10
462,1,1.807,0.69,27.801999999999992,70.845,70.845,-13.096000000000004,14.705999999999989,30,3.169,11
9323,1,1.523,1.191,4.653999999999996,44.373999999999995,44.374,-57.41499999999999,-52.760999999999996,30,3.169,12
825,1,2.213,0.824,30.837999999999994,75.38400000000001,75.384,12.482,43.31999999999999,30,3.169,13
262,1,2.751,1.319,67.29500000000002,64.701,64.701,15.527999999999992,82.82299999999998,30,3.169,14
48666,1,0.951,0.917,21.708,36.80599999999998,36.806,-46.787000000000006,-25.079000000000008,30,3.169,15
23112,1,1.201,1.08,-9.730999999999995,105.17700000000002,105.177,-28.573000000000008,-38.304,30,3.169,16
48833,1,1.42,1.389,-6.030000000000001,38.420000000000016,38.42,-24.486999999999995,-30.516999999999996,30,3.169,17
4450,1,0.716,1.246,24.973000000000013,23.608000000000004,23.608,-74.295,-49.322,30,3.169,18
1040,1,1.591,0.761,-2.8360000000000127,46.236999999999995,46.237,-22.372000000000014,-25.208,30,3.169,19
8346,1,1.176,0.86,17.289999999999992,32.69200000000001,32.692,-59.93299999999999,-42.643,30,3.169,20
798,1,1.491,1.281,7.5,87.66300000000001,87.663,23.28200000000001,30.78200000000001,31,3.17,1
528,1,1.773,0.771,9.619,70.34100000000001,70.341,30.002999999999986,39.622000000000014,31,3.17,2
6986,1,0.831,1.621,-0.34499999999999886,16.25399999999999,16.254,-45.78899999999999,-46.134000000000015,31,3.17,3
4070,1,0.965,1.483,-26.033000000000015,52.745000000000005,52.745,-29.49600000000001,-55.528999999999996,31,3.17,4
28774,1,1.281,1.152,-36.351,108.755,108.755,-10.40100000000001,-46.75200000000001,31,3.17,5
3891,1,1.196,1.617,-53.506,31.405,31.405,1.3019999999999925,-52.20400000000001,31,3.17,6
48435,1,1.569,0.967,23.36699999999999,26.131,26.131,-50.63499999999999,-27.268,31,3.17,7
43936,1,1.222,0.818,35.77600000000001,32.394000000000005,32.394,-65.833,-30.056999999999988,31,3.17,8
29102,1,0.975,1.053,-27.425999999999988,94.93899999999996,94.939,-23.823000000000008,-51.248999999999995,31,3.17,9
262,1,2.751,1.319,67.29500000000002,64.701,64.701,15.527999999999992,82.82299999999998,31,3.17,10
263,1,2.869,1.185,56.36699999999999,73.89699999999999,73.897,19.19399999999999,75.56099999999998,31,3.17,11
751,1,1.863,0.944,24.022999999999996,75.40800000000002,75.408,30.062999999999988,54.08600000000001,31,3.17,12
28783,1,1.258,0.956,-37.559,110.733,110.733,-16.050999999999988,-53.61,31,3.17,13
9366,1,1.544,0.935,-3.467000000000013,37.63300000000001,37.633,-50.212999999999994,-53.68000000000001,31,3.17,14
48833,1,1.42,1.389,-6.030000000000001,38.420000000000016,38.42,-24.486999999999995,-30.516999999999996,31,3.17,15
8346,1,1.176,0.86,17.289999999999992,32.69200000000001,32.692,-59.93299999999999,-42.643,31,3.17,16
48560,1,0.984,1.26,20.25200000000001,42.252999999999986,42.253,-46.673,-26.420999999999992,31,3.17,17
937,1,1.487,0.811,-8.891999999999996,67.33100000000002,67.331,2.009999999999991,-6.882000000000005,31,3.17,18
462,1,1.807,0.69,27.801999999999992,70.845,70.845,-13.096000000000004,14.705999999999989,31,3.17,19
48649,1,0.889,1.166,8.537000000000006,34.29599999999999,34.296,-40.59,-32.053,31,3.17,20
44184,1,1.302,0.855,38.393,28.214,28.214,-64.334,-25.941000000000003,32,3.17,1
28793,1,1.26,1.086,-34.285,108.77499999999998,108.775,-21.960000000000008,-56.245000000000005,32,3.17,2
28774,1,1.281,1.152,-36.351,108.755,108.755,-10.40100000000001,-46.75200000000001,32,3.17,3
6986,1,0.831,1.621,-0.34499999999999886,16.25399999999999,16.254,-45.78899999999999,-46.134000000000015,32,3.17,4
263,1,2.869,1.185,56.36699999999999,73.89699999999999,73.897,19.19399999999999,75.56099999999998,32,3.17,5
48435,1,1.569,0.967,23.36699999999999,26.131,26.131,-50.63499999999999,-27.268,32,3.17,6
798,1,1.491,1.281,7.5,87.66300000000001,87.663,23.28200000000001,30.78200000000001,32,3.17,7
790,1,2.161,0.774,21.101,84.493,84.493,39.05799999999999,60.15899999999999,32,3.17,8
4141,1,0.981,1.369,-27.788999999999987,51.24000000000001,51.24,-26.589,-54.378,32,3.17,9
262,1,2.751,1.319,67.29500000000002,64.701,64.701,15.527999999999992,82.82299999999998,32,3.17,10
23112,1,1.201,1.08,-9.730999999999995,105.17700000000002,105.177,-28.573000000000008,-38.304,32,3.17,11
48649,1,0.889,1.166,8.537000000000006,34.29599999999999,34.296,-40.59,-32.053,32,3.17,12
462,1,1.807,0.69,27.801999999999992,70.845,70.845,-13.096000000000004,14.705999999999989,32,3.17,13
8346,1,1.176,0.86,17.289999999999992,32.69200000000001,32.692,-59.93299999999999,-42.643,32,3.17,14
9365,1,1.413,0.867,-8.294000000000011,38.182000000000016,38.182,-43.55500000000001,-51.84899999999999,32,3.17,15
937,1,1.487,0.811,-8.891999999999996,67.33100000000002,67.331,2.009999999999991,-6.882000000000005,32,3.17,16
3885,1,1.102,1.661,-37.531000000000006,26.361999999999995,26.362,-9.912000000000006,-47.442999999999984,32,3.17,17
528,1,1.773,0.771,9.619,70.34100000000001,70.341,30.002999999999986,39.622000000000014,32,3.17,18
48833,1,1.42,1.389,-6.030000000000001,38.420000000000016,38.42,-24.486999999999995,-30.516999999999996,32,3.17,19
48560,1,0.984,1.26,20.25200000000001,42.252999999999986,42.253,-46.673,-26.420999999999992,32,3.17,20
4057,1,0.742,1.365,-32.12299999999999,43.513000000000005,43.513,-18.26400000000001,-50.387,33,3.172,1
793,1,2.118,0.789,15.911000000000001,81.28700000000003,81.287,39.38300000000001,55.29399999999998,33,3.172,2
6986,1,0.831,1.621,-0.34499999999999886,16.25399999999999,16.254,-45.78899999999999,-46.134000000000015,33,3.172,3
820,1,1.573,0.651,27.353999999999985,74.352,74.352,1.5840000000000032,28.937999999999988,33,3.172,4
40520,1,1.603,0.908,53.456999999999994,60.863,60.863,-41.394000000000005,12.062999999999988,33,3.172,5
8346,1,1.176,0.86,17.289999999999992,32.69200000000001,32.692,-59.93299999999999,-42.643,33,3.172,6
528,1,1.773,0.771,9.619,70.34100000000001,70.341,30.002999999999986,39.622000000000014,33,3.172,7
9366,1,1.544,0.935,-3.467000000000013,37.63300000000001,37.633,-50.212999999999994,-53.68000000000001,33,3.172,8
6988,1,1.123,1.86,-26.86500000000001,14.098000000000013,14.098,-18.312999999999988,-45.178,33,3.172,9
798,1,1.491,1.281,7.5,87.66300000000001,87.663,23.28200000000001,30.78200000000001,33,3.172,10
264,1,2.837,1.155,60.456999999999994,72.65199999999999,72.652,17.426999999999992,77.88400000000001,33,3.172,11
28783,1,1.258,0.956,-37.559,110.733,110.733,-16.050999999999988,-53.61,33,3.172,12
3539,1,0.993,1.969,-19.581999999999994,29.99000000000001,29.99,-18.364000000000004,-37.946,33,3.172,13
23112,1,1.201,1.08,-9.730999999999995,105.17700000000002,105.177,-28.573000000000008,-38.304,33,3.172,14
43936,1,1.222,0.818,35.77600000000001,32.394000000000005,32.394,-65.833,-30.056999999999988,33,3.172,15
48560,1,0.984,1.26,20.25200000000001,42.252999999999986,42.253,-46.673,-26.420999999999992,33,3.172,16
48833,1,1.42,1.389,-6.030000000000001,38.420000000000016,38.42,-24.486999999999995,-30.516999999999996,33,3.172,17
643,1,1.905,1.14,15.38900000000001,48.93700000000001,48.937,-12.546999999999997,2.8419999999999845,33,3.172,18
28774,1,1.281,1.152,-36.351,108.755,108.755,-10.40100000000001,-46.75200000000001,33,3.172,19
262,1,2.751,1.319,67.29500000000002,64.701,64.701,15.527999999999992,82.82299999999998,33,3.172,20
263,1,2.869,1.185,56.36699999999999,73.89699999999999,73.897,19.19399999999999,75.56099999999998,34,3.172,1
530,1,1.599,1.014,8.990000000000009,65.00999999999999,65.01,29.937000000000012,38.92699999999999,34,3.172,2
8346,1,1.176,0.86,17.289999999999992,32.69200000000001,32.692,-59.93299999999999,-42.643,34,3.172,3
6986,1,0.831,1.621,-0.34499999999999886,16.25399999999999,16.254,-45.78899999999999,-46.134000000000015,34,3.172,4
28793,1,1.26,1.086,-34.285,108.77499999999998,108.775,-21.960000000000008,-56.245000000000005,34,3.172,5
44184,1,1.302,0.855,38.393,28.214,28.214,-64.334,-25.941000000000003,34,3.172,6
23112,1,1.201,1.08,-9.730999999999995,105.17700000000002,105.177,-28.573000000000008,-38.304,34,3.172,7
40121,1,1.606,0.906,29.591000000000008,71.85300000000001,71.853,-16.057999999999993,13.532999999999987,34,3.172,8
9365,1,1.413,0.867,-8.294000000000011,38.182000000000016,38.182,-43.55500000000001,-51.84899999999999,34,3.172,9
48560,1,0.984,1.26,20.25200000000001,42.252999999999986,42.253,-46.673,-26.420999999999992,34,3.172,10
44177,1,1.254,0.812,39.11099999999999,27.47399999999999,27.474,-66.418,-27.307000000000016,34,3.172,11
6988,1,1.123,1.86,-26.86500000000001,14.098000000000013,14.098,-18.312999999999988,-45.178,34,3.172,12
262,1,2.751,1.319,67.29500000000002,64.701,64.701,15.527999999999992,82.82299999999998,34,3.172,13
825,1,2.213,0.824,30.837999999999994,75.38400000000001,75.384,12.482,43.31999999999999,34,3.172,14
28774,1,1.281,1.152,-36.351,108.755,108.755,-10.40100000000001,-46.75200000000001,34,3.172,15
48833,1,1.42,1.389,-6.030000000000001,38.420000000000016,38.42,-24.486999999999995,-30.516999999999996,34,3.172,16
4316,1,1.314,1.449,-42.43899999999999,46.781000000000006,46.781,-8.759000000000015,-51.19800000000001,34,3.172,17
3539,1,0.993,1.969,-19.581999999999994,29.99000000000001,29.99,-18.364000000000004,-37.946,34,3.172,18
793,1,2.118,0.789,15.911000000000001,81.28700000000003,81.287,39.38300000000001,55.29399999999998,34,3.172,19
528,1,1.773,0.771,9.619,70.34100000000001,70.341,30.002999999999986,39.622000000000014,34,3.172,20
937,1,1.487,0.811,-8.891999999999996,67.33100000000002,67.331,2.009999999999991,-6.882000000000005,35,3.172,1
43936,1,1.222,0.818,35.77600000000001,32.394000000000005,32.394,-65.833,-30.056999999999988,35,3.172,2
264,1,2.837,1.155,60.456999999999994,72.65199999999999,72.652,17.426999999999992,77.88400000000001,35,3.172,3
6986,1,0.831,1.621,-0.34499999999999886,16.25399999999999,16.254,-45.78899999999999,-46.134000000000015,35,3.172,4
28793,1,1.26,1.086,-34.285,108.77499999999998,108.775,-21.960000000000008,-56.245000000000005,35,3.172,5
48833,1,1.42,1.389,-6.030000000000001,38.420000000000016,38.42,-24.486999999999995,-30.516999999999996,35,3.172,6
28774,1,1.281,1.152,-36.351,108.755,108.755,-10.40100000000001,-46.75200000000001,35,3.172,7
528,1,1.773,0.771,9.619,70.34100000000001,70.341,30.002999999999986,39.622000000000014,35,3.172,8
825,1,2.213,0.824,30.837999999999994,75.38400000000001,75.384,12.482,43.31999999999999,35,3.172,9
8346,1,1.176,0.86,17.289999999999992,32.69200000000001,32.692,-59.93299999999999,-42.643,35,3.172,10
40520,1,1.603,0.908,53.456999999999994,60.863,60.863,-41.394000000000005,12.062999999999988,35,3.172,11
798,1,1.491,1.281,7.5,87.66300000000001,87.663,23.28200000000001,30.78200000000001,35,3.172,12
9366,1,1.544,0.935,-3.467000000000013,37.63300000000001,37.633,-50.212999999999994,-53.68000000000001,35,3.172,13
4070,1,0.965,1.483,-26.033000000000015,52.745000000000005,52.745,-29.49600000000001,-55.528999999999996,35,3.172,14
489,1,1.657,0.781,17.187000000000012,79.16300000000001,79.163,4.955999999999989,22.143,35,3.172,15
3539,1,0.993,1.969,-19.581999999999994,29.99000000000001,29.99,-18.364000000000004,-37.946,35,3.172,16
6988,1,1.123,1.86,-26.86500000000001,14.098000000000013,14.098,-18.312999999999988,-45.178,35,3.172,17
44184,1,1.302,0.855,38.393,28.214,28.214,-64.334,-25.941000000000003,35,3.172,18
48560,1,0.984,1.26,20.25200000000001,42.252999999999986,42.253,-46.673,-26.420999999999992,35,3.172,19
793,1,2.118,0.789,15.911000000000001,81.28700000000003,81.287,39.38300000000001,55.29399999999998,35,3.172,20
262,1,2.751,1.319,67.29500000000002,64.701,64.701,15.527999999999992,82.82299999999998,36,3.173,1
7133,1,0.956,1.153,15.23599999999999,27.11699999999999,27.117,-62.33,-47.093999999999994,36,3.173,2
6986,1,0.831,1.621,-0.34499999999999886,16.25399999999999,16.254,-45.78899999999999,-46.134000000000015,36,3.173,3
825,1,2.213,0.824,30.837999999999994,75.38400000000001,75.384,12.482,43.31999999999999,36,3.173,4
28774,1,1.281,1.152,-36.351,108.755,108.755,-10.40100000000001,-46.75200000000001,36,3.173,5
48649,1,0.889,1.166,8.537000000000006,34.29599999999999,34.296,-40.59,-32.053,36,3.173,6
3564,1,1.204,1.729,-51.131,25.513000000000005,25.513,5.1200000000000045,-46.010999999999996,36,3.173,7
4057,1,0.742,1.365,-32.12299999999999,43.513000000000005,43.513,-18.26400000000001,-50.387,36,3.173,8
9366,1,1.544,0.935,-3.467000000000013,37.63300000000001,37.633,-50.212999999999994,-53.68000000000001,36,3.173,9
44212,1,1.077,0.97,35.46100000000001,35.39500000000001,35.395,-67.757,-32.29599999999999,36,3.173,10
28793,1,1.26,1.086,-34.285,108.77499999999998,108.775,-21.960000000000008,-56.245000000000005,36,3.173,11
528,1,1.773,0.771,9.619,70.34100000000001,70.341,30.002999999999986,39.622000000000014,36,3.173,12
9323,1,1.523,1.191,4.653999999999996,44.373999999999995,44.374,-57.41499999999999,-52.760999999999996,36,3.173,13
23112,1,1.201,1.08,-9.730999999999995,105.17700000000002,105.177,-28.573000000000008,-38.304,36,3.173,14
793,1,2.118,0.789,15.911000000000001,81.28700000000003,81.287,39.38300000000001,55.29399999999998,36,3.173,15
44184,1,1.302,0.855,38.393,28.214,28.214,-64.334,-25.941000000000003,36,3.173,16
653,1,2.079,0.866,-2.4480000000000075,49.18899999999999,49.189,9.593999999999994,7.145999999999987,36,3.173,17
462,1,1.807,0.69,27.801999999999992,70.845,70.845,-13.096000000000004,14.705999999999989,36,3.173,18
264,1,2.837,1.155,60.456999999999994,72.65199999999999,72.652,17.426999999999992,77.88400000000001,36,3.173,19
48833,1,1.42,1.389,-6.030000000000001,38.420000000000016,38.42,-24.486999999999995,-30.516999999999996,36,3.173,20
504,1,1.621,0.809,16.905,78.31799999999998,78.318,9.068999999999988,25.97399999999999,37,3.173,1
28783,1,1.258,0.956,-37.559,110.733,110.733,-16.050999999999988,-53.61,37,3.173,2
4057,1,0.742,1.365,-32.12299999999999,43.513000000000005,43.513,-18.26400000000001,-50.387,37,3.173,3
793,1,2.118,0.789,15.911000000000001,81.28700000000003,81.287,39.38300000000001,55.29399999999998,37,3.173,4
28774,1,1.281,1.152,-36.351,108.755,108.755,-10.40100000000001,-46.75200000000001,37,3.173,5
262,1,2.751,1.319,67.29500000000002,64.701,64.701,15.527999999999992,82.82299999999998,37,3.173,6
6986,1,0.831,1.621,-0.34499999999999886,16.25399999999999,16.254,-45.78899999999999,-46.134000000000015,37,3.173,7
48649,1,0.889,1.166,8.537000000000006,34.29599999999999,34.296,-40.59,-32.053,37,3.173,8
798,1,1.491,1.281,7.5,87.66300000000001,87.663,23.28200000000001,30.78200000000001,37,3.173,9
8346,1,1.176,0.86,17.289999999999992,32.69200000000001,32.692,-59.93299999999999,-42.643,37,3.173,10
40520,1,1.603,0.908,53.456999999999994,60.863,60.863,-41.394000000000005,12.062999999999988,37,3.173,11
48560,1,0.984,1.26,20.25200000000001,42.252999999999986,42.253,-46.673,-26.420999999999992,37,3.173,12
44184,1,1.302,0.855,38.393,28.214,28.214,-64.334,-25.941000000000003,37,3.173,13
3564,1,1.204,1.729,-51.131,25.513000000000005,25.513,5.1200000000000045,-46.010999999999996,37,3.173,14
825,1,2.213,0.824,30.837999999999994,75.38400000000001,75.384,12.482,43.31999999999999,37,3.173,15
528,1,1.773,0.771,9.619,70.34100000000001,70.341,30.002999999999986,39.622000000000014,37,3.173,16
6988,1,1.123,1.86,-26.86500000000001,14.098000000000013,14.098,-18.312999999999988,-45.178,37,3.173,17
48833,1,1.42,1.389,-6.030000000000001,38.420000000000016,38.42,-24.486999999999995,-30.516999999999996,37,3.173,18
643,1,1.905,1.14,15.38900000000001,48.93700000000001,48.937,-12.546999999999997,2.8419999999999845,37,3.173,19
27402,1,1.118,1.351,-9.198000000000008,86.84199999999998,86.842,-32.053,-41.251000000000005,37,3.173,20
48435,1,1.569,0.967,23.36699999999999,26.131,26.131,-50.63499999999999,-27.268,38,3.174,1
48833,1,1.42,1.389,-6.030000000000001,38.420000000000016,38.42,-24.486999999999995,-30.516999999999996,38,3.174,2
48649,1,0.889,1.166,8.537000000000006,34.29599999999999,34.296,-40.59,-32.053,38,3.174,3
257,1,3.0,1.121,70.595,58.146000000000015,58.146,17.075999999999993,87.67099999999999,38,3.174,4
4055,1,1.222,1.611,-32.69400000000002,46.278999999999996,46.279,-15.893,-48.58699999999999,38,3.174,5
770,1,1.92,0.798,36.341999999999985,93.67599999999999,93.676,51.233000000000004,87.57499999999999,38,3.174,6
43934,1,1.187,0.856,35.87700000000001,34.94999999999999,34.95,-60.857,-24.97999999999999,38,3.174,7
28774,1,1.281,1.152,-36.351,108.755,108.755,-10.40100000000001,-46.75200000000001,38,3.174,8
1040,1,1.591,0.761,-2.8360000000000127,46.236999999999995,46.237,-22.372000000000014,-25.208,38,3.174,9
17524,1,1.215,0.927,-11.865999999999985,93.74400000000003,93.744,-27.78200000000001,-39.647999999999996,38,3.174,10
264,1,2.837,1.155,60.456999999999994,72.65199999999999,72.652,17.426999999999992,77.88400000000001,38,3.174,11
8346,1,1.176,0.86,17.289999999999992,32.69200000000001,32.692,-59.93299999999999,-42.643,38,3.174,12
528,1,1.773,0.771,9.619,70.34100000000001,70.341,30.002999999999986,39.622000000000014,38,3.174,13
9366,1,1.544,0.935,-3.467000000000013,37.63300000000001,37.633,-50.212999999999994,-53.68000000000001,38,3.174,14
29102,1,0.975,1.053,-27.425999999999988,94.93899999999996,94.939,-23.823000000000008,-51.248999999999995,38,3.174,15
4070,1,0.965,1.483,-26.033000000000015,52.745000000000005,52.745,-29.49600000000001,-55.528999999999996,38,3.174,16
6991,1,1.107,1.704,-3.8470000000000084,17.236999999999995,17.237,-41.06999999999999,-44.917,38,3.174,17
798,1,1.491,1.281,7.5,87.66300000000001,87.663,23.28200000000001,30.78200000000001,38,3.174,18
495,1,1.901,0.895,16.828000000000003,74.77699999999999,74.777,5.419000000000011,22.247000000000014,38,3.174,19
4450,1,0.716,1.246,24.973000000000013,23.608000000000004,23.608,-74.295,-49.322,38,3.174,20
825,1,2.213,0.824,30.837999999999994,75.38400000000001,75.384,12.482,43.31999999999999,39,3.176,1
264,1,2.837,1.155,60.456999999999994,72.65199999999999,72.652,17.426999999999992,77.88400000000001,39,3.176,2
28774,1,1.281,1.152,-36.351,108.755,108.755,-10.40100000000001,-46.75200000000001,39,3.176,3
3564,1,1.204,1.729,-51.131,25.513000000000005,25.513,5.1200000000000045,-46.010999999999996,39,3.176,4
7133,1,0.956,1.153,15.23599999999999,27.11699999999999,27.117,-62.33,-47.093999999999994,39,3.176,5
462,1,1.807,0.69,27.801999999999992,70.845,70.845,-13.096000000000004,14.705999999999989,39,3.176,6
4450,1,0.716,1.246,24.973000000000013,23.608000000000004,23.608,-74.295,-49.322,39,3.176,7
48649,1,0.889,1.166,8.537000000000006,34.29599999999999,34.296,-40.59,-32.053,39,3.176,8
28793,1,1.26,1.086,-34.285,108.77499999999998,108.775,-21.960000000000008,-56.245000000000005,39,3.176,9
653,1,2.079,0.866,-2.4480000000000075,49.18899999999999,49.189,9.593999999999994,7.145999999999987,39,3.176,10
9366,1,1.544,0.935,-3.467000000000013,37.63300000000001,37.633,-50.212999999999994,-53.68000000000001,39,3.176,11
26239,1,1.292,1.271,-16.595,93.41500000000002,93.415,-24.682999999999993,-41.27799999999999,39,3.176,12
9323,1,1.523,1.191,4.653999999999996,44.373999999999995,44.374,-57.41499999999999,-52.760999999999996,39,3.176,13
528,1,1.773,0.771,9.619,70.34100000000001,70.341,30.002999999999986,39.622000000000014,39,3.176,14
4057,1,0.742,1.365,-32.12299999999999,43.513000000000005,43.513,-18.26400000000001,-50.387,39,3.176,15
44184,1,1.302,0.855,38.393,28.214,28.214,-64.334,-25.941000000000003,39,3.176,16
793,1,2.118,0.789,15.911000000000001,81.28700000000003,81.287,39.38300000000001,55.29399999999998,39,3.176,17
262,1,2.751,1.319,67.29500000000002,64.701,64.701,15.527999999999992,82.82299999999998,39,3.176,18
6988,1,1.123,1.86,-26.86500000000001,14.098000000000013,14.098,-18.312999999999988,-45.178,39,3.176,19
48563,1,1.106,1.263,17.72200000000001,39.39699999999999,39.397,-49.536,-31.813999999999993,39,3.176,20
48833,1,1.42,1.389,-6.030000000000001,38.420000000000016,38.42,-24.486999999999995,-30.516999999999996,40,3.179,1
12612,1,1.109,1.039,-18.989000000000004,53.858000000000004,53.858,-28.585000000000008,-47.57400000000001,40,3.179,2
9366,1,1.544,0.935,-3.467000000000013,37.63300000000001,37.633,-50.212999999999994,-53.68000000000001,40,3.179,3
28793,1,1.26,1.086,-34.285,108.77499999999998,108.775,-21.960000000000008,-56.245000000000005,40,3.179,4
6986,1,0.831,1.621,-0.34499999999999886,16.25399999999999,16.254,-45.78899999999999,-46.134000000000015,40,3.179,5
528,1,1.773,0.771,9.619,70.34100000000001,70.341,30.002999999999986,39.622000000000014,40,3.179,6
264,1,2.837,1.155,60.456999999999994,72.65199999999999,72.652,17.426999999999992,77.88400000000001,40,3.179,7
48649,1,0.889,1.166,8.537000000000006,34.29599999999999,34.296,-40.59,-32.053,40,3.179,8
40520,1,1.603,0.908,53.456999999999994,60.863,60.863,-41.394000000000005,12.062999999999988,40,3.179,9
28774,1,1.281,1.152,-36.351,108.755,108.755,-10.40100000000001,-46.75200000000001,40,3.179,10
44184,1,1.302,0.855,38.393,28.214,28.214,-64.334,-25.941000000000003,40,3.179,11
5077,1,1.328,1.485,-20.670000000000016,26.61699999999999,26.617,-28.71199999999999,-49.382000000000005,40,3.179,12
2980,1,1.077,1.237,-11.163999999999987,36.365999999999985,36.366,-24.921999999999997,-36.08600000000001,40,3.179,13
262,1,2.751,1.319,67.29500000000002,64.701,64.701,15.527999999999992,82.82299999999998,40,3.179,14
793,1,2.118,0.789,15.911000000000001,81.28700000000003,81.287,39.38300000000001,55.29399999999998,40,3.179,15
3564,1,1.204,1.729,-51.131,25.513000000000005,25.513,5.1200000000000045,-46.010999999999996,40,3.179,16
9323,1,1.523,1.191,4.653999999999996,44.373999999999995,44.374,-57.41499999999999,-52.760999999999996,40,3.179,17
1040,1,1.591,0.761,-2.8360000000000127,46.236999999999995,46.237,-22.372000000000014,-25.208,40,3.179,18
825,1,2.213,0.824,30.837999999999994,75.38400000000001,75.384,12.482,43.31999999999999,40,3.179,19
798,1,1.491,1.281,7.5,87.66300000000001,87.663,23.28200000000001,30.78200000000001,40,3.179,20
28774,1,1.281,1.152,-36.351,108.755,108.755,-10.40100000000001,-46.75200000000001,41,3.18,1
9366,1,1.544,0.935,-3.467000000000013,37.63300000000001,37.633,-50.212999999999994,-53.68000000000001,41,3.18,2
3539,1,0.993,1.969,-19.581999999999994,29.99000000000001,29.99,-18.364000000000004,-37.946,41,3.18,3
526,1,1.806,1.005,9.388000000000005,73.311,73.311,23.843999999999994,33.232,41,3.18,4
44184,1,1.302,0.855,38.393,28.214,28.214,-64.334,-25.941000000000003,41,3.18,5
43936,1,1.222,0.818,35.77600000000001,32.394000000000005,32.394,-65.833,-30.056999999999988,41,3.18,6
462,1,1.807,0.69,27.801999999999992,70.845,70.845,-13.096000000000004,14.705999999999989,41,3.18,7
6986,1,0.831,1.621,-0.34499999999999886,16.25399999999999,16.254,-45.78899999999999,-46.134000000000015,41,3.18,8
8346,1,1.176,0.86,17.289999999999992,32.69200000000001,32.692,-59.93299999999999,-42.643,41,3.18,9
793,1,2.118,0.789,15.911000000000001,81.28700000000003,81.287,39.38300000000001,55.29399999999998,41,3.18,10
48666,1,0.951,0.917,21.708,36.80599999999998,36.806,-46.787000000000006,-25.079000000000008,41,3.18,11
48833,1,1.42,1.389,-6.030000000000001,38.420000000000016,38.42,-24.486999999999995,-30.516999999999996,41,3.18,12
825,1,2.213,0.824,30.837999999999994,75.38400000000001,75.384,12.482,43.31999999999999,41,3.18,13
528,1,1.773,0.771,9.619,70.34100000000001,70.341,30.002999999999986,39.622000000000014,41,3.18,14
6991,1,1.107,1.704,-3.8470000000000084,17.236999999999995,17.237,-41.06999999999999,-44.917,41,3.18,15
165,1,1.944,0.779,56.69499999999999,58.99000000000001,58.99,4.427999999999997,61.12299999999999,41,3.18,16
23112,1,1.201,1.08,-9.730999999999995,105.17700000000002,105.177,-28.573000000000008,-38.304,41,3.18,17
258,1,3.354,1.166,71.999,60.144000000000005,60.144,17.913999999999987,89.91300000000001,41,3.18,18
4316,1,1.314,1.449,-42.43899999999999,46.781000000000006,46.781,-8.759000000000015,-51.19800000000001,41,3.18,19
17524,1,1.215,0.927,-11.865999999999985,93.74400000000003,93.744,-27.78200000000001,-39.647999999999996,41,3.18,20
798,1,1.491,1.281,7.5,87.66300000000001,87.663,23.28200000000001,30.78200000000001,42,3.18,1
48833,1,1.42,1.389,-6.030000000000001,38.420000000000016,38.42,-24.486999999999995,-30.516999999999996,42,3.18,2
4450,1,0.716,1.246,24.973000000000013,23.608000000000004,23.608,-74.295,-49.322,42,3.18,3
770,1,1.92,0.798,36.341999999999985,93.67599999999999,93.676,51.233000000000004,87.57499999999999,42,3.18,4
937,1,1.487,0.811,-8.891999999999996,67.33100000000002,67.331,2.009999999999991,-6.882000000000005,42,3.18,5
528,1,1.773,0.771,9.619,70.34100000000001,70.341,30.002999999999986,39.622000000000014,42,3.18,6
40520,1,1.603,0.908,53.456999999999994,60.863,60.863,-41.394000000000005,12.062999999999988,42,3.18,7
28774,1,1.281,1.152,-36.351,108.755,108.755,-10.40100000000001,-46.75200000000001,42,3.18,8
3539,1,0.993,1.969,-19.581999999999994,29.99000000000001,29.99,-18.364000000000004,-37.946,42,3.18,9
9365,1,1.413,0.867,-8.294000000000011,38.182000000000016,38.182,-43.55500000000001,-51.84899999999999,42,3.18,10
23112,1,1.201,1.08,-9.730999999999995,105.17700000000002,105.177,-28.573000000000008,-38.304,42,3.18,11
28783,1,1.258,0.956,-37.559,110.733,110.733,-16.050999999999988,-53.61,42,3.18,12
6988,1,1.123,1.86,-26.86500000000001,14.098000000000013,14.098,-18.312999999999988,-45.178,42,3.18,13
213,1,2.061,0.626,31.619,80.60300000000001,80.603,12.151999999999987,43.771000000000015,42,3.18,14
48666,1,0.951,0.917,21.708,36.80599999999998,36.806,-46.787000000000006,-25.079000000000008,42,3.18,15
4248,1,0.787,1.459,-19.801999999999992,50.244,50.244,-24.138000000000005,-43.94,42,3.18,16
43934,1,1.187,0.856,35.87700000000001,34.94999999999999,34.95,-60.857,-24.97999999999999,42,3.18,17
262,1,2.751,1.319,67.29500000000002,64.701,64.701,15.527999999999992,82.82299999999998,42,3.18,18
8346,1,1.176,0.86,17.289999999999992,32.69200000000001,32.692,-59.93299999999999,-42.643,42,3.18,19
48435,1,1.569,0.967,23.36699999999999,26.131,26.131,-50.63499999999999,-27.268,42,3.18,20
4316,1,1.314,1.449,-42.43899999999999,46.781000000000006,46.781,-8.759000000000015,-51.19800000000001,43,3.18,1
462,1,1.807,0.69,27.801999999999992,70.845,70.845,-13.096000000000004,14.705999999999989,43,3.18,2
6986,1,0.831,1.621,-0.34499999999999886,16.25399999999999,16.254,-45.78899999999999,-46.134000000000015,43,3.18,3
263,1,2.869,1.185,56.36699999999999,73.89699999999999,73.897,19.19399999999999,75.56099999999998,43,3.18,4
6988,1,1.123,1.86,-26.86500000000001,14.098000000000013,14.098,-18.312999999999988,-45.178,43,3.18,5
4070,1,0.965,1.483,-26.033000000000015,52.745000000000005,52.745,-29.49600000000001,-55.528999999999996,43,3.18,6
9366,1,1.544,0.935,-3.467000000000013,37.63300000000001,37.633,-50.212999999999994,-53.68000000000001,43,3.18,7
48463,1,1.017,1.128,-0.30400000000000205,43.68899999999999,43.689,-39.20600000000002,-39.50999999999999,43,3.18,8
48649,1,0.889,1.166,8.537000000000006,34.29599999999999,34.296,-40.59,-32.053,43,3.18,9
264,1,2.837,1.155,60.456999999999994,72.65199999999999,72.652,17.426999999999992,77.88400000000001,43,3.18,10
528,1,1.773,0.771,9.619,70.34100000000001,70.341,30.002999999999986,39.622000000000014,43,3.18,11
48833,1,1.42,1.389,-6.030000000000001,38.420000000000016,38.42,-24.486999999999995,-30.516999999999996,43,3.18,12
28783,1,1.258,0.956,-37.559,110.733,110.733,-16.050999999999988,-53.61,43,3.18,13
798,1,1.491,1.281,7.5,87.66300000000001,87.663,23.28200000000001,30.78200000000001,43,3.18,14
43934,1,1.187,0.856,35.87700000000001,34.94999999999999,34.95,-60.857,-24.97999999999999,43,3.18,15
793,1,2.118,0.789,15.911000000000001,81.28700000000003,81.287,39.38300000000001,55.29399999999998,43,3.18,16
44184,1,1.302,0.855,38.393,28.214,28.214,-64.334,-25.941000000000003,43,3.18,17
937,1,1.487,0.811,-8.891999999999996,67.33100000000002,67.331,2.009999999999991,-6.882000000000005,43,3.18,18
28774,1,1.281,1.152,-36.351,108.755,108.755,-10.40100000000001,-46.75200000000001,43,3.18,19
8346,1,1.176,0.86,17.289999999999992,32.69200000000001,32.692,-59.93299999999999,-42.643,43,3.18,20
4141,1,0.981,1.369,-27.788999999999987,51.24000000000001,51.24,-26.589,-54.378,44,3.181,1
40520,1,1.603,0.908,53.456999999999994,60.863,60.863,-41.394000000000005,12.062999999999988,44,3.181,2
48560,1,0.984,1.26,20.25200000000001,42.252999999999986,42.253,-46.673,-26.420999999999992,44,3.181,3
28774,1,1.281,1.152,-36.351,108.755,108.755,-10.40100000000001,-46.75200000000001,44,3.181,4
23112,1,1.201,1.08,-9.730999999999995,105.17700000000002,105.177,-28.573000000000008,-38.304,44,3.181,5
48833,1,1.42,1.389,-6.030000000000001,38.420000000000016,38.42,-24.486999999999995,-30.516999999999996,44,3.181,6
44184,1,1.302,0.855,38.393,28.214,28.214,-64.334,-25.941000000000003,44,3.181,7
28793,1,1.26,1.086,-34.285,108.77499999999998,108.775,-21.960000000000008,-56.245000000000005,44,3.181,8
798,1,1.491,1.281,7.5,87.66300000000001,87.663,23.28200000000001,30.78200000000001,44,3.181,9
1040,1,1.591,0.761,-2.8360000000000127,46.236999999999995,46.237,-22.372000000000014,-25.208,44,3.181,10
8346,1,1.176,0.86,17.289999999999992,32.69200000000001,32.692,-59.93299999999999,-42.643,44,3.181,11
489,1,1.657,0.781,17.187000000000012,79.16300000000001,79.163,4.955999999999989,22.143,44,3.181,12
6988,1,1.123,1.86,-26.86500000000001,14.098000000000013,14.098,-18.312999999999988,-45.178,44,3.181,13
540,1,1.917,0.768,9.324999999999989,66.19799999999998,66.198,39.989000000000004,49.31399999999999,44,3.181,14
825,1,2.213,0.824,30.837999999999994,75.38400000000001,75.384,12.482,43.31999999999999,44,3.181,15
6986,1,0.831,1.621,-0.34499999999999886,16.25399999999999,16.254,-45.78899999999999,-46.134000000000015,44,3.181,16
793,1,2.118,0.789,15.911000000000001,81.28700000000003,81.287,39.38300000000001,55.29399999999998,44,3.181,17
262,1,2.751,1.319,67.29500000000002,64.701,64.701,15.527999999999992,82.82299999999998,44,3.181,18
3539,1,0.993,1.969,-19.581999999999994,29.99000000000001,29.99,-18.364000000000004,-37.946,44,3.181,19
43936,1,1.222,0.818,35.77600000000001,32.394000000000005,32.394,-65.833,-30.056999999999988,44,3.181,20
1040,1,1.591,0.761,-2.8360000000000127,46.236999999999995,46.237,-22.372000000000014,-25.208,45,3.182,1
28774,1,1.281,1.152,-36.351,108.755,108.755,-10.40100000000001,-46.75200000000001,45,3.182,2
751,1,1.863,0.944,24.022999999999996,75.40800000000002,75.408,30.062999999999988,54.08600000000001,45,3.182,3
798,1,1.491,1.281,7.5,87.66300000000001,87.663,23.28200000000001,30.78200000000001,45,3.182,4
8346,1,1.176,0.86,17.289999999999992,32.69200000000001,32.692,-59.93299999999999,-42.643,45,3.182,5
528,1,1.773,0.771,9.619,70.34100000000001,70.341,30.002999999999986,39.622000000000014,45,3.182,6
262,1,2.751,1.319,67.29500000000002,64.701,64.701,15.527999999999992,82.82299999999998,45,3.182,7
48649,1,0.889,1.166,8.537000000000006,34.29599999999999,34.296,-40.59,-32.053,45,3.182,8
6986,1,0.831,1.621,-0.34499999999999886,16.25399999999999,16.254,-45.78899999999999,-46.134000000000015,45,3.182,9
48833,1,1.42,1.389,-6.030000000000001,38.420000000000016,38.42,-24.486999999999995,-30.516999999999996,45,3.182,10
43937,1,1.12,0.579,44.75,30.835000000000008,30.835,-72.084,-27.334000000000003,45,3.182,11
3885,1,1.102,1.661,-37.531000000000006,26.361999999999995,26.362,-9.912000000000006,-47.442999999999984,45,3.182,12
28783,1,1.258,0.956,-37.559,110.733,110.733,-16.050999999999988,-53.61,45,3.182,13
23112,1,1.201,1.08,-9.730999999999995,105.17700000000002,105.177,-28.573000000000008,-38.304,45,3.182,14
937,1,1.487,0.811,-8.891999999999996,67.33100000000002,67.331,2.009999999999991,-6.882000000000005,45,3.182,15
9323,1,1.523,1.191,4.653999999999996,44.373999999999995,44.374,-57.41499999999999,-52.760999999999996,45,3.182,16
5099,1,0.984,1.531,-20.754999999999995,32.97800000000001,32.978,-43.997000000000014,-64.752,45,3.182,17
263,1,2.869,1.185,56.36699999999999,73.89699999999999,73.897,19.19399999999999,75.56099999999998,45,3.182,18
48435,1,1.569,0.967,23.36699999999999,26.131,26.131,-50.63499999999999,-27.268,45,3.182,19
462,1,1.807,0.69,27.801999999999992,70.845,70.845,-13.096000000000004,14.705999999999989,45,3.182,20
825,1,2.213,0.824,30.837999999999994,75.38400000000001,75.384,12.482,43.31999999999999,46,3.182,1
48833,1,1.42,1.389,-6.030000000000001,38.420000000000016,38.42,-24.486999999999995,-30.516999999999996,46,3.182,2
48649,1,0.889,1.166,8.537000000000006,34.29599999999999,34.296,-40.59,-32.053,46,3.182,3
6986,1,0.831,1.621,-0.34499999999999886,16.25399999999999,16.254,-45.78899999999999,-46.134000000000015,46,3.182,4
29102,1,0.975,1.053,-27.425999999999988,94.93899999999996,94.939,-23.823000000000008,-51.248999999999995,46,3.182,5
264,1,2.837,1.155,60.456999999999994,72.65199999999999,72.652,17.426999999999992,77.88400000000001,46,3.182,6
40121,1,1.606,0.906,29.591000000000008,71.85300000000001,71.853,-16.057999999999993,13.532999999999987,46,3.182,7
160,1,1.829,0.849,47.740999999999985,71.215,71.215,6.028999999999996,53.77000000000001,46,3.182,8
3567,1,1.3,1.656,-32.41,30.31899999999999,30.319,-14.159999999999997,-46.56999999999999,46,3.182,9
28783,1,1.258,0.956,-37.559,110.733,110.733,-16.050999999999988,-53.61,46,3.182,10
9365,1,1.413,0.867,-8.294000000000011,38.182000000000016,38.182,-43.55500000000001,-51.84899999999999,46,3.182,11
528,1,1.773,0.771,9.619,70.34100000000001,70.341,30.002999999999986,39.622000000000014,46,3.182,12
540,1,1.917,0.768,9.324999999999989,66.19799999999998,66.198,39.989000000000004,49.31399999999999,46,3.182,13
793,1,2.118,0.789,15.911000000000001,81.28700000000003,81.287,39.38300000000001,55.29399999999998,46,3.182,14
28774,1,1.281,1.152,-36.351,108.755,108.755,-10.40100000000001,-46.75200000000001,46,3.182,15
7133,1,0.956,1.153,15.23599999999999,27.11699999999999,27.117,-62.33,-47.093999999999994,46,3.182,16
3891,1,1.196,1.617,-53.506,31.405,31.405,1.3019999999999925,-52.20400000000001,46,3.182,17
9366,1,1.544,0.935,-3.467000000000013,37.63300000000001,37.633,-50.212999999999994,-53.68000000000001,46,3.182,18
44184,1,1.302,0.855,38.393,28.214,28.214,-64.334,-25.941000000000003,46,3.182,19
9323,1,1.523,1.191,4.653999999999996,44.373999999999995,44.374,-57.41499999999999,-52.760999999999996,46,3.182,20
48435,1,1.569,0.967,23.36699999999999,26.131,26.131,-50.63499999999999,-27.268,47,3.183,1
39669,1,1.086,0.693,-18.586000000000013,56.399,56.399,-50.05500000000001,-68.64099999999999,47,3.183,2
9174,1,1.605,0.679,-2.4329999999999927,38.65299999999999,38.653,-47.67500000000001,-50.108000000000004,47,3.183,3
3539,1,0.993,1.969,-19.581999999999994,29.99000000000001,29.99,-18.364000000000004,-37.946,47,3.183,4
258,1,3.354,1.166,71.999,60.144000000000005,60.144,17.913999999999987,89.91300000000001,47,3.183,5
48649,1,0.889,1.166,8.537000000000006,34.29599999999999,34.296,-40.59,-32.053,47,3.183,6
48833,1,1.42,1.389,-6.030000000000001,38.420000000000016,38.42,-24.486999999999995,-30.516999999999996,47,3.183,7
6986,1,0.831,1.621,-0.34499999999999886,16.25399999999999,16.254,-45.78899999999999,-46.134000000000015,47,3.183,8
528,1,1.773,0.771,9.619,70.34100000000001,70.341,30.002999999999986,39.622000000000014,47,3.183,9
28774,1,1.281,1.152,-36.351,108.755,108.755,-10.40100000000001,-46.75200000000001,47,3.183,10
489,1,1.657,0.781,17.187000000000012,79.16300000000001,79.163,4.955999999999989,22.143,47,3.183,11
526,1,1.806,1.005,9.388000000000005,73.311,73.311,23.843999999999994,33.232,47,3.183,12
4316,1,1.314,1.449,-42.43899999999999,46.781000000000006,46.781,-8.759000000000015,-51.19800000000001,47,3.183,13
19895,1,1.435,1.192,-35.872000000000014,87.31900000000002,87.319,-22.54400000000001,-58.416,47,3.183,14
263,1,2.869,1.185,56.36699999999999,73.89699999999999,73.897,19.19399999999999,75.56099999999998,47,3.183,15
798,1,1.491,1.281,7.5,87.66300000000001,87.663,23.28200000000001,30.78200000000001,47,3.183,16
8346,1,1.176,0.86,17.289999999999992,32.69200000000001,32.692,-59.93299999999999,-42.643,47,3.183,17
6988,1,1.123,1.86,-26.86500000000001,14.098000000000013,14.098,-18.312999999999988,-45.178,47,3.183,18
460,1,1.676,1.081,26.476,74.606,74.606,-16.310000000000002,10.165999999999997,47,3.183,19
43937,1,1.12,0.579,44.75,30.835000000000008,30.835,-72.084,-27.334000000000003,47,3.183,20
825,1,2.213,0.824,30.837999999999994,75.38400000000001,75.384,12.482,43.31999999999999,48,3.183,1
48833,1,1.42,1.389,-6.030000000000001,38.420000000000016,38.42,-24.486999999999995,-30.516999999999996,48,3.183,2
9365,1,1.413,0.867,-8.294000000000011,38.182000000000016,38.182,-43.55500000000001,-51.84899999999999,48,3.183,3
793,1,2.118,0.789,15.911000000000001,81.28700000000003,81.287,39.38300000000001,55.29399999999998,48,3.183,4
48666,1,0.951,0.917,21.708,36.80599999999998,36.806,-46.787000000000006,-25.079000000000008,48,3.183,5
3891,1,1.196,1.617,-53.506,31.405,31.405,1.3019999999999925,-52.20400000000001,48,3.183,6
262,1,2.751,1.319,67.29500000000002,64.701,64.701,15.527999999999992,82.82299999999998,48,3.183,7
43926,1,1.206,0.712,39.589,35.873999999999995,35.874,-66.654,-27.064999999999998,48,3.183,8
8346,1,1.176,0.86,17.289999999999992,32.69200000000001,32.692,-59.93299999999999,-42.643,48,3.183,9
4070,1,0.965,1.483,-26.033000000000015,52.745000000000005,52.745,-29.49600000000001,-55.528999999999996,48,3.183,10
263,1,2.869,1.185,56.36699999999999,73.89699999999999,73.897,19.19399999999999,75.56099999999998,48,3.183,11
937,1,1.487,0.811,-8.891999999999996,67.33100000000002,67.331,2.009999999999991,-6.882000000000005,48,3.183,12
6988,1,1.123,1.86,-26.86500000000001,14.098000000000013,14.098,-18.312999999999988,-45.178,48,3.183,13
28793,1,1.26,1.086,-34.285,108.77499999999998,108.775,-21.960000000000008,-56.245000000000005,48,3.183,14
6986,1,0.831,1.621,-0.34499999999999886,16.25399999999999,16.254,-45.78899999999999,-46.134000000000015,48,3.183,15
23112,1,1.201,1.08,-9.730999999999995,105.17700000000002,105.177,-28.573000000000008,-38.304,48,3.183,16
28774,1,1.281,1.152,-36.351,108.755,108.755,-10.40100000000001,-46.75200000000001,48,3.183,17
528,1,1.773,0.771,9.619,70.34100000000001,70.341,30.002999999999986,39.622000000000014,48,3.183,18
44184,1,1.302,0.855,38.393,28.214,28.214,-64.334,-25.941000000000003,48,3.183,19
40121,1,1.606,0.906,29.591000000000008,71.85300000000001,71.853,-16.057999999999993,13.532999999999987,48,3.183,20
263,1,2.869,1.185,56.36699999999999,73.89699999999999,73.897,19.19399999999999,75.56099999999998,49,3.183,1
825,1,2.213,0.824,30.837999999999994,75.38400000000001,75.384,12.482,43.31999999999999,49,3.183,2
43937,1,1.12,0.579,44.75,30.835000000000008,30.835,-72.084,-27.334000000000003,49,3.183,3
6986,1,0.831,1.621,-0.34499999999999886,16.25399999999999,16.254,-45.78899999999999,-46.134000000000015,49,3.183,4
9365,1,1.413,0.867,-8.294000000000011,38.182000000000016,38.182,-43.55500000000001,-51.84899999999999,49,3.183,5
530,1,1.599,1.014,8.990000000000009,65.00999999999999,65.01,29.937000000000012,38.92699999999999,49,3.183,6
793,1,2.118,0.789,15.911000000000001,81.28700000000003,81.287,39.38300000000001,55.29399999999998,49,3.183,7
28774,1,1.281,1.152,-36.351,108.755,108.755,-10.40100000000001,-46.75200000000001,49,3.183,8
4248,1,0.787,1.459,-19.801999999999992,50.244,50.244,-24.138000000000005,-43.94,49,3.183,9
6991,1,1.107,1.704,-3.8470000000000084,17.236999999999995,17.237,-41.06999999999999,-44.917,49,3.183,10
28793,1,1.26,1.086,-34.285,108.77499999999998,108.775,-21.960000000000008,-56.245000000000005,49,3.183,11
8346,1,1.176,0.86,17.289999999999992,32.69200000000001,32.692,-59.93299999999999,-42.643,49,3.183,12
3539,1,0.993,1.969,-19.581999999999994,29.99000000000001,29.99,-18.364000000000004,-37.946,49,3.183,13
48833,1,1.42,1.389,-6.030000000000001,38.420000000000016,38.42,-24.486999999999995,-30.516999999999996,49,3.183,14
937,1,1.487,0.811,-8.891999999999996,67.33100000000002,67.331,2.009999999999991,-6.882000000000005,49,3.183,15
44184,1,1.302,0.855,38.393,28.214,28.214,-64.334,-25.941000000000003,49,3.183,16
489,1,1.657,0.781,17.187000000000012,79.16300000000001,79.163,4.955999999999989,22.143,49,3.183,17
262,1,2.751,1.319,67.29500000000002,64.701,64.701,15.527999999999992,82.82299999999998,49,3.183,18
48666,1,0.951,0.917,21.708,36.80599999999998,36.806,-46.787000000000006,-25.079000000000008,49,3.183,19
23112,1,1.201,1.08,-9.730999999999995,105.17700000000002,105.177,-28.573000000000008,-38.304,49,3.183,20
489,1,1.657,0.781,17.187000000000012,79.16300000000001,79.163,4.955999999999989,22.143,50,3.184,1
262,1,2.751,1.319,67.29500000000002,64.701,64.701,15.527999999999992,82.82299999999998,50,3.184,2
6988,1,1.123,1.86,-26.86500000000001,14.098000000000013,14.098,-18.312999999999988,-45.178,50,3.184,3
8346,1,1.176,0.86,17.289999999999992,32.69200000000001,32.692,-59.93299999999999,-42.643,50,3.184,4
9323,1,1.523,1.191,4.653999999999996,44.373999999999995,44.374,-57.41499999999999,-52.760999999999996,50,3.184,5
43936,1,1.222,0.818,35.77600000000001,32.394000000000005,32.394,-65.833,-30.056999999999988,50,3.184,6
528,1,1.773,0.771,9.619,70.34100000000001,70.341,30.002999999999986,39.622000000000014,50,3.184,7
48649,1,0.889,1.166,8.537000000000006,34.29599999999999,34.296,-40.59,-32.053,50,3.184,8
29102,1,0.975,1.053,-27.425999999999988,94.93899999999996,94.939,-23.823000000000008,-51.248999999999995,50,3.184,9
1040,1,1.591,0.761,-2.8360000000000127,46.236999999999995,46.237,-22.372000000000014,-25.208,50,3.184,10
9365,1,1.413,0.867,-8.294000000000011,38.182000000000016,38.182,-43.55500000000001,-51.84899999999999,50,3.184,11
6986,1,0.831,1.621,-0.34499999999999886,16.25399999999999,16.254,-45.78899999999999,-46.134000000000015,50,3.184,12
4056,1,1.12,1.431,-33.60300000000001,47.317999999999984,47.318,-15.174000000000007,-48.77699999999999,50,3.184,13
28774,1,1.281,1.152,-36.351,108.755,108.755,-10.40100000000001,-46.75200000000001,50,3.184,14
21734,1,1.275,1.063,-20.727000000000004,97.81600000000003,97.816,-22.352000000000004,-43.07900000000001,50,3.184,15
48435,1,1.569,0.967,23.36699999999999,26.131,26.131,-50.63499999999999,-27.268,50,3.184,16
3539,1,0.993,1.969,-19.581999999999994,29.99000000000001,29.99,-18.364000000000004,-37.946,50,3.184,17
825,1,2.213,0.824,30.837999999999994,75.38400000000001,75.384,12.482,43.31999999999999,50,3.184,18
264,1,2.837,1.155,60.456999999999994,72.65199999999999,72.652,17.426999999999992,77.88400000000001,50,3.184,19
770,1,1.92,0.798,36.341999999999985,93.67599999999999,93.676,51.233000000000004,87.57499999999999,50,3.184,20
4450,1,0.716,1.246,24.973000000000013,23.608000000000004,23.608,-74.295,-49.322,51,3.185,1
48649,1,0.889,1.166,8.537000000000006,34.29599999999999,34.296,-40.59,-32.053,51,3.185,2
462,1,1.807,0.69,27.801999999999992,70.845,70.845,-13.096000000000004,14.705999999999989,51,3.185,3
43934,1,1.187,0.856,35.87700000000001,34.94999999999999,34.95,-60.857,-24.97999999999999,51,3.185,4
773,1,1.99,0.902,29.814999999999998,95.37099999999998,95.371,54.571,84.38599999999997,51,3.185,5
528,1,1.773,0.771,9.619,70.34100000000001,70.341,30.002999999999986,39.622000000000014,51,3.185,6
12612,1,1.109,1.039,-18.989000000000004,53.858000000000004,53.858,-28.585000000000008,-47.57400000000001,51,3.185,7
4070,1,0.965,1.483,-26.033000000000015,52.745000000000005,52.745,-29.49600000000001,-55.528999999999996,51,3.185,8
48435,1,1.569,0.967,23.36699999999999,26.131,26.131,-50.63499999999999,-27.268,51,3.185,9
28774,1,1.281,1.152,-36.351,108.755,108.755,-10.40100000000001,-46.75200000000001,51,3.185,10
798,1,1.491,1.281,7.5,87.66300000000001,87.663,23.28200000000001,30.78200000000001,51,3.185,11
40275,1,1.246,1.167,16.739000000000004,73.42099999999999,73.421,-22.381,-5.641999999999996,51,3.185,12
48833,1,1.42,1.389,-6.030000000000001,38.420000000000016,38.42,-24.486999999999995,-30.516999999999996,51,3.185,13
264,1,2.837,1.155,60.456999999999994,72.65199999999999,72.652,17.426999999999992,77.88400000000001,51,3.185,14
262,1,2.751,1.319,67.29500000000002,64.701,64.701,15.527999999999992,82.82299999999998,51,3.185,15
28793,1,1.26,1.086,-34.285,108.77499999999998,108.775,-21.960000000000008,-56.245000000000005,51,3.185,16
8347,1,1.322,0.896,20.59899999999999,31.853999999999985,31.854,-64.709,-44.110000000000014,51,3.185,17
6986,1,0.831,1.621,-0.34499999999999886,16.25399999999999,16.254,-45.78899999999999,-46.134000000000015,51,3.185,18
9365,1,1.413,0.867,-8.294000000000011,38.182000000000016,38.182,-43.55500000000001,-51.84899999999999,51,3.185,19
3564,1,1.204,1.729,-51.131,25.513000000000005,25.513,5.1200000000000045,-46.010999999999996,51,3.185,20
48833,1,1.42,1.389,-6.030000000000001,38.420000000000016,38.42,-24.486999999999995,-30.516999999999996,52,3.186,1
23112,1,1.201,1.08,-9.730999999999995,105.17700000000002,105.177,-28.573000000000008,-38.304,52,3.186,2
6988,1,1.123,1.86,-26.86500000000001,14.098000000000013,14.098,-18.312999999999988,-45.178,52,3.186,3
28774,1,1.281,1.152,-36.351,108.755,108.755,-10.40100000000001,-46.75200000000001,52,3.186,4
48649,1,0.889,1.166,8.537000000000006,34.29599999999999,34.296,-40.59,-32.053,52,3.186,5
7133,1,0.956,1.153,15.23599999999999,27.11699999999999,27.117,-62.33,-47.093999999999994,52,3.186,6
6986,1,0.831,1.621,-0.34499999999999886,16.25399999999999,16.254,-45.78899999999999,-46.134000000000015,52,3.186,7
264,1,2.837,1.155,60.456999999999994,72.65199999999999,72.652,17.426999999999992,77.88400000000001,52,3.186,8
4070,1,0.965,1.483,-26.033000000000015,52.745000000000005,52.745,-29.49600000000001,-55.528999999999996,52,3.186,9
793,1,2.118,0.789,15.911000000000001,81.28700000000003,81.287,39.38300000000001,55.29399999999998,52,3.186,10
263,1,2.869,1.185,56.36699999999999,73.89699999999999,73.897,19.19399999999999,75.56099999999998,52,3.186,11
28793,1,1.26,1.086,-34.285,108.77499999999998,108.775,-21.960000000000008,-56.245000000000005,52,3.186,12
798,1,1.491,1.281,7.5,87.66300000000001,87.663,23.28200000000001,30.78200000000001,52,3.186,13
40520,1,1.603,0.908,53.456999999999994,60.863,60.863,-41.394000000000005,12.062999999999988,52,3.186,14
43937,1,1.12,0.579,44.75,30.835000000000008,30.835,-72.084,-27.334000000000003,52,3.186,15
528,1,1.773,0.771,9.619,70.34100000000001,70.341,30.002999999999986,39.622000000000014,52,3.186,16
3539,1,0.993,1.969,-19.581999999999994,29.99000000000001,29.99,-18.364000000000004,-37.946,52,3.186,17
462,1,1.807,0.69,27.801999999999992,70.845,70.845,-13.096000000000004,14.705999999999989,52,3.186,18
44184,1,1.302,0.855,38.393,28.214,28.214,-64.334,-25.941000000000003,52,3.186,19
9365,1,1.413,0.867,-8.294000000000011,38.182000000000016,38.182,-43.55500000000001,-51.84899999999999,52,3.186,20
462,1,1.807,0.69,27.801999999999992,70.845,70.845,-13.096000000000004,14.705999999999989,53,3.186,1
4070,1,0.965,1.483,-26.033000000000015,52.745000000000005,52.745,-29.49600000000001,-55.528999999999996,53,3.186,2
526,1,1.806,1.005,9.388000000000005,73.311,73.311,23.843999999999994,33.232,53,3.186,3
257,1,3.0,1.121,70.595,58.146000000000015,58.146,17.075999999999993,87.67099999999999,53,3.186,4
48649,1,0.889,1.166,8.537000000000006,34.29599999999999,34.296,-40.59,-32.053,53,3.186,5
7133,1,0.956,1.153,15.23599999999999,27.11699999999999,27.117,-62.33,-47.093999999999994,53,3.186,6
39669,1,1.086,0.693,-18.586000000000013,56.399,56.399,-50.05500000000001,-68.64099999999999,53,3.186,7
489,1,1.657,0.781,17.187000000000012,79.16300000000001,79.163,4.955999999999989,22.143,53,3.186,8
798,1,1.491,1.281,7.5,87.66300000000001,87.663,23.28200000000001,30.78200000000001,53,3.186,9
528,1,1.773,0.771,9.619,70.34100000000001,70.341,30.002999999999986,39.622000000000014,53,3.186,10
6986,1,0.831,1.621,-0.34499999999999886,16.25399999999999,16.254,-45.78899999999999,-46.134000000000015,53,3.186,11
3539,1,0.993,1.969,-19.581999999999994,29.99000000000001,29.99,-18.364000000000004,-37.946,53,3.186,12
48833,1,1.42,1.389,-6.030000000000001,38.420000000000016,38.42,-24.486999999999995,-30.516999999999996,53,3.186,13
43937,1,1.12,0.579,44.75,30.835000000000008,30.835,-72.084,-27.334000000000003,53,3.186,14
44184,1,1.302,0.855,38.393,28.214,28.214,-64.334,-25.941000000000003,53,3.186,15
263,1,2.869,1.185,56.36699999999999,73.89699999999999,73.897,19.19399999999999,75.56099999999998,53,3.186,16
29102,1,0.975,1.053,-27.425999999999988,94.93899999999996,94.939,-23.823000000000008,-51.248999999999995,53,3.186,17
28774,1,1.281,1.152,-36.351,108.755,108.755,-10.40100000000001,-46.75200000000001,53,3.186,18
6988,1,1.123,1.86,-26.86500000000001,14.098000000000013,14.098,-18.312999999999988,-45.178,53,3.186,19
9366,1,1.544,0.935,-3.467000000000013,37.63300000000001,37.633,-50.212999999999994,-53.68000000000001,53,3.186,20
825,1,2.213,0.824,30.837999999999994,75.38400000000001,75.384,12.482,43.31999999999999,54,3.187,1
29102,1,0.975,1.053,-27.425999999999988,94.93899999999996,94.939,-23.823000000000008,-51.248999999999995,54,3.187,2
3539,1,0.993,1.969,-19.581999999999994,29.99000000000001,29.99,-18.364000000000004,-37.946,54,3.187,3
48578,1,0.845,1.356,26.25399999999999,39.61699999999999,39.617,-49.236999999999995,-22.983000000000004,54,3.187,4
44184,1,1.302,0.855,38.393,28.214,28.214,-64.334,-25.941000000000003,54,3.187,5
28783,1,1.258,0.956,-37.559,110.733,110.733,-16.050999999999988,-53.61,54,3.187,6
6986,1,0.831,1.621,-0.34499999999999886,16.25399999999999,16.254,-45.78899999999999,-46.134000000000015,54,3.187,7
643,1,1.905,1.14,15.38900000000001,48.93700000000001,48.937,-12.546999999999997,2.8419999999999845,54,3.187,8
4248,1,0.787,1.459,-19.801999999999992,50.244,50.244,-24.138000000000005,-43.94,54,3.187,9
9323,1,1.523,1.191,4.653999999999996,44.373999999999995,44.374,-57.41499999999999,-52.760999999999996,54,3.187,10
6988,1,1.123,1.86,-26.86500000000001,14.098000000000013,14.098,-18.312999999999988,-45.178,54,3.187,11
8346,1,1.176,0.86,17.289999999999992,32.69200000000001,32.692,-59.93299999999999,-42.643,54,3.187,12
264,1,2.837,1.155,60.456999999999994,72.65199999999999,72.652,17.426999999999992,77.88400000000001,54,3.187,13
9366,1,1.544,0.935,-3.467000000000013,37.63300000000001,37.633,-50.212999999999994,-53.68000000000001,54,3.187,14
529,1,1.75,0.886,9.614000000000004,69.21100000000001,69.211,30.819999999999993,40.434,54,3.187,15
3891,1,1.196,1.617,-53.506,31.405,31.405,1.3019999999999925,-52.20400000000001,54,3.187,16
28774,1,1.281,1.152,-36.351,108.755,108.755,-10.40100000000001,-46.75200000000001,54,3.187,17
770,1,1.92,0.798,36.341999999999985,93.67599999999999,93.676,51.233000000000004,87.57499999999999,54,3.187,18
262,1,2.751,1.319,67.29500000000002,64.701,64.701,15.527999999999992,82.82299999999998,54,3.187,19
820,1,1.573,0.651,27.353999999999985,74.352,74.352,1.5840000000000032,28.937999999999988,54,3.187,20
40121,1,1.606,0.906,29.591000000000008,71.85300000000001,71.853,-16.057999999999993,13.532999999999987,55,3.188,1
43934,1,1.187,0.856,35.87700000000001,34.94999999999999,34.95,-60.857,-24.97999999999999,55,3.188,2
828,1,2.01,0.747,28.953000000000003,74.92099999999999,74.921,14.840000000000003,43.793000000000006,55,3.188,3
262,1,2.751,1.319,67.29500000000002,64.701,64.701,15.527999999999992,82.82299999999998,55,3.188,4
7133,1,0.956,1.153,15.23599999999999,27.11699999999999,27.117,-62.33,-47.093999999999994,55,3.188,5
9366,1,1.544,0.935,-3.467000000000013,37.63300000000001,37.633,-50.212999999999994,-53.68000000000001,55,3.188,6
798,1,1.491,1.281,7.5,87.66300000000001,87.663,23.28200000000001,30.78200000000001,55,3.188,7
3567,1,1.3,1.656,-32.41,30.31899999999999,30.319,-14.159999999999997,-46.56999999999999,55,3.188,8
257,1,3.0,1.121,70.595,58.146000000000015,58.146,17.075999999999993,87.67099999999999,55,3.188,9
29102,1,0.975,1.053,-27.425999999999988,94.93899999999996,94.939,-23.823000000000008,-51.248999999999995,55,3.188,10
48833,1,1.42,1.389,-6.030000000000001,38.420000000000016,38.42,-24.486999999999995,-30.516999999999996,55,3.188,11
770,1,1.92,0.798,36.341999999999985,93.67599999999999,93.676,51.233000000000004,87.57499999999999,55,3.188,12
9365,1,1.413,0.867,-8.294000000000011,38.182000000000016,38.182,-43.55500000000001,-51.84899999999999,55,3.188,13
529,1,1.75,0.886,9.614000000000004,69.21100000000001,69.211,30.819999999999993,40.434,55,3.188,14
48435,1,1.569,0.967,23.36699999999999,26.131,26.131,-50.63499999999999,-27.268,55,3.188,15
28774,1,1.281,1.152,-36.351,108.755,108.755,-10.40100000000001,-46.75200000000001,55,3.188,16
2980,1,1.077,1.237,-11.163999999999987,36.365999999999985,36.366,-24.921999999999997,-36.08600000000001,55,3.188,17
28783,1,1.258,0.956,-37.559,110.733,110.733,-16.050999999999988,-53.61,55,3.188,18
3539,1,0.993,1.969,-19.581999999999994,29.99000000000001,29.99,-18.364000000000004,-37.946,55,3.188,19
9323,1,1.523,1.191,4.653999999999996,44.373999999999995,44.374,-57.41499999999999,-52.760999999999996,55,3.188,20
28774,1,1.281,1.152,-36.351,108.755,108.755,-10.40100000000001,-46.75200000000001,56,3.189,1
535,1,1.723,0.856,10.473000000000013,68.02100000000002,68.021,26.411,36.884000000000015,56,3.189,2
9365,1,1.413,0.867,-8.294000000000011,38.182000000000016,38.182,-43.55500000000001,-51.84899999999999,56,3.189,3
793,1,2.118,0.789,15.911000000000001,81.28700000000003,81.287,39.38300000000001,55.29399999999998,56,3.189,4
6988,1,1.123,1.86,-26.86500000000001,14.098000000000013,14.098,-18.312999999999988,-45.178,56,3.189,5
44184,1,1.302,0.855,38.393,28.214,28.214,-64.334,-25.941000000000003,56,3.189,6
262,1,2.751,1.319,67.29500000000002,64.701,64.701,15.527999999999992,82.82299999999998,56,3.189,7
43934,1,1.187,0.856,35.87700000000001,34.94999999999999,34.95,-60.857,-24.97999999999999,56,3.189,8
6986,1,0.831,1.621,-0.34499999999999886,16.25399999999999,16.254,-45.78899999999999,-46.134000000000015,56,3.189,9
528,1,1.773,0.771,9.619,70.34100000000001,70.341,30.002999999999986,39.622000000000014,56,3.189,10
48833,1,1.42,1.389,-6.030000000000001,38.420000000000016,38.42,-24.486999999999995,-30.516999999999996,56,3.189,11
264,1,2.837,1.155,60.456999999999994,72.65199999999999,72.652,17.426999999999992,77.88400000000001,56,3.189,12
4070,1,0.965,1.483,-26.033000000000015,52.745000000000005,52.745,-29.49600000000001,-55.528999999999996,56,3.189,13
40121,1,1.606,0.906,29.591000000000008,71.85300000000001,71.853,-16.057999999999993,13.532999999999987,56,3.189,14
48649,1,0.889,1.166,8.537000000000006,34.29599999999999,34.296,-40.59,-32.053,56,3.189,15
3539,1,0.993,1.969,-19.581999999999994,29.99000000000001,29.99,-18.364000000000004,-37.946,56,3.189,16
9366,1,1.544,0.935,-3.467000000000013,37.63300000000001,37.633,-50.212999999999994,-53.68000000000001,56,3.189,17
825,1,2.213,0.824,30.837999999999994,75.38400000000001,75.384,12.482,43.31999999999999,56,3.189,18
28793,1,1.26,1.086,-34.285,108.77499999999998,108.775,-21.960000000000008,-56.245000000000005,56,3.189,19
37292,1,1.13,1.534,-1.554000000000002,96.577,96.577,-23.506,-25.060000000000002,56,3.189,20
44184,1,1.302,0.855,38.393,28.214,28.214,-64.334,-25.941000000000003,57,3.189,1
48435,1,1.569,0.967,23.36699999999999,26.131,26.131,-50.63499999999999,-27.268,57,3.189,2
257,1,3.0,1.121,70.595,58.146000000000015,58.146,17.075999999999993,87.67099999999999,57,3.189,3
825,1,2.213,0.824,30.837999999999994,75.38400000000001,75.384,12.482,43.31999999999999,57,3.189,4
262,1,2.751,1.319,67.29500000000002,64.701,64.701,15.527999999999992,82.82299999999998,57,3.189,5
770,1,1.92,0.798,36.341999999999985,93.67599999999999,93.676,51.233000000000004,87.57499999999999,57,3.189,6
23112,1,1.201,1.08,-9.730999999999995,105.17700000000002,105.177,-28.573000000000008,-38.304,57,3.189,7
1040,1,1.591,0.761,-2.8360000000000127,46.236999999999995,46.237,-22.372000000000014,-25.208,57,3.189,8
28774,1,1.281,1.152,-36.351,108.755,108.755,-10.40100000000001,-46.75200000000001,57,3.189,9
798,1,1.491,1.281,7.5,87.66300000000001,87.663,23.28200000000001,30.78200000000001,57,3.189,10
6988,1,1.123,1.86,-26.86500000000001,14.098000000000013,14.098,-18.312999999999988,-45.178,57,3.189,11
40520,1,1.603,0.908,53.456999999999994,60.863,60.863,-41.394000000000005,12.062999999999988,57,3.189,12
6986,1,0.831,1.621,-0.34499999999999886,16.25399999999999,16.254,-45.78899999999999,-46.134000000000015,57,3.189,13
48649,1,0.889,1.166,8.537000000000006,34.29599999999999,34.296,-40.59,-32.053,57,3.189,14
28823,1,1.225,1.139,-26.198000000000008,93.637,93.637,-28.432999999999993,-54.631,57,3.189,15
9365,1,1.413,0.867,-8.294000000000011,38.182000000000016,38.182,-43.55500000000001,-51.84899999999999,57,3.189,16
48833,1,1.42,1.389,-6.030000000000001,38.420000000000016,38.42,-24.486999999999995,-30.516999999999996,57,3.189,17
8346,1,1.176,0.86,17.289999999999992,32.69200000000001,32.692,-59.93299999999999,-42.643,57,3.189,18
4056,1,1.12,1.431,-33.60300000000001,47.317999999999984,47.318,-15.174000000000007,-48.77699999999999,57,3.189,19
528,1,1.773,0.771,9.619,70.34100000000001,70.341,30.002999999999986,39.622000000000014,57,3.189,20
798,1,1.491,1.281,7.5,87.66300000000001,87.663,23.28200000000001,30.78200000000001,58,3.19,1
6988,1,1.123,1.86,-26.86500000000001,14.098000000000013,14.098,-18.312999999999988,-45.178,58,3.19,2
35447,1,1.231,1.119,-15.887,83.13999999999999,83.14,-23.799000000000007,-39.68600000000001,58,3.19,3
28774,1,1.281,1.152,-36.351,108.755,108.755,-10.40100000000001,-46.75200000000001,58,3.19,4
3539,1,0.993,1.969,-19.581999999999994,29.99000000000001,29.99,-18.364000000000004,-37.946,58,3.19,5
48666,1,0.951,0.917,21.708,36.80599999999998,36.806,-46.787000000000006,-25.079000000000008,58,3.19,6
40539,1,1.791,0.785,44.28899999999999,63.60900000000001,63.609,-43.52600000000001,0.7630000000000052,58,3.19,7
825,1,2.213,0.824,30.837999999999994,75.38400000000001,75.384,12.482,43.31999999999999,58,3.19,8
44184,1,1.302,0.855,38.393,28.214,28.214,-64.334,-25.941000000000003,58,3.19,9
8346,1,1.176,0.86,17.289999999999992,32.69200000000001,32.692,-59.93299999999999,-42.643,58,3.19,10
28793,1,1.26,1.086,-34.285,108.77499999999998,108.775,-21.960000000000008,-56.245000000000005,58,3.19,11
793,1,2.118,0.789,15.911000000000001,81.28700000000003,81.287,39.38300000000001,55.29399999999998,58,3.19,12
528,1,1.773,0.771,9.619,70.34100000000001,70.341,30.002999999999986,39.622000000000014,58,3.19,13
48833,1,1.42,1.389,-6.030000000000001,38.420000000000016,38.42,-24.486999999999995,-30.516999999999996,58,3.19,14
820,1,1.573,0.651,27.353999999999985,74.352,74.352,1.5840000000000032,28.937999999999988,58,3.19,15
262,1,2.751,1.319,67.29500000000002,64.701,64.701,15.527999999999992,82.82299999999998,58,3.19,16
6986,1,0.831,1.621,-0.34499999999999886,16.25399999999999,16.254,-45.78899999999999,-46.134000000000015,58,3.19,17
4450,1,0.716,1.246,24.973000000000013,23.608000000000004,23.608,-74.295,-49.322,58,3.19,18
9366,1,1.544,0.935,-3.467000000000013,37.63300000000001,37.633,-50.212999999999994,-53.68000000000001,58,3.19,19
4316,1,1.314,1.449,-42.43899999999999,46.781000000000006,46.781,-8.759000000000015,-51.19800000000001,58,3.19,20
544,1,2.105,0.906,11.939999999999998,71.41300000000001,71.413,30.556999999999988,42.497000000000014,59,3.19,1
264,1,2.837,1.155,60.456999999999994,72.65199999999999,72.652,17.426999999999992,77.88400000000001,59,3.19,2
40520,1,1.603,0.908,53.456999999999994,60.863,60.863,-41.394000000000005,12.062999999999988,59,3.19,3
48666,1,0.951,0.917,21.708,36.80599999999998,36.806,-46.787000000000006,-25.079000000000008,59,3.19,4
6986,1,0.831,1.621,-0.34499999999999886,16.25399999999999,16.254,-45.78899999999999,-46.134000000000015,59,3.19,5
23112,1,1.201,1.08,-9.730999999999995,105.17700000000002,105.177,-28.573000000000008,-38.304,59,3.19,6
3564,1,1.204,1.729,-51.131,25.513000000000005,25.513,5.1200000000000045,-46.010999999999996,59,3.19,7
9365,1,1.413,0.867,-8.294000000000011,38.182000000000016,38.182,-43.55500000000001,-51.84899999999999,59,3.19,8
28783,1,1.258,0.956,-37.559,110.733,110.733,-16.050999999999988,-53.61,59,3.19,9
9323,1,1.523,1.191,4.653999999999996,44.373999999999995,44.374,-57.41499999999999,-52.760999999999996,59,3.19,10
825,1,2.213,0.824,30.837999999999994,75.38400000000001,75.384,12.482,43.31999999999999,59,3.19,11
3539,1,0.993,1.969,-19.581999999999994,29.99000000000001,29.99,-18.364000000000004,-37.946,59,3.19,12
528,1,1.773,0.771,9.619,70.34100000000001,70.341,30.002999999999986,39.622000000000014,59,3.19,13
28774,1,1.281,1.152,-36.351,108.755,108.755,-10.40100000000001,-46.75200000000001,59,3.19,14
48649,1,0.889,1.166,8.537000000000006,34.29599999999999,34.296,-40.59,-32.053,59,3.19,15
7133,1,0.956,1.153,15.23599999999999,27.11699999999999,27.117,-62.33,-47.093999999999994,59,3.19,16
160,1,1.829,0.849,47.740999999999985,71.215,71.215,6.028999999999996,53.77000000000001,59,3.19,17
793,1,2.118,0.789,15.911000000000001,81.28700000000003,81.287,39.38300000000001,55.29399999999998,59,3.19,18
3891,1,1.196,1.617,-53.506,31.405,31.405,1.3019999999999925,-52.20400000000001,59,3.19,19
44184,1,1.302,0.855,38.393,28.214,28.214,-64.334,-25.941000000000003,59,3.19,20
4055,1,1.222,1.611,-32.69400000000002,46.278999999999996,46.279,-15.893,-48.58699999999999,60,3.19,1
462,1,1.807,0.69,27.801999999999992,70.845,70.845,-13.096000000000004,14.705999999999989,60,3.19,2
8346,1,1.176,0.86,17.289999999999992,32.69200000000001,32.692,-59.93299999999999,-42.643,60,3.19,3
526,1,1.806,1.005,9.388000000000005,73.311,73.311,23.843999999999994,33.232,60,3.19,4
23112,1,1.201,1.08,-9.730999999999995,105.17700000000002,105.177,-28.573000000000008,-38.304,60,3.19,5
257,1,3.0,1.121,70.595,58.146000000000015,58.146,17.075999999999993,87.67099999999999,60,3.19,6
28774,1,1.281,1.152,-36.351,108.755,108.755,-10.40100000000001,-46.75200000000001,60,3.19,7
770,1,1.92,0.798,36.341999999999985,93.67599999999999,93.676,51.233000000000004,87.57499999999999,60,3.19,8
6991,1,1.107,1.704,-3.8470000000000084,17.236999999999995,17.237,-41.06999999999999,-44.917,60,3.19,9
40079,1,1.511,0.828,45.22800000000001,66.06200000000001,66.062,-15.457999999999998,29.77000000000001,60,3.19,10
48833,1,1.42,1.389,-6.030000000000001,38.420000000000016,38.42,-24.486999999999995,-30.516999999999996,60,3.19,11
3539,1,0.993,1.969,-19.581999999999994,29.99000000000001,29.99,-18.364000000000004,-37.946,60,3.19,12
6986,1,0.831,1.621,-0.34499999999999886,16.25399999999999,16.254,-45.78899999999999,-46.134000000000015,60,3.19,13
48435,1,1.569,0.967,23.36699999999999,26.131,26.131,-50.63499999999999,-27.268,60,3.19,14
43937,1,1.12,0.579,44.75,30.835000000000008,30.835,-72.084,-27.334000000000003,60,3.19,15
262,1,2.751,1.319,67.29500000000002,64.701,64.701,15.527999999999992,82.82299999999998,60,3.19,16
9366,1,1.544,0.935,-3.467000000000013,37.63300000000001,37.633,-50.212999999999994,-53.68000000000001,60,3.19,17
798,1,1.491,1.281,7.5,87.66300000000001,87.663,23.28200000000001,30.78200000000001,60,3.19,18
1040,1,1.591,0.761,-2.8360000000000127,46.236999999999995,46.237,-22.372000000000014,-25.208,60,3.19,19
27402,1,1.118,1.351,-9.198000000000008,86.84199999999998,86.842,-32.053,-41.251000000000005,60,3.19,20
8346,1,1.176,0.86,17.289999999999992,32.69200000000001,32.692,-59.93299999999999,-42.643,61,3.191,1
48560,1,0.984,1.26,20.25200000000001,42.252999999999986,42.253,-46.673,-26.420999999999992,61,3.191,2
48435,1,1.569,0.967,23.36699999999999,26.131,26.131,-50.63499999999999,-27.268,61,3.191,3
937,1,1.487,0.811,-8.891999999999996,67.33100000000002,67.331,2.009999999999991,-6.882000000000005,61,3.191,4
256,1,2.869,1.115,75.054,59.941,59.941,9.587999999999994,84.642,61,3.191,5
3539,1,0.993,1.969,-19.581999999999994,29.99000000000001,29.99,-18.364000000000004,-37.946,61,3.191,6
264,1,2.837,1.155,60.456999999999994,72.65199999999999,72.652,17.426999999999992,77.88400000000001,61,3.191,7
28783,1,1.258,0.956,-37.559,110.733,110.733,-16.050999999999988,-53.61,61,3.191,8
28508,1,1.22,0.633,-18.043000000000006,73.543,73.543,-35.411,-53.45400000000001,61,3.191,9
9365,1,1.413,0.867,-8.294000000000011,38.182000000000016,38.182,-43.55500000000001,-51.84899999999999,61,3.191,10
6988,1,1.123,1.86,-26.86500000000001,14.098000000000013,14.098,-18.312999999999988,-45.178,61,3.191,11
28774,1,1.281,1.152,-36.351,108.755,108.755,-10.40100000000001,-46.75200000000001,61,3.191,12
793,1,2.118,0.789,15.911000000000001,81.28700000000003,81.287,39.38300000000001,55.29399999999998,61,3.191,13
770,1,1.92,0.798,36.341999999999985,93.67599999999999,93.676,51.233000000000004,87.57499999999999,61,3.191,14
798,1,1.491,1.281,7.5,87.66300000000001,87.663,23.28200000000001,30.78200000000001,61,3.191,15
44184,1,1.302,0.855,38.393,28.214,28.214,-64.334,-25.941000000000003,61,3.191,16
48833,1,1.42,1.389,-6.030000000000001,38.420000000000016,38.42,-24.486999999999995,-30.516999999999996,61,3.191,17
4316,1,1.314,1.449,-42.43899999999999,46.781000000000006,46.781,-8.759000000000015,-51.19800000000001,61,3.191,18
40710,1,1.321,0.797,43.554,71.36599999999999,71.366,-26.574000000000012,16.97999999999999,61,3.191,19
6986,1,0.831,1.621,-0.34499999999999886,16.25399999999999,16.254,-45.78899999999999,-46.134000000000015,61,3.191,20
793,1,2.118,0.789,15.911000000000001,81.28700000000003,81.287,39.38300000000001,55.29399999999998,62,3.192,1
4316,1,1.314,1.449,-42.43899999999999,46.781000000000006,46.781,-8.759000000000015,-51.19800000000001,62,3.192,2
48649,1,0.889,1.166,8.537000000000006,34.29599999999999,34.296,-40.59,-32.053,62,3.192,3
40803,1,1.091,1.015,22.438999999999993,73.58600000000001,73.586,-34.59899999999999,-12.159999999999997,62,3.192,4
48560,1,0.984,1.26,20.25200000000001,42.252999999999986,42.253,-46.673,-26.420999999999992,62,3.192,5
9365,1,1.413,0.867,-8.294000000000011,38.182000000000016,38.182,-43.55500000000001,-51.84899999999999,62,3.192,6
28774,1,1.281,1.152,-36.351,108.755,108.755,-10.40100000000001,-46.75200000000001,62,3.192,7
540,1,1.917,0.768,9.324999999999989,66.19799999999998,66.198,39.989000000000004,49.31399999999999,62,3.192,8
528,1,1.773,0.771,9.619,70.34100000000001,70.341,30.002999999999986,39.622000000000014,62,3.192,9
40536,1,1.503,0.986,48.900000000000006,67.08600000000001,67.086,-35.004999999999995,13.894999999999982,62,3.192,10
825,1,2.213,0.824,30.837999999999994,75.38400000000001,75.384,12.482,43.31999999999999,62,3.192,11
44184,1,1.302,0.855,38.393,28.214,28.214,-64.334,-25.941000000000003,62,3.192,12
8346,1,1.176,0.86,17.289999999999992,32.69200000000001,32.692,-59.93299999999999,-42.643,62,3.192,13
6986,1,0.831,1.621,-0.34499999999999886,16.25399999999999,16.254,-45.78899999999999,-46.134000000000015,62,3.192,14
6991,1,1.107,1.704,-3.8470000000000084,17.236999999999995,17.237,-41.06999999999999,-44.917,62,3.192,15
48833,1,1.42,1.389,-6.030000000000001,38.420000000000016,38.42,-24.486999999999995,-30.516999999999996,62,3.192,16
3539,1,0.993,1.969,-19.581999999999994,29.99000000000001,29.99,-18.364000000000004,-37.946,62,3.192,17
264,1,2.837,1.155,60.456999999999994,72.65199999999999,72.652,17.426999999999992,77.88400000000001,62,3.192,18
28793,1,1.26,1.086,-34.285,108.77499999999998,108.775,-21.960000000000008,-56.245000000000005,62,3.192,19
798,1,1.491,1.281,7.5,87.66300000000001,87.663,23.28200000000001,30.78200000000001,62,3.192,20
825,1,2.213,0.824,30.837999999999994,75.38400000000001,75.384,12.482,43.31999999999999,63,3.192,1
40121,1,1.606,0.906,29.591000000000008,71.85300000000001,71.853,-16.057999999999993,13.532999999999987,63,3.192,2
43926,1,1.206,0.712,39.589,35.873999999999995,35.874,-66.654,-27.064999999999998,63,3.192,3
262,1,2.751,1.319,67.29500000000002,64.701,64.701,15.527999999999992,82.82299999999998,63,3.192,4
28793,1,1.26,1.086,-34.285,108.77499999999998,108.775,-21.960000000000008,-56.245000000000005,63,3.192,5
9366,1,1.544,0.935,-3.467000000000013,37.63300000000001,37.633,-50.212999999999994,-53.68000000000001,63,3.192,6
6986,1,0.831,1.621,-0.34499999999999886,16.25399999999999,16.254,-45.78899999999999,-46.134000000000015,63,3.192,7
3539,1,0.993,1.969,-19.581999999999994,29.99000000000001,29.99,-18.364000000000004,-37.946,63,3.192,8
504,1,1.621,0.809,16.905,78.31799999999998,78.318,9.068999999999988,25.97399999999999,63,3.192,9
793,1,2.118,0.789,15.911000000000001,81.28700000000003,81.287,39.38300000000001,55.29399999999998,63,3.192,10
23112,1,1.201,1.08,-9.730999999999995,105.17700000000002,105.177,-28.573000000000008,-38.304,63,3.192,11
8346,1,1.176,0.86,17.289999999999992,32.69200000000001,32.692,-59.93299999999999,-42.643,63,3.192,12
2980,1,1.077,1.237,-11.163999999999987,36.365999999999985,36.366,-24.921999999999997,-36.08600000000001,63,3.192,13
4316,1,1.314,1.449,-42.43899999999999,46.781000000000006,46.781,-8.759000000000015,-51.19800000000001,63,3.192,14
48666,1,0.951,0.917,21.708,36.80599999999998,36.806,-46.787000000000006,-25.079000000000008,63,3.192,15
526,1,1.806,1.005,9.388000000000005,73.311,73.311,23.843999999999994,33.232,63,3.192,16
28774,1,1.281,1.152,-36.351,108.755,108.755,-10.40100000000001,-46.75200000000001,63,3.192,17
48833,1,1.42,1.389,-6.030000000000001,38.420000000000016,38.42,-24.486999999999995,-30.516999999999996,63,3.192,18
258,1,3.354,1.166,71.999,60.144000000000005,60.144,17.913999999999987,89.91300000000001,63,3.192,19
44184,1,1.302,0.855,38.393,28.214,28.214,-64.334,-25.941000000000003,63,3.192,20
4141,1,0.981,1.369,-27.788999999999987,51.24000000000001,51.24,-26.589,-54.378,64,3.193,1
9177,1,1.4,0.888,-7.336999999999989,39.93600000000001,39.936,-44.93799999999999,-52.275000000000006,64,3.193,2
798,1,1.491,1.281,7.5,87.66300000000001,87.663,23.28200000000001,30.78200000000001,64,3.193,3
44184,1,1.302,0.855,38.393,28.214,28.214,-64.334,-25.941000000000003,64,3.193,4
23112,1,1.201,1.08,-9.730999999999995,105.17700000000002,105.177,-28.573000000000008,-38.304,64,3.193,5
529,1,1.75,0.886,9.614000000000004,69.21100000000001,69.211,30.819999999999993,40.434,64,3.193,6
6988,1,1.123,1.86,-26.86500000000001,14.098000000000013,14.098,-18.312999999999988,-45.178,64,3.193,7
6986,1,0.831,1.621,-0.34499999999999886,16.25399999999999,16.254,-45.78899999999999,-46.134000000000015,64,3.193,8
28783,1,1.258,0.956,-37.559,110.733,110.733,-16.050999999999988,-53.61,64,3.193,9
48833,1,1.42,1.389,-6.030000000000001,38.420000000000016,38.42,-24.486999999999995,-30.516999999999996,64,3.193,10
262,1,2.751,1.319,67.29500000000002,64.701,64.701,15.527999999999992,82.82299999999998,64,3.193,11
643,1,1.905,1.14,15.38900000000001,48.93700000000001,48.937,-12.546999999999997,2.8419999999999845,64,3.193,12
440,1,2.082,0.712,34.131,68.727,68.727,-11.783999999999992,22.34700000000001,64,3.193,13
28774,1,1.281,1.152,-36.351,108.755,108.755,-10.40100000000001,-46.75200000000001,64,3.193,14
770,1,1.92,0.798,36.341999999999985,93.67599999999999,93.676,51.233000000000004,87.57499999999999,64,3.193,15
39669,1,1.086,0.693,-18.586000000000013,56.399,56.399,-50.05500000000001,-68.64099999999999,64,3.193,16
48435,1,1.569,0.967,23.36699999999999,26.131,26.131,-50.63499999999999,-27.268,64,3.193,17
3539,1,0.993,1.969,-19.581999999999994,29.99000000000001,29.99,-18.364000000000004,-37.946,64,3.193,18
257,1,3.0,1.121,70.595,58.146000000000015,58.146,17.075999999999993,87.67099999999999,64,3.193,19
8346,1,1.176,0.86,17.289999999999992,32.69200000000001,32.692,-59.93299999999999,-42.643,64,3.193,20
9366,1,1.544,0.935,-3.467000000000013,37.63300000000001,37.633,-50.212999999999994,-53.68000000000001,65,3.193,1
263,1,2.869,1.185,56.36699999999999,73.89699999999999,73.897,19.19399999999999,75.56099999999998,65,3.193,2
6992,1,1.07,1.646,-15.841000000000008,20.36099999999999,20.361,-28.09899999999999,-43.94,65,3.193,3
48649,1,0.889,1.166,8.537000000000006,34.29599999999999,34.296,-40.59,-32.053,65,3.193,4
43937,1,1.12,0.579,44.75,30.835000000000008,30.835,-72.084,-27.334000000000003,65,3.193,5
262,1,2.751,1.319,67.29500000000002,64.701,64.701,15.527999999999992,82.82299999999998,65,3.193,6
798,1,1.491,1.281,7.5,87.66300000000001,87.663,23.28200000000001,30.78200000000001,65,3.193,7
48833,1,1.42,1.389,-6.030000000000001,38.420000000000016,38.42,-24.486999999999995,-30.516999999999996,65,3.193,8
793,1,2.118,0.789,15.911000000000001,81.28700000000003,81.287,39.38300000000001,55.29399999999998,65,3.193,9
28774,1,1.281,1.152,-36.351,108.755,108.755,-10.40100000000001,-46.75200000000001,65,3.193,10
6986,1,0.831,1.621,-0.34499999999999886,16.25399999999999,16.254,-45.78899999999999,-46.134000000000015,65,3.193,11
528,1,1.773,0.771,9.619,70.34100000000001,70.341,30.002999999999986,39.622000000000014,65,3.193,12
28783,1,1.258,0.956,-37.559,110.733,110.733,-16.050999999999988,-53.61,65,3.193,13
4316,1,1.314,1.449,-42.43899999999999,46.781000000000006,46.781,-8.759000000000015,-51.19800000000001,65,3.193,14
7133,1,0.956,1.153,15.23599999999999,27.11699999999999,27.117,-62.33,-47.093999999999994,65,3.193,15
28508,1,1.22,0.633,-18.043000000000006,73.543,73.543,-35.411,-53.45400000000001,65,3.193,16
44184,1,1.302,0.855,38.393,28.214,28.214,-64.334,-25.941000000000003,65,3.193,17
40121,1,1.606,0.906,29.591000000000008,71.85300000000001,71.853,-16.057999999999993,13.532999999999987,65,3.193,18
460,1,1.676,1.081,26.476,74.606,74.606,-16.310000000000002,10.165999999999997,65,3.193,19
3564,1,1.204,1.729,-51.131,25.513000000000005,25.513,5.1200000000000045,-46.010999999999996,65,3.193,20
48572,1,1.118,1.041,24.447000000000003,30.310000000000002,30.31,-48.91399999999999,-24.466999999999985,66,3.194,1
40536,1,1.503,0.986,48.900000000000006,67.08600000000001,67.086,-35.004999999999995,13.894999999999982,66,3.194,2
44184,1,1.302,0.855,38.393,28.214,28.214,-64.334,-25.941000000000003,66,3.194,3
793,1,2.118,0.789,15.911000000000001,81.28700000000003,81.287,39.38300000000001,55.29399999999998,66,3.194,4
798,1,1.491,1.281,7.5,87.66300000000001,87.663,23.28200000000001,30.78200000000001,66,3.194,5
7133,1,0.956,1.153,15.23599999999999,27.11699999999999,27.117,-62.33,-47.093999999999994,66,3.194,6
825,1,2.213,0.824,30.837999999999994,75.38400000000001,75.384,12.482,43.31999999999999,66,3.194,7
3539,1,0.993,1.969,-19.581999999999994,29.99000000000001,29.99,-18.364000000000004,-37.946,66,3.194,8
528,1,1.773,0.771,9.619,70.34100000000001,70.341,30.002999999999986,39.622000000000014,66,3.194,9
262,1,2.751,1.319,67.29500000000002,64.701,64.701,15.527999999999992,82.82299999999998,66,3.194,10
48649,1,0.889,1.166,8.537000000000006,34.29599999999999,34.296,-40.59,-32.053,66,3.194,11
3891,1,1.196,1.617,-53.506,31.405,31.405,1.3019999999999925,-52.20400000000001,66,3.194,12
1040,1,1.591,0.761,-2.8360000000000127,46.236999999999995,46.237,-22.372000000000014,-25.208,66,3.194,13
6986,1,0.831,1.621,-0.34499999999999886,16.25399999999999,16.254,-45.78899999999999,-46.134000000000015,66,3.194,14
460,1,1.676,1.081,26.476,74.606,74.606,-16.310000000000002,10.165999999999997,66,3.194,15
9323,1,1.523,1.191,4.653999999999996,44.373999999999995,44.374,-57.41499999999999,-52.760999999999996,66,3.194,16
6988,1,1.123,1.86,-26.86500000000001,14.098000000000013,14.098,-18.312999999999988,-45.178,66,3.194,17
28793,1,1.26,1.086,-34.285,108.77499999999998,108.775,-21.960000000000008,-56.245000000000005,66,3.194,18
526,1,1.806,1.005,9.388000000000005,73.311,73.311,23.843999999999994,33.232,66,3.194,19
28774,1,1.281,1.152,-36.351,108.755,108.755,-10.40100000000001,-46.75200000000001,66,3.194,20
48560,1,0.984,1.26,20.25200000000001,42.252999999999986,42.253,-46.673,-26.420999999999992,67,3.194,1
27402,1,1.118,1.351,-9.198000000000008,86.84199999999998,86.842,-32.053,-41.251000000000005,67,3.194,2
28793,1,1.26,1.086,-34.285,108.77499999999998,108.775,-21.960000000000008,-56.245000000000005,67,3.194,3
526,1,1.806,1.005,9.388000000000005,73.311,73.311,23.843999999999994,33.232,67,3.194,4
44184,1,1.302,0.855,38.393,28.214,28.214,-64.334,-25.941000000000003,67,3.194,5
798,1,1.491,1.281,7.5,87.66300000000001,87.663,23.28200000000001,30.78200000000001,67,3.194,6
43926,1,1.206,0.712,39.589,35.873999999999995,35.874,-66.654,-27.064999999999998,67,3.194,7
48833,1,1.42,1.389,-6.030000000000001,38.420000000000016,38.42,-24.486999999999995,-30.516999999999996,67,3.194,8
8346,1,1.176,0.86,17.289999999999992,32.69200000000001,32.692,-59.93299999999999,-42.643,67,3.194,9
40585,1,1.707,0.954,58.40299999999999,57.31200000000001,57.312,-30.216000000000008,28.187000000000012,67,3.194,10
263,1,2.869,1.185,56.36699999999999,73.89699999999999,73.897,19.19399999999999,75.56099999999998,67,3.194,11
6986,1,0.831,1.621,-0.34499999999999886,16.25399999999999,16.254,-45.78899999999999,-46.134000000000015,67,3.194,12
9366,1,1.544,0.935,-3.467000000000013,37.63300000000001,37.633,-50.212999999999994,-53.68000000000001,67,3.194,13
4248,1,0.787,1.459,-19.801999999999992,50.244,50.244,-24.138000000000005,-43.94,67,3.194,14
262,1,2.751,1.319,67.29500000000002,64.701,64.701,15.527999999999992,82.82299999999998,67,3.194,15
3539,1,0.993,1.969,-19.581999999999994,29.99000000000001,29.99,-18.364000000000004,-37.946,67,3.194,16
28774,1,1.281,1.152,-36.351,108.755,108.755,-10.40100000000001,-46.75200000000001,67,3.194,17
6988,1,1.123,1.86,-26.86500000000001,14.098000000000013,14.098,-18.312999999999988,-45.178,67,3.194,18
504,1,1.621,0.809,16.905,78.31799999999998,78.318,9.068999999999988,25.97399999999999,67,3.194,19
528,1,1.773,0.771,9.619,70.34100000000001,70.341,30.002999999999986,39.622000000000014,67,3.194,20
4070,1,0.965,1.483,-26.033000000000015,52.745000000000005,52.745,-29.49600000000001,-55.528999999999996,68,3.197,1
460,1,1.676,1.081,26.476,74.606,74.606,-16.310000000000002,10.165999999999997,68,3.197,2
263,1,2.869,1.185,56.36699999999999,73.89699999999999,73.897,19.19399999999999,75.56099999999998,68,3.197,3
28774,1,1.281,1.152,-36.351,108.755,108.755,-10.40100000000001,-46.75200000000001,68,3.197,4
643,1,1.905,1.14,15.38900000000001,48.93700000000001,48.937,-12.546999999999997,2.8419999999999845,68,3.197,5
793,1,2.118,0.789,15.911000000000001,81.28700000000003,81.287,39.38300000000001,55.29399999999998,68,3.197,6
804,1,1.501,0.955,-3.5010000000000048,90.99099999999999,90.991,21.986999999999995,18.48599999999999,68,3.197,7
48833,1,1.42,1.389,-6.030000000000001,38.420000000000016,38.42,-24.486999999999995,-30.516999999999996,68,3.197,8
28793,1,1.26,1.086,-34.285,108.77499999999998,108.775,-21.960000000000008,-56.245000000000005,68,3.197,9
262,1,2.751,1.319,67.29500000000002,64.701,64.701,15.527999999999992,82.82299999999998,68,3.197,10
48649,1,0.889,1.166,8.537000000000006,34.29599999999999,34.296,-40.59,-32.053,68,3.197,11
6986,1,0.831,1.621,-0.34499999999999886,16.25399999999999,16.254,-45.78899999999999,-46.134000000000015,68,3.197,12
9366,1,1.544,0.935,-3.467000000000013,37.63300000000001,37.633,-50.212999999999994,-53.68000000000001,68,3.197,13
7133,1,0.956,1.153,15.23599999999999,27.11699999999999,27.117,-62.33,-47.093999999999994,68,3.197,14
44184,1,1.302,0.855,38.393,28.214,28.214,-64.334,-25.941000000000003,68,3.197,15
526,1,1.806,1.005,9.388000000000005,73.311,73.311,23.843999999999994,33.232,68,3.197,16
6988,1,1.123,1.86,-26.86500000000001,14.098000000000013,14.098,-18.312999999999988,-45.178,68,3.197,17
3892,1,1.233,1.883,-46.61099999999999,37.202,37.202,-2.127999999999986,-48.739000000000004,68,3.197,18
43937,1,1.12,0.579,44.75,30.835000000000008,30.835,-72.084,-27.334000000000003,68,3.197,19
40121,1,1.606,0.906,29.591000000000008,71.85300000000001,71.853,-16.057999999999993,13.532999999999987,68,3.197,20
43937,1,1.12,0.579,44.75,30.835000000000008,30.835,-72.084,-27.334000000000003,69,3.197,1
8346,1,1.176,0.86,17.289999999999992,32.69200000000001,32.692,-59.93299999999999,-42.643,69,3.197,2
6988,1,1.123,1.86,-26.86500000000001,14.098000000000013,14.098,-18.312999999999988,-45.178,69,3.197,3
263,1,2.869,1.185,56.36699999999999,73.89699999999999,73.897,19.19399999999999,75.56099999999998,69,3.197,4
48833,1,1.42,1.389,-6.030000000000001,38.420000000000016,38.42,-24.486999999999995,-30.516999999999996,69,3.197,5
528,1,1.773,0.771,9.619,70.34100000000001,70.341,30.002999999999986,39.622000000000014,69,3.197,6
3539,1,0.993,1.969,-19.581999999999994,29.99000000000001,29.99,-18.364000000000004,-37.946,69,3.197,7
27402,1,1.118,1.351,-9.198000000000008,86.84199999999998,86.842,-32.053,-41.251000000000005,69,3.197,8
9365,1,1.413,0.867,-8.294000000000011,38.182000000000016,38.182,-43.55500000000001,-51.84899999999999,69,3.197,9
7133,1,0.956,1.153,15.23599999999999,27.11699999999999,27.117,-62.33,-47.093999999999994,69,3.197,10
4248,1,0.787,1.459,-19.801999999999992,50.244,50.244,-24.138000000000005,-43.94,69,3.197,11
28783,1,1.258,0.956,-37.559,110.733,110.733,-16.050999999999988,-53.61,69,3.197,12
462,1,1.807,0.69,27.801999999999992,70.845,70.845,-13.096000000000004,14.705999999999989,69,3.197,13
48649,1,0.889,1.166,8.537000000000006,34.29599999999999,34.296,-40.59,-32.053,69,3.197,14
790,1,2.161,0.774,21.101,84.493,84.493,39.05799999999999,60.15899999999999,69,3.197,15
798,1,1.491,1.281,7.5,87.66300000000001,87.663,23.28200000000001,30.78200000000001,69,3.197,16
2309,1,1.685,0.836,-25.695999999999998,30.80600000000001,30.806,-19.415999999999997,-45.111999999999995,69,3.197,17
262,1,2.751,1.319,67.29500000000002,64.701,64.701,15.527999999999992,82.82299999999998,69,3.197,18
40275,1,1.246,1.167,16.739000000000004,73.42099999999999,73.421,-22.381,-5.641999999999996,69,3.197,19
28774,1,1.281,1.152,-36.351,108.755,108.755,-10.40100000000001,-46.75200000000001,69,3.197,20
28783,1,1.258,0.956,-37.559,110.733,110.733,-16.050999999999988,-53.61,70,3.197,1
526,1,1.806,1.005,9.388000000000005,73.311,73.311,23.843999999999994,33.232,70,3.197,2
528,1,1.773,0.771,9.619,70.34100000000001,70.341,30.002999999999986,39.622000000000014,70,3.197,3
43934,1,1.187,0.856,35.87700000000001,34.94999999999999,34.95,-60.857,-24.97999999999999,70,3.197,4
773,1,1.99,0.902,29.814999999999998,95.37099999999998,95.371,54.571,84.38599999999997,70,3.197,5
4316,1,1.314,1.449,-42.43899999999999,46.781000000000006,46.781,-8.759000000000015,-51.19800000000001,70,3.197,6
48435,1,1.569,0.967,23.36699999999999,26.131,26.131,-50.63499999999999,-27.268,70,3.197,7
39669,1,1.086,0.693,-18.586000000000013,56.399,56.399,-50.05500000000001,-68.64099999999999,70,3.197,8
264,1,2.837,1.155,60.456999999999994,72.65199999999999,72.652,17.426999999999992,77.88400000000001,70,3.197,9
3539,1,0.993,1.969,-19.581999999999994,29.99000000000001,29.99,-18.364000000000004,-37.946,70,3.197,10
48833,1,1.42,1.389,-6.030000000000001,38.420000000000016,38.42,-24.486999999999995,-30.516999999999996,70,3.197,11
48649,1,0.889,1.166,8.537000000000006,34.29599999999999,34.296,-40.59,-32.053,70,3.197,12
258,1,3.354,1.166,71.999,60.144000000000005,60.144,17.913999999999987,89.91300000000001,70,3.197,13
6988,1,1.123,1.86,-26.86500000000001,14.098000000000013,14.098,-18.312999999999988,-45.178,70,3.197,14
462,1,1.807,0.69,27.801999999999992,70.845,70.845,-13.096000000000004,14.705999999999989,70,3.197,15
9366,1,1.544,0.935,-3.467000000000013,37.63300000000001,37.633,-50.212999999999994,-53.68000000000001,70,3.197,16
6986,1,0.831,1.621,-0.34499999999999886,16.25399999999999,16.254,-45.78899999999999,-46.134000000000015,70,3.197,17
8346,1,1.176,0.86,17.289999999999992,32.69200000000001,32.692,-59.93299999999999,-42.643,70,3.197,18
28774,1,1.281,1.152,-36.351,108.755,108.755,-10.40100000000001,-46.75200000000001,70,3.197,19
489,1,1.657,0.781,17.187000000000012,79.16300000000001,79.163,4.955999999999989,22.143,70,3.197,20
793,1,2.118,0.789,15.911000000000001,81.28700000000003,81.287,39.38300000000001,55.29399999999998,71,3.198,1
48833,1,1.42,1.389,-6.030000000000001,38.420000000000016,38.42,-24.486999999999995,-30.516999999999996,71,3.198,2
262,1,2.751,1.319,67.29500000000002,64.701,64.701,15.527999999999992,82.82299999999998,71,3.198,3
528,1,1.773,0.771,9.619,70.34100000000001,70.341,30.002999999999986,39.622000000000014,71,3.198,4
7133,1,0.956,1.153,15.23599999999999,27.11699999999999,27.117,-62.33,-47.093999999999994,71,3.198,5
48427,1,1.411,1.179,2.0529999999999973,32.367999999999995,32.368,-26.171999999999997,-24.119,71,3.198,6
28793,1,1.26,1.086,-34.285,108.77499999999998,108.775,-21.960000000000008,-56.245000000000005,71,3.198,7
9323,1,1.523,1.191,4.653999999999996,44.373999999999995,44.374,-57.41499999999999,-52.760999999999996,71,3.198,8
44184,1,1.302,0.855,38.393,28.214,28.214,-64.334,-25.941000000000003,71,3.198,9
263,1,2.869,1.185,56.36699999999999,73.89699999999999,73.897,19.19399999999999,75.56099999999998,71,3.198,10
28774,1,1.281,1.152,-36.351,108.755,108.755,-10.40100000000001,-46.75200000000001,71,3.198,11
40520,1,1.603,0.908,53.456999999999994,60.863,60.863,-41.394000000000005,12.062999999999988,71,3.198,12
489,1,1.657,0.781,17.187000000000012,79.16300000000001,79.163,4.955999999999989,22.143,71,3.198,13
8346,1,1.176,0.86,17.289999999999992,32.69200000000001,32.692,-59.93299999999999,-42.643,71,3.198,14
6986,1,0.831,1.621,-0.34499999999999886,16.25399999999999,16.254,-45.78899999999999,-46.134000000000015,71,3.198,15
798,1,1.491,1.281,7.5,87.66300000000001,87.663,23.28200000000001,30.78200000000001,71,3.198,16
28506,1,1.297,0.809,-19.901999999999987,74.76999999999998,74.77,-29.259000000000015,-49.161,71,3.198,17
4316,1,1.314,1.449,-42.43899999999999,46.781000000000006,46.781,-8.759000000000015,-51.19800000000001,71,3.198,18
48649,1,0.889,1.166,8.537000000000006,34.29599999999999,34.296,-40.59,-32.053,71,3.198,19
3564,1,1.204,1.729,-51.131,25.513000000000005,25.513,5.1200000000000045,-46.010999999999996,71,3.198,20
6986,1,0.831,1.621,-0.34499999999999886,16.25399999999999,16.254,-45.78899999999999,-46.134000000000015,72,3.199,1
3891,1,1.196,1.617,-53.506,31.405,31.405,1.3019999999999925,-52.20400000000001,72,3.199,2
8346,1,1.176,0.86,17.289999999999992,32.69200000000001,32.692,-59.93299999999999,-42.643,72,3.199,3
793,1,2.118,0.789,15.911000000000001,81.28700000000003,81.287,39.38300000000001,55.29399999999998,72,3.199,4
48649,1,0.889,1.166,8.537000000000006,34.29599999999999,34.296,-40.59,-32.053,72,3.199,5
28793,1,1.26,1.086,-34.285,108.77499999999998,108.775,-21.960000000000008,-56.245000000000005,72,3.199,6
9174,1,1.605,0.679,-2.4329999999999927,38.65299999999999,38.653,-47.67500000000001,-50.108000000000004,72,3.199,7
23112,1,1.201,1.08,-9.730999999999995,105.17700000000002,105.177,-28.573000000000008,-38.304,72,3.199,8
798,1,1.491,1.281,7.5,87.66300000000001,87.663,23.28200000000001,30.78200000000001,72,3.199,9
528,1,1.773,0.771,9.619,70.34100000000001,70.341,30.002999999999986,39.622000000000014,72,3.199,10
1040,1,1.591,0.761,-2.8360000000000127,46.236999999999995,46.237,-22.372000000000014,-25.208,72,3.199,11
262,1,2.751,1.319,67.29500000000002,64.701,64.701,15.527999999999992,82.82299999999998,72,3.199,12
7133,1,0.956,1.153,15.23599999999999,27.11699999999999,27.117,-62.33,-47.093999999999994,72,3.199,13
6988,1,1.123,1.86,-26.86500000000001,14.098000000000013,14.098,-18.312999999999988,-45.178,72,3.199,14
44184,1,1.302,0.855,38.393,28.214,28.214,-64.334,-25.941000000000003,72,3.199,15
3612,1,1.101,1.314,-28.442000000000007,43.95600000000002,43.956,-15.826999999999998,-44.269000000000005,72,3.199,16
263,1,2.869,1.185,56.36699999999999,73.89699999999999,73.897,19.19399999999999,75.56099999999998,72,3.199,17
161,1,2.009,1.06,51.32300000000001,69.85500000000002,69.855,6.562000000000012,57.88499999999999,72,3.199,18
28774,1,1.281,1.152,-36.351,108.755,108.755,-10.40100000000001,-46.75200000000001,72,3.199,19
9323,1,1.523,1.191,4.653999999999996,44.373999999999995,44.374,-57.41499999999999,-52.760999999999996,72,3.199,20
48435,1,1.569,0.967,23.36699999999999,26.131,26.131,-50.63499999999999,-27.268,73,3.199,1
39669,1,1.086,0.693,-18.586000000000013,56.399,56.399,-50.05500000000001,-68.64099999999999,73,3.199,2
8346,1,1.176,0.86,17.289999999999992,32.69200000000001,32.692,-59.93299999999999,-42.643,73,3.199,3
528,1,1.773,0.771,9.619,70.34100000000001,70.341,30.002999999999986,39.622000000000014,73,3.199,4
504,1,1.621,0.809,16.905,78.31799999999998,78.318,9.068999999999988,25.97399999999999,73,3.199,5
43934,1,1.187,0.856,35.87700000000001,34.94999999999999,34.95,-60.857,-24.97999999999999,73,3.199,6
21337,1,1.351,1.045,-29.14699999999999,105.39499999999998,105.395,-16.543000000000006,-45.69,73,3.199,7
798,1,1.491,1.281,7.5,87.66300000000001,87.663,23.28200000000001,30.78200000000001,73,3.199,8
937,1,1.487,0.811,-8.891999999999996,67.33100000000002,67.331,2.009999999999991,-6.882000000000005,73,3.199,9
3539,1,0.993,1.969,-19.581999999999994,29.99000000000001,29.99,-18.364000000000004,-37.946,73,3.199,10
6988,1,1.123,1.86,-26.86500000000001,14.098000000000013,14.098,-18.312999999999988,-45.178,73,3.199,11
28774,1,1.281,1.152,-36.351,108.755,108.755,-10.40100000000001,-46.75200000000001,73,3.199,12
263,1,2.869,1.185,56.36699999999999,73.89699999999999,73.897,19.19399999999999,75.56099999999998,73,3.199,13
6986,1,0.831,1.621,-0.34499999999999886,16.25399999999999,16.254,-45.78899999999999,-46.134000000000015,73,3.199,14
40712,1,1.339,1.206,46.125,71.15199999999999,71.152,-26.447000000000003,19.677999999999997,73,3.199,15
264,1,2.837,1.155,60.456999999999994,72.65199999999999,72.652,17.426999999999992,77.88400000000001,73,3.199,16
48833,1,1.42,1.389,-6.030000000000001,38.420000000000016,38.42,-24.486999999999995,-30.516999999999996,73,3.199,17
9323,1,1.523,1.191,4.653999999999996,44.373999999999995,44.374,-57.41499999999999,-52.760999999999996,73,3.199,18
4316,1,1.314,1.449,-42.43899999999999,46.781000000000006,46.781,-8.759000000000015,-51.19800000000001,73,3.199,19
48666,1,0.951,0.917,21.708,36.80599999999998,36.806,-46.787000000000006,-25.079000000000008,73,3.199,20
7133,1,0.956,1.153,15.23599999999999,27.11699999999999,27.117,-62.33,-47.093999999999994,74,3.199,1
4055,1,1.222,1.611,-32.69400000000002,46.278999999999996,46.279,-15.893,-48.58699999999999,74,3.199,2
29102,1,0.975,1.053,-27.425999999999988,94.93899999999996,94.939,-23.823000000000008,-51.248999999999995,74,3.199,3
28774,1,1.281,1.152,-36.351,108.755,108.755,-10.40100000000001,-46.75200000000001,74,3.199,4
798,1,1.491,1.281,7.5,87.66300000000001,87.663,23.28200000000001,30.78200000000001,74,3.199,5
4450,1,0.716,1.246,24.973000000000013,23.608000000000004,23.608,-74.295,-49.322,74,3.199,6
6988,1,1.123,1.86,-26.86500000000001,14.098000000000013,14.098,-18.312999999999988,-45.178,74,3.199,7
4008,1,0.823,1.288,-27.769000000000005,41.435,41.435,-20.51400000000001,-48.283000000000015,74,3.199,8
9366,1,1.544,0.935,-3.467000000000013,37.63300000000001,37.633,-50.212999999999994,-53.68000000000001,74,3.199,9
462,1,1.807,0.69,27.801999999999992,70.845,70.845,-13.096000000000004,14.705999999999989,74,3.199,10
257,1,3.0,1.121,70.595,58.146000000000015,58.146,17.075999999999993,87.67099999999999,74,3.199,11
43934,1,1.187,0.856,35.87700000000001,34.94999999999999,34.95,-60.857,-24.97999999999999,74,3.199,12
48435,1,1.569,0.967,23.36699999999999,26.131,26.131,-50.63499999999999,-27.268,74,3.199,13
526,1,1.806,1.005,9.388000000000005,73.311,73.311,23.843999999999994,33.232,74,3.199,14
262,1,2.751,1.319,67.29500000000002,64.701,64.701,15.527999999999992,82.82299999999998,74,3.199,15
770,1,1.92,0.798,36.341999999999985,93.67599999999999,93.676,51.233000000000004,87.57499999999999,74,3.199,16
8346,1,1.176,0.86,17.289999999999992,32.69200000000001,32.692,-59.93299999999999,-42.643,74,3.199,17
28783,1,1.258,0.956,-37.559,110.733,110.733,-16.050999999999988,-53.61,74,3.199,18
48833,1,1.42,1.389,-6.030000000000001,38.420000000000016,38.42,-24.486999999999995,-30.516999999999996,74,3.199,19
40121,1,1.606,0.906,29.591000000000008,71.85300000000001,71.853,-16.057999999999993,13.532999999999987,74,3.199,20
4617,1,1.321,1.473,-8.044000000000011,66.68299999999999,66.683,-19.13499999999999,-27.179000000000002,75,3.2,1
6988,1,1.123,1.86,-26.86500000000001,14.098000000000013,14.098,-18.312999999999988,-45.178,75,3.2,2
43926,1,1.206,0.712,39.589,35.873999999999995,35.874,-66.654,-27.064999999999998,75,3.2,3
262,1,2.751,1.319,67.29500000000002,64.701,64.701,15.527999999999992,82.82299999999998,75,3.2,4
44184,1,1.302,0.855,38.393,28.214,28.214,-64.334,-25.941000000000003,75,3.2,5
9366,1,1.544,0.935,-3.467000000000013,37.63300000000001,37.633,-50.212999999999994,-53.68000000000001,75,3.2,6
793,1,2.118,0.789,15.911000000000001,81.28700000000003,81.287,39.38300000000001,55.29399999999998,75,3.2,7
48649,1,0.889,1.166,8.537000000000006,34.29599999999999,34.296,-40.59,-32.053,75,3.2,8
528,1,1.773,0.771,9.619,70.34100000000001,70.341,30.002999999999986,39.622000000000014,75,3.2,9
23112,1,1.201,1.08,-9.730999999999995,105.17700000000002,105.177,-28.573000000000008,-38.304,75,3.2,10
4057,1,0.742,1.365,-32.12299999999999,43.513000000000005,43.513,-18.26400000000001,-50.387,75,3.2,11
263,1,2.869,1.185,56.36699999999999,73.89699999999999,73.897,19.19399999999999,75.56099999999998,75,3.2,12
798,1,1.491,1.281,7.5,87.66300000000001,87.663,23.28200000000001,30.78200000000001,75,3.2,13
28793,1,1.26,1.086,-34.285,108.77499999999998,108.775,-21.960000000000008,-56.245000000000005,75,3.2,14
40520,1,1.603,0.908,53.456999999999994,60.863,60.863,-41.394000000000005,12.062999999999988,75,3.2,15
504,1,1.621,0.809,16.905,78.31799999999998,78.318,9.068999999999988,25.97399999999999,75,3.2,16
48833,1,1.42,1.389,-6.030000000000001,38.420000000000016,38.42,-24.486999999999995,-30.516999999999996,75,3.2,17
28774,1,1.281,1.152,-36.351,108.755,108.755,-10.40100000000001,-46.75200000000001,75,3.2,18
6992,1,1.07,1.646,-15.841000000000008,20.36099999999999,20.361,-28.09899999999999,-43.94,75,3.2,19
7133,1,0.956,1.153,15.23599999999999,27.11699999999999,27.117,-62.33,-47.093999999999994,75,3.2,20
773,1,1.99,0.902,29.814999999999998,95.37099999999998,95.371,54.571,84.38599999999997,76,3.201,1
462,1,1.807,0.69,27.801999999999992,70.845,70.845,-13.096000000000004,14.705999999999989,76,3.201,2
3564,1,1.204,1.729,-51.131,25.513000000000005,25.513,5.1200000000000045,-46.010999999999996,76,3.201,3
262,1,2.751,1.319,67.29500000000002,64.701,64.701,15.527999999999992,82.82299999999998,76,3.201,4
6986,1,0.831,1.621,-0.34499999999999886,16.25399999999999,16.254,-45.78899999999999,-46.134000000000015,76,3.201,5
9365,1,1.413,0.867,-8.294000000000011,38.182000000000016,38.182,-43.55500000000001,-51.84899999999999,76,3.201,6
798,1,1.491,1.281,7.5,87.66300000000001,87.663,23.28200000000001,30.78200000000001,76,3.201,7
48833,1,1.42,1.389,-6.030000000000001,38.420000000000016,38.42,-24.486999999999995,-30.516999999999996,76,3.201,8
28783,1,1.258,0.956,-37.559,110.733,110.733,-16.050999999999988,-53.61,76,3.201,9
43934,1,1.187,0.856,35.87700000000001,34.94999999999999,34.95,-60.857,-24.97999999999999,76,3.201,10
48560,1,0.984,1.26,20.25200000000001,42.252999999999986,42.253,-46.673,-26.420999999999992,76,3.201,11
28774,1,1.281,1.152,-36.351,108.755,108.755,-10.40100000000001,-46.75200000000001,76,3.201,12
48649,1,0.889,1.166,8.537000000000006,34.29599999999999,34.296,-40.59,-32.053,76,3.201,13
48435,1,1.569,0.967,23.36699999999999,26.131,26.131,-50.63499999999999,-27.268,76,3.201,14
23112,1,1.201,1.08,-9.730999999999995,105.17700000000002,105.177,-28.573000000000008,-38.304,76,3.201,15
4141,1,0.981,1.369,-27.788999999999987,51.24000000000001,51.24,-26.589,-54.378,76,3.201,16
8346,1,1.176,0.86,17.289999999999992,32.69200000000001,32.692,-59.93299999999999,-42.643,76,3.201,17
643,1,1.905,1.14,15.38900000000001,48.93700000000001,48.937,-12.546999999999997,2.8419999999999845,76,3.201,18
264,1,2.837,1.155,60.456999999999994,72.65199999999999,72.652,17.426999999999992,77.88400000000001,76,3.201,19
528,1,1.773,0.771,9.619,70.34100000000001,70.341,30.002999999999986,39.622000000000014,76,3.201,20
6986,1,0.831,1.621,-0.34499999999999886,16.25399999999999,16.254,-45.78899999999999,-46.134000000000015,77,3.202,1
28793,1,1.26,1.086,-34.285,108.77499999999998,108.775,-21.960000000000008,-56.245000000000005,77,3.202,2
262,1,2.751,1.319,67.29500000000002,64.701,64.701,15.527999999999992,82.82299999999998,77,3.202,3
27402,1,1.118,1.351,-9.198000000000008,86.84199999999998,86.842,-32.053,-41.251000000000005,77,3.202,4
7167,1,1.127,1.365,7.122000000000014,18.093999999999994,18.094,-55.06100000000001,-47.93899999999999,77,3.202,5
48833,1,1.42,1.389,-6.030000000000001,38.420000000000016,38.42,-24.486999999999995,-30.516999999999996,77,3.202,6
528,1,1.773,0.771,9.619,70.34100000000001,70.341,30.002999999999986,39.622000000000014,77,3.202,7
9176,1,1.465,0.654,-8.27000000000001,37.692999999999984,37.693,-40.998999999999995,-49.269000000000005,77,3.202,8
793,1,2.118,0.789,15.911000000000001,81.28700000000003,81.287,39.38300000000001,55.29399999999998,77,3.202,9
28774,1,1.281,1.152,-36.351,108.755,108.755,-10.40100000000001,-46.75200000000001,77,3.202,10
264,1,2.837,1.155,60.456999999999994,72.65199999999999,72.652,17.426999999999992,77.88400000000001,77,3.202,11
44184,1,1.302,0.855,38.393,28.214,28.214,-64.334,-25.941000000000003,77,3.202,12
462,1,1.807,0.69,27.801999999999992,70.845,70.845,-13.096000000000004,14.705999999999989,77,3.202,13
3564,1,1.204,1.729,-51.131,25.513000000000005,25.513,5.1200000000000045,-46.010999999999996,77,3.202,14
4316,1,1.314,1.449,-42.43899999999999,46.781000000000006,46.781,-8.759000000000015,-51.19800000000001,77,3.202,15
48542,1,0.752,0.991,17.283999999999992,39.86099999999999,39.861,-47.974999999999994,-30.691000000000003,77,3.202,16
526,1,1.806,1.005,9.388000000000005,73.311,73.311,23.843999999999994,33.232,77,3.202,17
48649,1,0.889,1.166,8.537000000000006,34.29599999999999,34.296,-40.59,-32.053,77,3.202,18
9366,1,1.544,0.935,-3.467000000000013,37.63300000000001,37.633,-50.212999999999994,-53.68000000000001,77,3.202,19
798,1,1.491,1.281,7.5,87.66300000000001,87.663,23.28200000000001,30.78200000000001,77,3.202,20
28774,1,1.281,1.152,-36.351,108.755,108.755,-10.40100000000001,-46.75200000000001,78,3.202,1
23112,1,1.201,1.08,-9.730999999999995,105.17700000000002,105.177,-28.573000000000008,-38.304,78,3.202,2
2980,1,1.077,1.237,-11.163999999999987,36.365999999999985,36.366,-24.921999999999997,-36.08600000000001,78,3.202,3
6988,1,1.123,1.86,-26.86500000000001,14.098000000000013,14.098,-18.312999999999988,-45.178,78,3.202,4
770,1,1.92,0.798,36.341999999999985,93.67599999999999,93.676,51.233000000000004,87.57499999999999,78,3.202,5
9366,1,1.544,0.935,-3.467000000000013,37.63300000000001,37.633,-50.212999999999994,-53.68000000000001,78,3.202,6
262,1,2.751,1.319,67.29500000000002,64.701,64.701,15.527999999999992,82.82299999999998,78,3.202,7
4070,1,0.965,1.483,-26.033000000000015,52.745000000000005,52.745,-29.49600000000001,-55.528999999999996,78,3.202,8
29102,1,0.975,1.053,-27.425999999999988,94.93899999999996,94.939,-23.823000000000008,-51.248999999999995,78,3.202,9
48833,1,1.42,1.389,-6.030000000000001,38.420000000000016,38.42,-24.486999999999995,-30.516999999999996,78,3.202,10
43934,1,1.187,0.856,35.87700000000001,34.94999999999999,34.95,-60.857,-24.97999999999999,78,3.202,11
828,1,2.01,0.747,28.953000000000003,74.92099999999999,74.921,14.840000000000003,43.793000000000006,78,3.202,12
528,1,1.773,0.771,9.619,70.34100000000001,70.341,30.002999999999986,39.622000000000014,78,3.202,13
526,1,1.806,1.005,9.388000000000005,73.311,73.311,23.843999999999994,33.232,78,3.202,14
44184,1,1.302,0.855,38.393,28.214,28.214,-64.334,-25.941000000000003,78,3.202,15
9365,1,1.413,0.867,-8.294000000000011,38.182000000000016,38.182,-43.55500000000001,-51.84899999999999,78,3.202,16
48435,1,1.569,0.967,23.36699999999999,26.131,26.131,-50.63499999999999,-27.268,78,3.202,17
256,1,2.869,1.115,75.054,59.941,59.941,9.587999999999994,84.642,78,3.202,18
40121,1,1.606,0.906,29.591000000000008,71.85300000000001,71.853,-16.057999999999993,13.532999999999987,78,3.202,19
3567,1,1.3,1.656,-32.41,30.31899999999999,30.319,-14.159999999999997,-46.56999999999999,78,3.202,20
48435,1,1.569,0.967,23.36699999999999,26.131,26.131,-50.63499999999999,-27.268,79,3.202,1
9365,1,1.413,0.867,-8.294000000000011,38.182000000000016,38.182,-43.55500000000001,-51.84899999999999,79,3.202,2
798,1,1.491,1.281,7.5,87.66300000000001,87.663,23.28200000000001,30.78200000000001,79,3.202,3
1040,1,1.591,0.761,-2.8360000000000127,46.236999999999995,46.237,-22.372000000000014,-25.208,79,3.202,4
28774,1,1.281,1.152,-36.351,108.755,108.755,-10.40100000000001,-46.75200000000001,79,3.202,5
40710,1,1.321,0.797,43.554,71.36599999999999,71.366,-26.574000000000012,16.97999999999999,79,3.202,6
3891,1,1.196,1.617,-53.506,31.405,31.405,1.3019999999999925,-52.20400000000001,79,3.202,7
44184,1,1.302,0.855,38.393,28.214,28.214,-64.334,-25.941000000000003,79,3.202,8
48469,1,1.245,1.033,-6.776999999999987,49.804,49.804,-33.17599999999999,-39.953,79,3.202,9
6988,1,1.123,1.86,-26.86500000000001,14.098000000000013,14.098,-18.312999999999988,-45.178,79,3.202,10
6986,1,0.831,1.621,-0.34499999999999886,16.25399999999999,16.254,-45.78899999999999,-46.134000000000015,79,3.202,11
28793,1,1.26,1.086,-34.285,108.77499999999998,108.775,-21.960000000000008,-56.245000000000005,79,3.202,12
528,1,1.773,0.771,9.619,70.34100000000001,70.341,30.002999999999986,39.622000000000014,79,3.202,13
264,1,2.837,1.155,60.456999999999994,72.65199999999999,72.652,17.426999999999992,77.88400000000001,79,3.202,14
504,1,1.621,0.809,16.905,78.31799999999998,78.318,9.068999999999988,25.97399999999999,79,3.202,15
9346,1,1.506,0.775,5.248999999999995,38.998999999999995,38.999,-55.816,-50.56700000000001,79,3.202,16
4070,1,0.965,1.483,-26.033000000000015,52.745000000000005,52.745,-29.49600000000001,-55.528999999999996,79,3.202,17
770,1,1.92,0.798,36.341999999999985,93.67599999999999,93.676,51.233000000000004,87.57499999999999,79,3.202,18
48649,1,0.889,1.166,8.537000000000006,34.29599999999999,34.296,-40.59,-32.053,79,3.202,19
262,1,2.751,1.319,67.29500000000002,64.701,64.701,15.527999999999992,82.82299999999998,79,3.202,20
6986,1,0.831,1.621,-0.34499999999999886,16.25399999999999,16.254,-45.78899999999999,-46.134000000000015,80,3.202,1
9365,1,1.413,0.867,-8.294000000000011,38.182000000000016,38.182,-43.55500000000001,-51.84899999999999,80,3.202,2
495,1,1.901,0.895,16.828000000000003,74.77699999999999,74.777,5.419000000000011,22.247000000000014,80,3.202,3
9323,1,1.523,1.191,4.653999999999996,44.373999999999995,44.374,-57.41499999999999,-52.760999999999996,80,3.202,4
4031,1,1.118,1.546,-23.905,48.985000000000014,48.985,-24.151999999999987,-48.057000000000016,80,3.202,5
28774,1,1.281,1.152,-36.351,108.755,108.755,-10.40100000000001,-46.75200000000001,80,3.202,6
798,1,1.491,1.281,7.5,87.66300000000001,87.663,23.28200000000001,30.78200000000001,80,3.202,7
2980,1,1.077,1.237,-11.163999999999987,36.365999999999985,36.366,-24.921999999999997,-36.08600000000001,80,3.202,8
770,1,1.92,0.798,36.341999999999985,93.67599999999999,93.676,51.233000000000004,87.57499999999999,80,3.202,9
43934,1,1.187,0.856,35.87700000000001,34.94999999999999,34.95,-60.857,-24.97999999999999,80,3.202,10
528,1,1.773,0.771,9.619,70.34100000000001,70.341,30.002999999999986,39.622000000000014,80,3.202,11
43424,1,1.401,0.676,46.134000000000015,22.254999999999995,22.255,-70.373,-24.239000000000004,80,3.202,12
48833,1,1.42,1.389,-6.030000000000001,38.420000000000016,38.42,-24.486999999999995,-30.516999999999996,80,3.202,13
257,1,3.0,1.121,70.595,58.146000000000015,58.146,17.075999999999993,87.67099999999999,80,3.202,14
23112,1,1.201,1.08,-9.730999999999995,105.17700000000002,105.177,-28.573000000000008,-38.304,80,3.202,15
3539,1,0.993,1.969,-19.581999999999994,29.99000000000001,29.99,-18.364000000000004,-37.946,80,3.202,16
28823,1,1.225,1.139,-26.198000000000008,93.637,93.637,-28.432999999999993,-54.631,80,3.202,17
48435,1,1.569,0.967,23.36699999999999,26.131,26.131,-50.63499999999999,-27.268,80,3.202,18
264,1,2.837,1.155,60.456999999999994,72.65199999999999,72.652,17.426999999999992,77.88400000000001,80,3.202,19
40520,1,1.603,0.908,53.456999999999994,60.863,60.863,-41.394000000000005,12.062999999999988,80,3.202,20
48560,1,0.984,1.26,20.25200000000001,42.252999999999986,42.253,-46.673,-26.420999999999992,81,3.203,1
3564,1,1.204,1.729,-51.131,25.513000000000005,25.513,5.1200000000000045,-46.010999999999996,81,3.203,2
27402,1,1.118,1.351,-9.198000000000008,86.84199999999998,86.842,-32.053,-41.251000000000005,81,3.203,3
4316,1,1.314,1.449,-42.43899999999999,46.781000000000006,46.781,-8.759000000000015,-51.19800000000001,81,3.203,4
262,1,2.751,1.319,67.29500000000002,64.701,64.701,15.527999999999992,82.82299999999998,81,3.203,5
462,1,1.807,0.69,27.801999999999992,70.845,70.845,-13.096000000000004,14.705999999999989,81,3.203,6
40520,1,1.603,0.908,53.456999999999994,60.863,60.863,-41.394000000000005,12.062999999999988,81,3.203,7
2309,1,1.685,0.836,-25.695999999999998,30.80600000000001,30.806,-19.415999999999997,-45.111999999999995,81,3.203,8
48833,1,1.42,1.389,-6.030000000000001,38.420000000000016,38.42,-24.486999999999995,-30.516999999999996,81,3.203,9
8346,1,1.176,0.86,17.289999999999992,32.69200000000001,32.692,-59.93299999999999,-42.643,81,3.203,10
28783,1,1.258,0.956,-37.559,110.733,110.733,-16.050999999999988,-53.61,81,3.203,11
528,1,1.773,0.771,9.619,70.34100000000001,70.341,30.002999999999986,39.622000000000014,81,3.203,12
48649,1,0.889,1.166,8.537000000000006,34.29599999999999,34.296,-40.59,-32.053,81,3.203,13
44184,1,1.302,0.855,38.393,28.214,28.214,-64.334,-25.941000000000003,81,3.203,14
9365,1,1.413,0.867,-8.294000000000011,38.182000000000016,38.182,-43.55500000000001,-51.84899999999999,81,3.203,15
28774,1,1.281,1.152,-36.351,108.755,108.755,-10.40100000000001,-46.75200000000001,81,3.203,16
789,1,1.965,0.77,19.531000000000006,81.97500000000002,81.975,39.905,59.43600000000001,81,3.203,17
263,1,2.869,1.185,56.36699999999999,73.89699999999999,73.897,19.19399999999999,75.56099999999998,81,3.203,18
798,1,1.491,1.281,7.5,87.66300000000001,87.663,23.28200000000001,30.78200000000001,81,3.203,19
6986,1,0.831,1.621,-0.34499999999999886,16.25399999999999,16.254,-45.78899999999999,-46.134000000000015,81,3.203,20
28774,1,1.281,1.152,-36.351,108.755,108.755,-10.40100000000001,-46.75200000000001,82,3.205,1
9366,1,1.544,0.935,-3.467000000000013,37.63300000000001,37.633,-50.212999999999994,-53.68000000000001,82,3.205,2
7133,1,0.956,1.153,15.23599999999999,27.11699999999999,27.117,-62.33,-47.093999999999994,82,3.205,3
28783,1,1.258,0.956,-37.559,110.733,110.733,-16.050999999999988,-53.61,82,3.205,4
773,1,1.99,0.902,29.814999999999998,95.37099999999998,95.371,54.571,84.38599999999997,82,3.205,5
3564,1,1.204,1.729,-51.131,25.513000000000005,25.513,5.1200000000000045,-46.010999999999996,82,3.205,6
6992,1,1.07,1.646,-15.841000000000008,20.36099999999999,20.361,-28.09899999999999,-43.94,82,3.205,7
264,1,2.837,1.155,60.456999999999994,72.65199999999999,72.652,17.426999999999992,77.88400000000001,82,3.205,8
48649,1,0.889,1.166,8.537000000000006,34.29599999999999,34.296,-40.59,-32.053,82,3.205,9
48435,1,1.569,0.967,23.36699999999999,26.131,26.131,-50.63499999999999,-27.268,82,3.205,10
4057,1,0.742,1.365,-32.12299999999999,43.513000000000005,43.513,-18.26400000000001,-50.387,82,3.205,11
462,1,1.807,0.69,27.801999999999992,70.845,70.845,-13.096000000000004,14.705999999999989,82,3.205,12
798,1,1.491,1.281,7.5,87.66300000000001,87.663,23.28200000000001,30.78200000000001,82,3.205,13
28506,1,1.297,0.809,-19.901999999999987,74.76999999999998,74.77,-29.259000000000015,-49.161,82,3.205,14
262,1,2.751,1.319,67.29500000000002,64.701,64.701,15.527999999999992,82.82299999999998,82,3.205,15
48833,1,1.42,1.389,-6.030000000000001,38.420000000000016,38.42,-24.486999999999995,-30.516999999999996,82,3.205,16
43545,1,0.963,1.112,34.382000000000005,25.514999999999986,25.515,-65.548,-31.165999999999997,82,3.205,17
8346,1,1.176,0.86,17.289999999999992,32.69200000000001,32.692,-59.93299999999999,-42.643,82,3.205,18
40121,1,1.606,0.906,29.591000000000008,71.85300000000001,71.853,-16.057999999999993,13.532999999999987,82,3.205,19
528,1,1.773,0.771,9.619,70.34100000000001,70.341,30.002999999999986,39.622000000000014,82,3.205,20
8346,1,1.176,0.86,17.289999999999992,32.69200000000001,32.692,-59.93299999999999,-42.643,83,3.206,1
48833,1,1.42,1.389,-6.030000000000001,38.420000000000016,38.42,-24.486999999999995,-30.516999999999996,83,3.206,2
9366,1,1.544,0.935,-3.467000000000013,37.63300000000001,37.633,-50.212999999999994,-53.68000000000001,83,3.206,3
798,1,1.491,1.281,7.5,87.66300000000001,87.663,23.28200000000001,30.78200000000001,83,3.206,4
27402,1,1.118,1.351,-9.198000000000008,86.84199999999998,86.842,-32.053,-41.251000000000005,83,3.206,5
262,1,2.751,1.319,67.29500000000002,64.701,64.701,15.527999999999992,82.82299999999998,83,3.206,6
773,1,1.99,0.902,29.814999999999998,95.37099999999998,95.371,54.571,84.38599999999997,83,3.206,7
3539,1,0.993,1.969,-19.581999999999994,29.99000000000001,29.99,-18.364000000000004,-37.946,83,3.206,8
462,1,1.807,0.69,27.801999999999992,70.845,70.845,-13.096000000000004,14.705999999999989,83,3.206,9
44184,1,1.302,0.855,38.393,28.214,28.214,-64.334,-25.941000000000003,83,3.206,10
526,1,1.806,1.005,9.388000000000005,73.311,73.311,23.843999999999994,33.232,83,3.206,11
165,1,1.944,0.779,56.69499999999999,58.99000000000001,58.99,4.427999999999997,61.12299999999999,83,3.206,12
6988,1,1.123,1.86,-26.86500000000001,14.098000000000013,14.098,-18.312999999999988,-45.178,83,3.206,13
28774,1,1.281,1.152,-36.351,108.755,108.755,-10.40100000000001,-46.75200000000001,83,3.206,14
43934,1,1.187,0.856,35.87700000000001,34.94999999999999,34.95,-60.857,-24.97999999999999,83,3.206,15
4248,1,0.787,1.459,-19.801999999999992,50.244,50.244,-24.138000000000005,-43.94,83,3.206,16
528,1,1.773,0.771,9.619,70.34100000000001,70.341,30.002999999999986,39.622000000000014,83,3.206,17
7133,1,0.956,1.153,15.23599999999999,27.11699999999999,27.117,-62.33,-47.093999999999994,83,3.206,18
28783,1,1.258,0.956,-37.559,110.733,110.733,-16.050999999999988,-53.61,83,3.206,19
48463,1,1.017,1.128,-0.30400000000000205,43.68899999999999,43.689,-39.20600000000002,-39.50999999999999,83,3.206,20
48435,1,1.569,0.967,23.36699999999999,26.131,26.131,-50.63499999999999,-27.268,84,3.206,1
4057,1,0.742,1.365,-32.12299999999999,43.513000000000005,43.513,-18.26400000000001,-50.387,84,3.206,2
43926,1,1.206,0.712,39.589,35.873999999999995,35.874,-66.654,-27.064999999999998,84,3.206,3
798,1,1.491,1.281,7.5,87.66300000000001,87.663,23.28200000000001,30.78200000000001,84,3.206,4
264,1,2.837,1.155,60.456999999999994,72.65199999999999,72.652,17.426999999999992,77.88400000000001,84,3.206,5
3539,1,0.993,1.969,-19.581999999999994,29.99000000000001,29.99,-18.364000000000004,-37.946,84,3.206,6
8346,1,1.176,0.86,17.289999999999992,32.69200000000001,32.692,-59.93299999999999,-42.643,84,3.206,7
40121,1,1.606,0.906,29.591000000000008,71.85300000000001,71.853,-16.057999999999993,13.532999999999987,84,3.206,8
6991,1,1.107,1.704,-3.8470000000000084,17.236999999999995,17.237,-41.06999999999999,-44.917,84,3.206,9
770,1,1.92,0.798,36.341999999999985,93.67599999999999,93.676,51.233000000000004,87.57499999999999,84,3.206,10
9365,1,1.413,0.867,-8.294000000000011,38.182000000000016,38.182,-43.55500000000001,-51.84899999999999,84,3.206,11
7133,1,0.956,1.153,15.23599999999999,27.11699999999999,27.117,-62.33,-47.093999999999994,84,3.206,12
28774,1,1.281,1.152,-36.351,108.755,108.755,-10.40100000000001,-46.75200000000001,84,3.206,13
48833,1,1.42,1.389,-6.030000000000001,38.420000000000016,38.42,-24.486999999999995,-30.516999999999996,84,3.206,14
23112,1,1.201,1.08,-9.730999999999995,105.17700000000002,105.177,-28.573000000000008,-38.304,84,3.206,15
528,1,1.773,0.771,9.619,70.34100000000001,70.341,30.002999999999986,39.622000000000014,84,3.206,16
40272,1,1.065,0.919,21.903999999999996,80.40300000000002,80.403,-16.52199999999999,5.382000000000005,84,3.206,17
48664,1,1.059,1.167,24.054000000000002,29.72800000000001,29.728,-49.05199999999999,-24.99799999999999,84,3.206,18
28793,1,1.26,1.086,-34.285,108.77499999999998,108.775,-21.960000000000008,-56.245000000000005,84,3.206,19
262,1,2.751,1.319,67.29500000000002,64.701,64.701,15.527999999999992,82.82299999999998,84,3.206,20
504,1,1.621,0.809,16.905,78.31799999999998,78.318,9.068999999999988,25.97399999999999,85,3.209,1
6986,1,0.831,1.621,-0.34499999999999886,16.25399999999999,16.254,-45.78899999999999,-46.134000000000015,85,3.209,2
5099,1,0.984,1.531,-20.754999999999995,32.97800000000001,32.978,-43.997000000000014,-64.752,85,3.209,3
44184,1,1.302,0.855,38.393,28.214,28.214,-64.334,-25.941000000000003,85,3.209,4
440,1,2.082,0.712,34.131,68.727,68.727,-11.783999999999992,22.34700000000001,85,3.209,5
48833,1,1.42,1.389,-6.030000000000001,38.420000000000016,38.42,-24.486999999999995,-30.516999999999996,85,3.209,6
263,1,2.869,1.185,56.36699999999999,73.89699999999999,73.897,19.19399999999999,75.56099999999998,85,3.209,7
43545,1,0.963,1.112,34.382000000000005,25.514999999999986,25.515,-65.548,-31.165999999999997,85,3.209,8
7133,1,0.956,1.153,15.23599999999999,27.11699999999999,27.117,-62.33,-47.093999999999994,85,3.209,9
28774,1,1.281,1.152,-36.351,108.755,108.755,-10.40100000000001,-46.75200000000001,85,3.209,10
262,1,2.751,1.319,67.29500000000002,64.701,64.701,15.527999999999992,82.82299999999998,85,3.209,11
23112,1,1.201,1.08,-9.730999999999995,105.17700000000002,105.177,-28.573000000000008,-38.304,85,3.209,12
3564,1,1.204,1.729,-51.131,25.513000000000005,25.513,5.1200000000000045,-46.010999999999996,85,3.209,13
28783,1,1.258,0.956,-37.559,110.733,110.733,-16.050999999999988,-53.61,85,3.209,14
4316,1,1.314,1.449,-42.43899999999999,46.781000000000006,46.781,-8.759000000000015,-51.19800000000001,85,3.209,15
793,1,2.118,0.789,15.911000000000001,81.28700000000003,81.287,39.38300000000001,55.29399999999998,85,3.209,16
643,1,1.905,1.14,15.38900000000001,48.93700000000001,48.937,-12.546999999999997,2.8419999999999845,85,3.209,17
528,1,1.773,0.771,9.619,70.34100000000001,70.341,30.002999999999986,39.622000000000014,85,3.209,18
9323,1,1.523,1.191,4.653999999999996,44.373999999999995,44.374,-57.41499999999999,-52.760999999999996,85,3.209,19
39669,1,1.086,0.693,-18.586000000000013,56.399,56.399,-50.05500000000001,-68.64099999999999,85,3.209,20
8346,1,1.176,0.86,17.289999999999992,32.69200000000001,32.692,-59.93299999999999,-42.643,86,3.209,1
48833,1,1.42,1.389,-6.030000000000001,38.420000000000016,38.42,-24.486999999999995,-30.516999999999996,86,3.209,2
40121,1,1.606,0.906,29.591000000000008,71.85300000000001,71.853,-16.057999999999993,13.532999999999987,86,3.209,3
793,1,2.118,0.789,15.911000000000001,81.28700000000003,81.287,39.38300000000001,55.29399999999998,86,3.209,4
23112,1,1.201,1.08,-9.730999999999995,105.17700000000002,105.177,-28.573000000000008,-38.304,86,3.209,5
43937,1,1.12,0.579,44.75,30.835000000000008,30.835,-72.084,-27.334000000000003,86,3.209,6
4316,1,1.314,1.449,-42.43899999999999,46.781000000000006,46.781,-8.759000000000015,-51.19800000000001,86,3.209,7
3539,1,0.993,1.969,-19.581999999999994,29.99000000000001,29.99,-18.364000000000004,-37.946,86,3.209,8
44184,1,1.302,0.855,38.393,28.214,28.214,-64.334,-25.941000000000003,86,3.209,9
7133,1,0.956,1.153,15.23599999999999,27.11699999999999,27.117,-62.33,-47.093999999999994,86,3.209,10
489,1,1.657,0.781,17.187000000000012,79.16300000000001,79.163,4.955999999999989,22.143,86,3.209,11
825,1,2.213,0.824,30.837999999999994,75.38400000000001,75.384,12.482,43.31999999999999,86,3.209,12
28774,1,1.281,1.152,-36.351,108.755,108.755,-10.40100000000001,-46.75200000000001,86,3.209,13
6986,1,0.831,1.621,-0.34499999999999886,16.25399999999999,16.254,-45.78899999999999,-46.134000000000015,86,3.209,14
9366,1,1.544,0.935,-3.467000000000013,37.63300000000001,37.633,-50.212999999999994,-53.68000000000001,86,3.209,15
6988,1,1.123,1.86,-26.86500000000001,14.098000000000013,14.098,-18.312999999999988,-45.178,86,3.209,16
28508,1,1.22,0.633,-18.043000000000006,73.543,73.543,-35.411,-53.45400000000001,86,3.209,17
535,1,1.723,0.856,10.473000000000013,68.02100000000002,68.021,26.411,36.884000000000015,86,3.209,18
262,1,2.751,1.319,67.29500000000002,64.701,64.701,15.527999999999992,82.82299999999998,86,3.209,19
257,1,3.0,1.121,70.595,58.146000000000015,58.146,17.075999999999993,87.67099999999999,86,3.209,20
262,1,2.751,1.319,67.29500000000002,64.701,64.701,15.527999999999992,82.82299999999998,87,3.21,1
48435,1,1.569,0.967,23.36699999999999,26.131,26.131,-50.63499999999999,-27.268,87,3.21,2
40121,1,1.606,0.906,29.591000000000008,71.85300000000001,71.853,-16.057999999999993,13.532999999999987,87,3.21,3
6988,1,1.123,1.86,-26.86500000000001,14.098000000000013,14.098,-18.312999999999988,-45.178,87,3.21,4
6986,1,0.831,1.621,-0.34499999999999886,16.25399999999999,16.254,-45.78899999999999,-46.134000000000015,87,3.21,5
48833,1,1.42,1.389,-6.030000000000001,38.420000000000016,38.42,-24.486999999999995,-30.516999999999996,87,3.21,6
8346,1,1.176,0.86,17.289999999999992,32.69200000000001,32.692,-59.93299999999999,-42.643,87,3.21,7
28774,1,1.281,1.152,-36.351,108.755,108.755,-10.40100000000001,-46.75200000000001,87,3.21,8
48649,1,0.889,1.166,8.537000000000006,34.29599999999999,34.296,-40.59,-32.053,87,3.21,9
4316,1,1.314,1.449,-42.43899999999999,46.781000000000006,46.781,-8.759000000000015,-51.19800000000001,87,3.21,10
825,1,2.213,0.824,30.837999999999994,75.38400000000001,75.384,12.482,43.31999999999999,87,3.21,11
798,1,1.491,1.281,7.5,87.66300000000001,87.663,23.28200000000001,30.78200000000001,87,3.21,12
9366,1,1.544,0.935,-3.467000000000013,37.63300000000001,37.633,-50.212999999999994,-53.68000000000001,87,3.21,13
28783,1,1.258,0.956,-37.559,110.733,110.733,-16.050999999999988,-53.61,87,3.21,14
3891,1,1.196,1.617,-53.506,31.405,31.405,1.3019999999999925,-52.20400000000001,87,3.21,15
43926,1,1.206,0.712,39.589,35.873999999999995,35.874,-66.654,-27.064999999999998,87,3.21,16
462,1,1.807,0.69,27.801999999999992,70.845,70.845,-13.096000000000004,14.705999999999989,87,3.21,17
27402,1,1.118,1.351,-9.198000000000008,86.84199999999998,86.842,-32.053,-41.251000000000005,87,3.21,18
258,1,3.354,1.166,71.999,60.144000000000005,60.144,17.913999999999987,89.91300000000001,87,3.21,19
528,1,1.773,0.771,9.619,70.34100000000001,70.341,30.002999999999986,39.622000000000014,87,3.21,20
6988,1,1.123,1.86,-26.86500000000001,14.098000000000013,14.098,-18.312999999999988,-45.178,88,3.212,1
4057,1,0.742,1.365,-32.12299999999999,43.513000000000005,43.513,-18.26400000000001,-50.387,88,3.212,2
544,1,2.105,0.906,11.939999999999998,71.41300000000001,71.413,30.556999999999988,42.497000000000014,88,3.212,3
28774,1,1.281,1.152,-36.351,108.755,108.755,-10.40100000000001,-46.75200000000001,88,3.212,4
9366,1,1.544,0.935,-3.467000000000013,37.63300000000001,37.633,-50.212999999999994,-53.68000000000001,88,3.212,5
3539,1,0.993,1.969,-19.581999999999994,29.99000000000001,29.99,-18.364000000000004,-37.946,88,3.212,6
48649,1,0.889,1.166,8.537000000000006,34.29599999999999,34.296,-40.59,-32.053,88,3.212,7
798,1,1.491,1.281,7.5,87.66300000000001,87.663,23.28200000000001,30.78200000000001,88,3.212,8
825,1,2.213,0.824,30.837999999999994,75.38400000000001,75.384,12.482,43.31999999999999,88,3.212,9
264,1,2.837,1.155,60.456999999999994,72.65199999999999,72.652,17.426999999999992,77.88400000000001,88,3.212,10
43934,1,1.187,0.856,35.87700000000001,34.94999999999999,34.95,-60.857,-24.97999999999999,88,3.212,11
48666,1,0.951,0.917,21.708,36.80599999999998,36.806,-46.787000000000006,-25.079000000000008,88,3.212,12
4450,1,0.716,1.246,24.973000000000013,23.608000000000004,23.608,-74.295,-49.322,88,3.212,13
528,1,1.773,0.771,9.619,70.34100000000001,70.341,30.002999999999986,39.622000000000014,88,3.212,14
48833,1,1.42,1.389,-6.030000000000001,38.420000000000016,38.42,-24.486999999999995,-30.516999999999996,88,3.212,15
489,1,1.657,0.781,17.187000000000012,79.16300000000001,79.163,4.955999999999989,22.143,88,3.212,16
29102,1,0.975,1.053,-27.425999999999988,94.93899999999996,94.939,-23.823000000000008,-51.248999999999995,88,3.212,17
28783,1,1.258,0.956,-37.559,110.733,110.733,-16.050999999999988,-53.61,88,3.212,18
9365,1,1.413,0.867,-8.294000000000011,38.182000000000016,38.182,-43.55500000000001,-51.84899999999999,88,3.212,19
40520,1,1.603,0.908,53.456999999999994,60.863,60.863,-41.394000000000005,12.062999999999988,88,3.212,20
256,1,2.869,1.115,75.054,59.941,59.941,9.587999999999994,84.642,89,3.215,1
528,1,1.773,0.771,9.619,70.34100000000001,70.341,30.002999999999986,39.622000000000014,89,3.215,2
6986,1,0.831,1.621,-0.34499999999999886,16.25399999999999,16.254,-45.78899999999999,-46.134000000000015,89,3.215,3
828,1,2.01,0.747,28.953000000000003,74.92099999999999,74.921,14.840000000000003,43.793000000000006,89,3.215,4
40539,1,1.791,0.785,44.28899999999999,63.60900000000001,63.609,-43.52600000000001,0.7630000000000052,89,3.215,5
28774,1,1.281,1.152,-36.351,108.755,108.755,-10.40100000000001,-46.75200000000001,89,3.215,6
4450,1,0.716,1.246,24.973000000000013,23.608000000000004,23.608,-74.295,-49.322,89,3.215,7
23112,1,1.201,1.08,-9.730999999999995,105.17700000000002,105.177,-28.573000000000008,-38.304,89,3.215,8
48833,1,1.42,1.389,-6.030000000000001,38.420000000000016,38.42,-24.486999999999995,-30.516999999999996,89,3.215,9
262,1,2.751,1.319,67.29500000000002,64.701,64.701,15.527999999999992,82.82299999999998,89,3.215,10
9365,1,1.413,0.867,-8.294000000000011,38.182000000000016,38.182,-43.55500000000001,-51.84899999999999,89,3.215,11
9177,1,1.4,0.888,-7.336999999999989,39.93600000000001,39.936,-44.93799999999999,-52.275000000000006,89,3.215,12
44184,1,1.302,0.855,38.393,28.214,28.214,-64.334,-25.941000000000003,89,3.215,13
48666,1,0.951,0.917,21.708,36.80599999999998,36.806,-46.787000000000006,-25.079000000000008,89,3.215,14
29102,1,0.975,1.053,-27.425999999999988,94.93899999999996,94.939,-23.823000000000008,-51.248999999999995,89,3.215,15
4248,1,0.787,1.459,-19.801999999999992,50.244,50.244,-24.138000000000005,-43.94,89,3.215,16
798,1,1.491,1.281,7.5,87.66300000000001,87.663,23.28200000000001,30.78200000000001,89,3.215,17
43926,1,1.206,0.712,39.589,35.873999999999995,35.874,-66.654,-27.064999999999998,89,3.215,18
3539,1,0.993,1.969,-19.581999999999994,29.99000000000001,29.99,-18.364000000000004,-37.946,89,3.215,19
526,1,1.806,1.005,9.388000000000005,73.311,73.311,23.843999999999994,33.232,89,3.215,20
4207,1,0.666,1.435,-22.153999999999996,50.06,50.06,-19.355999999999995,-41.50999999999999,90,3.217,1
23112,1,1.201,1.08,-9.730999999999995,105.17700000000002,105.177,-28.573000000000008,-38.304,90,3.217,2
4450,1,0.716,1.246,24.973000000000013,23.608000000000004,23.608,-74.295,-49.322,90,3.217,3
4316,1,1.314,1.449,-42.43899999999999,46.781000000000006,46.781,-8.759000000000015,-51.19800000000001,90,3.217,4
9177,1,1.4,0.888,-7.336999999999989,39.93600000000001,39.936,-44.93799999999999,-52.275000000000006,90,3.217,5
937,1,1.487,0.811,-8.891999999999996,67.33100000000002,67.331,2.009999999999991,-6.882000000000005,90,3.217,6
40710,1,1.321,0.797,43.554,71.36599999999999,71.366,-26.574000000000012,16.97999999999999,90,3.217,7
8346,1,1.176,0.86,17.289999999999992,32.69200000000001,32.692,-59.93299999999999,-42.643,90,3.217,8
48435,1,1.569,0.967,23.36699999999999,26.131,26.131,-50.63499999999999,-27.268,90,3.217,9
6986,1,0.831,1.621,-0.34499999999999886,16.25399999999999,16.254,-45.78899999999999,-46.134000000000015,90,3.217,10
48833,1,1.42,1.389,-6.030000000000001,38.420000000000016,38.42,-24.486999999999995,-30.516999999999996,90,3.217,11
528,1,1.773,0.771,9.619,70.34100000000001,70.341,30.002999999999986,39.622000000000014,90,3.217,12
12612,1,1.109,1.039,-18.989000000000004,53.858000000000004,53.858,-28.585000000000008,-47.57400000000001,90,3.217,13
793,1,2.118,0.789,15.911000000000001,81.28700000000003,81.287,39.38300000000001,55.29399999999998,90,3.217,14
262,1,2.751,1.319,67.29500000000002,64.701,64.701,15.527999999999992,82.82299999999998,90,3.217,15
43937,1,1.12,0.579,44.75,30.835000000000008,30.835,-72.084,-27.334000000000003,90,3.217,16
28774,1,1.281,1.152,-36.351,108.755,108.755,-10.40100000000001,-46.75200000000001,90,3.217,17
798,1,1.491,1.281,7.5,87.66300000000001,87.663,23.28200000000001,30.78200000000001,90,3.217,18
264,1,2.837,1.155,60.456999999999994,72.65199999999999,72.652,17.426999999999992,77.88400000000001,90,3.217,19
6988,1,1.123,1.86,-26.86500000000001,14.098000000000013,14.098,-18.312999999999988,-45.178,90,3.217,20
462,1,1.807,0.69,27.801999999999992,70.845,70.845,-13.096000000000004,14.705999999999989,91,3.218,1
8346,1,1.176,0.86,17.289999999999992,32.69200000000001,32.692,-59.93299999999999,-42.643,91,3.218,2
4141,1,0.981,1.369,-27.788999999999987,51.24000000000001,51.24,-26.589,-54.378,91,3.218,3
770,1,1.92,0.798,36.341999999999985,93.67599999999999,93.676,51.233000000000004,87.57499999999999,91,3.218,4
44184,1,1.302,0.855,38.393,28.214,28.214,-64.334,-25.941000000000003,91,3.218,5
23112,1,1.201,1.08,-9.730999999999995,105.17700000000002,105.177,-28.573000000000008,-38.304,91,3.218,6
43934,1,1.187,0.856,35.87700000000001,34.94999999999999,34.95,-60.857,-24.97999999999999,91,3.218,7
798,1,1.491,1.281,7.5,87.66300000000001,87.663,23.28200000000001,30.78200000000001,91,3.218,8
48833,1,1.42,1.389,-6.030000000000001,38.420000000000016,38.42,-24.486999999999995,-30.516999999999996,91,3.218,9
28793,1,1.26,1.086,-34.285,108.77499999999998,108.775,-21.960000000000008,-56.245000000000005,91,3.218,10
6988,1,1.123,1.86,-26.86500000000001,14.098000000000013,14.098,-18.312999999999988,-45.178,91,3.218,11
3539,1,0.993,1.969,-19.581999999999994,29.99000000000001,29.99,-18.364000000000004,-37.946,91,3.218,12
262,1,2.751,1.319,67.29500000000002,64.701,64.701,15.527999999999992,82.82299999999998,91,3.218,13
40121,1,1.606,0.906,29.591000000000008,71.85300000000001,71.853,-16.057999999999993,13.532999999999987,91,3.218,14
257,1,3.0,1.121,70.595,58.146000000000015,58.146,17.075999999999993,87.67099999999999,91,3.218,15
48435,1,1.569,0.967,23.36699999999999,26.131,26.131,-50.63499999999999,-27.268,91,3.218,16
9366,1,1.544,0.935,-3.467000000000013,37.63300000000001,37.633,-50.212999999999994,-53.68000000000001,91,3.218,17
28774,1,1.281,1.152,-36.351,108.755,108.755,-10.40100000000001,-46.75200000000001,91,3.218,18
2980,1,1.077,1.237,-11.163999999999987,36.365999999999985,36.366,-24.921999999999997,-36.08600000000001,91,3.218,19
526,1,1.806,1.005,9.388000000000005,73.311,73.311,23.843999999999994,33.232,91,3.218,20
3539,1,0.993,1.969,-19.581999999999994,29.99000000000001,29.99,-18.364000000000004,-37.946,92,3.22,1
28774,1,1.281,1.152,-36.351,108.755,108.755,-10.40100000000001,-46.75200000000001,92,3.22,2
9365,1,1.413,0.867,-8.294000000000011,38.182000000000016,38.182,-43.55500000000001,-51.84899999999999,92,3.22,3
28793,1,1.26,1.086,-34.285,108.77499999999998,108.775,-21.960000000000008,-56.245000000000005,92,3.22,4
44184,1,1.302,0.855,38.393,28.214,28.214,-64.334,-25.941000000000003,92,3.22,5
798,1,1.491,1.281,7.5,87.66300000000001,87.663,23.28200000000001,30.78200000000001,92,3.22,6
2980,1,1.077,1.237,-11.163999999999987,36.365999999999985,36.366,-24.921999999999997,-36.08600000000001,92,3.22,7
264,1,2.837,1.155,60.456999999999994,72.65199999999999,72.652,17.426999999999992,77.88400000000001,92,3.22,8
48666,1,0.951,0.917,21.708,36.80599999999998,36.806,-46.787000000000006,-25.079000000000008,92,3.22,9
9366,1,1.544,0.935,-3.467000000000013,37.63300000000001,37.633,-50.212999999999994,-53.68000000000001,92,3.22,10
6986,1,0.831,1.621,-0.34499999999999886,16.25399999999999,16.254,-45.78899999999999,-46.134000000000015,92,3.22,11
262,1,2.751,1.319,67.29500000000002,64.701,64.701,15.527999999999992,82.82299999999998,92,3.22,12
4070,1,0.965,1.483,-26.033000000000015,52.745000000000005,52.745,-29.49600000000001,-55.528999999999996,92,3.22,13
767,1,1.785,0.754,33.797,85.34300000000002,85.343,51.815,85.61199999999997,92,3.22,14
937,1,1.487,0.811,-8.891999999999996,67.33100000000002,67.331,2.009999999999991,-6.882000000000005,92,3.22,15
43934,1,1.187,0.856,35.87700000000001,34.94999999999999,34.95,-60.857,-24.97999999999999,92,3.22,16
462,1,1.807,0.69,27.801999999999992,70.845,70.845,-13.096000000000004,14.705999999999989,92,3.22,17
48833,1,1.42,1.389,-6.030000000000001,38.420000000000016,38.42,-24.486999999999995,-30.516999999999996,92,3.22,18
48435,1,1.569,0.967,23.36699999999999,26.131,26.131,-50.63499999999999,-27.268,92,3.22,19
828,1,2.01,0.747,28.953000000000003,74.92099999999999,74.921,14.840000000000003,43.793000000000006,92,3.22,20
9323,1,1.523,1.191,4.653999999999996,44.373999999999995,44.374,-57.41499999999999,-52.760999999999996,93,3.221,1
28793,1,1.26,1.086,-34.285,108.77499999999998,108.775,-21.960000000000008,-56.245000000000005,93,3.221,2
770,1,1.92,0.798,36.341999999999985,93.67599999999999,93.676,51.233000000000004,87.57499999999999,93,3.221,3
6986,1,0.831,1.621,-0.34499999999999886,16.25399999999999,16.254,-45.78899999999999,-46.134000000000015,93,3.221,4
40710,1,1.321,0.797,43.554,71.36599999999999,71.366,-26.574000000000012,16.97999999999999,93,3.221,5
48833,1,1.42,1.389,-6.030000000000001,38.420000000000016,38.42,-24.486999999999995,-30.516999999999996,93,3.221,6
264,1,2.837,1.155,60.456999999999994,72.65199999999999,72.652,17.426999999999992,77.88400000000001,93,3.221,7
28506,1,1.297,0.809,-19.901999999999987,74.76999999999998,74.77,-29.259000000000015,-49.161,93,3.221,8
3539,1,0.993,1.969,-19.581999999999994,29.99000000000001,29.99,-18.364000000000004,-37.946,93,3.221,9
3580,1,1.18,1.37,-25.879999999999995,26.41900000000001,26.419,-20.697000000000003,-46.577,93,3.221,10
10631,1,1.11,1.292,-34.158000000000015,36.65299999999999,36.653,-16.365999999999985,-50.524,93,3.221,11
4450,1,0.716,1.246,24.973000000000013,23.608000000000004,23.608,-74.295,-49.322,93,3.221,12
57,1,2.335,1.367,59.376000000000005,58.726,58.726,16.62899999999999,76.005,93,3.221,13
4248,1,0.787,1.459,-19.801999999999992,50.244,50.244,-24.138000000000005,-43.94,93,3.221,14
44184,1,1.302,0.855,38.393,28.214,28.214,-64.334,-25.941000000000003,93,3.221,15
9366,1,1.544,0.935,-3.467000000000013,37.63300000000001,37.633,-50.212999999999994,-53.68000000000001,93,3.221,16
28774,1,1.281,1.152,-36.351,108.755,108.755,-10.40100000000001,-46.75200000000001,93,3.221,17
820,1,1.573,0.651,27.353999999999985,74.352,74.352,1.5840000000000032,28.937999999999988,93,3.221,18
528,1,1.773,0.771,9.619,70.34100000000001,70.341,30.002999999999986,39.622000000000014,93,3.221,19
798,1,1.491,1.281,7.5,87.66300000000001,87.663,23.28200000000001,30.78200000000001,93,3.221,20
48833,1,1.42,1.389,-6.030000000000001,38.420000000000016,38.42,-24.486999999999995,-30.516999999999996,94,3.223,1
3539,1,0.993,1.969,-19.581999999999994,29.99000000000001,29.99,-18.364000000000004,-37.946,94,3.223,2
6991,1,1.107,1.704,-3.8470000000000084,17.236999999999995,17.237,-41.06999999999999,-44.917,94,3.223,3
40611,1,1.288,0.857,45.08699999999999,63.990999999999985,63.991,-17.818000000000012,27.269000000000005,94,3.223,4
528,1,1.773,0.771,9.619,70.34100000000001,70.341,30.002999999999986,39.622000000000014,94,3.223,5
262,1,2.751,1.319,67.29500000000002,64.701,64.701,15.527999999999992,82.82299999999998,94,3.223,6
793,1,2.118,0.789,15.911000000000001,81.28700000000003,81.287,39.38300000000001,55.29399999999998,94,3.223,7
48649,1,0.889,1.166,8.537000000000006,34.29599999999999,34.296,-40.59,-32.053,94,3.223,8
3564,1,1.204,1.729,-51.131,25.513000000000005,25.513,5.1200000000000045,-46.010999999999996,94,3.223,9
44184,1,1.302,0.855,38.393,28.214,28.214,-64.334,-25.941000000000003,94,3.223,10
9366,1,1.544,0.935,-3.467000000000013,37.63300000000001,37.633,-50.212999999999994,-53.68000000000001,94,3.223,11
790,1,2.161,0.774,21.101,84.493,84.493,39.05799999999999,60.15899999999999,94,3.223,12
9177,1,1.4,0.888,-7.336999999999989,39.93600000000001,39.936,-44.93799999999999,-52.275000000000006,94,3.223,13
27402,1,1.118,1.351,-9.198000000000008,86.84199999999998,86.842,-32.053,-41.251000000000005,94,3.223,14
28783,1,1.258,0.956,-37.559,110.733,110.733,-16.050999999999988,-53.61,94,3.223,15
264,1,2.837,1.155,60.456999999999994,72.65199999999999,72.652,17.426999999999992,77.88400000000001,94,3.223,16
7133,1,0.956,1.153,15.23599999999999,27.11699999999999,27.117,-62.33,-47.093999999999994,94,3.223,17
28774,1,1.281,1.152,-36.351,108.755,108.755,-10.40100000000001,-46.75200000000001,94,3.223,18
937,1,1.487,0.811,-8.891999999999996,67.33100000000002,67.331,2.009999999999991,-6.882000000000005,94,3.223,19
460,1,1.676,1.081,26.476,74.606,74.606,-16.310000000000002,10.165999999999997,94,3.223,20
460,1,1.676,1.081,26.476,74.606,74.606,-16.310000000000002,10.165999999999997,95,3.223,1
44184,1,1.302,0.855,38.393,28.214,28.214,-64.334,-25.941000000000003,95,3.223,2
3539,1,0.993,1.969,-19.581999999999994,29.99000000000001,29.99,-18.364000000000004,-37.946,95,3.223,3
48435,1,1.569,0.967,23.36699999999999,26.131,26.131,-50.63499999999999,-27.268,95,3.223,4
258,1,3.354,1.166,71.999,60.144000000000005,60.144,17.913999999999987,89.91300000000001,95,3.223,5
6991,1,1.107,1.704,-3.8470000000000084,17.236999999999995,17.237,-41.06999999999999,-44.917,95,3.223,6
28793,1,1.26,1.086,-34.285,108.77499999999998,108.775,-21.960000000000008,-56.245000000000005,95,3.223,7
825,1,2.213,0.824,30.837999999999994,75.38400000000001,75.384,12.482,43.31999999999999,95,3.223,8
528,1,1.773,0.771,9.619,70.34100000000001,70.341,30.002999999999986,39.622000000000014,95,3.223,9
3564,1,1.204,1.729,-51.131,25.513000000000005,25.513,5.1200000000000045,-46.010999999999996,95,3.223,10
8346,1,1.176,0.86,17.289999999999992,32.69200000000001,32.692,-59.93299999999999,-42.643,95,3.223,11
793,1,2.118,0.789,15.911000000000001,81.28700000000003,81.287,39.38300000000001,55.29399999999998,95,3.223,12
40121,1,1.606,0.906,29.591000000000008,71.85300000000001,71.853,-16.057999999999993,13.532999999999987,95,3.223,13
28774,1,1.281,1.152,-36.351,108.755,108.755,-10.40100000000001,-46.75200000000001,95,3.223,14
769,1,1.873,1.021,38.92699999999999,87.40699999999998,87.407,52.839,91.76600000000002,95,3.223,15
48833,1,1.42,1.389,-6.030000000000001,38.420000000000016,38.42,-24.486999999999995,-30.516999999999996,95,3.223,16
262,1,2.751,1.319,67.29500000000002,64.701,64.701,15.527999999999992,82.82299999999998,95,3.223,17
9365,1,1.413,0.867,-8.294000000000011,38.182000000000016,38.182,-43.55500000000001,-51.84899999999999,95,3.223,18
23112,1,1.201,1.08,-9.730999999999995,105.17700000000002,105.177,-28.573000000000008,-38.304,95,3.223,19
48649,1,0.889,1.166,8.537000000000006,34.29599999999999,34.296,-40.59,-32.053,95,3.223,20
28774,1,1.281,1.152,-36.351,108.755,108.755,-10.40100000000001,-46.75200000000001,96,3.223,1
528,1,1.773,0.771,9.619,70.34100000000001,70.341,30.002999999999986,39.622000000000014,96,3.223,2
798,1,1.491,1.281,7.5,87.66300000000001,87.663,23.28200000000001,30.78200000000001,96,3.223,3
39564,1,1.113,1.403,-13.026999999999987,43.465,43.465,-45.543000000000006,-58.56999999999999,96,3.223,4
48833,1,1.42,1.389,-6.030000000000001,38.420000000000016,38.42,-24.486999999999995,-30.516999999999996,96,3.223,5
4141,1,0.981,1.369,-27.788999999999987,51.24000000000001,51.24,-26.589,-54.378,96,3.223,6
8346,1,1.176,0.86,17.289999999999992,32.69200000000001,32.692,-59.93299999999999,-42.643,96,3.223,7
3539,1,0.993,1.969,-19.581999999999994,29.99000000000001,29.99,-18.364000000000004,-37.946,96,3.223,8
263,1,2.869,1.185,56.36699999999999,73.89699999999999,73.897,19.19399999999999,75.56099999999998,96,3.223,9
643,1,1.905,1.14,15.38900000000001,48.93700000000001,48.937,-12.546999999999997,2.8419999999999845,96,3.223,10
6988,1,1.123,1.86,-26.86500000000001,14.098000000000013,14.098,-18.312999999999988,-45.178,96,3.223,11
6986,1,0.831,1.621,-0.34499999999999886,16.25399999999999,16.254,-45.78899999999999,-46.134000000000015,96,3.223,12
48435,1,1.569,0.967,23.36699999999999,26.131,26.131,-50.63499999999999,-27.268,96,3.223,13
462,1,1.807,0.69,27.801999999999992,70.845,70.845,-13.096000000000004,14.705999999999989,96,3.223,14
804,1,1.501,0.955,-3.5010000000000048,90.99099999999999,90.991,21.986999999999995,18.48599999999999,96,3.223,15
28783,1,1.258,0.956,-37.559,110.733,110.733,-16.050999999999988,-53.61,96,3.223,16
262,1,2.751,1.319,67.29500000000002,64.701,64.701,15.527999999999992,82.82299999999998,96,3.223,17
43937,1,1.12,0.579,44.75,30.835000000000008,30.835,-72.084,-27.334000000000003,96,3.223,18
14451,1,1.235,1.419,25.564999999999998,91.59300000000002,91.593,-44.435,-18.870000000000005,96,3.223,19
48560,1,0.984,1.26,20.25200000000001,42.252999999999986,42.253,-46.673,-26.420999999999992,96,3.223,20
17524,1,1.215,0.927,-11.865999999999985,93.74400000000003,93.744,-27.78200000000001,-39.647999999999996,97,3.231,1
48833,1,1.42,1.389,-6.030000000000001,38.420000000000016,38.42,-24.486999999999995,-30.516999999999996,97,3.231,2
26997,1,1.381,1.079,-16.50399999999999,86.20499999999998,86.205,-29.670999999999992,-46.17500000000001,97,3.231,3
825,1,2.213,0.824,30.837999999999994,75.38400000000001,75.384,12.482,43.31999999999999,97,3.231,4
798,1,1.491,1.281,7.5,87.66300000000001,87.663,23.28200000000001,30.78200000000001,97,3.231,5
43937,1,1.12,0.579,44.75,30.835000000000008,30.835,-72.084,-27.334000000000003,97,3.231,6
257,1,3.0,1.121,70.595,58.146000000000015,58.146,17.075999999999993,87.67099999999999,97,3.231,7
793,1,2.118,0.789,15.911000000000001,81.28700000000003,81.287,39.38300000000001,55.29399999999998,97,3.231,8
9323,1,1.523,1.191,4.653999999999996,44.373999999999995,44.374,-57.41499999999999,-52.760999999999996,97,3.231,9
462,1,1.807,0.69,27.801999999999992,70.845,70.845,-13.096000000000004,14.705999999999989,97,3.231,10
9366,1,1.544,0.935,-3.467000000000013,37.63300000000001,37.633,-50.212999999999994,-53.68000000000001,97,3.231,11
28774,1,1.281,1.152,-36.351,108.755,108.755,-10.40100000000001,-46.75200000000001,97,3.231,12
6992,1,1.07,1.646,-15.841000000000008,20.36099999999999,20.361,-28.09899999999999,-43.94,97,3.231,13
165,1,1.944,0.779,56.69499999999999,58.99000000000001,58.99,4.427999999999997,61.12299999999999,97,3.231,14
528,1,1.773,0.771,9.619,70.34100000000001,70.341,30.002999999999986,39.622000000000014,97,3.231,15
7133,1,0.956,1.153,15.23599999999999,27.11699999999999,27.117,-62.33,-47.093999999999994,97,3.231,16
3539,1,0.993,1.969,-19.581999999999994,29.99000000000001,29.99,-18.364000000000004,-37.946,97,3.231,17
6986,1,0.831,1.621,-0.34499999999999886,16.25399999999999,16.254,-45.78899999999999,-46.134000000000015,97,3.231,18
44184,1,1.302,0.855,38.393,28.214,28.214,-64.334,-25.941000000000003,97,3.231,19
3564,1,1.204,1.729,-51.131,25.513000000000005,25.513,5.1200000000000045,-46.010999999999996,97,3.231,20
793,1,2.118,0.789,15.911000000000001,81.28700000000003,81.287,39.38300000000001,55.29399999999998,98,3.237,1
44184,1,1.302,0.855,38.393,28.214,28.214,-64.334,-25.941000000000003,98,3.237,2
528,1,1.773,0.771,9.619,70.34100000000001,70.341,30.002999999999986,39.622000000000014,98,3.237,3
826,1,1.923,0.992,27.798000000000002,75.41,75.41,8.692000000000007,36.49000000000001,98,3.237,4
10631,1,1.11,1.292,-34.158000000000015,36.65299999999999,36.653,-16.365999999999985,-50.524,98,3.237,5
264,1,2.837,1.155,60.456999999999994,72.65199999999999,72.652,17.426999999999992,77.88400000000001,98,3.237,6
48435,1,1.569,0.967,23.36699999999999,26.131,26.131,-50.63499999999999,-27.268,98,3.237,7
2715,1,1.466,0.941,-8.634000000000015,41.53399999999999,41.534,-34.82499999999999,-43.459,98,3.237,8
798,1,1.491,1.281,7.5,87.66300000000001,87.663,23.28200000000001,30.78200000000001,98,3.237,9
28774,1,1.281,1.152,-36.351,108.755,108.755,-10.40100000000001,-46.75200000000001,98,3.237,10
48649,1,0.889,1.166,8.537000000000006,34.29599999999999,34.296,-40.59,-32.053,98,3.237,11
9365,1,1.413,0.867,-8.294000000000011,38.182000000000016,38.182,-43.55500000000001,-51.84899999999999,98,3.237,12
4316,1,1.314,1.449,-42.43899999999999,46.781000000000006,46.781,-8.759000000000015,-51.19800000000001,98,3.237,13
4450,1,0.716,1.246,24.973000000000013,23.608000000000004,23.608,-74.295,-49.322,98,3.237,14
23112,1,1.201,1.08,-9.730999999999995,105.17700000000002,105.177,-28.573000000000008,-38.304,98,3.237,15
28793,1,1.26,1.086,-34.285,108.77499999999998,108.775,-21.960000000000008,-56.245000000000005,98,3.237,16
7144,1,0.839,1.25,1.6479999999999961,22.107,22.107,-50.55799999999999,-48.91,98,3.237,17
262,1,2.751,1.319,67.29500000000002,64.701,64.701,15.527999999999992,82.82299999999998,98,3.237,18
48833,1,1.42,1.389,-6.030000000000001,38.420000000000016,38.42,-24.486999999999995,-30.516999999999996,98,3.237,19
40520,1,1.603,0.908,53.456999999999994,60.863,60.863,-41.394000000000005,12.062999999999988,98,3.237,20
827,1,1.917,0.693,21.401999999999987,76.36700000000002,76.367,11.830000000000013,33.232,99,3.247,1
8346,1,1.176,0.86,17.289999999999992,32.69200000000001,32.692,-59.93299999999999,-42.643,99,3.247,2
3539,1,0.993,1.969,-19.581999999999994,29.99000000000001,29.99,-18.364000000000004,-37.946,99,3.247,3
798,1,1.491,1.281,7.5,87.66300000000001,87.663,23.28200000000001,30.78200000000001,99,3.247,4
4316,1,1.314,1.449,-42.43899999999999,46.781000000000006,46.781,-8.759000000000015,-51.19800000000001,99,3.247,5
48833,1,1.42,1.389,-6.030000000000001,38.420000000000016,38.42,-24.486999999999995,-30.516999999999996,99,3.247,6
28793,1,1.26,1.086,-34.285,108.77499999999998,108.775,-21.960000000000008,-56.245000000000005,99,3.247,7
40666,1,1.683,0.865,9.804000000000002,64.55099999999999,64.551,-16.360000000000014,-6.556000000000012,99,3.247,8
44184,1,1.302,0.855,38.393,28.214,28.214,-64.334,-25.941000000000003,99,3.247,9
793,1,2.118,0.789,15.911000000000001,81.28700000000003,81.287,39.38300000000001,55.29399999999998,99,3.247,10
40712,1,1.339,1.206,46.125,71.15199999999999,71.152,-26.447000000000003,19.677999999999997,99,3.247,11
48435,1,1.569,0.967,23.36699999999999,26.131,26.131,-50.63499999999999,-27.268,99,3.247,12
937,1,1.487,0.811,-8.891999999999996,67.33100000000002,67.331,2.009999999999991,-6.882000000000005,99,3.247,13
28774,1,1.281,1.152,-36.351,108.755,108.755,-10.40100000000001,-46.75200000000001,99,3.247,14
540,1,1.917,0.768,9.324999999999989,66.19799999999998,66.198,39.989000000000004,49.31399999999999,99,3.247,15
263,1,2.869,1.185,56.36699999999999,73.89699999999999,73.897,19.19399999999999,75.56099999999998,99,3.247,16
6986,1,0.831,1.621,-0.34499999999999886,16.25399999999999,16.254,-45.78899999999999,-46.134000000000015,99,3.247,17
43926,1,1.206,0.712,39.589,35.873999999999995,35.874,-66.654,-27.064999999999998,99,3.247,18
6991,1,1.107,1.704,-3.8470000000000084,17.236999999999995,17.237,-41.06999999999999,-44.917,99,3.247,19
9323,1,1.523,1.191,4.653999999999996,44.373999999999995,44.374,-57.41499999999999,-52.760999999999996,99,3.247,20
262,1,2.751,1.319,67.29500000000002,64.701,64.701,15.527999999999992,82.82299999999998,100,3.267,1
770,1,1.92,0.798,36.341999999999985,93.67599999999999,93.676,51.233000000000004,87.57499999999999,100,3.267,2
3539,1,0.993,1.969,-19.581999999999994,29.99000000000001,29.99,-18.364000000000004,-37.946,100,3.267,3
526,1,1.806,1.005,9.388000000000005,73.311,73.311,23.843999999999994,33.232,100,3.267,4
48833,1,1.42,1.389,-6.030000000000001,38.420000000000016,38.42,-24.486999999999995,-30.516999999999996,100,3.267,5
3580,1,1.18,1.37,-25.879999999999995,26.41900000000001,26.419,-20.697000000000003,-46.577,100,3.267,6
528,1,1.773,0.771,9.619,70.34100000000001,70.341,30.002999999999986,39.622000000000014,100,3.267,7
8346,1,1.176,0.86,17.289999999999992,32.69200000000001,32.692,-59.93299999999999,-42.643,100,3.267,8
828,1,2.01,0.747,28.953000000000003,74.92099999999999,74.921,14.840000000000003,43.793000000000006,100,3.267,9
6991,1,1.107,1.704,-3.8470000000000084,17.236999999999995,17.237,-41.06999999999999,-44.917,100,3.267,10
28379,1,1.077,1.074,-15.336000000000013,98.411,98.411,-23.131,-38.466999999999985,100,3.267,11
28774,1,1.281,1.152,-36.351,108.755,108.755,-10.40100000000001,-46.75200000000001,100,3.267,12
13,1,1.923,1.154,45.954999999999984,55.768,55.768,-19.040999999999997,26.913999999999987,100,3.267,13
9366,1,1.544,0.935,-3.467000000000013,37.63300000000001,37.633,-50.212999999999994,-53.68000000000001,100,3.267,14
44184,1,1.302,0.855,38.393,28.214,28.214,-64.334,-25.941000000000003,100,3.267,15
39564,1,1.113,1.403,-13.026999999999987,43.465,43.465,-45.543000000000006,-58.56999999999999,100,3.267,16
257,1,3.0,1.121,70.595,58.146000000000015,58.146,17.075999999999993,87.67099999999999,100,3.267,17
7133,1,0.956,1.153,15.23599999999999,27.11699999999999,27.117,-62.33,-47.093999999999994,100,3.267,18
29102,1,0.975,1.053,-27.425999999999988,94.93899999999996,94.939,-23.823000000000008,-51.248999999999995,100,3.267,19
9323,1,1.523,1.191,4.653999999999996,44.373999999999995,44.374,-57.41499999999999,-52.760999999999996,100,3.267,20
