frame,ok,h1_rmsd,h2_rmsd,alpha,beta,abs_beta,gamma,zeta_alpha_plus_gamma,replicate,sas_rdc_rmsd,selection_rank
18193,1,1.777,0.993,-16.90700000000001,44.518,44.518,1.247000000000014,-15.659999999999997,1,2.303,1
49381,1,0.776,1.028,-82.831,13.372000000000014,13.372,67.06299999999999,-15.768,1,2.303,2
44855,1,2.027,1.255,-27.599999999999994,76.053,76.053,6.432999999999993,-21.167,1,2.303,3
36312,1,1.15,1.068,7.787000000000006,79.77499999999998,79.775,-24.52000000000001,-16.733000000000004,1,2.303,4
47854,1,0.851,1.082,-6.628999999999991,7.8089999999999975,7.809,5.975999999999999,-0.6529999999999916,1,2.303,5
45048,1,1.185,0.948,-34.16,83.28300000000002,83.283,-5.437000000000012,-39.59700000000001,1,2.303,6
46812,1,1.208,0.783,23.762,61.173,61.173,-40.56900000000002,-16.807000000000016,1,2.303,7
48861,1,1.48,0.956,33.25200000000001,89.481,89.481,37.327,70.57900000000001,1,2.303,8
48779,1,1.05,0.741,41.054,65.64499999999998,65.645,28.63300000000001,69.68700000000001,1,2.303,9
44322,1,1.576,1.376,-35.434,89.52600000000001,89.526,24.093999999999994,-11.340000000000003,1,2.303,10
13176,1,1.343,0.84,-10.211000000000013,26.022999999999996,26.023,-14.329000000000008,-24.539999999999992,1,2.303,11
36311,1,0.913,0.893,7.974999999999994,83.11099999999999,83.111,-21.549000000000007,-13.574000000000012,1,2.303,12
24120,1,0.572,1.238,88.45299999999997,37.043000000000006,37.043,-73.608,14.844999999999999,1,2.303,13
49441,1,0.865,1.312,-67.409,9.100999999999999,9.101,56.821,-10.588000000000022,1,2.303,14
47412,1,1.176,1.209,-60.36,13.461999999999989,13.462,60.411,0.05099999999998772,1,2.303,15
44176,1,1.288,1.115,-37.158000000000015,72.56299999999999,72.563,18.413999999999987,-18.744,1,2.303,16
48883,1,1.032,0.704,47.787000000000006,61.953,61.953,10.834000000000003,58.62100000000001,1,2.303,17
27886,1,0.767,0.998,58.077,10.649000000000001,10.649,-45.25,12.826999999999998,1,2.303,18
31374,1,2.196,0.722,26.568000000000012,76.39600000000002,76.396,64.16899999999998,90.73699999999997,1,2.303,19
22898,1,1.415,1.383,13.796999999999997,86.22899999999998,86.229,-28.681999999999988,-14.884999999999991,1,2.303,20
45048,1,1.185,0.948,-34.16,83.28300000000002,83.283,-5.437000000000012,-39.59700000000001,2,2.313,1
39697,1,1.193,0.738,4.4950000000000045,76.14699999999999,76.147,-30.61699999999999,-26.122000000000014,2,2.313,2
44320,1,1.456,0.594,-40.40299999999999,91.25400000000002,91.254,27.48599999999999,-12.917000000000002,2,2.313,3
36311,1,0.913,0.893,7.974999999999994,83.11099999999999,83.111,-21.549000000000007,-13.574000000000012,2,2.313,4
44285,1,1.597,0.926,-37.095,68.89699999999999,68.897,26.09700000000001,-10.99799999999999,2,2.313,5
36312,1,1.15,1.068,7.787000000000006,79.77499999999998,79.775,-24.52000000000001,-16.733000000000004,2,2.313,6
48866,1,1.425,0.811,38.054,89.51300000000003,89.513,29.960000000000008,68.01400000000001,2,2.313,7
47854,1,0.851,1.082,-6.628999999999991,7.8089999999999975,7.809,5.975999999999999,-0.6529999999999916,2,2.313,8
10133,1,1.203,1.26,25.688999999999993,51.51400000000001,51.514,-52.732,-27.043000000000006,2,2.313,9
12120,1,1.134,0.925,-32.518,42.501000000000005,42.501,5.878999999999991,-26.63900000000001,2,2.313,10
49445,1,0.604,1.024,-76.418,11.34299999999999,11.343,64.07400000000001,-12.343999999999994,2,2.313,11
49474,1,0.743,1.132,-52.224999999999994,19.113,19.113,50.043000000000006,-2.1820000000000164,2,2.313,12
22898,1,1.415,1.383,13.796999999999997,86.22899999999998,86.229,-28.681999999999988,-14.884999999999991,2,2.313,13
44176,1,1.288,1.115,-37.158000000000015,72.56299999999999,72.563,18.413999999999987,-18.744,2,2.313,14
48883,1,1.032,0.704,47.787000000000006,61.953,61.953,10.834000000000003,58.62100000000001,2,2.313,15
47877,1,0.947,1.006,-22.24199999999999,4.753999999999991,4.754,21.647999999999996,-0.5939999999999941,2,2.313,16
27886,1,0.767,0.998,58.077,10.649000000000001,10.649,-45.25,12.826999999999998,2,2.313,17
24281,1,0.644,0.947,-66.272,-40.99000000000001,40.99,92.12200000000001,25.849999999999994,2,2.313,18
48861,1,1.48,0.956,33.25200000000001,89.481,89.481,37.327,70.57900000000001,2,2.313,19
49009,1,1.136,0.825,-31.242999999999995,45.92500000000001,45.925,11.973000000000013,-19.27000000000001,2,2.313,20
48861,1,1.48,0.956,33.25200000000001,89.481,89.481,37.327,70.57900000000001,3,2.326,1
36311,1,0.913,0.893,7.974999999999994,83.11099999999999,83.111,-21.549000000000007,-13.574000000000012,3,2.326,2
24137,1,0.666,1.194,86.71800000000002,38.50999999999999,38.51,-78.558,8.159999999999997,3,2.326,3
22898,1,1.415,1.383,13.796999999999997,86.22899999999998,86.229,-28.681999999999988,-14.884999999999991,3,2.326,4
31278,1,1.952,0.811,18.449000000000012,91.63999999999999,91.64,75.06299999999999,93.512,3,2.326,5
13068,1,1.234,1.034,12.507000000000005,18.894000000000005,18.894,-35.929,-23.421999999999997,3,2.326,6
27886,1,0.767,0.998,58.077,10.649000000000001,10.649,-45.25,12.826999999999998,3,2.326,7
44855,1,2.027,1.255,-27.599999999999994,76.053,76.053,6.432999999999993,-21.167,3,2.326,8
12120,1,1.134,0.925,-32.518,42.501000000000005,42.501,5.878999999999991,-26.63900000000001,3,2.326,9
36314,1,1.277,0.764,10.084000000000003,72.886,72.886,-30.538999999999987,-20.454999999999984,3,2.326,10
49381,1,0.776,1.028,-82.831,13.372000000000014,13.372,67.06299999999999,-15.768,3,2.326,11
18193,1,1.777,0.993,-16.90700000000001,44.518,44.518,1.247000000000014,-15.659999999999997,3,2.326,12
40191,1,0.889,1.293,-2.1059999999999945,42.506,42.506,-7.778999999999996,-9.884999999999991,3,2.326,13
49445,1,0.604,1.024,-76.418,11.34299999999999,11.343,64.07400000000001,-12.343999999999994,3,2.326,14
48883,1,1.032,0.704,47.787000000000006,61.953,61.953,10.834000000000003,58.62100000000001,3,2.326,15
47412,1,1.176,1.209,-60.36,13.461999999999989,13.462,60.411,0.05099999999998772,3,2.326,16
45048,1,1.185,0.948,-34.16,83.28300000000002,83.283,-5.437000000000012,-39.59700000000001,3,2.326,17
44322,1,1.576,1.376,-35.434,89.52600000000001,89.526,24.093999999999994,-11.340000000000003,3,2.326,18
44176,1,1.288,1.115,-37.158000000000015,72.56299999999999,72.563,18.413999999999987,-18.744,3,2.326,19
31912,1,1.776,0.65,21.736999999999995,74.826,74.826,-8.105999999999995,13.631,3,2.326,20
46061,1,0.771,0.967,12.283999999999992,83.23000000000002,83.23,-22.671999999999997,-10.388000000000005,4,2.375,1
39697,1,1.193,0.738,4.4950000000000045,76.14699999999999,76.147,-30.61699999999999,-26.122000000000014,4,2.375,2
37445,1,1.56,1.174,-15.908999999999992,45.274,45.274,39.738,23.829000000000008,4,2.375,3
18193,1,1.777,0.993,-16.90700000000001,44.518,44.518,1.247000000000014,-15.659999999999997,4,2.375,4
2129,1,1.042,0.982,27.084000000000003,98.65300000000002,98.653,57.964,85.048,4,2.375,5
48861,1,1.48,0.956,33.25200000000001,89.481,89.481,37.327,70.57900000000001,4,2.375,6
36311,1,0.913,0.893,7.974999999999994,83.11099999999999,83.111,-21.549000000000007,-13.574000000000012,4,2.375,7
47856,1,1.05,1.086,-4.304000000000002,-2.960000000000008,2.96,3.443000000000012,-0.86099999999999,4,2.375,8
49358,1,1.026,1.202,-44.32300000000001,14.242999999999995,14.243,32.486999999999995,-11.836000000000013,4,2.375,9
49449,1,0.707,1.259,-78.706,9.679000000000002,9.679,71.924,-6.781999999999982,4,2.375,10
44436,1,1.749,1.169,-54.681,64.917,64.917,14.646000000000015,-40.035,4,2.375,11
12513,1,1.337,1.118,2.1200000000000045,39.84100000000001,39.841,-29.903999999999996,-27.783999999999992,4,2.375,12
24253,1,0.584,1.176,-76.099,-41.048,41.048,97.13599999999997,21.036999999999978,4,2.375,13
44176,1,1.288,1.115,-37.158000000000015,72.56299999999999,72.563,18.413999999999987,-18.744,4,2.375,14
44322,1,1.576,1.376,-35.434,89.52600000000001,89.526,24.093999999999994,-11.340000000000003,4,2.375,15
31912,1,1.776,0.65,21.736999999999995,74.826,74.826,-8.105999999999995,13.631,4,2.375,16
48883,1,1.032,0.704,47.787000000000006,61.953,61.953,10.834000000000003,58.62100000000001,4,2.375,17
44855,1,2.027,1.255,-27.599999999999994,76.053,76.053,6.432999999999993,-21.167,4,2.375,18
46333,1,1.859,0.84,5.0800000000000125,51.80599999999998,51.806,-2.2719999999999914,2.8079999999999927,4,2.375,19
27886,1,0.767,0.998,58.077,10.649000000000001,10.649,-45.25,12.826999999999998,4,2.375,20
48876,1,1.327,0.792,48.32599999999999,64.76499999999999,64.765,13.740999999999985,62.06700000000001,5,2.376,1
43376,1,1.248,1.376,-15.156000000000006,51.94200000000001,51.942,-36.587999999999994,-51.744,5,2.376,2
37445,1,1.56,1.174,-15.908999999999992,45.274,45.274,39.738,23.829000000000008,5,2.376,3
31627,1,1.337,0.678,12.482,66.46699999999998,66.467,17.89500000000001,30.37700000000001,5,2.376,4
49445,1,0.604,1.024,-76.418,11.34299999999999,11.343,64.07400000000001,-12.343999999999994,5,2.376,5
24135,1,0.697,1.315,74.02199999999999,40.22300000000001,40.223,-65.454,8.568000000000012,5,2.376,6
48780,1,1.443,0.973,44.38300000000001,68.84800000000001,68.848,22.884000000000015,67.267,5,2.376,7
47856,1,1.05,1.086,-4.304000000000002,-2.960000000000008,2.96,3.443000000000012,-0.86099999999999,5,2.376,8
1669,1,0.958,0.755,60.84300000000002,21.102000000000004,21.102,-64.181,-3.337999999999994,5,2.376,9
2825,1,0.951,1.128,42.227000000000004,123.37599999999998,123.376,91.904,134.13099999999997,5,2.376,10
36311,1,0.913,0.893,7.974999999999994,83.11099999999999,83.111,-21.549000000000007,-13.574000000000012,5,2.376,11
44285,1,1.597,0.926,-37.095,68.89699999999999,68.897,26.09700000000001,-10.99799999999999,5,2.376,12
44857,1,1.625,1.302,-31.12299999999999,81.28800000000001,81.288,5.867999999999995,-25.254999999999995,5,2.376,13
46812,1,1.208,0.783,23.762,61.173,61.173,-40.56900000000002,-16.807000000000016,5,2.376,14
45048,1,1.185,0.948,-34.16,83.28300000000002,83.283,-5.437000000000012,-39.59700000000001,5,2.376,15
39732,1,1.009,0.979,1.9960000000000093,66.14600000000002,66.146,-20.501000000000005,-18.504999999999995,5,2.376,16
48866,1,1.425,0.811,38.054,89.51300000000003,89.513,29.960000000000008,68.01400000000001,5,2.376,17
12120,1,1.134,0.925,-32.518,42.501000000000005,42.501,5.878999999999991,-26.63900000000001,5,2.376,18
2408,1,1.311,1.429,-20.986999999999995,73.38400000000001,73.384,-4.944999999999993,-25.931999999999988,5,2.376,19
43040,1,1.396,1.1,-70.389,14.75,14.75,62.416,-7.973000000000013,5,2.376,20
48221,1,0.821,1.367,34.587999999999994,-2.774000000000001,2.774,-43.995000000000005,-9.406999999999982,6,2.376,1
24137,1,0.666,1.194,86.71800000000002,38.50999999999999,38.51,-78.558,8.159999999999997,6,2.376,2
44176,1,1.288,1.115,-37.158000000000015,72.56299999999999,72.563,18.413999999999987,-18.744,6,2.376,3
36507,1,1.28,1.24,56.013000000000005,14.448000000000008,14.448,-38.56700000000001,17.445999999999998,6,2.376,4
13021,1,1.155,1.09,20.191000000000003,13.955000000000013,13.955,-34.71600000000001,-14.525000000000006,6,2.376,5
43040,1,1.396,1.1,-70.389,14.75,14.75,62.416,-7.973000000000013,6,2.376,6
22876,1,1.027,0.845,17.539999999999992,78.09000000000003,78.09,-28.32499999999999,-10.784999999999997,6,2.376,7
48861,1,1.48,0.956,33.25200000000001,89.481,89.481,37.327,70.57900000000001,6,2.376,8
48780,1,1.443,0.973,44.38300000000001,68.84800000000001,68.848,22.884000000000015,67.267,6,2.376,9
26951,1,2.594,0.676,69.958,59.63300000000001,59.633,36.43899999999999,106.39699999999999,6,2.376,10
36314,1,1.277,0.764,10.084000000000003,72.886,72.886,-30.538999999999987,-20.454999999999984,6,2.376,11
49445,1,0.604,1.024,-76.418,11.34299999999999,11.343,64.07400000000001,-12.343999999999994,6,2.376,12
12120,1,1.134,0.925,-32.518,42.501000000000005,42.501,5.878999999999991,-26.63900000000001,6,2.376,13
45048,1,1.185,0.948,-34.16,83.28300000000002,83.283,-5.437000000000012,-39.59700000000001,6,2.376,14
12382,1,1.184,0.766,42.27699999999999,99.21100000000001,99.211,70.27800000000002,112.555,6,2.376,15
37445,1,1.56,1.174,-15.908999999999992,45.274,45.274,39.738,23.829000000000008,6,2.376,16
18193,1,1.777,0.993,-16.90700000000001,44.518,44.518,1.247000000000014,-15.659999999999997,6,2.376,17
39711,1,1.244,1.241,4.411000000000001,70.184,70.184,-26.423000000000002,-22.012,6,2.376,18
36311,1,0.913,0.893,7.974999999999994,83.11099999999999,83.111,-21.549000000000007,-13.574000000000012,6,2.376,19
44855,1,2.027,1.255,-27.599999999999994,76.053,76.053,6.432999999999993,-21.167,6,2.376,20
49574,1,0.789,1.029,-52.956999999999994,14.455000000000013,14.455,45.748999999999995,-7.207999999999998,7,2.378,1
48876,1,1.327,0.792,48.32599999999999,64.76499999999999,64.765,13.740999999999985,62.06700000000001,7,2.378,2
47854,1,0.851,1.082,-6.628999999999991,7.8089999999999975,7.809,5.975999999999999,-0.6529999999999916,7,2.378,3
24254,1,0.727,1.176,-72.655,-38.702,38.702,95.75200000000001,23.09700000000001,7,2.378,4
36311,1,0.913,0.893,7.974999999999994,83.11099999999999,83.111,-21.549000000000007,-13.574000000000012,7,2.378,5
2687,1,1.147,0.921,39.72200000000001,102.73699999999997,102.737,76.17099999999999,115.89300000000003,7,2.378,6
27886,1,0.767,0.998,58.077,10.649000000000001,10.649,-45.25,12.826999999999998,7,2.378,7
39697,1,1.193,0.738,4.4950000000000045,76.14699999999999,76.147,-30.61699999999999,-26.122000000000014,7,2.378,8
18193,1,1.777,0.993,-16.90700000000001,44.518,44.518,1.247000000000014,-15.659999999999997,7,2.378,9
44285,1,1.597,0.926,-37.095,68.89699999999999,68.897,26.09700000000001,-10.99799999999999,7,2.378,10
48861,1,1.48,0.956,33.25200000000001,89.481,89.481,37.327,70.57900000000001,7,2.378,11
47412,1,1.176,1.209,-60.36,13.461999999999989,13.462,60.411,0.05099999999998772,7,2.378,12
49009,1,1.136,0.825,-31.242999999999995,45.92500000000001,45.925,11.973000000000013,-19.27000000000001,7,2.378,13
49381,1,0.776,1.028,-82.831,13.372000000000014,13.372,67.06299999999999,-15.768,7,2.378,14
45048,1,1.185,0.948,-34.16,83.28300000000002,83.283,-5.437000000000012,-39.59700000000001,7,2.378,15
44295,1,1.305,0.981,-31.704999999999984,73.25200000000001,73.252,17.379999999999995,-14.324999999999989,7,2.378,16
44856,1,1.835,1.512,-28.860000000000014,76.209,76.209,6.074999999999989,-22.784999999999997,7,2.378,17
36312,1,1.15,1.068,7.787000000000006,79.77499999999998,79.775,-24.52000000000001,-16.733000000000004,7,2.378,18
31912,1,1.776,0.65,21.736999999999995,74.826,74.826,-8.105999999999995,13.631,7,2.378,19
37858,1,1.047,0.953,-6.782999999999987,7.711999999999989,7.712,14.700999999999993,7.918000000000006,7,2.378,20
46488,1,1.151,0.692,20.406000000000006,65.50200000000001,65.502,-26.881,-6.474999999999994,8,2.38,1
27886,1,0.767,0.998,58.077,10.649000000000001,10.649,-45.25,12.826999999999998,8,2.38,2
44303,1,1.942,1.1,-38.393,79.62400000000002,79.624,28.054000000000002,-10.338999999999999,8,2.38,3
49009,1,1.136,0.825,-31.242999999999995,45.92500000000001,45.925,11.973000000000013,-19.27000000000001,8,2.38,4
44176,1,1.288,1.115,-37.158000000000015,72.56299999999999,72.563,18.413999999999987,-18.744,8,2.38,5
24844,1,1.063,0.603,-66.832,-34.203,34.203,86.19900000000001,19.36700000000002,8,2.38,6
48779,1,1.05,0.741,41.054,65.64499999999998,65.645,28.63300000000001,69.68700000000001,8,2.38,7
49445,1,0.604,1.024,-76.418,11.34299999999999,11.343,64.07400000000001,-12.343999999999994,8,2.38,8
39697,1,1.193,0.738,4.4950000000000045,76.14699999999999,76.147,-30.61699999999999,-26.122000000000014,8,2.38,9
12120,1,1.134,0.925,-32.518,42.501000000000005,42.501,5.878999999999991,-26.63900000000001,8,2.38,10
36312,1,1.15,1.068,7.787000000000006,79.77499999999998,79.775,-24.52000000000001,-16.733000000000004,8,2.38,11
12585,1,1.141,0.814,28.251000000000005,95.90199999999999,95.902,44.610000000000014,72.86099999999999,8,2.38,12
45048,1,1.185,0.948,-34.16,83.28300000000002,83.283,-5.437000000000012,-39.59700000000001,8,2.38,13
13021,1,1.155,1.09,20.191000000000003,13.955000000000013,13.955,-34.71600000000001,-14.525000000000006,8,2.38,14
48861,1,1.48,0.956,33.25200000000001,89.481,89.481,37.327,70.57900000000001,8,2.38,15
47877,1,0.947,1.006,-22.24199999999999,4.753999999999991,4.754,21.647999999999996,-0.5939999999999941,8,2.38,16
44855,1,2.027,1.255,-27.599999999999994,76.053,76.053,6.432999999999993,-21.167,8,2.38,17
43039,1,1.244,1.212,-54.348,15.384000000000015,15.384,45.84899999999999,-8.498999999999995,8,2.38,18
36311,1,0.913,0.893,7.974999999999994,83.11099999999999,83.111,-21.549000000000007,-13.574000000000012,8,2.38,19
12513,1,1.337,1.118,2.1200000000000045,39.84100000000001,39.841,-29.903999999999996,-27.783999999999992,8,2.38,20
44295,1,1.305,0.981,-31.704999999999984,73.25200000000001,73.252,17.379999999999995,-14.324999999999989,9,2.382,1
45048,1,1.185,0.948,-34.16,83.28300000000002,83.283,-5.437000000000012,-39.59700000000001,9,2.382,2
44855,1,2.027,1.255,-27.599999999999994,76.053,76.053,6.432999999999993,-21.167,9,2.382,3
43376,1,1.248,1.376,-15.156000000000006,51.94200000000001,51.942,-36.587999999999994,-51.744,9,2.382,4
47870,1,0.8,0.934,56.24600000000001,3.655000000000001,3.655,-62.64500000000001,-6.399000000000001,9,2.382,5
46812,1,1.208,0.783,23.762,61.173,61.173,-40.56900000000002,-16.807000000000016,9,2.382,6
44322,1,1.576,1.376,-35.434,89.52600000000001,89.526,24.093999999999994,-11.340000000000003,9,2.382,7
12515,1,1.335,1.194,10.37299999999999,31.75200000000001,31.752,-36.14099999999999,-25.768,9,2.382,8
27886,1,0.767,0.998,58.077,10.649000000000001,10.649,-45.25,12.826999999999998,9,2.382,9
48128,1,1.106,1.331,11.256,9.048000000000002,9.048,-25.740999999999985,-14.485000000000014,9,2.382,10
46061,1,0.771,0.967,12.283999999999992,83.23000000000002,83.23,-22.671999999999997,-10.388000000000005,9,2.382,11
36311,1,0.913,0.893,7.974999999999994,83.11099999999999,83.111,-21.549000000000007,-13.574000000000012,9,2.382,12
18191,1,1.472,0.832,-24.932999999999993,49.31200000000001,49.312,7.686000000000007,-17.247000000000014,9,2.382,13
24193,1,0.713,1.308,88.79200000000003,36.646000000000015,36.646,-76.698,12.093999999999994,9,2.382,14
36312,1,1.15,1.068,7.787000000000006,79.77499999999998,79.775,-24.52000000000001,-16.733000000000004,9,2.382,15
49445,1,0.604,1.024,-76.418,11.34299999999999,11.343,64.07400000000001,-12.343999999999994,9,2.382,16
12120,1,1.134,0.925,-32.518,42.501000000000005,42.501,5.878999999999991,-26.63900000000001,9,2.382,17
48861,1,1.48,0.956,33.25200000000001,89.481,89.481,37.327,70.57900000000001,9,2.382,18
48866,1,1.425,0.811,38.054,89.51300000000003,89.513,29.960000000000008,68.01400000000001,9,2.382,19
48883,1,1.032,0.704,47.787000000000006,61.953,61.953,10.834000000000003,58.62100000000001,9,2.382,20
27886,1,0.767,0.998,58.077,10.649000000000001,10.649,-45.25,12.826999999999998,10,2.384,1
48868,1,1.239,0.651,37.435,81.22699999999998,81.227,35.08699999999999,72.52199999999999,10,2.384,2
24126,1,0.855,1.437,81.81700000000001,36.28899999999999,36.289,-66.567,15.25,10,2.384,3
44295,1,1.305,0.981,-31.704999999999984,73.25200000000001,73.252,17.379999999999995,-14.324999999999989,10,2.384,4
47856,1,1.05,1.086,-4.304000000000002,-2.960000000000008,2.96,3.443000000000012,-0.86099999999999,10,2.384,5
44176,1,1.288,1.115,-37.158000000000015,72.56299999999999,72.563,18.413999999999987,-18.744,10,2.384,6
36311,1,0.913,0.893,7.974999999999994,83.11099999999999,83.111,-21.549000000000007,-13.574000000000012,10,2.384,7
37445,1,1.56,1.174,-15.908999999999992,45.274,45.274,39.738,23.829000000000008,10,2.384,8
44855,1,2.027,1.255,-27.599999999999994,76.053,76.053,6.432999999999993,-21.167,10,2.384,9
31818,1,2.581,1.147,23.908999999999992,75.132,75.132,16.930000000000007,40.839,10,2.384,10
48834,1,1.451,1.303,43.733000000000004,85.69999999999999,85.7,40.60900000000001,84.34199999999998,10,2.384,11
46488,1,1.151,0.692,20.406000000000006,65.50200000000001,65.502,-26.881,-6.474999999999994,10,2.384,12
49549,1,1.128,0.898,57.459,-14.11099999999999,14.111,-69.437,-11.978000000000009,10,2.384,13
44320,1,1.456,0.594,-40.40299999999999,91.25400000000002,91.254,27.48599999999999,-12.917000000000002,10,2.384,14
39697,1,1.193,0.738,4.4950000000000045,76.14699999999999,76.147,-30.61699999999999,-26.122000000000014,10,2.384,15
13021,1,1.155,1.09,20.191000000000003,13.955000000000013,13.955,-34.71600000000001,-14.525000000000006,10,2.384,16
18193,1,1.777,0.993,-16.90700000000001,44.518,44.518,1.247000000000014,-15.659999999999997,10,2.384,17
46061,1,0.771,0.967,12.283999999999992,83.23000000000002,83.23,-22.671999999999997,-10.388000000000005,10,2.384,18
49537,1,0.68,1.035,-93.614,7.60499999999999,7.605,84.72199999999998,-8.891999999999996,10,2.384,19
21507,1,0.879,1.178,-5.5020000000000095,22.64699999999999,22.647,-15.330000000000013,-20.831999999999994,10,2.384,20
48861,1,1.48,0.956,33.25200000000001,89.481,89.481,37.327,70.57900000000001,11,2.384,1
46812,1,1.208,0.783,23.762,61.173,61.173,-40.56900000000002,-16.807000000000016,11,2.384,2
35093,1,1.269,0.859,-74.199,-5.524000000000001,5.524,82.726,8.526999999999987,11,2.384,3
44316,1,1.54,0.805,-46.629999999999995,72.14499999999998,72.145,23.521000000000015,-23.10900000000001,11,2.384,4
48780,1,1.443,0.973,44.38300000000001,68.84800000000001,68.848,22.884000000000015,67.267,11,2.384,5
12513,1,1.337,1.118,2.1200000000000045,39.84100000000001,39.841,-29.903999999999996,-27.783999999999992,11,2.384,6
27886,1,0.767,0.998,58.077,10.649000000000001,10.649,-45.25,12.826999999999998,11,2.384,7
31912,1,1.776,0.65,21.736999999999995,74.826,74.826,-8.105999999999995,13.631,11,2.384,8
36312,1,1.15,1.068,7.787000000000006,79.77499999999998,79.775,-24.52000000000001,-16.733000000000004,11,2.384,9
43393,1,1.628,1.192,-5.4480000000000075,51.754999999999995,51.755,-37.196,-42.644000000000005,11,2.384,10
36311,1,0.913,0.893,7.974999999999994,83.11099999999999,83.111,-21.549000000000007,-13.574000000000012,11,2.384,11
24126,1,0.855,1.437,81.81700000000001,36.28899999999999,36.289,-66.567,15.25,11,2.384,12
45048,1,1.185,0.948,-34.16,83.28300000000002,83.283,-5.437000000000012,-39.59700000000001,11,2.384,13
12144,1,1.14,0.824,-25.752999999999986,27.150000000000006,27.15,3.6299999999999955,-22.12299999999999,11,2.384,14
49449,1,0.707,1.259,-78.706,9.679000000000002,9.679,71.924,-6.781999999999982,11,2.384,15
44858,1,1.403,1.465,-34.44200000000001,81.41200000000003,81.412,3.6030000000000086,-30.839,11,2.384,16
47856,1,1.05,1.086,-4.304000000000002,-2.960000000000008,2.96,3.443000000000012,-0.86099999999999,11,2.384,17
12585,1,1.141,0.814,28.251000000000005,95.90199999999999,95.902,44.610000000000014,72.86099999999999,11,2.384,18
44857,1,1.625,1.302,-31.12299999999999,81.28800000000001,81.288,5.867999999999995,-25.254999999999995,11,2.384,19
49574,1,0.789,1.029,-52.956999999999994,14.455000000000013,14.455,45.748999999999995,-7.207999999999998,11,2.384,20
45048,1,1.185,0.948,-34.16,83.28300000000002,83.283,-5.437000000000012,-39.59700000000001,12,2.389,1
40039,1,1.091,0.909,19.06899999999999,62.309,62.309,-25.84299999999999,-6.774000000000001,12,2.389,2
49445,1,0.604,1.024,-76.418,11.34299999999999,11.343,64.07400000000001,-12.343999999999994,12,2.389,3
43376,1,1.248,1.376,-15.156000000000006,51.94200000000001,51.942,-36.587999999999994,-51.744,12,2.389,4
48876,1,1.327,0.792,48.32599999999999,64.76499999999999,64.765,13.740999999999985,62.06700000000001,12,2.389,5
47412,1,1.176,1.209,-60.36,13.461999999999989,13.462,60.411,0.05099999999998772,12,2.389,6
24129,1,0.673,1.121,84.64100000000002,35.025000000000006,35.025,-71.26,13.381,12,2.389,7
36311,1,0.913,0.893,7.974999999999994,83.11099999999999,83.111,-21.549000000000007,-13.574000000000012,12,2.389,8
48252,1,1.011,1.213,-50.50999999999999,23.21199999999999,23.212,40.666,-9.843999999999994,12,2.389,9
44857,1,1.625,1.302,-31.12299999999999,81.28800000000001,81.288,5.867999999999995,-25.254999999999995,12,2.389,10
44322,1,1.576,1.376,-35.434,89.52600000000001,89.526,24.093999999999994,-11.340000000000003,12,2.389,11
31912,1,1.776,0.65,21.736999999999995,74.826,74.826,-8.105999999999995,13.631,12,2.389,12
13021,1,1.155,1.09,20.191000000000003,13.955000000000013,13.955,-34.71600000000001,-14.525000000000006,12,2.389,13
2687,1,1.147,0.921,39.72200000000001,102.73699999999997,102.737,76.17099999999999,115.89300000000003,12,2.389,14
9876,1,1.397,0.693,51.59800000000001,17.420999999999992,17.421,-84.983,-33.38499999999999,12,2.389,15
31818,1,2.581,1.147,23.908999999999992,75.132,75.132,16.930000000000007,40.839,12,2.389,16
46061,1,0.771,0.967,12.283999999999992,83.23000000000002,83.23,-22.671999999999997,-10.388000000000005,12,2.389,17
40429,1,0.897,1.196,-6.611999999999995,14.829000000000008,14.829,11.62299999999999,5.010999999999996,12,2.389,18
44855,1,2.027,1.255,-27.599999999999994,76.053,76.053,6.432999999999993,-21.167,12,2.389,19
1899,1,1.322,0.815,32.702,64.46800000000002,64.468,25.295000000000016,57.997000000000014,12,2.389,20
46404,1,1.723,0.863,3.1140000000000043,58.638000000000005,58.638,-13.675000000000011,-10.561000000000007,13,2.392,1
47877,1,0.947,1.006,-22.24199999999999,4.753999999999991,4.754,21.647999999999996,-0.5939999999999941,13,2.392,2
2408,1,1.311,1.429,-20.986999999999995,73.38400000000001,73.384,-4.944999999999993,-25.931999999999988,13,2.392,3
12120,1,1.134,0.925,-32.518,42.501000000000005,42.501,5.878999999999991,-26.63900000000001,13,2.392,4
2207,1,1.205,0.826,17.377999999999986,102.77800000000002,102.778,59.946,77.32400000000001,13,2.392,5
44855,1,2.027,1.255,-27.599999999999994,76.053,76.053,6.432999999999993,-21.167,13,2.392,6
49445,1,0.604,1.024,-76.418,11.34299999999999,11.343,64.07400000000001,-12.343999999999994,13,2.392,7
36311,1,0.913,0.893,7.974999999999994,83.11099999999999,83.111,-21.549000000000007,-13.574000000000012,13,2.392,8
36314,1,1.277,0.764,10.084000000000003,72.886,72.886,-30.538999999999987,-20.454999999999984,13,2.392,9
13132,1,1.409,0.869,-2.247000000000014,21.77799999999999,21.778,-17.06899999999999,-19.316000000000003,13,2.392,10
48861,1,1.48,0.956,33.25200000000001,89.481,89.481,37.327,70.57900000000001,13,2.392,11
44285,1,1.597,0.926,-37.095,68.89699999999999,68.897,26.09700000000001,-10.99799999999999,13,2.392,12
47876,1,0.87,1.049,-45.822,1.5010000000000048,1.501,42.876000000000005,-2.945999999999998,13,2.392,13
49358,1,1.026,1.202,-44.32300000000001,14.242999999999995,14.243,32.486999999999995,-11.836000000000013,13,2.392,14
44322,1,1.576,1.376,-35.434,89.52600000000001,89.526,24.093999999999994,-11.340000000000003,13,2.392,15
48888,1,0.779,0.863,44.53899999999999,65.364,65.364,16.757000000000005,61.29599999999999,13,2.392,16
24129,1,0.673,1.121,84.64100000000002,35.025000000000006,35.025,-71.26,13.381,13,2.392,17
27886,1,0.767,0.998,58.077,10.649000000000001,10.649,-45.25,12.826999999999998,13,2.392,18
36312,1,1.15,1.068,7.787000000000006,79.77499999999998,79.775,-24.52000000000001,-16.733000000000004,13,2.392,19
46510,1,1.45,0.848,23.200999999999993,67.65,67.65,-30.917,-7.716000000000008,13,2.392,20
37445,1,1.56,1.174,-15.908999999999992,45.274,45.274,39.738,23.829000000000008,14,2.395,1
22898,1,1.415,1.383,13.796999999999997,86.22899999999998,86.229,-28.681999999999988,-14.884999999999991,14,2.395,2
12120,1,1.134,0.925,-32.518,42.501000000000005,42.501,5.878999999999991,-26.63900000000001,14,2.395,3
36311,1,0.913,0.893,7.974999999999994,83.11099999999999,83.111,-21.549000000000007,-13.574000000000012,14,2.395,4
44857,1,1.625,1.302,-31.12299999999999,81.28800000000001,81.288,5.867999999999995,-25.254999999999995,14,2.395,5
44172,1,1.71,1.306,-37.68700000000001,72.27600000000001,72.276,15.245000000000005,-22.442000000000007,14,2.395,6
36312,1,1.15,1.068,7.787000000000006,79.77499999999998,79.775,-24.52000000000001,-16.733000000000004,14,2.395,7
48883,1,1.032,0.704,47.787000000000006,61.953,61.953,10.834000000000003,58.62100000000001,14,2.395,8
13068,1,1.234,1.034,12.507000000000005,18.894000000000005,18.894,-35.929,-23.421999999999997,14,2.395,9
49449,1,0.707,1.259,-78.706,9.679000000000002,9.679,71.924,-6.781999999999982,14,2.395,10
24193,1,0.713,1.308,88.79200000000003,36.646000000000015,36.646,-76.698,12.093999999999994,14,2.395,11
49358,1,1.026,1.202,-44.32300000000001,14.242999999999995,14.243,32.486999999999995,-11.836000000000013,14,2.395,12
27886,1,0.767,0.998,58.077,10.649000000000001,10.649,-45.25,12.826999999999998,14,2.395,13
12513,1,1.337,1.118,2.1200000000000045,39.84100000000001,39.841,-29.903999999999996,-27.783999999999992,14,2.395,14
48780,1,1.443,0.973,44.38300000000001,68.84800000000001,68.848,22.884000000000015,67.267,14,2.395,15
44176,1,1.288,1.115,-37.158000000000015,72.56299999999999,72.563,18.413999999999987,-18.744,14,2.395,16
18191,1,1.472,0.832,-24.932999999999993,49.31200000000001,49.312,7.686000000000007,-17.247000000000014,14,2.395,17
46812,1,1.208,0.783,23.762,61.173,61.173,-40.56900000000002,-16.807000000000016,14,2.395,18
12386,1,1.656,0.844,37.272999999999996,102.58799999999997,102.588,72.745,110.01800000000003,14,2.395,19
48866,1,1.425,0.811,38.054,89.51300000000003,89.513,29.960000000000008,68.01400000000001,14,2.395,20
13021,1,1.155,1.09,20.191000000000003,13.955000000000013,13.955,-34.71600000000001,-14.525000000000006,15,2.399,1
48876,1,1.327,0.792,48.32599999999999,64.76499999999999,64.765,13.740999999999985,62.06700000000001,15,2.399,2
36312,1,1.15,1.068,7.787000000000006,79.77499999999998,79.775,-24.52000000000001,-16.733000000000004,15,2.399,3
49445,1,0.604,1.024,-76.418,11.34299999999999,11.343,64.07400000000001,-12.343999999999994,15,2.399,4
48861,1,1.48,0.956,33.25200000000001,89.481,89.481,37.327,70.57900000000001,15,2.399,5
36311,1,0.913,0.893,7.974999999999994,83.11099999999999,83.111,-21.549000000000007,-13.574000000000012,15,2.399,6
40191,1,0.889,1.293,-2.1059999999999945,42.506,42.506,-7.778999999999996,-9.884999999999991,15,2.399,7
39697,1,1.193,0.738,4.4950000000000045,76.14699999999999,76.147,-30.61699999999999,-26.122000000000014,15,2.399,8
24137,1,0.666,1.194,86.71800000000002,38.50999999999999,38.51,-78.558,8.159999999999997,15,2.399,9
44322,1,1.576,1.376,-35.434,89.52600000000001,89.526,24.093999999999994,-11.340000000000003,15,2.399,10
45048,1,1.185,0.948,-34.16,83.28300000000002,83.283,-5.437000000000012,-39.59700000000001,15,2.399,11
31369,1,1.746,0.63,22.11699999999999,81.28199999999998,81.282,61.17500000000001,83.29200000000003,15,2.399,12
46812,1,1.208,0.783,23.762,61.173,61.173,-40.56900000000002,-16.807000000000016,15,2.399,13
12450,1,1.066,1.169,-20.376000000000005,37.33699999999999,37.337,-13.275000000000006,-33.65100000000001,15,2.399,14
27886,1,0.767,0.998,58.077,10.649000000000001,10.649,-45.25,12.826999999999998,15,2.399,15
47959,1,1.189,1.189,-71.887,15.074999999999989,15.075,63.035,-8.852000000000004,15,2.399,16
1899,1,1.322,0.815,32.702,64.46800000000002,64.468,25.295000000000016,57.997000000000014,15,2.399,17
44857,1,1.625,1.302,-31.12299999999999,81.28800000000001,81.288,5.867999999999995,-25.254999999999995,15,2.399,18
49507,1,0.728,0.924,-72.986,18.08699999999999,18.087,60.577,-12.408999999999992,15,2.399,19
44855,1,2.027,1.255,-27.599999999999994,76.053,76.053,6.432999999999993,-21.167,15,2.399,20
41323,1,1.13,1.165,-32.83600000000001,33.28800000000001,33.288,12.381,-20.454999999999984,16,2.401,1
49484,1,0.755,1.142,-62.49000000000001,22.443000000000012,22.443,58.492999999999995,-3.997000000000014,16,2.401,2
12515,1,1.335,1.194,10.37299999999999,31.75200000000001,31.752,-36.14099999999999,-25.768,16,2.401,3
12585,1,1.141,0.814,28.251000000000005,95.90199999999999,95.902,44.610000000000014,72.86099999999999,16,2.401,4
49445,1,0.604,1.024,-76.418,11.34299999999999,11.343,64.07400000000001,-12.343999999999994,16,2.401,5
46061,1,0.771,0.967,12.283999999999992,83.23000000000002,83.23,-22.671999999999997,-10.388000000000005,16,2.401,6
13021,1,1.155,1.09,20.191000000000003,13.955000000000013,13.955,-34.71600000000001,-14.525000000000006,16,2.401,7
44857,1,1.625,1.302,-31.12299999999999,81.28800000000001,81.288,5.867999999999995,-25.254999999999995,16,2.401,8
48830,1,1.186,0.578,49.589,86.60000000000002,86.6,36.644000000000005,86.233,16,2.401,9
27886,1,0.767,0.998,58.077,10.649000000000001,10.649,-45.25,12.826999999999998,16,2.401,10
44285,1,1.597,0.926,-37.095,68.89699999999999,68.897,26.09700000000001,-10.99799999999999,16,2.401,11
39697,1,1.193,0.738,4.4950000000000045,76.14699999999999,76.147,-30.61699999999999,-26.122000000000014,16,2.401,12
45048,1,1.185,0.948,-34.16,83.28300000000002,83.283,-5.437000000000012,-39.59700000000001,16,2.401,13
48883,1,1.032,0.704,47.787000000000006,61.953,61.953,10.834000000000003,58.62100000000001,16,2.401,14
22898,1,1.415,1.383,13.796999999999997,86.22899999999998,86.229,-28.681999999999988,-14.884999999999991,16,2.401,15
24209,1,0.752,1.611,86.90800000000002,34.54900000000001,34.549,-75.218,11.689999999999998,16,2.401,16
44855,1,2.027,1.255,-27.599999999999994,76.053,76.053,6.432999999999993,-21.167,16,2.401,17
36311,1,0.913,0.893,7.974999999999994,83.11099999999999,83.111,-21.549000000000007,-13.574000000000012,16,2.401,18
9066,1,1.078,1.08,58.13499999999999,25.546999999999997,25.547,-75.011,-16.876000000000005,16,2.401,19
18193,1,1.777,0.993,-16.90700000000001,44.518,44.518,1.247000000000014,-15.659999999999997,16,2.401,20
49441,1,0.865,1.312,-67.409,9.100999999999999,9.101,56.821,-10.588000000000022,17,2.406,1
39697,1,1.193,0.738,4.4950000000000045,76.14699999999999,76.147,-30.61699999999999,-26.122000000000014,17,2.406,2
43373,1,1.035,1.129,-8.397999999999996,58.139999999999986,58.14,-37.889999999999986,-46.28800000000001,17,2.406,3
48830,1,1.186,0.578,49.589,86.60000000000002,86.6,36.644000000000005,86.233,17,2.406,4
48873,1,1.155,0.844,44.87700000000001,67.566,67.566,19.887,64.76400000000001,17,2.406,5
12713,1,1.512,0.759,20.808999999999997,73.542,73.542,16.131,36.94,17,2.406,6
48221,1,0.821,1.367,34.587999999999994,-2.774000000000001,2.774,-43.995000000000005,-9.406999999999982,17,2.406,7
13021,1,1.155,1.09,20.191000000000003,13.955000000000013,13.955,-34.71600000000001,-14.525000000000006,17,2.406,8
18193,1,1.777,0.993,-16.90700000000001,44.518,44.518,1.247000000000014,-15.659999999999997,17,2.406,9
36314,1,1.277,0.764,10.084000000000003,72.886,72.886,-30.538999999999987,-20.454999999999984,17,2.406,10
49484,1,0.755,1.142,-62.49000000000001,22.443000000000012,22.443,58.492999999999995,-3.997000000000014,17,2.406,11
49996,1,1.162,1.196,28.521000000000015,27.900000000000006,27.9,-37.235000000000014,-8.713999999999999,17,2.406,12
44436,1,1.749,1.169,-54.681,64.917,64.917,14.646000000000015,-40.035,17,2.406,13
19716,1,2.043,0.896,71.076,47.501000000000005,47.501,-43.634000000000015,27.442000000000007,17,2.406,14
27886,1,0.767,0.998,58.077,10.649000000000001,10.649,-45.25,12.826999999999998,17,2.406,15
36311,1,0.913,0.893,7.974999999999994,83.11099999999999,83.111,-21.549000000000007,-13.574000000000012,17,2.406,16
44176,1,1.288,1.115,-37.158000000000015,72.56299999999999,72.563,18.413999999999987,-18.744,17,2.406,17
44855,1,2.027,1.255,-27.599999999999994,76.053,76.053,6.432999999999993,-21.167,17,2.406,18
2825,1,0.951,1.128,42.227000000000004,123.37599999999998,123.376,91.904,134.13099999999997,17,2.406,19
44322,1,1.576,1.376,-35.434,89.52600000000001,89.526,24.093999999999994,-11.340000000000003,17,2.406,20
18193,1,1.777,0.993,-16.90700000000001,44.518,44.518,1.247000000000014,-15.659999999999997,18,2.409,1
43376,1,1.248,1.376,-15.156000000000006,51.94200000000001,51.942,-36.587999999999994,-51.744,18,2.409,2
48861,1,1.48,0.956,33.25200000000001,89.481,89.481,37.327,70.57900000000001,18,2.409,3
18608,1,0.997,0.822,45.959,54.81700000000001,54.817,-38.31700000000001,7.641999999999996,18,2.409,4
44176,1,1.288,1.115,-37.158000000000015,72.56299999999999,72.563,18.413999999999987,-18.744,18,2.409,5
48829,1,1.338,0.778,51.71000000000001,87.77600000000001,87.776,41.40299999999999,93.113,18,2.409,6
48221,1,0.821,1.367,34.587999999999994,-2.774000000000001,2.774,-43.995000000000005,-9.406999999999982,18,2.409,7
12513,1,1.337,1.118,2.1200000000000045,39.84100000000001,39.841,-29.903999999999996,-27.783999999999992,18,2.409,8
36311,1,0.913,0.893,7.974999999999994,83.11099999999999,83.111,-21.549000000000007,-13.574000000000012,18,2.409,9
13021,1,1.155,1.09,20.191000000000003,13.955000000000013,13.955,-34.71600000000001,-14.525000000000006,18,2.409,10
44855,1,2.027,1.255,-27.599999999999994,76.053,76.053,6.432999999999993,-21.167,18,2.409,11
47876,1,0.87,1.049,-45.822,1.5010000000000048,1.501,42.876000000000005,-2.945999999999998,18,2.409,12
34647,1,1.366,0.835,-54.447,-3.9509999999999934,3.951,60.304,5.856999999999999,18,2.409,13
46061,1,0.771,0.967,12.283999999999992,83.23000000000002,83.23,-22.671999999999997,-10.388000000000005,18,2.409,14
44322,1,1.576,1.376,-35.434,89.52600000000001,89.526,24.093999999999994,-11.340000000000003,18,2.409,15
46404,1,1.723,0.863,3.1140000000000043,58.638000000000005,58.638,-13.675000000000011,-10.561000000000007,18,2.409,16
45048,1,1.185,0.948,-34.16,83.28300000000002,83.283,-5.437000000000012,-39.59700000000001,18,2.409,17
44295,1,1.305,0.981,-31.704999999999984,73.25200000000001,73.252,17.379999999999995,-14.324999999999989,18,2.409,18
48780,1,1.443,0.973,44.38300000000001,68.84800000000001,68.848,22.884000000000015,67.267,18,2.409,19
49445,1,0.604,1.024,-76.418,11.34299999999999,11.343,64.07400000000001,-12.343999999999994,18,2.409,20
44176,1,1.288,1.115,-37.158000000000015,72.56299999999999,72.563,18.413999999999987,-18.744,19,2.411,1
12120,1,1.134,0.925,-32.518,42.501000000000005,42.501,5.878999999999991,-26.63900000000001,19,2.411,2
48780,1,1.443,0.973,44.38300000000001,68.84800000000001,68.848,22.884000000000015,67.267,19,2.411,3
27886,1,0.767,0.998,58.077,10.649000000000001,10.649,-45.25,12.826999999999998,19,2.411,4
31412,1,1.281,0.888,50.953,39.304,39.304,-65.861,-14.907999999999987,19,2.411,5
19631,1,1.096,0.902,57.843999999999994,35.286,35.286,-57.378,0.4660000000000082,19,2.411,6
12513,1,1.337,1.118,2.1200000000000045,39.84100000000001,39.841,-29.903999999999996,-27.783999999999992,19,2.411,7
18191,1,1.472,0.832,-24.932999999999993,49.31200000000001,49.312,7.686000000000007,-17.247000000000014,19,2.411,8
44855,1,2.027,1.255,-27.599999999999994,76.053,76.053,6.432999999999993,-21.167,19,2.411,9
24120,1,0.572,1.238,88.45299999999997,37.043000000000006,37.043,-73.608,14.844999999999999,19,2.411,10
45048,1,1.185,0.948,-34.16,83.28300000000002,83.283,-5.437000000000012,-39.59700000000001,19,2.411,11
47412,1,1.176,1.209,-60.36,13.461999999999989,13.462,60.411,0.05099999999998772,19,2.411,12
48861,1,1.48,0.956,33.25200000000001,89.481,89.481,37.327,70.57900000000001,19,2.411,13
49381,1,0.776,1.028,-82.831,13.372000000000014,13.372,67.06299999999999,-15.768,19,2.411,14
49445,1,0.604,1.024,-76.418,11.34299999999999,11.343,64.07400000000001,-12.343999999999994,19,2.411,15
36311,1,0.913,0.893,7.974999999999994,83.11099999999999,83.111,-21.549000000000007,-13.574000000000012,19,2.411,16
36312,1,1.15,1.068,7.787000000000006,79.77499999999998,79.775,-24.52000000000001,-16.733000000000004,19,2.411,17
48784,1,0.976,0.845,36.74799999999999,66.989,66.989,24.524,61.27199999999999,19,2.411,18
22898,1,1.415,1.383,13.796999999999997,86.22899999999998,86.229,-28.681999999999988,-14.884999999999991,19,2.411,19
44320,1,1.456,0.594,-40.40299999999999,91.25400000000002,91.254,27.48599999999999,-12.917000000000002,19,2.411,20
31912,1,1.776,0.65,21.736999999999995,74.826,74.826,-8.105999999999995,13.631,20,2.412,1
48876,1,1.327,0.792,48.32599999999999,64.76499999999999,64.765,13.740999999999985,62.06700000000001,20,2.412,2
2825,1,0.951,1.128,42.227000000000004,123.37599999999998,123.376,91.904,134.13099999999997,20,2.412,3
27886,1,0.767,0.998,58.077,10.649000000000001,10.649,-45.25,12.826999999999998,20,2.412,4
48784,1,0.976,0.845,36.74799999999999,66.989,66.989,24.524,61.27199999999999,20,2.412,5
45048,1,1.185,0.948,-34.16,83.28300000000002,83.283,-5.437000000000012,-39.59700000000001,20,2.412,6
44857,1,1.625,1.302,-31.12299999999999,81.28800000000001,81.288,5.867999999999995,-25.254999999999995,20,2.412,7
36314,1,1.277,0.764,10.084000000000003,72.886,72.886,-30.538999999999987,-20.454999999999984,20,2.412,8
13021,1,1.155,1.09,20.191000000000003,13.955000000000013,13.955,-34.71600000000001,-14.525000000000006,20,2.412,9
44855,1,2.027,1.255,-27.599999999999994,76.053,76.053,6.432999999999993,-21.167,20,2.412,10
14717,1,0.822,1.131,3.3079999999999927,54.68899999999999,54.689,-12.663999999999987,-9.355999999999995,20,2.412,11
12713,1,1.512,0.759,20.808999999999997,73.542,73.542,16.131,36.94,20,2.412,12
36311,1,0.913,0.893,7.974999999999994,83.11099999999999,83.111,-21.549000000000007,-13.574000000000012,20,2.412,13
15693,1,0.679,0.872,22.504999999999995,20.346000000000004,20.346,-50.393,-27.888000000000005,20,2.412,14
24120,1,0.572,1.238,88.45299999999997,37.043000000000006,37.043,-73.608,14.844999999999999,20,2.412,15
22898,1,1.415,1.383,13.796999999999997,86.22899999999998,86.229,-28.681999999999988,-14.884999999999991,20,2.412,16
44178,1,1.844,1.182,-43.59100000000001,71.95600000000002,71.956,26.490999999999985,-17.099999999999994,20,2.412,17
49445,1,0.604,1.024,-76.418,11.34299999999999,11.343,64.07400000000001,-12.343999999999994,20,2.412,18
49507,1,0.728,0.924,-72.986,18.08699999999999,18.087,60.577,-12.408999999999992,20,2.412,19
47877,1,0.947,1.006,-22.24199999999999,4.753999999999991,4.754,21.647999999999996,-0.5939999999999941,20,2.412,20
39697,1,1.193,0.738,4.4950000000000045,76.14699999999999,76.147,-30.61699999999999,-26.122000000000014,21,2.415,1
48861,1,1.48,0.956,33.25200000000001,89.481,89.481,37.327,70.57900000000001,21,2.415,2
12513,1,1.337,1.118,2.1200000000000045,39.84100000000001,39.841,-29.903999999999996,-27.783999999999992,21,2.415,3
18191,1,1.472,0.832,-24.932999999999993,49.31200000000001,49.312,7.686000000000007,-17.247000000000014,21,2.415,4
45048,1,1.185,0.948,-34.16,83.28300000000002,83.283,-5.437000000000012,-39.59700000000001,21,2.415,5
48866,1,1.425,0.811,38.054,89.51300000000003,89.513,29.960000000000008,68.01400000000001,21,2.415,6
36312,1,1.15,1.068,7.787000000000006,79.77499999999998,79.775,-24.52000000000001,-16.733000000000004,21,2.415,7
44857,1,1.625,1.302,-31.12299999999999,81.28800000000001,81.288,5.867999999999995,-25.254999999999995,21,2.415,8
49437,1,0.783,1.316,-38.25399999999999,14.135999999999996,14.136,28.135999999999996,-10.117999999999995,21,2.415,9
44322,1,1.576,1.376,-35.434,89.52600000000001,89.526,24.093999999999994,-11.340000000000003,21,2.415,10
31647,1,2.396,0.783,25.223000000000013,57.557000000000016,57.557,18.073000000000008,43.29599999999999,21,2.415,11
24126,1,0.855,1.437,81.81700000000001,36.28899999999999,36.289,-66.567,15.25,21,2.415,12
39735,1,1.112,1.01,8.764999999999986,67.76499999999999,67.765,-24.738,-15.973000000000013,21,2.415,13
47412,1,1.176,1.209,-60.36,13.461999999999989,13.462,60.411,0.05099999999998772,21,2.415,14
12120,1,1.134,0.925,-32.518,42.501000000000005,42.501,5.878999999999991,-26.63900000000001,21,2.415,15
36311,1,0.913,0.893,7.974999999999994,83.11099999999999,83.111,-21.549000000000007,-13.574000000000012,21,2.415,16
48883,1,1.032,0.704,47.787000000000006,61.953,61.953,10.834000000000003,58.62100000000001,21,2.415,17
13142,1,1.352,0.952,17.740999999999985,18.335000000000008,18.335,-39.471000000000004,-21.72999999999999,21,2.415,18
27886,1,0.767,0.998,58.077,10.649000000000001,10.649,-45.25,12.826999999999998,21,2.415,19
24130,1,0.52,1.057,80.50999999999999,43.11699999999999,43.117,-65.556,14.954000000000008,21,2.415,20
18193,1,1.777,0.993,-16.90700000000001,44.518,44.518,1.247000000000014,-15.659999999999997,22,2.416,1
48866,1,1.425,0.811,38.054,89.51300000000003,89.513,29.960000000000008,68.01400000000001,22,2.416,2
47877,1,0.947,1.006,-22.24199999999999,4.753999999999991,4.754,21.647999999999996,-0.5939999999999941,22,2.416,3
48883,1,1.032,0.704,47.787000000000006,61.953,61.953,10.834000000000003,58.62100000000001,22,2.416,4
12120,1,1.134,0.925,-32.518,42.501000000000005,42.501,5.878999999999991,-26.63900000000001,22,2.416,5
39697,1,1.193,0.738,4.4950000000000045,76.14699999999999,76.147,-30.61699999999999,-26.122000000000014,22,2.416,6
36312,1,1.15,1.068,7.787000000000006,79.77499999999998,79.775,-24.52000000000001,-16.733000000000004,22,2.416,7
31200,1,1.5,1.135,0.5809999999999889,98.27100000000002,98.271,47.71199999999999,48.293000000000006,22,2.416,8
49358,1,1.026,1.202,-44.32300000000001,14.242999999999995,14.243,32.486999999999995,-11.836000000000013,22,2.416,9
43373,1,1.035,1.129,-8.397999999999996,58.139999999999986,58.14,-37.889999999999986,-46.28800000000001,22,2.416,10
14462,1,1.195,1.28,31.620000000000005,70.12099999999998,70.121,-25.162000000000006,6.457999999999998,22,2.416,11
45048,1,1.185,0.948,-34.16,83.28300000000002,83.283,-5.437000000000012,-39.59700000000001,22,2.416,12
44176,1,1.288,1.115,-37.158000000000015,72.56299999999999,72.563,18.413999999999987,-18.744,22,2.416,13
37445,1,1.56,1.174,-15.908999999999992,45.274,45.274,39.738,23.829000000000008,22,2.416,14
48861,1,1.48,0.956,33.25200000000001,89.481,89.481,37.327,70.57900000000001,22,2.416,15
44303,1,1.942,1.1,-38.393,79.62400000000002,79.624,28.054000000000002,-10.338999999999999,22,2.416,16
27886,1,0.767,0.998,58.077,10.649000000000001,10.649,-45.25,12.826999999999998,22,2.416,17
49449,1,0.707,1.259,-78.706,9.679000000000002,9.679,71.924,-6.781999999999982,22,2.416,18
39735,1,1.112,1.01,8.764999999999986,67.76499999999999,67.765,-24.738,-15.973000000000013,22,2.416,19
24281,1,0.644,0.947,-66.272,-40.99000000000001,40.99,92.12200000000001,25.849999999999994,22,2.416,20
47854,1,0.851,1.082,-6.628999999999991,7.8089999999999975,7.809,5.975999999999999,-0.6529999999999916,23,2.417,1
17188,1,1.319,0.686,12.00399999999999,56.49000000000001,56.49,-44.037000000000006,-32.033000000000015,23,2.417,2
49468,1,0.757,1.201,-77.441,13.203000000000003,13.203,64.72899999999998,-12.711999999999989,23,2.417,3
49445,1,0.604,1.024,-76.418,11.34299999999999,11.343,64.07400000000001,-12.343999999999994,23,2.417,4
49937,1,1.042,0.587,27.998999999999995,84.36099999999999,84.361,49.997000000000014,77.99599999999998,23,2.417,5
44857,1,1.625,1.302,-31.12299999999999,81.28800000000001,81.288,5.867999999999995,-25.254999999999995,23,2.417,6
24119,1,0.707,1.311,91.065,34.506,34.506,-80.21,10.855000000000018,23,2.417,7
48830,1,1.186,0.578,49.589,86.60000000000002,86.6,36.644000000000005,86.233,23,2.417,8
13021,1,1.155,1.09,20.191000000000003,13.955000000000013,13.955,-34.71600000000001,-14.525000000000006,23,2.417,9
45048,1,1.185,0.948,-34.16,83.28300000000002,83.283,-5.437000000000012,-39.59700000000001,23,2.417,10
48252,1,1.011,1.213,-50.50999999999999,23.21199999999999,23.212,40.666,-9.843999999999994,23,2.417,11
22898,1,1.415,1.383,13.796999999999997,86.22899999999998,86.229,-28.681999999999988,-14.884999999999991,23,2.417,12
31374,1,2.196,0.722,26.568000000000012,76.39600000000002,76.396,64.16899999999998,90.73699999999997,23,2.417,13
36311,1,0.913,0.893,7.974999999999994,83.11099999999999,83.111,-21.549000000000007,-13.574000000000012,23,2.417,14
18193,1,1.777,0.993,-16.90700000000001,44.518,44.518,1.247000000000014,-15.659999999999997,23,2.417,15
37445,1,1.56,1.174,-15.908999999999992,45.274,45.274,39.738,23.829000000000008,23,2.417,16
44176,1,1.288,1.115,-37.158000000000015,72.56299999999999,72.563,18.413999999999987,-18.744,23,2.417,17
44855,1,2.027,1.255,-27.599999999999994,76.053,76.053,6.432999999999993,-21.167,23,2.417,18
48883,1,1.032,0.704,47.787000000000006,61.953,61.953,10.834000000000003,58.62100000000001,23,2.417,19
36312,1,1.15,1.068,7.787000000000006,79.77499999999998,79.775,-24.52000000000001,-16.733000000000004,23,2.417,20
27886,1,0.767,0.998,58.077,10.649000000000001,10.649,-45.25,12.826999999999998,24,2.417,1
12144,1,1.14,0.824,-25.752999999999986,27.150000000000006,27.15,3.6299999999999955,-22.12299999999999,24,2.417,2
12120,1,1.134,0.925,-32.518,42.501000000000005,42.501,5.878999999999991,-26.63900000000001,24,2.417,3
31279,1,1.892,0.637,22.925999999999988,90.846,90.846,72.88299999999998,95.80899999999997,24,2.417,4
13068,1,1.234,1.034,12.507000000000005,18.894000000000005,18.894,-35.929,-23.421999999999997,24,2.417,5
44857,1,1.625,1.302,-31.12299999999999,81.28800000000001,81.288,5.867999999999995,-25.254999999999995,24,2.417,6
43348,1,1.022,1.226,10.796999999999997,56.762,56.762,-55.937,-45.139999999999986,24,2.417,7
12513,1,1.337,1.118,2.1200000000000045,39.84100000000001,39.841,-29.903999999999996,-27.783999999999992,24,2.417,8
48866,1,1.425,0.811,38.054,89.51300000000003,89.513,29.960000000000008,68.01400000000001,24,2.417,9
48883,1,1.032,0.704,47.787000000000006,61.953,61.953,10.834000000000003,58.62100000000001,24,2.417,10
24135,1,0.697,1.315,74.02199999999999,40.22300000000001,40.223,-65.454,8.568000000000012,24,2.417,11
44295,1,1.305,0.981,-31.704999999999984,73.25200000000001,73.252,17.379999999999995,-14.324999999999989,24,2.417,12
49445,1,0.604,1.024,-76.418,11.34299999999999,11.343,64.07400000000001,-12.343999999999994,24,2.417,13
36311,1,0.913,0.893,7.974999999999994,83.11099999999999,83.111,-21.549000000000007,-13.574000000000012,24,2.417,14
43031,1,1.258,0.934,-46.34100000000001,7.408999999999992,7.409,35.018,-11.323000000000008,24,2.417,15
39697,1,1.193,0.738,4.4950000000000045,76.14699999999999,76.147,-30.61699999999999,-26.122000000000014,24,2.417,16
48861,1,1.48,0.956,33.25200000000001,89.481,89.481,37.327,70.57900000000001,24,2.417,17
9876,1,1.397,0.693,51.59800000000001,17.420999999999992,17.421,-84.983,-33.38499999999999,24,2.417,18
44176,1,1.288,1.115,-37.158000000000015,72.56299999999999,72.563,18.413999999999987,-18.744,24,2.417,19
45048,1,1.185,0.948,-34.16,83.28300000000002,83.283,-5.437000000000012,-39.59700000000001,24,2.417,20
48779,1,1.05,0.741,41.054,65.64499999999998,65.645,28.63300000000001,69.68700000000001,25,2.417,1
39696,1,1.12,0.606,7.3729999999999905,74.99700000000001,74.997,-27.86099999999999,-20.488,25,2.417,2
36312,1,1.15,1.068,7.787000000000006,79.77499999999998,79.775,-24.52000000000001,-16.733000000000004,25,2.417,3
13021,1,1.155,1.09,20.191000000000003,13.955000000000013,13.955,-34.71600000000001,-14.525000000000006,25,2.417,4
37445,1,1.56,1.174,-15.908999999999992,45.274,45.274,39.738,23.829000000000008,25,2.417,5
45048,1,1.185,0.948,-34.16,83.28300000000002,83.283,-5.437000000000012,-39.59700000000001,25,2.417,6
18193,1,1.777,0.993,-16.90700000000001,44.518,44.518,1.247000000000014,-15.659999999999997,25,2.417,7
46488,1,1.151,0.692,20.406000000000006,65.50200000000001,65.502,-26.881,-6.474999999999994,25,2.417,8
12120,1,1.134,0.925,-32.518,42.501000000000005,42.501,5.878999999999991,-26.63900000000001,25,2.417,9
44855,1,2.027,1.255,-27.599999999999994,76.053,76.053,6.432999999999993,-21.167,25,2.417,10
1660,1,0.902,1.142,66.09,19.930000000000007,19.93,-67.36,-1.2699999999999818,25,2.417,11
36314,1,1.277,0.764,10.084000000000003,72.886,72.886,-30.538999999999987,-20.454999999999984,25,2.417,12
27886,1,0.767,0.998,58.077,10.649000000000001,10.649,-45.25,12.826999999999998,25,2.417,13
48861,1,1.48,0.956,33.25200000000001,89.481,89.481,37.327,70.57900000000001,25,2.417,14
45069,1,1.084,1.438,-28.075999999999993,84.87900000000002,84.879,0.9159999999999968,-27.159999999999997,25,2.417,15
24126,1,0.855,1.437,81.81700000000001,36.28899999999999,36.289,-66.567,15.25,25,2.417,16
2207,1,1.205,0.826,17.377999999999986,102.77800000000002,102.778,59.946,77.32400000000001,25,2.417,17
47876,1,0.87,1.049,-45.822,1.5010000000000048,1.501,42.876000000000005,-2.945999999999998,25,2.417,18
44285,1,1.597,0.926,-37.095,68.89699999999999,68.897,26.09700000000001,-10.99799999999999,25,2.417,19
49507,1,0.728,0.924,-72.986,18.08699999999999,18.087,60.577,-12.408999999999992,25,2.417,20
47877,1,0.947,1.006,-22.24199999999999,4.753999999999991,4.754,21.647999999999996,-0.5939999999999941,26,2.418,1
12120,1,1.134,0.925,-32.518,42.501000000000005,42.501,5.878999999999991,-26.63900000000001,26,2.418,2
36311,1,0.913,0.893,7.974999999999994,83.11099999999999,83.111,-21.549000000000007,-13.574000000000012,26,2.418,3
46488,1,1.151,0.692,20.406000000000006,65.50200000000001,65.502,-26.881,-6.474999999999994,26,2.418,4
31671,1,2.325,0.823,23.98599999999999,67.821,67.821,18.66300000000001,42.649,26,2.418,5
44856,1,1.835,1.512,-28.860000000000014,76.209,76.209,6.074999999999989,-22.784999999999997,26,2.418,6
37448,1,1.049,1.417,-5.8659999999999854,43.68600000000001,43.686,36.06999999999999,30.204000000000008,26,2.418,7
44176,1,1.288,1.115,-37.158000000000015,72.56299999999999,72.563,18.413999999999987,-18.744,26,2.418,8
43376,1,1.248,1.376,-15.156000000000006,51.94200000000001,51.942,-36.587999999999994,-51.744,26,2.418,9
45048,1,1.185,0.948,-34.16,83.28300000000002,83.283,-5.437000000000012,-39.59700000000001,26,2.418,10
44322,1,1.576,1.376,-35.434,89.52600000000001,89.526,24.093999999999994,-11.340000000000003,26,2.418,11
24137,1,0.666,1.194,86.71800000000002,38.50999999999999,38.51,-78.558,8.159999999999997,26,2.418,12
48221,1,0.821,1.367,34.587999999999994,-2.774000000000001,2.774,-43.995000000000005,-9.406999999999982,26,2.418,13
13068,1,1.234,1.034,12.507000000000005,18.894000000000005,18.894,-35.929,-23.421999999999997,26,2.418,14
49445,1,0.604,1.024,-76.418,11.34299999999999,11.343,64.07400000000001,-12.343999999999994,26,2.418,15
14462,1,1.195,1.28,31.620000000000005,70.12099999999998,70.121,-25.162000000000006,6.457999999999998,26,2.418,16
48272,1,1.097,1.299,20.312000000000012,9.336000000000013,9.336,-37.048,-16.73599999999999,26,2.418,17
48864,1,1.354,0.762,36.236999999999995,84.58299999999997,84.583,33.202,69.439,26,2.418,18
48861,1,1.48,0.956,33.25200000000001,89.481,89.481,37.327,70.57900000000001,26,2.418,19
36314,1,1.277,0.764,10.084000000000003,72.886,72.886,-30.538999999999987,-20.454999999999984,26,2.418,20
27886,1,0.767,0.998,58.077,10.649000000000001,10.649,-45.25,12.826999999999998,27,2.419,1
44857,1,1.625,1.302,-31.12299999999999,81.28800000000001,81.288,5.867999999999995,-25.254999999999995,27,2.419,2
13132,1,1.409,0.869,-2.247000000000014,21.77799999999999,21.778,-17.06899999999999,-19.316000000000003,27,2.419,3
31912,1,1.776,0.65,21.736999999999995,74.826,74.826,-8.105999999999995,13.631,27,2.419,4
47412,1,1.176,1.209,-60.36,13.461999999999989,13.462,60.411,0.05099999999998772,27,2.419,5
22897,1,1.367,1.428,10.830000000000013,78.52100000000002,78.521,-28.917,-18.08699999999999,27,2.419,6
48780,1,1.443,0.973,44.38300000000001,68.84800000000001,68.848,22.884000000000015,67.267,27,2.419,7
24254,1,0.727,1.176,-72.655,-38.702,38.702,95.75200000000001,23.09700000000001,27,2.419,8
36314,1,1.277,0.764,10.084000000000003,72.886,72.886,-30.538999999999987,-20.454999999999984,27,2.419,9
45048,1,1.185,0.948,-34.16,83.28300000000002,83.283,-5.437000000000012,-39.59700000000001,27,2.419,10
31372,1,1.784,1.118,20.53,80.86500000000001,80.865,54.52799999999999,75.05799999999999,27,2.419,11
12051,1,1.18,1.53,25.260999999999996,33.357,33.357,-43.88900000000001,-18.628000000000014,27,2.419,12
44856,1,1.835,1.512,-28.860000000000014,76.209,76.209,6.074999999999989,-22.784999999999997,27,2.419,13
49381,1,0.776,1.028,-82.831,13.372000000000014,13.372,67.06299999999999,-15.768,27,2.419,14
48876,1,1.327,0.792,48.32599999999999,64.76499999999999,64.765,13.740999999999985,62.06700000000001,27,2.419,15
36311,1,0.913,0.893,7.974999999999994,83.11099999999999,83.111,-21.549000000000007,-13.574000000000012,27,2.419,16
47244,1,0.875,1.033,-42.454999999999984,21.88499999999999,21.885,46.16899999999998,3.7139999999999986,27,2.419,17
49937,1,1.042,0.587,27.998999999999995,84.36099999999999,84.361,49.997000000000014,77.99599999999998,27,2.419,18
44176,1,1.288,1.115,-37.158000000000015,72.56299999999999,72.563,18.413999999999987,-18.744,27,2.419,19
49445,1,0.604,1.024,-76.418,11.34299999999999,11.343,64.07400000000001,-12.343999999999994,27,2.419,20
40629,1,0.929,0.981,-21.581999999999994,12.051999999999992,12.052,46.50999999999999,24.927999999999997,28,2.42,1
31412,1,1.281,0.888,50.953,39.304,39.304,-65.861,-14.907999999999987,28,2.42,2
27886,1,0.767,0.998,58.077,10.649000000000001,10.649,-45.25,12.826999999999998,28,2.42,3
36312,1,1.15,1.068,7.787000000000006,79.77499999999998,79.775,-24.52000000000001,-16.733000000000004,28,2.42,4
49468,1,0.757,1.201,-77.441,13.203000000000003,13.203,64.72899999999998,-12.711999999999989,28,2.42,5
44857,1,1.625,1.302,-31.12299999999999,81.28800000000001,81.288,5.867999999999995,-25.254999999999995,28,2.42,6
44285,1,1.597,0.926,-37.095,68.89699999999999,68.897,26.09700000000001,-10.99799999999999,28,2.42,7
13021,1,1.155,1.09,20.191000000000003,13.955000000000013,13.955,-34.71600000000001,-14.525000000000006,28,2.42,8
48834,1,1.451,1.303,43.733000000000004,85.69999999999999,85.7,40.60900000000001,84.34199999999998,28,2.42,9
46812,1,1.208,0.783,23.762,61.173,61.173,-40.56900000000002,-16.807000000000016,28,2.42,10
45048,1,1.185,0.948,-34.16,83.28300000000002,83.283,-5.437000000000012,-39.59700000000001,28,2.42,11
44855,1,2.027,1.255,-27.599999999999994,76.053,76.053,6.432999999999993,-21.167,28,2.42,12
48784,1,0.976,0.845,36.74799999999999,66.989,66.989,24.524,61.27199999999999,28,2.42,13
47876,1,0.87,1.049,-45.822,1.5010000000000048,1.501,42.876000000000005,-2.945999999999998,28,2.42,14
49441,1,0.865,1.312,-67.409,9.100999999999999,9.101,56.821,-10.588000000000022,28,2.42,15
24120,1,0.572,1.238,88.45299999999997,37.043000000000006,37.043,-73.608,14.844999999999999,28,2.42,16
48861,1,1.48,0.956,33.25200000000001,89.481,89.481,37.327,70.57900000000001,28,2.42,17
39732,1,1.009,0.979,1.9960000000000093,66.14600000000002,66.146,-20.501000000000005,-18.504999999999995,28,2.42,18
18191,1,1.472,0.832,-24.932999999999993,49.31200000000001,49.312,7.686000000000007,-17.247000000000014,28,2.42,19
36311,1,0.913,0.893,7.974999999999994,83.11099999999999,83.111,-21.549000000000007,-13.574000000000012,28,2.42,20
31279,1,1.892,0.637,22.925999999999988,90.846,90.846,72.88299999999998,95.80899999999997,29,2.42,1
44178,1,1.844,1.182,-43.59100000000001,71.95600000000002,71.956,26.490999999999985,-17.099999999999994,29,2.42,2
24254,1,0.727,1.176,-72.655,-38.702,38.702,95.75200000000001,23.09700000000001,29,2.42,3
36603,1,1.151,1.198,-23.85499999999999,16.795000000000016,16.795,45.841999999999985,21.986999999999995,29,2.42,4
39697,1,1.193,0.738,4.4950000000000045,76.14699999999999,76.147,-30.61699999999999,-26.122000000000014,29,2.42,5
48780,1,1.443,0.973,44.38300000000001,68.84800000000001,68.848,22.884000000000015,67.267,29,2.42,6
48861,1,1.48,0.956,33.25200000000001,89.481,89.481,37.327,70.57900000000001,29,2.42,7
44485,1,1.238,1.351,-19.155,64.655,64.655,-21.585000000000008,-40.74000000000001,29,2.42,8
37445,1,1.56,1.174,-15.908999999999992,45.274,45.274,39.738,23.829000000000008,29,2.42,9
18416,1,1.033,0.898,-11.948000000000008,36.643,36.643,-12.489000000000004,-24.437000000000012,29,2.42,10
31912,1,1.776,0.65,21.736999999999995,74.826,74.826,-8.105999999999995,13.631,29,2.42,11
47876,1,0.87,1.049,-45.822,1.5010000000000048,1.501,42.876000000000005,-2.945999999999998,29,2.42,12
48866,1,1.425,0.811,38.054,89.51300000000003,89.513,29.960000000000008,68.01400000000001,29,2.42,13
12513,1,1.337,1.118,2.1200000000000045,39.84100000000001,39.841,-29.903999999999996,-27.783999999999992,29,2.42,14
44857,1,1.625,1.302,-31.12299999999999,81.28800000000001,81.288,5.867999999999995,-25.254999999999995,29,2.42,15
49445,1,0.604,1.024,-76.418,11.34299999999999,11.343,64.07400000000001,-12.343999999999994,29,2.42,16
36312,1,1.15,1.068,7.787000000000006,79.77499999999998,79.775,-24.52000000000001,-16.733000000000004,29,2.42,17
49448,1,0.649,1.12,-79.412,9.203000000000003,9.203,69.96699999999998,-9.444999999999993,29,2.42,18
12120,1,1.134,0.925,-32.518,42.501000000000005,42.501,5.878999999999991,-26.63900000000001,29,2.42,19
45048,1,1.185,0.948,-34.16,83.28300000000002,83.283,-5.437000000000012,-39.59700000000001,29,2.42,20
49381,1,0.776,1.028,-82.831,13.372000000000014,13.372,67.06299999999999,-15.768,30,2.429,1
36312,1,1.15,1.068,7.787000000000006,79.77499999999998,79.775,-24.52000000000001,-16.733000000000004,30,2.429,2
47854,1,0.851,1.082,-6.628999999999991,7.8089999999999975,7.809,5.975999999999999,-0.6529999999999916,30,2.429,3
14462,1,1.195,1.28,31.620000000000005,70.12099999999998,70.121,-25.162000000000006,6.457999999999998,30,2.429,4
13143,1,1.458,1.036,17.74600000000001,18.244,18.244,-43.602000000000004,-25.855999999999995,30,2.429,5
31268,1,1.552,1.047,18.489000000000004,96.02499999999998,96.025,64.144,82.63300000000004,30,2.429,6
48861,1,1.48,0.956,33.25200000000001,89.481,89.481,37.327,70.57900000000001,30,2.429,7
27886,1,0.767,0.998,58.077,10.649000000000001,10.649,-45.25,12.826999999999998,30,2.429,8
31912,1,1.776,0.65,21.736999999999995,74.826,74.826,-8.105999999999995,13.631,30,2.429,9
37445,1,1.56,1.174,-15.908999999999992,45.274,45.274,39.738,23.829000000000008,30,2.429,10
36311,1,0.913,0.893,7.974999999999994,83.11099999999999,83.111,-21.549000000000007,-13.574000000000012,30,2.429,11
24126,1,0.855,1.437,81.81700000000001,36.28899999999999,36.289,-66.567,15.25,30,2.429,12
44308,1,1.905,1.276,-37.490999999999985,82.12200000000001,82.122,30.120000000000005,-7.371000000000009,30,2.429,13
18196,1,1.115,1.035,-4.5020000000000095,43.68299999999999,43.683,-5.4909999999999854,-9.992999999999995,30,2.429,14
39698,1,1.081,0.936,4.586000000000013,74.62200000000001,74.622,-33.078,-28.49200000000002,30,2.429,15
12120,1,1.134,0.925,-32.518,42.501000000000005,42.501,5.878999999999991,-26.63900000000001,30,2.429,16
12147,1,1.538,0.89,-10.968999999999994,25.673000000000002,25.673,-8.134999999999991,-19.103999999999985,30,2.429,17
48866,1,1.425,0.811,38.054,89.51300000000003,89.513,29.960000000000008,68.01400000000001,30,2.429,18
44857,1,1.625,1.302,-31.12299999999999,81.28800000000001,81.288,5.867999999999995,-25.254999999999995,30,2.429,19
45048,1,1.185,0.948,-34.16,83.28300000000002,83.283,-5.437000000000012,-39.59700000000001,30,2.429,20
44855,1,2.027,1.255,-27.599999999999994,76.053,76.053,6.432999999999993,-21.167,31,2.43,1
44176,1,1.288,1.115,-37.158000000000015,72.56299999999999,72.563,18.413999999999987,-18.744,31,2.43,2
24137,1,0.666,1.194,86.71800000000002,38.50999999999999,38.51,-78.558,8.159999999999997,31,2.43,3
48779,1,1.05,0.741,41.054,65.64499999999998,65.645,28.63300000000001,69.68700000000001,31,2.43,4
31374,1,2.196,0.722,26.568000000000012,76.39600000000002,76.396,64.16899999999998,90.73699999999997,31,2.43,5
48861,1,1.48,0.956,33.25200000000001,89.481,89.481,37.327,70.57900000000001,31,2.43,6
45086,1,1.057,0.982,-13.043000000000006,80.87799999999999,80.878,-19.578000000000003,-32.62099999999998,31,2.43,7
13142,1,1.352,0.952,17.740999999999985,18.335000000000008,18.335,-39.471000000000004,-21.72999999999999,31,2.43,8
49445,1,0.604,1.024,-76.418,11.34299999999999,11.343,64.07400000000001,-12.343999999999994,31,2.43,9
36311,1,0.913,0.893,7.974999999999994,83.11099999999999,83.111,-21.549000000000007,-13.574000000000012,31,2.43,10
39697,1,1.193,0.738,4.4950000000000045,76.14699999999999,76.147,-30.61699999999999,-26.122000000000014,31,2.43,11
12513,1,1.337,1.118,2.1200000000000045,39.84100000000001,39.841,-29.903999999999996,-27.783999999999992,31,2.43,12
41735,1,0.77,1.116,-25.504999999999995,16.712999999999994,16.713,8.569999999999993,-16.935000000000002,31,2.43,13
43373,1,1.035,1.129,-8.397999999999996,58.139999999999986,58.14,-37.889999999999986,-46.28800000000001,31,2.43,14
47856,1,1.05,1.086,-4.304000000000002,-2.960000000000008,2.96,3.443000000000012,-0.86099999999999,31,2.43,15
44322,1,1.576,1.376,-35.434,89.52600000000001,89.526,24.093999999999994,-11.340000000000003,31,2.43,16
48876,1,1.327,0.792,48.32599999999999,64.76499999999999,64.765,13.740999999999985,62.06700000000001,31,2.43,17
45048,1,1.185,0.948,-34.16,83.28300000000002,83.283,-5.437000000000012,-39.59700000000001,31,2.43,18
46330,1,1.797,0.955,8.792000000000002,50.28199999999998,50.282,-6.689999999999998,2.102000000000004,31,2.43,19
27886,1,0.767,0.998,58.077,10.649000000000001,10.649,-45.25,12.826999999999998,31,2.43,20
35076,1,1.332,0.957,-83.107,2.147999999999996,2.148,88.14499999999998,5.038000000000011,32,2.431,1
48834,1,1.451,1.303,43.733000000000004,85.69999999999999,85.7,40.60900000000001,84.34199999999998,32,2.431,2
45048,1,1.185,0.948,-34.16,83.28300000000002,83.283,-5.437000000000012,-39.59700000000001,32,2.431,3
24120,1,0.572,1.238,88.45299999999997,37.043000000000006,37.043,-73.608,14.844999999999999,32,2.431,4
2408,1,1.311,1.429,-20.986999999999995,73.38400000000001,73.384,-4.944999999999993,-25.931999999999988,32,2.431,5
27886,1,0.767,0.998,58.077,10.649000000000001,10.649,-45.25,12.826999999999998,32,2.431,6
48861,1,1.48,0.956,33.25200000000001,89.481,89.481,37.327,70.57900000000001,32,2.431,7
31374,1,2.196,0.722,26.568000000000012,76.39600000000002,76.396,64.16899999999998,90.73699999999997,32,2.431,8
49574,1,0.789,1.029,-52.956999999999994,14.455000000000013,14.455,45.748999999999995,-7.207999999999998,32,2.431,9
39697,1,1.193,0.738,4.4950000000000045,76.14699999999999,76.147,-30.61699999999999,-26.122000000000014,32,2.431,10
46812,1,1.208,0.783,23.762,61.173,61.173,-40.56900000000002,-16.807000000000016,32,2.431,11
44855,1,2.027,1.255,-27.599999999999994,76.053,76.053,6.432999999999993,-21.167,32,2.431,12
47875,1,0.843,1.072,-28.46799999999999,1.7319999999999993,1.732,29.120000000000005,0.6519999999999868,32,2.431,13
13142,1,1.352,0.952,17.740999999999985,18.335000000000008,18.335,-39.471000000000004,-21.72999999999999,32,2.431,14
12513,1,1.337,1.118,2.1200000000000045,39.84100000000001,39.841,-29.903999999999996,-27.783999999999992,32,2.431,15
44303,1,1.942,1.1,-38.393,79.62400000000002,79.624,28.054000000000002,-10.338999999999999,32,2.431,16
36312,1,1.15,1.068,7.787000000000006,79.77499999999998,79.775,-24.52000000000001,-16.733000000000004,32,2.431,17
36314,1,1.277,0.764,10.084000000000003,72.886,72.886,-30.538999999999987,-20.454999999999984,32,2.431,18
49542,1,0.892,1.091,70.98599999999999,-11.634999999999991,11.635,-79.577,-8.591000000000008,32,2.431,19
48876,1,1.327,0.792,48.32599999999999,64.76499999999999,64.765,13.740999999999985,62.06700000000001,32,2.431,20
47856,1,1.05,1.086,-4.304000000000002,-2.960000000000008,2.96,3.443000000000012,-0.86099999999999,33,2.435,1
47412,1,1.176,1.209,-60.36,13.461999999999989,13.462,60.411,0.05099999999998772,33,2.435,2
43395,1,1.654,1.232,-3.0900000000000034,58.269000000000005,58.269,-39.821,-42.911,33,2.435,3
48834,1,1.451,1.303,43.733000000000004,85.69999999999999,85.7,40.60900000000001,84.34199999999998,33,2.435,4
46061,1,0.771,0.967,12.283999999999992,83.23000000000002,83.23,-22.671999999999997,-10.388000000000005,33,2.435,5
12144,1,1.14,0.824,-25.752999999999986,27.150000000000006,27.15,3.6299999999999955,-22.12299999999999,33,2.435,6
48830,1,1.186,0.578,49.589,86.60000000000002,86.6,36.644000000000005,86.233,33,2.435,7
12515,1,1.335,1.194,10.37299999999999,31.75200000000001,31.752,-36.14099999999999,-25.768,33,2.435,8
44855,1,2.027,1.255,-27.599999999999994,76.053,76.053,6.432999999999993,-21.167,33,2.435,9
49445,1,0.604,1.024,-76.418,11.34299999999999,11.343,64.07400000000001,-12.343999999999994,33,2.435,10
45048,1,1.185,0.948,-34.16,83.28300000000002,83.283,-5.437000000000012,-39.59700000000001,33,2.435,11
31829,1,3.046,1.222,36.07900000000001,69.405,69.405,19.51400000000001,55.59300000000002,33,2.435,12
44857,1,1.625,1.302,-31.12299999999999,81.28800000000001,81.288,5.867999999999995,-25.254999999999995,33,2.435,13
36314,1,1.277,0.764,10.084000000000003,72.886,72.886,-30.538999999999987,-20.454999999999984,33,2.435,14
49381,1,0.776,1.028,-82.831,13.372000000000014,13.372,67.06299999999999,-15.768,33,2.435,15
24471,1,0.807,1.268,95.94900000000001,38.24600000000001,38.246,-82.64,13.308999999999997,33,2.435,16
44322,1,1.576,1.376,-35.434,89.52600000000001,89.526,24.093999999999994,-11.340000000000003,33,2.435,17
36311,1,0.913,0.893,7.974999999999994,83.11099999999999,83.111,-21.549000000000007,-13.574000000000012,33,2.435,18
39697,1,1.193,0.738,4.4950000000000045,76.14699999999999,76.147,-30.61699999999999,-26.122000000000014,33,2.435,19
37445,1,1.56,1.174,-15.908999999999992,45.274,45.274,39.738,23.829000000000008,33,2.435,20
13143,1,1.458,1.036,17.74600000000001,18.244,18.244,-43.602000000000004,-25.855999999999995,34,2.438,1
12513,1,1.337,1.118,2.1200000000000045,39.84100000000001,39.841,-29.903999999999996,-27.783999999999992,34,2.438,2
39697,1,1.193,0.738,4.4950000000000045,76.14699999999999,76.147,-30.61699999999999,-26.122000000000014,34,2.438,3
44320,1,1.456,0.594,-40.40299999999999,91.25400000000002,91.254,27.48599999999999,-12.917000000000002,34,2.438,4
26951,1,2.594,0.676,69.958,59.63300000000001,59.633,36.43899999999999,106.39699999999999,34,2.438,5
46812,1,1.208,0.783,23.762,61.173,61.173,-40.56900000000002,-16.807000000000016,34,2.438,6
45048,1,1.185,0.948,-34.16,83.28300000000002,83.283,-5.437000000000012,-39.59700000000001,34,2.438,7
24137,1,0.666,1.194,86.71800000000002,38.50999999999999,38.51,-78.558,8.159999999999997,34,2.438,8
48869,1,1.073,0.581,39.30199999999999,83.257,83.257,27.84299999999999,67.14499999999998,34,2.438,9
12120,1,1.134,0.925,-32.518,42.501000000000005,42.501,5.878999999999991,-26.63900000000001,34,2.438,10
44855,1,2.027,1.255,-27.599999999999994,76.053,76.053,6.432999999999993,-21.167,34,2.438,11
49445,1,0.604,1.024,-76.418,11.34299999999999,11.343,64.07400000000001,-12.343999999999994,34,2.438,12
44176,1,1.288,1.115,-37.158000000000015,72.56299999999999,72.563,18.413999999999987,-18.744,34,2.438,13
12144,1,1.14,0.824,-25.752999999999986,27.150000000000006,27.15,3.6299999999999955,-22.12299999999999,34,2.438,14
36311,1,0.913,0.893,7.974999999999994,83.11099999999999,83.111,-21.549000000000007,-13.574000000000012,34,2.438,15
48861,1,1.48,0.956,33.25200000000001,89.481,89.481,37.327,70.57900000000001,34,2.438,16
36312,1,1.15,1.068,7.787000000000006,79.77499999999998,79.775,-24.52000000000001,-16.733000000000004,34,2.438,17
48224,1,0.747,1.676,-17.04400000000001,6.423000000000002,6.423,6.477000000000004,-10.567000000000007,34,2.438,18
40389,1,1.195,0.77,-26.596000000000004,21.796999999999997,21.797,30.865999999999985,4.27000000000001,34,2.438,19
47858,1,0.855,1.101,46.53899999999999,-7.935000000000002,7.935,-49.10300000000001,-2.563999999999993,34,2.438,20
12148,1,1.79,0.875,-9.318000000000012,24.851,24.851,-10.394000000000005,-19.71199999999999,35,2.439,1
48861,1,1.48,0.956,33.25200000000001,89.481,89.481,37.327,70.57900000000001,35,2.439,2
27886,1,0.767,0.998,58.077,10.649000000000001,10.649,-45.25,12.826999999999998,35,2.439,3
46510,1,1.45,0.848,23.200999999999993,67.65,67.65,-30.917,-7.716000000000008,35,2.439,4
44857,1,1.625,1.302,-31.12299999999999,81.28800000000001,81.288,5.867999999999995,-25.254999999999995,35,2.439,5
39732,1,1.009,0.979,1.9960000000000093,66.14600000000002,66.146,-20.501000000000005,-18.504999999999995,35,2.439,6
44856,1,1.835,1.512,-28.860000000000014,76.209,76.209,6.074999999999989,-22.784999999999997,35,2.439,7
18193,1,1.777,0.993,-16.90700000000001,44.518,44.518,1.247000000000014,-15.659999999999997,35,2.439,8
48834,1,1.451,1.303,43.733000000000004,85.69999999999999,85.7,40.60900000000001,84.34199999999998,35,2.439,9
37443,1,1.463,1.257,-17.634000000000015,37.84100000000001,37.841,43.704999999999984,26.070999999999998,35,2.439,10
49472,1,0.646,1.122,-64.044,18.494,18.494,59.334,-4.7099999999999795,35,2.439,11
45048,1,1.185,0.948,-34.16,83.28300000000002,83.283,-5.437000000000012,-39.59700000000001,35,2.439,12
13021,1,1.155,1.09,20.191000000000003,13.955000000000013,13.955,-34.71600000000001,-14.525000000000006,35,2.439,13
44176,1,1.288,1.115,-37.158000000000015,72.56299999999999,72.563,18.413999999999987,-18.744,35,2.439,14
48221,1,0.821,1.367,34.587999999999994,-2.774000000000001,2.774,-43.995000000000005,-9.406999999999982,35,2.439,15
36312,1,1.15,1.068,7.787000000000006,79.77499999999998,79.775,-24.52000000000001,-16.733000000000004,35,2.439,16
48830,1,1.186,0.578,49.589,86.60000000000002,86.6,36.644000000000005,86.233,35,2.439,17
24254,1,0.727,1.176,-72.655,-38.702,38.702,95.75200000000001,23.09700000000001,35,2.439,18
22898,1,1.415,1.383,13.796999999999997,86.22899999999998,86.229,-28.681999999999988,-14.884999999999991,35,2.439,19
18589,1,1.38,1.127,-8.203000000000003,34.06399999999999,34.064,1.7589999999999861,-6.443999999999988,35,2.439,20
47412,1,1.176,1.209,-60.36,13.461999999999989,13.462,60.411,0.05099999999998772,36,2.439,1
12709,1,1.35,0.839,34.309,75.23500000000001,75.235,7.951999999999998,42.260999999999996,36,2.439,2
36311,1,0.913,0.893,7.974999999999994,83.11099999999999,83.111,-21.549000000000007,-13.574000000000012,36,2.439,3
41777,1,0.818,0.768,-2.1910000000000025,4.9269999999999925,4.927,-10.855999999999995,-13.046999999999997,36,2.439,4
24126,1,0.855,1.437,81.81700000000001,36.28899999999999,36.289,-66.567,15.25,36,2.439,5
2129,1,1.042,0.982,27.084000000000003,98.65300000000002,98.653,57.964,85.048,36,2.439,6
27886,1,0.767,0.998,58.077,10.649000000000001,10.649,-45.25,12.826999999999998,36,2.439,7
48861,1,1.48,0.956,33.25200000000001,89.481,89.481,37.327,70.57900000000001,36,2.439,8
36314,1,1.277,0.764,10.084000000000003,72.886,72.886,-30.538999999999987,-20.454999999999984,36,2.439,9
49449,1,0.707,1.259,-78.706,9.679000000000002,9.679,71.924,-6.781999999999982,36,2.439,10
48883,1,1.032,0.704,47.787000000000006,61.953,61.953,10.834000000000003,58.62100000000001,36,2.439,11
22890,1,1.342,0.966,16.167,75.703,75.703,-20.76599999999999,-4.5989999999999895,36,2.439,12
44315,1,1.439,0.787,-39.56,67.74700000000001,67.747,23.039999999999992,-16.52000000000001,36,2.439,13
13068,1,1.234,1.034,12.507000000000005,18.894000000000005,18.894,-35.929,-23.421999999999997,36,2.439,14
19705,1,1.665,1.191,56.97,48.745000000000005,48.745,-25.388000000000005,31.581999999999994,36,2.439,15
44855,1,2.027,1.255,-27.599999999999994,76.053,76.053,6.432999999999993,-21.167,36,2.439,16
18196,1,1.115,1.035,-4.5020000000000095,43.68299999999999,43.683,-5.4909999999999854,-9.992999999999995,36,2.439,17
2408,1,1.311,1.429,-20.986999999999995,73.38400000000001,73.384,-4.944999999999993,-25.931999999999988,36,2.439,18
44172,1,1.71,1.306,-37.68700000000001,72.27600000000001,72.276,15.245000000000005,-22.442000000000007,36,2.439,19
48251,1,0.84,1.164,-50.524,20.79400000000001,20.794,39.881,-10.643,36,2.439,20
49441,1,0.865,1.312,-67.409,9.100999999999999,9.101,56.821,-10.588000000000022,37,2.445,1
48883,1,1.032,0.704,47.787000000000006,61.953,61.953,10.834000000000003,58.62100000000001,37,2.445,2
29277,1,1.518,1.142,30.19999999999999,-8.723000000000013,8.723,-15.408999999999992,14.790999999999997,37,2.445,3
12515,1,1.335,1.194,10.37299999999999,31.75200000000001,31.752,-36.14099999999999,-25.768,37,2.445,4
13132,1,1.409,0.869,-2.247000000000014,21.77799999999999,21.778,-17.06899999999999,-19.316000000000003,37,2.445,5
45048,1,1.185,0.948,-34.16,83.28300000000002,83.283,-5.437000000000012,-39.59700000000001,37,2.445,6
13021,1,1.155,1.09,20.191000000000003,13.955000000000013,13.955,-34.71600000000001,-14.525000000000006,37,2.445,7
18193,1,1.777,0.993,-16.90700000000001,44.518,44.518,1.247000000000014,-15.659999999999997,37,2.445,8
36311,1,0.913,0.893,7.974999999999994,83.11099999999999,83.111,-21.549000000000007,-13.574000000000012,37,2.445,9
48866,1,1.425,0.811,38.054,89.51300000000003,89.513,29.960000000000008,68.01400000000001,37,2.445,10
43382,1,1.339,1.174,-5.171999999999997,62.797,62.797,-39.87299999999999,-45.045000000000016,37,2.445,11
48830,1,1.186,0.578,49.589,86.60000000000002,86.6,36.644000000000005,86.233,37,2.445,12
39697,1,1.193,0.738,4.4950000000000045,76.14699999999999,76.147,-30.61699999999999,-26.122000000000014,37,2.445,13
44856,1,1.835,1.512,-28.860000000000014,76.209,76.209,6.074999999999989,-22.784999999999997,37,2.445,14
44176,1,1.288,1.115,-37.158000000000015,72.56299999999999,72.563,18.413999999999987,-18.744,37,2.445,15
47854,1,0.851,1.082,-6.628999999999991,7.8089999999999975,7.809,5.975999999999999,-0.6529999999999916,37,2.445,16
44285,1,1.597,0.926,-37.095,68.89699999999999,68.897,26.09700000000001,-10.99799999999999,37,2.445,17
15693,1,0.679,0.872,22.504999999999995,20.346000000000004,20.346,-50.393,-27.888000000000005,37,2.445,18
39735,1,1.112,1.01,8.764999999999986,67.76499999999999,67.765,-24.738,-15.973000000000013,37,2.445,19
12585,1,1.141,0.814,28.251000000000005,95.90199999999999,95.902,44.610000000000014,72.86099999999999,37,2.445,20
13021,1,1.155,1.09,20.191000000000003,13.955000000000013,13.955,-34.71600000000001,-14.525000000000006,38,2.445,1
46812,1,1.208,0.783,23.762,61.173,61.173,-40.56900000000002,-16.807000000000016,38,2.445,2
43040,1,1.396,1.1,-70.389,14.75,14.75,62.416,-7.973000000000013,38,2.445,3
11544,1,1.427,0.822,13.498999999999995,46.821,46.821,-36.696,-23.197000000000003,38,2.445,4
39697,1,1.193,0.738,4.4950000000000045,76.14699999999999,76.147,-30.61699999999999,-26.122000000000014,38,2.445,5
49574,1,0.789,1.029,-52.956999999999994,14.455000000000013,14.455,45.748999999999995,-7.207999999999998,38,2.445,6
47965,1,2.05,1.081,7.290999999999997,41.85499999999999,41.855,0.14599999999998658,7.437000000000012,38,2.445,7
24135,1,0.697,1.315,74.02199999999999,40.22300000000001,40.223,-65.454,8.568000000000012,38,2.445,8
12585,1,1.141,0.814,28.251000000000005,95.90199999999999,95.902,44.610000000000014,72.86099999999999,38,2.445,9
44322,1,1.576,1.376,-35.434,89.52600000000001,89.526,24.093999999999994,-11.340000000000003,38,2.445,10
44855,1,2.027,1.255,-27.599999999999994,76.053,76.053,6.432999999999993,-21.167,38,2.445,11
36311,1,0.913,0.893,7.974999999999994,83.11099999999999,83.111,-21.549000000000007,-13.574000000000012,38,2.445,12
47856,1,1.05,1.086,-4.304000000000002,-2.960000000000008,2.96,3.443000000000012,-0.86099999999999,38,2.445,13
48876,1,1.327,0.792,48.32599999999999,64.76499999999999,64.765,13.740999999999985,62.06700000000001,38,2.445,14
45048,1,1.185,0.948,-34.16,83.28300000000002,83.283,-5.437000000000012,-39.59700000000001,38,2.445,15
32642,1,1.064,1.004,7.038000000000011,15.771999999999991,15.772,1.2439999999999998,8.28200000000001,38,2.445,16
48861,1,1.48,0.956,33.25200000000001,89.481,89.481,37.327,70.57900000000001,38,2.445,17
31824,1,2.525,1.172,21.69399999999999,79.137,79.137,22.89699999999999,44.59100000000001,38,2.445,18
49441,1,0.865,1.312,-67.409,9.100999999999999,9.101,56.821,-10.588000000000022,38,2.445,19
44285,1,1.597,0.926,-37.095,68.89699999999999,68.897,26.09700000000001,-10.99799999999999,38,2.445,20
48830,1,1.186,0.578,49.589,86.60000000000002,86.6,36.644000000000005,86.233,39,2.446,1
49574,1,0.789,1.029,-52.956999999999994,14.455000000000013,14.455,45.748999999999995,-7.207999999999998,39,2.446,2
46404,1,1.723,0.863,3.1140000000000043,58.638000000000005,58.638,-13.675000000000011,-10.561000000000007,39,2.446,3
43040,1,1.396,1.1,-70.389,14.75,14.75,62.416,-7.973000000000013,39,2.446,4
18193,1,1.777,0.993,-16.90700000000001,44.518,44.518,1.247000000000014,-15.659999999999997,39,2.446,5
2687,1,1.147,0.921,39.72200000000001,102.73699999999997,102.737,76.17099999999999,115.89300000000003,39,2.446,6
48876,1,1.327,0.792,48.32599999999999,64.76499999999999,64.765,13.740999999999985,62.06700000000001,39,2.446,7
36314,1,1.277,0.764,10.084000000000003,72.886,72.886,-30.538999999999987,-20.454999999999984,39,2.446,8
22898,1,1.415,1.383,13.796999999999997,86.22899999999998,86.229,-28.681999999999988,-14.884999999999991,39,2.446,9
44285,1,1.597,0.926,-37.095,68.89699999999999,68.897,26.09700000000001,-10.99799999999999,39,2.446,10
36311,1,0.913,0.893,7.974999999999994,83.11099999999999,83.111,-21.549000000000007,-13.574000000000012,39,2.446,11
39697,1,1.193,0.738,4.4950000000000045,76.14699999999999,76.147,-30.61699999999999,-26.122000000000014,39,2.446,12
44855,1,2.027,1.255,-27.599999999999994,76.053,76.053,6.432999999999993,-21.167,39,2.446,13
12147,1,1.538,0.89,-10.968999999999994,25.673000000000002,25.673,-8.134999999999991,-19.103999999999985,39,2.446,14
2408,1,1.311,1.429,-20.986999999999995,73.38400000000001,73.384,-4.944999999999993,-25.931999999999988,39,2.446,15
49381,1,0.776,1.028,-82.831,13.372000000000014,13.372,67.06299999999999,-15.768,39,2.446,16
1669,1,0.958,0.755,60.84300000000002,21.102000000000004,21.102,-64.181,-3.337999999999994,39,2.446,17
44178,1,1.844,1.182,-43.59100000000001,71.95600000000002,71.956,26.490999999999985,-17.099999999999994,39,2.446,18
47855,1,0.986,1.151,-59.827,0.5980000000000132,0.598,58.98400000000001,-0.8429999999999893,39,2.446,19
27886,1,0.767,0.998,58.077,10.649000000000001,10.649,-45.25,12.826999999999998,39,2.446,20
49379,1,0.786,0.998,-94.476,13.266999999999996,13.267,79.19299999999998,-15.282999999999987,40,2.446,1
40039,1,1.091,0.909,19.06899999999999,62.309,62.309,-25.84299999999999,-6.774000000000001,40,2.446,2
44856,1,1.835,1.512,-28.860000000000014,76.209,76.209,6.074999999999989,-22.784999999999997,40,2.446,3
44837,1,1.971,1.114,-27.146000000000015,53.607,53.607,-0.08199999999999363,-27.22800000000001,40,2.446,4
48861,1,1.48,0.956,33.25200000000001,89.481,89.481,37.327,70.57900000000001,40,2.446,5
46812,1,1.208,0.783,23.762,61.173,61.173,-40.56900000000002,-16.807000000000016,40,2.446,6
27886,1,0.767,0.998,58.077,10.649000000000001,10.649,-45.25,12.826999999999998,40,2.446,7
12515,1,1.335,1.194,10.37299999999999,31.75200000000001,31.752,-36.14099999999999,-25.768,40,2.446,8
45048,1,1.185,0.948,-34.16,83.28300000000002,83.283,-5.437000000000012,-39.59700000000001,40,2.446,9
47412,1,1.176,1.209,-60.36,13.461999999999989,13.462,60.411,0.05099999999998772,40,2.446,10
49449,1,0.707,1.259,-78.706,9.679000000000002,9.679,71.924,-6.781999999999982,40,2.446,11
43376,1,1.248,1.376,-15.156000000000006,51.94200000000001,51.942,-36.587999999999994,-51.744,40,2.446,12
44320,1,1.456,0.594,-40.40299999999999,91.25400000000002,91.254,27.48599999999999,-12.917000000000002,40,2.446,13
48780,1,1.443,0.973,44.38300000000001,68.84800000000001,68.848,22.884000000000015,67.267,40,2.446,14
44176,1,1.288,1.115,-37.158000000000015,72.56299999999999,72.563,18.413999999999987,-18.744,40,2.446,15
49574,1,0.789,1.029,-52.956999999999994,14.455000000000013,14.455,45.748999999999995,-7.207999999999998,40,2.446,16
48866,1,1.425,0.811,38.054,89.51300000000003,89.513,29.960000000000008,68.01400000000001,40,2.446,17
36313,1,1.058,0.744,9.074999999999989,82.96199999999999,82.962,-29.450999999999993,-20.376000000000005,40,2.446,18
47854,1,0.851,1.082,-6.628999999999991,7.8089999999999975,7.809,5.975999999999999,-0.6529999999999916,40,2.446,19
31912,1,1.776,0.65,21.736999999999995,74.826,74.826,-8.105999999999995,13.631,40,2.446,20
44176,1,1.288,1.115,-37.158000000000015,72.56299999999999,72.563,18.413999999999987,-18.744,41,2.448,1
12585,1,1.141,0.814,28.251000000000005,95.90199999999999,95.902,44.610000000000014,72.86099999999999,41,2.448,2
36603,1,1.151,1.198,-23.85499999999999,16.795000000000016,16.795,45.841999999999985,21.986999999999995,41,2.448,3
13021,1,1.155,1.09,20.191000000000003,13.955000000000013,13.955,-34.71600000000001,-14.525000000000006,41,2.448,4
48780,1,1.443,0.973,44.38300000000001,68.84800000000001,68.848,22.884000000000015,67.267,41,2.448,5
18193,1,1.777,0.993,-16.90700000000001,44.518,44.518,1.247000000000014,-15.659999999999997,41,2.448,6
45048,1,1.185,0.948,-34.16,83.28300000000002,83.283,-5.437000000000012,-39.59700000000001,41,2.448,7
49598,1,0.623,1.222,-70.685,18.122000000000014,18.122,62.998999999999995,-7.686000000000007,41,2.448,8
49445,1,0.604,1.024,-76.418,11.34299999999999,11.343,64.07400000000001,-12.343999999999994,41,2.448,9
44322,1,1.576,1.376,-35.434,89.52600000000001,89.526,24.093999999999994,-11.340000000000003,41,2.448,10
44855,1,2.027,1.255,-27.599999999999994,76.053,76.053,6.432999999999993,-21.167,41,2.448,11
36311,1,0.913,0.893,7.974999999999994,83.11099999999999,83.111,-21.549000000000007,-13.574000000000012,41,2.448,12
48861,1,1.48,0.956,33.25200000000001,89.481,89.481,37.327,70.57900000000001,41,2.448,13
17731,1,2.115,0.637,59.81200000000001,49.125,49.125,-31.992999999999995,27.81899999999999,41,2.448,14
35096,1,1.405,0.822,-68.0,-5.236999999999995,5.237,80.73599999999999,12.73599999999999,41,2.448,15
17394,1,1.049,0.825,9.068000000000012,53.82499999999999,53.825,-47.396000000000015,-38.328,41,2.448,16
31912,1,1.776,0.65,21.736999999999995,74.826,74.826,-8.105999999999995,13.631,41,2.448,17
24137,1,0.666,1.194,86.71800000000002,38.50999999999999,38.51,-78.558,8.159999999999997,41,2.448,18
22898,1,1.415,1.383,13.796999999999997,86.22899999999998,86.229,-28.681999999999988,-14.884999999999991,41,2.448,19
12120,1,1.134,0.925,-32.518,42.501000000000005,42.501,5.878999999999991,-26.63900000000001,41,2.448,20
18193,1,1.777,0.993,-16.90700000000001,44.518,44.518,1.247000000000014,-15.659999999999997,42,2.449,1
44322,1,1.576,1.376,-35.434,89.52600000000001,89.526,24.093999999999994,-11.340000000000003,42,2.449,2
47876,1,0.87,1.049,-45.822,1.5010000000000048,1.501,42.876000000000005,-2.945999999999998,42,2.449,3
44176,1,1.288,1.115,-37.158000000000015,72.56299999999999,72.563,18.413999999999987,-18.744,42,2.449,4
45048,1,1.185,0.948,-34.16,83.28300000000002,83.283,-5.437000000000012,-39.59700000000001,42,2.449,5
44855,1,2.027,1.255,-27.599999999999994,76.053,76.053,6.432999999999993,-21.167,42,2.449,6
27886,1,0.767,0.998,58.077,10.649000000000001,10.649,-45.25,12.826999999999998,42,2.449,7
36311,1,0.913,0.893,7.974999999999994,83.11099999999999,83.111,-21.549000000000007,-13.574000000000012,42,2.449,8
24120,1,0.572,1.238,88.45299999999997,37.043000000000006,37.043,-73.608,14.844999999999999,42,2.449,9
12111,1,1.357,0.753,-41.614000000000004,37.99199999999999,37.992,12.123999999999995,-29.49000000000001,42,2.449,10
36312,1,1.15,1.068,7.787000000000006,79.77499999999998,79.775,-24.52000000000001,-16.733000000000004,42,2.449,11
31374,1,2.196,0.722,26.568000000000012,76.39600000000002,76.396,64.16899999999998,90.73699999999997,42,2.449,12
35373,1,1.149,1.281,-8.725999999999999,18.568000000000012,18.568,15.25,6.524000000000001,42,2.449,13
39697,1,1.193,0.738,4.4950000000000045,76.14699999999999,76.147,-30.61699999999999,-26.122000000000014,42,2.449,14
11114,1,1.577,0.697,4.586000000000013,16.204999999999984,16.205,-28.281000000000006,-23.694999999999993,42,2.449,15
48861,1,1.48,0.956,33.25200000000001,89.481,89.481,37.327,70.57900000000001,42,2.449,16
49445,1,0.604,1.024,-76.418,11.34299999999999,11.343,64.07400000000001,-12.343999999999994,42,2.449,17
48779,1,1.05,0.741,41.054,65.64499999999998,65.645,28.63300000000001,69.68700000000001,42,2.449,18
46404,1,1.723,0.863,3.1140000000000043,58.638000000000005,58.638,-13.675000000000011,-10.561000000000007,42,2.449,19
12513,1,1.337,1.118,2.1200000000000045,39.84100000000001,39.841,-29.903999999999996,-27.783999999999992,42,2.449,20
40039,1,1.091,0.909,19.06899999999999,62.309,62.309,-25.84299999999999,-6.774000000000001,43,2.452,1
48834,1,1.451,1.303,43.733000000000004,85.69999999999999,85.7,40.60900000000001,84.34199999999998,43,2.452,2
17860,1,1.45,1.117,29.644000000000005,76.87700000000001,76.877,-49.62299999999999,-19.978999999999985,43,2.452,3
49449,1,0.707,1.259,-78.706,9.679000000000002,9.679,71.924,-6.781999999999982,43,2.452,4
24126,1,0.855,1.437,81.81700000000001,36.28899999999999,36.289,-66.567,15.25,43,2.452,5
43106,1,2.151,0.892,-52.64,48.59800000000001,48.598,33.74199999999999,-18.897999999999996,43,2.452,6
48861,1,1.48,0.956,33.25200000000001,89.481,89.481,37.327,70.57900000000001,43,2.452,7
27886,1,0.767,0.998,58.077,10.649000000000001,10.649,-45.25,12.826999999999998,43,2.452,8
43376,1,1.248,1.376,-15.156000000000006,51.94200000000001,51.942,-36.587999999999994,-51.744,43,2.452,9
47854,1,0.851,1.082,-6.628999999999991,7.8089999999999975,7.809,5.975999999999999,-0.6529999999999916,43,2.452,10
47412,1,1.176,1.209,-60.36,13.461999999999989,13.462,60.411,0.05099999999998772,43,2.452,11
44320,1,1.456,0.594,-40.40299999999999,91.25400000000002,91.254,27.48599999999999,-12.917000000000002,43,2.452,12
48883,1,1.032,0.704,47.787000000000006,61.953,61.953,10.834000000000003,58.62100000000001,43,2.452,13
44855,1,2.027,1.255,-27.599999999999994,76.053,76.053,6.432999999999993,-21.167,43,2.452,14
36312,1,1.15,1.068,7.787000000000006,79.77499999999998,79.775,-24.52000000000001,-16.733000000000004,43,2.452,15
2408,1,1.311,1.429,-20.986999999999995,73.38400000000001,73.384,-4.944999999999993,-25.931999999999988,43,2.452,16
47142,1,1.272,0.828,5.790999999999997,56.974999999999994,56.975,-28.610000000000014,-22.81899999999999,43,2.452,17
49507,1,0.728,0.924,-72.986,18.08699999999999,18.087,60.577,-12.408999999999992,43,2.452,18
13021,1,1.155,1.09,20.191000000000003,13.955000000000013,13.955,-34.71600000000001,-14.525000000000006,43,2.452,19
45048,1,1.185,0.948,-34.16,83.28300000000002,83.283,-5.437000000000012,-39.59700000000001,43,2.452,20
36311,1,0.913,0.893,7.974999999999994,83.11099999999999,83.111,-21.549000000000007,-13.574000000000012,44,2.453,1
2826,1,1.151,0.961,40.692999999999984,118.65699999999998,118.657,86.32600000000002,127.019,44,2.453,2
37445,1,1.56,1.174,-15.908999999999992,45.274,45.274,39.738,23.829000000000008,44,2.453,3
45048,1,1.185,0.948,-34.16,83.28300000000002,83.283,-5.437000000000012,-39.59700000000001,44,2.453,4
22898,1,1.415,1.383,13.796999999999997,86.22899999999998,86.229,-28.681999999999988,-14.884999999999991,44,2.453,5
1670,1,0.94,0.884,47.524,25.365999999999985,25.366,-52.75,-5.225999999999999,44,2.453,6
42867,1,2.368,1.123,-47.089,56.045000000000016,56.045,14.718999999999994,-32.370000000000005,44,2.453,7
49449,1,0.707,1.259,-78.706,9.679000000000002,9.679,71.924,-6.781999999999982,44,2.453,8
18193,1,1.777,0.993,-16.90700000000001,44.518,44.518,1.247000000000014,-15.659999999999997,44,2.453,9
44176,1,1.288,1.115,-37.158000000000015,72.56299999999999,72.563,18.413999999999987,-18.744,44,2.453,10
44857,1,1.625,1.302,-31.12299999999999,81.28800000000001,81.288,5.867999999999995,-25.254999999999995,44,2.453,11
12120,1,1.134,0.925,-32.518,42.501000000000005,42.501,5.878999999999991,-26.63900000000001,44,2.453,12
27886,1,0.767,0.998,58.077,10.649000000000001,10.649,-45.25,12.826999999999998,44,2.453,13
48780,1,1.443,0.973,44.38300000000001,68.84800000000001,68.848,22.884000000000015,67.267,44,2.453,14
49545,1,0.848,1.146,59.209,-11.562999999999988,11.563,-70.626,-11.417000000000002,44,2.453,15
48861,1,1.48,0.956,33.25200000000001,89.481,89.481,37.327,70.57900000000001,44,2.453,16
48898,1,0.966,0.787,51.399,70.001,70.001,18.522999999999996,69.922,44,2.453,17
14462,1,1.195,1.28,31.620000000000005,70.12099999999998,70.121,-25.162000000000006,6.457999999999998,44,2.453,18
39697,1,1.193,0.738,4.4950000000000045,76.14699999999999,76.147,-30.61699999999999,-26.122000000000014,44,2.453,19
47854,1,0.851,1.082,-6.628999999999991,7.8089999999999975,7.809,5.975999999999999,-0.6529999999999916,44,2.453,20
19595,1,1.173,1.085,65.30700000000002,31.066000000000003,31.066,-56.906000000000006,8.40100000000001,45,2.454,1
49358,1,1.026,1.202,-44.32300000000001,14.242999999999995,14.243,32.486999999999995,-11.836000000000013,45,2.454,2
47856,1,1.05,1.086,-4.304000000000002,-2.960000000000008,2.96,3.443000000000012,-0.86099999999999,45,2.454,3
36311,1,0.913,0.893,7.974999999999994,83.11099999999999,83.111,-21.549000000000007,-13.574000000000012,45,2.454,4
44855,1,2.027,1.255,-27.599999999999994,76.053,76.053,6.432999999999993,-21.167,45,2.454,5
44322,1,1.576,1.376,-35.434,89.52600000000001,89.526,24.093999999999994,-11.340000000000003,45,2.454,6
31912,1,1.776,0.65,21.736999999999995,74.826,74.826,-8.105999999999995,13.631,45,2.454,7
47412,1,1.176,1.209,-60.36,13.461999999999989,13.462,60.411,0.05099999999998772,45,2.454,8
44176,1,1.288,1.115,-37.158000000000015,72.56299999999999,72.563,18.413999999999987,-18.744,45,2.454,9
49445,1,0.604,1.024,-76.418,11.34299999999999,11.343,64.07400000000001,-12.343999999999994,45,2.454,10
44511,1,1.472,0.903,-54.022999999999996,68.05599999999998,68.056,21.691000000000003,-32.331999999999994,45,2.454,11
12148,1,1.79,0.875,-9.318000000000012,24.851,24.851,-10.394000000000005,-19.71199999999999,45,2.454,12
43376,1,1.248,1.376,-15.156000000000006,51.94200000000001,51.942,-36.587999999999994,-51.744,45,2.454,13
48861,1,1.48,0.956,33.25200000000001,89.481,89.481,37.327,70.57900000000001,45,2.454,14
31824,1,2.525,1.172,21.69399999999999,79.137,79.137,22.89699999999999,44.59100000000001,45,2.454,15
46812,1,1.208,0.783,23.762,61.173,61.173,-40.56900000000002,-16.807000000000016,45,2.454,16
36312,1,1.15,1.068,7.787000000000006,79.77499999999998,79.775,-24.52000000000001,-16.733000000000004,45,2.454,17
37448,1,1.049,1.417,-5.8659999999999854,43.68600000000001,43.686,36.06999999999999,30.204000000000008,45,2.454,18
7414,1,1.689,1.177,55.763000000000005,39.117999999999995,39.118,-22.214,33.54900000000001,45,2.454,19
2687,1,1.147,0.921,39.72200000000001,102.73699999999997,102.737,76.17099999999999,115.89300000000003,45,2.454,20
36311,1,0.913,0.893,7.974999999999994,83.11099999999999,83.111,-21.549000000000007,-13.574000000000012,46,2.455,1
45048,1,1.185,0.948,-34.16,83.28300000000002,83.283,-5.437000000000012,-39.59700000000001,46,2.455,2
12585,1,1.141,0.814,28.251000000000005,95.90199999999999,95.902,44.610000000000014,72.86099999999999,46,2.455,3
48866,1,1.425,0.811,38.054,89.51300000000003,89.513,29.960000000000008,68.01400000000001,46,2.455,4
27886,1,0.767,0.998,58.077,10.649000000000001,10.649,-45.25,12.826999999999998,46,2.455,5
13021,1,1.155,1.09,20.191000000000003,13.955000000000013,13.955,-34.71600000000001,-14.525000000000006,46,2.455,6
47877,1,0.947,1.006,-22.24199999999999,4.753999999999991,4.754,21.647999999999996,-0.5939999999999941,46,2.455,7
18440,1,1.148,1.276,-28.151999999999987,46.06,46.06,8.391999999999996,-19.75999999999999,46,2.455,8
12513,1,1.337,1.118,2.1200000000000045,39.84100000000001,39.841,-29.903999999999996,-27.783999999999992,46,2.455,9
44285,1,1.597,0.926,-37.095,68.89699999999999,68.897,26.09700000000001,-10.99799999999999,46,2.455,10
12120,1,1.134,0.925,-32.518,42.501000000000005,42.501,5.878999999999991,-26.63900000000001,46,2.455,11
39712,1,1.221,1.22,5.688999999999993,70.912,70.912,-25.869,-20.180000000000007,46,2.455,12
48883,1,1.032,0.704,47.787000000000006,61.953,61.953,10.834000000000003,58.62100000000001,46,2.455,13
22909,1,1.11,1.082,13.5,82.44100000000003,82.441,-25.937000000000012,-12.437000000000012,46,2.455,14
24466,1,0.753,1.431,-80.376,-35.86500000000001,35.865,90.471,10.094999999999999,46,2.455,15
44855,1,2.027,1.255,-27.599999999999994,76.053,76.053,6.432999999999993,-21.167,46,2.455,16
49449,1,0.707,1.259,-78.706,9.679000000000002,9.679,71.924,-6.781999999999982,46,2.455,17
36312,1,1.15,1.068,7.787000000000006,79.77499999999998,79.775,-24.52000000000001,-16.733000000000004,46,2.455,18
44857,1,1.625,1.302,-31.12299999999999,81.28800000000001,81.288,5.867999999999995,-25.254999999999995,46,2.455,19
19631,1,1.096,0.902,57.843999999999994,35.286,35.286,-57.378,0.4660000000000082,46,2.455,20
12120,1,1.134,0.925,-32.518,42.501000000000005,42.501,5.878999999999991,-26.63900000000001,47,2.457,1
24137,1,0.666,1.194,86.71800000000002,38.50999999999999,38.51,-78.558,8.159999999999997,47,2.457,2
39697,1,1.193,0.738,4.4950000000000045,76.14699999999999,76.147,-30.61699999999999,-26.122000000000014,47,2.457,3
36311,1,0.913,0.893,7.974999999999994,83.11099999999999,83.111,-21.549000000000007,-13.574000000000012,47,2.457,4
19716,1,2.043,0.896,71.076,47.501000000000005,47.501,-43.634000000000015,27.442000000000007,47,2.457,5
48830,1,1.186,0.578,49.589,86.60000000000002,86.6,36.644000000000005,86.233,47,2.457,6
44855,1,2.027,1.255,-27.599999999999994,76.053,76.053,6.432999999999993,-21.167,47,2.457,7
48221,1,0.821,1.367,34.587999999999994,-2.774000000000001,2.774,-43.995000000000005,-9.406999999999982,47,2.457,8
44176,1,1.288,1.115,-37.158000000000015,72.56299999999999,72.563,18.413999999999987,-18.744,47,2.457,9
42541,1,1.086,1.377,-43.62700000000001,19.540999999999997,19.541,38.31200000000001,-5.314999999999998,47,2.457,10
22897,1,1.367,1.428,10.830000000000013,78.52100000000002,78.521,-28.917,-18.08699999999999,47,2.457,11
13021,1,1.155,1.09,20.191000000000003,13.955000000000013,13.955,-34.71600000000001,-14.525000000000006,47,2.457,12
44322,1,1.576,1.376,-35.434,89.52600000000001,89.526,24.093999999999994,-11.340000000000003,47,2.457,13
34707,1,1.308,0.663,7.871000000000009,4.562000000000012,4.562,4.567000000000007,12.437999999999988,47,2.457,14
18193,1,1.777,0.993,-16.90700000000001,44.518,44.518,1.247000000000014,-15.659999999999997,47,2.457,15
18196,1,1.115,1.035,-4.5020000000000095,43.68299999999999,43.683,-5.4909999999999854,-9.992999999999995,47,2.457,16
48861,1,1.48,0.956,33.25200000000001,89.481,89.481,37.327,70.57900000000001,47,2.457,17
48784,1,0.976,0.845,36.74799999999999,66.989,66.989,24.524,61.27199999999999,47,2.457,18
49445,1,0.604,1.024,-76.418,11.34299999999999,11.343,64.07400000000001,-12.343999999999994,47,2.457,19
36312,1,1.15,1.068,7.787000000000006,79.77499999999998,79.775,-24.52000000000001,-16.733000000000004,47,2.457,20
19884,1,1.27,0.906,77.31600000000003,36.73599999999999,36.736,-54.512,22.804000000000002,48,2.458,1
31912,1,1.776,0.65,21.736999999999995,74.826,74.826,-8.105999999999995,13.631,48,2.458,2
48876,1,1.327,0.792,48.32599999999999,64.76499999999999,64.765,13.740999999999985,62.06700000000001,48,2.458,3
12144,1,1.14,0.824,-25.752999999999986,27.150000000000006,27.15,3.6299999999999955,-22.12299999999999,48,2.458,4
49445,1,0.604,1.024,-76.418,11.34299999999999,11.343,64.07400000000001,-12.343999999999994,48,2.458,5
44322,1,1.576,1.376,-35.434,89.52600000000001,89.526,24.093999999999994,-11.340000000000003,48,2.458,6
45048,1,1.185,0.948,-34.16,83.28300000000002,83.283,-5.437000000000012,-39.59700000000001,48,2.458,7
48834,1,1.451,1.303,43.733000000000004,85.69999999999999,85.7,40.60900000000001,84.34199999999998,48,2.458,8
36312,1,1.15,1.068,7.787000000000006,79.77499999999998,79.775,-24.52000000000001,-16.733000000000004,48,2.458,9
47854,1,0.851,1.082,-6.628999999999991,7.8089999999999975,7.809,5.975999999999999,-0.6529999999999916,48,2.458,10
39697,1,1.193,0.738,4.4950000000000045,76.14699999999999,76.147,-30.61699999999999,-26.122000000000014,48,2.458,11
44857,1,1.625,1.302,-31.12299999999999,81.28800000000001,81.288,5.867999999999995,-25.254999999999995,48,2.458,12
36311,1,0.913,0.893,7.974999999999994,83.11099999999999,83.111,-21.549000000000007,-13.574000000000012,48,2.458,13
31818,1,2.581,1.147,23.908999999999992,75.132,75.132,16.930000000000007,40.839,48,2.458,14
43395,1,1.654,1.232,-3.0900000000000034,58.269000000000005,58.269,-39.821,-42.911,48,2.458,15
41803,1,0.943,1.004,-55.459,15.177999999999997,15.178,42.69,-12.769000000000005,48,2.458,16
47876,1,0.87,1.049,-45.822,1.5010000000000048,1.501,42.876000000000005,-2.945999999999998,48,2.458,17
2825,1,0.951,1.128,42.227000000000004,123.37599999999998,123.376,91.904,134.13099999999997,48,2.458,18
45519,1,1.044,1.659,-53.87100000000001,19.458,19.458,41.315,-12.556000000000012,48,2.458,19
37445,1,1.56,1.174,-15.908999999999992,45.274,45.274,39.738,23.829000000000008,48,2.458,20
48861,1,1.48,0.956,33.25200000000001,89.481,89.481,37.327,70.57900000000001,49,2.458,1
49597,1,0.669,1.256,-80.608,13.497000000000014,13.497,74.05700000000002,-6.550999999999988,49,2.458,2
24119,1,0.707,1.311,91.065,34.506,34.506,-80.21,10.855000000000018,49,2.458,3
26904,1,1.466,1.015,56.893,48.52600000000001,48.526,-38.44,18.453000000000003,49,2.458,4
44320,1,1.456,0.594,-40.40299999999999,91.25400000000002,91.254,27.48599999999999,-12.917000000000002,49,2.458,5
48830,1,1.186,0.578,49.589,86.60000000000002,86.6,36.644000000000005,86.233,49,2.458,6
22898,1,1.415,1.383,13.796999999999997,86.22899999999998,86.229,-28.681999999999988,-14.884999999999991,49,2.458,7
13021,1,1.155,1.09,20.191000000000003,13.955000000000013,13.955,-34.71600000000001,-14.525000000000006,49,2.458,8
18589,1,1.38,1.127,-8.203000000000003,34.06399999999999,34.064,1.7589999999999861,-6.443999999999988,49,2.458,9
49445,1,0.604,1.024,-76.418,11.34299999999999,11.343,64.07400000000001,-12.343999999999994,49,2.458,10
36312,1,1.15,1.068,7.787000000000006,79.77499999999998,79.775,-24.52000000000001,-16.733000000000004,49,2.458,11
45048,1,1.185,0.948,-34.16,83.28300000000002,83.283,-5.437000000000012,-39.59700000000001,49,2.458,12
48866,1,1.425,0.811,38.054,89.51300000000003,89.513,29.960000000000008,68.01400000000001,49,2.458,13
12120,1,1.134,0.925,-32.518,42.501000000000005,42.501,5.878999999999991,-26.63900000000001,49,2.458,14
44971,1,0.963,1.63,-28.195999999999998,21.634000000000015,21.634,31.00800000000001,2.812000000000012,49,2.458,15
44855,1,2.027,1.255,-27.599999999999994,76.053,76.053,6.432999999999993,-21.167,49,2.458,16
36314,1,1.277,0.764,10.084000000000003,72.886,72.886,-30.538999999999987,-20.454999999999984,49,2.458,17
2408,1,1.311,1.429,-20.986999999999995,73.38400000000001,73.384,-4.944999999999993,-25.931999999999988,49,2.458,18
47854,1,0.851,1.082,-6.628999999999991,7.8089999999999975,7.809,5.975999999999999,-0.6529999999999916,49,2.458,19
39732,1,1.009,0.979,1.9960000000000093,66.14600000000002,66.146,-20.501000000000005,-18.504999999999995,49,2.458,20
43381,1,1.248,1.202,-5.485000000000014,59.30099999999999,59.301,-40.18299999999999,-45.668000000000006,50,2.458,1
48221,1,0.821,1.367,34.587999999999994,-2.774000000000001,2.774,-43.995000000000005,-9.406999999999982,50,2.458,2
17860,1,1.45,1.117,29.644000000000005,76.87700000000001,76.877,-49.62299999999999,-19.978999999999985,50,2.458,3
36311,1,0.913,0.893,7.974999999999994,83.11099999999999,83.111,-21.549000000000007,-13.574000000000012,50,2.458,4
44176,1,1.288,1.115,-37.158000000000015,72.56299999999999,72.563,18.413999999999987,-18.744,50,2.458,5
48780,1,1.443,0.973,44.38300000000001,68.84800000000001,68.848,22.884000000000015,67.267,50,2.458,6
46333,1,1.859,0.84,5.0800000000000125,51.80599999999998,51.806,-2.2719999999999914,2.8079999999999927,50,2.458,7
9115,1,1.259,1.117,-21.36099999999999,89.08699999999999,89.087,-6.3659999999999854,-27.727000000000004,50,2.458,8
47856,1,1.05,1.086,-4.304000000000002,-2.960000000000008,2.96,3.443000000000012,-0.86099999999999,50,2.458,9
18193,1,1.777,0.993,-16.90700000000001,44.518,44.518,1.247000000000014,-15.659999999999997,50,2.458,10
45048,1,1.185,0.948,-34.16,83.28300000000002,83.283,-5.437000000000012,-39.59700000000001,50,2.458,11
44856,1,1.835,1.512,-28.860000000000014,76.209,76.209,6.074999999999989,-22.784999999999997,50,2.458,12
37448,1,1.049,1.417,-5.8659999999999854,43.68600000000001,43.686,36.06999999999999,30.204000000000008,50,2.458,13
39745,1,0.796,1.184,48.15100000000001,16.462999999999994,16.463,-42.15199999999999,5.998999999999995,50,2.458,14
12513,1,1.337,1.118,2.1200000000000045,39.84100000000001,39.841,-29.903999999999996,-27.783999999999992,50,2.458,15
12120,1,1.134,0.925,-32.518,42.501000000000005,42.501,5.878999999999991,-26.63900000000001,50,2.458,16
48830,1,1.186,0.578,49.589,86.60000000000002,86.6,36.644000000000005,86.233,50,2.458,17
49449,1,0.707,1.259,-78.706,9.679000000000002,9.679,71.924,-6.781999999999982,50,2.458,18
19884,1,1.27,0.906,77.31600000000003,36.73599999999999,36.736,-54.512,22.804000000000002,50,2.458,19
48861,1,1.48,0.956,33.25200000000001,89.481,89.481,37.327,70.57900000000001,50,2.458,20
31912,1,1.776,0.65,21.736999999999995,74.826,74.826,-8.105999999999995,13.631,51,2.46,1
37433,1,1.298,1.003,-16.357,33.80500000000001,33.805,33.226,16.869,51,2.46,2
36312,1,1.15,1.068,7.787000000000006,79.77499999999998,79.775,-24.52000000000001,-16.733000000000004,51,2.46,3
39698,1,1.081,0.936,4.586000000000013,74.62200000000001,74.622,-33.078,-28.49200000000002,51,2.46,4
49445,1,0.604,1.024,-76.418,11.34299999999999,11.343,64.07400000000001,-12.343999999999994,51,2.46,5
12111,1,1.357,0.753,-41.614000000000004,37.99199999999999,37.992,12.123999999999995,-29.49000000000001,51,2.46,6
24137,1,0.666,1.194,86.71800000000002,38.50999999999999,38.51,-78.558,8.159999999999997,51,2.46,7
45048,1,1.185,0.948,-34.16,83.28300000000002,83.283,-5.437000000000012,-39.59700000000001,51,2.46,8
13021,1,1.155,1.09,20.191000000000003,13.955000000000013,13.955,-34.71600000000001,-14.525000000000006,51,2.46,9
44176,1,1.288,1.115,-37.158000000000015,72.56299999999999,72.563,18.413999999999987,-18.744,51,2.46,10
48216,1,0.83,1.522,-33.619,5.354000000000013,5.354,23.77600000000001,-9.84299999999999,51,2.46,11
12513,1,1.337,1.118,2.1200000000000045,39.84100000000001,39.841,-29.903999999999996,-27.783999999999992,51,2.46,12
44857,1,1.625,1.302,-31.12299999999999,81.28800000000001,81.288,5.867999999999995,-25.254999999999995,51,2.46,13
48221,1,0.821,1.367,34.587999999999994,-2.774000000000001,2.774,-43.995000000000005,-9.406999999999982,51,2.46,14
13143,1,1.458,1.036,17.74600000000001,18.244,18.244,-43.602000000000004,-25.855999999999995,51,2.46,15
48834,1,1.451,1.303,43.733000000000004,85.69999999999999,85.7,40.60900000000001,84.34199999999998,51,2.46,16
48851,1,1.001,0.789,50.19400000000002,91.19200000000001,91.192,49.05099999999999,99.245,51,2.46,17
36311,1,0.913,0.893,7.974999999999994,83.11099999999999,83.111,-21.549000000000007,-13.574000000000012,51,2.46,18
44856,1,1.835,1.512,-28.860000000000014,76.209,76.209,6.074999999999989,-22.784999999999997,51,2.46,19
31374,1,2.196,0.722,26.568000000000012,76.39600000000002,76.396,64.16899999999998,90.73699999999997,51,2.46,20
44176,1,1.288,1.115,-37.158000000000015,72.56299999999999,72.563,18.413999999999987,-18.744,52,2.461,1
47854,1,0.851,1.082,-6.628999999999991,7.8089999999999975,7.809,5.975999999999999,-0.6529999999999916,52,2.461,2
13021,1,1.155,1.09,20.191000000000003,13.955000000000013,13.955,-34.71600000000001,-14.525000000000006,52,2.461,3
24254,1,0.727,1.176,-72.655,-38.702,38.702,95.75200000000001,23.09700000000001,52,2.461,4
48834,1,1.451,1.303,43.733000000000004,85.69999999999999,85.7,40.60900000000001,84.34199999999998,52,2.461,5
44320,1,1.456,0.594,-40.40299999999999,91.25400000000002,91.254,27.48599999999999,-12.917000000000002,52,2.461,6
22898,1,1.415,1.383,13.796999999999997,86.22899999999998,86.229,-28.681999999999988,-14.884999999999991,52,2.461,7
36311,1,0.913,0.893,7.974999999999994,83.11099999999999,83.111,-21.549000000000007,-13.574000000000012,52,2.461,8
47877,1,0.947,1.006,-22.24199999999999,4.753999999999991,4.754,21.647999999999996,-0.5939999999999941,52,2.461,9
30369,1,2.101,0.786,46.703,53.827,53.827,32.55599999999998,79.25900000000001,52,2.461,10
12904,1,1.186,0.97,26.573000000000008,24.543000000000006,24.543,-53.045,-26.47200000000001,52,2.461,11
518,1,1.123,0.886,23.77199999999999,74.636,74.636,-21.57499999999999,2.1970000000000027,52,2.461,12
49441,1,0.865,1.312,-67.409,9.100999999999999,9.101,56.821,-10.588000000000022,52,2.461,13
45048,1,1.185,0.948,-34.16,83.28300000000002,83.283,-5.437000000000012,-39.59700000000001,52,2.461,14
39697,1,1.193,0.738,4.4950000000000045,76.14699999999999,76.147,-30.61699999999999,-26.122000000000014,52,2.461,15
44855,1,2.027,1.255,-27.599999999999994,76.053,76.053,6.432999999999993,-21.167,52,2.461,16
48861,1,1.48,0.956,33.25200000000001,89.481,89.481,37.327,70.57900000000001,52,2.461,17
2408,1,1.311,1.429,-20.986999999999995,73.38400000000001,73.384,-4.944999999999993,-25.931999999999988,52,2.461,18
12120,1,1.134,0.925,-32.518,42.501000000000005,42.501,5.878999999999991,-26.63900000000001,52,2.461,19
49445,1,0.604,1.024,-76.418,11.34299999999999,11.343,64.07400000000001,-12.343999999999994,52,2.461,20
44285,1,1.597,0.926,-37.095,68.89699999999999,68.897,26.09700000000001,-10.99799999999999,53,2.461,1
13021,1,1.155,1.09,20.191000000000003,13.955000000000013,13.955,-34.71600000000001,-14.525000000000006,53,2.461,2
49014,1,1.024,1.045,-26.293000000000006,40.537000000000006,40.537,11.11699999999999,-15.175999999999988,53,2.461,3
31372,1,1.784,1.118,20.53,80.86500000000001,80.865,54.52799999999999,75.05799999999999,53,2.461,4
48861,1,1.48,0.956,33.25200000000001,89.481,89.481,37.327,70.57900000000001,53,2.461,5
49445,1,0.604,1.024,-76.418,11.34299999999999,11.343,64.07400000000001,-12.343999999999994,53,2.461,6
24260,1,0.891,1.275,-69.857,-43.376000000000005,43.376,89.97899999999998,20.122000000000014,53,2.461,7
48834,1,1.451,1.303,43.733000000000004,85.69999999999999,85.7,40.60900000000001,84.34199999999998,53,2.461,8
49441,1,0.865,1.312,-67.409,9.100999999999999,9.101,56.821,-10.588000000000022,53,2.461,9
44436,1,1.749,1.169,-54.681,64.917,64.917,14.646000000000015,-40.035,53,2.461,10
47854,1,0.851,1.082,-6.628999999999991,7.8089999999999975,7.809,5.975999999999999,-0.6529999999999916,53,2.461,11
48876,1,1.327,0.792,48.32599999999999,64.76499999999999,64.765,13.740999999999985,62.06700000000001,53,2.461,12
47876,1,0.87,1.049,-45.822,1.5010000000000048,1.501,42.876000000000005,-2.945999999999998,53,2.461,13
45048,1,1.185,0.948,-34.16,83.28300000000002,83.283,-5.437000000000012,-39.59700000000001,53,2.461,14
39697,1,1.193,0.738,4.4950000000000045,76.14699999999999,76.147,-30.61699999999999,-26.122000000000014,53,2.461,15
44857,1,1.625,1.302,-31.12299999999999,81.28800000000001,81.288,5.867999999999995,-25.254999999999995,53,2.461,16
36311,1,0.913,0.893,7.974999999999994,83.11099999999999,83.111,-21.549000000000007,-13.574000000000012,53,2.461,17
36312,1,1.15,1.068,7.787000000000006,79.77499999999998,79.775,-24.52000000000001,-16.733000000000004,53,2.461,18
43382,1,1.339,1.174,-5.171999999999997,62.797,62.797,-39.87299999999999,-45.045000000000016,53,2.461,19
35096,1,1.405,0.822,-68.0,-5.236999999999995,5.237,80.73599999999999,12.73599999999999,53,2.461,20
48861,1,1.48,0.956,33.25200000000001,89.481,89.481,37.327,70.57900000000001,54,2.461,1
43376,1,1.248,1.376,-15.156000000000006,51.94200000000001,51.942,-36.587999999999994,-51.744,54,2.461,2
49441,1,0.865,1.312,-67.409,9.100999999999999,9.101,56.821,-10.588000000000022,54,2.461,3
38891,1,1.511,1.093,40.16499999999999,57.797,57.797,22.442000000000007,62.607,54,2.461,4
19631,1,1.096,0.902,57.843999999999994,35.286,35.286,-57.378,0.4660000000000082,54,2.461,5
40039,1,1.091,0.909,19.06899999999999,62.309,62.309,-25.84299999999999,-6.774000000000001,54,2.461,6
47854,1,0.851,1.082,-6.628999999999991,7.8089999999999975,7.809,5.975999999999999,-0.6529999999999916,54,2.461,7
44176,1,1.288,1.115,-37.158000000000015,72.56299999999999,72.563,18.413999999999987,-18.744,54,2.461,8
45072,1,1.195,1.225,-25.84700000000001,87.64100000000002,87.641,4.47999999999999,-21.36699999999999,54,2.461,9
31818,1,2.581,1.147,23.908999999999992,75.132,75.132,16.930000000000007,40.839,54,2.461,10
49484,1,0.755,1.142,-62.49000000000001,22.443000000000012,22.443,58.492999999999995,-3.997000000000014,54,2.461,11
24129,1,0.673,1.121,84.64100000000002,35.025000000000006,35.025,-71.26,13.381,54,2.461,12
48876,1,1.327,0.792,48.32599999999999,64.76499999999999,64.765,13.740999999999985,62.06700000000001,54,2.461,13
12120,1,1.134,0.925,-32.518,42.501000000000005,42.501,5.878999999999991,-26.63900000000001,54,2.461,14
47412,1,1.176,1.209,-60.36,13.461999999999989,13.462,60.411,0.05099999999998772,54,2.461,15
44320,1,1.456,0.594,-40.40299999999999,91.25400000000002,91.254,27.48599999999999,-12.917000000000002,54,2.461,16
39697,1,1.193,0.738,4.4950000000000045,76.14699999999999,76.147,-30.61699999999999,-26.122000000000014,54,2.461,17
27886,1,0.767,0.998,58.077,10.649000000000001,10.649,-45.25,12.826999999999998,54,2.461,18
44285,1,1.597,0.926,-37.095,68.89699999999999,68.897,26.09700000000001,-10.99799999999999,54,2.461,19
36311,1,0.913,0.893,7.974999999999994,83.11099999999999,83.111,-21.549000000000007,-13.574000000000012,54,2.461,20
47877,1,0.947,1.006,-22.24199999999999,4.753999999999991,4.754,21.647999999999996,-0.5939999999999941,55,2.462,1
45048,1,1.185,0.948,-34.16,83.28300000000002,83.283,-5.437000000000012,-39.59700000000001,55,2.462,2
19631,1,1.096,0.902,57.843999999999994,35.286,35.286,-57.378,0.4660000000000082,55,2.462,3
44308,1,1.905,1.276,-37.490999999999985,82.12200000000001,82.122,30.120000000000005,-7.371000000000009,55,2.462,4
12144,1,1.14,0.824,-25.752999999999986,27.150000000000006,27.15,3.6299999999999955,-22.12299999999999,55,2.462,5
44857,1,1.625,1.302,-31.12299999999999,81.28800000000001,81.288,5.867999999999995,-25.254999999999995,55,2.462,6
49358,1,1.026,1.202,-44.32300000000001,14.242999999999995,14.243,32.486999999999995,-11.836000000000013,55,2.462,7
36312,1,1.15,1.068,7.787000000000006,79.77499999999998,79.775,-24.52000000000001,-16.733000000000004,55,2.462,8
44285,1,1.597,0.926,-37.095,68.89699999999999,68.897,26.09700000000001,-10.99799999999999,55,2.462,9
39697,1,1.193,0.738,4.4950000000000045,76.14699999999999,76.147,-30.61699999999999,-26.122000000000014,55,2.462,10
48830,1,1.186,0.578,49.589,86.60000000000002,86.6,36.644000000000005,86.233,55,2.462,11
12147,1,1.538,0.89,-10.968999999999994,25.673000000000002,25.673,-8.134999999999991,-19.103999999999985,55,2.462,12
22904,1,1.233,0.858,6.271999999999991,81.964,81.964,-25.617999999999995,-19.346000000000004,55,2.462,13
34700,1,1.261,0.889,-11.689999999999998,10.516999999999996,10.517,25.37700000000001,13.687000000000012,55,2.462,14
49445,1,0.604,1.024,-76.418,11.34299999999999,11.343,64.07400000000001,-12.343999999999994,55,2.462,15
24119,1,0.707,1.311,91.065,34.506,34.506,-80.21,10.855000000000018,55,2.462,16
36311,1,0.913,0.893,7.974999999999994,83.11099999999999,83.111,-21.549000000000007,-13.574000000000012,55,2.462,17
12585,1,1.141,0.814,28.251000000000005,95.90199999999999,95.902,44.610000000000014,72.86099999999999,55,2.462,18
48861,1,1.48,0.956,33.25200000000001,89.481,89.481,37.327,70.57900000000001,55,2.462,19
18193,1,1.777,0.993,-16.90700000000001,44.518,44.518,1.247000000000014,-15.659999999999997,55,2.462,20
19705,1,1.665,1.191,56.97,48.745000000000005,48.745,-25.388000000000005,31.581999999999994,56,2.463,1
47876,1,0.87,1.049,-45.822,1.5010000000000048,1.501,42.876000000000005,-2.945999999999998,56,2.463,2
2207,1,1.205,0.826,17.377999999999986,102.77800000000002,102.778,59.946,77.32400000000001,56,2.463,3
46404,1,1.723,0.863,3.1140000000000043,58.638000000000005,58.638,-13.675000000000011,-10.561000000000007,56,2.463,4
18440,1,1.148,1.276,-28.151999999999987,46.06,46.06,8.391999999999996,-19.75999999999999,56,2.463,5
49381,1,0.776,1.028,-82.831,13.372000000000014,13.372,67.06299999999999,-15.768,56,2.463,6
44322,1,1.576,1.376,-35.434,89.52600000000001,89.526,24.093999999999994,-11.340000000000003,56,2.463,7
48883,1,1.032,0.704,47.787000000000006,61.953,61.953,10.834000000000003,58.62100000000001,56,2.463,8
12120,1,1.134,0.925,-32.518,42.501000000000005,42.501,5.878999999999991,-26.63900000000001,56,2.463,9
44855,1,2.027,1.255,-27.599999999999994,76.053,76.053,6.432999999999993,-21.167,56,2.463,10
12804,1,1.415,0.79,21.114000000000004,29.24199999999999,29.242,-50.31100000000001,-29.197000000000003,56,2.463,11
47412,1,1.176,1.209,-60.36,13.461999999999989,13.462,60.411,0.05099999999998772,56,2.463,12
2408,1,1.311,1.429,-20.986999999999995,73.38400000000001,73.384,-4.944999999999993,-25.931999999999988,56,2.463,13
36312,1,1.15,1.068,7.787000000000006,79.77499999999998,79.775,-24.52000000000001,-16.733000000000004,56,2.463,14
43376,1,1.248,1.376,-15.156000000000006,51.94200000000001,51.942,-36.587999999999994,-51.744,56,2.463,15
18608,1,0.997,0.822,45.959,54.81700000000001,54.817,-38.31700000000001,7.641999999999996,56,2.463,16
36314,1,1.277,0.764,10.084000000000003,72.886,72.886,-30.538999999999987,-20.454999999999984,56,2.463,17
27886,1,0.767,0.998,58.077,10.649000000000001,10.649,-45.25,12.826999999999998,56,2.463,18
48866,1,1.425,0.811,38.054,89.51300000000003,89.513,29.960000000000008,68.01400000000001,56,2.463,19
45048,1,1.185,0.948,-34.16,83.28300000000002,83.283,-5.437000000000012,-39.59700000000001,56,2.463,20
49597,1,0.669,1.256,-80.608,13.497000000000014,13.497,74.05700000000002,-6.550999999999988,57,2.463,1
48896,1,0.963,0.812,47.718999999999994,66.71800000000002,66.718,17.64500000000001,65.364,57,2.463,2
12585,1,1.141,0.814,28.251000000000005,95.90199999999999,95.902,44.610000000000014,72.86099999999999,57,2.463,3
47856,1,1.05,1.086,-4.304000000000002,-2.960000000000008,2.96,3.443000000000012,-0.86099999999999,57,2.463,4
35080,1,1.249,0.871,29.688999999999993,5.681999999999988,5.682,-19.59899999999999,10.090000000000003,57,2.463,5
49445,1,0.604,1.024,-76.418,11.34299999999999,11.343,64.07400000000001,-12.343999999999994,57,2.463,6
44303,1,1.942,1.1,-38.393,79.62400000000002,79.624,28.054000000000002,-10.338999999999999,57,2.463,7
44855,1,2.027,1.255,-27.599999999999994,76.053,76.053,6.432999999999993,-21.167,57,2.463,8
45048,1,1.185,0.948,-34.16,83.28300000000002,83.283,-5.437000000000012,-39.59700000000001,57,2.463,9
48834,1,1.451,1.303,43.733000000000004,85.69999999999999,85.7,40.60900000000001,84.34199999999998,57,2.463,10
31912,1,1.776,0.65,21.736999999999995,74.826,74.826,-8.105999999999995,13.631,57,2.463,11
39698,1,1.081,0.936,4.586000000000013,74.62200000000001,74.622,-33.078,-28.49200000000002,57,2.463,12
8426,1,1.589,1.21,24.70599999999999,55.38499999999999,55.385,-47.96600000000001,-23.25999999999999,57,2.463,13
36311,1,0.913,0.893,7.974999999999994,83.11099999999999,83.111,-21.549000000000007,-13.574000000000012,57,2.463,14
44176,1,1.288,1.115,-37.158000000000015,72.56299999999999,72.563,18.413999999999987,-18.744,57,2.463,15
49009,1,1.136,0.825,-31.242999999999995,45.92500000000001,45.925,11.973000000000013,-19.27000000000001,57,2.463,16
13021,1,1.155,1.09,20.191000000000003,13.955000000000013,13.955,-34.71600000000001,-14.525000000000006,57,2.463,17
12513,1,1.337,1.118,2.1200000000000045,39.84100000000001,39.841,-29.903999999999996,-27.783999999999992,57,2.463,18
1505,1,0.756,0.681,80.18200000000002,38.557000000000016,38.557,-98.995,-18.812999999999988,57,2.463,19
46061,1,0.771,0.967,12.283999999999992,83.23000000000002,83.23,-22.671999999999997,-10.388000000000005,57,2.463,20
43040,1,1.396,1.1,-70.389,14.75,14.75,62.416,-7.973000000000013,58,2.463,1
44855,1,2.027,1.255,-27.599999999999994,76.053,76.053,6.432999999999993,-21.167,58,2.463,2
31912,1,1.776,0.65,21.736999999999995,74.826,74.826,-8.105999999999995,13.631,58,2.463,3
43395,1,1.654,1.232,-3.0900000000000034,58.269000000000005,58.269,-39.821,-42.911,58,2.463,4
26950,1,2.8,0.789,74.458,52.916,52.916,32.89099999999999,107.34899999999999,58,2.463,5
36312,1,1.15,1.068,7.787000000000006,79.77499999999998,79.775,-24.52000000000001,-16.733000000000004,58,2.463,6
9876,1,1.397,0.693,51.59800000000001,17.420999999999992,17.421,-84.983,-33.38499999999999,58,2.463,7
13021,1,1.155,1.09,20.191000000000003,13.955000000000013,13.955,-34.71600000000001,-14.525000000000006,58,2.463,8
18193,1,1.777,0.993,-16.90700000000001,44.518,44.518,1.247000000000014,-15.659999999999997,58,2.463,9
37445,1,1.56,1.174,-15.908999999999992,45.274,45.274,39.738,23.829000000000008,58,2.463,10
36311,1,0.913,0.893,7.974999999999994,83.11099999999999,83.111,-21.549000000000007,-13.574000000000012,58,2.463,11
49445,1,0.604,1.024,-76.418,11.34299999999999,11.343,64.07400000000001,-12.343999999999994,58,2.463,12
45048,1,1.185,0.948,-34.16,83.28300000000002,83.283,-5.437000000000012,-39.59700000000001,58,2.463,13
31187,1,1.575,1.18,2.6939999999999884,96.23199999999997,96.232,51.821,54.514999999999986,58,2.463,14
48876,1,1.327,0.792,48.32599999999999,64.76499999999999,64.765,13.740999999999985,62.06700000000001,58,2.463,15
48780,1,1.443,0.973,44.38300000000001,68.84800000000001,68.848,22.884000000000015,67.267,58,2.463,16
24135,1,0.697,1.315,74.02199999999999,40.22300000000001,40.223,-65.454,8.568000000000012,58,2.463,17
2825,1,0.951,1.128,42.227000000000004,123.37599999999998,123.376,91.904,134.13099999999997,58,2.463,18
44467,1,1.129,1.501,-14.090000000000003,33.53399999999999,33.534,2.132000000000005,-11.957999999999998,58,2.463,19
14717,1,0.822,1.131,3.3079999999999927,54.68899999999999,54.689,-12.663999999999987,-9.355999999999995,58,2.463,20
36311,1,0.913,0.893,7.974999999999994,83.11099999999999,83.111,-21.549000000000007,-13.574000000000012,59,2.464,1
45048,1,1.185,0.948,-34.16,83.28300000000002,83.283,-5.437000000000012,-39.59700000000001,59,2.464,2
34584,1,1.541,0.662,-27.89699999999999,15.195999999999998,15.196,44.06999999999999,16.173000000000002,59,2.464,3
18196,1,1.115,1.035,-4.5020000000000095,43.68299999999999,43.683,-5.4909999999999854,-9.992999999999995,59,2.464,4
48888,1,0.779,0.863,44.53899999999999,65.364,65.364,16.757000000000005,61.29599999999999,59,2.464,5
48866,1,1.425,0.811,38.054,89.51300000000003,89.513,29.960000000000008,68.01400000000001,59,2.464,6
44856,1,1.835,1.512,-28.860000000000014,76.209,76.209,6.074999999999989,-22.784999999999997,59,2.464,7
45069,1,1.084,1.438,-28.075999999999993,84.87900000000002,84.879,0.9159999999999968,-27.159999999999997,59,2.464,8
47412,1,1.176,1.209,-60.36,13.461999999999989,13.462,60.411,0.05099999999998772,59,2.464,9
24254,1,0.727,1.176,-72.655,-38.702,38.702,95.75200000000001,23.09700000000001,59,2.464,10
22898,1,1.415,1.383,13.796999999999997,86.22899999999998,86.229,-28.681999999999988,-14.884999999999991,59,2.464,11
49381,1,0.776,1.028,-82.831,13.372000000000014,13.372,67.06299999999999,-15.768,59,2.464,12
31379,1,2.028,0.672,42.16300000000001,86.26999999999998,86.27,75.394,117.55700000000002,59,2.464,13
48834,1,1.451,1.303,43.733000000000004,85.69999999999999,85.7,40.60900000000001,84.34199999999998,59,2.464,14
27886,1,0.767,0.998,58.077,10.649000000000001,10.649,-45.25,12.826999999999998,59,2.464,15
13068,1,1.234,1.034,12.507000000000005,18.894000000000005,18.894,-35.929,-23.421999999999997,59,2.464,16
36312,1,1.15,1.068,7.787000000000006,79.77499999999998,79.775,-24.52000000000001,-16.733000000000004,59,2.464,17
24120,1,0.572,1.238,88.45299999999997,37.043000000000006,37.043,-73.608,14.844999999999999,59,2.464,18
18193,1,1.777,0.993,-16.90700000000001,44.518,44.518,1.247000000000014,-15.659999999999997,59,2.464,19
24548,1,1.189,1.277,-15.001000000000005,60.793000000000006,60.793,3.3230000000000075,-11.677999999999997,59,2.464,20
45048,1,1.185,0.948,-34.16,83.28300000000002,83.283,-5.437000000000012,-39.59700000000001,60,2.465,1
44176,1,1.288,1.115,-37.158000000000015,72.56299999999999,72.563,18.413999999999987,-18.744,60,2.465,2
44285,1,1.597,0.926,-37.095,68.89699999999999,68.897,26.09700000000001,-10.99799999999999,60,2.465,3
47876,1,0.87,1.049,-45.822,1.5010000000000048,1.501,42.876000000000005,-2.945999999999998,60,2.465,4
48861,1,1.48,0.956,33.25200000000001,89.481,89.481,37.327,70.57900000000001,60,2.465,5
48830,1,1.186,0.578,49.589,86.60000000000002,86.6,36.644000000000005,86.233,60,2.465,6
43031,1,1.258,0.934,-46.34100000000001,7.408999999999992,7.409,35.018,-11.323000000000008,60,2.465,7
13021,1,1.155,1.09,20.191000000000003,13.955000000000013,13.955,-34.71600000000001,-14.525000000000006,60,2.465,8
12120,1,1.134,0.925,-32.518,42.501000000000005,42.501,5.878999999999991,-26.63900000000001,60,2.465,9
39712,1,1.221,1.22,5.688999999999993,70.912,70.912,-25.869,-20.180000000000007,60,2.465,10
49445,1,0.604,1.024,-76.418,11.34299999999999,11.343,64.07400000000001,-12.343999999999994,60,2.465,11
49009,1,1.136,0.825,-31.242999999999995,45.92500000000001,45.925,11.973000000000013,-19.27000000000001,60,2.465,12
12585,1,1.141,0.814,28.251000000000005,95.90199999999999,95.902,44.610000000000014,72.86099999999999,60,2.465,13
24210,1,0.825,1.68,93.68399999999997,34.31100000000001,34.311,-80.374,13.310000000000002,60,2.465,14
22904,1,1.233,0.858,6.271999999999991,81.964,81.964,-25.617999999999995,-19.346000000000004,60,2.465,15
47854,1,0.851,1.082,-6.628999999999991,7.8089999999999975,7.809,5.975999999999999,-0.6529999999999916,60,2.465,16
537,1,1.298,1.211,44.894000000000005,61.84100000000001,61.841,-18.714,26.180000000000007,60,2.465,17
44855,1,2.027,1.255,-27.599999999999994,76.053,76.053,6.432999999999993,-21.167,60,2.465,18
36311,1,0.913,0.893,7.974999999999994,83.11099999999999,83.111,-21.549000000000007,-13.574000000000012,60,2.465,19
12513,1,1.337,1.118,2.1200000000000045,39.84100000000001,39.841,-29.903999999999996,-27.783999999999992,60,2.465,20
2408,1,1.311,1.429,-20.986999999999995,73.38400000000001,73.384,-4.944999999999993,-25.931999999999988,61,2.467,1
44857,1,1.625,1.302,-31.12299999999999,81.28800000000001,81.288,5.867999999999995,-25.254999999999995,61,2.467,2
12120,1,1.134,0.925,-32.518,42.501000000000005,42.501,5.878999999999991,-26.63900000000001,61,2.467,3
48830,1,1.186,0.578,49.589,86.60000000000002,86.6,36.644000000000005,86.233,61,2.467,4
36312,1,1.15,1.068,7.787000000000006,79.77499999999998,79.775,-24.52000000000001,-16.733000000000004,61,2.467,5
45048,1,1.185,0.948,-34.16,83.28300000000002,83.283,-5.437000000000012,-39.59700000000001,61,2.467,6
35382,1,1.102,1.205,0.20400000000000773,12.179000000000002,12.179,11.899000000000001,12.103000000000009,61,2.467,7
35137,1,1.44,0.757,-26.364000000000004,-4.479000000000013,4.479,45.238,18.873999999999995,61,2.467,8
13145,1,1.43,0.964,21.057999999999993,18.458,18.458,-42.956999999999994,-21.899,61,2.467,9
36314,1,1.277,0.764,10.084000000000003,72.886,72.886,-30.538999999999987,-20.454999999999984,61,2.467,10
44285,1,1.597,0.926,-37.095,68.89699999999999,68.897,26.09700000000001,-10.99799999999999,61,2.467,11
18193,1,1.777,0.993,-16.90700000000001,44.518,44.518,1.247000000000014,-15.659999999999997,61,2.467,12
43376,1,1.248,1.376,-15.156000000000006,51.94200000000001,51.942,-36.587999999999994,-51.744,61,2.467,13
48861,1,1.48,0.956,33.25200000000001,89.481,89.481,37.327,70.57900000000001,61,2.467,14
48883,1,1.032,0.704,47.787000000000006,61.953,61.953,10.834000000000003,58.62100000000001,61,2.467,15
39697,1,1.193,0.738,4.4950000000000045,76.14699999999999,76.147,-30.61699999999999,-26.122000000000014,61,2.467,16
24217,1,0.629,1.712,-80.36,-39.476,39.476,93.32400000000001,12.963999999999999,61,2.467,17
12585,1,1.141,0.814,28.251000000000005,95.90199999999999,95.902,44.610000000000014,72.86099999999999,61,2.467,18
47854,1,0.851,1.082,-6.628999999999991,7.8089999999999975,7.809,5.975999999999999,-0.6529999999999916,61,2.467,19
49445,1,0.604,1.024,-76.418,11.34299999999999,11.343,64.07400000000001,-12.343999999999994,61,2.467,20
44285,1,1.597,0.926,-37.095,68.89699999999999,68.897,26.09700000000001,-10.99799999999999,62,2.468,1
49445,1,0.604,1.024,-76.418,11.34299999999999,11.343,64.07400000000001,-12.343999999999994,62,2.468,2
24111,1,0.708,1.358,96.42899999999997,38.81,38.81,-77.482,18.947000000000003,62,2.468,3
47876,1,0.87,1.049,-45.822,1.5010000000000048,1.501,42.876000000000005,-2.945999999999998,62,2.468,4
39697,1,1.193,0.738,4.4950000000000045,76.14699999999999,76.147,-30.61699999999999,-26.122000000000014,62,2.468,5
31279,1,1.892,0.637,22.925999999999988,90.846,90.846,72.88299999999998,95.80899999999997,62,2.468,6
2408,1,1.311,1.429,-20.986999999999995,73.38400000000001,73.384,-4.944999999999993,-25.931999999999988,62,2.468,7
31912,1,1.776,0.65,21.736999999999995,74.826,74.826,-8.105999999999995,13.631,62,2.468,8
45048,1,1.185,0.948,-34.16,83.28300000000002,83.283,-5.437000000000012,-39.59700000000001,62,2.468,9
48866,1,1.425,0.811,38.054,89.51300000000003,89.513,29.960000000000008,68.01400000000001,62,2.468,10
43376,1,1.248,1.376,-15.156000000000006,51.94200000000001,51.942,-36.587999999999994,-51.744,62,2.468,11
48883,1,1.032,0.704,47.787000000000006,61.953,61.953,10.834000000000003,58.62100000000001,62,2.468,12
36314,1,1.277,0.764,10.084000000000003,72.886,72.886,-30.538999999999987,-20.454999999999984,62,2.468,13
13021,1,1.155,1.09,20.191000000000003,13.955000000000013,13.955,-34.71600000000001,-14.525000000000006,62,2.468,14
44857,1,1.625,1.302,-31.12299999999999,81.28800000000001,81.288,5.867999999999995,-25.254999999999995,62,2.468,15
18416,1,1.033,0.898,-11.948000000000008,36.643,36.643,-12.489000000000004,-24.437000000000012,62,2.468,16
44855,1,2.027,1.255,-27.599999999999994,76.053,76.053,6.432999999999993,-21.167,62,2.468,17
47412,1,1.176,1.209,-60.36,13.461999999999989,13.462,60.411,0.05099999999998772,62,2.468,18
48861,1,1.48,0.956,33.25200000000001,89.481,89.481,37.327,70.57900000000001,62,2.468,19
35289,1,1.245,0.919,10.443000000000012,16.801999999999992,16.802,1.688999999999993,12.132000000000005,62,2.468,20
45048,1,1.185,0.948,-34.16,83.28300000000002,83.283,-5.437000000000012,-39.59700000000001,63,2.469,1
43395,1,1.654,1.232,-3.0900000000000034,58.269000000000005,58.269,-39.821,-42.911,63,2.469,2
49441,1,0.865,1.312,-67.409,9.100999999999999,9.101,56.821,-10.588000000000022,63,2.469,3
39697,1,1.193,0.738,4.4950000000000045,76.14699999999999,76.147,-30.61699999999999,-26.122000000000014,63,2.469,4
49223,1,0.657,1.348,-89.781,12.804000000000002,12.804,77.916,-11.865000000000009,63,2.469,5
44857,1,1.625,1.302,-31.12299999999999,81.28800000000001,81.288,5.867999999999995,-25.254999999999995,63,2.469,6
44285,1,1.597,0.926,-37.095,68.89699999999999,68.897,26.09700000000001,-10.99799999999999,63,2.469,7
27886,1,0.767,0.998,58.077,10.649000000000001,10.649,-45.25,12.826999999999998,63,2.469,8
18196,1,1.115,1.035,-4.5020000000000095,43.68299999999999,43.683,-5.4909999999999854,-9.992999999999995,63,2.469,9
19705,1,1.665,1.191,56.97,48.745000000000005,48.745,-25.388000000000005,31.581999999999994,63,2.469,10
48876,1,1.327,0.792,48.32599999999999,64.76499999999999,64.765,13.740999999999985,62.06700000000001,63,2.469,11
36314,1,1.277,0.764,10.084000000000003,72.886,72.886,-30.538999999999987,-20.454999999999984,63,2.469,12
9876,1,1.397,0.693,51.59800000000001,17.420999999999992,17.421,-84.983,-33.38499999999999,63,2.469,13
2826,1,1.151,0.961,40.692999999999984,118.65699999999998,118.657,86.32600000000002,127.019,63,2.469,14
36311,1,0.913,0.893,7.974999999999994,83.11099999999999,83.111,-21.549000000000007,-13.574000000000012,63,2.469,15
48830,1,1.186,0.578,49.589,86.60000000000002,86.6,36.644000000000005,86.233,63,2.469,16
44855,1,2.027,1.255,-27.599999999999994,76.053,76.053,6.432999999999993,-21.167,63,2.469,17
47412,1,1.176,1.209,-60.36,13.461999999999989,13.462,60.411,0.05099999999998772,63,2.469,18
1899,1,1.322,0.815,32.702,64.46800000000002,64.468,25.295000000000016,57.997000000000014,63,2.469,19
13142,1,1.352,0.952,17.740999999999985,18.335000000000008,18.335,-39.471000000000004,-21.72999999999999,63,2.469,20
18608,1,0.997,0.822,45.959,54.81700000000001,54.817,-38.31700000000001,7.641999999999996,64,2.471,1
39398,1,1.205,0.631,-55.977000000000004,-7.793000000000006,7.793,66.33100000000002,10.354000000000013,64,2.471,2
39697,1,1.193,0.738,4.4950000000000045,76.14699999999999,76.147,-30.61699999999999,-26.122000000000014,64,2.471,3
48861,1,1.48,0.956,33.25200000000001,89.481,89.481,37.327,70.57900000000001,64,2.471,4
49445,1,0.604,1.024,-76.418,11.34299999999999,11.343,64.07400000000001,-12.343999999999994,64,2.471,5
13021,1,1.155,1.09,20.191000000000003,13.955000000000013,13.955,-34.71600000000001,-14.525000000000006,64,2.471,6
12585,1,1.141,0.814,28.251000000000005,95.90199999999999,95.902,44.610000000000014,72.86099999999999,64,2.471,7
13176,1,1.343,0.84,-10.211000000000013,26.022999999999996,26.023,-14.329000000000008,-24.539999999999992,64,2.471,8
47412,1,1.176,1.209,-60.36,13.461999999999989,13.462,60.411,0.05099999999998772,64,2.471,9
24127,1,0.84,1.209,84.40999999999997,32.83600000000001,32.836,-70.789,13.62100000000001,64,2.471,10
36311,1,0.913,0.893,7.974999999999994,83.11099999999999,83.111,-21.549000000000007,-13.574000000000012,64,2.471,11
36312,1,1.15,1.068,7.787000000000006,79.77499999999998,79.775,-24.52000000000001,-16.733000000000004,64,2.471,12
44855,1,2.027,1.255,-27.599999999999994,76.053,76.053,6.432999999999993,-21.167,64,2.471,13
45048,1,1.185,0.948,-34.16,83.28300000000002,83.283,-5.437000000000012,-39.59700000000001,64,2.471,14
18193,1,1.777,0.993,-16.90700000000001,44.518,44.518,1.247000000000014,-15.659999999999997,64,2.471,15
48782,1,1.185,0.997,38.459,73.92500000000001,73.925,22.52799999999999,60.986999999999995,64,2.471,16
44285,1,1.597,0.926,-37.095,68.89699999999999,68.897,26.09700000000001,-10.99799999999999,64,2.471,17
44322,1,1.576,1.376,-35.434,89.52600000000001,89.526,24.093999999999994,-11.340000000000003,64,2.471,18
48883,1,1.032,0.704,47.787000000000006,61.953,61.953,10.834000000000003,58.62100000000001,64,2.471,19
43592,1,1.478,0.966,-12.343999999999994,35.84800000000001,35.848,6.657999999999987,-5.686000000000007,64,2.471,20
38889,1,1.479,1.226,40.33699999999999,57.827,57.827,27.313999999999993,67.65100000000001,65,2.473,1
44855,1,2.027,1.255,-27.599999999999994,76.053,76.053,6.432999999999993,-21.167,65,2.473,2
12513,1,1.337,1.118,2.1200000000000045,39.84100000000001,39.841,-29.903999999999996,-27.783999999999992,65,2.473,3
48830,1,1.186,0.578,49.589,86.60000000000002,86.6,36.644000000000005,86.233,65,2.473,4
39710,1,1.289,1.004,6.717999999999989,69.857,69.857,-27.180000000000007,-20.46199999999999,65,2.473,5
24471,1,0.807,1.268,95.94900000000001,38.24600000000001,38.246,-82.64,13.308999999999997,65,2.473,6
48343,1,1.01,1.4,-31.73599999999999,16.732,16.732,23.982,-7.753999999999991,65,2.473,7
46061,1,0.771,0.967,12.283999999999992,83.23000000000002,83.23,-22.671999999999997,-10.388000000000005,65,2.473,8
44511,1,1.472,0.903,-54.022999999999996,68.05599999999998,68.056,21.691000000000003,-32.331999999999994,65,2.473,9
44857,1,1.625,1.302,-31.12299999999999,81.28800000000001,81.288,5.867999999999995,-25.254999999999995,65,2.473,10
2825,1,0.951,1.128,42.227000000000004,123.37599999999998,123.376,91.904,134.13099999999997,65,2.473,11
48883,1,1.032,0.704,47.787000000000006,61.953,61.953,10.834000000000003,58.62100000000001,65,2.473,12
45048,1,1.185,0.948,-34.16,83.28300000000002,83.283,-5.437000000000012,-39.59700000000001,65,2.473,13
39697,1,1.193,0.738,4.4950000000000045,76.14699999999999,76.147,-30.61699999999999,-26.122000000000014,65,2.473,14
13021,1,1.155,1.09,20.191000000000003,13.955000000000013,13.955,-34.71600000000001,-14.525000000000006,65,2.473,15
36311,1,0.913,0.893,7.974999999999994,83.11099999999999,83.111,-21.549000000000007,-13.574000000000012,65,2.473,16
37445,1,1.56,1.174,-15.908999999999992,45.274,45.274,39.738,23.829000000000008,65,2.473,17
18193,1,1.777,0.993,-16.90700000000001,44.518,44.518,1.247000000000014,-15.659999999999997,65,2.473,18
49445,1,0.604,1.024,-76.418,11.34299999999999,11.343,64.07400000000001,-12.343999999999994,65,2.473,19
47876,1,0.87,1.049,-45.822,1.5010000000000048,1.501,42.876000000000005,-2.945999999999998,65,2.473,20
36312,1,1.15,1.068,7.787000000000006,79.77499999999998,79.775,-24.52000000000001,-16.733000000000004,66,2.473,1
47854,1,0.851,1.082,-6.628999999999991,7.8089999999999975,7.809,5.975999999999999,-0.6529999999999916,66,2.473,2
37451,1,1.371,1.006,-19.59700000000001,41.93099999999998,41.931,41.608000000000004,22.010999999999996,66,2.473,3
43376,1,1.248,1.376,-15.156000000000006,51.94200000000001,51.942,-36.587999999999994,-51.744,66,2.473,4
48830,1,1.186,0.578,49.589,86.60000000000002,86.6,36.644000000000005,86.233,66,2.473,5
27886,1,0.767,0.998,58.077,10.649000000000001,10.649,-45.25,12.826999999999998,66,2.473,6
24129,1,0.673,1.121,84.64100000000002,35.025000000000006,35.025,-71.26,13.381,66,2.473,7
39707,1,1.225,1.047,11.72399999999999,79.49599999999998,79.496,-30.125,-18.40100000000001,66,2.473,8
49358,1,1.026,1.202,-44.32300000000001,14.242999999999995,14.243,32.486999999999995,-11.836000000000013,66,2.473,9
12120,1,1.134,0.925,-32.518,42.501000000000005,42.501,5.878999999999991,-26.63900000000001,66,2.473,10
18193,1,1.777,0.993,-16.90700000000001,44.518,44.518,1.247000000000014,-15.659999999999997,66,2.473,11
8727,1,1.086,1.251,-26.715000000000003,85.86400000000003,85.864,-10.829000000000008,-37.54399999999998,66,2.473,12
45048,1,1.185,0.948,-34.16,83.28300000000002,83.283,-5.437000000000012,-39.59700000000001,66,2.473,13
32092,1,1.462,0.897,32.54900000000001,51.11500000000001,51.115,-27.170000000000016,5.378999999999991,66,2.473,14
40039,1,1.091,0.909,19.06899999999999,62.309,62.309,-25.84299999999999,-6.774000000000001,66,2.473,15
48883,1,1.032,0.704,47.787000000000006,61.953,61.953,10.834000000000003,58.62100000000001,66,2.473,16
49379,1,0.786,0.998,-94.476,13.266999999999996,13.267,79.19299999999998,-15.282999999999987,66,2.473,17
31184,1,1.652,1.472,3.3739999999999952,98.68700000000001,98.687,49.334,52.708,66,2.473,18
48861,1,1.48,0.956,33.25200000000001,89.481,89.481,37.327,70.57900000000001,66,2.473,19
44322,1,1.576,1.376,-35.434,89.52600000000001,89.526,24.093999999999994,-11.340000000000003,66,2.473,20
44857,1,1.625,1.302,-31.12299999999999,81.28800000000001,81.288,5.867999999999995,-25.254999999999995,67,2.477,1
44465,1,1.251,1.298,-34.44999999999999,24.087999999999994,24.088,17.706999999999994,-16.742999999999995,67,2.477,2
27886,1,0.767,0.998,58.077,10.649000000000001,10.649,-45.25,12.826999999999998,67,2.477,3
26984,1,2.409,0.725,68.63499999999999,46.879999999999995,46.88,15.093999999999994,83.72899999999998,67,2.477,4
13021,1,1.155,1.09,20.191000000000003,13.955000000000013,13.955,-34.71600000000001,-14.525000000000006,67,2.477,5
44855,1,2.027,1.255,-27.599999999999994,76.053,76.053,6.432999999999993,-21.167,67,2.477,6
45048,1,1.185,0.948,-34.16,83.28300000000002,83.283,-5.437000000000012,-39.59700000000001,67,2.477,7
48849,1,0.845,1.103,46.56999999999999,88.31200000000001,88.312,44.73400000000001,91.30399999999997,67,2.477,8
16692,1,1.334,0.885,48.12700000000001,47.64699999999999,47.647,-59.95,-11.823000000000008,67,2.477,9
18193,1,1.777,0.993,-16.90700000000001,44.518,44.518,1.247000000000014,-15.659999999999997,67,2.477,10
44295,1,1.305,0.981,-31.704999999999984,73.25200000000001,73.252,17.379999999999995,-14.324999999999989,67,2.477,11
43373,1,1.035,1.129,-8.397999999999996,58.139999999999986,58.14,-37.889999999999986,-46.28800000000001,67,2.477,12
46061,1,0.771,0.967,12.283999999999992,83.23000000000002,83.23,-22.671999999999997,-10.388000000000005,67,2.477,13
9876,1,1.397,0.693,51.59800000000001,17.420999999999992,17.421,-84.983,-33.38499999999999,67,2.477,14
36311,1,0.913,0.893,7.974999999999994,83.11099999999999,83.111,-21.549000000000007,-13.574000000000012,67,2.477,15
2687,1,1.147,0.921,39.72200000000001,102.73699999999997,102.737,76.17099999999999,115.89300000000003,67,2.477,16
39732,1,1.009,0.979,1.9960000000000093,66.14600000000002,66.146,-20.501000000000005,-18.504999999999995,67,2.477,17
49449,1,0.707,1.259,-78.706,9.679000000000002,9.679,71.924,-6.781999999999982,67,2.477,18
48834,1,1.451,1.303,43.733000000000004,85.69999999999999,85.7,40.60900000000001,84.34199999999998,67,2.477,19
49468,1,0.757,1.201,-77.441,13.203000000000003,13.203,64.72899999999998,-12.711999999999989,67,2.477,20
17695,1,0.633,1.215,14.679000000000002,36.620000000000005,36.62,-32.977000000000004,-18.298000000000002,68,2.479,1
36311,1,0.913,0.893,7.974999999999994,83.11099999999999,83.111,-21.549000000000007,-13.574000000000012,68,2.479,2
24126,1,0.855,1.437,81.81700000000001,36.28899999999999,36.289,-66.567,15.25,68,2.479,3
49445,1,0.604,1.024,-76.418,11.34299999999999,11.343,64.07400000000001,-12.343999999999994,68,2.479,4
24478,1,0.891,1.264,91.048,41.627999999999986,41.628,-72.733,18.314999999999998,68,2.479,5
44776,1,1.963,1.107,-56.99000000000001,76.02800000000002,76.028,14.335000000000008,-42.655,68,2.479,6
12144,1,1.14,0.824,-25.752999999999986,27.150000000000006,27.15,3.6299999999999955,-22.12299999999999,68,2.479,7
37445,1,1.56,1.174,-15.908999999999992,45.274,45.274,39.738,23.829000000000008,68,2.479,8
36312,1,1.15,1.068,7.787000000000006,79.77499999999998,79.775,-24.52000000000001,-16.733000000000004,68,2.479,9
48866,1,1.425,0.811,38.054,89.51300000000003,89.513,29.960000000000008,68.01400000000001,68,2.479,10
48861,1,1.48,0.956,33.25200000000001,89.481,89.481,37.327,70.57900000000001,68,2.479,11
39698,1,1.081,0.936,4.586000000000013,74.62200000000001,74.622,-33.078,-28.49200000000002,68,2.479,12
47856,1,1.05,1.086,-4.304000000000002,-2.960000000000008,2.96,3.443000000000012,-0.86099999999999,68,2.479,13
39697,1,1.193,0.738,4.4950000000000045,76.14699999999999,76.147,-30.61699999999999,-26.122000000000014,68,2.479,14
12709,1,1.35,0.839,34.309,75.23500000000001,75.235,7.951999999999998,42.260999999999996,68,2.479,15
12111,1,1.357,0.753,-41.614000000000004,37.99199999999999,37.992,12.123999999999995,-29.49000000000001,68,2.479,16
47412,1,1.176,1.209,-60.36,13.461999999999989,13.462,60.411,0.05099999999998772,68,2.479,17
44857,1,1.625,1.302,-31.12299999999999,81.28800000000001,81.288,5.867999999999995,-25.254999999999995,68,2.479,18
44320,1,1.456,0.594,-40.40299999999999,91.25400000000002,91.254,27.48599999999999,-12.917000000000002,68,2.479,19
49358,1,1.026,1.202,-44.32300000000001,14.242999999999995,14.243,32.486999999999995,-11.836000000000013,68,2.479,20
30853,1,1.12,1.1,18.676999999999992,38.30000000000001,38.3,1.2630000000000052,19.939999999999998,69,2.48,1
46061,1,0.771,0.967,12.283999999999992,83.23000000000002,83.23,-22.671999999999997,-10.388000000000005,69,2.48,2
47856,1,1.05,1.086,-4.304000000000002,-2.960000000000008,2.96,3.443000000000012,-0.86099999999999,69,2.48,3
44855,1,2.027,1.255,-27.599999999999994,76.053,76.053,6.432999999999993,-21.167,69,2.48,4
43376,1,1.248,1.376,-15.156000000000006,51.94200000000001,51.942,-36.587999999999994,-51.744,69,2.48,5
48128,1,1.106,1.331,11.256,9.048000000000002,9.048,-25.740999999999985,-14.485000000000014,69,2.48,6
47854,1,0.851,1.082,-6.628999999999991,7.8089999999999975,7.809,5.975999999999999,-0.6529999999999916,69,2.48,7
44176,1,1.288,1.115,-37.158000000000015,72.56299999999999,72.563,18.413999999999987,-18.744,69,2.48,8
45048,1,1.185,0.948,-34.16,83.28300000000002,83.283,-5.437000000000012,-39.59700000000001,69,2.48,9
39148,1,1.302,0.558,-78.36,4.35499999999999,4.355,90.35399999999998,11.994,69,2.48,10
36311,1,0.913,0.893,7.974999999999994,83.11099999999999,83.111,-21.549000000000007,-13.574000000000012,69,2.48,11
48834,1,1.451,1.303,43.733000000000004,85.69999999999999,85.7,40.60900000000001,84.34199999999998,69,2.48,12
36314,1,1.277,0.764,10.084000000000003,72.886,72.886,-30.538999999999987,-20.454999999999984,69,2.48,13
48830,1,1.186,0.578,49.589,86.60000000000002,86.6,36.644000000000005,86.233,69,2.48,14
45016,1,0.783,1.362,-39.434,26.376000000000005,26.376,32.40899999999999,-7.025000000000006,69,2.48,15
44322,1,1.576,1.376,-35.434,89.52600000000001,89.526,24.093999999999994,-11.340000000000003,69,2.48,16
49441,1,0.865,1.312,-67.409,9.100999999999999,9.101,56.821,-10.588000000000022,69,2.48,17
46812,1,1.208,0.783,23.762,61.173,61.173,-40.56900000000002,-16.807000000000016,69,2.48,18
26984,1,2.409,0.725,68.63499999999999,46.879999999999995,46.88,15.093999999999994,83.72899999999998,69,2.48,19
48861,1,1.48,0.956,33.25200000000001,89.481,89.481,37.327,70.57900000000001,69,2.48,20
48861,1,1.48,0.956,33.25200000000001,89.481,89.481,37.327,70.57900000000001,70,2.482,1
45048,1,1.185,0.948,-34.16,83.28300000000002,83.283,-5.437000000000012,-39.59700000000001,70,2.482,2
47412,1,1.176,1.209,-60.36,13.461999999999989,13.462,60.411,0.05099999999998772,70,2.482,3
47876,1,0.87,1.049,-45.822,1.5010000000000048,1.501,42.876000000000005,-2.945999999999998,70,2.482,4
44320,1,1.456,0.594,-40.40299999999999,91.25400000000002,91.254,27.48599999999999,-12.917000000000002,70,2.482,5
48834,1,1.451,1.303,43.733000000000004,85.69999999999999,85.7,40.60900000000001,84.34199999999998,70,2.482,6
21546,1,1.528,1.03,-3.548000000000002,12.006,12.006,-17.573000000000008,-21.12100000000001,70,2.482,7
49445,1,0.604,1.024,-76.418,11.34299999999999,11.343,64.07400000000001,-12.343999999999994,70,2.482,8
36311,1,0.913,0.893,7.974999999999994,83.11099999999999,83.111,-21.549000000000007,-13.574000000000012,70,2.482,9
42396,1,1.674,0.74,38.226,52.66899999999998,52.669,9.143,47.369,70,2.482,10
26951,1,2.594,0.676,69.958,59.63300000000001,59.633,36.43899999999999,106.39699999999999,70,2.482,11
720,1,1.564,0.723,0.9279999999999973,46.387,46.387,-21.78,-20.852000000000004,70,2.482,12
22898,1,1.415,1.383,13.796999999999997,86.22899999999998,86.229,-28.681999999999988,-14.884999999999991,70,2.482,13
39732,1,1.009,0.979,1.9960000000000093,66.14600000000002,66.146,-20.501000000000005,-18.504999999999995,70,2.482,14
13021,1,1.155,1.09,20.191000000000003,13.955000000000013,13.955,-34.71600000000001,-14.525000000000006,70,2.482,15
24254,1,0.727,1.176,-72.655,-38.702,38.702,95.75200000000001,23.09700000000001,70,2.482,16
49437,1,0.783,1.316,-38.25399999999999,14.135999999999996,14.136,28.135999999999996,-10.117999999999995,70,2.482,17
36314,1,1.277,0.764,10.084000000000003,72.886,72.886,-30.538999999999987,-20.454999999999984,70,2.482,18
44857,1,1.625,1.302,-31.12299999999999,81.28800000000001,81.288,5.867999999999995,-25.254999999999995,70,2.482,19
44855,1,2.027,1.255,-27.599999999999994,76.053,76.053,6.432999999999993,-21.167,70,2.482,20
47856,1,1.05,1.086,-4.304000000000002,-2.960000000000008,2.96,3.443000000000012,-0.86099999999999,71,2.482,1
48866,1,1.425,0.811,38.054,89.51300000000003,89.513,29.960000000000008,68.01400000000001,71,2.482,2
36312,1,1.15,1.068,7.787000000000006,79.77499999999998,79.775,-24.52000000000001,-16.733000000000004,71,2.482,3
45048,1,1.185,0.948,-34.16,83.28300000000002,83.283,-5.437000000000012,-39.59700000000001,71,2.482,4
24119,1,0.707,1.311,91.065,34.506,34.506,-80.21,10.855000000000018,71,2.482,5
46404,1,1.723,0.863,3.1140000000000043,58.638000000000005,58.638,-13.675000000000011,-10.561000000000007,71,2.482,6
31200,1,1.5,1.135,0.5809999999999889,98.27100000000002,98.271,47.71199999999999,48.293000000000006,71,2.482,7
19706,1,1.547,1.148,51.46100000000001,44.968999999999994,44.969,-23.608000000000004,27.85300000000001,71,2.482,8
49449,1,0.707,1.259,-78.706,9.679000000000002,9.679,71.924,-6.781999999999982,71,2.482,9
45076,1,1.338,0.936,-24.009000000000015,88.74200000000002,88.742,-3.437000000000012,-27.445999999999998,71,2.482,10
44268,1,0.632,1.037,-34.93099999999998,23.183999999999997,23.184,28.870000000000005,-6.061000000000007,71,2.482,11
22898,1,1.415,1.383,13.796999999999997,86.22899999999998,86.229,-28.681999999999988,-14.884999999999991,71,2.482,12
12513,1,1.337,1.118,2.1200000000000045,39.84100000000001,39.841,-29.903999999999996,-27.783999999999992,71,2.482,13
18193,1,1.777,0.993,-16.90700000000001,44.518,44.518,1.247000000000014,-15.659999999999997,71,2.482,14
44172,1,1.71,1.306,-37.68700000000001,72.27600000000001,72.276,15.245000000000005,-22.442000000000007,71,2.482,15
12120,1,1.134,0.925,-32.518,42.501000000000005,42.501,5.878999999999991,-26.63900000000001,71,2.482,16
48861,1,1.48,0.956,33.25200000000001,89.481,89.481,37.327,70.57900000000001,71,2.482,17
48780,1,1.443,0.973,44.38300000000001,68.84800000000001,68.848,22.884000000000015,67.267,71,2.482,18
49597,1,0.669,1.256,-80.608,13.497000000000014,13.497,74.05700000000002,-6.550999999999988,71,2.482,19
35395,1,1.279,0.955,11.590000000000003,4.811000000000007,4.811,-4.375,7.215000000000003,71,2.482,20
40191,1,0.889,1.293,-2.1059999999999945,42.506,42.506,-7.778999999999996,-9.884999999999991,72,2.482,1
44322,1,1.576,1.376,-35.434,89.52600000000001,89.526,24.093999999999994,-11.340000000000003,72,2.482,2
36314,1,1.277,0.764,10.084000000000003,72.886,72.886,-30.538999999999987,-20.454999999999984,72,2.482,3
44595,1,1.364,1.124,-38.21199999999999,54.56100000000001,54.561,3.1229999999999905,-35.089,72,2.482,4
44857,1,1.625,1.302,-31.12299999999999,81.28800000000001,81.288,5.867999999999995,-25.254999999999995,72,2.482,5
44176,1,1.288,1.115,-37.158000000000015,72.56299999999999,72.563,18.413999999999987,-18.744,72,2.482,6
24845,1,1.095,1.026,-72.908,-33.93099999999998,33.931,90.61400000000003,17.706000000000017,72,2.482,7
39697,1,1.193,0.738,4.4950000000000045,76.14699999999999,76.147,-30.61699999999999,-26.122000000000014,72,2.482,8
49445,1,0.604,1.024,-76.418,11.34299999999999,11.343,64.07400000000001,-12.343999999999994,72,2.482,9
12565,1,1.727,0.805,20.790999999999997,88.81600000000003,88.816,49.72200000000001,70.513,72,2.482,10
13149,1,1.614,0.929,5.4979999999999905,18.191000000000003,18.191,-27.345,-21.84700000000001,72,2.482,11
47860,1,0.919,0.903,68.38900000000001,-9.045999999999992,9.046,-70.948,-2.5589999999999975,72,2.482,12
31379,1,2.028,0.672,42.16300000000001,86.26999999999998,86.27,75.394,117.55700000000002,72,2.482,13
36311,1,0.913,0.893,7.974999999999994,83.11099999999999,83.111,-21.549000000000007,-13.574000000000012,72,2.482,14
48830,1,1.186,0.578,49.589,86.60000000000002,86.6,36.644000000000005,86.233,72,2.482,15
12120,1,1.134,0.925,-32.518,42.501000000000005,42.501,5.878999999999991,-26.63900000000001,72,2.482,16
27886,1,0.767,0.998,58.077,10.649000000000001,10.649,-45.25,12.826999999999998,72,2.482,17
22898,1,1.415,1.383,13.796999999999997,86.22899999999998,86.229,-28.681999999999988,-14.884999999999991,72,2.482,18
48883,1,1.032,0.704,47.787000000000006,61.953,61.953,10.834000000000003,58.62100000000001,72,2.482,19
49359,1,0.648,0.937,-73.824,10.281000000000006,10.281,62.853999999999985,-10.969999999999999,72,2.482,20
27886,1,0.767,0.998,58.077,10.649000000000001,10.649,-45.25,12.826999999999998,73,2.485,1
36311,1,0.913,0.893,7.974999999999994,83.11099999999999,83.111,-21.549000000000007,-13.574000000000012,73,2.485,2
12120,1,1.134,0.925,-32.518,42.501000000000005,42.501,5.878999999999991,-26.63900000000001,73,2.485,3
12513,1,1.337,1.118,2.1200000000000045,39.84100000000001,39.841,-29.903999999999996,-27.783999999999992,73,2.485,4
31818,1,2.581,1.147,23.908999999999992,75.132,75.132,16.930000000000007,40.839,73,2.485,5
39697,1,1.193,0.738,4.4950000000000045,76.14699999999999,76.147,-30.61699999999999,-26.122000000000014,73,2.485,6
44315,1,1.439,0.787,-39.56,67.74700000000001,67.747,23.039999999999992,-16.52000000000001,73,2.485,7
48876,1,1.327,0.792,48.32599999999999,64.76499999999999,64.765,13.740999999999985,62.06700000000001,73,2.485,8
48834,1,1.451,1.303,43.733000000000004,85.69999999999999,85.7,40.60900000000001,84.34199999999998,73,2.485,9
12585,1,1.141,0.814,28.251000000000005,95.90199999999999,95.902,44.610000000000014,72.86099999999999,73,2.485,10
45048,1,1.185,0.948,-34.16,83.28300000000002,83.283,-5.437000000000012,-39.59700000000001,73,2.485,11
47874,1,0.963,1.106,14.60499999999999,4.510999999999996,4.511,-14.179000000000002,0.4259999999999877,73,2.485,12
43395,1,1.654,1.232,-3.0900000000000034,58.269000000000005,58.269,-39.821,-42.911,73,2.485,13
45069,1,1.084,1.438,-28.075999999999993,84.87900000000002,84.879,0.9159999999999968,-27.159999999999997,73,2.485,14
29277,1,1.518,1.142,30.19999999999999,-8.723000000000013,8.723,-15.408999999999992,14.790999999999997,73,2.485,15
44856,1,1.835,1.512,-28.860000000000014,76.209,76.209,6.074999999999989,-22.784999999999997,73,2.485,16
49507,1,0.728,0.924,-72.986,18.08699999999999,18.087,60.577,-12.408999999999992,73,2.485,17
46509,1,1.247,0.769,20.733000000000004,61.997000000000014,61.997,-33.19999999999999,-12.467000000000013,73,2.485,18
24126,1,0.855,1.437,81.81700000000001,36.28899999999999,36.289,-66.567,15.25,73,2.485,19
13142,1,1.352,0.952,17.740999999999985,18.335000000000008,18.335,-39.471000000000004,-21.72999999999999,73,2.485,20
46812,1,1.208,0.783,23.762,61.173,61.173,-40.56900000000002,-16.807000000000016,74,2.485,1
37445,1,1.56,1.174,-15.908999999999992,45.274,45.274,39.738,23.829000000000008,74,2.485,2
18193,1,1.777,0.993,-16.90700000000001,44.518,44.518,1.247000000000014,-15.659999999999997,74,2.485,3
48780,1,1.443,0.973,44.38300000000001,68.84800000000001,68.848,22.884000000000015,67.267,74,2.485,4
43592,1,1.478,0.966,-12.343999999999994,35.84800000000001,35.848,6.657999999999987,-5.686000000000007,74,2.485,5
39204,1,1.193,1.051,65.41500000000002,12.75,12.75,-49.458,15.956999999999994,74,2.485,6
13021,1,1.155,1.09,20.191000000000003,13.955000000000013,13.955,-34.71600000000001,-14.525000000000006,74,2.485,7
36311,1,0.913,0.893,7.974999999999994,83.11099999999999,83.111,-21.549000000000007,-13.574000000000012,74,2.485,8
44857,1,1.625,1.302,-31.12299999999999,81.28800000000001,81.288,5.867999999999995,-25.254999999999995,74,2.485,9
31912,1,1.776,0.65,21.736999999999995,74.826,74.826,-8.105999999999995,13.631,74,2.485,10
12565,1,1.727,0.805,20.790999999999997,88.81600000000003,88.816,49.72200000000001,70.513,74,2.485,11
36312,1,1.15,1.068,7.787000000000006,79.77499999999998,79.775,-24.52000000000001,-16.733000000000004,74,2.485,12
14677,1,1.301,1.327,3.937000000000012,62.80099999999999,62.801,-9.03200000000001,-5.094999999999999,74,2.485,13
45048,1,1.185,0.948,-34.16,83.28300000000002,83.283,-5.437000000000012,-39.59700000000001,74,2.485,14
24126,1,0.855,1.437,81.81700000000001,36.28899999999999,36.289,-66.567,15.25,74,2.485,15
12120,1,1.134,0.925,-32.518,42.501000000000005,42.501,5.878999999999991,-26.63900000000001,74,2.485,16
49298,1,0.836,1.081,-75.328,10.602000000000004,10.602,60.41,-14.918000000000006,74,2.485,17
44303,1,1.942,1.1,-38.393,79.62400000000002,79.624,28.054000000000002,-10.338999999999999,74,2.485,18
49445,1,0.604,1.024,-76.418,11.34299999999999,11.343,64.07400000000001,-12.343999999999994,74,2.485,19
2582,1,1.081,0.593,43.025000000000006,107.92000000000002,107.92,78.368,121.39300000000003,74,2.485,20
44176,1,1.288,1.115,-37.158000000000015,72.56299999999999,72.563,18.413999999999987,-18.744,75,2.491,1
36311,1,0.913,0.893,7.974999999999994,83.11099999999999,83.111,-21.549000000000007,-13.574000000000012,75,2.491,2
47854,1,0.851,1.082,-6.628999999999991,7.8089999999999975,7.809,5.975999999999999,-0.6529999999999916,75,2.491,3
13021,1,1.155,1.09,20.191000000000003,13.955000000000013,13.955,-34.71600000000001,-14.525000000000006,75,2.491,4
2825,1,0.951,1.128,42.227000000000004,123.37599999999998,123.376,91.904,134.13099999999997,75,2.491,5
48883,1,1.032,0.704,47.787000000000006,61.953,61.953,10.834000000000003,58.62100000000001,75,2.491,6
12727,1,1.484,1.448,6.457999999999998,79.89699999999999,79.897,7.056999999999988,13.514999999999986,75,2.491,7
44855,1,2.027,1.255,-27.599999999999994,76.053,76.053,6.432999999999993,-21.167,75,2.491,8
44857,1,1.625,1.302,-31.12299999999999,81.28800000000001,81.288,5.867999999999995,-25.254999999999995,75,2.491,9
43373,1,1.035,1.129,-8.397999999999996,58.139999999999986,58.14,-37.889999999999986,-46.28800000000001,75,2.491,10
12430,1,1.162,0.751,35.36500000000001,41.167,41.167,-11.48599999999999,23.87899999999999,75,2.491,11
48866,1,1.425,0.811,38.054,89.51300000000003,89.513,29.960000000000008,68.01400000000001,75,2.491,12
48221,1,0.821,1.367,34.587999999999994,-2.774000000000001,2.774,-43.995000000000005,-9.406999999999982,75,2.491,13
49445,1,0.604,1.024,-76.418,11.34299999999999,11.343,64.07400000000001,-12.343999999999994,75,2.491,14
8433,1,1.296,1.371,26.458,55.99799999999999,55.998,-48.047,-21.589,75,2.491,15
39697,1,1.193,0.738,4.4950000000000045,76.14699999999999,76.147,-30.61699999999999,-26.122000000000014,75,2.491,16
26951,1,2.594,0.676,69.958,59.63300000000001,59.633,36.43899999999999,106.39699999999999,75,2.491,17
35069,1,0.907,1.151,5.313999999999993,8.266999999999996,8.267,8.782999999999987,14.097000000000008,75,2.491,18
45048,1,1.185,0.948,-34.16,83.28300000000002,83.283,-5.437000000000012,-39.59700000000001,75,2.491,19
27879,1,1.168,0.842,-59.783,-8.830999999999989,8.831,73.91899999999998,14.135999999999996,75,2.491,20
49445,1,0.604,1.024,-76.418,11.34299999999999,11.343,64.07400000000001,-12.343999999999994,76,2.492,1
36311,1,0.913,0.893,7.974999999999994,83.11099999999999,83.111,-21.549000000000007,-13.574000000000012,76,2.492,2
12120,1,1.134,0.925,-32.518,42.501000000000005,42.501,5.878999999999991,-26.63900000000001,76,2.492,3
44320,1,1.456,0.594,-40.40299999999999,91.25400000000002,91.254,27.48599999999999,-12.917000000000002,76,2.492,4
48221,1,0.821,1.367,34.587999999999994,-2.774000000000001,2.774,-43.995000000000005,-9.406999999999982,76,2.492,5
24254,1,0.727,1.176,-72.655,-38.702,38.702,95.75200000000001,23.09700000000001,76,2.492,6
36312,1,1.15,1.068,7.787000000000006,79.77499999999998,79.775,-24.52000000000001,-16.733000000000004,76,2.492,7
49009,1,1.136,0.825,-31.242999999999995,45.92500000000001,45.925,11.973000000000013,-19.27000000000001,76,2.492,8
5873,1,1.223,0.901,39.869,45.90299999999999,45.903,-23.906000000000006,15.962999999999994,76,2.492,9
48811,1,1.294,0.552,46.15299999999999,69.44999999999999,69.45,55.40299999999999,101.55599999999998,76,2.492,10
2207,1,1.205,0.826,17.377999999999986,102.77800000000002,102.778,59.946,77.32400000000001,76,2.492,11
22898,1,1.415,1.383,13.796999999999997,86.22899999999998,86.229,-28.681999999999988,-14.884999999999991,76,2.492,12
44857,1,1.625,1.302,-31.12299999999999,81.28800000000001,81.288,5.867999999999995,-25.254999999999995,76,2.492,13
18191,1,1.472,0.832,-24.932999999999993,49.31200000000001,49.312,7.686000000000007,-17.247000000000014,76,2.492,14
49448,1,0.649,1.12,-79.412,9.203000000000003,9.203,69.96699999999998,-9.444999999999993,76,2.492,15
27886,1,0.767,0.998,58.077,10.649000000000001,10.649,-45.25,12.826999999999998,76,2.492,16
48876,1,1.327,0.792,48.32599999999999,64.76499999999999,64.765,13.740999999999985,62.06700000000001,76,2.492,17
12513,1,1.337,1.118,2.1200000000000045,39.84100000000001,39.841,-29.903999999999996,-27.783999999999992,76,2.492,18
44172,1,1.71,1.306,-37.68700000000001,72.27600000000001,72.276,15.245000000000005,-22.442000000000007,76,2.492,19
46404,1,1.723,0.863,3.1140000000000043,58.638000000000005,58.638,-13.675000000000011,-10.561000000000007,76,2.492,20
45048,1,1.185,0.948,-34.16,83.28300000000002,83.283,-5.437000000000012,-39.59700000000001,77,2.493,1
49445,1,0.604,1.024,-76.418,11.34299999999999,11.343,64.07400000000001,-12.343999999999994,77,2.493,2
39697,1,1.193,0.738,4.4950000000000045,76.14699999999999,76.147,-30.61699999999999,-26.122000000000014,77,2.493,3
9117,1,1.07,1.123,-18.295000000000016,80.36500000000001,80.365,-13.168000000000006,-31.462999999999994,77,2.493,4
36312,1,1.15,1.068,7.787000000000006,79.77499999999998,79.775,-24.52000000000001,-16.733000000000004,77,2.493,5
49507,1,0.728,0.924,-72.986,18.08699999999999,18.087,60.577,-12.408999999999992,77,2.493,6
31374,1,2.196,0.722,26.568000000000012,76.39600000000002,76.396,64.16899999999998,90.73699999999997,77,2.493,7
35069,1,0.907,1.151,5.313999999999993,8.266999999999996,8.267,8.782999999999987,14.097000000000008,77,2.493,8
48780,1,1.443,0.973,44.38300000000001,68.84800000000001,68.848,22.884000000000015,67.267,77,2.493,9
24135,1,0.697,1.315,74.02199999999999,40.22300000000001,40.223,-65.454,8.568000000000012,77,2.493,10
12144,1,1.14,0.824,-25.752999999999986,27.150000000000006,27.15,3.6299999999999955,-22.12299999999999,77,2.493,11
31912,1,1.776,0.65,21.736999999999995,74.826,74.826,-8.105999999999995,13.631,77,2.493,12
44295,1,1.305,0.981,-31.704999999999984,73.25200000000001,73.252,17.379999999999995,-14.324999999999989,77,2.493,13
18193,1,1.777,0.993,-16.90700000000001,44.518,44.518,1.247000000000014,-15.659999999999997,77,2.493,14
27878,1,1.102,0.93,-70.931,-10.992999999999995,10.993,83.28899999999999,12.358000000000004,77,2.493,15
44855,1,2.027,1.255,-27.599999999999994,76.053,76.053,6.432999999999993,-21.167,77,2.493,16
47959,1,1.189,1.189,-71.887,15.074999999999989,15.075,63.035,-8.852000000000004,77,2.493,17
44176,1,1.288,1.115,-37.158000000000015,72.56299999999999,72.563,18.413999999999987,-18.744,77,2.493,18
48861,1,1.48,0.956,33.25200000000001,89.481,89.481,37.327,70.57900000000001,77,2.493,19
19631,1,1.096,0.902,57.843999999999994,35.286,35.286,-57.378,0.4660000000000082,77,2.493,20
37445,1,1.56,1.174,-15.908999999999992,45.274,45.274,39.738,23.829000000000008,78,2.499,1
30851,1,1.13,1.126,26.962999999999994,34.00200000000001,34.002,-12.99199999999999,13.971000000000004,78,2.499,2
47854,1,0.851,1.082,-6.628999999999991,7.8089999999999975,7.809,5.975999999999999,-0.6529999999999916,78,2.499,3
48128,1,1.106,1.331,11.256,9.048000000000002,9.048,-25.740999999999985,-14.485000000000014,78,2.499,4
44322,1,1.576,1.376,-35.434,89.52600000000001,89.526,24.093999999999994,-11.340000000000003,78,2.499,5
44855,1,2.027,1.255,-27.599999999999994,76.053,76.053,6.432999999999993,-21.167,78,2.499,6
18193,1,1.777,0.993,-16.90700000000001,44.518,44.518,1.247000000000014,-15.659999999999997,78,2.499,7
48834,1,1.451,1.303,43.733000000000004,85.69999999999999,85.7,40.60900000000001,84.34199999999998,78,2.499,8
24479,1,0.722,0.974,94.798,39.587999999999994,39.588,-76.477,18.320999999999998,78,2.499,9
31815,1,2.517,0.777,25.62899999999999,69.755,69.755,26.872000000000014,52.501000000000005,78,2.499,10
48876,1,1.327,0.792,48.32599999999999,64.76499999999999,64.765,13.740999999999985,62.06700000000001,78,2.499,11
48150,1,0.763,1.061,-35.172,14.890999999999991,14.891,21.37700000000001,-13.794999999999987,78,2.499,12
48830,1,1.186,0.578,49.589,86.60000000000002,86.6,36.644000000000005,86.233,78,2.499,13
36311,1,0.913,0.893,7.974999999999994,83.11099999999999,83.111,-21.549000000000007,-13.574000000000012,78,2.499,14
44176,1,1.288,1.115,-37.158000000000015,72.56299999999999,72.563,18.413999999999987,-18.744,78,2.499,15
46812,1,1.208,0.783,23.762,61.173,61.173,-40.56900000000002,-16.807000000000016,78,2.499,16
46061,1,0.771,0.967,12.283999999999992,83.23000000000002,83.23,-22.671999999999997,-10.388000000000005,78,2.499,17
22898,1,1.415,1.383,13.796999999999997,86.22899999999998,86.229,-28.681999999999988,-14.884999999999991,78,2.499,18
45048,1,1.185,0.948,-34.16,83.28300000000002,83.283,-5.437000000000012,-39.59700000000001,78,2.499,19
49381,1,0.776,1.028,-82.831,13.372000000000014,13.372,67.06299999999999,-15.768,78,2.499,20
48834,1,1.451,1.303,43.733000000000004,85.69999999999999,85.7,40.60900000000001,84.34199999999998,79,2.501,1
48221,1,0.821,1.367,34.587999999999994,-2.774000000000001,2.774,-43.995000000000005,-9.406999999999982,79,2.501,2
44176,1,1.288,1.115,-37.158000000000015,72.56299999999999,72.563,18.413999999999987,-18.744,79,2.501,3
47876,1,0.87,1.049,-45.822,1.5010000000000048,1.501,42.876000000000005,-2.945999999999998,79,2.501,4
27886,1,0.767,0.998,58.077,10.649000000000001,10.649,-45.25,12.826999999999998,79,2.501,5
44857,1,1.625,1.302,-31.12299999999999,81.28800000000001,81.288,5.867999999999995,-25.254999999999995,79,2.501,6
12120,1,1.134,0.925,-32.518,42.501000000000005,42.501,5.878999999999991,-26.63900000000001,79,2.501,7
49445,1,0.604,1.024,-76.418,11.34299999999999,11.343,64.07400000000001,-12.343999999999994,79,2.501,8
18193,1,1.777,0.993,-16.90700000000001,44.518,44.518,1.247000000000014,-15.659999999999997,79,2.501,9
43348,1,1.022,1.226,10.796999999999997,56.762,56.762,-55.937,-45.139999999999986,79,2.501,10
17860,1,1.45,1.117,29.644000000000005,76.87700000000001,76.877,-49.62299999999999,-19.978999999999985,79,2.501,11
36311,1,0.913,0.893,7.974999999999994,83.11099999999999,83.111,-21.549000000000007,-13.574000000000012,79,2.501,12
44973,1,0.883,1.79,-35.44999999999999,20.075999999999993,20.076,36.99199999999999,1.5420000000000016,79,2.501,13
13068,1,1.234,1.034,12.507000000000005,18.894000000000005,18.894,-35.929,-23.421999999999997,79,2.501,14
48876,1,1.327,0.792,48.32599999999999,64.76499999999999,64.765,13.740999999999985,62.06700000000001,79,2.501,15
12513,1,1.337,1.118,2.1200000000000045,39.84100000000001,39.841,-29.903999999999996,-27.783999999999992,79,2.501,16
12585,1,1.141,0.814,28.251000000000005,95.90199999999999,95.902,44.610000000000014,72.86099999999999,79,2.501,17
39714,1,1.078,1.206,-1.3290000000000077,70.20499999999998,70.205,-19.60499999999999,-20.933999999999997,79,2.501,18
44285,1,1.597,0.926,-37.095,68.89699999999999,68.897,26.09700000000001,-10.99799999999999,79,2.501,19
45069,1,1.084,1.438,-28.075999999999993,84.87900000000002,84.879,0.9159999999999968,-27.159999999999997,79,2.501,20
49445,1,0.604,1.024,-76.418,11.34299999999999,11.343,64.07400000000001,-12.343999999999994,80,2.508,1
45048,1,1.185,0.948,-34.16,83.28300000000002,83.283,-5.437000000000012,-39.59700000000001,80,2.508,2
12463,1,0.921,1.21,5.00800000000001,33.04900000000001,33.049,-36.53800000000001,-31.53,80,2.508,3
39711,1,1.244,1.241,4.411000000000001,70.184,70.184,-26.423000000000002,-22.012,80,2.508,4
45193,1,0.729,1.539,-2.9010000000000105,12.219999999999999,12.22,-9.25800000000001,-12.158999999999992,80,2.508,5
44322,1,1.576,1.376,-35.434,89.52600000000001,89.526,24.093999999999994,-11.340000000000003,80,2.508,6
48830,1,1.186,0.578,49.589,86.60000000000002,86.6,36.644000000000005,86.233,80,2.508,7
46061,1,0.771,0.967,12.283999999999992,83.23000000000002,83.23,-22.671999999999997,-10.388000000000005,80,2.508,8
39731,1,1.306,0.854,-0.03200000000001069,69.00400000000002,69.004,-22.776999999999987,-22.808999999999997,80,2.508,9
24137,1,0.666,1.194,86.71800000000002,38.50999999999999,38.51,-78.558,8.159999999999997,80,2.508,10
22897,1,1.367,1.428,10.830000000000013,78.52100000000002,78.521,-28.917,-18.08699999999999,80,2.508,11
12148,1,1.79,0.875,-9.318000000000012,24.851,24.851,-10.394000000000005,-19.71199999999999,80,2.508,12
48883,1,1.032,0.704,47.787000000000006,61.953,61.953,10.834000000000003,58.62100000000001,80,2.508,13
36314,1,1.277,0.764,10.084000000000003,72.886,72.886,-30.538999999999987,-20.454999999999984,80,2.508,14
48861,1,1.48,0.956,33.25200000000001,89.481,89.481,37.327,70.57900000000001,80,2.508,15
47860,1,0.919,0.903,68.38900000000001,-9.045999999999992,9.046,-70.948,-2.5589999999999975,80,2.508,16
18589,1,1.38,1.127,-8.203000000000003,34.06399999999999,34.064,1.7589999999999861,-6.443999999999988,80,2.508,17
44176,1,1.288,1.115,-37.158000000000015,72.56299999999999,72.563,18.413999999999987,-18.744,80,2.508,18
27886,1,0.767,0.998,58.077,10.649000000000001,10.649,-45.25,12.826999999999998,80,2.508,19
44855,1,2.027,1.255,-27.599999999999994,76.053,76.053,6.432999999999993,-21.167,80,2.508,20
45048,1,1.185,0.948,-34.16,83.28300000000002,83.283,-5.437000000000012,-39.59700000000001,81,2.508,1
47854,1,0.851,1.082,-6.628999999999991,7.8089999999999975,7.809,5.975999999999999,-0.6529999999999916,81,2.508,2
12513,1,1.337,1.118,2.1200000000000045,39.84100000000001,39.841,-29.903999999999996,-27.783999999999992,81,2.508,3
49381,1,0.776,1.028,-82.831,13.372000000000014,13.372,67.06299999999999,-15.768,81,2.508,4
31912,1,1.776,0.65,21.736999999999995,74.826,74.826,-8.105999999999995,13.631,81,2.508,5
41718,1,0.64,0.901,-46.446,28.096000000000004,28.096,34.087999999999994,-12.358000000000004,81,2.508,6
31412,1,1.281,0.888,50.953,39.304,39.304,-65.861,-14.907999999999987,81,2.508,7
2825,1,0.951,1.128,42.227000000000004,123.37599999999998,123.376,91.904,134.13099999999997,81,2.508,8
13021,1,1.155,1.09,20.191000000000003,13.955000000000013,13.955,-34.71600000000001,-14.525000000000006,81,2.508,9
43376,1,1.248,1.376,-15.156000000000006,51.94200000000001,51.942,-36.587999999999994,-51.744,81,2.508,10
46382,1,1.418,0.963,5.342000000000013,62.47999999999999,62.48,-8.826999999999998,-3.4850000000000136,81,2.508,11
12585,1,1.141,0.814,28.251000000000005,95.90199999999999,95.902,44.610000000000014,72.86099999999999,81,2.508,12
17860,1,1.45,1.117,29.644000000000005,76.87700000000001,76.877,-49.62299999999999,-19.978999999999985,81,2.508,13
44855,1,2.027,1.255,-27.599999999999994,76.053,76.053,6.432999999999993,-21.167,81,2.508,14
45069,1,1.084,1.438,-28.075999999999993,84.87900000000002,84.879,0.9159999999999968,-27.159999999999997,81,2.508,15
44176,1,1.288,1.115,-37.158000000000015,72.56299999999999,72.563,18.413999999999987,-18.744,81,2.508,16
27886,1,0.767,0.998,58.077,10.649000000000001,10.649,-45.25,12.826999999999998,81,2.508,17
48876,1,1.327,0.792,48.32599999999999,64.76499999999999,64.765,13.740999999999985,62.06700000000001,81,2.508,18
43557,1,1.779,0.807,-48.303,48.18299999999999,48.183,23.430000000000007,-24.87299999999999,81,2.508,19
48779,1,1.05,0.741,41.054,65.64499999999998,65.645,28.63300000000001,69.68700000000001,81,2.508,20
37445,1,1.56,1.174,-15.908999999999992,45.274,45.274,39.738,23.829000000000008,82,2.522,1
12513,1,1.337,1.118,2.1200000000000045,39.84100000000001,39.841,-29.903999999999996,-27.783999999999992,82,2.522,2
48221,1,0.821,1.367,34.587999999999994,-2.774000000000001,2.774,-43.995000000000005,-9.406999999999982,82,2.522,3
44465,1,1.251,1.298,-34.44999999999999,24.087999999999994,24.088,17.706999999999994,-16.742999999999995,82,2.522,4
12120,1,1.134,0.925,-32.518,42.501000000000005,42.501,5.878999999999991,-26.63900000000001,82,2.522,5
39697,1,1.193,0.738,4.4950000000000045,76.14699999999999,76.147,-30.61699999999999,-26.122000000000014,82,2.522,6
47870,1,0.8,0.934,56.24600000000001,3.655000000000001,3.655,-62.64500000000001,-6.399000000000001,82,2.522,7
44855,1,2.027,1.255,-27.599999999999994,76.053,76.053,6.432999999999993,-21.167,82,2.522,8
13142,1,1.352,0.952,17.740999999999985,18.335000000000008,18.335,-39.471000000000004,-21.72999999999999,82,2.522,9
48830,1,1.186,0.578,49.589,86.60000000000002,86.6,36.644000000000005,86.233,82,2.522,10
44170,1,1.554,1.141,-35.78399999999999,68.179,68.179,16.840000000000003,-18.94399999999999,82,2.522,11
19705,1,1.665,1.191,56.97,48.745000000000005,48.745,-25.388000000000005,31.581999999999994,82,2.522,12
49445,1,0.604,1.024,-76.418,11.34299999999999,11.343,64.07400000000001,-12.343999999999994,82,2.522,13
48883,1,1.032,0.704,47.787000000000006,61.953,61.953,10.834000000000003,58.62100000000001,82,2.522,14
44293,1,1.671,0.925,-43.639999999999986,69.28300000000002,69.283,15.342000000000013,-28.298000000000002,82,2.522,15
45069,1,1.084,1.438,-28.075999999999993,84.87900000000002,84.879,0.9159999999999968,-27.159999999999997,82,2.522,16
12713,1,1.512,0.759,20.808999999999997,73.542,73.542,16.131,36.94,82,2.522,17
36314,1,1.277,0.764,10.084000000000003,72.886,72.886,-30.538999999999987,-20.454999999999984,82,2.522,18
36311,1,0.913,0.893,7.974999999999994,83.11099999999999,83.111,-21.549000000000007,-13.574000000000012,82,2.522,19
2810,1,0.99,0.866,43.079999999999984,113.94600000000003,113.946,86.78300000000002,129.863,82,2.522,20
44857,1,1.625,1.302,-31.12299999999999,81.28800000000001,81.288,5.867999999999995,-25.254999999999995,83,2.523,1
44436,1,1.749,1.169,-54.681,64.917,64.917,14.646000000000015,-40.035,83,2.523,2
48221,1,0.821,1.367,34.587999999999994,-2.774000000000001,2.774,-43.995000000000005,-9.406999999999982,83,2.523,3
39707,1,1.225,1.047,11.72399999999999,79.49599999999998,79.496,-30.125,-18.40100000000001,83,2.523,4
24111,1,0.708,1.358,96.42899999999997,38.81,38.81,-77.482,18.947000000000003,83,2.523,5
46061,1,0.771,0.967,12.283999999999992,83.23000000000002,83.23,-22.671999999999997,-10.388000000000005,83,2.523,6
48861,1,1.48,0.956,33.25200000000001,89.481,89.481,37.327,70.57900000000001,83,2.523,7
36311,1,0.913,0.893,7.974999999999994,83.11099999999999,83.111,-21.549000000000007,-13.574000000000012,83,2.523,8
4095,1,1.09,0.759,24.602000000000004,30.818000000000012,30.818,-47.605999999999995,-23.00399999999999,83,2.523,9
48830,1,1.186,0.578,49.589,86.60000000000002,86.6,36.644000000000005,86.233,83,2.523,10
12120,1,1.134,0.925,-32.518,42.501000000000005,42.501,5.878999999999991,-26.63900000000001,83,2.523,11
49549,1,1.128,0.898,57.459,-14.11099999999999,14.111,-69.437,-11.978000000000009,83,2.523,12
47854,1,0.851,1.082,-6.628999999999991,7.8089999999999975,7.809,5.975999999999999,-0.6529999999999916,83,2.523,13
27886,1,0.767,0.998,58.077,10.649000000000001,10.649,-45.25,12.826999999999998,83,2.523,14
31371,1,1.59,0.793,18.76400000000001,81.38999999999999,81.39,52.18000000000001,70.94400000000002,83,2.523,15
37445,1,1.56,1.174,-15.908999999999992,45.274,45.274,39.738,23.829000000000008,83,2.523,16
48883,1,1.032,0.704,47.787000000000006,61.953,61.953,10.834000000000003,58.62100000000001,83,2.523,17
45048,1,1.185,0.948,-34.16,83.28300000000002,83.283,-5.437000000000012,-39.59700000000001,83,2.523,18
46510,1,1.45,0.848,23.200999999999993,67.65,67.65,-30.917,-7.716000000000008,83,2.523,19
18254,1,1.005,0.931,-2.1829999999999927,39.162000000000006,39.162,-16.586000000000013,-18.769000000000005,83,2.523,20
2825,1,0.951,1.128,42.227000000000004,123.37599999999998,123.376,91.904,134.13099999999997,84,2.529,1
9004,1,1.333,1.065,-30.01599999999999,62.620000000000005,62.62,-7.25,-37.26599999999999,84,2.529,2
44176,1,1.288,1.115,-37.158000000000015,72.56299999999999,72.563,18.413999999999987,-18.744,84,2.529,3
36312,1,1.15,1.068,7.787000000000006,79.77499999999998,79.775,-24.52000000000001,-16.733000000000004,84,2.529,4
44855,1,2.027,1.255,-27.599999999999994,76.053,76.053,6.432999999999993,-21.167,84,2.529,5
24120,1,0.572,1.238,88.45299999999997,37.043000000000006,37.043,-73.608,14.844999999999999,84,2.529,6
39711,1,1.244,1.241,4.411000000000001,70.184,70.184,-26.423000000000002,-22.012,84,2.529,7
48849,1,0.845,1.103,46.56999999999999,88.31200000000001,88.312,44.73400000000001,91.30399999999997,84,2.529,8
49441,1,0.865,1.312,-67.409,9.100999999999999,9.101,56.821,-10.588000000000022,84,2.529,9
36311,1,0.913,0.893,7.974999999999994,83.11099999999999,83.111,-21.549000000000007,-13.574000000000012,84,2.529,10
34589,1,1.332,1.049,-33.59300000000002,9.608000000000004,9.608,46.27699999999999,12.683999999999997,84,2.529,11
47876,1,0.87,1.049,-45.822,1.5010000000000048,1.501,42.876000000000005,-2.945999999999998,84,2.529,12
48876,1,1.327,0.792,48.32599999999999,64.76499999999999,64.765,13.740999999999985,62.06700000000001,84,2.529,13
49009,1,1.136,0.825,-31.242999999999995,45.92500000000001,45.925,11.973000000000013,-19.27000000000001,84,2.529,14
12720,1,1.783,0.875,25.329000000000008,60.417,60.417,8.546999999999997,33.876000000000005,84,2.529,15
12111,1,1.357,0.753,-41.614000000000004,37.99199999999999,37.992,12.123999999999995,-29.49000000000001,84,2.529,16
27886,1,0.767,0.998,58.077,10.649000000000001,10.649,-45.25,12.826999999999998,84,2.529,17
39697,1,1.193,0.738,4.4950000000000045,76.14699999999999,76.147,-30.61699999999999,-26.122000000000014,84,2.529,18
44172,1,1.71,1.306,-37.68700000000001,72.27600000000001,72.276,15.245000000000005,-22.442000000000007,84,2.529,19
13021,1,1.155,1.09,20.191000000000003,13.955000000000013,13.955,-34.71600000000001,-14.525000000000006,84,2.529,20
48861,1,1.48,0.956,33.25200000000001,89.481,89.481,37.327,70.57900000000001,85,2.534,1
36312,1,1.15,1.068,7.787000000000006,79.77499999999998,79.775,-24.52000000000001,-16.733000000000004,85,2.534,2
45048,1,1.185,0.948,-34.16,83.28300000000002,83.283,-5.437000000000012,-39.59700000000001,85,2.534,3
44856,1,1.835,1.512,-28.860000000000014,76.209,76.209,6.074999999999989,-22.784999999999997,85,2.534,4
44172,1,1.71,1.306,-37.68700000000001,72.27600000000001,72.276,15.245000000000005,-22.442000000000007,85,2.534,5
19630,1,1.052,1.095,52.759000000000015,35.92699999999999,35.927,-49.489000000000004,3.2700000000000102,85,2.534,6
48780,1,1.443,0.973,44.38300000000001,68.84800000000001,68.848,22.884000000000015,67.267,85,2.534,7
12585,1,1.141,0.814,28.251000000000005,95.90199999999999,95.902,44.610000000000014,72.86099999999999,85,2.534,8
48883,1,1.032,0.704,47.787000000000006,61.953,61.953,10.834000000000003,58.62100000000001,85,2.534,9
12120,1,1.134,0.925,-32.518,42.501000000000005,42.501,5.878999999999991,-26.63900000000001,85,2.534,10
46812,1,1.208,0.783,23.762,61.173,61.173,-40.56900000000002,-16.807000000000016,85,2.534,11
49449,1,0.707,1.259,-78.706,9.679000000000002,9.679,71.924,-6.781999999999982,85,2.534,12
12513,1,1.337,1.118,2.1200000000000045,39.84100000000001,39.841,-29.903999999999996,-27.783999999999992,85,2.534,13
37443,1,1.463,1.257,-17.634000000000015,37.84100000000001,37.841,43.704999999999984,26.070999999999998,85,2.534,14
39712,1,1.221,1.22,5.688999999999993,70.912,70.912,-25.869,-20.180000000000007,85,2.534,15
48221,1,0.821,1.367,34.587999999999994,-2.774000000000001,2.774,-43.995000000000005,-9.406999999999982,85,2.534,16
24847,1,1.38,0.898,-64.995,-28.550999999999988,28.551,85.548,20.552999999999997,85,2.534,17
47876,1,0.87,1.049,-45.822,1.5010000000000048,1.501,42.876000000000005,-2.945999999999998,85,2.534,18
44170,1,1.554,1.141,-35.78399999999999,68.179,68.179,16.840000000000003,-18.94399999999999,85,2.534,19
47952,1,0.837,1.09,-54.120000000000005,14.115000000000009,14.115,51.228999999999985,-2.890999999999991,85,2.534,20
12515,1,1.335,1.194,10.37299999999999,31.75200000000001,31.752,-36.14099999999999,-25.768,86,2.535,1
46410,1,1.325,0.809,-15.108000000000004,57.14699999999999,57.147,-12.329000000000008,-27.437000000000012,86,2.535,2
13068,1,1.234,1.034,12.507000000000005,18.894000000000005,18.894,-35.929,-23.421999999999997,86,2.535,3
45048,1,1.185,0.948,-34.16,83.28300000000002,83.283,-5.437000000000012,-39.59700000000001,86,2.535,4
44871,1,1.677,1.28,-42.057000000000016,76.995,76.995,17.084000000000003,-24.973000000000013,86,2.535,5
46061,1,0.771,0.967,12.283999999999992,83.23000000000002,83.23,-22.671999999999997,-10.388000000000005,86,2.535,6
12377,1,1.14,0.709,38.36099999999999,92.257,92.257,61.827,100.18799999999999,86,2.535,7
48834,1,1.451,1.303,43.733000000000004,85.69999999999999,85.7,40.60900000000001,84.34199999999998,86,2.535,8
47876,1,0.87,1.049,-45.822,1.5010000000000048,1.501,42.876000000000005,-2.945999999999998,86,2.535,9
48883,1,1.032,0.704,47.787000000000006,61.953,61.953,10.834000000000003,58.62100000000001,86,2.535,10
36311,1,0.913,0.893,7.974999999999994,83.11099999999999,83.111,-21.549000000000007,-13.574000000000012,86,2.535,11
48158,1,0.798,1.311,-10.001000000000005,5.211000000000013,5.211,1.7959999999999923,-8.205000000000013,86,2.535,12
31374,1,2.196,0.722,26.568000000000012,76.39600000000002,76.396,64.16899999999998,90.73699999999997,86,2.535,13
9876,1,1.397,0.693,51.59800000000001,17.420999999999992,17.421,-84.983,-33.38499999999999,86,2.535,14
44857,1,1.625,1.302,-31.12299999999999,81.28800000000001,81.288,5.867999999999995,-25.254999999999995,86,2.535,15
27886,1,0.767,0.998,58.077,10.649000000000001,10.649,-45.25,12.826999999999998,86,2.535,16
49445,1,0.604,1.024,-76.418,11.34299999999999,11.343,64.07400000000001,-12.343999999999994,86,2.535,17
43377,1,1.451,1.311,-5.168000000000006,54.829999999999984,54.83,-41.12100000000001,-46.28899999999999,86,2.535,18
44178,1,1.844,1.182,-43.59100000000001,71.95600000000002,71.956,26.490999999999985,-17.099999999999994,86,2.535,19
36314,1,1.277,0.764,10.084000000000003,72.886,72.886,-30.538999999999987,-20.454999999999984,86,2.535,20
40982,1,1.543,1.196,-8.717000000000013,58.05199999999999,58.052,-14.877999999999986,-23.595,87,2.541,1
44176,1,1.288,1.115,-37.158000000000015,72.56299999999999,72.563,18.413999999999987,-18.744,87,2.541,2
49495,1,0.897,1.392,-60.36099999999999,21.48400000000001,21.484,63.742999999999995,3.382000000000005,87,2.541,3
39735,1,1.112,1.01,8.764999999999986,67.76499999999999,67.765,-24.738,-15.973000000000013,87,2.541,4
18193,1,1.777,0.993,-16.90700000000001,44.518,44.518,1.247000000000014,-15.659999999999997,87,2.541,5
18608,1,0.997,0.822,45.959,54.81700000000001,54.817,-38.31700000000001,7.641999999999996,87,2.541,6
13021,1,1.155,1.09,20.191000000000003,13.955000000000013,13.955,-34.71600000000001,-14.525000000000006,87,2.541,7
2825,1,0.951,1.128,42.227000000000004,123.37599999999998,123.376,91.904,134.13099999999997,87,2.541,8
39697,1,1.193,0.738,4.4950000000000045,76.14699999999999,76.147,-30.61699999999999,-26.122000000000014,87,2.541,9
44772,1,2.169,0.829,-48.435,76.82499999999999,76.825,11.948000000000008,-36.486999999999995,87,2.541,10
24119,1,0.707,1.311,91.065,34.506,34.506,-80.21,10.855000000000018,87,2.541,11
48834,1,1.451,1.303,43.733000000000004,85.69999999999999,85.7,40.60900000000001,84.34199999999998,87,2.541,12
27886,1,0.767,0.998,58.077,10.649000000000001,10.649,-45.25,12.826999999999998,87,2.541,13
49379,1,0.786,0.998,-94.476,13.266999999999996,13.267,79.19299999999998,-15.282999999999987,87,2.541,14
48866,1,1.425,0.811,38.054,89.51300000000003,89.513,29.960000000000008,68.01400000000001,87,2.541,15
39711,1,1.244,1.241,4.411000000000001,70.184,70.184,-26.423000000000002,-22.012,87,2.541,16
37445,1,1.56,1.174,-15.908999999999992,45.274,45.274,39.738,23.829000000000008,87,2.541,17
36311,1,0.913,0.893,7.974999999999994,83.11099999999999,83.111,-21.549000000000007,-13.574000000000012,87,2.541,18
12120,1,1.134,0.925,-32.518,42.501000000000005,42.501,5.878999999999991,-26.63900000000001,87,2.541,19
44857,1,1.625,1.302,-31.12299999999999,81.28800000000001,81.288,5.867999999999995,-25.254999999999995,87,2.541,20
12144,1,1.14,0.824,-25.752999999999986,27.150000000000006,27.15,3.6299999999999955,-22.12299999999999,88,2.542,1
15527,1,1.193,0.65,18.043000000000006,52.57300000000001,52.573,-49.828,-31.784999999999997,88,2.542,2
49445,1,0.604,1.024,-76.418,11.34299999999999,11.343,64.07400000000001,-12.343999999999994,88,2.542,3
12120,1,1.134,0.925,-32.518,42.501000000000005,42.501,5.878999999999991,-26.63900000000001,88,2.542,4
48883,1,1.032,0.704,47.787000000000006,61.953,61.953,10.834000000000003,58.62100000000001,88,2.542,5
44322,1,1.576,1.376,-35.434,89.52600000000001,89.526,24.093999999999994,-11.340000000000003,88,2.542,6
44858,1,1.403,1.465,-34.44200000000001,81.41200000000003,81.412,3.6030000000000086,-30.839,88,2.542,7
43373,1,1.035,1.129,-8.397999999999996,58.139999999999986,58.14,-37.889999999999986,-46.28800000000001,88,2.542,8
43040,1,1.396,1.1,-70.389,14.75,14.75,62.416,-7.973000000000013,88,2.542,9
43396,1,1.57,1.169,2.2369999999999948,59.709,59.709,-42.224999999999994,-39.988,88,2.542,10
36311,1,0.913,0.893,7.974999999999994,83.11099999999999,83.111,-21.549000000000007,-13.574000000000012,88,2.542,11
44855,1,2.027,1.255,-27.599999999999994,76.053,76.053,6.432999999999993,-21.167,88,2.542,12
27886,1,0.767,0.998,58.077,10.649000000000001,10.649,-45.25,12.826999999999998,88,2.542,13
31829,1,3.046,1.222,36.07900000000001,69.405,69.405,19.51400000000001,55.59300000000002,88,2.542,14
36312,1,1.15,1.068,7.787000000000006,79.77499999999998,79.775,-24.52000000000001,-16.733000000000004,88,2.542,15
47877,1,0.947,1.006,-22.24199999999999,4.753999999999991,4.754,21.647999999999996,-0.5939999999999941,88,2.542,16
48792,1,1.448,1.033,38.38300000000001,78.06799999999998,78.068,48.44400000000002,86.827,88,2.542,17
45048,1,1.185,0.948,-34.16,83.28300000000002,83.283,-5.437000000000012,-39.59700000000001,88,2.542,18
24137,1,0.666,1.194,86.71800000000002,38.50999999999999,38.51,-78.558,8.159999999999997,88,2.542,19
48866,1,1.425,0.811,38.054,89.51300000000003,89.513,29.960000000000008,68.01400000000001,88,2.542,20
48221,1,0.821,1.367,34.587999999999994,-2.774000000000001,2.774,-43.995000000000005,-9.406999999999982,89,2.543,1
12709,1,1.35,0.839,34.309,75.23500000000001,75.235,7.951999999999998,42.260999999999996,89,2.543,2
31379,1,2.028,0.672,42.16300000000001,86.26999999999998,86.27,75.394,117.55700000000002,89,2.543,3
12120,1,1.134,0.925,-32.518,42.501000000000005,42.501,5.878999999999991,-26.63900000000001,89,2.543,4
13173,1,1.235,0.797,-5.013000000000005,21.89500000000001,21.895,-18.947000000000003,-23.960000000000008,89,2.543,5
44855,1,2.027,1.255,-27.599999999999994,76.053,76.053,6.432999999999993,-21.167,89,2.543,6
48883,1,1.032,0.704,47.787000000000006,61.953,61.953,10.834000000000003,58.62100000000001,89,2.543,7
47946,1,0.831,1.23,-48.33600000000001,15.234000000000009,15.234,48.61500000000001,0.27899999999999636,89,2.543,8
44176,1,1.288,1.115,-37.158000000000015,72.56299999999999,72.563,18.413999999999987,-18.744,89,2.543,9
39712,1,1.221,1.22,5.688999999999993,70.912,70.912,-25.869,-20.180000000000007,89,2.543,10
43376,1,1.248,1.376,-15.156000000000006,51.94200000000001,51.942,-36.587999999999994,-51.744,89,2.543,11
49735,1,1.441,1.178,2.938999999999993,41.93000000000001,41.93,-55.557,-52.617999999999995,89,2.543,12
27886,1,0.767,0.998,58.077,10.649000000000001,10.649,-45.25,12.826999999999998,89,2.543,13
49445,1,0.604,1.024,-76.418,11.34299999999999,11.343,64.07400000000001,-12.343999999999994,89,2.543,14
45069,1,1.084,1.438,-28.075999999999993,84.87900000000002,84.879,0.9159999999999968,-27.159999999999997,89,2.543,15
44322,1,1.576,1.376,-35.434,89.52600000000001,89.526,24.093999999999994,-11.340000000000003,89,2.543,16
36311,1,0.913,0.893,7.974999999999994,83.11099999999999,83.111,-21.549000000000007,-13.574000000000012,89,2.543,17
30326,1,2.196,0.845,44.137,46.048,46.048,-0.8640000000000043,43.272999999999996,89,2.543,18
24137,1,0.666,1.194,86.71800000000002,38.50999999999999,38.51,-78.558,8.159999999999997,89,2.543,19
48866,1,1.425,0.811,38.054,89.51300000000003,89.513,29.960000000000008,68.01400000000001,89,2.543,20
44176,1,1.288,1.115,-37.158000000000015,72.56299999999999,72.563,18.413999999999987,-18.744,90,2.543,1
43381,1,1.248,1.202,-5.485000000000014,59.30099999999999,59.301,-40.18299999999999,-45.668000000000006,90,2.543,2
44856,1,1.835,1.512,-28.860000000000014,76.209,76.209,6.074999999999989,-22.784999999999997,90,2.543,3
24120,1,0.572,1.238,88.45299999999997,37.043000000000006,37.043,-73.608,14.844999999999999,90,2.543,4
27886,1,0.767,0.998,58.077,10.649000000000001,10.649,-45.25,12.826999999999998,90,2.543,5
36311,1,0.913,0.893,7.974999999999994,83.11099999999999,83.111,-21.549000000000007,-13.574000000000012,90,2.543,6
44322,1,1.576,1.376,-35.434,89.52600000000001,89.526,24.093999999999994,-11.340000000000003,90,2.543,7
45048,1,1.185,0.948,-34.16,83.28300000000002,83.283,-5.437000000000012,-39.59700000000001,90,2.543,8
47876,1,0.87,1.049,-45.822,1.5010000000000048,1.501,42.876000000000005,-2.945999999999998,90,2.543,9
12144,1,1.14,0.824,-25.752999999999986,27.150000000000006,27.15,3.6299999999999955,-22.12299999999999,90,2.543,10
31824,1,2.525,1.172,21.69399999999999,79.137,79.137,22.89699999999999,44.59100000000001,90,2.543,11
39735,1,1.112,1.01,8.764999999999986,67.76499999999999,67.765,-24.738,-15.973000000000013,90,2.543,12
10131,1,1.013,1.529,22.09299999999999,39.95099999999999,39.951,-47.089,-24.99600000000001,90,2.543,13
49441,1,0.865,1.312,-67.409,9.100999999999999,9.101,56.821,-10.588000000000022,90,2.543,14
49445,1,0.604,1.024,-76.418,11.34299999999999,11.343,64.07400000000001,-12.343999999999994,90,2.543,15
39697,1,1.193,0.738,4.4950000000000045,76.14699999999999,76.147,-30.61699999999999,-26.122000000000014,90,2.543,16
48834,1,1.451,1.303,43.733000000000004,85.69999999999999,85.7,40.60900000000001,84.34199999999998,90,2.543,17
48866,1,1.425,0.811,38.054,89.51300000000003,89.513,29.960000000000008,68.01400000000001,90,2.543,18
13132,1,1.409,0.869,-2.247000000000014,21.77799999999999,21.778,-17.06899999999999,-19.316000000000003,90,2.543,19
48780,1,1.443,0.973,44.38300000000001,68.84800000000001,68.848,22.884000000000015,67.267,90,2.543,20
13068,1,1.234,1.034,12.507000000000005,18.894000000000005,18.894,-35.929,-23.421999999999997,91,2.544,1
43040,1,1.396,1.1,-70.389,14.75,14.75,62.416,-7.973000000000013,91,2.544,2
48834,1,1.451,1.303,43.733000000000004,85.69999999999999,85.7,40.60900000000001,84.34199999999998,91,2.544,3
44855,1,2.027,1.255,-27.599999999999994,76.053,76.053,6.432999999999993,-21.167,91,2.544,4
12565,1,1.727,0.805,20.790999999999997,88.81600000000003,88.816,49.72200000000001,70.513,91,2.544,5
49441,1,0.865,1.312,-67.409,9.100999999999999,9.101,56.821,-10.588000000000022,91,2.544,6
32643,1,0.993,0.922,16.189999999999998,11.786000000000001,11.786,-10.914999999999992,5.275000000000006,91,2.544,7
47412,1,1.176,1.209,-60.36,13.461999999999989,13.462,60.411,0.05099999999998772,91,2.544,8
36311,1,0.913,0.893,7.974999999999994,83.11099999999999,83.111,-21.549000000000007,-13.574000000000012,91,2.544,9
44436,1,1.749,1.169,-54.681,64.917,64.917,14.646000000000015,-40.035,91,2.544,10
24140,1,0.518,1.329,67.757,43.232,43.232,-60.042,7.715000000000003,91,2.544,11
12147,1,1.538,0.89,-10.968999999999994,25.673000000000002,25.673,-8.134999999999991,-19.103999999999985,91,2.544,12
45048,1,1.185,0.948,-34.16,83.28300000000002,83.283,-5.437000000000012,-39.59700000000001,91,2.544,13
22898,1,1.415,1.383,13.796999999999997,86.22899999999998,86.229,-28.681999999999988,-14.884999999999991,91,2.544,14
36314,1,1.277,0.764,10.084000000000003,72.886,72.886,-30.538999999999987,-20.454999999999984,91,2.544,15
48896,1,0.963,0.812,47.718999999999994,66.71800000000002,66.718,17.64500000000001,65.364,91,2.544,16
1899,1,1.322,0.815,32.702,64.46800000000002,64.468,25.295000000000016,57.997000000000014,91,2.544,17
13021,1,1.155,1.09,20.191000000000003,13.955000000000013,13.955,-34.71600000000001,-14.525000000000006,91,2.544,18
18196,1,1.115,1.035,-4.5020000000000095,43.68299999999999,43.683,-5.4909999999999854,-9.992999999999995,91,2.544,19
44857,1,1.625,1.302,-31.12299999999999,81.28800000000001,81.288,5.867999999999995,-25.254999999999995,91,2.544,20
12585,1,1.141,0.814,28.251000000000005,95.90199999999999,95.902,44.610000000000014,72.86099999999999,92,2.544,1
19884,1,1.27,0.906,77.31600000000003,36.73599999999999,36.736,-54.512,22.804000000000002,92,2.544,2
2207,1,1.205,0.826,17.377999999999986,102.77800000000002,102.778,59.946,77.32400000000001,92,2.544,3
31912,1,1.776,0.65,21.736999999999995,74.826,74.826,-8.105999999999995,13.631,92,2.544,4
11721,1,1.469,1.273,8.349999999999994,65.43299999999999,65.433,-11.950999999999993,-3.600999999999999,92,2.544,5
13145,1,1.43,0.964,21.057999999999993,18.458,18.458,-42.956999999999994,-21.899,92,2.544,6
44436,1,1.749,1.169,-54.681,64.917,64.917,14.646000000000015,-40.035,92,2.544,7
47412,1,1.176,1.209,-60.36,13.461999999999989,13.462,60.411,0.05099999999998772,92,2.544,8
45048,1,1.185,0.948,-34.16,83.28300000000002,83.283,-5.437000000000012,-39.59700000000001,92,2.544,9
49445,1,0.604,1.024,-76.418,11.34299999999999,11.343,64.07400000000001,-12.343999999999994,92,2.544,10
44855,1,2.027,1.255,-27.599999999999994,76.053,76.053,6.432999999999993,-21.167,92,2.544,11
47856,1,1.05,1.086,-4.304000000000002,-2.960000000000008,2.96,3.443000000000012,-0.86099999999999,92,2.544,12
39712,1,1.221,1.22,5.688999999999993,70.912,70.912,-25.869,-20.180000000000007,92,2.544,13
46404,1,1.723,0.863,3.1140000000000043,58.638000000000005,58.638,-13.675000000000011,-10.561000000000007,92,2.544,14
40389,1,1.195,0.77,-26.596000000000004,21.796999999999997,21.797,30.865999999999985,4.27000000000001,92,2.544,15
12515,1,1.335,1.194,10.37299999999999,31.75200000000001,31.752,-36.14099999999999,-25.768,92,2.544,16
36314,1,1.277,0.764,10.084000000000003,72.886,72.886,-30.538999999999987,-20.454999999999984,92,2.544,17
44322,1,1.576,1.376,-35.434,89.52600000000001,89.526,24.093999999999994,-11.340000000000003,92,2.544,18
19631,1,1.096,0.902,57.843999999999994,35.286,35.286,-57.378,0.4660000000000082,92,2.544,19
48780,1,1.443,0.973,44.38300000000001,68.84800000000001,68.848,22.884000000000015,67.267,92,2.544,20
49493,1,0.77,1.363,-55.973,22.889999999999986,22.89,55.269000000000005,-0.7040000000000077,93,2.549,1
48834,1,1.451,1.303,43.733000000000004,85.69999999999999,85.7,40.60900000000001,84.34199999999998,93,2.549,2
44295,1,1.305,0.981,-31.704999999999984,73.25200000000001,73.252,17.379999999999995,-14.324999999999989,93,2.549,3
19884,1,1.27,0.906,77.31600000000003,36.73599999999999,36.736,-54.512,22.804000000000002,93,2.549,4
48866,1,1.425,0.811,38.054,89.51300000000003,89.513,29.960000000000008,68.01400000000001,93,2.549,5
22898,1,1.415,1.383,13.796999999999997,86.22899999999998,86.229,-28.681999999999988,-14.884999999999991,93,2.549,6
9117,1,1.07,1.123,-18.295000000000016,80.36500000000001,80.365,-13.168000000000006,-31.462999999999994,93,2.549,7
44857,1,1.625,1.302,-31.12299999999999,81.28800000000001,81.288,5.867999999999995,-25.254999999999995,93,2.549,8
48509,1,0.808,0.778,75.11500000000001,40.718999999999994,40.719,-75.983,-0.867999999999995,93,2.549,9
39711,1,1.244,1.241,4.411000000000001,70.184,70.184,-26.423000000000002,-22.012,93,2.549,10
30850,1,0.818,1.28,36.291,34.691,34.691,-17.473000000000013,18.818000000000012,93,2.549,11
48126,1,0.876,1.345,-10.812000000000012,8.63900000000001,8.639,-3.7630000000000052,-14.574999999999989,93,2.549,12
12709,1,1.35,0.839,34.309,75.23500000000001,75.235,7.951999999999998,42.260999999999996,93,2.549,13
2825,1,0.951,1.128,42.227000000000004,123.37599999999998,123.376,91.904,134.13099999999997,93,2.549,14
12120,1,1.134,0.925,-32.518,42.501000000000005,42.501,5.878999999999991,-26.63900000000001,93,2.549,15
36311,1,0.913,0.893,7.974999999999994,83.11099999999999,83.111,-21.549000000000007,-13.574000000000012,93,2.549,16
41926,1,0.839,0.913,-40.36099999999999,12.292000000000002,12.292,26.62299999999999,-13.738,93,2.549,17
49445,1,0.604,1.024,-76.418,11.34299999999999,11.343,64.07400000000001,-12.343999999999994,93,2.549,18
45048,1,1.185,0.948,-34.16,83.28300000000002,83.283,-5.437000000000012,-39.59700000000001,93,2.549,19
13021,1,1.155,1.09,20.191000000000003,13.955000000000013,13.955,-34.71600000000001,-14.525000000000006,93,2.549,20
22898,1,1.415,1.383,13.796999999999997,86.22899999999998,86.229,-28.681999999999988,-14.884999999999991,94,2.554,1
48876,1,1.327,0.792,48.32599999999999,64.76499999999999,64.765,13.740999999999985,62.06700000000001,94,2.554,2
13203,1,1.478,0.637,0.6140000000000043,17.045999999999992,17.046,-27.906000000000006,-27.292,94,2.554,3
12513,1,1.337,1.118,2.1200000000000045,39.84100000000001,39.841,-29.903999999999996,-27.783999999999992,94,2.554,4
45048,1,1.185,0.948,-34.16,83.28300000000002,83.283,-5.437000000000012,-39.59700000000001,94,2.554,5
45069,1,1.084,1.438,-28.075999999999993,84.87900000000002,84.879,0.9159999999999968,-27.159999999999997,94,2.554,6
48224,1,0.747,1.676,-17.04400000000001,6.423000000000002,6.423,6.477000000000004,-10.567000000000007,94,2.554,7
48866,1,1.425,0.811,38.054,89.51300000000003,89.513,29.960000000000008,68.01400000000001,94,2.554,8
44172,1,1.71,1.306,-37.68700000000001,72.27600000000001,72.276,15.245000000000005,-22.442000000000007,94,2.554,9
36312,1,1.15,1.068,7.787000000000006,79.77499999999998,79.775,-24.52000000000001,-16.733000000000004,94,2.554,10
18191,1,1.472,0.832,-24.932999999999993,49.31200000000001,49.312,7.686000000000007,-17.247000000000014,94,2.554,11
48780,1,1.443,0.973,44.38300000000001,68.84800000000001,68.848,22.884000000000015,67.267,94,2.554,12
39712,1,1.221,1.22,5.688999999999993,70.912,70.912,-25.869,-20.180000000000007,94,2.554,13
24119,1,0.707,1.311,91.065,34.506,34.506,-80.21,10.855000000000018,94,2.554,14
27886,1,0.767,0.998,58.077,10.649000000000001,10.649,-45.25,12.826999999999998,94,2.554,15
48271,1,1.26,1.372,24.561000000000007,15.384999999999991,15.385,-44.155,-19.593999999999994,94,2.554,16
49571,1,0.904,1.18,-81.707,24.15299999999999,24.153,74.638,-7.068999999999988,94,2.554,17
24847,1,1.38,0.898,-64.995,-28.550999999999988,28.551,85.548,20.552999999999997,94,2.554,18
12120,1,1.134,0.925,-32.518,42.501000000000005,42.501,5.878999999999991,-26.63900000000001,94,2.554,19
31379,1,2.028,0.672,42.16300000000001,86.26999999999998,86.27,75.394,117.55700000000002,94,2.554,20
30398,1,2.318,1.083,51.11500000000001,43.860000000000014,43.86,29.15700000000001,80.27199999999999,95,2.56,1
29277,1,1.518,1.142,30.19999999999999,-8.723000000000013,8.723,-15.408999999999992,14.790999999999997,95,2.56,2
44855,1,2.027,1.255,-27.599999999999994,76.053,76.053,6.432999999999993,-21.167,95,2.56,3
22898,1,1.415,1.383,13.796999999999997,86.22899999999998,86.229,-28.681999999999988,-14.884999999999991,95,2.56,4
37448,1,1.049,1.417,-5.8659999999999854,43.68600000000001,43.686,36.06999999999999,30.204000000000008,95,2.56,5
39732,1,1.009,0.979,1.9960000000000093,66.14600000000002,66.146,-20.501000000000005,-18.504999999999995,95,2.56,6
45048,1,1.185,0.948,-34.16,83.28300000000002,83.283,-5.437000000000012,-39.59700000000001,95,2.56,7
49445,1,0.604,1.024,-76.418,11.34299999999999,11.343,64.07400000000001,-12.343999999999994,95,2.56,8
13021,1,1.155,1.09,20.191000000000003,13.955000000000013,13.955,-34.71600000000001,-14.525000000000006,95,2.56,9
2582,1,1.081,0.593,43.025000000000006,107.92000000000002,107.92,78.368,121.39300000000003,95,2.56,10
18191,1,1.472,0.832,-24.932999999999993,49.31200000000001,49.312,7.686000000000007,-17.247000000000014,95,2.56,11
12120,1,1.134,0.925,-32.518,42.501000000000005,42.501,5.878999999999991,-26.63900000000001,95,2.56,12
48780,1,1.443,0.973,44.38300000000001,68.84800000000001,68.848,22.884000000000015,67.267,95,2.56,13
18440,1,1.148,1.276,-28.151999999999987,46.06,46.06,8.391999999999996,-19.75999999999999,95,2.56,14
36312,1,1.15,1.068,7.787000000000006,79.77499999999998,79.775,-24.52000000000001,-16.733000000000004,95,2.56,15
31412,1,1.281,0.888,50.953,39.304,39.304,-65.861,-14.907999999999987,95,2.56,16
2687,1,1.147,0.921,39.72200000000001,102.73699999999997,102.737,76.17099999999999,115.89300000000003,95,2.56,17
19884,1,1.27,0.906,77.31600000000003,36.73599999999999,36.736,-54.512,22.804000000000002,95,2.56,18
36311,1,0.913,0.893,7.974999999999994,83.11099999999999,83.111,-21.549000000000007,-13.574000000000012,95,2.56,19
44857,1,1.625,1.302,-31.12299999999999,81.28800000000001,81.288,5.867999999999995,-25.254999999999995,95,2.56,20
7414,1,1.689,1.177,55.763000000000005,39.117999999999995,39.118,-22.214,33.54900000000001,96,2.562,1
27886,1,0.767,0.998,58.077,10.649000000000001,10.649,-45.25,12.826999999999998,96,2.562,2
12585,1,1.141,0.814,28.251000000000005,95.90199999999999,95.902,44.610000000000014,72.86099999999999,96,2.562,3
47876,1,0.87,1.049,-45.822,1.5010000000000048,1.501,42.876000000000005,-2.945999999999998,96,2.562,4
15693,1,0.679,0.872,22.504999999999995,20.346000000000004,20.346,-50.393,-27.888000000000005,96,2.562,5
18440,1,1.148,1.276,-28.151999999999987,46.06,46.06,8.391999999999996,-19.75999999999999,96,2.562,6
49549,1,1.128,0.898,57.459,-14.11099999999999,14.111,-69.437,-11.978000000000009,96,2.562,7
44857,1,1.625,1.302,-31.12299999999999,81.28800000000001,81.288,5.867999999999995,-25.254999999999995,96,2.562,8
46812,1,1.208,0.783,23.762,61.173,61.173,-40.56900000000002,-16.807000000000016,96,2.562,9
37445,1,1.56,1.174,-15.908999999999992,45.274,45.274,39.738,23.829000000000008,96,2.562,10
48883,1,1.032,0.704,47.787000000000006,61.953,61.953,10.834000000000003,58.62100000000001,96,2.562,11
49869,1,1.095,1.237,-3.8470000000000084,47.738,47.738,-50.35300000000001,-54.2,96,2.562,12
44855,1,2.027,1.255,-27.599999999999994,76.053,76.053,6.432999999999993,-21.167,96,2.562,13
48830,1,1.186,0.578,49.589,86.60000000000002,86.6,36.644000000000005,86.233,96,2.562,14
36311,1,0.913,0.893,7.974999999999994,83.11099999999999,83.111,-21.549000000000007,-13.574000000000012,96,2.562,15
44176,1,1.288,1.115,-37.158000000000015,72.56299999999999,72.563,18.413999999999987,-18.744,96,2.562,16
39712,1,1.221,1.22,5.688999999999993,70.912,70.912,-25.869,-20.180000000000007,96,2.562,17
47244,1,0.875,1.033,-42.454999999999984,21.88499999999999,21.885,46.16899999999998,3.7139999999999986,96,2.562,18
39697,1,1.193,0.738,4.4950000000000045,76.14699999999999,76.147,-30.61699999999999,-26.122000000000014,96,2.562,19
44285,1,1.597,0.926,-37.095,68.89699999999999,68.897,26.09700000000001,-10.99799999999999,96,2.562,20
44176,1,1.288,1.115,-37.158000000000015,72.56299999999999,72.563,18.413999999999987,-18.744,97,2.567,1
31187,1,1.575,1.18,2.6939999999999884,96.23199999999997,96.232,51.821,54.514999999999986,97,2.567,2
49448,1,0.649,1.12,-79.412,9.203000000000003,9.203,69.96699999999998,-9.444999999999993,97,2.567,3
48861,1,1.48,0.956,33.25200000000001,89.481,89.481,37.327,70.57900000000001,97,2.567,4
48866,1,1.425,0.811,38.054,89.51300000000003,89.513,29.960000000000008,68.01400000000001,97,2.567,5
40036,1,0.966,0.954,15.889999999999986,60.43899999999999,60.439,-15.824999999999989,0.06499999999999773,97,2.567,6
48876,1,1.327,0.792,48.32599999999999,64.76499999999999,64.765,13.740999999999985,62.06700000000001,97,2.567,7
39697,1,1.193,0.738,4.4950000000000045,76.14699999999999,76.147,-30.61699999999999,-26.122000000000014,97,2.567,8
31969,1,1.579,1.26,33.393,68.88400000000001,68.884,-18.358000000000004,15.034999999999997,97,2.567,9
12513,1,1.337,1.118,2.1200000000000045,39.84100000000001,39.841,-29.903999999999996,-27.783999999999992,97,2.567,10
44178,1,1.844,1.182,-43.59100000000001,71.95600000000002,71.956,26.490999999999985,-17.099999999999994,97,2.567,11
47856,1,1.05,1.086,-4.304000000000002,-2.960000000000008,2.96,3.443000000000012,-0.86099999999999,97,2.567,12
42541,1,1.086,1.377,-43.62700000000001,19.540999999999997,19.541,38.31200000000001,-5.314999999999998,97,2.567,13
43381,1,1.248,1.202,-5.485000000000014,59.30099999999999,59.301,-40.18299999999999,-45.668000000000006,97,2.567,14
49441,1,0.865,1.312,-67.409,9.100999999999999,9.101,56.821,-10.588000000000022,97,2.567,15
12148,1,1.79,0.875,-9.318000000000012,24.851,24.851,-10.394000000000005,-19.71199999999999,97,2.567,16
46812,1,1.208,0.783,23.762,61.173,61.173,-40.56900000000002,-16.807000000000016,97,2.567,17
44315,1,1.439,0.787,-39.56,67.74700000000001,67.747,23.039999999999992,-16.52000000000001,97,2.567,18
45048,1,1.185,0.948,-34.16,83.28300000000002,83.283,-5.437000000000012,-39.59700000000001,97,2.567,19
47854,1,0.851,1.082,-6.628999999999991,7.8089999999999975,7.809,5.975999999999999,-0.6529999999999916,97,2.567,20
44317,1,1.561,0.767,-40.884000000000015,70.01499999999999,70.015,22.599999999999994,-18.283999999999992,98,2.57,1
47412,1,1.176,1.209,-60.36,13.461999999999989,13.462,60.411,0.05099999999998772,98,2.57,2
36311,1,0.913,0.893,7.974999999999994,83.11099999999999,83.111,-21.549000000000007,-13.574000000000012,98,2.57,3
32166,1,1.394,0.818,13.990000000000009,36.087999999999994,36.088,-47.968999999999994,-33.978999999999985,98,2.57,4
12709,1,1.35,0.839,34.309,75.23500000000001,75.235,7.951999999999998,42.260999999999996,98,2.57,5
44857,1,1.625,1.302,-31.12299999999999,81.28800000000001,81.288,5.867999999999995,-25.254999999999995,98,2.57,6
27886,1,0.767,0.998,58.077,10.649000000000001,10.649,-45.25,12.826999999999998,98,2.57,7
2825,1,0.951,1.128,42.227000000000004,123.37599999999998,123.376,91.904,134.13099999999997,98,2.57,8
48866,1,1.425,0.811,38.054,89.51300000000003,89.513,29.960000000000008,68.01400000000001,98,2.57,9
24126,1,0.855,1.437,81.81700000000001,36.28899999999999,36.289,-66.567,15.25,98,2.57,10
31818,1,2.581,1.147,23.908999999999992,75.132,75.132,16.930000000000007,40.839,98,2.57,11
2408,1,1.311,1.429,-20.986999999999995,73.38400000000001,73.384,-4.944999999999993,-25.931999999999988,98,2.57,12
48883,1,1.032,0.704,47.787000000000006,61.953,61.953,10.834000000000003,58.62100000000001,98,2.57,13
31912,1,1.776,0.65,21.736999999999995,74.826,74.826,-8.105999999999995,13.631,98,2.57,14
18193,1,1.777,0.993,-16.90700000000001,44.518,44.518,1.247000000000014,-15.659999999999997,98,2.57,15
1669,1,0.958,0.755,60.84300000000002,21.102000000000004,21.102,-64.181,-3.337999999999994,98,2.57,16
43396,1,1.57,1.169,2.2369999999999948,59.709,59.709,-42.224999999999994,-39.988,98,2.57,17
44855,1,2.027,1.255,-27.599999999999994,76.053,76.053,6.432999999999993,-21.167,98,2.57,18
49379,1,0.786,0.998,-94.476,13.266999999999996,13.267,79.19299999999998,-15.282999999999987,98,2.57,19
49485,1,0.855,1.358,-47.295000000000016,26.585000000000008,26.585,43.125,-4.170000000000016,98,2.57,20
39711,1,1.244,1.241,4.411000000000001,70.184,70.184,-26.423000000000002,-22.012,99,2.578,1
49379,1,0.786,0.998,-94.476,13.266999999999996,13.267,79.19299999999998,-15.282999999999987,99,2.578,2
46812,1,1.208,0.783,23.762,61.173,61.173,-40.56900000000002,-16.807000000000016,99,2.578,3
2582,1,1.081,0.593,43.025000000000006,107.92000000000002,107.92,78.368,121.39300000000003,99,2.578,4
36314,1,1.277,0.764,10.084000000000003,72.886,72.886,-30.538999999999987,-20.454999999999984,99,2.578,5
37445,1,1.56,1.174,-15.908999999999992,45.274,45.274,39.738,23.829000000000008,99,2.578,6
48834,1,1.451,1.303,43.733000000000004,85.69999999999999,85.7,40.60900000000001,84.34199999999998,99,2.578,7
49251,1,0.851,1.007,-49.34700000000001,19.894000000000005,19.894,40.81299999999999,-8.533999999999992,99,2.578,8
18193,1,1.777,0.993,-16.90700000000001,44.518,44.518,1.247000000000014,-15.659999999999997,99,2.578,9
29565,1,0.841,1.177,69.381,29.056999999999988,29.057,-37.655,31.726,99,2.578,10
29230,1,2.052,0.607,79.584,29.389999999999986,29.39,-55.295,24.288999999999987,99,2.578,11
36311,1,0.913,0.893,7.974999999999994,83.11099999999999,83.111,-21.549000000000007,-13.574000000000012,99,2.578,12
44857,1,1.625,1.302,-31.12299999999999,81.28800000000001,81.288,5.867999999999995,-25.254999999999995,99,2.578,13
45076,1,1.338,0.936,-24.009000000000015,88.74200000000002,88.742,-3.437000000000012,-27.445999999999998,99,2.578,14
44855,1,2.027,1.255,-27.599999999999994,76.053,76.053,6.432999999999993,-21.167,99,2.578,15
48779,1,1.05,0.741,41.054,65.64499999999998,65.645,28.63300000000001,69.68700000000001,99,2.578,16
49547,1,0.702,1.191,56.11099999999999,-8.296999999999997,8.297,-64.228,-8.11699999999999,99,2.578,17
12709,1,1.35,0.839,34.309,75.23500000000001,75.235,7.951999999999998,42.260999999999996,99,2.578,18
12120,1,1.134,0.925,-32.518,42.501000000000005,42.501,5.878999999999991,-26.63900000000001,99,2.578,19
27886,1,0.767,0.998,58.077,10.649000000000001,10.649,-45.25,12.826999999999998,99,2.578,20
49384,1,0.713,1.37,-44.47399999999999,9.272999999999996,9.273,27.649,-16.82499999999999,100,2.627,1
49444,1,0.729,1.008,82.67399999999998,-13.228999999999985,13.229,-93.086,-10.411999999999978,100,2.627,2
36313,1,1.058,0.744,9.074999999999989,82.96199999999999,82.962,-29.450999999999993,-20.376000000000005,100,2.627,3
46269,1,1.015,0.805,22.199000000000012,43.97200000000001,43.972,1.4050000000000011,23.604000000000013,100,2.627,4
31912,1,1.776,0.65,21.736999999999995,74.826,74.826,-8.105999999999995,13.631,100,2.627,5
2207,1,1.205,0.826,17.377999999999986,102.77800000000002,102.778,59.946,77.32400000000001,100,2.627,6
46817,1,1.289,0.829,36.99000000000001,56.087999999999994,56.088,-42.557000000000016,-5.567000000000007,100,2.627,7
13021,1,1.155,1.09,20.191000000000003,13.955000000000013,13.955,-34.71600000000001,-14.525000000000006,100,2.627,8
44303,1,1.942,1.1,-38.393,79.62400000000002,79.624,28.054000000000002,-10.338999999999999,100,2.627,9
9877,1,1.375,0.609,48.77799999999999,16.318000000000012,16.318,-81.61,-32.831999999999994,100,2.627,10
44857,1,1.625,1.302,-31.12299999999999,81.28800000000001,81.288,5.867999999999995,-25.254999999999995,100,2.627,11
48883,1,1.032,0.704,47.787000000000006,61.953,61.953,10.834000000000003,58.62100000000001,100,2.627,12
47412,1,1.176,1.209,-60.36,13.461999999999989,13.462,60.411,0.05099999999998772,100,2.627,13
45048,1,1.185,0.948,-34.16,83.28300000000002,83.283,-5.437000000000012,-39.59700000000001,100,2.627,14
40039,1,1.091,0.909,19.06899999999999,62.309,62.309,-25.84299999999999,-6.774000000000001,100,2.627,15
12120,1,1.134,0.925,-32.518,42.501000000000005,42.501,5.878999999999991,-26.63900000000001,100,2.627,16
48861,1,1.48,0.956,33.25200000000001,89.481,89.481,37.327,70.57900000000001,100,2.627,17
44172,1,1.71,1.306,-37.68700000000001,72.27600000000001,72.276,15.245000000000005,-22.442000000000007,100,2.627,18
48129,1,1.026,1.25,-7.681000000000012,8.131,8.131,-4.562000000000012,-12.242999999999995,100,2.627,19
2408,1,1.311,1.429,-20.986999999999995,73.38400000000001,73.384,-4.944999999999993,-25.931999999999988,100,2.627,20
