frame,ok,h1_rmsd,h2_rmsd,alpha,beta,abs_beta,gamma,zeta_alpha_plus_gamma,replicate,sas_rdc_rmsd,selection_rank
19860,1,1.213,1.433,-30.718999999999994,50.744,50.744,-8.034999999999997,-38.75400000000002,1,2.163,1
19103,1,1.443,0.627,-30.85900000000001,65.207,65.207,10.764999999999986,-20.093999999999994,1,2.163,2
39710,1,1.447,0.872,-49.622000000000014,87.161,87.161,21.352000000000004,-28.27000000000001,1,2.163,3
40910,1,2.632,0.921,12.433999999999997,60.744,60.744,5.856999999999999,18.290999999999997,1,2.163,4
42783,1,1.13,1.098,20.194999999999993,35.643,35.643,-34.55500000000001,-14.360000000000014,1,2.163,5
22713,1,1.184,1.196,-35.76400000000001,33.846000000000004,33.846,-9.593999999999994,-45.358000000000004,1,2.163,6
20507,1,1.169,1.113,40.99799999999999,22.497000000000014,22.497,-59.141999999999996,-18.144000000000005,1,2.163,7
17057,1,1.196,1.158,20.034999999999997,81.767,81.767,-23.15700000000001,-3.122000000000014,1,2.163,8
22981,1,1.248,1.346,-40.78999999999999,23.598000000000013,23.598,6.652999999999992,-34.137,1,2.163,9
190,1,2.787,0.929,13.087999999999994,67.37099999999998,67.371,29.164999999999992,42.252999999999986,1,2.163,10
38488,1,1.359,0.9,-12.00200000000001,74.119,74.119,-14.546999999999997,-26.549000000000007,1,2.163,11
26758,1,2.785,0.887,-9.611999999999995,128.19799999999998,128.198,89.37200000000001,79.75999999999999,1,2.163,12
46434,1,1.148,0.956,-16.271000000000015,49.40299999999999,49.403,-27.581999999999994,-43.85300000000001,1,2.163,13
30498,1,1.032,0.826,40.93799999999999,76.33699999999999,76.337,40.28999999999999,81.22800000000001,1,2.163,14
49447,1,1.333,1.391,-37.17099999999999,65.493,65.493,5.513000000000005,-31.658000000000015,1,2.163,15
48471,1,1.052,1.415,-37.196,49.954999999999984,49.955,-2.007000000000005,-39.203,1,2.163,16
30596,1,1.093,0.62,8.592000000000013,66.62900000000002,66.629,-19.272999999999996,-10.681000000000012,1,2.163,17
1207,1,1.949,1.193,46.15699999999998,70.47300000000001,70.473,-0.2179999999999893,45.93899999999999,1,2.163,18
10418,1,1.986,0.796,2.4329999999999927,93.99799999999999,93.998,45.028999999999996,47.46199999999999,1,2.163,19
1130,1,1.105,0.913,18.605999999999995,24.02199999999999,24.022,-37.623999999999995,-19.018,1,2.163,20
3598,1,0.965,1.344,-26.567000000000007,54.31999999999999,54.32,-11.175000000000011,-37.74199999999999,2,2.175,1
26757,1,2.861,0.926,-6.679000000000002,127.71100000000001,127.711,89.60899999999998,82.93,2,2.175,2
35446,1,1.082,1.319,21.099999999999994,32.625,32.625,-31.694999999999993,-10.594999999999999,2,2.175,3
8303,1,1.17,0.995,2.265999999999991,75.072,75.072,-6.848000000000013,-4.581999999999994,2,2.175,4
12645,1,0.988,0.854,-27.72800000000001,41.595,41.595,-35.67099999999999,-63.399,2,2.175,5
46688,1,1.054,1.075,46.474999999999994,37.06700000000001,37.067,-69.885,-23.409999999999997,2,2.175,6
844,1,1.095,0.925,40.485000000000014,24.46799999999999,24.468,-62.876000000000005,-22.39099999999999,2,2.175,7
49447,1,1.333,1.391,-37.17099999999999,65.493,65.493,5.513000000000005,-31.658000000000015,2,2.175,8
16987,1,1.293,0.756,0.3509999999999991,59.952,59.952,-22.50399999999999,-22.15299999999999,2,2.175,9
30730,1,1.196,0.648,21.99000000000001,83.00999999999999,83.01,49.62299999999999,71.613,2,2.175,10
19103,1,1.443,0.627,-30.85900000000001,65.207,65.207,10.764999999999986,-20.093999999999994,2,2.175,11
39710,1,1.447,0.872,-49.622000000000014,87.161,87.161,21.352000000000004,-28.27000000000001,2,2.175,12
49446,1,1.193,1.362,-39.13900000000001,67.537,67.537,6.248999999999995,-32.889999999999986,2,2.175,13
20314,1,1.353,0.899,-32.620000000000005,63.39099999999999,63.391,-23.804000000000002,-56.42399999999999,2,2.175,14
23010,1,1.01,1.494,5.967999999999989,20.736999999999995,20.737,-42.84100000000001,-36.87299999999999,2,2.175,15
1125,1,1.25,0.67,25.25399999999999,18.71199999999999,18.712,-47.043000000000006,-21.788999999999987,2,2.175,16
10592,1,1.868,0.726,19.47399999999999,65.261,65.261,-1.8590000000000089,17.61500000000001,2,2.175,17
50725,1,1.443,1.308,-13.686000000000007,44.91399999999999,44.914,0.45400000000000773,-13.232,2,2.175,18
8857,1,1.691,0.829,37.647999999999996,73.499,73.499,-6.997000000000014,30.65100000000001,2,2.175,19
190,1,2.787,0.929,13.087999999999994,67.37099999999998,67.371,29.164999999999992,42.252999999999986,2,2.175,20
1209,1,1.952,0.905,48.34700000000001,69.82400000000001,69.824,-7.50800000000001,40.839,3,2.177,1
16987,1,1.293,0.756,0.3509999999999991,59.952,59.952,-22.50399999999999,-22.15299999999999,3,2.177,2
26960,1,1.142,1.071,13.50399999999999,14.752999999999986,14.753,-41.87899999999999,-28.375,3,2.177,3
27606,1,0.97,1.263,-47.492999999999995,38.29599999999999,38.296,1.4269999999999925,-46.066,3,2.177,4
30554,1,0.885,0.594,24.025000000000006,105.43200000000002,105.432,52.99000000000001,77.01499999999999,3,2.177,5
26758,1,2.785,0.887,-9.611999999999995,128.19799999999998,128.198,89.37200000000001,79.75999999999999,3,2.177,6
24700,1,1.262,1.403,-30.060000000000002,40.54599999999999,40.546,-11.418000000000006,-41.47800000000001,3,2.177,7
842,1,1.97,0.875,32.11500000000001,74.346,74.346,0.3830000000000098,32.49799999999999,3,2.177,8
26032,1,1.117,0.858,-1.5800000000000125,81.56299999999999,81.563,-19.864000000000004,-21.444000000000017,3,2.177,9
14542,1,1.22,0.922,56.941,18.47,18.47,-72.176,-15.235000000000014,3,2.177,10
19103,1,1.443,0.627,-30.85900000000001,65.207,65.207,10.764999999999986,-20.093999999999994,3,2.177,11
15228,1,1.566,0.759,-10.608000000000004,56.977000000000004,56.977,-14.153999999999996,-24.762,3,2.177,12
49384,1,1.342,1.569,-13.109000000000009,57.507000000000005,57.507,5.724999999999994,-7.3840000000000146,3,2.177,13
26392,1,1.293,0.969,9.658999999999992,29.155,29.155,-36.13300000000001,-26.47399999999999,3,2.177,14
22713,1,1.184,1.196,-35.76400000000001,33.846000000000004,33.846,-9.593999999999994,-45.358000000000004,3,2.177,15
42783,1,1.13,1.098,20.194999999999993,35.643,35.643,-34.55500000000001,-14.360000000000014,3,2.177,16
19860,1,1.213,1.433,-30.718999999999994,50.744,50.744,-8.034999999999997,-38.75400000000002,3,2.177,17
39710,1,1.447,0.872,-49.622000000000014,87.161,87.161,21.352000000000004,-28.27000000000001,3,2.177,18
30498,1,1.032,0.826,40.93799999999999,76.33699999999999,76.337,40.28999999999999,81.22800000000001,3,2.177,19
190,1,2.787,0.929,13.087999999999994,67.37099999999998,67.371,29.164999999999992,42.252999999999986,3,2.177,20
1196,1,2.121,0.982,40.167,77.156,77.156,17.41300000000001,57.579999999999984,4,2.182,1
30498,1,1.032,0.826,40.93799999999999,76.33699999999999,76.337,40.28999999999999,81.22800000000001,4,2.182,2
22713,1,1.184,1.196,-35.76400000000001,33.846000000000004,33.846,-9.593999999999994,-45.358000000000004,4,2.182,3
17759,1,1.632,0.792,-1.9639999999999986,57.053,57.053,-9.808999999999997,-11.772999999999996,4,2.182,4
10592,1,1.868,0.726,19.47399999999999,65.261,65.261,-1.8590000000000089,17.61500000000001,4,2.182,5
26758,1,2.785,0.887,-9.611999999999995,128.19799999999998,128.198,89.37200000000001,79.75999999999999,4,2.182,6
42783,1,1.13,1.098,20.194999999999993,35.643,35.643,-34.55500000000001,-14.360000000000014,4,2.182,7
14846,1,1.793,0.674,-39.42099999999999,102.233,102.233,27.025000000000006,-12.396000000000015,4,2.182,8
1483,1,3.265,1.014,-39.091999999999985,97.69100000000003,97.691,55.033000000000015,15.941000000000003,4,2.182,9
16987,1,1.293,0.756,0.3509999999999991,59.952,59.952,-22.50399999999999,-22.15299999999999,4,2.182,10
14545,1,1.823,1.053,11.77000000000001,79.81100000000004,79.811,4.740000000000009,16.50999999999999,4,2.182,11
19103,1,1.443,0.627,-30.85900000000001,65.207,65.207,10.764999999999986,-20.093999999999994,4,2.182,12
17050,1,1.469,1.047,29.625,81.90300000000002,81.903,-30.456999999999994,-0.8319999999999936,4,2.182,13
19840,1,1.189,1.463,-38.754999999999995,40.466999999999985,40.467,0.98599999999999,-37.769000000000005,4,2.182,14
32724,1,0.794,1.266,10.847000000000008,19.820999999999998,19.821,-32.22999999999999,-21.38300000000001,4,2.182,15
38488,1,1.359,0.9,-12.00200000000001,74.119,74.119,-14.546999999999997,-26.549000000000007,4,2.182,16
11139,1,0.957,1.177,51.655,18.406000000000006,18.406,-69.876,-18.221000000000004,4,2.182,17
2384,1,1.047,1.344,9.337999999999994,48.107,48.107,-30.384000000000015,-21.045999999999992,4,2.182,18
50725,1,1.443,1.308,-13.686000000000007,44.91399999999999,44.914,0.45400000000000773,-13.232,4,2.182,19
23935,1,0.959,1.532,-34.58699999999999,42.11699999999999,42.117,-2.127999999999986,-36.715,4,2.182,20
19955,1,1.008,1.434,-31.35300000000001,42.66499999999999,42.665,-4.742999999999995,-36.096000000000004,5,2.186,1
1209,1,1.952,0.905,48.34700000000001,69.82400000000001,69.824,-7.50800000000001,40.839,5,2.186,2
26036,1,1.232,0.705,-4.3629999999999995,73.434,73.434,-24.26599999999999,-28.62899999999999,5,2.186,3
31646,1,2.146,0.93,32.864000000000004,67.14499999999998,67.145,45.03399999999999,77.89800000000002,5,2.186,4
17759,1,1.632,0.792,-1.9639999999999986,57.053,57.053,-9.808999999999997,-11.772999999999996,5,2.186,5
19103,1,1.443,0.627,-30.85900000000001,65.207,65.207,10.764999999999986,-20.093999999999994,5,2.186,6
14846,1,1.793,0.674,-39.42099999999999,102.233,102.233,27.025000000000006,-12.396000000000015,5,2.186,7
29568,1,1.271,1.494,-31.182999999999993,42.43299999999999,42.433,-4.469999999999999,-35.65299999999999,5,2.186,8
30498,1,1.032,0.826,40.93799999999999,76.33699999999999,76.337,40.28999999999999,81.22800000000001,5,2.186,9
23442,1,1.205,1.064,38.15100000000001,22.414999999999992,22.415,-58.863,-20.71199999999999,5,2.186,10
16987,1,1.293,0.756,0.3509999999999991,59.952,59.952,-22.50399999999999,-22.15299999999999,5,2.186,11
22713,1,1.184,1.196,-35.76400000000001,33.846000000000004,33.846,-9.593999999999994,-45.358000000000004,5,2.186,12
44560,1,1.025,0.746,-23.269000000000005,25.799000000000007,25.799,-26.450999999999993,-49.72,5,2.186,13
38488,1,1.359,0.9,-12.00200000000001,74.119,74.119,-14.546999999999997,-26.549000000000007,5,2.186,14
26757,1,2.861,0.926,-6.679000000000002,127.71100000000001,127.711,89.60899999999998,82.93,5,2.186,15
49448,1,1.402,1.281,-35.110000000000014,59.031000000000006,59.031,-1.656000000000006,-36.76599999999999,5,2.186,16
1483,1,3.265,1.014,-39.091999999999985,97.69100000000003,97.691,55.033000000000015,15.941000000000003,5,2.186,17
50558,1,1.318,1.331,2.164999999999992,41.821,41.821,-18.24199999999999,-16.076999999999998,5,2.186,18
8857,1,1.691,0.829,37.647999999999996,73.499,73.499,-6.997000000000014,30.65100000000001,5,2.186,19
42783,1,1.13,1.098,20.194999999999993,35.643,35.643,-34.55500000000001,-14.360000000000014,5,2.186,20
1211,1,1.847,0.854,45.997000000000014,69.05700000000002,69.057,-9.385999999999996,36.61099999999999,6,2.192,1
22972,1,1.227,1.482,-26.756,29.36099999999999,29.361,-5.811000000000007,-32.56700000000001,6,2.192,2
10418,1,1.986,0.796,2.4329999999999927,93.99799999999999,93.998,45.028999999999996,47.46199999999999,6,2.192,3
19103,1,1.443,0.627,-30.85900000000001,65.207,65.207,10.764999999999986,-20.093999999999994,6,2.192,4
35914,1,0.983,1.473,-30.363,48.47800000000001,48.478,-12.056999999999988,-42.420000000000016,6,2.192,5
19955,1,1.008,1.434,-31.35300000000001,42.66499999999999,42.665,-4.742999999999995,-36.096000000000004,6,2.192,6
50094,1,1.606,1.172,-15.289999999999992,47.579999999999984,47.58,-1.156000000000006,-16.445999999999998,6,2.192,7
23442,1,1.205,1.064,38.15100000000001,22.414999999999992,22.415,-58.863,-20.71199999999999,6,2.192,8
6315,1,1.381,0.88,27.139999999999986,58.227000000000004,58.227,-29.631,-2.491000000000014,6,2.192,9
39710,1,1.447,0.872,-49.622000000000014,87.161,87.161,21.352000000000004,-28.27000000000001,6,2.192,10
38488,1,1.359,0.9,-12.00200000000001,74.119,74.119,-14.546999999999997,-26.549000000000007,6,2.192,11
26356,1,1.249,1.007,-16.375,19.10499999999999,19.105,-8.593999999999994,-24.968999999999994,6,2.192,12
72,1,1.615,0.99,41.514999999999986,56.019000000000005,56.019,1.1119999999999948,42.62700000000001,6,2.192,13
49447,1,1.333,1.391,-37.17099999999999,65.493,65.493,5.513000000000005,-31.658000000000015,6,2.192,14
42783,1,1.13,1.098,20.194999999999993,35.643,35.643,-34.55500000000001,-14.360000000000014,6,2.192,15
33300,1,0.982,1.206,24.843999999999994,30.99000000000001,30.99,-71.866,-47.02199999999999,6,2.192,16
20282,1,1.343,1.12,-0.2599999999999909,53.01400000000001,53.014,-37.09300000000002,-37.35300000000001,6,2.192,17
14530,1,1.421,0.829,0.8480000000000132,80.89100000000002,80.891,10.863,11.711000000000013,6,2.192,18
26757,1,2.861,0.926,-6.679000000000002,127.71100000000001,127.711,89.60899999999998,82.93,6,2.192,19
30763,1,0.997,0.63,25.048000000000002,81.73500000000001,81.735,42.817999999999984,67.86599999999999,6,2.192,20
30554,1,0.885,0.594,24.025000000000006,105.43200000000002,105.432,52.99000000000001,77.01499999999999,7,2.192,1
8857,1,1.691,0.829,37.647999999999996,73.499,73.499,-6.997000000000014,30.65100000000001,7,2.192,2
49446,1,1.193,1.362,-39.13900000000001,67.537,67.537,6.248999999999995,-32.889999999999986,7,2.192,3
26787,1,3.155,1.077,4.937000000000012,134.47199999999998,134.472,96.43899999999996,101.37599999999998,7,2.192,4
8314,1,1.227,1.04,-0.6589999999999918,80.61000000000001,80.61,-5.611999999999995,-6.270999999999987,7,2.192,5
1698,1,1.485,1.11,23.308999999999997,50.647999999999996,50.648,-59.037000000000006,-35.72800000000001,7,2.192,6
37372,1,1.037,1.62,19.962999999999994,22.181999999999988,22.182,-36.501000000000005,-16.53800000000001,7,2.192,7
42783,1,1.13,1.098,20.194999999999993,35.643,35.643,-34.55500000000001,-14.360000000000014,7,2.192,8
50725,1,1.443,1.308,-13.686000000000007,44.91399999999999,44.914,0.45400000000000773,-13.232,7,2.192,9
19244,1,1.26,1.135,1.475999999999999,23.016999999999996,23.017,-28.863,-27.387,7,2.192,10
14894,1,1.59,0.868,-24.10900000000001,78.11000000000001,78.11,19.37700000000001,-4.731999999999999,7,2.192,11
30762,1,1.08,0.818,26.436000000000007,76.14800000000002,76.148,39.25200000000001,65.68799999999999,7,2.192,12
313,1,1.509,1.387,40.67599999999999,71.971,71.971,-1.4770000000000039,39.19900000000001,7,2.192,13
39710,1,1.447,0.872,-49.622000000000014,87.161,87.161,21.352000000000004,-28.27000000000001,7,2.192,14
25558,1,1.167,0.693,24.489000000000004,57.357,57.357,-30.90700000000001,-6.418000000000006,7,2.192,15
27642,1,0.883,1.385,-23.074000000000012,68.495,68.495,-12.48599999999999,-35.56,7,2.192,16
11139,1,0.957,1.177,51.655,18.406000000000006,18.406,-69.876,-18.221000000000004,7,2.192,17
19103,1,1.443,0.627,-30.85900000000001,65.207,65.207,10.764999999999986,-20.093999999999994,7,2.192,18
49384,1,1.342,1.569,-13.109000000000009,57.507000000000005,57.507,5.724999999999994,-7.3840000000000146,7,2.192,19
22982,1,1.208,1.357,-44.11099999999999,25.158999999999992,25.159,12.977000000000004,-31.134000000000015,7,2.192,20
20282,1,1.343,1.12,-0.2599999999999909,53.01400000000001,53.014,-37.09300000000002,-37.35300000000001,8,2.195,1
38488,1,1.359,0.9,-12.00200000000001,74.119,74.119,-14.546999999999997,-26.549000000000007,8,2.195,2
40910,1,2.632,0.921,12.433999999999997,60.744,60.744,5.856999999999999,18.290999999999997,8,2.195,3
15009,1,1.586,0.818,-20.614000000000004,95.14600000000002,95.146,15.165999999999997,-5.4480000000000075,8,2.195,4
11338,1,1.147,0.949,39.29900000000001,24.76400000000001,24.764,-41.793000000000006,-2.4939999999999998,8,2.195,5
23935,1,0.959,1.532,-34.58699999999999,42.11699999999999,42.117,-2.127999999999986,-36.715,8,2.195,6
23012,1,1.117,1.509,-10.045999999999992,20.585000000000008,20.585,-26.704000000000008,-36.75,8,2.195,7
26032,1,1.117,0.858,-1.5800000000000125,81.56299999999999,81.563,-19.864000000000004,-21.444000000000017,8,2.195,8
39710,1,1.447,0.872,-49.622000000000014,87.161,87.161,21.352000000000004,-28.27000000000001,8,2.195,9
312,1,1.804,1.261,52.599999999999994,68.41300000000001,68.413,-7.619,44.980999999999995,8,2.195,10
26356,1,1.249,1.007,-16.375,19.10499999999999,19.105,-8.593999999999994,-24.968999999999994,8,2.195,11
19841,1,1.043,1.481,-32.153999999999996,41.76400000000001,41.764,-7.757000000000005,-39.911,8,2.195,12
19103,1,1.443,0.627,-30.85900000000001,65.207,65.207,10.764999999999986,-20.093999999999994,8,2.195,13
33680,1,1.104,1.581,-32.376000000000005,54.740999999999985,54.741,-2.8079999999999927,-35.184,8,2.195,14
31646,1,2.146,0.93,32.864000000000004,67.14499999999998,67.145,45.03399999999999,77.89800000000002,8,2.195,15
17654,1,1.256,1.306,28.793000000000006,21.942000000000007,21.942,-42.27199999999999,-13.478999999999985,8,2.195,16
1209,1,1.952,0.905,48.34700000000001,69.82400000000001,69.824,-7.50800000000001,40.839,8,2.195,17
30554,1,0.885,0.594,24.025000000000006,105.43200000000002,105.432,52.99000000000001,77.01499999999999,8,2.195,18
28932,1,3.18,0.987,-30.676999999999992,104.85500000000002,104.855,76.43899999999996,45.762,8,2.195,19
13240,1,1.432,1.03,17.802999999999997,38.235000000000014,38.235,-48.714,-30.911,8,2.195,20
10592,1,1.868,0.726,19.47399999999999,65.261,65.261,-1.8590000000000089,17.61500000000001,9,2.197,1
42783,1,1.13,1.098,20.194999999999993,35.643,35.643,-34.55500000000001,-14.360000000000014,9,2.197,2
14942,1,2.307,1.231,-24.47,91.09199999999998,91.092,33.94400000000002,9.47399999999999,9,2.197,3
19103,1,1.443,0.627,-30.85900000000001,65.207,65.207,10.764999999999986,-20.093999999999994,9,2.197,4
49447,1,1.333,1.391,-37.17099999999999,65.493,65.493,5.513000000000005,-31.658000000000015,9,2.197,5
39710,1,1.447,0.872,-49.622000000000014,87.161,87.161,21.352000000000004,-28.27000000000001,9,2.197,6
49164,1,1.507,0.966,-9.800000000000011,37.372000000000014,37.372,-24.458,-34.25800000000001,9,2.197,7
16987,1,1.293,0.756,0.3509999999999991,59.952,59.952,-22.50399999999999,-22.15299999999999,9,2.197,8
19841,1,1.043,1.481,-32.153999999999996,41.76400000000001,41.764,-7.757000000000005,-39.911,9,2.197,9
30730,1,1.196,0.648,21.99000000000001,83.00999999999999,83.01,49.62299999999999,71.613,9,2.197,10
26960,1,1.142,1.071,13.50399999999999,14.752999999999986,14.753,-41.87899999999999,-28.375,9,2.197,11
8303,1,1.17,0.995,2.265999999999991,75.072,75.072,-6.848000000000013,-4.581999999999994,9,2.197,12
11139,1,0.957,1.177,51.655,18.406000000000006,18.406,-69.876,-18.221000000000004,9,2.197,13
50725,1,1.443,1.308,-13.686000000000007,44.91399999999999,44.914,0.45400000000000773,-13.232,9,2.197,14
22868,1,0.998,1.388,20.89500000000001,28.12700000000001,28.127,-63.74199999999999,-42.84700000000001,9,2.197,15
1389,1,1.598,1.265,39.64099999999999,72.314,72.314,-3.647999999999996,35.992999999999995,9,2.197,16
17050,1,1.469,1.047,29.625,81.90300000000002,81.903,-30.456999999999994,-0.8319999999999936,9,2.197,17
416,1,1.705,0.979,45.492999999999995,55.912000000000006,55.912,56.18299999999999,101.67599999999999,9,2.197,18
48471,1,1.052,1.415,-37.196,49.954999999999984,49.955,-2.007000000000005,-39.203,9,2.197,19
26757,1,2.861,0.926,-6.679000000000002,127.71100000000001,127.711,89.60899999999998,82.93,9,2.197,20
26757,1,2.861,0.926,-6.679000000000002,127.71100000000001,127.711,89.60899999999998,82.93,10,2.2,1
40822,1,2.655,0.786,21.23400000000001,52.501000000000005,52.501,-4.181999999999988,17.051999999999992,10,2.2,2
190,1,2.787,0.929,13.087999999999994,67.37099999999998,67.371,29.164999999999992,42.252999999999986,10,2.2,3
10592,1,1.868,0.726,19.47399999999999,65.261,65.261,-1.8590000000000089,17.61500000000001,10,2.2,4
19103,1,1.443,0.627,-30.85900000000001,65.207,65.207,10.764999999999986,-20.093999999999994,10,2.2,5
1389,1,1.598,1.265,39.64099999999999,72.314,72.314,-3.647999999999996,35.992999999999995,10,2.2,6
48903,1,1.344,1.053,-6.510999999999996,54.877999999999986,54.878,-1.5889999999999986,-8.099999999999994,10,2.2,7
33849,1,0.821,1.495,-25.67500000000001,57.26400000000001,57.264,-8.850999999999999,-34.52600000000001,10,2.2,8
19841,1,1.043,1.481,-32.153999999999996,41.76400000000001,41.764,-7.757000000000005,-39.911,10,2.2,9
16987,1,1.293,0.756,0.3509999999999991,59.952,59.952,-22.50399999999999,-22.15299999999999,10,2.2,10
22713,1,1.184,1.196,-35.76400000000001,33.846000000000004,33.846,-9.593999999999994,-45.358000000000004,10,2.2,11
19864,1,1.336,1.414,51.361999999999995,22.75999999999999,22.76,-64.5,-13.138000000000005,10,2.2,12
20192,1,1.076,1.128,46.206999999999994,14.094999999999999,14.095,-74.792,-28.585000000000008,10,2.2,13
39710,1,1.447,0.872,-49.622000000000014,87.161,87.161,21.352000000000004,-28.27000000000001,10,2.2,14
12208,1,1.011,1.106,87.88800000000003,13.175999999999988,13.176,-71.749,16.13900000000001,10,2.2,15
23423,1,1.38,1.441,-30.230999999999995,41.709,41.709,-13.057999999999993,-43.28899999999999,10,2.2,16
30498,1,1.032,0.826,40.93799999999999,76.33699999999999,76.337,40.28999999999999,81.22800000000001,10,2.2,17
40186,1,1.511,0.71,13.402999999999992,75.38999999999999,75.39,-66.519,-53.116000000000014,10,2.2,18
14832,1,1.879,0.816,-36.709,93.31600000000003,93.316,21.715000000000003,-14.994,10,2.2,19
38203,1,1.494,1.484,-13.170999999999992,61.57599999999999,61.576,-9.232,-22.40299999999999,10,2.2,20
34928,1,0.979,1.377,-34.497000000000014,69.858,69.858,4.001000000000005,-30.49600000000001,11,2.201,1
842,1,1.97,0.875,32.11500000000001,74.346,74.346,0.3830000000000098,32.49799999999999,11,2.201,2
14942,1,2.307,1.231,-24.47,91.09199999999998,91.092,33.94400000000002,9.47399999999999,11,2.201,3
1130,1,1.105,0.913,18.605999999999995,24.02199999999999,24.022,-37.623999999999995,-19.018,11,2.201,4
33849,1,0.821,1.495,-25.67500000000001,57.26400000000001,57.264,-8.850999999999999,-34.52600000000001,11,2.201,5
30498,1,1.032,0.826,40.93799999999999,76.33699999999999,76.337,40.28999999999999,81.22800000000001,11,2.201,6
38488,1,1.359,0.9,-12.00200000000001,74.119,74.119,-14.546999999999997,-26.549000000000007,11,2.201,7
22713,1,1.184,1.196,-35.76400000000001,33.846000000000004,33.846,-9.593999999999994,-45.358000000000004,11,2.201,8
31281,1,0.775,1.911,47.90899999999999,31.556999999999988,31.557,-93.553,-45.644000000000005,11,2.201,9
190,1,2.787,0.929,13.087999999999994,67.37099999999998,67.371,29.164999999999992,42.252999999999986,11,2.201,10
19840,1,1.189,1.463,-38.754999999999995,40.466999999999985,40.467,0.98599999999999,-37.769000000000005,11,2.201,11
1209,1,1.952,0.905,48.34700000000001,69.82400000000001,69.824,-7.50800000000001,40.839,11,2.201,12
25570,1,1.001,0.955,7.287000000000006,60.06100000000001,60.061,-31.151999999999987,-23.86500000000001,11,2.201,13
26356,1,1.249,1.007,-16.375,19.10499999999999,19.105,-8.593999999999994,-24.968999999999994,11,2.201,14
19103,1,1.443,0.627,-30.85900000000001,65.207,65.207,10.764999999999986,-20.093999999999994,11,2.201,15
11,1,1.662,1.357,22.789999999999992,45.147999999999996,45.148,-3.4509999999999934,19.339,11,2.201,16
17654,1,1.256,1.306,28.793000000000006,21.942000000000007,21.942,-42.27199999999999,-13.478999999999985,11,2.201,17
16987,1,1.293,0.756,0.3509999999999991,59.952,59.952,-22.50399999999999,-22.15299999999999,11,2.201,18
26757,1,2.861,0.926,-6.679000000000002,127.71100000000001,127.711,89.60899999999998,82.93,11,2.201,19
20314,1,1.353,0.899,-32.620000000000005,63.39099999999999,63.391,-23.804000000000002,-56.42399999999999,11,2.201,20
10418,1,1.986,0.796,2.4329999999999927,93.99799999999999,93.998,45.028999999999996,47.46199999999999,12,2.208,1
50393,1,1.354,1.462,-3.4439999999999884,59.14099999999999,59.141,-6.209000000000003,-9.652999999999992,12,2.208,2
1209,1,1.952,0.905,48.34700000000001,69.82400000000001,69.824,-7.50800000000001,40.839,12,2.208,3
39710,1,1.447,0.872,-49.622000000000014,87.161,87.161,21.352000000000004,-28.27000000000001,12,2.208,4
20011,1,1.553,0.572,-19.52799999999999,63.24199999999999,63.242,6.314999999999998,-13.212999999999994,12,2.208,5
33849,1,0.821,1.495,-25.67500000000001,57.26400000000001,57.264,-8.850999999999999,-34.52600000000001,12,2.208,6
40910,1,2.632,0.921,12.433999999999997,60.744,60.744,5.856999999999999,18.290999999999997,12,2.208,7
17654,1,1.256,1.306,28.793000000000006,21.942000000000007,21.942,-42.27199999999999,-13.478999999999985,12,2.208,8
19926,1,1.02,1.537,-40.81900000000002,35.10300000000001,35.103,-3.703000000000003,-44.52199999999999,12,2.208,9
22306,1,1.056,0.918,8.560000000000002,76.76499999999999,76.765,-23.814999999999998,-15.254999999999995,12,2.208,10
40044,1,2.032,1.142,3.0989999999999895,23.736999999999995,23.737,-9.544000000000011,-6.444999999999993,12,2.208,11
23012,1,1.117,1.509,-10.045999999999992,20.585000000000008,20.585,-26.704000000000008,-36.75,12,2.208,12
26757,1,2.861,0.926,-6.679000000000002,127.71100000000001,127.711,89.60899999999998,82.93,12,2.208,13
20314,1,1.353,0.899,-32.620000000000005,63.39099999999999,63.391,-23.804000000000002,-56.42399999999999,12,2.208,14
30498,1,1.032,0.826,40.93799999999999,76.33699999999999,76.337,40.28999999999999,81.22800000000001,12,2.208,15
11139,1,0.957,1.177,51.655,18.406000000000006,18.406,-69.876,-18.221000000000004,12,2.208,16
48471,1,1.052,1.415,-37.196,49.954999999999984,49.955,-2.007000000000005,-39.203,12,2.208,17
1698,1,1.485,1.11,23.308999999999997,50.647999999999996,50.648,-59.037000000000006,-35.72800000000001,12,2.208,18
313,1,1.509,1.387,40.67599999999999,71.971,71.971,-1.4770000000000039,39.19900000000001,12,2.208,19
19103,1,1.443,0.627,-30.85900000000001,65.207,65.207,10.764999999999986,-20.093999999999994,12,2.208,20
49942,1,0.834,1.399,34.887,35.18799999999999,35.188,-54.268,-19.381,13,2.209,1
26032,1,1.117,0.858,-1.5800000000000125,81.56299999999999,81.563,-19.864000000000004,-21.444000000000017,13,2.209,2
44427,1,1.415,1.442,-37.577,49.67599999999999,49.676,4.799000000000007,-32.77799999999999,13,2.209,3
1209,1,1.952,0.905,48.34700000000001,69.82400000000001,69.824,-7.50800000000001,40.839,13,2.209,4
1698,1,1.485,1.11,23.308999999999997,50.647999999999996,50.648,-59.037000000000006,-35.72800000000001,13,2.209,5
20011,1,1.553,0.572,-19.52799999999999,63.24199999999999,63.242,6.314999999999998,-13.212999999999994,13,2.209,6
26392,1,1.293,0.969,9.658999999999992,29.155,29.155,-36.13300000000001,-26.47399999999999,13,2.209,7
30498,1,1.032,0.826,40.93799999999999,76.33699999999999,76.337,40.28999999999999,81.22800000000001,13,2.209,8
38488,1,1.359,0.9,-12.00200000000001,74.119,74.119,-14.546999999999997,-26.549000000000007,13,2.209,9
16130,1,1.587,0.761,25.561000000000007,70.63,70.63,1.9989999999999952,27.560000000000002,13,2.209,10
10380,1,1.402,0.93,-4.63900000000001,89.358,89.358,16.284999999999997,11.646000000000015,13,2.209,11
39710,1,1.447,0.872,-49.622000000000014,87.161,87.161,21.352000000000004,-28.27000000000001,13,2.209,12
14942,1,2.307,1.231,-24.47,91.09199999999998,91.092,33.94400000000002,9.47399999999999,13,2.209,13
40822,1,2.655,0.786,21.23400000000001,52.501000000000005,52.501,-4.181999999999988,17.051999999999992,13,2.209,14
19840,1,1.189,1.463,-38.754999999999995,40.466999999999985,40.467,0.98599999999999,-37.769000000000005,13,2.209,15
26757,1,2.861,0.926,-6.679000000000002,127.71100000000001,127.711,89.60899999999998,82.93,13,2.209,16
22981,1,1.248,1.346,-40.78999999999999,23.598000000000013,23.598,6.652999999999992,-34.137,13,2.209,17
19103,1,1.443,0.627,-30.85900000000001,65.207,65.207,10.764999999999986,-20.093999999999994,13,2.209,18
19425,1,1.419,0.997,22.176999999999992,19.857,19.857,-42.691,-20.51400000000001,13,2.209,19
30904,1,1.609,0.84,24.01599999999999,37.766999999999996,37.767,-42.545000000000016,-18.528999999999996,13,2.209,20
19103,1,1.443,0.627,-30.85900000000001,65.207,65.207,10.764999999999986,-20.093999999999994,14,2.209,1
50725,1,1.443,1.308,-13.686000000000007,44.91399999999999,44.914,0.45400000000000773,-13.232,14,2.209,2
1209,1,1.952,0.905,48.34700000000001,69.82400000000001,69.824,-7.50800000000001,40.839,14,2.209,3
39710,1,1.447,0.872,-49.622000000000014,87.161,87.161,21.352000000000004,-28.27000000000001,14,2.209,4
26758,1,2.785,0.887,-9.611999999999995,128.19799999999998,128.198,89.37200000000001,79.75999999999999,14,2.209,5
8147,1,1.031,1.03,7.413000000000011,47.57400000000001,47.574,-27.290999999999997,-19.877999999999986,14,2.209,6
13240,1,1.432,1.03,17.802999999999997,38.235000000000014,38.235,-48.714,-30.911,14,2.209,7
14942,1,2.307,1.231,-24.47,91.09199999999998,91.092,33.94400000000002,9.47399999999999,14,2.209,8
26392,1,1.293,0.969,9.658999999999992,29.155,29.155,-36.13300000000001,-26.47399999999999,14,2.209,9
48471,1,1.052,1.415,-37.196,49.954999999999984,49.955,-2.007000000000005,-39.203,14,2.209,10
30498,1,1.032,0.826,40.93799999999999,76.33699999999999,76.337,40.28999999999999,81.22800000000001,14,2.209,11
30763,1,0.997,0.63,25.048000000000002,81.73500000000001,81.735,42.817999999999984,67.86599999999999,14,2.209,12
22713,1,1.184,1.196,-35.76400000000001,33.846000000000004,33.846,-9.593999999999994,-45.358000000000004,14,2.209,13
10068,1,3.354,0.584,32.230999999999995,120.695,120.695,135.20500000000004,167.43600000000004,14,2.209,14
16975,1,1.182,0.749,20.179000000000002,20.613,20.613,-44.638000000000005,-24.459000000000003,14,2.209,15
27641,1,1.1,1.438,-20.766999999999996,64.674,64.674,-15.081999999999994,-35.84899999999999,14,2.209,16
26960,1,1.142,1.071,13.50399999999999,14.752999999999986,14.753,-41.87899999999999,-28.375,14,2.209,17
72,1,1.615,0.99,41.514999999999986,56.019000000000005,56.019,1.1119999999999948,42.62700000000001,14,2.209,18
16987,1,1.293,0.756,0.3509999999999991,59.952,59.952,-22.50399999999999,-22.15299999999999,14,2.209,19
14530,1,1.421,0.829,0.8480000000000132,80.89100000000002,80.891,10.863,11.711000000000013,14,2.209,20
22713,1,1.184,1.196,-35.76400000000001,33.846000000000004,33.846,-9.593999999999994,-45.358000000000004,15,2.211,1
19103,1,1.443,0.627,-30.85900000000001,65.207,65.207,10.764999999999986,-20.093999999999994,15,2.211,2
30554,1,0.885,0.594,24.025000000000006,105.43200000000002,105.432,52.99000000000001,77.01499999999999,15,2.211,3
17654,1,1.256,1.306,28.793000000000006,21.942000000000007,21.942,-42.27199999999999,-13.478999999999985,15,2.211,4
20014,1,1.371,0.582,-21.324000000000012,61.06399999999999,61.064,1.818000000000012,-19.506,15,2.211,5
8545,1,1.252,0.962,5.1910000000000025,66.77199999999999,66.772,-49.365999999999985,-44.17500000000001,15,2.211,6
39710,1,1.447,0.872,-49.622000000000014,87.161,87.161,21.352000000000004,-28.27000000000001,15,2.211,7
19840,1,1.189,1.463,-38.754999999999995,40.466999999999985,40.467,0.98599999999999,-37.769000000000005,15,2.211,8
10237,1,1.375,0.895,30.704999999999984,62.20099999999999,62.201,-28.978999999999985,1.725999999999999,15,2.211,9
29868,1,1.078,0.822,17.86099999999999,64.084,64.084,-32.432000000000016,-14.570999999999998,15,2.211,10
38488,1,1.359,0.9,-12.00200000000001,74.119,74.119,-14.546999999999997,-26.549000000000007,15,2.211,11
26392,1,1.293,0.969,9.658999999999992,29.155,29.155,-36.13300000000001,-26.47399999999999,15,2.211,12
30498,1,1.032,0.826,40.93799999999999,76.33699999999999,76.337,40.28999999999999,81.22800000000001,15,2.211,13
27653,1,0.808,1.383,-34.976,71.71699999999998,71.717,-4.965000000000003,-39.941,15,2.211,14
26356,1,1.249,1.007,-16.375,19.10499999999999,19.105,-8.593999999999994,-24.968999999999994,15,2.211,15
26787,1,3.155,1.077,4.937000000000012,134.47199999999998,134.472,96.43899999999996,101.37599999999998,15,2.211,16
1209,1,1.952,0.905,48.34700000000001,69.82400000000001,69.824,-7.50800000000001,40.839,15,2.211,17
30293,1,1.28,0.818,-42.56,63.572,63.572,5.437999999999988,-37.122000000000014,15,2.211,18
7,1,1.433,1.393,47.44200000000001,46.99600000000001,46.996,-18.361999999999995,29.079999999999984,15,2.211,19
190,1,2.787,0.929,13.087999999999994,67.37099999999998,67.371,29.164999999999992,42.252999999999986,15,2.211,20
39710,1,1.447,0.872,-49.622000000000014,87.161,87.161,21.352000000000004,-28.27000000000001,16,2.212,1
22713,1,1.184,1.196,-35.76400000000001,33.846000000000004,33.846,-9.593999999999994,-45.358000000000004,16,2.212,2
26757,1,2.861,0.926,-6.679000000000002,127.71100000000001,127.711,89.60899999999998,82.93,16,2.212,3
14832,1,1.879,0.816,-36.709,93.31600000000003,93.316,21.715000000000003,-14.994,16,2.212,4
30762,1,1.08,0.818,26.436000000000007,76.14800000000002,76.148,39.25200000000001,65.68799999999999,16,2.212,5
30763,1,0.997,0.63,25.048000000000002,81.73500000000001,81.735,42.817999999999984,67.86599999999999,16,2.212,6
30596,1,1.093,0.62,8.592000000000013,66.62900000000002,66.629,-19.272999999999996,-10.681000000000012,16,2.212,7
50725,1,1.443,1.308,-13.686000000000007,44.91399999999999,44.914,0.45400000000000773,-13.232,16,2.212,8
22982,1,1.208,1.357,-44.11099999999999,25.158999999999992,25.159,12.977000000000004,-31.134000000000015,16,2.212,9
9721,1,1.672,0.989,47.66300000000001,70.523,70.523,-22.370000000000005,25.293000000000006,16,2.212,10
12208,1,1.011,1.106,87.88800000000003,13.175999999999988,13.176,-71.749,16.13900000000001,16,2.212,11
190,1,2.787,0.929,13.087999999999994,67.37099999999998,67.371,29.164999999999992,42.252999999999986,16,2.212,12
19103,1,1.443,0.627,-30.85900000000001,65.207,65.207,10.764999999999986,-20.093999999999994,16,2.212,13
169,1,1.533,0.921,31.802999999999997,53.896000000000015,53.896,-40.46199999999999,-8.658999999999992,16,2.212,14
17654,1,1.256,1.306,28.793000000000006,21.942000000000007,21.942,-42.27199999999999,-13.478999999999985,16,2.212,15
16987,1,1.293,0.756,0.3509999999999991,59.952,59.952,-22.50399999999999,-22.15299999999999,16,2.212,16
27642,1,0.883,1.385,-23.074000000000012,68.495,68.495,-12.48599999999999,-35.56,16,2.212,17
23423,1,1.38,1.441,-30.230999999999995,41.709,41.709,-13.057999999999993,-43.28899999999999,16,2.212,18
72,1,1.615,0.99,41.514999999999986,56.019000000000005,56.019,1.1119999999999948,42.62700000000001,16,2.212,19
26960,1,1.142,1.071,13.50399999999999,14.752999999999986,14.753,-41.87899999999999,-28.375,16,2.212,20
14167,1,1.047,1.048,-16.849999999999994,75.923,75.923,-14.629999999999995,-31.480000000000018,17,2.212,1
22713,1,1.184,1.196,-35.76400000000001,33.846000000000004,33.846,-9.593999999999994,-45.358000000000004,17,2.212,2
30904,1,1.609,0.84,24.01599999999999,37.766999999999996,37.767,-42.545000000000016,-18.528999999999996,17,2.212,3
9537,1,2.031,0.979,52.367999999999995,69.202,69.202,-12.954000000000008,39.41399999999999,17,2.212,4
17654,1,1.256,1.306,28.793000000000006,21.942000000000007,21.942,-42.27199999999999,-13.478999999999985,17,2.212,5
190,1,2.787,0.929,13.087999999999994,67.37099999999998,67.371,29.164999999999992,42.252999999999986,17,2.212,6
19103,1,1.443,0.627,-30.85900000000001,65.207,65.207,10.764999999999986,-20.093999999999994,17,2.212,7
38908,1,0.985,1.405,-16.415999999999997,43.278999999999996,43.279,-20.554000000000002,-36.97,17,2.212,8
30554,1,0.885,0.594,24.025000000000006,105.43200000000002,105.432,52.99000000000001,77.01499999999999,17,2.212,9
16975,1,1.182,0.749,20.179000000000002,20.613,20.613,-44.638000000000005,-24.459000000000003,17,2.212,10
19849,1,0.648,1.406,-38.137,52.32499999999999,52.325,1.7280000000000086,-36.40899999999999,17,2.212,11
1209,1,1.952,0.905,48.34700000000001,69.82400000000001,69.824,-7.50800000000001,40.839,17,2.212,12
14846,1,1.793,0.674,-39.42099999999999,102.233,102.233,27.025000000000006,-12.396000000000015,17,2.212,13
30498,1,1.032,0.826,40.93799999999999,76.33699999999999,76.337,40.28999999999999,81.22800000000001,17,2.212,14
20314,1,1.353,0.899,-32.620000000000005,63.39099999999999,63.391,-23.804000000000002,-56.42399999999999,17,2.212,15
30596,1,1.093,0.62,8.592000000000013,66.62900000000002,66.629,-19.272999999999996,-10.681000000000012,17,2.212,16
48471,1,1.052,1.415,-37.196,49.954999999999984,49.955,-2.007000000000005,-39.203,17,2.212,17
26757,1,2.861,0.926,-6.679000000000002,127.71100000000001,127.711,89.60899999999998,82.93,17,2.212,18
40910,1,2.632,0.921,12.433999999999997,60.744,60.744,5.856999999999999,18.290999999999997,17,2.212,19
33445,1,0.96,1.539,-22.456999999999994,59.99799999999999,59.998,-7.873999999999995,-30.33099999999999,17,2.212,20
14545,1,1.823,1.053,11.77000000000001,79.81100000000004,79.811,4.740000000000009,16.50999999999999,18,2.214,1
8303,1,1.17,0.995,2.265999999999991,75.072,75.072,-6.848000000000013,-4.581999999999994,18,2.214,2
49446,1,1.193,1.362,-39.13900000000001,67.537,67.537,6.248999999999995,-32.889999999999986,18,2.214,3
48636,1,1.29,1.065,15.324999999999989,20.021000000000015,20.021,-51.35900000000001,-36.03399999999999,18,2.214,4
11139,1,0.957,1.177,51.655,18.406000000000006,18.406,-69.876,-18.221000000000004,18,2.214,5
34906,1,1.388,0.808,-31.943000000000012,52.73400000000001,52.734,-26.264999999999986,-58.208,18,2.214,6
42783,1,1.13,1.098,20.194999999999993,35.643,35.643,-34.55500000000001,-14.360000000000014,18,2.214,7
19103,1,1.443,0.627,-30.85900000000001,65.207,65.207,10.764999999999986,-20.093999999999994,18,2.214,8
38488,1,1.359,0.9,-12.00200000000001,74.119,74.119,-14.546999999999997,-26.549000000000007,18,2.214,9
49384,1,1.342,1.569,-13.109000000000009,57.507000000000005,57.507,5.724999999999994,-7.3840000000000146,18,2.214,10
39710,1,1.447,0.872,-49.622000000000014,87.161,87.161,21.352000000000004,-28.27000000000001,18,2.214,11
37372,1,1.037,1.62,19.962999999999994,22.181999999999988,22.182,-36.501000000000005,-16.53800000000001,18,2.214,12
2381,1,0.738,1.374,-46.345,49.929,49.929,4.960000000000008,-41.38499999999999,18,2.214,13
14942,1,2.307,1.231,-24.47,91.09199999999998,91.092,33.94400000000002,9.47399999999999,18,2.214,14
26787,1,3.155,1.077,4.937000000000012,134.47199999999998,134.472,96.43899999999996,101.37599999999998,18,2.214,15
1209,1,1.952,0.905,48.34700000000001,69.82400000000001,69.824,-7.50800000000001,40.839,18,2.214,16
30498,1,1.032,0.826,40.93799999999999,76.33699999999999,76.337,40.28999999999999,81.22800000000001,18,2.214,17
1130,1,1.105,0.913,18.605999999999995,24.02199999999999,24.022,-37.623999999999995,-19.018,18,2.214,18
7,1,1.433,1.393,47.44200000000001,46.99600000000001,46.996,-18.361999999999995,29.079999999999984,18,2.214,19
1698,1,1.485,1.11,23.308999999999997,50.647999999999996,50.648,-59.037000000000006,-35.72800000000001,18,2.214,20
38488,1,1.359,0.9,-12.00200000000001,74.119,74.119,-14.546999999999997,-26.549000000000007,19,2.215,1
10418,1,1.986,0.796,2.4329999999999927,93.99799999999999,93.998,45.028999999999996,47.46199999999999,19,2.215,2
2900,1,1.227,1.489,-49.158000000000015,61.34899999999999,61.349,16.90100000000001,-32.257000000000005,19,2.215,3
24676,1,0.887,1.238,40.178,28.583,28.583,-60.37899999999999,-20.200999999999993,19,2.215,4
2384,1,1.047,1.344,9.337999999999994,48.107,48.107,-30.384000000000015,-21.045999999999992,19,2.215,5
16987,1,1.293,0.756,0.3509999999999991,59.952,59.952,-22.50399999999999,-22.15299999999999,19,2.215,6
14942,1,2.307,1.231,-24.47,91.09199999999998,91.092,33.94400000000002,9.47399999999999,19,2.215,7
32892,1,1.001,1.408,-30.591000000000008,59.212999999999994,59.213,1.1680000000000064,-29.423000000000002,19,2.215,8
26032,1,1.117,0.858,-1.5800000000000125,81.56299999999999,81.563,-19.864000000000004,-21.444000000000017,19,2.215,9
503,1,1.418,0.814,40.423,66.106,66.106,-14.756,25.667,19,2.215,10
272,1,1.772,0.657,34.331999999999994,75.88,75.88,-6.871000000000009,27.461000000000013,19,2.215,11
20282,1,1.343,1.12,-0.2599999999999909,53.01400000000001,53.014,-37.09300000000002,-37.35300000000001,19,2.215,12
30498,1,1.032,0.826,40.93799999999999,76.33699999999999,76.337,40.28999999999999,81.22800000000001,19,2.215,13
22982,1,1.208,1.357,-44.11099999999999,25.158999999999992,25.159,12.977000000000004,-31.134000000000015,19,2.215,14
1483,1,3.265,1.014,-39.091999999999985,97.69100000000003,97.691,55.033000000000015,15.941000000000003,19,2.215,15
19103,1,1.443,0.627,-30.85900000000001,65.207,65.207,10.764999999999986,-20.093999999999994,19,2.215,16
50725,1,1.443,1.308,-13.686000000000007,44.91399999999999,44.914,0.45400000000000773,-13.232,19,2.215,17
6248,1,1.148,1.54,24.519000000000005,19.82499999999999,19.825,-65.716,-41.197,19,2.215,18
42783,1,1.13,1.098,20.194999999999993,35.643,35.643,-34.55500000000001,-14.360000000000014,19,2.215,19
19926,1,1.02,1.537,-40.81900000000002,35.10300000000001,35.103,-3.703000000000003,-44.52199999999999,19,2.215,20
14530,1,1.421,0.829,0.8480000000000132,80.89100000000002,80.891,10.863,11.711000000000013,20,2.216,1
30499,1,1.083,0.791,38.595,72.804,72.804,36.75399999999999,75.34899999999999,20,2.216,2
39710,1,1.447,0.872,-49.622000000000014,87.161,87.161,21.352000000000004,-28.27000000000001,20,2.216,3
14942,1,2.307,1.231,-24.47,91.09199999999998,91.092,33.94400000000002,9.47399999999999,20,2.216,4
1698,1,1.485,1.11,23.308999999999997,50.647999999999996,50.648,-59.037000000000006,-35.72800000000001,20,2.216,5
416,1,1.705,0.979,45.492999999999995,55.912000000000006,55.912,56.18299999999999,101.67599999999999,20,2.216,6
14558,1,0.93,0.912,34.67699999999999,19.230999999999995,19.231,-57.416,-22.739000000000004,20,2.216,7
29711,1,1.183,0.746,-4.840000000000003,85.957,85.957,-4.765999999999991,-9.605999999999995,20,2.216,8
23423,1,1.38,1.441,-30.230999999999995,41.709,41.709,-13.057999999999993,-43.28899999999999,20,2.216,9
26787,1,3.155,1.077,4.937000000000012,134.47199999999998,134.472,96.43899999999996,101.37599999999998,20,2.216,10
20636,1,0.741,0.967,-32.482,58.53999999999999,58.54,-4.340000000000003,-36.822,20,2.216,11
19849,1,0.648,1.406,-38.137,52.32499999999999,52.325,1.7280000000000086,-36.40899999999999,20,2.216,12
30904,1,1.609,0.84,24.01599999999999,37.766999999999996,37.767,-42.545000000000016,-18.528999999999996,20,2.216,13
50725,1,1.443,1.308,-13.686000000000007,44.91399999999999,44.914,0.45400000000000773,-13.232,20,2.216,14
22981,1,1.248,1.346,-40.78999999999999,23.598000000000013,23.598,6.652999999999992,-34.137,20,2.216,15
14358,1,1.221,1.319,57.12299999999999,31.144000000000005,31.144,-70.838,-13.715000000000003,20,2.216,16
38488,1,1.359,0.9,-12.00200000000001,74.119,74.119,-14.546999999999997,-26.549000000000007,20,2.216,17
1209,1,1.952,0.905,48.34700000000001,69.82400000000001,69.824,-7.50800000000001,40.839,20,2.216,18
19103,1,1.443,0.627,-30.85900000000001,65.207,65.207,10.764999999999986,-20.093999999999994,20,2.216,19
11338,1,1.147,0.949,39.29900000000001,24.76400000000001,24.764,-41.793000000000006,-2.4939999999999998,20,2.216,20
22713,1,1.184,1.196,-35.76400000000001,33.846000000000004,33.846,-9.593999999999994,-45.358000000000004,21,2.216,1
30763,1,0.997,0.63,25.048000000000002,81.73500000000001,81.735,42.817999999999984,67.86599999999999,21,2.216,2
42783,1,1.13,1.098,20.194999999999993,35.643,35.643,-34.55500000000001,-14.360000000000014,21,2.216,3
38488,1,1.359,0.9,-12.00200000000001,74.119,74.119,-14.546999999999997,-26.549000000000007,21,2.216,4
9031,1,1.115,1.164,31.89699999999999,60.908000000000015,60.908,-58.25,-26.35300000000001,21,2.216,5
8314,1,1.227,1.04,-0.6589999999999918,80.61000000000001,80.61,-5.611999999999995,-6.270999999999987,21,2.216,6
50558,1,1.318,1.331,2.164999999999992,41.821,41.821,-18.24199999999999,-16.076999999999998,21,2.216,7
8880,1,1.405,0.81,47.97800000000001,73.50799999999998,73.508,1.1270000000000095,49.10499999999999,21,2.216,8
190,1,2.787,0.929,13.087999999999994,67.37099999999998,67.371,29.164999999999992,42.252999999999986,21,2.216,9
26758,1,2.785,0.887,-9.611999999999995,128.19799999999998,128.198,89.37200000000001,79.75999999999999,21,2.216,10
39710,1,1.447,0.872,-49.622000000000014,87.161,87.161,21.352000000000004,-28.27000000000001,21,2.216,11
10592,1,1.868,0.726,19.47399999999999,65.261,65.261,-1.8590000000000089,17.61500000000001,21,2.216,12
22981,1,1.248,1.346,-40.78999999999999,23.598000000000013,23.598,6.652999999999992,-34.137,21,2.216,13
19103,1,1.443,0.627,-30.85900000000001,65.207,65.207,10.764999999999986,-20.093999999999994,21,2.216,14
15326,1,1.392,0.696,-17.75800000000001,57.25800000000001,57.258,1.7860000000000014,-15.972000000000008,21,2.216,15
24018,1,1.01,0.955,53.16300000000001,26.62700000000001,26.627,-75.957,-22.79400000000001,21,2.216,16
11338,1,1.147,0.949,39.29900000000001,24.76400000000001,24.764,-41.793000000000006,-2.4939999999999998,21,2.216,17
14795,1,1.088,0.947,22.12899999999999,34.369,34.369,-57.232,-35.10300000000001,21,2.216,18
33853,1,1.148,1.211,-35.740999999999985,49.21800000000002,49.218,-0.14699999999999136,-35.888000000000005,21,2.216,19
14814,1,1.39,0.853,-32.49600000000001,78.39999999999998,78.4,9.318000000000012,-23.177999999999997,21,2.216,20
49048,1,0.7,1.39,-31.435000000000002,61.766999999999996,61.767,-1.2129999999999939,-32.647999999999996,22,2.217,1
14530,1,1.421,0.829,0.8480000000000132,80.89100000000002,80.891,10.863,11.711000000000013,22,2.217,2
7,1,1.433,1.393,47.44200000000001,46.99600000000001,46.996,-18.361999999999995,29.079999999999984,22,2.217,3
8303,1,1.17,0.995,2.265999999999991,75.072,75.072,-6.848000000000013,-4.581999999999994,22,2.217,4
1130,1,1.105,0.913,18.605999999999995,24.02199999999999,24.022,-37.623999999999995,-19.018,22,2.217,5
50725,1,1.443,1.308,-13.686000000000007,44.91399999999999,44.914,0.45400000000000773,-13.232,22,2.217,6
16987,1,1.293,0.756,0.3509999999999991,59.952,59.952,-22.50399999999999,-22.15299999999999,22,2.217,7
33300,1,0.982,1.206,24.843999999999994,30.99000000000001,30.99,-71.866,-47.02199999999999,22,2.217,8
20282,1,1.343,1.12,-0.2599999999999909,53.01400000000001,53.014,-37.09300000000002,-37.35300000000001,22,2.217,9
26758,1,2.785,0.887,-9.611999999999995,128.19799999999998,128.198,89.37200000000001,79.75999999999999,22,2.217,10
36094,1,1.262,0.951,-20.85300000000001,58.09899999999999,58.099,-7.311000000000007,-28.163999999999987,22,2.217,11
45684,1,1.179,1.523,-47.33699999999999,35.577,35.577,8.763000000000005,-38.57400000000001,22,2.217,12
2900,1,1.227,1.489,-49.158000000000015,61.34899999999999,61.349,16.90100000000001,-32.257000000000005,22,2.217,13
23012,1,1.117,1.509,-10.045999999999992,20.585000000000008,20.585,-26.704000000000008,-36.75,22,2.217,14
30499,1,1.083,0.791,38.595,72.804,72.804,36.75399999999999,75.34899999999999,22,2.217,15
1483,1,3.265,1.014,-39.091999999999985,97.69100000000003,97.691,55.033000000000015,15.941000000000003,22,2.217,16
15343,1,0.673,1.107,16.637,69.30099999999999,69.301,-29.562000000000012,-12.925000000000011,22,2.217,17
1389,1,1.598,1.265,39.64099999999999,72.314,72.314,-3.647999999999996,35.992999999999995,22,2.217,18
14942,1,2.307,1.231,-24.47,91.09199999999998,91.092,33.94400000000002,9.47399999999999,22,2.217,19
23442,1,1.205,1.064,38.15100000000001,22.414999999999992,22.415,-58.863,-20.71199999999999,22,2.217,20
9481,1,1.371,1.06,24.911,78.43899999999996,78.439,-5.975999999999999,18.935000000000002,23,2.22,1
22713,1,1.184,1.196,-35.76400000000001,33.846000000000004,33.846,-9.593999999999994,-45.358000000000004,23,2.22,2
26392,1,1.293,0.969,9.658999999999992,29.155,29.155,-36.13300000000001,-26.47399999999999,23,2.22,3
12208,1,1.011,1.106,87.88800000000003,13.175999999999988,13.176,-71.749,16.13900000000001,23,2.22,4
34195,1,1.957,0.984,37.179,60.69800000000001,60.698,-5.555000000000007,31.623999999999995,23,2.22,5
49446,1,1.193,1.362,-39.13900000000001,67.537,67.537,6.248999999999995,-32.889999999999986,23,2.22,6
49187,1,1.366,1.213,-14.937000000000012,59.45400000000001,59.454,0.4240000000000066,-14.513000000000005,23,2.22,7
39265,1,1.42,0.785,7.509999999999991,68.911,68.911,-51.39500000000001,-43.88499999999999,23,2.22,8
14846,1,1.793,0.674,-39.42099999999999,102.233,102.233,27.025000000000006,-12.396000000000015,23,2.22,9
19103,1,1.443,0.627,-30.85900000000001,65.207,65.207,10.764999999999986,-20.093999999999994,23,2.22,10
1209,1,1.952,0.905,48.34700000000001,69.82400000000001,69.824,-7.50800000000001,40.839,23,2.22,11
38488,1,1.359,0.9,-12.00200000000001,74.119,74.119,-14.546999999999997,-26.549000000000007,23,2.22,12
1698,1,1.485,1.11,23.308999999999997,50.647999999999996,50.648,-59.037000000000006,-35.72800000000001,23,2.22,13
37830,1,1.517,0.872,-7.354000000000013,32.28800000000001,32.288,-30.555000000000007,-37.90899999999999,23,2.22,14
30498,1,1.032,0.826,40.93799999999999,76.33699999999999,76.337,40.28999999999999,81.22800000000001,23,2.22,15
19926,1,1.02,1.537,-40.81900000000002,35.10300000000001,35.103,-3.703000000000003,-44.52199999999999,23,2.22,16
30762,1,1.08,0.818,26.436000000000007,76.14800000000002,76.148,39.25200000000001,65.68799999999999,23,2.22,17
6247,1,1.006,1.711,23.829000000000008,22.670000000000016,22.67,-67.387,-43.55799999999999,23,2.22,18
14814,1,1.39,0.853,-32.49600000000001,78.39999999999998,78.4,9.318000000000012,-23.177999999999997,23,2.22,19
26787,1,3.155,1.077,4.937000000000012,134.47199999999998,134.472,96.43899999999996,101.37599999999998,23,2.22,20
14795,1,1.088,0.947,22.12899999999999,34.369,34.369,-57.232,-35.10300000000001,24,2.22,1
30763,1,0.997,0.63,25.048000000000002,81.73500000000001,81.735,42.817999999999984,67.86599999999999,24,2.22,2
1698,1,1.485,1.11,23.308999999999997,50.647999999999996,50.648,-59.037000000000006,-35.72800000000001,24,2.22,3
50725,1,1.443,1.308,-13.686000000000007,44.91399999999999,44.914,0.45400000000000773,-13.232,24,2.22,4
11139,1,0.957,1.177,51.655,18.406000000000006,18.406,-69.876,-18.221000000000004,24,2.22,5
19955,1,1.008,1.434,-31.35300000000001,42.66499999999999,42.665,-4.742999999999995,-36.096000000000004,24,2.22,6
26787,1,3.155,1.077,4.937000000000012,134.47199999999998,134.472,96.43899999999996,101.37599999999998,24,2.22,7
22972,1,1.227,1.482,-26.756,29.36099999999999,29.361,-5.811000000000007,-32.56700000000001,24,2.22,8
49446,1,1.193,1.362,-39.13900000000001,67.537,67.537,6.248999999999995,-32.889999999999986,24,2.22,9
49187,1,1.366,1.213,-14.937000000000012,59.45400000000001,59.454,0.4240000000000066,-14.513000000000005,24,2.22,10
40603,1,1.568,0.864,44.05000000000001,35.44900000000001,35.449,-77.35,-33.30000000000001,24,2.22,11
19103,1,1.443,0.627,-30.85900000000001,65.207,65.207,10.764999999999986,-20.093999999999994,24,2.22,12
8857,1,1.691,0.829,37.647999999999996,73.499,73.499,-6.997000000000014,30.65100000000001,24,2.22,13
1209,1,1.952,0.905,48.34700000000001,69.82400000000001,69.824,-7.50800000000001,40.839,24,2.22,14
18417,1,1.007,1.347,10.47399999999999,23.634000000000015,23.634,-32.009000000000015,-21.534999999999997,24,2.22,15
17050,1,1.469,1.047,29.625,81.90300000000002,81.903,-30.456999999999994,-0.8319999999999936,24,2.22,16
14931,1,2.109,1.024,-37.24600000000001,85.50799999999998,85.508,28.420000000000016,-8.825999999999993,24,2.22,17
38488,1,1.359,0.9,-12.00200000000001,74.119,74.119,-14.546999999999997,-26.549000000000007,24,2.22,18
15168,1,1.595,1.014,-7.234000000000009,70.618,70.618,6.068000000000012,-1.1659999999999968,24,2.22,19
14923,1,1.878,0.829,-37.33500000000001,97.17899999999997,97.179,28.623999999999995,-8.711000000000013,24,2.22,20
48471,1,1.052,1.415,-37.196,49.954999999999984,49.955,-2.007000000000005,-39.203,25,2.223,1
50725,1,1.443,1.308,-13.686000000000007,44.91399999999999,44.914,0.45400000000000773,-13.232,25,2.223,2
22982,1,1.208,1.357,-44.11099999999999,25.158999999999992,25.159,12.977000000000004,-31.134000000000015,25,2.223,3
33848,1,1.034,1.481,-29.272999999999996,53.22399999999999,53.224,-3.806999999999988,-33.079999999999984,25,2.223,4
19103,1,1.443,0.627,-30.85900000000001,65.207,65.207,10.764999999999986,-20.093999999999994,25,2.223,5
13156,1,1.196,0.929,8.982,31.074000000000012,31.074,-48.021000000000015,-39.03899999999999,25,2.223,6
40822,1,2.655,0.786,21.23400000000001,52.501000000000005,52.501,-4.181999999999988,17.051999999999992,25,2.223,7
15943,1,1.073,0.927,-27.47,92.779,92.779,-4.132000000000005,-31.602000000000004,25,2.223,8
8303,1,1.17,0.995,2.265999999999991,75.072,75.072,-6.848000000000013,-4.581999999999994,25,2.223,9
26758,1,2.785,0.887,-9.611999999999995,128.19799999999998,128.198,89.37200000000001,79.75999999999999,25,2.223,10
17050,1,1.469,1.047,29.625,81.90300000000002,81.903,-30.456999999999994,-0.8319999999999936,25,2.223,11
30499,1,1.083,0.791,38.595,72.804,72.804,36.75399999999999,75.34899999999999,25,2.223,12
30762,1,1.08,0.818,26.436000000000007,76.14800000000002,76.148,39.25200000000001,65.68799999999999,25,2.223,13
39710,1,1.447,0.872,-49.622000000000014,87.161,87.161,21.352000000000004,-28.27000000000001,25,2.223,14
17759,1,1.632,0.792,-1.9639999999999986,57.053,57.053,-9.808999999999997,-11.772999999999996,25,2.223,15
1698,1,1.485,1.11,23.308999999999997,50.647999999999996,50.648,-59.037000000000006,-35.72800000000001,25,2.223,16
190,1,2.787,0.929,13.087999999999994,67.37099999999998,67.371,29.164999999999992,42.252999999999986,25,2.223,17
844,1,1.095,0.925,40.485000000000014,24.46799999999999,24.468,-62.876000000000005,-22.39099999999999,25,2.223,18
23442,1,1.205,1.064,38.15100000000001,22.414999999999992,22.415,-58.863,-20.71199999999999,25,2.223,19
22685,1,1.148,1.429,-18.605999999999995,27.700999999999993,27.701,-36.53800000000001,-55.144000000000005,25,2.223,20
9721,1,1.672,0.989,47.66300000000001,70.523,70.523,-22.370000000000005,25.293000000000006,26,2.224,1
50558,1,1.318,1.331,2.164999999999992,41.821,41.821,-18.24199999999999,-16.076999999999998,26,2.224,2
14128,1,0.764,1.26,8.65700000000001,34.01400000000001,34.014,-30.554000000000002,-21.89699999999999,26,2.224,3
39710,1,1.447,0.872,-49.622000000000014,87.161,87.161,21.352000000000004,-28.27000000000001,26,2.224,4
14826,1,1.727,0.848,-30.776999999999987,84.18799999999999,84.188,17.466000000000008,-13.311000000000007,26,2.224,5
12208,1,1.011,1.106,87.88800000000003,13.175999999999988,13.176,-71.749,16.13900000000001,26,2.224,6
17654,1,1.256,1.306,28.793000000000006,21.942000000000007,21.942,-42.27199999999999,-13.478999999999985,26,2.224,7
339,1,1.734,1.37,32.33100000000002,77.839,77.839,9.342000000000013,41.673,26,2.224,8
49448,1,1.402,1.281,-35.110000000000014,59.031000000000006,59.031,-1.656000000000006,-36.76599999999999,26,2.224,9
9263,1,1.487,1.095,-2.156000000000006,71.81,71.81,-25.813999999999993,-27.97,26,2.224,10
26757,1,2.861,0.926,-6.679000000000002,127.71100000000001,127.711,89.60899999999998,82.93,26,2.224,11
30498,1,1.032,0.826,40.93799999999999,76.33699999999999,76.337,40.28999999999999,81.22800000000001,26,2.224,12
23935,1,0.959,1.532,-34.58699999999999,42.11699999999999,42.117,-2.127999999999986,-36.715,26,2.224,13
16987,1,1.293,0.756,0.3509999999999991,59.952,59.952,-22.50399999999999,-22.15299999999999,26,2.224,14
22713,1,1.184,1.196,-35.76400000000001,33.846000000000004,33.846,-9.593999999999994,-45.358000000000004,26,2.224,15
19103,1,1.443,0.627,-30.85900000000001,65.207,65.207,10.764999999999986,-20.093999999999994,26,2.224,16
19840,1,1.189,1.463,-38.754999999999995,40.466999999999985,40.467,0.98599999999999,-37.769000000000005,26,2.224,17
10592,1,1.868,0.726,19.47399999999999,65.261,65.261,-1.8590000000000089,17.61500000000001,26,2.224,18
13310,1,1.175,1.048,12.119,30.341000000000008,30.341,-67.751,-55.632000000000005,26,2.224,19
190,1,2.787,0.929,13.087999999999994,67.37099999999998,67.371,29.164999999999992,42.252999999999986,26,2.224,20
19103,1,1.443,0.627,-30.85900000000001,65.207,65.207,10.764999999999986,-20.093999999999994,27,2.228,1
35914,1,0.983,1.473,-30.363,48.47800000000001,48.478,-12.056999999999988,-42.420000000000016,27,2.228,2
190,1,2.787,0.929,13.087999999999994,67.37099999999998,67.371,29.164999999999992,42.252999999999986,27,2.228,3
26356,1,1.249,1.007,-16.375,19.10499999999999,19.105,-8.593999999999994,-24.968999999999994,27,2.228,4
14931,1,2.109,1.024,-37.24600000000001,85.50799999999998,85.508,28.420000000000016,-8.825999999999993,27,2.228,5
38488,1,1.359,0.9,-12.00200000000001,74.119,74.119,-14.546999999999997,-26.549000000000007,27,2.228,6
30498,1,1.032,0.826,40.93799999999999,76.33699999999999,76.337,40.28999999999999,81.22800000000001,27,2.228,7
1389,1,1.598,1.265,39.64099999999999,72.314,72.314,-3.647999999999996,35.992999999999995,27,2.228,8
20282,1,1.343,1.12,-0.2599999999999909,53.01400000000001,53.014,-37.09300000000002,-37.35300000000001,27,2.228,9
17654,1,1.256,1.306,28.793000000000006,21.942000000000007,21.942,-42.27199999999999,-13.478999999999985,27,2.228,10
26757,1,2.861,0.926,-6.679000000000002,127.71100000000001,127.711,89.60899999999998,82.93,27,2.228,11
684,1,1.381,0.77,18.007000000000005,25.554000000000002,25.554,-47.771000000000015,-29.76400000000001,27,2.228,12
49446,1,1.193,1.362,-39.13900000000001,67.537,67.537,6.248999999999995,-32.889999999999986,27,2.228,13
26966,1,1.298,0.99,31.96199999999999,23.09299999999999,23.093,-50.21800000000002,-18.256,27,2.228,14
8857,1,1.691,0.829,37.647999999999996,73.499,73.499,-6.997000000000014,30.65100000000001,27,2.228,15
10592,1,1.868,0.726,19.47399999999999,65.261,65.261,-1.8590000000000089,17.61500000000001,27,2.228,16
6240,1,1.03,1.592,8.835000000000008,31.964,31.964,-51.986999999999995,-43.15199999999999,27,2.228,17
35373,1,1.399,0.893,-33.956999999999994,70.755,70.755,-10.151999999999987,-44.10900000000001,27,2.228,18
16987,1,1.293,0.756,0.3509999999999991,59.952,59.952,-22.50399999999999,-22.15299999999999,27,2.228,19
48636,1,1.29,1.065,15.324999999999989,20.021000000000015,20.021,-51.35900000000001,-36.03399999999999,27,2.228,20
22713,1,1.184,1.196,-35.76400000000001,33.846000000000004,33.846,-9.593999999999994,-45.358000000000004,28,2.229,1
27642,1,0.883,1.385,-23.074000000000012,68.495,68.495,-12.48599999999999,-35.56,28,2.229,2
30763,1,0.997,0.63,25.048000000000002,81.73500000000001,81.735,42.817999999999984,67.86599999999999,28,2.229,3
17654,1,1.256,1.306,28.793000000000006,21.942000000000007,21.942,-42.27199999999999,-13.478999999999985,28,2.229,4
39710,1,1.447,0.872,-49.622000000000014,87.161,87.161,21.352000000000004,-28.27000000000001,28,2.229,5
14545,1,1.823,1.053,11.77000000000001,79.81100000000004,79.811,4.740000000000009,16.50999999999999,28,2.229,6
190,1,2.787,0.929,13.087999999999994,67.37099999999998,67.371,29.164999999999992,42.252999999999986,28,2.229,7
8880,1,1.405,0.81,47.97800000000001,73.50799999999998,73.508,1.1270000000000095,49.10499999999999,28,2.229,8
42783,1,1.13,1.098,20.194999999999993,35.643,35.643,-34.55500000000001,-14.360000000000014,28,2.229,9
26757,1,2.861,0.926,-6.679000000000002,127.71100000000001,127.711,89.60899999999998,82.93,28,2.229,10
42958,1,2.327,1.054,6.837999999999994,65.833,65.833,-8.364000000000004,-1.5260000000000105,28,2.229,11
26392,1,1.293,0.969,9.658999999999992,29.155,29.155,-36.13300000000001,-26.47399999999999,28,2.229,12
48636,1,1.29,1.065,15.324999999999989,20.021000000000015,20.021,-51.35900000000001,-36.03399999999999,28,2.229,13
38488,1,1.359,0.9,-12.00200000000001,74.119,74.119,-14.546999999999997,-26.549000000000007,28,2.229,14
19955,1,1.008,1.434,-31.35300000000001,42.66499999999999,42.665,-4.742999999999995,-36.096000000000004,28,2.229,15
11139,1,0.957,1.177,51.655,18.406000000000006,18.406,-69.876,-18.221000000000004,28,2.229,16
19103,1,1.443,0.627,-30.85900000000001,65.207,65.207,10.764999999999986,-20.093999999999994,28,2.229,17
20314,1,1.353,0.899,-32.620000000000005,63.39099999999999,63.391,-23.804000000000002,-56.42399999999999,28,2.229,18
498,1,1.253,0.767,38.377999999999986,73.482,73.482,-20.306999999999988,18.070999999999998,28,2.229,19
49446,1,1.193,1.362,-39.13900000000001,67.537,67.537,6.248999999999995,-32.889999999999986,28,2.229,20
22204,1,1.236,1.097,6.338999999999999,85.71500000000003,85.715,1.1239999999999952,7.462999999999994,29,2.229,1
20011,1,1.553,0.572,-19.52799999999999,63.24199999999999,63.242,6.314999999999998,-13.212999999999994,29,2.229,2
26356,1,1.249,1.007,-16.375,19.10499999999999,19.105,-8.593999999999994,-24.968999999999994,29,2.229,3
13240,1,1.432,1.03,17.802999999999997,38.235000000000014,38.235,-48.714,-30.911,29,2.229,4
22713,1,1.184,1.196,-35.76400000000001,33.846000000000004,33.846,-9.593999999999994,-45.358000000000004,29,2.229,5
19860,1,1.213,1.433,-30.718999999999994,50.744,50.744,-8.034999999999997,-38.75400000000002,29,2.229,6
684,1,1.381,0.77,18.007000000000005,25.554000000000002,25.554,-47.771000000000015,-29.76400000000001,29,2.229,7
16987,1,1.293,0.756,0.3509999999999991,59.952,59.952,-22.50399999999999,-22.15299999999999,29,2.229,8
38487,1,1.133,0.995,-6.661000000000001,70.61599999999999,70.616,-28.831999999999994,-35.492999999999995,29,2.229,9
1209,1,1.952,0.905,48.34700000000001,69.82400000000001,69.824,-7.50800000000001,40.839,29,2.229,10
39710,1,1.447,0.872,-49.622000000000014,87.161,87.161,21.352000000000004,-28.27000000000001,29,2.229,11
26758,1,2.785,0.887,-9.611999999999995,128.19799999999998,128.198,89.37200000000001,79.75999999999999,29,2.229,12
14558,1,0.93,0.912,34.67699999999999,19.230999999999995,19.231,-57.416,-22.739000000000004,29,2.229,13
30763,1,0.997,0.63,25.048000000000002,81.73500000000001,81.735,42.817999999999984,67.86599999999999,29,2.229,14
17654,1,1.256,1.306,28.793000000000006,21.942000000000007,21.942,-42.27199999999999,-13.478999999999985,29,2.229,15
9721,1,1.672,0.989,47.66300000000001,70.523,70.523,-22.370000000000005,25.293000000000006,29,2.229,16
190,1,2.787,0.929,13.087999999999994,67.37099999999998,67.371,29.164999999999992,42.252999999999986,29,2.229,17
24676,1,0.887,1.238,40.178,28.583,28.583,-60.37899999999999,-20.200999999999993,29,2.229,18
14814,1,1.39,0.853,-32.49600000000001,78.39999999999998,78.4,9.318000000000012,-23.177999999999997,29,2.229,19
19103,1,1.443,0.627,-30.85900000000001,65.207,65.207,10.764999999999986,-20.093999999999994,29,2.229,20
20014,1,1.371,0.582,-21.324000000000012,61.06399999999999,61.064,1.818000000000012,-19.506,30,2.233,1
39710,1,1.447,0.872,-49.622000000000014,87.161,87.161,21.352000000000004,-28.27000000000001,30,2.233,2
1209,1,1.952,0.905,48.34700000000001,69.82400000000001,69.824,-7.50800000000001,40.839,30,2.233,3
18417,1,1.007,1.347,10.47399999999999,23.634000000000015,23.634,-32.009000000000015,-21.534999999999997,30,2.233,4
190,1,2.787,0.929,13.087999999999994,67.37099999999998,67.371,29.164999999999992,42.252999999999986,30,2.233,5
27545,1,2.717,0.781,-38.48599999999999,96.995,96.995,71.518,33.03200000000001,30,2.233,6
50757,1,1.734,1.428,-1.0720000000000027,40.264999999999986,40.265,-0.17099999999999227,-1.242999999999995,30,2.233,7
47154,1,0.819,1.107,36.67699999999999,33.617999999999995,33.618,-88.304,-51.62700000000001,30,2.233,8
10068,1,3.354,0.584,32.230999999999995,120.695,120.695,135.20500000000004,167.43600000000004,30,2.233,9
13048,1,1.221,0.885,0.18199999999998795,49.214,49.214,-29.259000000000015,-29.076999999999998,30,2.233,10
38487,1,1.133,0.995,-6.661000000000001,70.61599999999999,70.616,-28.831999999999994,-35.492999999999995,30,2.233,11
14795,1,1.088,0.947,22.12899999999999,34.369,34.369,-57.232,-35.10300000000001,30,2.233,12
30763,1,0.997,0.63,25.048000000000002,81.73500000000001,81.735,42.817999999999984,67.86599999999999,30,2.233,13
26392,1,1.293,0.969,9.658999999999992,29.155,29.155,-36.13300000000001,-26.47399999999999,30,2.233,14
20314,1,1.353,0.899,-32.620000000000005,63.39099999999999,63.391,-23.804000000000002,-56.42399999999999,30,2.233,15
23012,1,1.117,1.509,-10.045999999999992,20.585000000000008,20.585,-26.704000000000008,-36.75,30,2.233,16
8857,1,1.691,0.829,37.647999999999996,73.499,73.499,-6.997000000000014,30.65100000000001,30,2.233,17
7,1,1.433,1.393,47.44200000000001,46.99600000000001,46.996,-18.361999999999995,29.079999999999984,30,2.233,18
19103,1,1.443,0.627,-30.85900000000001,65.207,65.207,10.764999999999986,-20.093999999999994,30,2.233,19
49446,1,1.193,1.362,-39.13900000000001,67.537,67.537,6.248999999999995,-32.889999999999986,30,2.233,20
26392,1,1.293,0.969,9.658999999999992,29.155,29.155,-36.13300000000001,-26.47399999999999,31,2.233,1
10418,1,1.986,0.796,2.4329999999999927,93.99799999999999,93.998,45.028999999999996,47.46199999999999,31,2.233,2
14846,1,1.793,0.674,-39.42099999999999,102.233,102.233,27.025000000000006,-12.396000000000015,31,2.233,3
19860,1,1.213,1.433,-30.718999999999994,50.744,50.744,-8.034999999999997,-38.75400000000002,31,2.233,4
24018,1,1.01,0.955,53.16300000000001,26.62700000000001,26.627,-75.957,-22.79400000000001,31,2.233,5
22981,1,1.248,1.346,-40.78999999999999,23.598000000000013,23.598,6.652999999999992,-34.137,31,2.233,6
50725,1,1.443,1.308,-13.686000000000007,44.91399999999999,44.914,0.45400000000000773,-13.232,31,2.233,7
16987,1,1.293,0.756,0.3509999999999991,59.952,59.952,-22.50399999999999,-22.15299999999999,31,2.233,8
42783,1,1.13,1.098,20.194999999999993,35.643,35.643,-34.55500000000001,-14.360000000000014,31,2.233,9
38488,1,1.359,0.9,-12.00200000000001,74.119,74.119,-14.546999999999997,-26.549000000000007,31,2.233,10
190,1,2.787,0.929,13.087999999999994,67.37099999999998,67.371,29.164999999999992,42.252999999999986,31,2.233,11
942,1,1.058,0.729,29.795999999999992,17.721000000000004,17.721,-44.68000000000001,-14.884000000000015,31,2.233,12
471,1,1.666,0.849,44.65699999999998,67.374,67.374,-12.667000000000002,31.99000000000001,31,2.233,13
22585,1,0.907,1.312,-3.163000000000011,27.545999999999992,27.546,-48.0,-51.16300000000001,31,2.233,14
29334,1,1.326,0.822,13.848000000000013,85.64699999999999,85.647,-25.069999999999993,-11.222000000000008,31,2.233,15
49446,1,1.193,1.362,-39.13900000000001,67.537,67.537,6.248999999999995,-32.889999999999986,31,2.233,16
17057,1,1.196,1.158,20.034999999999997,81.767,81.767,-23.15700000000001,-3.122000000000014,31,2.233,17
20634,1,0.855,1.142,-21.209000000000003,58.591999999999985,58.592,-11.908999999999992,-33.117999999999995,31,2.233,18
19103,1,1.443,0.627,-30.85900000000001,65.207,65.207,10.764999999999986,-20.093999999999994,31,2.233,19
30498,1,1.032,0.826,40.93799999999999,76.33699999999999,76.337,40.28999999999999,81.22800000000001,31,2.233,20
8857,1,1.691,0.829,37.647999999999996,73.499,73.499,-6.997000000000014,30.65100000000001,32,2.235,1
47060,1,1.566,1.326,-21.16900000000001,46.98599999999999,46.986,-17.074000000000012,-38.242999999999995,32,2.235,2
38488,1,1.359,0.9,-12.00200000000001,74.119,74.119,-14.546999999999997,-26.549000000000007,32,2.235,3
26757,1,2.861,0.926,-6.679000000000002,127.71100000000001,127.711,89.60899999999998,82.93,32,2.235,4
30904,1,1.609,0.84,24.01599999999999,37.766999999999996,37.767,-42.545000000000016,-18.528999999999996,32,2.235,5
1130,1,1.105,0.913,18.605999999999995,24.02199999999999,24.022,-37.623999999999995,-19.018,32,2.235,6
190,1,2.787,0.929,13.087999999999994,67.37099999999998,67.371,29.164999999999992,42.252999999999986,32,2.235,7
22981,1,1.248,1.346,-40.78999999999999,23.598000000000013,23.598,6.652999999999992,-34.137,32,2.235,8
22545,1,1.313,1.393,17.216999999999985,95.94100000000003,95.941,-39.81100000000001,-22.593999999999994,32,2.235,9
39710,1,1.447,0.872,-49.622000000000014,87.161,87.161,21.352000000000004,-28.27000000000001,32,2.235,10
50558,1,1.318,1.331,2.164999999999992,41.821,41.821,-18.24199999999999,-16.076999999999998,32,2.235,11
11139,1,0.957,1.177,51.655,18.406000000000006,18.406,-69.876,-18.221000000000004,32,2.235,12
50094,1,1.606,1.172,-15.289999999999992,47.579999999999984,47.58,-1.156000000000006,-16.445999999999998,32,2.235,13
30499,1,1.083,0.791,38.595,72.804,72.804,36.75399999999999,75.34899999999999,32,2.235,14
19103,1,1.443,0.627,-30.85900000000001,65.207,65.207,10.764999999999986,-20.093999999999994,32,2.235,15
328,1,2.208,0.779,37.93700000000001,65.666,65.666,36.78999999999999,74.727,32,2.235,16
35914,1,0.983,1.473,-30.363,48.47800000000001,48.478,-12.056999999999988,-42.420000000000016,32,2.235,17
33845,1,1.01,1.415,-38.91499999999999,56.92099999999999,56.921,-0.382000000000005,-39.297,32,2.235,18
20011,1,1.553,0.572,-19.52799999999999,63.24199999999999,63.242,6.314999999999998,-13.212999999999994,32,2.235,19
31356,1,0.846,1.754,49.28199999999998,34.08500000000001,34.085,-90.796,-41.51400000000001,32,2.235,20
22981,1,1.248,1.346,-40.78999999999999,23.598000000000013,23.598,6.652999999999992,-34.137,33,2.237,1
22713,1,1.184,1.196,-35.76400000000001,33.846000000000004,33.846,-9.593999999999994,-45.358000000000004,33,2.237,2
30762,1,1.08,0.818,26.436000000000007,76.14800000000002,76.148,39.25200000000001,65.68799999999999,33,2.237,3
42096,1,1.319,1.381,-31.857,35.62299999999999,35.623,-6.187999999999988,-38.045000000000016,33,2.237,4
19955,1,1.008,1.434,-31.35300000000001,42.66499999999999,42.665,-4.742999999999995,-36.096000000000004,33,2.237,5
14942,1,2.307,1.231,-24.47,91.09199999999998,91.092,33.94400000000002,9.47399999999999,33,2.237,6
327,1,2.113,0.854,35.02799999999999,63.38499999999999,63.385,31.114000000000004,66.142,33,2.237,7
1698,1,1.485,1.11,23.308999999999997,50.647999999999996,50.648,-59.037000000000006,-35.72800000000001,33,2.237,8
22837,1,1.261,0.842,-1.3710000000000093,71.02199999999999,71.022,-1.6510000000000105,-3.0219999999999914,33,2.237,9
19103,1,1.443,0.627,-30.85900000000001,65.207,65.207,10.764999999999986,-20.093999999999994,33,2.237,10
24018,1,1.01,0.955,53.16300000000001,26.62700000000001,26.627,-75.957,-22.79400000000001,33,2.237,11
49446,1,1.193,1.362,-39.13900000000001,67.537,67.537,6.248999999999995,-32.889999999999986,33,2.237,12
39710,1,1.447,0.872,-49.622000000000014,87.161,87.161,21.352000000000004,-28.27000000000001,33,2.237,13
25558,1,1.167,0.693,24.489000000000004,57.357,57.357,-30.90700000000001,-6.418000000000006,33,2.237,14
11338,1,1.147,0.949,39.29900000000001,24.76400000000001,24.764,-41.793000000000006,-2.4939999999999998,33,2.237,15
13240,1,1.432,1.03,17.802999999999997,38.235000000000014,38.235,-48.714,-30.911,33,2.237,16
38488,1,1.359,0.9,-12.00200000000001,74.119,74.119,-14.546999999999997,-26.549000000000007,33,2.237,17
40910,1,2.632,0.921,12.433999999999997,60.744,60.744,5.856999999999999,18.290999999999997,33,2.237,18
26758,1,2.785,0.887,-9.611999999999995,128.19799999999998,128.198,89.37200000000001,79.75999999999999,33,2.237,19
1389,1,1.598,1.265,39.64099999999999,72.314,72.314,-3.647999999999996,35.992999999999995,33,2.237,20
50725,1,1.443,1.308,-13.686000000000007,44.91399999999999,44.914,0.45400000000000773,-13.232,34,2.238,1
19841,1,1.043,1.481,-32.153999999999996,41.76400000000001,41.764,-7.757000000000005,-39.911,34,2.238,2
19926,1,1.02,1.537,-40.81900000000002,35.10300000000001,35.103,-3.703000000000003,-44.52199999999999,34,2.238,3
327,1,2.113,0.854,35.02799999999999,63.38499999999999,63.385,31.114000000000004,66.142,34,2.238,4
13718,1,0.937,0.969,37.054,43.85300000000001,43.853,-28.312000000000012,8.74199999999999,34,2.238,5
22306,1,1.056,0.918,8.560000000000002,76.76499999999999,76.765,-23.814999999999998,-15.254999999999995,34,2.238,6
14832,1,1.879,0.816,-36.709,93.31600000000003,93.316,21.715000000000003,-14.994,34,2.238,7
22713,1,1.184,1.196,-35.76400000000001,33.846000000000004,33.846,-9.593999999999994,-45.358000000000004,34,2.238,8
942,1,1.058,0.729,29.795999999999992,17.721000000000004,17.721,-44.68000000000001,-14.884000000000015,34,2.238,9
19774,1,1.28,0.894,48.099999999999994,16.918000000000006,16.918,-74.776,-26.675999999999988,34,2.238,10
1209,1,1.952,0.905,48.34700000000001,69.82400000000001,69.824,-7.50800000000001,40.839,34,2.238,11
23084,1,1.674,1.063,10.344999999999999,72.64600000000002,72.646,-53.76599999999999,-43.42099999999999,34,2.238,12
40910,1,2.632,0.921,12.433999999999997,60.744,60.744,5.856999999999999,18.290999999999997,34,2.238,13
1698,1,1.485,1.11,23.308999999999997,50.647999999999996,50.648,-59.037000000000006,-35.72800000000001,34,2.238,14
23423,1,1.38,1.441,-30.230999999999995,41.709,41.709,-13.057999999999993,-43.28899999999999,34,2.238,15
10418,1,1.986,0.796,2.4329999999999927,93.99799999999999,93.998,45.028999999999996,47.46199999999999,34,2.238,16
34788,1,1.176,1.658,-21.41900000000001,54.02699999999999,54.027,-7.121000000000009,-28.539999999999992,34,2.238,17
39710,1,1.447,0.872,-49.622000000000014,87.161,87.161,21.352000000000004,-28.27000000000001,34,2.238,18
30554,1,0.885,0.594,24.025000000000006,105.43200000000002,105.432,52.99000000000001,77.01499999999999,34,2.238,19
19103,1,1.443,0.627,-30.85900000000001,65.207,65.207,10.764999999999986,-20.093999999999994,34,2.238,20
23452,1,1.212,0.96,33.158000000000015,20.244,20.244,-55.385999999999996,-22.22800000000001,35,2.238,1
14530,1,1.421,0.829,0.8480000000000132,80.89100000000002,80.891,10.863,11.711000000000013,35,2.238,2
1209,1,1.952,0.905,48.34700000000001,69.82400000000001,69.824,-7.50800000000001,40.839,35,2.238,3
17654,1,1.256,1.306,28.793000000000006,21.942000000000007,21.942,-42.27199999999999,-13.478999999999985,35,2.238,4
27655,1,0.944,1.332,-29.97,65.14699999999999,65.147,-9.792000000000002,-39.762,35,2.238,5
30554,1,0.885,0.594,24.025000000000006,105.43200000000002,105.432,52.99000000000001,77.01499999999999,35,2.238,6
38487,1,1.133,0.995,-6.661000000000001,70.61599999999999,70.616,-28.831999999999994,-35.492999999999995,35,2.238,7
17736,1,1.038,1.177,-27.195999999999998,82.37700000000001,82.377,-13.977000000000004,-41.173,35,2.238,8
22713,1,1.184,1.196,-35.76400000000001,33.846000000000004,33.846,-9.593999999999994,-45.358000000000004,35,2.238,9
9585,1,1.249,0.643,30.348000000000013,52.905,52.905,-49.221000000000004,-18.87299999999999,35,2.238,10
39710,1,1.447,0.872,-49.622000000000014,87.161,87.161,21.352000000000004,-28.27000000000001,35,2.238,11
327,1,2.113,0.854,35.02799999999999,63.38499999999999,63.385,31.114000000000004,66.142,35,2.238,12
26787,1,3.155,1.077,4.937000000000012,134.47199999999998,134.472,96.43899999999996,101.37599999999998,35,2.238,13
19103,1,1.443,0.627,-30.85900000000001,65.207,65.207,10.764999999999986,-20.093999999999994,35,2.238,14
26356,1,1.249,1.007,-16.375,19.10499999999999,19.105,-8.593999999999994,-24.968999999999994,35,2.238,15
49446,1,1.193,1.362,-39.13900000000001,67.537,67.537,6.248999999999995,-32.889999999999986,35,2.238,16
10592,1,1.868,0.726,19.47399999999999,65.261,65.261,-1.8590000000000089,17.61500000000001,35,2.238,17
1698,1,1.485,1.11,23.308999999999997,50.647999999999996,50.648,-59.037000000000006,-35.72800000000001,35,2.238,18
19955,1,1.008,1.434,-31.35300000000001,42.66499999999999,42.665,-4.742999999999995,-36.096000000000004,35,2.238,19
42783,1,1.13,1.098,20.194999999999993,35.643,35.643,-34.55500000000001,-14.360000000000014,35,2.238,20
24481,1,1.343,0.983,4.211000000000013,70.434,70.434,-52.77799999999999,-48.56700000000001,36,2.241,1
19103,1,1.443,0.627,-30.85900000000001,65.207,65.207,10.764999999999986,-20.093999999999994,36,2.241,2
14532,1,2.04,0.927,8.711000000000013,79.08499999999998,79.085,8.049000000000007,16.75999999999999,36,2.241,3
40822,1,2.655,0.786,21.23400000000001,52.501000000000005,52.501,-4.181999999999988,17.051999999999992,36,2.241,4
48471,1,1.052,1.415,-37.196,49.954999999999984,49.955,-2.007000000000005,-39.203,36,2.241,5
22713,1,1.184,1.196,-35.76400000000001,33.846000000000004,33.846,-9.593999999999994,-45.358000000000004,36,2.241,6
46172,1,0.932,1.418,-25.627999999999986,44.553,44.553,-18.14099999999999,-43.769000000000005,36,2.241,7
30730,1,1.196,0.648,21.99000000000001,83.00999999999999,83.01,49.62299999999999,71.613,36,2.241,8
16987,1,1.293,0.756,0.3509999999999991,59.952,59.952,-22.50399999999999,-22.15299999999999,36,2.241,9
9752,1,1.448,0.884,25.735000000000014,75.536,75.536,-13.592000000000013,12.143,36,2.241,10
1483,1,3.265,1.014,-39.091999999999985,97.69100000000003,97.691,55.033000000000015,15.941000000000003,36,2.241,11
26960,1,1.142,1.071,13.50399999999999,14.752999999999986,14.753,-41.87899999999999,-28.375,36,2.241,12
23423,1,1.38,1.441,-30.230999999999995,41.709,41.709,-13.057999999999993,-43.28899999999999,36,2.241,13
10470,1,1.764,0.643,4.673000000000002,66.993,66.993,4.7239999999999895,9.396999999999991,36,2.241,14
50725,1,1.443,1.308,-13.686000000000007,44.91399999999999,44.914,0.45400000000000773,-13.232,36,2.241,15
327,1,2.113,0.854,35.02799999999999,63.38499999999999,63.385,31.114000000000004,66.142,36,2.241,16
23010,1,1.01,1.494,5.967999999999989,20.736999999999995,20.737,-42.84100000000001,-36.87299999999999,36,2.241,17
26758,1,2.785,0.887,-9.611999999999995,128.19799999999998,128.198,89.37200000000001,79.75999999999999,36,2.241,18
39710,1,1.447,0.872,-49.622000000000014,87.161,87.161,21.352000000000004,-28.27000000000001,36,2.241,19
11139,1,0.957,1.177,51.655,18.406000000000006,18.406,-69.876,-18.221000000000004,36,2.241,20
1483,1,3.265,1.014,-39.091999999999985,97.69100000000003,97.691,55.033000000000015,15.941000000000003,37,2.241,1
6248,1,1.148,1.54,24.519000000000005,19.82499999999999,19.825,-65.716,-41.197,37,2.241,2
240,1,1.954,1.018,42.28800000000001,79.106,79.106,36.91899999999998,79.207,37,2.241,3
20282,1,1.343,1.12,-0.2599999999999909,53.01400000000001,53.014,-37.09300000000002,-37.35300000000001,37,2.241,4
19849,1,0.648,1.406,-38.137,52.32499999999999,52.325,1.7280000000000086,-36.40899999999999,37,2.241,5
30170,1,1.095,1.176,-3.044000000000011,73.33699999999999,73.337,-29.002999999999986,-32.047,37,2.241,6
17654,1,1.256,1.306,28.793000000000006,21.942000000000007,21.942,-42.27199999999999,-13.478999999999985,37,2.241,7
47255,1,0.744,0.913,10.762,32.639999999999986,32.64,-65.175,-54.413,37,2.241,8
30498,1,1.032,0.826,40.93799999999999,76.33699999999999,76.337,40.28999999999999,81.22800000000001,37,2.241,9
16987,1,1.293,0.756,0.3509999999999991,59.952,59.952,-22.50399999999999,-22.15299999999999,37,2.241,10
42629,1,0.862,1.53,-34.31,41.587999999999994,41.588,-10.425000000000011,-44.735000000000014,37,2.241,11
50725,1,1.443,1.308,-13.686000000000007,44.91399999999999,44.914,0.45400000000000773,-13.232,37,2.241,12
10592,1,1.868,0.726,19.47399999999999,65.261,65.261,-1.8590000000000089,17.61500000000001,37,2.241,13
27242,1,0.849,1.655,-16.501000000000005,52.352000000000004,52.352,-18.711000000000013,-35.21199999999999,37,2.241,14
14942,1,2.307,1.231,-24.47,91.09199999999998,91.092,33.94400000000002,9.47399999999999,37,2.241,15
38488,1,1.359,0.9,-12.00200000000001,74.119,74.119,-14.546999999999997,-26.549000000000007,37,2.241,16
48312,1,1.538,1.162,35.653999999999996,32.34300000000002,32.343,-40.97399999999999,-5.319999999999993,37,2.241,17
14846,1,1.793,0.674,-39.42099999999999,102.233,102.233,27.025000000000006,-12.396000000000015,37,2.241,18
19103,1,1.443,0.627,-30.85900000000001,65.207,65.207,10.764999999999986,-20.093999999999994,37,2.241,19
2877,1,1.019,0.812,9.917000000000002,58.057000000000016,58.057,-24.153999999999996,-14.236999999999995,37,2.241,20
1483,1,3.265,1.014,-39.091999999999985,97.69100000000003,97.691,55.033000000000015,15.941000000000003,38,2.242,1
312,1,1.804,1.261,52.599999999999994,68.41300000000001,68.413,-7.619,44.980999999999995,38,2.242,2
16130,1,1.587,0.761,25.561000000000007,70.63,70.63,1.9989999999999952,27.560000000000002,38,2.242,3
10592,1,1.868,0.726,19.47399999999999,65.261,65.261,-1.8590000000000089,17.61500000000001,38,2.242,4
24700,1,1.262,1.403,-30.060000000000002,40.54599999999999,40.546,-11.418000000000006,-41.47800000000001,38,2.242,5
16987,1,1.293,0.756,0.3509999999999991,59.952,59.952,-22.50399999999999,-22.15299999999999,38,2.242,6
684,1,1.381,0.77,18.007000000000005,25.554000000000002,25.554,-47.771000000000015,-29.76400000000001,38,2.242,7
25570,1,1.001,0.955,7.287000000000006,60.06100000000001,60.061,-31.151999999999987,-23.86500000000001,38,2.242,8
39710,1,1.447,0.872,-49.622000000000014,87.161,87.161,21.352000000000004,-28.27000000000001,38,2.242,9
11139,1,0.957,1.177,51.655,18.406000000000006,18.406,-69.876,-18.221000000000004,38,2.242,10
35914,1,0.983,1.473,-30.363,48.47800000000001,48.478,-12.056999999999988,-42.420000000000016,38,2.242,11
22981,1,1.248,1.346,-40.78999999999999,23.598000000000013,23.598,6.652999999999992,-34.137,38,2.242,12
26758,1,2.785,0.887,-9.611999999999995,128.19799999999998,128.198,89.37200000000001,79.75999999999999,38,2.242,13
19103,1,1.443,0.627,-30.85900000000001,65.207,65.207,10.764999999999986,-20.093999999999994,38,2.242,14
2293,1,1.273,1.38,-6.02000000000001,64.75299999999999,64.753,-32.49000000000001,-38.50999999999999,38,2.242,15
17654,1,1.256,1.306,28.793000000000006,21.942000000000007,21.942,-42.27199999999999,-13.478999999999985,38,2.242,16
30762,1,1.08,0.818,26.436000000000007,76.14800000000002,76.148,39.25200000000001,65.68799999999999,38,2.242,17
30554,1,0.885,0.594,24.025000000000006,105.43200000000002,105.432,52.99000000000001,77.01499999999999,38,2.242,18
27642,1,0.883,1.385,-23.074000000000012,68.495,68.495,-12.48599999999999,-35.56,38,2.242,19
50725,1,1.443,1.308,-13.686000000000007,44.91399999999999,44.914,0.45400000000000773,-13.232,38,2.242,20
19860,1,1.213,1.433,-30.718999999999994,50.744,50.744,-8.034999999999997,-38.75400000000002,39,2.242,1
50725,1,1.443,1.308,-13.686000000000007,44.91399999999999,44.914,0.45400000000000773,-13.232,39,2.242,2
1209,1,1.952,0.905,48.34700000000001,69.82400000000001,69.824,-7.50800000000001,40.839,39,2.242,3
23012,1,1.117,1.509,-10.045999999999992,20.585000000000008,20.585,-26.704000000000008,-36.75,39,2.242,4
19103,1,1.443,0.627,-30.85900000000001,65.207,65.207,10.764999999999986,-20.093999999999994,39,2.242,5
42783,1,1.13,1.098,20.194999999999993,35.643,35.643,-34.55500000000001,-14.360000000000014,39,2.242,6
3500,1,1.831,0.899,-11.441000000000003,74.31700000000001,74.317,-5.260999999999996,-16.701999999999998,39,2.242,7
48021,1,1.0,1.229,13.611999999999995,40.21000000000001,40.21,-49.071,-35.459,39,2.242,8
16130,1,1.587,0.761,25.561000000000007,70.63,70.63,1.9989999999999952,27.560000000000002,39,2.242,9
22713,1,1.184,1.196,-35.76400000000001,33.846000000000004,33.846,-9.593999999999994,-45.358000000000004,39,2.242,10
16987,1,1.293,0.756,0.3509999999999991,59.952,59.952,-22.50399999999999,-22.15299999999999,39,2.242,11
38488,1,1.359,0.9,-12.00200000000001,74.119,74.119,-14.546999999999997,-26.549000000000007,39,2.242,12
1547,1,2.521,0.879,-40.68099999999998,100.92000000000002,100.92,64.939,24.25800000000001,39,2.242,13
17759,1,1.632,0.792,-1.9639999999999986,57.053,57.053,-9.808999999999997,-11.772999999999996,39,2.242,14
26356,1,1.249,1.007,-16.375,19.10499999999999,19.105,-8.593999999999994,-24.968999999999994,39,2.242,15
30763,1,0.997,0.63,25.048000000000002,81.73500000000001,81.735,42.817999999999984,67.86599999999999,39,2.242,16
14832,1,1.879,0.816,-36.709,93.31600000000003,93.316,21.715000000000003,-14.994,39,2.242,17
26960,1,1.142,1.071,13.50399999999999,14.752999999999986,14.753,-41.87899999999999,-28.375,39,2.242,18
26758,1,2.785,0.887,-9.611999999999995,128.19799999999998,128.198,89.37200000000001,79.75999999999999,39,2.242,19
9537,1,2.031,0.979,52.367999999999995,69.202,69.202,-12.954000000000008,39.41399999999999,39,2.242,20
19103,1,1.443,0.627,-30.85900000000001,65.207,65.207,10.764999999999986,-20.093999999999994,40,2.242,1
50725,1,1.443,1.308,-13.686000000000007,44.91399999999999,44.914,0.45400000000000773,-13.232,40,2.242,2
11139,1,0.957,1.177,51.655,18.406000000000006,18.406,-69.876,-18.221000000000004,40,2.242,3
1698,1,1.485,1.11,23.308999999999997,50.647999999999996,50.648,-59.037000000000006,-35.72800000000001,40,2.242,4
30554,1,0.885,0.594,24.025000000000006,105.43200000000002,105.432,52.99000000000001,77.01499999999999,40,2.242,5
38488,1,1.359,0.9,-12.00200000000001,74.119,74.119,-14.546999999999997,-26.549000000000007,40,2.242,6
22981,1,1.248,1.346,-40.78999999999999,23.598000000000013,23.598,6.652999999999992,-34.137,40,2.242,7
9721,1,1.672,0.989,47.66300000000001,70.523,70.523,-22.370000000000005,25.293000000000006,40,2.242,8
20011,1,1.553,0.572,-19.52799999999999,63.24199999999999,63.242,6.314999999999998,-13.212999999999994,40,2.242,9
21900,1,1.061,1.432,-31.339,38.87299999999999,38.873,-5.943000000000012,-37.28199999999998,40,2.242,10
1209,1,1.952,0.905,48.34700000000001,69.82400000000001,69.824,-7.50800000000001,40.839,40,2.242,11
30498,1,1.032,0.826,40.93799999999999,76.33699999999999,76.337,40.28999999999999,81.22800000000001,40,2.242,12
14545,1,1.823,1.053,11.77000000000001,79.81100000000004,79.811,4.740000000000009,16.50999999999999,40,2.242,13
36094,1,1.262,0.951,-20.85300000000001,58.09899999999999,58.099,-7.311000000000007,-28.163999999999987,40,2.242,14
26758,1,2.785,0.887,-9.611999999999995,128.19799999999998,128.198,89.37200000000001,79.75999999999999,40,2.242,15
12208,1,1.011,1.106,87.88800000000003,13.175999999999988,13.176,-71.749,16.13900000000001,40,2.242,16
19864,1,1.336,1.414,51.361999999999995,22.75999999999999,22.76,-64.5,-13.138000000000005,40,2.242,17
13918,1,1.288,1.37,-19.88499999999999,72.25799999999998,72.258,-9.657999999999987,-29.543000000000006,40,2.242,18
23423,1,1.38,1.441,-30.230999999999995,41.709,41.709,-13.057999999999993,-43.28899999999999,40,2.242,19
190,1,2.787,0.929,13.087999999999994,67.37099999999998,67.371,29.164999999999992,42.252999999999986,40,2.242,20
19840,1,1.189,1.463,-38.754999999999995,40.466999999999985,40.467,0.98599999999999,-37.769000000000005,41,2.245,1
20011,1,1.553,0.572,-19.52799999999999,63.24199999999999,63.242,6.314999999999998,-13.212999999999994,41,2.245,2
8857,1,1.691,0.829,37.647999999999996,73.499,73.499,-6.997000000000014,30.65100000000001,41,2.245,3
39710,1,1.447,0.872,-49.622000000000014,87.161,87.161,21.352000000000004,-28.27000000000001,41,2.245,4
23452,1,1.212,0.96,33.158000000000015,20.244,20.244,-55.385999999999996,-22.22800000000001,41,2.245,5
30498,1,1.032,0.826,40.93799999999999,76.33699999999999,76.337,40.28999999999999,81.22800000000001,41,2.245,6
9263,1,1.487,1.095,-2.156000000000006,71.81,71.81,-25.813999999999993,-27.97,41,2.245,7
32892,1,1.001,1.408,-30.591000000000008,59.212999999999994,59.213,1.1680000000000064,-29.423000000000002,41,2.245,8
23580,1,1.681,0.966,19.900000000000006,49.01400000000001,49.014,-14.22999999999999,5.6699999999999875,41,2.245,9
23013,1,0.981,1.316,3.955999999999989,21.650000000000006,21.65,-39.221000000000004,-35.264999999999986,41,2.245,10
16975,1,1.182,0.749,20.179000000000002,20.613,20.613,-44.638000000000005,-24.459000000000003,41,2.245,11
11139,1,0.957,1.177,51.655,18.406000000000006,18.406,-69.876,-18.221000000000004,41,2.245,12
26758,1,2.785,0.887,-9.611999999999995,128.19799999999998,128.198,89.37200000000001,79.75999999999999,41,2.245,13
19103,1,1.443,0.627,-30.85900000000001,65.207,65.207,10.764999999999986,-20.093999999999994,41,2.245,14
30730,1,1.196,0.648,21.99000000000001,83.00999999999999,83.01,49.62299999999999,71.613,41,2.245,15
190,1,2.787,0.929,13.087999999999994,67.37099999999998,67.371,29.164999999999992,42.252999999999986,41,2.245,16
12287,1,0.936,1.123,-2.408999999999992,44.245000000000005,44.245,-48.51599999999999,-50.92500000000001,41,2.245,17
20314,1,1.353,0.899,-32.620000000000005,63.39099999999999,63.391,-23.804000000000002,-56.42399999999999,41,2.245,18
49447,1,1.333,1.391,-37.17099999999999,65.493,65.493,5.513000000000005,-31.658000000000015,41,2.245,19
498,1,1.253,0.767,38.377999999999986,73.482,73.482,-20.306999999999988,18.070999999999998,41,2.245,20
35373,1,1.399,0.893,-33.956999999999994,70.755,70.755,-10.151999999999987,-44.10900000000001,42,2.246,1
40822,1,2.655,0.786,21.23400000000001,52.501000000000005,52.501,-4.181999999999988,17.051999999999992,42,2.246,2
19103,1,1.443,0.627,-30.85900000000001,65.207,65.207,10.764999999999986,-20.093999999999994,42,2.246,3
16251,1,1.378,0.753,0.6330000000000098,65.513,65.513,-48.11500000000001,-47.482,42,2.246,4
19925,1,1.008,1.37,-53.22200000000001,30.208,30.208,12.062000000000012,-41.16,42,2.246,5
16987,1,1.293,0.756,0.3509999999999991,59.952,59.952,-22.50399999999999,-22.15299999999999,42,2.246,6
10418,1,1.986,0.796,2.4329999999999927,93.99799999999999,93.998,45.028999999999996,47.46199999999999,42,2.246,7
23423,1,1.38,1.441,-30.230999999999995,41.709,41.709,-13.057999999999993,-43.28899999999999,42,2.246,8
444,1,1.436,0.613,47.986999999999995,71.114,71.114,-22.24199999999999,25.745000000000005,42,2.246,9
30554,1,0.885,0.594,24.025000000000006,105.43200000000002,105.432,52.99000000000001,77.01499999999999,42,2.246,10
27642,1,0.883,1.385,-23.074000000000012,68.495,68.495,-12.48599999999999,-35.56,42,2.246,11
39710,1,1.447,0.872,-49.622000000000014,87.161,87.161,21.352000000000004,-28.27000000000001,42,2.246,12
190,1,2.787,0.929,13.087999999999994,67.37099999999998,67.371,29.164999999999992,42.252999999999986,42,2.246,13
22713,1,1.184,1.196,-35.76400000000001,33.846000000000004,33.846,-9.593999999999994,-45.358000000000004,42,2.246,14
9721,1,1.672,0.989,47.66300000000001,70.523,70.523,-22.370000000000005,25.293000000000006,42,2.246,15
19864,1,1.336,1.414,51.361999999999995,22.75999999999999,22.76,-64.5,-13.138000000000005,42,2.246,16
33849,1,0.821,1.495,-25.67500000000001,57.26400000000001,57.264,-8.850999999999999,-34.52600000000001,42,2.246,17
26364,1,1.205,0.824,-5.659999999999997,20.025000000000006,20.025,-22.99600000000001,-28.656000000000006,42,2.246,18
30498,1,1.032,0.826,40.93799999999999,76.33699999999999,76.337,40.28999999999999,81.22800000000001,42,2.246,19
12208,1,1.011,1.106,87.88800000000003,13.175999999999988,13.176,-71.749,16.13900000000001,42,2.246,20
26367,1,1.213,0.817,7.038000000000011,23.408000000000015,23.408,-37.095,-30.056999999999988,43,2.246,1
18555,1,1.287,1.394,-38.942999999999984,49.06900000000002,49.069,-6.432999999999993,-45.376000000000005,43,2.246,2
12208,1,1.011,1.106,87.88800000000003,13.175999999999988,13.176,-71.749,16.13900000000001,43,2.246,3
19926,1,1.02,1.537,-40.81900000000002,35.10300000000001,35.103,-3.703000000000003,-44.52199999999999,43,2.246,4
1209,1,1.952,0.905,48.34700000000001,69.82400000000001,69.824,-7.50800000000001,40.839,43,2.246,5
39710,1,1.447,0.872,-49.622000000000014,87.161,87.161,21.352000000000004,-28.27000000000001,43,2.246,6
39265,1,1.42,0.785,7.509999999999991,68.911,68.911,-51.39500000000001,-43.88499999999999,43,2.246,7
38488,1,1.359,0.9,-12.00200000000001,74.119,74.119,-14.546999999999997,-26.549000000000007,43,2.246,8
19103,1,1.443,0.627,-30.85900000000001,65.207,65.207,10.764999999999986,-20.093999999999994,43,2.246,9
6240,1,1.03,1.592,8.835000000000008,31.964,31.964,-51.986999999999995,-43.15199999999999,43,2.246,10
23580,1,1.681,0.966,19.900000000000006,49.01400000000001,49.014,-14.22999999999999,5.6699999999999875,43,2.246,11
1698,1,1.485,1.11,23.308999999999997,50.647999999999996,50.648,-59.037000000000006,-35.72800000000001,43,2.246,12
14846,1,1.793,0.674,-39.42099999999999,102.233,102.233,27.025000000000006,-12.396000000000015,43,2.246,13
50725,1,1.443,1.308,-13.686000000000007,44.91399999999999,44.914,0.45400000000000773,-13.232,43,2.246,14
38203,1,1.494,1.484,-13.170999999999992,61.57599999999999,61.576,-9.232,-22.40299999999999,43,2.246,15
26785,1,2.971,0.999,-7.538000000000011,125.68399999999997,125.684,92.75299999999999,85.21500000000003,43,2.246,16
10592,1,1.868,0.726,19.47399999999999,65.261,65.261,-1.8590000000000089,17.61500000000001,43,2.246,17
30498,1,1.032,0.826,40.93799999999999,76.33699999999999,76.337,40.28999999999999,81.22800000000001,43,2.246,18
14530,1,1.421,0.829,0.8480000000000132,80.89100000000002,80.891,10.863,11.711000000000013,43,2.246,19
50260,1,1.138,1.11,58.744,26.335000000000008,26.335,-65.25,-6.506,43,2.246,20
2644,1,1.269,1.058,12.901999999999987,40.70600000000002,40.706,-38.68700000000001,-25.784999999999997,44,2.246,1
14931,1,2.109,1.024,-37.24600000000001,85.50799999999998,85.508,28.420000000000016,-8.825999999999993,44,2.246,2
14846,1,1.793,0.674,-39.42099999999999,102.233,102.233,27.025000000000006,-12.396000000000015,44,2.246,3
14530,1,1.421,0.829,0.8480000000000132,80.89100000000002,80.891,10.863,11.711000000000013,44,2.246,4
1389,1,1.598,1.265,39.64099999999999,72.314,72.314,-3.647999999999996,35.992999999999995,44,2.246,5
48471,1,1.052,1.415,-37.196,49.954999999999984,49.955,-2.007000000000005,-39.203,44,2.246,6
17050,1,1.469,1.047,29.625,81.90300000000002,81.903,-30.456999999999994,-0.8319999999999936,44,2.246,7
16987,1,1.293,0.756,0.3509999999999991,59.952,59.952,-22.50399999999999,-22.15299999999999,44,2.246,8
50094,1,1.606,1.172,-15.289999999999992,47.579999999999984,47.58,-1.156000000000006,-16.445999999999998,44,2.246,9
19860,1,1.213,1.433,-30.718999999999994,50.744,50.744,-8.034999999999997,-38.75400000000002,44,2.246,10
1209,1,1.952,0.905,48.34700000000001,69.82400000000001,69.824,-7.50800000000001,40.839,44,2.246,11
19103,1,1.443,0.627,-30.85900000000001,65.207,65.207,10.764999999999986,-20.093999999999994,44,2.246,12
24018,1,1.01,0.955,53.16300000000001,26.62700000000001,26.627,-75.957,-22.79400000000001,44,2.246,13
26757,1,2.861,0.926,-6.679000000000002,127.71100000000001,127.711,89.60899999999998,82.93,44,2.246,14
38488,1,1.359,0.9,-12.00200000000001,74.119,74.119,-14.546999999999997,-26.549000000000007,44,2.246,15
23011,1,1.08,1.246,-22.318000000000012,17.954000000000008,17.954,-17.312999999999988,-39.631,44,2.246,16
47337,1,1.13,0.96,0.8739999999999952,30.251000000000005,30.251,-54.84,-53.96600000000001,44,2.246,17
11338,1,1.147,0.949,39.29900000000001,24.76400000000001,24.764,-41.793000000000006,-2.4939999999999998,44,2.246,18
42783,1,1.13,1.098,20.194999999999993,35.643,35.643,-34.55500000000001,-14.360000000000014,44,2.246,19
31646,1,2.146,0.93,32.864000000000004,67.14499999999998,67.145,45.03399999999999,77.89800000000002,44,2.246,20
19103,1,1.443,0.627,-30.85900000000001,65.207,65.207,10.764999999999986,-20.093999999999994,45,2.247,1
26758,1,2.785,0.887,-9.611999999999995,128.19799999999998,128.198,89.37200000000001,79.75999999999999,45,2.247,2
339,1,1.734,1.37,32.33100000000002,77.839,77.839,9.342000000000013,41.673,45,2.247,3
38488,1,1.359,0.9,-12.00200000000001,74.119,74.119,-14.546999999999997,-26.549000000000007,45,2.247,4
12287,1,0.936,1.123,-2.408999999999992,44.245000000000005,44.245,-48.51599999999999,-50.92500000000001,45,2.247,5
19926,1,1.02,1.537,-40.81900000000002,35.10300000000001,35.103,-3.703000000000003,-44.52199999999999,45,2.247,6
46912,1,1.048,1.42,31.813999999999993,28.990999999999985,28.991,-69.641,-37.827,45,2.247,7
40910,1,2.632,0.921,12.433999999999997,60.744,60.744,5.856999999999999,18.290999999999997,45,2.247,8
39710,1,1.447,0.872,-49.622000000000014,87.161,87.161,21.352000000000004,-28.27000000000001,45,2.247,9
1209,1,1.952,0.905,48.34700000000001,69.82400000000001,69.824,-7.50800000000001,40.839,45,2.247,10
26356,1,1.249,1.007,-16.375,19.10499999999999,19.105,-8.593999999999994,-24.968999999999994,45,2.247,11
30498,1,1.032,0.826,40.93799999999999,76.33699999999999,76.337,40.28999999999999,81.22800000000001,45,2.247,12
49447,1,1.333,1.391,-37.17099999999999,65.493,65.493,5.513000000000005,-31.658000000000015,45,2.247,13
20273,1,1.364,0.927,-4.201999999999998,64.85300000000001,64.853,-34.28899999999999,-38.490999999999985,45,2.247,14
22972,1,1.227,1.482,-26.756,29.36099999999999,29.361,-5.811000000000007,-32.56700000000001,45,2.247,15
30596,1,1.093,0.62,8.592000000000013,66.62900000000002,66.629,-19.272999999999996,-10.681000000000012,45,2.247,16
10418,1,1.986,0.796,2.4329999999999927,93.99799999999999,93.998,45.028999999999996,47.46199999999999,45,2.247,17
24378,1,0.899,1.384,-32.32499999999999,55.22399999999999,55.224,-9.590000000000003,-41.91500000000002,45,2.247,18
17654,1,1.256,1.306,28.793000000000006,21.942000000000007,21.942,-42.27199999999999,-13.478999999999985,45,2.247,19
13240,1,1.432,1.03,17.802999999999997,38.235000000000014,38.235,-48.714,-30.911,45,2.247,20
49447,1,1.333,1.391,-37.17099999999999,65.493,65.493,5.513000000000005,-31.658000000000015,46,2.247,1
49446,1,1.193,1.362,-39.13900000000001,67.537,67.537,6.248999999999995,-32.889999999999986,46,2.247,2
19955,1,1.008,1.434,-31.35300000000001,42.66499999999999,42.665,-4.742999999999995,-36.096000000000004,46,2.247,3
21963,1,1.354,0.824,2.8000000000000114,23.462999999999994,23.463,-25.076999999999998,-22.276999999999987,46,2.247,4
26758,1,2.785,0.887,-9.611999999999995,128.19799999999998,128.198,89.37200000000001,79.75999999999999,46,2.247,5
23114,1,1.025,0.945,34.009000000000015,20.870000000000005,20.87,-51.90699999999998,-17.897999999999996,46,2.247,6
48021,1,1.0,1.229,13.611999999999995,40.21000000000001,40.21,-49.071,-35.459,46,2.247,7
16130,1,1.587,0.761,25.561000000000007,70.63,70.63,1.9989999999999952,27.560000000000002,46,2.247,8
39710,1,1.447,0.872,-49.622000000000014,87.161,87.161,21.352000000000004,-28.27000000000001,46,2.247,9
16987,1,1.293,0.756,0.3509999999999991,59.952,59.952,-22.50399999999999,-22.15299999999999,46,2.247,10
13240,1,1.432,1.03,17.802999999999997,38.235000000000014,38.235,-48.714,-30.911,46,2.247,11
1207,1,1.949,1.193,46.15699999999998,70.47300000000001,70.473,-0.2179999999999893,45.93899999999999,46,2.247,12
22968,1,1.279,1.328,-33.05500000000001,28.858000000000004,28.858,-2.0689999999999884,-35.123999999999995,46,2.247,13
17654,1,1.256,1.306,28.793000000000006,21.942000000000007,21.942,-42.27199999999999,-13.478999999999985,46,2.247,14
10418,1,1.986,0.796,2.4329999999999927,93.99799999999999,93.998,45.028999999999996,47.46199999999999,46,2.247,15
19103,1,1.443,0.627,-30.85900000000001,65.207,65.207,10.764999999999986,-20.093999999999994,46,2.247,16
26032,1,1.117,0.858,-1.5800000000000125,81.56299999999999,81.563,-19.864000000000004,-21.444000000000017,46,2.247,17
38488,1,1.359,0.9,-12.00200000000001,74.119,74.119,-14.546999999999997,-26.549000000000007,46,2.247,18
30499,1,1.083,0.791,38.595,72.804,72.804,36.75399999999999,75.34899999999999,46,2.247,19
40910,1,2.632,0.921,12.433999999999997,60.744,60.744,5.856999999999999,18.290999999999997,46,2.247,20
27653,1,0.808,1.383,-34.976,71.71699999999998,71.717,-4.965000000000003,-39.941,47,2.249,1
21646,1,0.792,1.524,-36.87700000000001,61.00800000000001,61.008,2.460000000000008,-34.417,47,2.249,2
14530,1,1.421,0.829,0.8480000000000132,80.89100000000002,80.891,10.863,11.711000000000013,47,2.249,3
1698,1,1.485,1.11,23.308999999999997,50.647999999999996,50.648,-59.037000000000006,-35.72800000000001,47,2.249,4
39710,1,1.447,0.872,-49.622000000000014,87.161,87.161,21.352000000000004,-28.27000000000001,47,2.249,5
30554,1,0.885,0.594,24.025000000000006,105.43200000000002,105.432,52.99000000000001,77.01499999999999,47,2.249,6
19103,1,1.443,0.627,-30.85900000000001,65.207,65.207,10.764999999999986,-20.093999999999994,47,2.249,7
34788,1,1.176,1.658,-21.41900000000001,54.02699999999999,54.027,-7.121000000000009,-28.539999999999992,47,2.249,8
312,1,1.804,1.261,52.599999999999994,68.41300000000001,68.413,-7.619,44.980999999999995,47,2.249,9
23452,1,1.212,0.96,33.158000000000015,20.244,20.244,-55.385999999999996,-22.22800000000001,47,2.249,10
35069,1,1.125,1.388,-43.341999999999985,23.25399999999999,23.254,-22.15100000000001,-65.493,47,2.249,11
9721,1,1.672,0.989,47.66300000000001,70.523,70.523,-22.370000000000005,25.293000000000006,47,2.249,12
42783,1,1.13,1.098,20.194999999999993,35.643,35.643,-34.55500000000001,-14.360000000000014,47,2.249,13
50558,1,1.318,1.331,2.164999999999992,41.821,41.821,-18.24199999999999,-16.076999999999998,47,2.249,14
22713,1,1.184,1.196,-35.76400000000001,33.846000000000004,33.846,-9.593999999999994,-45.358000000000004,47,2.249,15
26356,1,1.249,1.007,-16.375,19.10499999999999,19.105,-8.593999999999994,-24.968999999999994,47,2.249,16
28365,1,0.549,0.927,30.550999999999988,67.67000000000002,67.67,-12.408999999999992,18.141999999999996,47,2.249,17
190,1,2.787,0.929,13.087999999999994,67.37099999999998,67.371,29.164999999999992,42.252999999999986,47,2.249,18
38488,1,1.359,0.9,-12.00200000000001,74.119,74.119,-14.546999999999997,-26.549000000000007,47,2.249,19
26753,1,3.084,0.787,-9.40100000000001,128.043,128.043,96.382,86.981,47,2.249,20
30499,1,1.083,0.791,38.595,72.804,72.804,36.75399999999999,75.34899999999999,48,2.25,1
19103,1,1.443,0.627,-30.85900000000001,65.207,65.207,10.764999999999986,-20.093999999999994,48,2.25,2
1483,1,3.265,1.014,-39.091999999999985,97.69100000000003,97.691,55.033000000000015,15.941000000000003,48,2.25,3
50558,1,1.318,1.331,2.164999999999992,41.821,41.821,-18.24199999999999,-16.076999999999998,48,2.25,4
30498,1,1.032,0.826,40.93799999999999,76.33699999999999,76.337,40.28999999999999,81.22800000000001,48,2.25,5
16119,1,1.725,0.828,7.657000000000011,74.32499999999999,74.325,4.068999999999988,11.725999999999999,48,2.25,6
23442,1,1.205,1.064,38.15100000000001,22.414999999999992,22.415,-58.863,-20.71199999999999,48,2.25,7
49048,1,0.7,1.39,-31.435000000000002,61.766999999999996,61.767,-1.2129999999999939,-32.647999999999996,48,2.25,8
19840,1,1.189,1.463,-38.754999999999995,40.466999999999985,40.467,0.98599999999999,-37.769000000000005,48,2.25,9
14942,1,2.307,1.231,-24.47,91.09199999999998,91.092,33.94400000000002,9.47399999999999,48,2.25,10
16987,1,1.293,0.756,0.3509999999999991,59.952,59.952,-22.50399999999999,-22.15299999999999,48,2.25,11
38488,1,1.359,0.9,-12.00200000000001,74.119,74.119,-14.546999999999997,-26.549000000000007,48,2.25,12
46434,1,1.148,0.956,-16.271000000000015,49.40299999999999,49.403,-27.581999999999994,-43.85300000000001,48,2.25,13
26787,1,3.155,1.077,4.937000000000012,134.47199999999998,134.472,96.43899999999996,101.37599999999998,48,2.25,14
22713,1,1.184,1.196,-35.76400000000001,33.846000000000004,33.846,-9.593999999999994,-45.358000000000004,48,2.25,15
10236,1,1.24,0.998,33.083,65.798,65.798,-29.271000000000015,3.812000000000012,48,2.25,16
35914,1,0.983,1.473,-30.363,48.47800000000001,48.478,-12.056999999999988,-42.420000000000016,48,2.25,17
26392,1,1.293,0.969,9.658999999999992,29.155,29.155,-36.13300000000001,-26.47399999999999,48,2.25,18
8857,1,1.691,0.829,37.647999999999996,73.499,73.499,-6.997000000000014,30.65100000000001,48,2.25,19
42629,1,0.862,1.53,-34.31,41.587999999999994,41.588,-10.425000000000011,-44.735000000000014,48,2.25,20
33680,1,1.104,1.581,-32.376000000000005,54.740999999999985,54.741,-2.8079999999999927,-35.184,49,2.251,1
39710,1,1.447,0.872,-49.622000000000014,87.161,87.161,21.352000000000004,-28.27000000000001,49,2.251,2
26032,1,1.117,0.858,-1.5800000000000125,81.56299999999999,81.563,-19.864000000000004,-21.444000000000017,49,2.251,3
16987,1,1.293,0.756,0.3509999999999991,59.952,59.952,-22.50399999999999,-22.15299999999999,49,2.251,4
30554,1,0.885,0.594,24.025000000000006,105.43200000000002,105.432,52.99000000000001,77.01499999999999,49,2.251,5
30904,1,1.609,0.84,24.01599999999999,37.766999999999996,37.767,-42.545000000000016,-18.528999999999996,49,2.251,6
10418,1,1.986,0.796,2.4329999999999927,93.99799999999999,93.998,45.028999999999996,47.46199999999999,49,2.251,7
50725,1,1.443,1.308,-13.686000000000007,44.91399999999999,44.914,0.45400000000000773,-13.232,49,2.251,8
49187,1,1.366,1.213,-14.937000000000012,59.45400000000001,59.454,0.4240000000000066,-14.513000000000005,49,2.251,9
1209,1,1.952,0.905,48.34700000000001,69.82400000000001,69.824,-7.50800000000001,40.839,49,2.251,10
48021,1,1.0,1.229,13.611999999999995,40.21000000000001,40.21,-49.071,-35.459,49,2.251,11
12208,1,1.011,1.106,87.88800000000003,13.175999999999988,13.176,-71.749,16.13900000000001,49,2.251,12
23012,1,1.117,1.509,-10.045999999999992,20.585000000000008,20.585,-26.704000000000008,-36.75,49,2.251,13
26757,1,2.861,0.926,-6.679000000000002,127.71100000000001,127.711,89.60899999999998,82.93,49,2.251,14
39413,1,1.382,1.562,-41.471000000000004,48.59300000000002,48.593,8.873999999999995,-32.59699999999998,49,2.251,15
14646,1,1.617,0.936,46.024,65.209,65.209,-17.805000000000007,28.218999999999994,49,2.251,16
30498,1,1.032,0.826,40.93799999999999,76.33699999999999,76.337,40.28999999999999,81.22800000000001,49,2.251,17
19103,1,1.443,0.627,-30.85900000000001,65.207,65.207,10.764999999999986,-20.093999999999994,49,2.251,18
11139,1,0.957,1.177,51.655,18.406000000000006,18.406,-69.876,-18.221000000000004,49,2.251,19
35914,1,0.983,1.473,-30.363,48.47800000000001,48.478,-12.056999999999988,-42.420000000000016,49,2.251,20
31646,1,2.146,0.93,32.864000000000004,67.14499999999998,67.145,45.03399999999999,77.89800000000002,50,2.251,1
11139,1,0.957,1.177,51.655,18.406000000000006,18.406,-69.876,-18.221000000000004,50,2.251,2
26787,1,3.155,1.077,4.937000000000012,134.47199999999998,134.472,96.43899999999996,101.37599999999998,50,2.251,3
3486,1,1.804,0.928,-8.129999999999995,59.736999999999995,59.737,-5.770999999999987,-13.90100000000001,50,2.251,4
38488,1,1.359,0.9,-12.00200000000001,74.119,74.119,-14.546999999999997,-26.549000000000007,50,2.251,5
1211,1,1.847,0.854,45.997000000000014,69.05700000000002,69.057,-9.385999999999996,36.61099999999999,50,2.251,6
14530,1,1.421,0.829,0.8480000000000132,80.89100000000002,80.891,10.863,11.711000000000013,50,2.251,7
14931,1,2.109,1.024,-37.24600000000001,85.50799999999998,85.508,28.420000000000016,-8.825999999999993,50,2.251,8
23013,1,0.981,1.316,3.955999999999989,21.650000000000006,21.65,-39.221000000000004,-35.264999999999986,50,2.251,9
19103,1,1.443,0.627,-30.85900000000001,65.207,65.207,10.764999999999986,-20.093999999999994,50,2.251,10
35765,1,1.007,1.545,9.488,26.889999999999986,26.89,-23.001000000000005,-13.513000000000005,50,2.251,11
27641,1,1.1,1.438,-20.766999999999996,64.674,64.674,-15.081999999999994,-35.84899999999999,50,2.251,12
27642,1,0.883,1.385,-23.074000000000012,68.495,68.495,-12.48599999999999,-35.56,50,2.251,13
39710,1,1.447,0.872,-49.622000000000014,87.161,87.161,21.352000000000004,-28.27000000000001,50,2.251,14
26392,1,1.293,0.969,9.658999999999992,29.155,29.155,-36.13300000000001,-26.47399999999999,50,2.251,15
22306,1,1.056,0.918,8.560000000000002,76.76499999999999,76.765,-23.814999999999998,-15.254999999999995,50,2.251,16
50725,1,1.443,1.308,-13.686000000000007,44.91399999999999,44.914,0.45400000000000773,-13.232,50,2.251,17
48636,1,1.29,1.065,15.324999999999989,20.021000000000015,20.021,-51.35900000000001,-36.03399999999999,50,2.251,18
13240,1,1.432,1.03,17.802999999999997,38.235000000000014,38.235,-48.714,-30.911,50,2.251,19
30499,1,1.083,0.791,38.595,72.804,72.804,36.75399999999999,75.34899999999999,50,2.251,20
8896,1,1.589,0.807,49.208,69.739,69.739,-11.603999999999985,37.603999999999985,51,2.252,1
22678,1,0.866,1.329,-13.183999999999997,32.48599999999999,32.486,-36.126000000000005,-49.31,51,2.252,2
30730,1,1.196,0.648,21.99000000000001,83.00999999999999,83.01,49.62299999999999,71.613,51,2.252,3
190,1,2.787,0.929,13.087999999999994,67.37099999999998,67.371,29.164999999999992,42.252999999999986,51,2.252,4
50725,1,1.443,1.308,-13.686000000000007,44.91399999999999,44.914,0.45400000000000773,-13.232,51,2.252,5
34425,1,1.217,1.541,-40.108000000000004,38.078,38.078,0.554000000000002,-39.554,51,2.252,6
19860,1,1.213,1.433,-30.718999999999994,50.744,50.744,-8.034999999999997,-38.75400000000002,51,2.252,7
39710,1,1.447,0.872,-49.622000000000014,87.161,87.161,21.352000000000004,-28.27000000000001,51,2.252,8
26757,1,2.861,0.926,-6.679000000000002,127.71100000000001,127.711,89.60899999999998,82.93,51,2.252,9
31356,1,0.846,1.754,49.28199999999998,34.08500000000001,34.085,-90.796,-41.51400000000001,51,2.252,10
49446,1,1.193,1.362,-39.13900000000001,67.537,67.537,6.248999999999995,-32.889999999999986,51,2.252,11
1698,1,1.485,1.11,23.308999999999997,50.647999999999996,50.648,-59.037000000000006,-35.72800000000001,51,2.252,12
19103,1,1.443,0.627,-30.85900000000001,65.207,65.207,10.764999999999986,-20.093999999999994,51,2.252,13
23442,1,1.205,1.064,38.15100000000001,22.414999999999992,22.415,-58.863,-20.71199999999999,51,2.252,14
38488,1,1.359,0.9,-12.00200000000001,74.119,74.119,-14.546999999999997,-26.549000000000007,51,2.252,15
50558,1,1.318,1.331,2.164999999999992,41.821,41.821,-18.24199999999999,-16.076999999999998,51,2.252,16
23012,1,1.117,1.509,-10.045999999999992,20.585000000000008,20.585,-26.704000000000008,-36.75,51,2.252,17
10592,1,1.868,0.726,19.47399999999999,65.261,65.261,-1.8590000000000089,17.61500000000001,51,2.252,18
17050,1,1.469,1.047,29.625,81.90300000000002,81.903,-30.456999999999994,-0.8319999999999936,51,2.252,19
20014,1,1.371,0.582,-21.324000000000012,61.06399999999999,61.064,1.818000000000012,-19.506,51,2.252,20
6240,1,1.03,1.592,8.835000000000008,31.964,31.964,-51.986999999999995,-43.15199999999999,52,2.253,1
10380,1,1.402,0.93,-4.63900000000001,89.358,89.358,16.284999999999997,11.646000000000015,52,2.253,2
1130,1,1.105,0.913,18.605999999999995,24.02199999999999,24.022,-37.623999999999995,-19.018,52,2.253,3
48471,1,1.052,1.415,-37.196,49.954999999999984,49.955,-2.007000000000005,-39.203,52,2.253,4
8303,1,1.17,0.995,2.265999999999991,75.072,75.072,-6.848000000000013,-4.581999999999994,52,2.253,5
19103,1,1.443,0.627,-30.85900000000001,65.207,65.207,10.764999999999986,-20.093999999999994,52,2.253,6
15228,1,1.566,0.759,-10.608000000000004,56.977000000000004,56.977,-14.153999999999996,-24.762,52,2.253,7
40044,1,2.032,1.142,3.0989999999999895,23.736999999999995,23.737,-9.544000000000011,-6.444999999999993,52,2.253,8
39710,1,1.447,0.872,-49.622000000000014,87.161,87.161,21.352000000000004,-28.27000000000001,52,2.253,9
22713,1,1.184,1.196,-35.76400000000001,33.846000000000004,33.846,-9.593999999999994,-45.358000000000004,52,2.253,10
26757,1,2.861,0.926,-6.679000000000002,127.71100000000001,127.711,89.60899999999998,82.93,52,2.253,11
34475,1,1.332,1.129,19.42500000000001,20.876000000000005,20.876,-37.84300000000002,-18.418000000000006,52,2.253,12
14658,1,1.093,1.128,34.72,16.763000000000005,16.763,-51.32300000000001,-16.60300000000001,52,2.253,13
19840,1,1.189,1.463,-38.754999999999995,40.466999999999985,40.467,0.98599999999999,-37.769000000000005,52,2.253,14
15759,1,1.13,0.802,-25.068000000000012,68.339,68.339,-13.426999999999992,-38.495000000000005,52,2.253,15
9737,1,1.3,0.494,43.997000000000014,76.54700000000003,76.547,-13.896999999999991,30.099999999999994,52,2.253,16
1698,1,1.485,1.11,23.308999999999997,50.647999999999996,50.648,-59.037000000000006,-35.72800000000001,52,2.253,17
30499,1,1.083,0.791,38.595,72.804,72.804,36.75399999999999,75.34899999999999,52,2.253,18
190,1,2.787,0.929,13.087999999999994,67.37099999999998,67.371,29.164999999999992,42.252999999999986,52,2.253,19
327,1,2.113,0.854,35.02799999999999,63.38499999999999,63.385,31.114000000000004,66.142,52,2.253,20
16975,1,1.182,0.749,20.179000000000002,20.613,20.613,-44.638000000000005,-24.459000000000003,53,2.255,1
19841,1,1.043,1.481,-32.153999999999996,41.76400000000001,41.764,-7.757000000000005,-39.911,53,2.255,2
38488,1,1.359,0.9,-12.00200000000001,74.119,74.119,-14.546999999999997,-26.549000000000007,53,2.255,3
16987,1,1.293,0.756,0.3509999999999991,59.952,59.952,-22.50399999999999,-22.15299999999999,53,2.255,4
7,1,1.433,1.393,47.44200000000001,46.99600000000001,46.996,-18.361999999999995,29.079999999999984,53,2.255,5
39710,1,1.447,0.872,-49.622000000000014,87.161,87.161,21.352000000000004,-28.27000000000001,53,2.255,6
23423,1,1.38,1.441,-30.230999999999995,41.709,41.709,-13.057999999999993,-43.28899999999999,53,2.255,7
23011,1,1.08,1.246,-22.318000000000012,17.954000000000008,17.954,-17.312999999999988,-39.631,53,2.255,8
19103,1,1.443,0.627,-30.85900000000001,65.207,65.207,10.764999999999986,-20.093999999999994,53,2.255,9
23452,1,1.212,0.96,33.158000000000015,20.244,20.244,-55.385999999999996,-22.22800000000001,53,2.255,10
14795,1,1.088,0.947,22.12899999999999,34.369,34.369,-57.232,-35.10300000000001,53,2.255,11
10418,1,1.986,0.796,2.4329999999999927,93.99799999999999,93.998,45.028999999999996,47.46199999999999,53,2.255,12
190,1,2.787,0.929,13.087999999999994,67.37099999999998,67.371,29.164999999999992,42.252999999999986,53,2.255,13
40822,1,2.655,0.786,21.23400000000001,52.501000000000005,52.501,-4.181999999999988,17.051999999999992,53,2.255,14
14846,1,1.793,0.674,-39.42099999999999,102.233,102.233,27.025000000000006,-12.396000000000015,53,2.255,15
2082,1,1.112,1.132,0.10699999999999932,74.91399999999999,74.914,-25.101,-24.994,53,2.255,16
30498,1,1.032,0.826,40.93799999999999,76.33699999999999,76.337,40.28999999999999,81.22800000000001,53,2.255,17
498,1,1.253,0.767,38.377999999999986,73.482,73.482,-20.306999999999988,18.070999999999998,53,2.255,18
20283,1,1.426,0.956,3.1359999999999957,56.92500000000001,56.925,-38.21800000000002,-35.081999999999994,53,2.255,19
41864,1,0.977,1.287,-32.934,48.108000000000004,48.108,-4.709000000000003,-37.643,53,2.255,20
30762,1,1.08,0.818,26.436000000000007,76.14800000000002,76.148,39.25200000000001,65.68799999999999,54,2.256,1
7669,1,1.3,0.671,-1.4569999999999936,33.899,33.899,-18.693000000000012,-20.150000000000006,54,2.256,2
190,1,2.787,0.929,13.087999999999994,67.37099999999998,67.371,29.164999999999992,42.252999999999986,54,2.256,3
26787,1,3.155,1.077,4.937000000000012,134.47199999999998,134.472,96.43899999999996,101.37599999999998,54,2.256,4
1389,1,1.598,1.265,39.64099999999999,72.314,72.314,-3.647999999999996,35.992999999999995,54,2.256,5
49447,1,1.333,1.391,-37.17099999999999,65.493,65.493,5.513000000000005,-31.658000000000015,54,2.256,6
844,1,1.095,0.925,40.485000000000014,24.46799999999999,24.468,-62.876000000000005,-22.39099999999999,54,2.256,7
16987,1,1.293,0.756,0.3509999999999991,59.952,59.952,-22.50399999999999,-22.15299999999999,54,2.256,8
22713,1,1.184,1.196,-35.76400000000001,33.846000000000004,33.846,-9.593999999999994,-45.358000000000004,54,2.256,9
30554,1,0.885,0.594,24.025000000000006,105.43200000000002,105.432,52.99000000000001,77.01499999999999,54,2.256,10
15943,1,1.073,0.927,-27.47,92.779,92.779,-4.132000000000005,-31.602000000000004,54,2.256,11
1698,1,1.485,1.11,23.308999999999997,50.647999999999996,50.648,-59.037000000000006,-35.72800000000001,54,2.256,12
20245,1,1.409,0.877,53.30500000000001,29.948000000000008,29.948,-68.978,-15.673000000000002,54,2.256,13
11139,1,0.957,1.177,51.655,18.406000000000006,18.406,-69.876,-18.221000000000004,54,2.256,14
22968,1,1.279,1.328,-33.05500000000001,28.858000000000004,28.858,-2.0689999999999884,-35.123999999999995,54,2.256,15
33461,1,1.231,1.743,-31.20599999999999,52.81299999999999,52.813,1.3930000000000007,-29.812999999999988,54,2.256,16
19103,1,1.443,0.627,-30.85900000000001,65.207,65.207,10.764999999999986,-20.093999999999994,54,2.256,17
40505,1,1.228,0.664,-46.35900000000001,88.18899999999996,88.189,2.9639999999999986,-43.39500000000001,54,2.256,18
40910,1,2.632,0.921,12.433999999999997,60.744,60.744,5.856999999999999,18.290999999999997,54,2.256,19
312,1,1.804,1.261,52.599999999999994,68.41300000000001,68.413,-7.619,44.980999999999995,54,2.256,20
13302,1,1.256,0.755,29.848000000000013,33.548,33.548,-85.396,-55.548,55,2.256,1
190,1,2.787,0.929,13.087999999999994,67.37099999999998,67.371,29.164999999999992,42.252999999999986,55,2.256,2
30498,1,1.032,0.826,40.93799999999999,76.33699999999999,76.337,40.28999999999999,81.22800000000001,55,2.256,3
10418,1,1.986,0.796,2.4329999999999927,93.99799999999999,93.998,45.028999999999996,47.46199999999999,55,2.256,4
47060,1,1.566,1.326,-21.16900000000001,46.98599999999999,46.986,-17.074000000000012,-38.242999999999995,55,2.256,5
29568,1,1.271,1.494,-31.182999999999993,42.43299999999999,42.433,-4.469999999999999,-35.65299999999999,55,2.256,6
20314,1,1.353,0.899,-32.620000000000005,63.39099999999999,63.391,-23.804000000000002,-56.42399999999999,55,2.256,7
22981,1,1.248,1.346,-40.78999999999999,23.598000000000013,23.598,6.652999999999992,-34.137,55,2.256,8
40910,1,2.632,0.921,12.433999999999997,60.744,60.744,5.856999999999999,18.290999999999997,55,2.256,9
28049,1,3.363,1.013,-26.11500000000001,104.11700000000002,104.117,84.37700000000001,58.262,55,2.256,10
19849,1,0.648,1.406,-38.137,52.32499999999999,52.325,1.7280000000000086,-36.40899999999999,55,2.256,11
1130,1,1.105,0.913,18.605999999999995,24.02199999999999,24.022,-37.623999999999995,-19.018,55,2.256,12
19103,1,1.443,0.627,-30.85900000000001,65.207,65.207,10.764999999999986,-20.093999999999994,55,2.256,13
38488,1,1.359,0.9,-12.00200000000001,74.119,74.119,-14.546999999999997,-26.549000000000007,55,2.256,14
20011,1,1.553,0.572,-19.52799999999999,63.24199999999999,63.242,6.314999999999998,-13.212999999999994,55,2.256,15
844,1,1.095,0.925,40.485000000000014,24.46799999999999,24.468,-62.876000000000005,-22.39099999999999,55,2.256,16
1209,1,1.952,0.905,48.34700000000001,69.82400000000001,69.824,-7.50800000000001,40.839,55,2.256,17
49883,1,0.838,1.023,38.71600000000001,27.927999999999997,27.928,-56.85499999999999,-18.13900000000001,55,2.256,18
26032,1,1.117,0.858,-1.5800000000000125,81.56299999999999,81.563,-19.864000000000004,-21.444000000000017,55,2.256,19
36094,1,1.262,0.951,-20.85300000000001,58.09899999999999,58.099,-7.311000000000007,-28.163999999999987,55,2.256,20
42783,1,1.13,1.098,20.194999999999993,35.643,35.643,-34.55500000000001,-14.360000000000014,56,2.257,1
39710,1,1.447,0.872,-49.622000000000014,87.161,87.161,21.352000000000004,-28.27000000000001,56,2.257,2
14911,1,2.0,1.182,-26.662000000000006,93.48500000000001,93.485,23.90100000000001,-2.7609999999999957,56,2.257,3
33853,1,1.148,1.211,-35.740999999999985,49.21800000000002,49.218,-0.14699999999999136,-35.888000000000005,56,2.257,4
17654,1,1.256,1.306,28.793000000000006,21.942000000000007,21.942,-42.27199999999999,-13.478999999999985,56,2.257,5
26392,1,1.293,0.969,9.658999999999992,29.155,29.155,-36.13300000000001,-26.47399999999999,56,2.257,6
37698,1,1.295,1.643,-38.56,46.341999999999985,46.342,7.38300000000001,-31.176999999999992,56,2.257,7
22713,1,1.184,1.196,-35.76400000000001,33.846000000000004,33.846,-9.593999999999994,-45.358000000000004,56,2.257,8
8303,1,1.17,0.995,2.265999999999991,75.072,75.072,-6.848000000000013,-4.581999999999994,56,2.257,9
40910,1,2.632,0.921,12.433999999999997,60.744,60.744,5.856999999999999,18.290999999999997,56,2.257,10
26753,1,3.084,0.787,-9.40100000000001,128.043,128.043,96.382,86.981,56,2.257,11
15228,1,1.566,0.759,-10.608000000000004,56.977000000000004,56.977,-14.153999999999996,-24.762,56,2.257,12
1209,1,1.952,0.905,48.34700000000001,69.82400000000001,69.824,-7.50800000000001,40.839,56,2.257,13
190,1,2.787,0.929,13.087999999999994,67.37099999999998,67.371,29.164999999999992,42.252999999999986,56,2.257,14
3499,1,1.657,0.815,-2.330999999999989,81.72500000000002,81.725,-6.579000000000008,-8.909999999999997,56,2.257,15
12645,1,0.988,0.854,-27.72800000000001,41.595,41.595,-35.67099999999999,-63.399,56,2.257,16
30498,1,1.032,0.826,40.93799999999999,76.33699999999999,76.337,40.28999999999999,81.22800000000001,56,2.257,17
1130,1,1.105,0.913,18.605999999999995,24.02199999999999,24.022,-37.623999999999995,-19.018,56,2.257,18
48636,1,1.29,1.065,15.324999999999989,20.021000000000015,20.021,-51.35900000000001,-36.03399999999999,56,2.257,19
38488,1,1.359,0.9,-12.00200000000001,74.119,74.119,-14.546999999999997,-26.549000000000007,56,2.257,20
19931,1,1.331,1.332,-25.120000000000005,39.119,39.119,-16.498999999999995,-41.619,57,2.258,1
26392,1,1.293,0.969,9.658999999999992,29.155,29.155,-36.13300000000001,-26.47399999999999,57,2.258,2
19103,1,1.443,0.627,-30.85900000000001,65.207,65.207,10.764999999999986,-20.093999999999994,57,2.258,3
22231,1,1.016,1.062,0.7560000000000002,75.06200000000001,75.062,-17.319999999999993,-16.563999999999993,57,2.258,4
2779,1,1.344,0.738,26.677999999999997,57.298,57.298,-39.64699999999999,-12.968999999999994,57,2.258,5
190,1,2.787,0.929,13.087999999999994,67.37099999999998,67.371,29.164999999999992,42.252999999999986,57,2.258,6
7,1,1.433,1.393,47.44200000000001,46.99600000000001,46.996,-18.361999999999995,29.079999999999984,57,2.258,7
41831,1,0.856,1.369,-32.60300000000001,42.345,42.345,-5.687000000000012,-38.28999999999999,57,2.258,8
39710,1,1.447,0.872,-49.622000000000014,87.161,87.161,21.352000000000004,-28.27000000000001,57,2.258,9
21963,1,1.354,0.824,2.8000000000000114,23.462999999999994,23.463,-25.076999999999998,-22.276999999999987,57,2.258,10
14942,1,2.307,1.231,-24.47,91.09199999999998,91.092,33.94400000000002,9.47399999999999,57,2.258,11
12208,1,1.011,1.106,87.88800000000003,13.175999999999988,13.176,-71.749,16.13900000000001,57,2.258,12
22981,1,1.248,1.346,-40.78999999999999,23.598000000000013,23.598,6.652999999999992,-34.137,57,2.258,13
23442,1,1.205,1.064,38.15100000000001,22.414999999999992,22.415,-58.863,-20.71199999999999,57,2.258,14
30554,1,0.885,0.594,24.025000000000006,105.43200000000002,105.432,52.99000000000001,77.01499999999999,57,2.258,15
1209,1,1.952,0.905,48.34700000000001,69.82400000000001,69.824,-7.50800000000001,40.839,57,2.258,16
30498,1,1.032,0.826,40.93799999999999,76.33699999999999,76.337,40.28999999999999,81.22800000000001,57,2.258,17
25570,1,1.001,0.955,7.287000000000006,60.06100000000001,60.061,-31.151999999999987,-23.86500000000001,57,2.258,18
35339,1,1.1,1.215,-24.319999999999993,56.86099999999999,56.861,-22.59899999999999,-46.91899999999998,57,2.258,19
38488,1,1.359,0.9,-12.00200000000001,74.119,74.119,-14.546999999999997,-26.549000000000007,57,2.258,20
20507,1,1.169,1.113,40.99799999999999,22.497000000000014,22.497,-59.141999999999996,-18.144000000000005,58,2.262,1
37698,1,1.295,1.643,-38.56,46.341999999999985,46.342,7.38300000000001,-31.176999999999992,58,2.262,2
38203,1,1.494,1.484,-13.170999999999992,61.57599999999999,61.576,-9.232,-22.40299999999999,58,2.262,3
50725,1,1.443,1.308,-13.686000000000007,44.91399999999999,44.914,0.45400000000000773,-13.232,58,2.262,4
26758,1,2.785,0.887,-9.611999999999995,128.19799999999998,128.198,89.37200000000001,79.75999999999999,58,2.262,5
38888,1,1.101,0.915,-30.596000000000004,59.22999999999999,59.23,2.723000000000013,-27.87299999999999,58,2.262,6
39710,1,1.447,0.872,-49.622000000000014,87.161,87.161,21.352000000000004,-28.27000000000001,58,2.262,7
25302,1,0.997,1.328,32.236999999999995,35.05599999999998,35.056,-40.114000000000004,-7.8770000000000095,58,2.262,8
190,1,2.787,0.929,13.087999999999994,67.37099999999998,67.371,29.164999999999992,42.252999999999986,58,2.262,9
1207,1,1.949,1.193,46.15699999999998,70.47300000000001,70.473,-0.2179999999999893,45.93899999999999,58,2.262,10
22198,1,1.526,0.87,13.626000000000005,81.07299999999998,81.073,2.2350000000000136,15.86099999999999,58,2.262,11
19849,1,0.648,1.406,-38.137,52.32499999999999,52.325,1.7280000000000086,-36.40899999999999,58,2.262,12
26392,1,1.293,0.969,9.658999999999992,29.155,29.155,-36.13300000000001,-26.47399999999999,58,2.262,13
30498,1,1.032,0.826,40.93799999999999,76.33699999999999,76.337,40.28999999999999,81.22800000000001,58,2.262,14
26032,1,1.117,0.858,-1.5800000000000125,81.56299999999999,81.563,-19.864000000000004,-21.444000000000017,58,2.262,15
19103,1,1.443,0.627,-30.85900000000001,65.207,65.207,10.764999999999986,-20.093999999999994,58,2.262,16
13240,1,1.432,1.03,17.802999999999997,38.235000000000014,38.235,-48.714,-30.911,58,2.262,17
22981,1,1.248,1.346,-40.78999999999999,23.598000000000013,23.598,6.652999999999992,-34.137,58,2.262,18
43477,1,0.964,1.463,55.71100000000001,39.352000000000004,39.352,-105.315,-49.603999999999985,58,2.262,19
38488,1,1.359,0.9,-12.00200000000001,74.119,74.119,-14.546999999999997,-26.549000000000007,58,2.262,20
48471,1,1.052,1.415,-37.196,49.954999999999984,49.955,-2.007000000000005,-39.203,59,2.262,1
21901,1,1.008,1.288,3.217000000000013,33.35900000000001,33.359,-50.41899999999998,-47.202,59,2.262,2
20507,1,1.169,1.113,40.99799999999999,22.497000000000014,22.497,-59.141999999999996,-18.144000000000005,59,2.262,3
942,1,1.058,0.729,29.795999999999992,17.721000000000004,17.721,-44.68000000000001,-14.884000000000015,59,2.262,4
20314,1,1.353,0.899,-32.620000000000005,63.39099999999999,63.391,-23.804000000000002,-56.42399999999999,59,2.262,5
19926,1,1.02,1.537,-40.81900000000002,35.10300000000001,35.103,-3.703000000000003,-44.52199999999999,59,2.262,6
38488,1,1.359,0.9,-12.00200000000001,74.119,74.119,-14.546999999999997,-26.549000000000007,59,2.262,7
10418,1,1.986,0.796,2.4329999999999927,93.99799999999999,93.998,45.028999999999996,47.46199999999999,59,2.262,8
19103,1,1.443,0.627,-30.85900000000001,65.207,65.207,10.764999999999986,-20.093999999999994,59,2.262,9
39613,1,1.53,0.793,17.29400000000001,80.49700000000001,80.497,-60.233000000000004,-42.93899999999999,59,2.262,10
28935,1,3.147,0.908,-31.319999999999993,101.48000000000002,101.48,75.249,43.929,59,2.262,11
40822,1,2.655,0.786,21.23400000000001,52.501000000000005,52.501,-4.181999999999988,17.051999999999992,59,2.262,12
312,1,1.804,1.261,52.599999999999994,68.41300000000001,68.413,-7.619,44.980999999999995,59,2.262,13
22982,1,1.208,1.357,-44.11099999999999,25.158999999999992,25.159,12.977000000000004,-31.134000000000015,59,2.262,14
50725,1,1.443,1.308,-13.686000000000007,44.91399999999999,44.914,0.45400000000000773,-13.232,59,2.262,15
13302,1,1.256,0.755,29.848000000000013,33.548,33.548,-85.396,-55.548,59,2.262,16
14530,1,1.421,0.829,0.8480000000000132,80.89100000000002,80.891,10.863,11.711000000000013,59,2.262,17
20011,1,1.553,0.572,-19.52799999999999,63.24199999999999,63.242,6.314999999999998,-13.212999999999994,59,2.262,18
30498,1,1.032,0.826,40.93799999999999,76.33699999999999,76.337,40.28999999999999,81.22800000000001,59,2.262,19
39710,1,1.447,0.872,-49.622000000000014,87.161,87.161,21.352000000000004,-28.27000000000001,59,2.262,20
19103,1,1.443,0.627,-30.85900000000001,65.207,65.207,10.764999999999986,-20.093999999999994,60,2.268,1
11139,1,0.957,1.177,51.655,18.406000000000006,18.406,-69.876,-18.221000000000004,60,2.268,2
50725,1,1.443,1.308,-13.686000000000007,44.91399999999999,44.914,0.45400000000000773,-13.232,60,2.268,3
49448,1,1.402,1.281,-35.110000000000014,59.031000000000006,59.031,-1.656000000000006,-36.76599999999999,60,2.268,4
23452,1,1.212,0.96,33.158000000000015,20.244,20.244,-55.385999999999996,-22.22800000000001,60,2.268,5
190,1,2.787,0.929,13.087999999999994,67.37099999999998,67.371,29.164999999999992,42.252999999999986,60,2.268,6
1389,1,1.598,1.265,39.64099999999999,72.314,72.314,-3.647999999999996,35.992999999999995,60,2.268,7
28365,1,0.549,0.927,30.550999999999988,67.67000000000002,67.67,-12.408999999999992,18.141999999999996,60,2.268,8
16987,1,1.293,0.756,0.3509999999999991,59.952,59.952,-22.50399999999999,-22.15299999999999,60,2.268,9
14942,1,2.307,1.231,-24.47,91.09199999999998,91.092,33.94400000000002,9.47399999999999,60,2.268,10
22678,1,0.866,1.329,-13.183999999999997,32.48599999999999,32.486,-36.126000000000005,-49.31,60,2.268,11
11338,1,1.147,0.949,39.29900000000001,24.76400000000001,24.764,-41.793000000000006,-2.4939999999999998,60,2.268,12
30499,1,1.083,0.791,38.595,72.804,72.804,36.75399999999999,75.34899999999999,60,2.268,13
39710,1,1.447,0.872,-49.622000000000014,87.161,87.161,21.352000000000004,-28.27000000000001,60,2.268,14
26753,1,3.084,0.787,-9.40100000000001,128.043,128.043,96.382,86.981,60,2.268,15
1096,1,1.265,0.915,43.98599999999999,64.482,64.482,-45.620000000000005,-1.6340000000000146,60,2.268,16
32724,1,0.794,1.266,10.847000000000008,19.820999999999998,19.821,-32.22999999999999,-21.38300000000001,60,2.268,17
3499,1,1.657,0.815,-2.330999999999989,81.72500000000002,81.725,-6.579000000000008,-8.909999999999997,60,2.268,18
33853,1,1.148,1.211,-35.740999999999985,49.21800000000002,49.218,-0.14699999999999136,-35.888000000000005,60,2.268,19
48471,1,1.052,1.415,-37.196,49.954999999999984,49.955,-2.007000000000005,-39.203,60,2.268,20
11139,1,0.957,1.177,51.655,18.406000000000006,18.406,-69.876,-18.221000000000004,61,2.268,1
42783,1,1.13,1.098,20.194999999999993,35.643,35.643,-34.55500000000001,-14.360000000000014,61,2.268,2
10068,1,3.354,0.584,32.230999999999995,120.695,120.695,135.20500000000004,167.43600000000004,61,2.268,3
29568,1,1.271,1.494,-31.182999999999993,42.43299999999999,42.433,-4.469999999999999,-35.65299999999999,61,2.268,4
26356,1,1.249,1.007,-16.375,19.10499999999999,19.105,-8.593999999999994,-24.968999999999994,61,2.268,5
1196,1,2.121,0.982,40.167,77.156,77.156,17.41300000000001,57.579999999999984,61,2.268,6
16987,1,1.293,0.756,0.3509999999999991,59.952,59.952,-22.50399999999999,-22.15299999999999,61,2.268,7
19926,1,1.02,1.537,-40.81900000000002,35.10300000000001,35.103,-3.703000000000003,-44.52199999999999,61,2.268,8
38488,1,1.359,0.9,-12.00200000000001,74.119,74.119,-14.546999999999997,-26.549000000000007,61,2.268,9
36094,1,1.262,0.951,-20.85300000000001,58.09899999999999,58.099,-7.311000000000007,-28.163999999999987,61,2.268,10
49446,1,1.193,1.362,-39.13900000000001,67.537,67.537,6.248999999999995,-32.889999999999986,61,2.268,11
72,1,1.615,0.99,41.514999999999986,56.019000000000005,56.019,1.1119999999999948,42.62700000000001,61,2.268,12
30762,1,1.08,0.818,26.436000000000007,76.14800000000002,76.148,39.25200000000001,65.68799999999999,61,2.268,13
14846,1,1.793,0.674,-39.42099999999999,102.233,102.233,27.025000000000006,-12.396000000000015,61,2.268,14
48896,1,1.422,1.194,-4.048000000000002,54.900000000000006,54.9,-4.393000000000001,-8.441000000000003,61,2.268,15
10380,1,1.402,0.93,-4.63900000000001,89.358,89.358,16.284999999999997,11.646000000000015,61,2.268,16
1698,1,1.485,1.11,23.308999999999997,50.647999999999996,50.648,-59.037000000000006,-35.72800000000001,61,2.268,17
19103,1,1.443,0.627,-30.85900000000001,65.207,65.207,10.764999999999986,-20.093999999999994,61,2.268,18
30554,1,0.885,0.594,24.025000000000006,105.43200000000002,105.432,52.99000000000001,77.01499999999999,61,2.268,19
20103,1,1.128,1.147,32.615999999999985,19.60300000000001,19.603,-49.370000000000005,-16.75399999999999,61,2.268,20
45609,1,1.08,1.307,-42.524,30.03800000000001,30.038,-1.759999999999991,-44.28399999999999,62,2.27,1
16987,1,1.293,0.756,0.3509999999999991,59.952,59.952,-22.50399999999999,-22.15299999999999,62,2.27,2
20245,1,1.409,0.877,53.30500000000001,29.948000000000008,29.948,-68.978,-15.673000000000002,62,2.27,3
11735,1,2.275,0.987,2.4010000000000105,43.88499999999999,43.885,-54.334,-51.93299999999999,62,2.27,4
38488,1,1.359,0.9,-12.00200000000001,74.119,74.119,-14.546999999999997,-26.549000000000007,62,2.27,5
26787,1,3.155,1.077,4.937000000000012,134.47199999999998,134.472,96.43899999999996,101.37599999999998,62,2.27,6
39710,1,1.447,0.872,-49.622000000000014,87.161,87.161,21.352000000000004,-28.27000000000001,62,2.27,7
22982,1,1.208,1.357,-44.11099999999999,25.158999999999992,25.159,12.977000000000004,-31.134000000000015,62,2.27,8
27642,1,0.883,1.385,-23.074000000000012,68.495,68.495,-12.48599999999999,-35.56,62,2.27,9
26356,1,1.249,1.007,-16.375,19.10499999999999,19.105,-8.593999999999994,-24.968999999999994,62,2.27,10
50725,1,1.443,1.308,-13.686000000000007,44.91399999999999,44.914,0.45400000000000773,-13.232,62,2.27,11
30499,1,1.083,0.791,38.595,72.804,72.804,36.75399999999999,75.34899999999999,62,2.27,12
190,1,2.787,0.929,13.087999999999994,67.37099999999998,67.371,29.164999999999992,42.252999999999986,62,2.27,13
7,1,1.433,1.393,47.44200000000001,46.99600000000001,46.996,-18.361999999999995,29.079999999999984,62,2.27,14
30604,1,1.274,1.215,9.127999999999986,73.27800000000002,73.278,-28.965000000000003,-19.83699999999999,62,2.27,15
30554,1,0.885,0.594,24.025000000000006,105.43200000000002,105.432,52.99000000000001,77.01499999999999,62,2.27,16
19103,1,1.443,0.627,-30.85900000000001,65.207,65.207,10.764999999999986,-20.093999999999994,62,2.27,17
1211,1,1.847,0.854,45.997000000000014,69.05700000000002,69.057,-9.385999999999996,36.61099999999999,62,2.27,18
11139,1,0.957,1.177,51.655,18.406000000000006,18.406,-69.876,-18.221000000000004,62,2.27,19
37123,1,1.091,0.774,-3.11099999999999,76.233,76.233,-5.557999999999993,-8.669000000000011,62,2.27,20
26356,1,1.249,1.007,-16.375,19.10499999999999,19.105,-8.593999999999994,-24.968999999999994,63,2.27,1
22713,1,1.184,1.196,-35.76400000000001,33.846000000000004,33.846,-9.593999999999994,-45.358000000000004,63,2.27,2
14530,1,1.421,0.829,0.8480000000000132,80.89100000000002,80.891,10.863,11.711000000000013,63,2.27,3
13240,1,1.432,1.03,17.802999999999997,38.235000000000014,38.235,-48.714,-30.911,63,2.27,4
26032,1,1.117,0.858,-1.5800000000000125,81.56299999999999,81.563,-19.864000000000004,-21.444000000000017,63,2.27,5
26392,1,1.293,0.969,9.658999999999992,29.155,29.155,-36.13300000000001,-26.47399999999999,63,2.27,6
30149,1,0.97,0.955,-6.824999999999989,70.43099999999998,70.431,-42.95400000000001,-49.778999999999996,63,2.27,7
49187,1,1.366,1.213,-14.937000000000012,59.45400000000001,59.454,0.4240000000000066,-14.513000000000005,63,2.27,8
38488,1,1.359,0.9,-12.00200000000001,74.119,74.119,-14.546999999999997,-26.549000000000007,63,2.27,9
14923,1,1.878,0.829,-37.33500000000001,97.17899999999997,97.179,28.623999999999995,-8.711000000000013,63,2.27,10
10236,1,1.24,0.998,33.083,65.798,65.798,-29.271000000000015,3.812000000000012,63,2.27,11
37372,1,1.037,1.62,19.962999999999994,22.181999999999988,22.182,-36.501000000000005,-16.53800000000001,63,2.27,12
30499,1,1.083,0.791,38.595,72.804,72.804,36.75399999999999,75.34899999999999,63,2.27,13
19103,1,1.443,0.627,-30.85900000000001,65.207,65.207,10.764999999999986,-20.093999999999994,63,2.27,14
49446,1,1.193,1.362,-39.13900000000001,67.537,67.537,6.248999999999995,-32.889999999999986,63,2.27,15
28932,1,3.18,0.987,-30.676999999999992,104.85500000000002,104.855,76.43899999999996,45.762,63,2.27,16
30498,1,1.032,0.826,40.93799999999999,76.33699999999999,76.337,40.28999999999999,81.22800000000001,63,2.27,17
44092,1,1.189,1.418,-36.06299999999999,54.34800000000001,54.348,-4.671999999999997,-40.735000000000014,63,2.27,18
19840,1,1.189,1.463,-38.754999999999995,40.466999999999985,40.467,0.98599999999999,-37.769000000000005,63,2.27,19
1209,1,1.952,0.905,48.34700000000001,69.82400000000001,69.824,-7.50800000000001,40.839,63,2.27,20
26356,1,1.249,1.007,-16.375,19.10499999999999,19.105,-8.593999999999994,-24.968999999999994,64,2.271,1
32892,1,1.001,1.408,-30.591000000000008,59.212999999999994,59.213,1.1680000000000064,-29.423000000000002,64,2.271,2
842,1,1.97,0.875,32.11500000000001,74.346,74.346,0.3830000000000098,32.49799999999999,64,2.271,3
28932,1,3.18,0.987,-30.676999999999992,104.85500000000002,104.855,76.43899999999996,45.762,64,2.271,4
39710,1,1.447,0.872,-49.622000000000014,87.161,87.161,21.352000000000004,-28.27000000000001,64,2.271,5
14894,1,1.59,0.868,-24.10900000000001,78.11000000000001,78.11,19.37700000000001,-4.731999999999999,64,2.271,6
38488,1,1.359,0.9,-12.00200000000001,74.119,74.119,-14.546999999999997,-26.549000000000007,64,2.271,7
3721,1,2.83,0.74,42.34100000000001,52.339,52.339,-0.9209999999999923,41.420000000000016,64,2.271,8
31356,1,0.846,1.754,49.28199999999998,34.08500000000001,34.085,-90.796,-41.51400000000001,64,2.271,9
26960,1,1.142,1.071,13.50399999999999,14.752999999999986,14.753,-41.87899999999999,-28.375,64,2.271,10
49384,1,1.342,1.569,-13.109000000000009,57.507000000000005,57.507,5.724999999999994,-7.3840000000000146,64,2.271,11
12649,1,1.293,1.224,0.9099999999999966,31.673000000000002,31.673,-43.571,-42.661,64,2.271,12
20282,1,1.343,1.12,-0.2599999999999909,53.01400000000001,53.014,-37.09300000000002,-37.35300000000001,64,2.271,13
30554,1,0.885,0.594,24.025000000000006,105.43200000000002,105.432,52.99000000000001,77.01499999999999,64,2.271,14
50725,1,1.443,1.308,-13.686000000000007,44.91399999999999,44.914,0.45400000000000773,-13.232,64,2.271,15
23012,1,1.117,1.509,-10.045999999999992,20.585000000000008,20.585,-26.704000000000008,-36.75,64,2.271,16
17057,1,1.196,1.158,20.034999999999997,81.767,81.767,-23.15700000000001,-3.122000000000014,64,2.271,17
19103,1,1.443,0.627,-30.85900000000001,65.207,65.207,10.764999999999986,-20.093999999999994,64,2.271,18
31646,1,2.146,0.93,32.864000000000004,67.14499999999998,67.145,45.03399999999999,77.89800000000002,64,2.271,19
21555,1,1.198,1.407,-25.586000000000013,45.09800000000001,45.098,-9.161000000000001,-34.747000000000014,64,2.271,20
22642,1,0.697,1.485,-15.092000000000013,25.97,25.97,-34.922,-50.01400000000001,65,2.272,1
39710,1,1.447,0.872,-49.622000000000014,87.161,87.161,21.352000000000004,-28.27000000000001,65,2.272,2
32892,1,1.001,1.408,-30.591000000000008,59.212999999999994,59.213,1.1680000000000064,-29.423000000000002,65,2.272,3
30604,1,1.274,1.215,9.127999999999986,73.27800000000002,73.278,-28.965000000000003,-19.83699999999999,65,2.272,4
23452,1,1.212,0.96,33.158000000000015,20.244,20.244,-55.385999999999996,-22.22800000000001,65,2.272,5
30730,1,1.196,0.648,21.99000000000001,83.00999999999999,83.01,49.62299999999999,71.613,65,2.272,6
19103,1,1.443,0.627,-30.85900000000001,65.207,65.207,10.764999999999986,-20.093999999999994,65,2.272,7
49446,1,1.193,1.362,-39.13900000000001,67.537,67.537,6.248999999999995,-32.889999999999986,65,2.272,8
26787,1,3.155,1.077,4.937000000000012,134.47199999999998,134.472,96.43899999999996,101.37599999999998,65,2.272,9
19877,1,1.418,1.095,34.67599999999999,19.627999999999986,19.628,-47.5,-12.824000000000012,65,2.272,10
25570,1,1.001,0.955,7.287000000000006,60.06100000000001,60.061,-31.151999999999987,-23.86500000000001,65,2.272,11
30498,1,1.032,0.826,40.93799999999999,76.33699999999999,76.337,40.28999999999999,81.22800000000001,65,2.272,12
312,1,1.804,1.261,52.599999999999994,68.41300000000001,68.413,-7.619,44.980999999999995,65,2.272,13
23844,1,1.243,1.675,-22.02600000000001,33.22800000000001,33.228,-19.855999999999995,-41.882000000000005,65,2.272,14
1698,1,1.485,1.11,23.308999999999997,50.647999999999996,50.648,-59.037000000000006,-35.72800000000001,65,2.272,15
23442,1,1.205,1.064,38.15100000000001,22.414999999999992,22.415,-58.863,-20.71199999999999,65,2.272,16
19955,1,1.008,1.434,-31.35300000000001,42.66499999999999,42.665,-4.742999999999995,-36.096000000000004,65,2.272,17
14942,1,2.307,1.231,-24.47,91.09199999999998,91.092,33.94400000000002,9.47399999999999,65,2.272,18
10592,1,1.868,0.726,19.47399999999999,65.261,65.261,-1.8590000000000089,17.61500000000001,65,2.272,19
38488,1,1.359,0.9,-12.00200000000001,74.119,74.119,-14.546999999999997,-26.549000000000007,65,2.272,20
24972,1,0.926,1.428,-31.589,40.872000000000014,40.872,-1.0560000000000116,-32.64500000000001,66,2.272,1
14546,1,1.887,0.974,8.703000000000003,83.80599999999998,83.806,11.211000000000013,19.913999999999987,66,2.272,2
30554,1,0.885,0.594,24.025000000000006,105.43200000000002,105.432,52.99000000000001,77.01499999999999,66,2.272,3
1483,1,3.265,1.014,-39.091999999999985,97.69100000000003,97.691,55.033000000000015,15.941000000000003,66,2.272,4
14931,1,2.109,1.024,-37.24600000000001,85.50799999999998,85.508,28.420000000000016,-8.825999999999993,66,2.272,5
30762,1,1.08,0.818,26.436000000000007,76.14800000000002,76.148,39.25200000000001,65.68799999999999,66,2.272,6
47060,1,1.566,1.326,-21.16900000000001,46.98599999999999,46.986,-17.074000000000012,-38.242999999999995,66,2.272,7
42783,1,1.13,1.098,20.194999999999993,35.643,35.643,-34.55500000000001,-14.360000000000014,66,2.272,8
38488,1,1.359,0.9,-12.00200000000001,74.119,74.119,-14.546999999999997,-26.549000000000007,66,2.272,9
1698,1,1.485,1.11,23.308999999999997,50.647999999999996,50.648,-59.037000000000006,-35.72800000000001,66,2.272,10
19103,1,1.443,0.627,-30.85900000000001,65.207,65.207,10.764999999999986,-20.093999999999994,66,2.272,11
12645,1,0.988,0.854,-27.72800000000001,41.595,41.595,-35.67099999999999,-63.399,66,2.272,12
22444,1,0.943,0.511,-30.74199999999999,23.561000000000007,23.561,-16.459000000000003,-47.20099999999999,66,2.272,13
11139,1,0.957,1.177,51.655,18.406000000000006,18.406,-69.876,-18.221000000000004,66,2.272,14
10592,1,1.868,0.726,19.47399999999999,65.261,65.261,-1.8590000000000089,17.61500000000001,66,2.272,15
9527,1,1.885,0.798,60.238,60.422,60.422,-17.424000000000007,42.81399999999999,66,2.272,16
15204,1,1.132,1.226,-20.443000000000012,33.452,33.452,2.5260000000000105,-17.917,66,2.272,17
27641,1,1.1,1.438,-20.766999999999996,64.674,64.674,-15.081999999999994,-35.84899999999999,66,2.272,18
16987,1,1.293,0.756,0.3509999999999991,59.952,59.952,-22.50399999999999,-22.15299999999999,66,2.272,19
50757,1,1.734,1.428,-1.0720000000000027,40.264999999999986,40.265,-0.17099999999999227,-1.242999999999995,66,2.272,20
50725,1,1.443,1.308,-13.686000000000007,44.91399999999999,44.914,0.45400000000000773,-13.232,67,2.273,1
26787,1,3.155,1.077,4.937000000000012,134.47199999999998,134.472,96.43899999999996,101.37599999999998,67,2.273,2
684,1,1.381,0.77,18.007000000000005,25.554000000000002,25.554,-47.771000000000015,-29.76400000000001,67,2.273,3
36094,1,1.262,0.951,-20.85300000000001,58.09899999999999,58.099,-7.311000000000007,-28.163999999999987,67,2.273,4
20008,1,1.678,0.697,-19.070999999999998,62.28999999999999,62.29,4.960000000000008,-14.11099999999999,67,2.273,5
8303,1,1.17,0.995,2.265999999999991,75.072,75.072,-6.848000000000013,-4.581999999999994,67,2.273,6
14894,1,1.59,0.868,-24.10900000000001,78.11000000000001,78.11,19.37700000000001,-4.731999999999999,67,2.273,7
49446,1,1.193,1.362,-39.13900000000001,67.537,67.537,6.248999999999995,-32.889999999999986,67,2.273,8
22982,1,1.208,1.357,-44.11099999999999,25.158999999999992,25.159,12.977000000000004,-31.134000000000015,67,2.273,9
20245,1,1.409,0.877,53.30500000000001,29.948000000000008,29.948,-68.978,-15.673000000000002,67,2.273,10
24681,1,0.955,1.275,36.607,24.27199999999999,24.272,-53.093,-16.48599999999999,67,2.273,11
42130,1,1.056,1.479,-28.355999999999995,46.337999999999994,46.338,-14.681000000000012,-43.037000000000006,67,2.273,12
39710,1,1.447,0.872,-49.622000000000014,87.161,87.161,21.352000000000004,-28.27000000000001,67,2.273,13
19103,1,1.443,0.627,-30.85900000000001,65.207,65.207,10.764999999999986,-20.093999999999994,67,2.273,14
17050,1,1.469,1.047,29.625,81.90300000000002,81.903,-30.456999999999994,-0.8319999999999936,67,2.273,15
30498,1,1.032,0.826,40.93799999999999,76.33699999999999,76.337,40.28999999999999,81.22800000000001,67,2.273,16
23442,1,1.205,1.064,38.15100000000001,22.414999999999992,22.415,-58.863,-20.71199999999999,67,2.273,17
190,1,2.787,0.929,13.087999999999994,67.37099999999998,67.371,29.164999999999992,42.252999999999986,67,2.273,18
9604,1,1.48,1.289,32.150000000000006,46.63499999999999,46.635,-57.407,-25.257000000000005,67,2.273,19
8857,1,1.691,0.829,37.647999999999996,73.499,73.499,-6.997000000000014,30.65100000000001,67,2.273,20
22306,1,1.056,0.918,8.560000000000002,76.76499999999999,76.765,-23.814999999999998,-15.254999999999995,68,2.274,1
684,1,1.381,0.77,18.007000000000005,25.554000000000002,25.554,-47.771000000000015,-29.76400000000001,68,2.274,2
14894,1,1.59,0.868,-24.10900000000001,78.11000000000001,78.11,19.37700000000001,-4.731999999999999,68,2.274,3
23442,1,1.205,1.064,38.15100000000001,22.414999999999992,22.415,-58.863,-20.71199999999999,68,2.274,4
19103,1,1.443,0.627,-30.85900000000001,65.207,65.207,10.764999999999986,-20.093999999999994,68,2.274,5
17654,1,1.256,1.306,28.793000000000006,21.942000000000007,21.942,-42.27199999999999,-13.478999999999985,68,2.274,6
23423,1,1.38,1.441,-30.230999999999995,41.709,41.709,-13.057999999999993,-43.28899999999999,68,2.274,7
27642,1,0.883,1.385,-23.074000000000012,68.495,68.495,-12.48599999999999,-35.56,68,2.274,8
20014,1,1.371,0.582,-21.324000000000012,61.06399999999999,61.064,1.818000000000012,-19.506,68,2.274,9
30762,1,1.08,0.818,26.436000000000007,76.14800000000002,76.148,39.25200000000001,65.68799999999999,68,2.274,10
190,1,2.787,0.929,13.087999999999994,67.37099999999998,67.371,29.164999999999992,42.252999999999986,68,2.274,11
50678,1,0.968,1.515,37.129999999999995,58.36699999999999,58.367,-79.917,-42.787000000000006,68,2.274,12
16987,1,1.293,0.756,0.3509999999999991,59.952,59.952,-22.50399999999999,-22.15299999999999,68,2.274,13
40910,1,2.632,0.921,12.433999999999997,60.744,60.744,5.856999999999999,18.290999999999997,68,2.274,14
10418,1,1.986,0.796,2.4329999999999927,93.99799999999999,93.998,45.028999999999996,47.46199999999999,68,2.274,15
22982,1,1.208,1.357,-44.11099999999999,25.158999999999992,25.159,12.977000000000004,-31.134000000000015,68,2.274,16
50725,1,1.443,1.308,-13.686000000000007,44.91399999999999,44.914,0.45400000000000773,-13.232,68,2.274,17
39710,1,1.447,0.872,-49.622000000000014,87.161,87.161,21.352000000000004,-28.27000000000001,68,2.274,18
172,1,1.783,1.358,66.876,61.35900000000001,61.359,-30.391999999999996,36.48400000000001,68,2.274,19
19841,1,1.043,1.481,-32.153999999999996,41.76400000000001,41.764,-7.757000000000005,-39.911,68,2.274,20
190,1,2.787,0.929,13.087999999999994,67.37099999999998,67.371,29.164999999999992,42.252999999999986,69,2.275,1
7669,1,1.3,0.671,-1.4569999999999936,33.899,33.899,-18.693000000000012,-20.150000000000006,69,2.275,2
49446,1,1.193,1.362,-39.13900000000001,67.537,67.537,6.248999999999995,-32.889999999999986,69,2.275,3
26356,1,1.249,1.007,-16.375,19.10499999999999,19.105,-8.593999999999994,-24.968999999999994,69,2.275,4
444,1,1.436,0.613,47.986999999999995,71.114,71.114,-22.24199999999999,25.745000000000005,69,2.275,5
30236,1,0.928,1.338,30.063999999999993,30.451999999999998,30.452,-79.427,-49.363,69,2.275,6
836,1,1.414,0.997,20.68100000000001,79.03399999999999,79.034,-23.62700000000001,-2.945999999999998,69,2.275,7
23442,1,1.205,1.064,38.15100000000001,22.414999999999992,22.415,-58.863,-20.71199999999999,69,2.275,8
19841,1,1.043,1.481,-32.153999999999996,41.76400000000001,41.764,-7.757000000000005,-39.911,69,2.275,9
1698,1,1.485,1.11,23.308999999999997,50.647999999999996,50.648,-59.037000000000006,-35.72800000000001,69,2.275,10
14931,1,2.109,1.024,-37.24600000000001,85.50799999999998,85.508,28.420000000000016,-8.825999999999993,69,2.275,11
42783,1,1.13,1.098,20.194999999999993,35.643,35.643,-34.55500000000001,-14.360000000000014,69,2.275,12
50725,1,1.443,1.308,-13.686000000000007,44.91399999999999,44.914,0.45400000000000773,-13.232,69,2.275,13
30554,1,0.885,0.594,24.025000000000006,105.43200000000002,105.432,52.99000000000001,77.01499999999999,69,2.275,14
10592,1,1.868,0.726,19.47399999999999,65.261,65.261,-1.8590000000000089,17.61500000000001,69,2.275,15
19103,1,1.443,0.627,-30.85900000000001,65.207,65.207,10.764999999999986,-20.093999999999994,69,2.275,16
30170,1,1.095,1.176,-3.044000000000011,73.33699999999999,73.337,-29.002999999999986,-32.047,69,2.275,17
39710,1,1.447,0.872,-49.622000000000014,87.161,87.161,21.352000000000004,-28.27000000000001,69,2.275,18
38488,1,1.359,0.9,-12.00200000000001,74.119,74.119,-14.546999999999997,-26.549000000000007,69,2.275,19
22976,1,0.921,1.313,-31.62700000000001,27.695999999999998,27.696,-10.706999999999994,-42.334,69,2.275,20
33680,1,1.104,1.581,-32.376000000000005,54.740999999999985,54.741,-2.8079999999999927,-35.184,70,2.275,1
50725,1,1.443,1.308,-13.686000000000007,44.91399999999999,44.914,0.45400000000000773,-13.232,70,2.275,2
8857,1,1.691,0.829,37.647999999999996,73.499,73.499,-6.997000000000014,30.65100000000001,70,2.275,3
30499,1,1.083,0.791,38.595,72.804,72.804,36.75399999999999,75.34899999999999,70,2.275,4
19926,1,1.02,1.537,-40.81900000000002,35.10300000000001,35.103,-3.703000000000003,-44.52199999999999,70,2.275,5
844,1,1.095,0.925,40.485000000000014,24.46799999999999,24.468,-62.876000000000005,-22.39099999999999,70,2.275,6
30904,1,1.609,0.84,24.01599999999999,37.766999999999996,37.767,-42.545000000000016,-18.528999999999996,70,2.275,7
11139,1,0.957,1.177,51.655,18.406000000000006,18.406,-69.876,-18.221000000000004,70,2.275,8
35914,1,0.983,1.473,-30.363,48.47800000000001,48.478,-12.056999999999988,-42.420000000000016,70,2.275,9
23114,1,1.025,0.945,34.009000000000015,20.870000000000005,20.87,-51.90699999999998,-17.897999999999996,70,2.275,10
19103,1,1.443,0.627,-30.85900000000001,65.207,65.207,10.764999999999986,-20.093999999999994,70,2.275,11
30554,1,0.885,0.594,24.025000000000006,105.43200000000002,105.432,52.99000000000001,77.01499999999999,70,2.275,12
20011,1,1.553,0.572,-19.52799999999999,63.24199999999999,63.242,6.314999999999998,-13.212999999999994,70,2.275,13
39710,1,1.447,0.872,-49.622000000000014,87.161,87.161,21.352000000000004,-28.27000000000001,70,2.275,14
50558,1,1.318,1.331,2.164999999999992,41.821,41.821,-18.24199999999999,-16.076999999999998,70,2.275,15
190,1,2.787,0.929,13.087999999999994,67.37099999999998,67.371,29.164999999999992,42.252999999999986,70,2.275,16
22577,1,1.235,1.182,17.454000000000008,88.738,88.738,-42.756,-25.301999999999992,70,2.275,17
33445,1,0.96,1.539,-22.456999999999994,59.99799999999999,59.998,-7.873999999999995,-30.33099999999999,70,2.275,18
26758,1,2.785,0.887,-9.611999999999995,128.19799999999998,128.198,89.37200000000001,79.75999999999999,70,2.275,19
16987,1,1.293,0.756,0.3509999999999991,59.952,59.952,-22.50399999999999,-22.15299999999999,70,2.275,20
22981,1,1.248,1.346,-40.78999999999999,23.598000000000013,23.598,6.652999999999992,-34.137,71,2.275,1
38488,1,1.359,0.9,-12.00200000000001,74.119,74.119,-14.546999999999997,-26.549000000000007,71,2.275,2
45609,1,1.08,1.307,-42.524,30.03800000000001,30.038,-1.759999999999991,-44.28399999999999,71,2.275,3
42783,1,1.13,1.098,20.194999999999993,35.643,35.643,-34.55500000000001,-14.360000000000014,71,2.275,4
1698,1,1.485,1.11,23.308999999999997,50.647999999999996,50.648,-59.037000000000006,-35.72800000000001,71,2.275,5
40822,1,2.655,0.786,21.23400000000001,52.501000000000005,52.501,-4.181999999999988,17.051999999999992,71,2.275,6
19485,1,0.942,0.625,-14.471000000000004,76.06799999999998,76.068,-14.982,-29.453000000000003,71,2.275,7
50725,1,1.443,1.308,-13.686000000000007,44.91399999999999,44.914,0.45400000000000773,-13.232,71,2.275,8
416,1,1.705,0.979,45.492999999999995,55.912000000000006,55.912,56.18299999999999,101.67599999999999,71,2.275,9
16115,1,1.92,0.88,17.738,63.78800000000001,63.788,-8.272999999999996,9.465000000000003,71,2.275,10
14942,1,2.307,1.231,-24.47,91.09199999999998,91.092,33.94400000000002,9.47399999999999,71,2.275,11
44200,1,1.18,0.874,-18.986999999999995,40.41300000000001,40.413,-50.733000000000004,-69.72,71,2.275,12
19840,1,1.189,1.463,-38.754999999999995,40.466999999999985,40.467,0.98599999999999,-37.769000000000005,71,2.275,13
1209,1,1.952,0.905,48.34700000000001,69.82400000000001,69.824,-7.50800000000001,40.839,71,2.275,14
8303,1,1.17,0.995,2.265999999999991,75.072,75.072,-6.848000000000013,-4.581999999999994,71,2.275,15
50138,1,1.236,1.606,35.608000000000004,32.30799999999999,32.308,-51.321,-15.712999999999994,71,2.275,16
11139,1,0.957,1.177,51.655,18.406000000000006,18.406,-69.876,-18.221000000000004,71,2.275,17
39710,1,1.447,0.872,-49.622000000000014,87.161,87.161,21.352000000000004,-28.27000000000001,71,2.275,18
30554,1,0.885,0.594,24.025000000000006,105.43200000000002,105.432,52.99000000000001,77.01499999999999,71,2.275,19
14931,1,2.109,1.024,-37.24600000000001,85.50799999999998,85.508,28.420000000000016,-8.825999999999993,71,2.275,20
1130,1,1.105,0.913,18.605999999999995,24.02199999999999,24.022,-37.623999999999995,-19.018,72,2.279,1
1207,1,1.949,1.193,46.15699999999998,70.47300000000001,70.473,-0.2179999999999893,45.93899999999999,72,2.279,2
38488,1,1.359,0.9,-12.00200000000001,74.119,74.119,-14.546999999999997,-26.549000000000007,72,2.279,3
37242,1,1.132,0.925,-0.8439999999999941,95.11099999999999,95.111,19.958,19.114000000000004,72,2.279,4
44435,1,1.429,1.596,-44.53399999999999,50.86099999999999,50.861,10.49600000000001,-34.03800000000001,72,2.279,5
16987,1,1.293,0.756,0.3509999999999991,59.952,59.952,-22.50399999999999,-22.15299999999999,72,2.279,6
34195,1,1.957,0.984,37.179,60.69800000000001,60.698,-5.555000000000007,31.623999999999995,72,2.279,7
26757,1,2.861,0.926,-6.679000000000002,127.71100000000001,127.711,89.60899999999998,82.93,72,2.279,8
30498,1,1.032,0.826,40.93799999999999,76.33699999999999,76.337,40.28999999999999,81.22800000000001,72,2.279,9
22981,1,1.248,1.346,-40.78999999999999,23.598000000000013,23.598,6.652999999999992,-34.137,72,2.279,10
42783,1,1.13,1.098,20.194999999999993,35.643,35.643,-34.55500000000001,-14.360000000000014,72,2.279,11
21374,1,0.862,0.967,2.1380000000000052,30.23599999999999,30.236,-29.27600000000001,-27.138000000000005,72,2.279,12
9481,1,1.371,1.06,24.911,78.43899999999996,78.439,-5.975999999999999,18.935000000000002,72,2.279,13
12174,1,0.993,1.198,57.32900000000001,25.510999999999996,25.511,-41.58600000000001,15.742999999999995,72,2.279,14
49446,1,1.193,1.362,-39.13900000000001,67.537,67.537,6.248999999999995,-32.889999999999986,72,2.279,15
1483,1,3.265,1.014,-39.091999999999985,97.69100000000003,97.691,55.033000000000015,15.941000000000003,72,2.279,16
19103,1,1.443,0.627,-30.85900000000001,65.207,65.207,10.764999999999986,-20.093999999999994,72,2.279,17
12287,1,0.936,1.123,-2.408999999999992,44.245000000000005,44.245,-48.51599999999999,-50.92500000000001,72,2.279,18
48643,1,1.193,1.408,-24.83699999999999,47.09899999999999,47.099,-13.647999999999996,-38.485000000000014,72,2.279,19
14530,1,1.421,0.829,0.8480000000000132,80.89100000000002,80.891,10.863,11.711000000000013,72,2.279,20
49447,1,1.333,1.391,-37.17099999999999,65.493,65.493,5.513000000000005,-31.658000000000015,73,2.281,1
39710,1,1.447,0.872,-49.622000000000014,87.161,87.161,21.352000000000004,-28.27000000000001,73,2.281,2
20245,1,1.409,0.877,53.30500000000001,29.948000000000008,29.948,-68.978,-15.673000000000002,73,2.281,3
240,1,1.954,1.018,42.28800000000001,79.106,79.106,36.91899999999998,79.207,73,2.281,4
16862,1,1.117,1.134,-21.301999999999992,78.11199999999997,78.112,-4.826999999999998,-26.12899999999999,73,2.281,5
38203,1,1.494,1.484,-13.170999999999992,61.57599999999999,61.576,-9.232,-22.40299999999999,73,2.281,6
12208,1,1.011,1.106,87.88800000000003,13.175999999999988,13.176,-71.749,16.13900000000001,73,2.281,7
46434,1,1.148,0.956,-16.271000000000015,49.40299999999999,49.403,-27.581999999999994,-43.85300000000001,73,2.281,8
16685,1,1.051,0.741,19.84899999999999,55.381,55.381,-35.95400000000001,-16.10499999999999,73,2.281,9
24083,1,1.08,1.375,-27.198000000000008,49.72999999999999,49.73,-11.194999999999993,-38.393,73,2.281,10
26787,1,3.155,1.077,4.937000000000012,134.47199999999998,134.472,96.43899999999996,101.37599999999998,73,2.281,11
19841,1,1.043,1.481,-32.153999999999996,41.76400000000001,41.764,-7.757000000000005,-39.911,73,2.281,12
30554,1,0.885,0.594,24.025000000000006,105.43200000000002,105.432,52.99000000000001,77.01499999999999,73,2.281,13
8303,1,1.17,0.995,2.265999999999991,75.072,75.072,-6.848000000000013,-4.581999999999994,73,2.281,14
10592,1,1.868,0.726,19.47399999999999,65.261,65.261,-1.8590000000000089,17.61500000000001,73,2.281,15
7,1,1.433,1.393,47.44200000000001,46.99600000000001,46.996,-18.361999999999995,29.079999999999984,73,2.281,16
26356,1,1.249,1.007,-16.375,19.10499999999999,19.105,-8.593999999999994,-24.968999999999994,73,2.281,17
23452,1,1.212,0.96,33.158000000000015,20.244,20.244,-55.385999999999996,-22.22800000000001,73,2.281,18
19103,1,1.443,0.627,-30.85900000000001,65.207,65.207,10.764999999999986,-20.093999999999994,73,2.281,19
30498,1,1.032,0.826,40.93799999999999,76.33699999999999,76.337,40.28999999999999,81.22800000000001,73,2.281,20
50725,1,1.443,1.308,-13.686000000000007,44.91399999999999,44.914,0.45400000000000773,-13.232,74,2.282,1
12208,1,1.011,1.106,87.88800000000003,13.175999999999988,13.176,-71.749,16.13900000000001,74,2.282,2
28982,1,3.484,0.816,-27.613,108.43600000000004,108.436,87.969,60.355999999999995,74,2.282,3
1209,1,1.952,0.905,48.34700000000001,69.82400000000001,69.824,-7.50800000000001,40.839,74,2.282,4
17654,1,1.256,1.306,28.793000000000006,21.942000000000007,21.942,-42.27199999999999,-13.478999999999985,74,2.282,5
12808,1,1.276,1.17,15.224999999999994,53.84899999999999,53.849,-46.96000000000001,-31.735000000000014,74,2.282,6
39710,1,1.447,0.872,-49.622000000000014,87.161,87.161,21.352000000000004,-28.27000000000001,74,2.282,7
38488,1,1.359,0.9,-12.00200000000001,74.119,74.119,-14.546999999999997,-26.549000000000007,74,2.282,8
14942,1,2.307,1.231,-24.47,91.09199999999998,91.092,33.94400000000002,9.47399999999999,74,2.282,9
31646,1,2.146,0.93,32.864000000000004,67.14499999999998,67.145,45.03399999999999,77.89800000000002,74,2.282,10
19103,1,1.443,0.627,-30.85900000000001,65.207,65.207,10.764999999999986,-20.093999999999994,74,2.282,11
32603,1,1.005,1.63,-20.820999999999998,36.656000000000006,36.656,-18.796999999999997,-39.617999999999995,74,2.282,12
23012,1,1.117,1.509,-10.045999999999992,20.585000000000008,20.585,-26.704000000000008,-36.75,74,2.282,13
20011,1,1.553,0.572,-19.52799999999999,63.24199999999999,63.242,6.314999999999998,-13.212999999999994,74,2.282,14
30554,1,0.885,0.594,24.025000000000006,105.43200000000002,105.432,52.99000000000001,77.01499999999999,74,2.282,15
8857,1,1.691,0.829,37.647999999999996,73.499,73.499,-6.997000000000014,30.65100000000001,74,2.282,16
42783,1,1.13,1.098,20.194999999999993,35.643,35.643,-34.55500000000001,-14.360000000000014,74,2.282,17
16846,1,1.116,0.713,-15.799000000000007,84.17000000000002,84.17,-2.790999999999997,-18.590000000000003,74,2.282,18
19860,1,1.213,1.433,-30.718999999999994,50.744,50.744,-8.034999999999997,-38.75400000000002,74,2.282,19
22267,1,1.013,0.937,37.252999999999986,25.88300000000001,25.883,-59.39,-22.137,74,2.282,20
38488,1,1.359,0.9,-12.00200000000001,74.119,74.119,-14.546999999999997,-26.549000000000007,75,2.283,1
22981,1,1.248,1.346,-40.78999999999999,23.598000000000013,23.598,6.652999999999992,-34.137,75,2.283,2
19103,1,1.443,0.627,-30.85900000000001,65.207,65.207,10.764999999999986,-20.093999999999994,75,2.283,3
39710,1,1.447,0.872,-49.622000000000014,87.161,87.161,21.352000000000004,-28.27000000000001,75,2.283,4
30499,1,1.083,0.791,38.595,72.804,72.804,36.75399999999999,75.34899999999999,75,2.283,5
190,1,2.787,0.929,13.087999999999994,67.37099999999998,67.371,29.164999999999992,42.252999999999986,75,2.283,6
20507,1,1.169,1.113,40.99799999999999,22.497000000000014,22.497,-59.141999999999996,-18.144000000000005,75,2.283,7
19840,1,1.189,1.463,-38.754999999999995,40.466999999999985,40.467,0.98599999999999,-37.769000000000005,75,2.283,8
13240,1,1.432,1.03,17.802999999999997,38.235000000000014,38.235,-48.714,-30.911,75,2.283,9
20864,1,1.066,1.112,12.413000000000011,37.418000000000006,37.418,-65.925,-53.512,75,2.283,10
27653,1,0.808,1.383,-34.976,71.71699999999998,71.717,-4.965000000000003,-39.941,75,2.283,11
844,1,1.095,0.925,40.485000000000014,24.46799999999999,24.468,-62.876000000000005,-22.39099999999999,75,2.283,12
14438,1,1.633,0.961,6.461000000000013,55.22800000000001,55.228,-13.52000000000001,-7.0589999999999975,75,2.283,13
22713,1,1.184,1.196,-35.76400000000001,33.846000000000004,33.846,-9.593999999999994,-45.358000000000004,75,2.283,14
8857,1,1.691,0.829,37.647999999999996,73.499,73.499,-6.997000000000014,30.65100000000001,75,2.283,15
45645,1,0.96,1.631,-21.418000000000006,43.365999999999985,43.366,-17.171999999999997,-38.59,75,2.283,16
40910,1,2.632,0.921,12.433999999999997,60.744,60.744,5.856999999999999,18.290999999999997,75,2.283,17
14832,1,1.879,0.816,-36.709,93.31600000000003,93.316,21.715000000000003,-14.994,75,2.283,18
29334,1,1.326,0.822,13.848000000000013,85.64699999999999,85.647,-25.069999999999993,-11.222000000000008,75,2.283,19
26787,1,3.155,1.077,4.937000000000012,134.47199999999998,134.472,96.43899999999996,101.37599999999998,75,2.283,20
14398,1,0.891,0.922,44.43799999999999,29.28800000000001,29.288,-59.884,-15.445999999999998,76,2.285,1
19103,1,1.443,0.627,-30.85900000000001,65.207,65.207,10.764999999999986,-20.093999999999994,76,2.285,2
35339,1,1.1,1.215,-24.319999999999993,56.86099999999999,56.861,-22.59899999999999,-46.91899999999998,76,2.285,3
30170,1,1.095,1.176,-3.044000000000011,73.33699999999999,73.337,-29.002999999999986,-32.047,76,2.285,4
32724,1,0.794,1.266,10.847000000000008,19.820999999999998,19.821,-32.22999999999999,-21.38300000000001,76,2.285,5
13310,1,1.175,1.048,12.119,30.341000000000008,30.341,-67.751,-55.632000000000005,76,2.285,6
10380,1,1.402,0.93,-4.63900000000001,89.358,89.358,16.284999999999997,11.646000000000015,76,2.285,7
39710,1,1.447,0.872,-49.622000000000014,87.161,87.161,21.352000000000004,-28.27000000000001,76,2.285,8
11,1,1.662,1.357,22.789999999999992,45.147999999999996,45.148,-3.4509999999999934,19.339,76,2.285,9
550,1,1.405,0.671,39.216999999999985,68.12099999999998,68.121,-26.75800000000001,12.459000000000003,76,2.285,10
48312,1,1.538,1.162,35.653999999999996,32.34300000000002,32.343,-40.97399999999999,-5.319999999999993,76,2.285,11
37698,1,1.295,1.643,-38.56,46.341999999999985,46.342,7.38300000000001,-31.176999999999992,76,2.285,12
30499,1,1.083,0.791,38.595,72.804,72.804,36.75399999999999,75.34899999999999,76,2.285,13
190,1,2.787,0.929,13.087999999999994,67.37099999999998,67.371,29.164999999999992,42.252999999999986,76,2.285,14
338,1,1.626,1.15,32.512,88.27300000000002,88.273,12.373999999999995,44.885999999999996,76,2.285,15
22713,1,1.184,1.196,-35.76400000000001,33.846000000000004,33.846,-9.593999999999994,-45.358000000000004,76,2.285,16
27653,1,0.808,1.383,-34.976,71.71699999999998,71.717,-4.965000000000003,-39.941,76,2.285,17
26757,1,2.861,0.926,-6.679000000000002,127.71100000000001,127.711,89.60899999999998,82.93,76,2.285,18
14658,1,1.093,1.128,34.72,16.763000000000005,16.763,-51.32300000000001,-16.60300000000001,76,2.285,19
16987,1,1.293,0.756,0.3509999999999991,59.952,59.952,-22.50399999999999,-22.15299999999999,76,2.285,20
49446,1,1.193,1.362,-39.13900000000001,67.537,67.537,6.248999999999995,-32.889999999999986,77,2.286,1
2384,1,1.047,1.344,9.337999999999994,48.107,48.107,-30.384000000000015,-21.045999999999992,77,2.286,2
1207,1,1.949,1.193,46.15699999999998,70.47300000000001,70.473,-0.2179999999999893,45.93899999999999,77,2.286,3
16987,1,1.293,0.756,0.3509999999999991,59.952,59.952,-22.50399999999999,-22.15299999999999,77,2.286,4
12208,1,1.011,1.106,87.88800000000003,13.175999999999988,13.176,-71.749,16.13900000000001,77,2.286,5
7,1,1.433,1.393,47.44200000000001,46.99600000000001,46.996,-18.361999999999995,29.079999999999984,77,2.286,6
38488,1,1.359,0.9,-12.00200000000001,74.119,74.119,-14.546999999999997,-26.549000000000007,77,2.286,7
16846,1,1.116,0.713,-15.799000000000007,84.17000000000002,84.17,-2.790999999999997,-18.590000000000003,77,2.286,8
2779,1,1.344,0.738,26.677999999999997,57.298,57.298,-39.64699999999999,-12.968999999999994,77,2.286,9
30498,1,1.032,0.826,40.93799999999999,76.33699999999999,76.337,40.28999999999999,81.22800000000001,77,2.286,10
23452,1,1.212,0.96,33.158000000000015,20.244,20.244,-55.385999999999996,-22.22800000000001,77,2.286,11
14942,1,2.307,1.231,-24.47,91.09199999999998,91.092,33.94400000000002,9.47399999999999,77,2.286,12
22444,1,0.943,0.511,-30.74199999999999,23.561000000000007,23.561,-16.459000000000003,-47.20099999999999,77,2.286,13
30554,1,0.885,0.594,24.025000000000006,105.43200000000002,105.432,52.99000000000001,77.01499999999999,77,2.286,14
19841,1,1.043,1.481,-32.153999999999996,41.76400000000001,41.764,-7.757000000000005,-39.911,77,2.286,15
10418,1,1.986,0.796,2.4329999999999927,93.99799999999999,93.998,45.028999999999996,47.46199999999999,77,2.286,16
37698,1,1.295,1.643,-38.56,46.341999999999985,46.342,7.38300000000001,-31.176999999999992,77,2.286,17
46912,1,1.048,1.42,31.813999999999993,28.990999999999985,28.991,-69.641,-37.827,77,2.286,18
50558,1,1.318,1.331,2.164999999999992,41.821,41.821,-18.24199999999999,-16.076999999999998,77,2.286,19
19103,1,1.443,0.627,-30.85900000000001,65.207,65.207,10.764999999999986,-20.093999999999994,77,2.286,20
30554,1,0.885,0.594,24.025000000000006,105.43200000000002,105.432,52.99000000000001,77.01499999999999,78,2.286,1
22865,1,1.057,1.464,1.7719999999999914,26.009000000000015,26.009,-43.41399999999999,-41.641999999999996,78,2.286,2
1698,1,1.485,1.11,23.308999999999997,50.647999999999996,50.648,-59.037000000000006,-35.72800000000001,78,2.286,3
19955,1,1.008,1.434,-31.35300000000001,42.66499999999999,42.665,-4.742999999999995,-36.096000000000004,78,2.286,4
26356,1,1.249,1.007,-16.375,19.10499999999999,19.105,-8.593999999999994,-24.968999999999994,78,2.286,5
40044,1,2.032,1.142,3.0989999999999895,23.736999999999995,23.737,-9.544000000000011,-6.444999999999993,78,2.286,6
20323,1,1.106,1.169,-15.013000000000005,65.523,65.523,-18.524,-33.537000000000006,78,2.286,7
38488,1,1.359,0.9,-12.00200000000001,74.119,74.119,-14.546999999999997,-26.549000000000007,78,2.286,8
14832,1,1.879,0.816,-36.709,93.31600000000003,93.316,21.715000000000003,-14.994,78,2.286,9
11139,1,0.957,1.177,51.655,18.406000000000006,18.406,-69.876,-18.221000000000004,78,2.286,10
19103,1,1.443,0.627,-30.85900000000001,65.207,65.207,10.764999999999986,-20.093999999999994,78,2.286,11
30499,1,1.083,0.791,38.595,72.804,72.804,36.75399999999999,75.34899999999999,78,2.286,12
22306,1,1.056,0.918,8.560000000000002,76.76499999999999,76.765,-23.814999999999998,-15.254999999999995,78,2.286,13
327,1,2.113,0.854,35.02799999999999,63.38499999999999,63.385,31.114000000000004,66.142,78,2.286,14
28932,1,3.18,0.987,-30.676999999999992,104.85500000000002,104.855,76.43899999999996,45.762,78,2.286,15
49446,1,1.193,1.362,-39.13900000000001,67.537,67.537,6.248999999999995,-32.889999999999986,78,2.286,16
1209,1,1.952,0.905,48.34700000000001,69.82400000000001,69.824,-7.50800000000001,40.839,78,2.286,17
37419,1,1.493,0.846,-6.449999999999989,41.75399999999999,41.754,-31.935000000000002,-38.38499999999999,78,2.286,18
49384,1,1.342,1.569,-13.109000000000009,57.507000000000005,57.507,5.724999999999994,-7.3840000000000146,78,2.286,19
29568,1,1.271,1.494,-31.182999999999993,42.43299999999999,42.433,-4.469999999999999,-35.65299999999999,78,2.286,20
31522,1,1.904,0.728,33.706999999999994,57.93700000000001,57.937,39.209,72.916,79,2.287,1
14942,1,2.307,1.231,-24.47,91.09199999999998,91.092,33.94400000000002,9.47399999999999,79,2.287,2
1207,1,1.949,1.193,46.15699999999998,70.47300000000001,70.473,-0.2179999999999893,45.93899999999999,79,2.287,3
836,1,1.414,0.997,20.68100000000001,79.03399999999999,79.034,-23.62700000000001,-2.945999999999998,79,2.287,4
26392,1,1.293,0.969,9.658999999999992,29.155,29.155,-36.13300000000001,-26.47399999999999,79,2.287,5
48471,1,1.052,1.415,-37.196,49.954999999999984,49.955,-2.007000000000005,-39.203,79,2.287,6
12208,1,1.011,1.106,87.88800000000003,13.175999999999988,13.176,-71.749,16.13900000000001,79,2.287,7
17654,1,1.256,1.306,28.793000000000006,21.942000000000007,21.942,-42.27199999999999,-13.478999999999985,79,2.287,8
14829,1,1.774,0.694,-34.595,89.39800000000002,89.398,24.771000000000015,-9.824000000000012,79,2.287,9
19841,1,1.043,1.481,-32.153999999999996,41.76400000000001,41.764,-7.757000000000005,-39.911,79,2.287,10
16987,1,1.293,0.756,0.3509999999999991,59.952,59.952,-22.50399999999999,-22.15299999999999,79,2.287,11
26960,1,1.142,1.071,13.50399999999999,14.752999999999986,14.753,-41.87899999999999,-28.375,79,2.287,12
42783,1,1.13,1.098,20.194999999999993,35.643,35.643,-34.55500000000001,-14.360000000000014,79,2.287,13
8303,1,1.17,0.995,2.265999999999991,75.072,75.072,-6.848000000000013,-4.581999999999994,79,2.287,14
30498,1,1.032,0.826,40.93799999999999,76.33699999999999,76.337,40.28999999999999,81.22800000000001,79,2.287,15
19103,1,1.443,0.627,-30.85900000000001,65.207,65.207,10.764999999999986,-20.093999999999994,79,2.287,16
37961,1,1.028,0.948,-37.317999999999984,73.939,73.939,2.358000000000004,-34.96000000000001,79,2.287,17
50285,1,1.53,1.234,7.1229999999999905,57.58600000000001,57.586,-17.244,-10.12100000000001,79,2.287,18
22713,1,1.184,1.196,-35.76400000000001,33.846000000000004,33.846,-9.593999999999994,-45.358000000000004,79,2.287,19
26757,1,2.861,0.926,-6.679000000000002,127.71100000000001,127.711,89.60899999999998,82.93,79,2.287,20
29868,1,1.078,0.822,17.86099999999999,64.084,64.084,-32.432000000000016,-14.570999999999998,80,2.288,1
39710,1,1.447,0.872,-49.622000000000014,87.161,87.161,21.352000000000004,-28.27000000000001,80,2.288,2
10418,1,1.986,0.796,2.4329999999999927,93.99799999999999,93.998,45.028999999999996,47.46199999999999,80,2.288,3
1130,1,1.105,0.913,18.605999999999995,24.02199999999999,24.022,-37.623999999999995,-19.018,80,2.288,4
48312,1,1.538,1.162,35.653999999999996,32.34300000000002,32.343,-40.97399999999999,-5.319999999999993,80,2.288,5
190,1,2.787,0.929,13.087999999999994,67.37099999999998,67.371,29.164999999999992,42.252999999999986,80,2.288,6
19860,1,1.213,1.433,-30.718999999999994,50.744,50.744,-8.034999999999997,-38.75400000000002,80,2.288,7
49384,1,1.342,1.569,-13.109000000000009,57.507000000000005,57.507,5.724999999999994,-7.3840000000000146,80,2.288,8
49447,1,1.333,1.391,-37.17099999999999,65.493,65.493,5.513000000000005,-31.658000000000015,80,2.288,9
26757,1,2.861,0.926,-6.679000000000002,127.71100000000001,127.711,89.60899999999998,82.93,80,2.288,10
19103,1,1.443,0.627,-30.85900000000001,65.207,65.207,10.764999999999986,-20.093999999999994,80,2.288,11
34675,1,1.481,1.139,15.788000000000011,56.396000000000015,56.396,-10.852000000000004,4.936000000000007,80,2.288,12
1389,1,1.598,1.265,39.64099999999999,72.314,72.314,-3.647999999999996,35.992999999999995,80,2.288,13
22981,1,1.248,1.346,-40.78999999999999,23.598000000000013,23.598,6.652999999999992,-34.137,80,2.288,14
20008,1,1.678,0.697,-19.070999999999998,62.28999999999999,62.29,4.960000000000008,-14.11099999999999,80,2.288,15
38488,1,1.359,0.9,-12.00200000000001,74.119,74.119,-14.546999999999997,-26.549000000000007,80,2.288,16
42783,1,1.13,1.098,20.194999999999993,35.643,35.643,-34.55500000000001,-14.360000000000014,80,2.288,17
43477,1,0.964,1.463,55.71100000000001,39.352000000000004,39.352,-105.315,-49.603999999999985,80,2.288,18
20011,1,1.553,0.572,-19.52799999999999,63.24199999999999,63.242,6.314999999999998,-13.212999999999994,80,2.288,19
1698,1,1.485,1.11,23.308999999999997,50.647999999999996,50.648,-59.037000000000006,-35.72800000000001,80,2.288,20
9263,1,1.487,1.095,-2.156000000000006,71.81,71.81,-25.813999999999993,-27.97,81,2.289,1
30498,1,1.032,0.826,40.93799999999999,76.33699999999999,76.337,40.28999999999999,81.22800000000001,81,2.289,2
26392,1,1.293,0.969,9.658999999999992,29.155,29.155,-36.13300000000001,-26.47399999999999,81,2.289,3
12645,1,0.988,0.854,-27.72800000000001,41.595,41.595,-35.67099999999999,-63.399,81,2.289,4
50757,1,1.734,1.428,-1.0720000000000027,40.264999999999986,40.265,-0.17099999999999227,-1.242999999999995,81,2.289,5
48815,1,1.623,1.073,-14.199999999999989,45.873999999999995,45.874,-11.552999999999997,-25.752999999999986,81,2.289,6
1698,1,1.485,1.11,23.308999999999997,50.647999999999996,50.648,-59.037000000000006,-35.72800000000001,81,2.289,7
26787,1,3.155,1.077,4.937000000000012,134.47199999999998,134.472,96.43899999999996,101.37599999999998,81,2.289,8
22678,1,0.866,1.329,-13.183999999999997,32.48599999999999,32.486,-36.126000000000005,-49.31,81,2.289,9
40044,1,2.032,1.142,3.0989999999999895,23.736999999999995,23.737,-9.544000000000011,-6.444999999999993,81,2.289,10
172,1,1.783,1.358,66.876,61.35900000000001,61.359,-30.391999999999996,36.48400000000001,81,2.289,11
17234,1,1.282,1.106,-5.052999999999997,74.57900000000001,74.579,-2.3760000000000048,-7.429000000000002,81,2.289,12
25015,1,0.745,1.315,-30.575999999999993,54.441,54.441,-4.206999999999994,-34.783000000000015,81,2.289,13
49446,1,1.193,1.362,-39.13900000000001,67.537,67.537,6.248999999999995,-32.889999999999986,81,2.289,14
14894,1,1.59,0.868,-24.10900000000001,78.11000000000001,78.11,19.37700000000001,-4.731999999999999,81,2.289,15
39710,1,1.447,0.872,-49.622000000000014,87.161,87.161,21.352000000000004,-28.27000000000001,81,2.289,16
30554,1,0.885,0.594,24.025000000000006,105.43200000000002,105.432,52.99000000000001,77.01499999999999,81,2.289,17
11139,1,0.957,1.177,51.655,18.406000000000006,18.406,-69.876,-18.221000000000004,81,2.289,18
19103,1,1.443,0.627,-30.85900000000001,65.207,65.207,10.764999999999986,-20.093999999999994,81,2.289,19
272,1,1.772,0.657,34.331999999999994,75.88,75.88,-6.871000000000009,27.461000000000013,81,2.289,20
38487,1,1.133,0.995,-6.661000000000001,70.61599999999999,70.616,-28.831999999999994,-35.492999999999995,82,2.291,1
23423,1,1.38,1.441,-30.230999999999995,41.709,41.709,-13.057999999999993,-43.28899999999999,82,2.291,2
30554,1,0.885,0.594,24.025000000000006,105.43200000000002,105.432,52.99000000000001,77.01499999999999,82,2.291,3
8857,1,1.691,0.829,37.647999999999996,73.499,73.499,-6.997000000000014,30.65100000000001,82,2.291,4
26356,1,1.249,1.007,-16.375,19.10499999999999,19.105,-8.593999999999994,-24.968999999999994,82,2.291,5
312,1,1.804,1.261,52.599999999999994,68.41300000000001,68.413,-7.619,44.980999999999995,82,2.291,6
22713,1,1.184,1.196,-35.76400000000001,33.846000000000004,33.846,-9.593999999999994,-45.358000000000004,82,2.291,7
35373,1,1.399,0.893,-33.956999999999994,70.755,70.755,-10.151999999999987,-44.10900000000001,82,2.291,8
30499,1,1.083,0.791,38.595,72.804,72.804,36.75399999999999,75.34899999999999,82,2.291,9
49446,1,1.193,1.362,-39.13900000000001,67.537,67.537,6.248999999999995,-32.889999999999986,82,2.291,10
22569,1,0.779,1.551,-10.97399999999999,32.15899999999999,32.159,-36.46100000000001,-47.435,82,2.291,11
14530,1,1.421,0.829,0.8480000000000132,80.89100000000002,80.891,10.863,11.711000000000013,82,2.291,12
2900,1,1.227,1.489,-49.158000000000015,61.34899999999999,61.349,16.90100000000001,-32.257000000000005,82,2.291,13
40171,1,1.298,1.027,21.206999999999994,82.57299999999998,82.573,-61.294,-40.08699999999999,82,2.291,14
19841,1,1.043,1.481,-32.153999999999996,41.76400000000001,41.764,-7.757000000000005,-39.911,82,2.291,15
11139,1,0.957,1.177,51.655,18.406000000000006,18.406,-69.876,-18.221000000000004,82,2.291,16
14832,1,1.879,0.816,-36.709,93.31600000000003,93.316,21.715000000000003,-14.994,82,2.291,17
28932,1,3.18,0.987,-30.676999999999992,104.85500000000002,104.855,76.43899999999996,45.762,82,2.291,18
50558,1,1.318,1.331,2.164999999999992,41.821,41.821,-18.24199999999999,-16.076999999999998,82,2.291,19
40822,1,2.655,0.786,21.23400000000001,52.501000000000005,52.501,-4.181999999999988,17.051999999999992,82,2.291,20
684,1,1.381,0.77,18.007000000000005,25.554000000000002,25.554,-47.771000000000015,-29.76400000000001,83,2.292,1
19103,1,1.443,0.627,-30.85900000000001,65.207,65.207,10.764999999999986,-20.093999999999994,83,2.292,2
16927,1,1.323,0.869,8.085000000000008,72.429,72.429,-20.05600000000001,-11.971000000000004,83,2.292,3
32769,1,1.255,1.007,-5.939999999999998,33.95600000000002,33.956,-41.962999999999994,-47.90299999999999,83,2.292,4
328,1,2.208,0.779,37.93700000000001,65.666,65.666,36.78999999999999,74.727,83,2.292,5
38488,1,1.359,0.9,-12.00200000000001,74.119,74.119,-14.546999999999997,-26.549000000000007,83,2.292,6
14942,1,2.307,1.231,-24.47,91.09199999999998,91.092,33.94400000000002,9.47399999999999,83,2.292,7
30292,1,1.002,0.844,-34.34300000000002,67.559,67.559,1.2719999999999914,-33.071,83,2.292,8
6407,1,0.931,1.749,26.144000000000005,28.33699999999999,28.337,-73.224,-47.08000000000001,83,2.292,9
8857,1,1.691,0.829,37.647999999999996,73.499,73.499,-6.997000000000014,30.65100000000001,83,2.292,10
8303,1,1.17,0.995,2.265999999999991,75.072,75.072,-6.848000000000013,-4.581999999999994,83,2.292,11
23012,1,1.117,1.509,-10.045999999999992,20.585000000000008,20.585,-26.704000000000008,-36.75,83,2.292,12
50725,1,1.443,1.308,-13.686000000000007,44.91399999999999,44.914,0.45400000000000773,-13.232,83,2.292,13
24083,1,1.08,1.375,-27.198000000000008,49.72999999999999,49.73,-11.194999999999993,-38.393,83,2.292,14
30554,1,0.885,0.594,24.025000000000006,105.43200000000002,105.432,52.99000000000001,77.01499999999999,83,2.292,15
33848,1,1.034,1.481,-29.272999999999996,53.22399999999999,53.224,-3.806999999999988,-33.079999999999984,83,2.292,16
42783,1,1.13,1.098,20.194999999999993,35.643,35.643,-34.55500000000001,-14.360000000000014,83,2.292,17
45609,1,1.08,1.307,-42.524,30.03800000000001,30.038,-1.759999999999991,-44.28399999999999,83,2.292,18
40910,1,2.632,0.921,12.433999999999997,60.744,60.744,5.856999999999999,18.290999999999997,83,2.292,19
1483,1,3.265,1.014,-39.091999999999985,97.69100000000003,97.691,55.033000000000015,15.941000000000003,83,2.292,20
49447,1,1.333,1.391,-37.17099999999999,65.493,65.493,5.513000000000005,-31.658000000000015,84,2.292,1
17057,1,1.196,1.158,20.034999999999997,81.767,81.767,-23.15700000000001,-3.122000000000014,84,2.292,2
10418,1,1.986,0.796,2.4329999999999927,93.99799999999999,93.998,45.028999999999996,47.46199999999999,84,2.292,3
23010,1,1.01,1.494,5.967999999999989,20.736999999999995,20.737,-42.84100000000001,-36.87299999999999,84,2.292,4
14135,1,1.067,1.168,12.703000000000003,28.235000000000014,28.235,-33.5,-20.796999999999997,84,2.292,5
16130,1,1.587,0.761,25.561000000000007,70.63,70.63,1.9989999999999952,27.560000000000002,84,2.292,6
19860,1,1.213,1.433,-30.718999999999994,50.744,50.744,-8.034999999999997,-38.75400000000002,84,2.292,7
19103,1,1.443,0.627,-30.85900000000001,65.207,65.207,10.764999999999986,-20.093999999999994,84,2.292,8
24703,1,1.46,0.938,10.335000000000008,17.578000000000003,17.578,-19.921999999999997,-9.586999999999989,84,2.292,9
444,1,1.436,0.613,47.986999999999995,71.114,71.114,-22.24199999999999,25.745000000000005,84,2.292,10
13310,1,1.175,1.048,12.119,30.341000000000008,30.341,-67.751,-55.632000000000005,84,2.292,11
26758,1,2.785,0.887,-9.611999999999995,128.19799999999998,128.198,89.37200000000001,79.75999999999999,84,2.292,12
48471,1,1.052,1.415,-37.196,49.954999999999984,49.955,-2.007000000000005,-39.203,84,2.292,13
30554,1,0.885,0.594,24.025000000000006,105.43200000000002,105.432,52.99000000000001,77.01499999999999,84,2.292,14
16987,1,1.293,0.756,0.3509999999999991,59.952,59.952,-22.50399999999999,-22.15299999999999,84,2.292,15
49384,1,1.342,1.569,-13.109000000000009,57.507000000000005,57.507,5.724999999999994,-7.3840000000000146,84,2.292,16
30498,1,1.032,0.826,40.93799999999999,76.33699999999999,76.337,40.28999999999999,81.22800000000001,84,2.292,17
14894,1,1.59,0.868,-24.10900000000001,78.11000000000001,78.11,19.37700000000001,-4.731999999999999,84,2.292,18
33461,1,1.231,1.743,-31.20599999999999,52.81299999999999,52.813,1.3930000000000007,-29.812999999999988,84,2.292,19
24018,1,1.01,0.955,53.16300000000001,26.62700000000001,26.627,-75.957,-22.79400000000001,84,2.292,20
30554,1,0.885,0.594,24.025000000000006,105.43200000000002,105.432,52.99000000000001,77.01499999999999,85,2.295,1
39710,1,1.447,0.872,-49.622000000000014,87.161,87.161,21.352000000000004,-28.27000000000001,85,2.295,2
43477,1,0.964,1.463,55.71100000000001,39.352000000000004,39.352,-105.315,-49.603999999999985,85,2.295,3
48898,1,1.249,1.367,-2.5120000000000005,49.73599999999999,49.736,-11.512,-14.024000000000001,85,2.295,4
8303,1,1.17,0.995,2.265999999999991,75.072,75.072,-6.848000000000013,-4.581999999999994,85,2.295,5
8880,1,1.405,0.81,47.97800000000001,73.50799999999998,73.508,1.1270000000000095,49.10499999999999,85,2.295,6
50640,1,1.171,0.8,27.497000000000014,71.10500000000002,71.105,-49.009000000000015,-21.512,85,2.295,7
19931,1,1.331,1.332,-25.120000000000005,39.119,39.119,-16.498999999999995,-41.619,85,2.295,8
22713,1,1.184,1.196,-35.76400000000001,33.846000000000004,33.846,-9.593999999999994,-45.358000000000004,85,2.295,9
190,1,2.787,0.929,13.087999999999994,67.37099999999998,67.371,29.164999999999992,42.252999999999986,85,2.295,10
26356,1,1.249,1.007,-16.375,19.10499999999999,19.105,-8.593999999999994,-24.968999999999994,85,2.295,11
1130,1,1.105,0.913,18.605999999999995,24.02199999999999,24.022,-37.623999999999995,-19.018,85,2.295,12
26757,1,2.861,0.926,-6.679000000000002,127.71100000000001,127.711,89.60899999999998,82.93,85,2.295,13
327,1,2.113,0.854,35.02799999999999,63.38499999999999,63.385,31.114000000000004,66.142,85,2.295,14
15228,1,1.566,0.759,-10.608000000000004,56.977000000000004,56.977,-14.153999999999996,-24.762,85,2.295,15
32388,1,0.627,1.773,-46.139999999999986,46.985000000000014,46.985,6.454000000000008,-39.68600000000001,85,2.295,16
37372,1,1.037,1.62,19.962999999999994,22.181999999999988,22.182,-36.501000000000005,-16.53800000000001,85,2.295,17
19103,1,1.443,0.627,-30.85900000000001,65.207,65.207,10.764999999999986,-20.093999999999994,85,2.295,18
37698,1,1.295,1.643,-38.56,46.341999999999985,46.342,7.38300000000001,-31.176999999999992,85,2.295,19
16809,1,1.367,0.53,-5.242999999999995,63.423,63.423,-21.507000000000005,-26.75,85,2.295,20
26753,1,3.084,0.787,-9.40100000000001,128.043,128.043,96.382,86.981,86,2.297,1
19103,1,1.443,0.627,-30.85900000000001,65.207,65.207,10.764999999999986,-20.093999999999994,86,2.297,2
14832,1,1.879,0.816,-36.709,93.31600000000003,93.316,21.715000000000003,-14.994,86,2.297,3
23442,1,1.205,1.064,38.15100000000001,22.414999999999992,22.415,-58.863,-20.71199999999999,86,2.297,4
33853,1,1.148,1.211,-35.740999999999985,49.21800000000002,49.218,-0.14699999999999136,-35.888000000000005,86,2.297,5
9537,1,2.031,0.979,52.367999999999995,69.202,69.202,-12.954000000000008,39.41399999999999,86,2.297,6
38488,1,1.359,0.9,-12.00200000000001,74.119,74.119,-14.546999999999997,-26.549000000000007,86,2.297,7
498,1,1.253,0.767,38.377999999999986,73.482,73.482,-20.306999999999988,18.070999999999998,86,2.297,8
11,1,1.662,1.357,22.789999999999992,45.147999999999996,45.148,-3.4509999999999934,19.339,86,2.297,9
21963,1,1.354,0.824,2.8000000000000114,23.462999999999994,23.463,-25.076999999999998,-22.276999999999987,86,2.297,10
22856,1,0.986,0.918,-11.002999999999986,83.11700000000002,83.117,-1.9499999999999886,-12.953000000000003,86,2.297,11
16987,1,1.293,0.756,0.3509999999999991,59.952,59.952,-22.50399999999999,-22.15299999999999,86,2.297,12
34425,1,1.217,1.541,-40.108000000000004,38.078,38.078,0.554000000000002,-39.554,86,2.297,13
190,1,2.787,0.929,13.087999999999994,67.37099999999998,67.371,29.164999999999992,42.252999999999986,86,2.297,14
30236,1,0.928,1.338,30.063999999999993,30.451999999999998,30.452,-79.427,-49.363,86,2.297,15
49446,1,1.193,1.362,-39.13900000000001,67.537,67.537,6.248999999999995,-32.889999999999986,86,2.297,16
11338,1,1.147,0.949,39.29900000000001,24.76400000000001,24.764,-41.793000000000006,-2.4939999999999998,86,2.297,17
30763,1,0.997,0.63,25.048000000000002,81.73500000000001,81.735,42.817999999999984,67.86599999999999,86,2.297,18
14012,1,1.506,0.661,36.71100000000001,53.139999999999986,53.14,-72.434,-35.72300000000001,86,2.297,19
35577,1,1.786,0.952,-14.669999999999987,58.377999999999986,58.378,-1.9509999999999934,-16.62100000000001,86,2.297,20
19841,1,1.043,1.481,-32.153999999999996,41.76400000000001,41.764,-7.757000000000005,-39.911,87,2.3,1
1113,1,0.93,1.085,15.818000000000012,24.00399999999999,24.004,-35.655,-19.83699999999999,87,2.3,2
16987,1,1.293,0.756,0.3509999999999991,59.952,59.952,-22.50399999999999,-22.15299999999999,87,2.3,3
14942,1,2.307,1.231,-24.47,91.09199999999998,91.092,33.94400000000002,9.47399999999999,87,2.3,4
26392,1,1.293,0.969,9.658999999999992,29.155,29.155,-36.13300000000001,-26.47399999999999,87,2.3,5
13240,1,1.432,1.03,17.802999999999997,38.235000000000014,38.235,-48.714,-30.911,87,2.3,6
40910,1,2.632,0.921,12.433999999999997,60.744,60.744,5.856999999999999,18.290999999999997,87,2.3,7
16666,1,1.426,0.787,23.96199999999999,73.29399999999998,73.294,-28.74799999999999,-4.786000000000001,87,2.3,8
19103,1,1.443,0.627,-30.85900000000001,65.207,65.207,10.764999999999986,-20.093999999999994,87,2.3,9
1209,1,1.952,0.905,48.34700000000001,69.82400000000001,69.824,-7.50800000000001,40.839,87,2.3,10
38488,1,1.359,0.9,-12.00200000000001,74.119,74.119,-14.546999999999997,-26.549000000000007,87,2.3,11
50757,1,1.734,1.428,-1.0720000000000027,40.264999999999986,40.265,-0.17099999999999227,-1.242999999999995,87,2.3,12
30554,1,0.885,0.594,24.025000000000006,105.43200000000002,105.432,52.99000000000001,77.01499999999999,87,2.3,13
34928,1,0.979,1.377,-34.497000000000014,69.858,69.858,4.001000000000005,-30.49600000000001,87,2.3,14
1483,1,3.265,1.014,-39.091999999999985,97.69100000000003,97.691,55.033000000000015,15.941000000000003,87,2.3,15
11139,1,0.957,1.177,51.655,18.406000000000006,18.406,-69.876,-18.221000000000004,87,2.3,16
45609,1,1.08,1.307,-42.524,30.03800000000001,30.038,-1.759999999999991,-44.28399999999999,87,2.3,17
327,1,2.113,0.854,35.02799999999999,63.38499999999999,63.385,31.114000000000004,66.142,87,2.3,18
22713,1,1.184,1.196,-35.76400000000001,33.846000000000004,33.846,-9.593999999999994,-45.358000000000004,87,2.3,19
851,1,1.002,0.895,-25.334000000000003,69.339,69.339,-15.738,-41.072,87,2.3,20
30499,1,1.083,0.791,38.595,72.804,72.804,36.75399999999999,75.34899999999999,88,2.301,1
44544,1,1.052,0.705,-8.561000000000007,28.263000000000005,28.263,-46.26400000000001,-54.825,88,2.301,2
22614,1,1.489,0.918,30.235000000000014,70.035,70.035,-5.25800000000001,24.977000000000004,88,2.301,3
32797,1,1.53,0.973,4.8300000000000125,40.72,40.72,-50.685,-45.85499999999999,88,2.301,4
26032,1,1.117,0.858,-1.5800000000000125,81.56299999999999,81.563,-19.864000000000004,-21.444000000000017,88,2.301,5
39710,1,1.447,0.872,-49.622000000000014,87.161,87.161,21.352000000000004,-28.27000000000001,88,2.301,6
24172,1,0.993,1.596,-20.319999999999993,48.611999999999995,48.612,-16.788999999999987,-37.10900000000001,88,2.301,7
10418,1,1.986,0.796,2.4329999999999927,93.99799999999999,93.998,45.028999999999996,47.46199999999999,88,2.301,8
27545,1,2.717,0.781,-38.48599999999999,96.995,96.995,71.518,33.03200000000001,88,2.301,9
16987,1,1.293,0.756,0.3509999999999991,59.952,59.952,-22.50399999999999,-22.15299999999999,88,2.301,10
35914,1,0.983,1.473,-30.363,48.47800000000001,48.478,-12.056999999999988,-42.420000000000016,88,2.301,11
30541,1,1.151,0.731,27.221000000000004,102.86099999999999,102.861,56.43600000000001,83.65699999999998,88,2.301,12
38488,1,1.359,0.9,-12.00200000000001,74.119,74.119,-14.546999999999997,-26.549000000000007,88,2.301,13
49446,1,1.193,1.362,-39.13900000000001,67.537,67.537,6.248999999999995,-32.889999999999986,88,2.301,14
26356,1,1.249,1.007,-16.375,19.10499999999999,19.105,-8.593999999999994,-24.968999999999994,88,2.301,15
172,1,1.783,1.358,66.876,61.35900000000001,61.359,-30.391999999999996,36.48400000000001,88,2.301,16
26392,1,1.293,0.969,9.658999999999992,29.155,29.155,-36.13300000000001,-26.47399999999999,88,2.301,17
40822,1,2.655,0.786,21.23400000000001,52.501000000000005,52.501,-4.181999999999988,17.051999999999992,88,2.301,18
6240,1,1.03,1.592,8.835000000000008,31.964,31.964,-51.986999999999995,-43.15199999999999,88,2.301,19
19103,1,1.443,0.627,-30.85900000000001,65.207,65.207,10.764999999999986,-20.093999999999994,88,2.301,20
31281,1,0.775,1.911,47.90899999999999,31.556999999999988,31.557,-93.553,-45.644000000000005,89,2.307,1
30499,1,1.083,0.791,38.595,72.804,72.804,36.75399999999999,75.34899999999999,89,2.307,2
11338,1,1.147,0.949,39.29900000000001,24.76400000000001,24.764,-41.793000000000006,-2.4939999999999998,89,2.307,3
30170,1,1.095,1.176,-3.044000000000011,73.33699999999999,73.337,-29.002999999999986,-32.047,89,2.307,4
26356,1,1.249,1.007,-16.375,19.10499999999999,19.105,-8.593999999999994,-24.968999999999994,89,2.307,5
23012,1,1.117,1.509,-10.045999999999992,20.585000000000008,20.585,-26.704000000000008,-36.75,89,2.307,6
8303,1,1.17,0.995,2.265999999999991,75.072,75.072,-6.848000000000013,-4.581999999999994,89,2.307,7
49741,1,1.218,1.153,19.626000000000005,21.816000000000003,21.816,-42.959,-23.333,89,2.307,8
34780,1,1.156,1.401,-33.96800000000002,54.349999999999994,54.35,1.4010000000000105,-32.56700000000001,89,2.307,9
1389,1,1.598,1.265,39.64099999999999,72.314,72.314,-3.647999999999996,35.992999999999995,89,2.307,10
19103,1,1.443,0.627,-30.85900000000001,65.207,65.207,10.764999999999986,-20.093999999999994,89,2.307,11
38488,1,1.359,0.9,-12.00200000000001,74.119,74.119,-14.546999999999997,-26.549000000000007,89,2.307,12
14942,1,2.307,1.231,-24.47,91.09199999999998,91.092,33.94400000000002,9.47399999999999,89,2.307,13
14832,1,1.879,0.816,-36.709,93.31600000000003,93.316,21.715000000000003,-14.994,89,2.307,14
16987,1,1.293,0.756,0.3509999999999991,59.952,59.952,-22.50399999999999,-22.15299999999999,89,2.307,15
13240,1,1.432,1.03,17.802999999999997,38.235000000000014,38.235,-48.714,-30.911,89,2.307,16
28932,1,3.18,0.987,-30.676999999999992,104.85500000000002,104.855,76.43899999999996,45.762,89,2.307,17
41864,1,0.977,1.287,-32.934,48.108000000000004,48.108,-4.709000000000003,-37.643,89,2.307,18
49187,1,1.366,1.213,-14.937000000000012,59.45400000000001,59.454,0.4240000000000066,-14.513000000000005,89,2.307,19
31646,1,2.146,0.93,32.864000000000004,67.14499999999998,67.145,45.03399999999999,77.89800000000002,89,2.307,20
13240,1,1.432,1.03,17.802999999999997,38.235000000000014,38.235,-48.714,-30.911,90,2.313,1
38187,1,0.91,1.447,-20.687000000000012,51.377999999999986,51.378,-15.062999999999988,-35.75,90,2.313,2
30554,1,0.885,0.594,24.025000000000006,105.43200000000002,105.432,52.99000000000001,77.01499999999999,90,2.313,3
23012,1,1.117,1.509,-10.045999999999992,20.585000000000008,20.585,-26.704000000000008,-36.75,90,2.313,4
46434,1,1.148,0.956,-16.271000000000015,49.40299999999999,49.403,-27.581999999999994,-43.85300000000001,90,2.313,5
19841,1,1.043,1.481,-32.153999999999996,41.76400000000001,41.764,-7.757000000000005,-39.911,90,2.313,6
327,1,2.113,0.854,35.02799999999999,63.38499999999999,63.385,31.114000000000004,66.142,90,2.313,7
1483,1,3.265,1.014,-39.091999999999985,97.69100000000003,97.691,55.033000000000015,15.941000000000003,90,2.313,8
8303,1,1.17,0.995,2.265999999999991,75.072,75.072,-6.848000000000013,-4.581999999999994,90,2.313,9
26758,1,2.785,0.887,-9.611999999999995,128.19799999999998,128.198,89.37200000000001,79.75999999999999,90,2.313,10
19485,1,0.942,0.625,-14.471000000000004,76.06799999999998,76.068,-14.982,-29.453000000000003,90,2.313,11
2900,1,1.227,1.489,-49.158000000000015,61.34899999999999,61.349,16.90100000000001,-32.257000000000005,90,2.313,12
1389,1,1.598,1.265,39.64099999999999,72.314,72.314,-3.647999999999996,35.992999999999995,90,2.313,13
10418,1,1.986,0.796,2.4329999999999927,93.99799999999999,93.998,45.028999999999996,47.46199999999999,90,2.313,14
35914,1,0.983,1.473,-30.363,48.47800000000001,48.478,-12.056999999999988,-42.420000000000016,90,2.313,15
19103,1,1.443,0.627,-30.85900000000001,65.207,65.207,10.764999999999986,-20.093999999999994,90,2.313,16
47337,1,1.13,0.96,0.8739999999999952,30.251000000000005,30.251,-54.84,-53.96600000000001,90,2.313,17
40822,1,2.655,0.786,21.23400000000001,52.501000000000005,52.501,-4.181999999999988,17.051999999999992,90,2.313,18
9537,1,2.031,0.979,52.367999999999995,69.202,69.202,-12.954000000000008,39.41399999999999,90,2.313,19
21458,1,1.3,1.184,0.8309999999999889,22.498999999999995,22.499,-22.879999999999995,-22.049000000000007,90,2.313,20
37372,1,1.037,1.62,19.962999999999994,22.181999999999988,22.182,-36.501000000000005,-16.53800000000001,91,2.319,1
17050,1,1.469,1.047,29.625,81.90300000000002,81.903,-30.456999999999994,-0.8319999999999936,91,2.319,2
19103,1,1.443,0.627,-30.85900000000001,65.207,65.207,10.764999999999986,-20.093999999999994,91,2.319,3
1198,1,1.911,0.759,39.275000000000006,72.10399999999998,72.104,18.497000000000014,57.77199999999999,91,2.319,4
50725,1,1.443,1.308,-13.686000000000007,44.91399999999999,44.914,0.45400000000000773,-13.232,91,2.319,5
30763,1,0.997,0.63,25.048000000000002,81.73500000000001,81.735,42.817999999999984,67.86599999999999,91,2.319,6
30498,1,1.032,0.826,40.93799999999999,76.33699999999999,76.337,40.28999999999999,81.22800000000001,91,2.319,7
22192,1,1.244,0.764,3.9250000000000114,70.293,70.293,-25.40700000000001,-21.482,91,2.319,8
34425,1,1.217,1.541,-40.108000000000004,38.078,38.078,0.554000000000002,-39.554,91,2.319,9
844,1,1.095,0.925,40.485000000000014,24.46799999999999,24.468,-62.876000000000005,-22.39099999999999,91,2.319,10
22585,1,0.907,1.312,-3.163000000000011,27.545999999999992,27.546,-48.0,-51.16300000000001,91,2.319,11
14832,1,1.879,0.816,-36.709,93.31600000000003,93.316,21.715000000000003,-14.994,91,2.319,12
28932,1,3.18,0.987,-30.676999999999992,104.85500000000002,104.855,76.43899999999996,45.762,91,2.319,13
49447,1,1.333,1.391,-37.17099999999999,65.493,65.493,5.513000000000005,-31.658000000000015,91,2.319,14
22868,1,0.998,1.388,20.89500000000001,28.12700000000001,28.127,-63.74199999999999,-42.84700000000001,91,2.319,15
17057,1,1.196,1.158,20.034999999999997,81.767,81.767,-23.15700000000001,-3.122000000000014,91,2.319,16
30170,1,1.095,1.176,-3.044000000000011,73.33699999999999,73.337,-29.002999999999986,-32.047,91,2.319,17
49187,1,1.366,1.213,-14.937000000000012,59.45400000000001,59.454,0.4240000000000066,-14.513000000000005,91,2.319,18
26356,1,1.249,1.007,-16.375,19.10499999999999,19.105,-8.593999999999994,-24.968999999999994,91,2.319,19
49446,1,1.193,1.362,-39.13900000000001,67.537,67.537,6.248999999999995,-32.889999999999986,91,2.319,20
40910,1,2.632,0.921,12.433999999999997,60.744,60.744,5.856999999999999,18.290999999999997,92,2.32,1
28368,1,0.978,0.93,33.744,61.07499999999999,61.075,-11.673000000000002,22.070999999999998,92,2.32,2
844,1,1.095,0.925,40.485000000000014,24.46799999999999,24.468,-62.876000000000005,-22.39099999999999,92,2.32,3
12645,1,0.988,0.854,-27.72800000000001,41.595,41.595,-35.67099999999999,-63.399,92,2.32,4
327,1,2.113,0.854,35.02799999999999,63.38499999999999,63.385,31.114000000000004,66.142,92,2.32,5
42629,1,0.862,1.53,-34.31,41.587999999999994,41.588,-10.425000000000011,-44.735000000000014,92,2.32,6
14894,1,1.59,0.868,-24.10900000000001,78.11000000000001,78.11,19.37700000000001,-4.731999999999999,92,2.32,7
14846,1,1.793,0.674,-39.42099999999999,102.233,102.233,27.025000000000006,-12.396000000000015,92,2.32,8
50757,1,1.734,1.428,-1.0720000000000027,40.264999999999986,40.265,-0.17099999999999227,-1.242999999999995,92,2.32,9
15578,1,1.246,1.225,10.387,29.35499999999999,29.355,-21.228999999999985,-10.842000000000013,92,2.32,10
1483,1,3.265,1.014,-39.091999999999985,97.69100000000003,97.691,55.033000000000015,15.941000000000003,92,2.32,11
23423,1,1.38,1.441,-30.230999999999995,41.709,41.709,-13.057999999999993,-43.28899999999999,92,2.32,12
19103,1,1.443,0.627,-30.85900000000001,65.207,65.207,10.764999999999986,-20.093999999999994,92,2.32,13
3683,1,1.345,0.867,-0.01300000000000523,27.204999999999984,27.205,-55.464,-55.477000000000004,92,2.32,14
9760,1,1.609,0.893,27.760999999999996,73.6,73.6,-27.111999999999995,0.6490000000000009,92,2.32,15
16987,1,1.293,0.756,0.3509999999999991,59.952,59.952,-22.50399999999999,-22.15299999999999,92,2.32,16
42783,1,1.13,1.098,20.194999999999993,35.643,35.643,-34.55500000000001,-14.360000000000014,92,2.32,17
3499,1,1.657,0.815,-2.330999999999989,81.72500000000002,81.725,-6.579000000000008,-8.909999999999997,92,2.32,18
22713,1,1.184,1.196,-35.76400000000001,33.846000000000004,33.846,-9.593999999999994,-45.358000000000004,92,2.32,19
10418,1,1.986,0.796,2.4329999999999927,93.99799999999999,93.998,45.028999999999996,47.46199999999999,92,2.32,20
19103,1,1.443,0.627,-30.85900000000001,65.207,65.207,10.764999999999986,-20.093999999999994,93,2.326,1
26757,1,2.861,0.926,-6.679000000000002,127.71100000000001,127.711,89.60899999999998,82.93,93,2.326,2
50094,1,1.606,1.172,-15.289999999999992,47.579999999999984,47.58,-1.156000000000006,-16.445999999999998,93,2.326,3
23935,1,0.959,1.532,-34.58699999999999,42.11699999999999,42.117,-2.127999999999986,-36.715,93,2.326,4
9721,1,1.672,0.989,47.66300000000001,70.523,70.523,-22.370000000000005,25.293000000000006,93,2.326,5
49447,1,1.333,1.391,-37.17099999999999,65.493,65.493,5.513000000000005,-31.658000000000015,93,2.326,6
37698,1,1.295,1.643,-38.56,46.341999999999985,46.342,7.38300000000001,-31.176999999999992,93,2.326,7
13934,1,1.401,0.942,-12.031000000000006,72.63,72.63,15.026999999999987,2.9960000000000093,93,2.326,8
39710,1,1.447,0.872,-49.622000000000014,87.161,87.161,21.352000000000004,-28.27000000000001,93,2.326,9
38488,1,1.359,0.9,-12.00200000000001,74.119,74.119,-14.546999999999997,-26.549000000000007,93,2.326,10
10592,1,1.868,0.726,19.47399999999999,65.261,65.261,-1.8590000000000089,17.61500000000001,93,2.326,11
26364,1,1.205,0.824,-5.659999999999997,20.025000000000006,20.025,-22.99600000000001,-28.656000000000006,93,2.326,12
30554,1,0.885,0.594,24.025000000000006,105.43200000000002,105.432,52.99000000000001,77.01499999999999,93,2.326,13
47337,1,1.13,0.96,0.8739999999999952,30.251000000000005,30.251,-54.84,-53.96600000000001,93,2.326,14
31646,1,2.146,0.93,32.864000000000004,67.14499999999998,67.145,45.03399999999999,77.89800000000002,93,2.326,15
22868,1,0.998,1.388,20.89500000000001,28.12700000000001,28.127,-63.74199999999999,-42.84700000000001,93,2.326,16
30170,1,1.095,1.176,-3.044000000000011,73.33699999999999,73.337,-29.002999999999986,-32.047,93,2.326,17
22588,1,0.764,1.454,-17.286,32.24600000000001,32.246,-35.30099999999999,-52.587,93,2.326,18
243,1,1.373,0.755,40.603999999999985,65.791,65.791,-12.252999999999986,28.351,93,2.326,19
42783,1,1.13,1.098,20.194999999999993,35.643,35.643,-34.55500000000001,-14.360000000000014,93,2.326,20
34382,1,0.99,0.713,-13.662000000000006,58.155,58.155,-27.329999999999984,-40.99199999999999,94,2.329,1
48230,1,1.591,1.029,-12.276999999999987,34.30799999999999,34.308,-27.40700000000001,-39.684,94,2.329,2
19103,1,1.443,0.627,-30.85900000000001,65.207,65.207,10.764999999999986,-20.093999999999994,94,2.329,3
14832,1,1.879,0.816,-36.709,93.31600000000003,93.316,21.715000000000003,-14.994,94,2.329,4
16643,1,1.084,0.693,10.425000000000011,71.15100000000001,71.151,-26.477000000000004,-16.051999999999992,94,2.329,5
22713,1,1.184,1.196,-35.76400000000001,33.846000000000004,33.846,-9.593999999999994,-45.358000000000004,94,2.329,6
23452,1,1.212,0.96,33.158000000000015,20.244,20.244,-55.385999999999996,-22.22800000000001,94,2.329,7
8303,1,1.17,0.995,2.265999999999991,75.072,75.072,-6.848000000000013,-4.581999999999994,94,2.329,8
30498,1,1.032,0.826,40.93799999999999,76.33699999999999,76.337,40.28999999999999,81.22800000000001,94,2.329,9
49446,1,1.193,1.362,-39.13900000000001,67.537,67.537,6.248999999999995,-32.889999999999986,94,2.329,10
23935,1,0.959,1.532,-34.58699999999999,42.11699999999999,42.117,-2.127999999999986,-36.715,94,2.329,11
14398,1,0.891,0.922,44.43799999999999,29.28800000000001,29.288,-59.884,-15.445999999999998,94,2.329,12
50725,1,1.443,1.308,-13.686000000000007,44.91399999999999,44.914,0.45400000000000773,-13.232,94,2.329,13
14942,1,2.307,1.231,-24.47,91.09199999999998,91.092,33.94400000000002,9.47399999999999,94,2.329,14
26757,1,2.861,0.926,-6.679000000000002,127.71100000000001,127.711,89.60899999999998,82.93,94,2.329,15
19841,1,1.043,1.481,-32.153999999999996,41.76400000000001,41.764,-7.757000000000005,-39.911,94,2.329,16
8857,1,1.691,0.829,37.647999999999996,73.499,73.499,-6.997000000000014,30.65100000000001,94,2.329,17
17,1,1.92,1.372,47.791,52.09100000000001,52.091,-23.183999999999997,24.607,94,2.329,18
30763,1,0.997,0.63,25.048000000000002,81.73500000000001,81.735,42.817999999999984,67.86599999999999,94,2.329,19
46912,1,1.048,1.42,31.813999999999993,28.990999999999985,28.991,-69.641,-37.827,94,2.329,20
1192,1,2.083,0.775,29.681999999999988,82.17000000000002,82.17,27.877999999999986,57.56,95,2.33,1
684,1,1.381,0.77,18.007000000000005,25.554000000000002,25.554,-47.771000000000015,-29.76400000000001,95,2.33,2
15151,1,1.486,0.791,-12.295999999999992,77.221,77.221,14.824999999999989,2.5289999999999964,95,2.33,3
30499,1,1.083,0.791,38.595,72.804,72.804,36.75399999999999,75.34899999999999,95,2.33,4
8303,1,1.17,0.995,2.265999999999991,75.072,75.072,-6.848000000000013,-4.581999999999994,95,2.33,5
48471,1,1.052,1.415,-37.196,49.954999999999984,49.955,-2.007000000000005,-39.203,95,2.33,6
39710,1,1.447,0.872,-49.622000000000014,87.161,87.161,21.352000000000004,-28.27000000000001,95,2.33,7
34425,1,1.217,1.541,-40.108000000000004,38.078,38.078,0.554000000000002,-39.554,95,2.33,8
12645,1,0.988,0.854,-27.72800000000001,41.595,41.595,-35.67099999999999,-63.399,95,2.33,9
26758,1,2.785,0.887,-9.611999999999995,128.19799999999998,128.198,89.37200000000001,79.75999999999999,95,2.33,10
22582,1,0.871,1.544,-4.3629999999999995,31.693000000000012,31.693,-47.872000000000014,-52.235,95,2.33,11
15204,1,1.132,1.226,-20.443000000000012,33.452,33.452,2.5260000000000105,-17.917,95,2.33,12
11139,1,0.957,1.177,51.655,18.406000000000006,18.406,-69.876,-18.221000000000004,95,2.33,13
19103,1,1.443,0.627,-30.85900000000001,65.207,65.207,10.764999999999986,-20.093999999999994,95,2.33,14
15943,1,1.073,0.927,-27.47,92.779,92.779,-4.132000000000005,-31.602000000000004,95,2.33,15
844,1,1.095,0.925,40.485000000000014,24.46799999999999,24.468,-62.876000000000005,-22.39099999999999,95,2.33,16
40910,1,2.632,0.921,12.433999999999997,60.744,60.744,5.856999999999999,18.290999999999997,95,2.33,17
9031,1,1.115,1.164,31.89699999999999,60.908000000000015,60.908,-58.25,-26.35300000000001,95,2.33,18
17050,1,1.469,1.047,29.625,81.90300000000002,81.903,-30.456999999999994,-0.8319999999999936,95,2.33,19
50725,1,1.443,1.308,-13.686000000000007,44.91399999999999,44.914,0.45400000000000773,-13.232,95,2.33,20
46434,1,1.148,0.956,-16.271000000000015,49.40299999999999,49.403,-27.581999999999994,-43.85300000000001,96,2.338,1
1483,1,3.265,1.014,-39.091999999999985,97.69100000000003,97.691,55.033000000000015,15.941000000000003,96,2.338,2
14942,1,2.307,1.231,-24.47,91.09199999999998,91.092,33.94400000000002,9.47399999999999,96,2.338,3
24083,1,1.08,1.375,-27.198000000000008,49.72999999999999,49.73,-11.194999999999993,-38.393,96,2.338,4
30730,1,1.196,0.648,21.99000000000001,83.00999999999999,83.01,49.62299999999999,71.613,96,2.338,5
14530,1,1.421,0.829,0.8480000000000132,80.89100000000002,80.891,10.863,11.711000000000013,96,2.338,6
13240,1,1.432,1.03,17.802999999999997,38.235000000000014,38.235,-48.714,-30.911,96,2.338,7
28822,1,3.041,1.125,-28.87299999999999,111.887,111.887,78.476,49.60300000000001,96,2.338,8
19103,1,1.443,0.627,-30.85900000000001,65.207,65.207,10.764999999999986,-20.093999999999994,96,2.338,9
42958,1,2.327,1.054,6.837999999999994,65.833,65.833,-8.364000000000004,-1.5260000000000105,96,2.338,10
29049,1,0.773,1.024,33.06999999999999,59.21000000000001,59.21,1.1699999999999875,34.24000000000001,96,2.338,11
8857,1,1.691,0.829,37.647999999999996,73.499,73.499,-6.997000000000014,30.65100000000001,96,2.338,12
23442,1,1.205,1.064,38.15100000000001,22.414999999999992,22.415,-58.863,-20.71199999999999,96,2.338,13
24700,1,1.262,1.403,-30.060000000000002,40.54599999999999,40.546,-11.418000000000006,-41.47800000000001,96,2.338,14
11139,1,0.957,1.177,51.655,18.406000000000006,18.406,-69.876,-18.221000000000004,96,2.338,15
20634,1,0.855,1.142,-21.209000000000003,58.591999999999985,58.592,-11.908999999999992,-33.117999999999995,96,2.338,16
23013,1,0.981,1.316,3.955999999999989,21.650000000000006,21.65,-39.221000000000004,-35.264999999999986,96,2.338,17
29568,1,1.271,1.494,-31.182999999999993,42.43299999999999,42.433,-4.469999999999999,-35.65299999999999,96,2.338,18
34195,1,1.957,0.984,37.179,60.69800000000001,60.698,-5.555000000000007,31.623999999999995,96,2.338,19
38488,1,1.359,0.9,-12.00200000000001,74.119,74.119,-14.546999999999997,-26.549000000000007,96,2.338,20
10236,1,1.24,0.998,33.083,65.798,65.798,-29.271000000000015,3.812000000000012,97,2.343,1
30499,1,1.083,0.791,38.595,72.804,72.804,36.75399999999999,75.34899999999999,97,2.343,2
47060,1,1.566,1.326,-21.16900000000001,46.98599999999999,46.986,-17.074000000000012,-38.242999999999995,97,2.343,3
26392,1,1.293,0.969,9.658999999999992,29.155,29.155,-36.13300000000001,-26.47399999999999,97,2.343,4
50558,1,1.318,1.331,2.164999999999992,41.821,41.821,-18.24199999999999,-16.076999999999998,97,2.343,5
10380,1,1.402,0.93,-4.63900000000001,89.358,89.358,16.284999999999997,11.646000000000015,97,2.343,6
47337,1,1.13,0.96,0.8739999999999952,30.251000000000005,30.251,-54.84,-53.96600000000001,97,2.343,7
30554,1,0.885,0.594,24.025000000000006,105.43200000000002,105.432,52.99000000000001,77.01499999999999,97,2.343,8
9684,1,1.049,0.83,2.7439999999999998,62.531000000000006,62.531,-35.138000000000005,-32.394000000000005,97,2.343,9
328,1,2.208,0.779,37.93700000000001,65.666,65.666,36.78999999999999,74.727,97,2.343,10
28611,1,1.647,1.293,-18.65700000000001,35.432000000000016,35.432,-13.192000000000007,-31.84899999999999,97,2.343,11
33858,1,0.759,1.408,-26.615999999999985,43.93000000000001,43.93,-14.176999999999992,-40.793000000000006,97,2.343,12
29568,1,1.271,1.494,-31.182999999999993,42.43299999999999,42.433,-4.469999999999999,-35.65299999999999,97,2.343,13
19103,1,1.443,0.627,-30.85900000000001,65.207,65.207,10.764999999999986,-20.093999999999994,97,2.343,14
1483,1,3.265,1.014,-39.091999999999985,97.69100000000003,97.691,55.033000000000015,15.941000000000003,97,2.343,15
26758,1,2.785,0.887,-9.611999999999995,128.19799999999998,128.198,89.37200000000001,79.75999999999999,97,2.343,16
30293,1,1.28,0.818,-42.56,63.572,63.572,5.437999999999988,-37.122000000000014,97,2.343,17
22713,1,1.184,1.196,-35.76400000000001,33.846000000000004,33.846,-9.593999999999994,-45.358000000000004,97,2.343,18
8880,1,1.405,0.81,47.97800000000001,73.50799999999998,73.508,1.1270000000000095,49.10499999999999,97,2.343,19
38488,1,1.359,0.9,-12.00200000000001,74.119,74.119,-14.546999999999997,-26.549000000000007,97,2.343,20
10418,1,1.986,0.796,2.4329999999999927,93.99799999999999,93.998,45.028999999999996,47.46199999999999,98,2.346,1
26355,1,2.821,0.868,-24.377999999999986,131.60900000000004,131.609,83.89100000000002,59.513000000000005,98,2.346,2
14530,1,1.421,0.829,0.8480000000000132,80.89100000000002,80.891,10.863,11.711000000000013,98,2.346,3
22308,1,1.283,0.785,10.75200000000001,76.58600000000001,76.586,-21.201999999999998,-10.449999999999989,98,2.346,4
39710,1,1.447,0.872,-49.622000000000014,87.161,87.161,21.352000000000004,-28.27000000000001,98,2.346,5
50757,1,1.734,1.428,-1.0720000000000027,40.264999999999986,40.265,-0.17099999999999227,-1.242999999999995,98,2.346,6
17654,1,1.256,1.306,28.793000000000006,21.942000000000007,21.942,-42.27199999999999,-13.478999999999985,98,2.346,7
30730,1,1.196,0.648,21.99000000000001,83.00999999999999,83.01,49.62299999999999,71.613,98,2.346,8
23423,1,1.38,1.441,-30.230999999999995,41.709,41.709,-13.057999999999993,-43.28899999999999,98,2.346,9
26392,1,1.293,0.969,9.658999999999992,29.155,29.155,-36.13300000000001,-26.47399999999999,98,2.346,10
49164,1,1.507,0.966,-9.800000000000011,37.372000000000014,37.372,-24.458,-34.25800000000001,98,2.346,11
49150,1,1.123,1.556,-31.627999999999986,54.478999999999985,54.479,-9.098000000000013,-40.726,98,2.346,12
22713,1,1.184,1.196,-35.76400000000001,33.846000000000004,33.846,-9.593999999999994,-45.358000000000004,98,2.346,13
35373,1,1.399,0.893,-33.956999999999994,70.755,70.755,-10.151999999999987,-44.10900000000001,98,2.346,14
19103,1,1.443,0.627,-30.85900000000001,65.207,65.207,10.764999999999986,-20.093999999999994,98,2.346,15
30904,1,1.609,0.84,24.01599999999999,37.766999999999996,37.767,-42.545000000000016,-18.528999999999996,98,2.346,16
12208,1,1.011,1.106,87.88800000000003,13.175999999999988,13.176,-71.749,16.13900000000001,98,2.346,17
22306,1,1.056,0.918,8.560000000000002,76.76499999999999,76.765,-23.814999999999998,-15.254999999999995,98,2.346,18
30498,1,1.032,0.826,40.93799999999999,76.33699999999999,76.337,40.28999999999999,81.22800000000001,98,2.346,19
1211,1,1.847,0.854,45.997000000000014,69.05700000000002,69.057,-9.385999999999996,36.61099999999999,98,2.346,20
8303,1,1.17,0.995,2.265999999999991,75.072,75.072,-6.848000000000013,-4.581999999999994,99,2.369,1
48643,1,1.193,1.408,-24.83699999999999,47.09899999999999,47.099,-13.647999999999996,-38.485000000000014,99,2.369,2
30213,1,1.459,1.616,-12.050999999999988,35.05099999999999,35.051,-33.08600000000001,-45.137,99,2.369,3
30292,1,1.002,0.844,-34.34300000000002,67.559,67.559,1.2719999999999914,-33.071,99,2.369,4
1483,1,3.265,1.014,-39.091999999999985,97.69100000000003,97.691,55.033000000000015,15.941000000000003,99,2.369,5
1198,1,1.911,0.759,39.275000000000006,72.10399999999998,72.104,18.497000000000014,57.77199999999999,99,2.369,6
19842,1,1.13,1.473,-37.65199999999999,38.46100000000001,38.461,-2.4809999999999945,-40.13300000000001,99,2.369,7
14942,1,2.307,1.231,-24.47,91.09199999999998,91.092,33.94400000000002,9.47399999999999,99,2.369,8
37372,1,1.037,1.62,19.962999999999994,22.181999999999988,22.182,-36.501000000000005,-16.53800000000001,99,2.369,9
50725,1,1.443,1.308,-13.686000000000007,44.91399999999999,44.914,0.45400000000000773,-13.232,99,2.369,10
30762,1,1.08,0.818,26.436000000000007,76.14800000000002,76.148,39.25200000000001,65.68799999999999,99,2.369,11
16987,1,1.293,0.756,0.3509999999999991,59.952,59.952,-22.50399999999999,-22.15299999999999,99,2.369,12
42783,1,1.13,1.098,20.194999999999993,35.643,35.643,-34.55500000000001,-14.360000000000014,99,2.369,13
22968,1,1.279,1.328,-33.05500000000001,28.858000000000004,28.858,-2.0689999999999884,-35.123999999999995,99,2.369,14
14846,1,1.793,0.674,-39.42099999999999,102.233,102.233,27.025000000000006,-12.396000000000015,99,2.369,15
17050,1,1.469,1.047,29.625,81.90300000000002,81.903,-30.456999999999994,-0.8319999999999936,99,2.369,16
14385,1,2.197,0.798,11.320999999999998,61.67099999999999,61.671,3.6200000000000045,14.941000000000003,99,2.369,17
15343,1,0.673,1.107,16.637,69.30099999999999,69.301,-29.562000000000012,-12.925000000000011,99,2.369,18
19103,1,1.443,0.627,-30.85900000000001,65.207,65.207,10.764999999999986,-20.093999999999994,99,2.369,19
1130,1,1.105,0.913,18.605999999999995,24.02199999999999,24.022,-37.623999999999995,-19.018,99,2.369,20
14012,1,1.506,0.661,36.71100000000001,53.139999999999986,53.14,-72.434,-35.72300000000001,100,2.38,1
19103,1,1.443,0.627,-30.85900000000001,65.207,65.207,10.764999999999986,-20.093999999999994,100,2.38,2
1209,1,1.952,0.905,48.34700000000001,69.82400000000001,69.824,-7.50800000000001,40.839,100,2.38,3
47154,1,0.819,1.107,36.67699999999999,33.617999999999995,33.618,-88.304,-51.62700000000001,100,2.38,4
11152,1,1.141,0.782,-16.421999999999997,39.369,39.369,-7.283999999999992,-23.70599999999999,100,2.38,5
10068,1,3.354,0.584,32.230999999999995,120.695,120.695,135.20500000000004,167.43600000000004,100,2.38,6
46438,1,1.252,1.518,-27.34299999999999,31.377999999999986,31.378,-9.411000000000001,-36.75399999999999,100,2.38,7
17234,1,1.282,1.106,-5.052999999999997,74.57900000000001,74.579,-2.3760000000000048,-7.429000000000002,100,2.38,8
48643,1,1.193,1.408,-24.83699999999999,47.09899999999999,47.099,-13.647999999999996,-38.485000000000014,100,2.38,9
39710,1,1.447,0.872,-49.622000000000014,87.161,87.161,21.352000000000004,-28.27000000000001,100,2.38,10
14942,1,2.307,1.231,-24.47,91.09199999999998,91.092,33.94400000000002,9.47399999999999,100,2.38,11
23442,1,1.205,1.064,38.15100000000001,22.414999999999992,22.415,-58.863,-20.71199999999999,100,2.38,12
836,1,1.414,0.997,20.68100000000001,79.03399999999999,79.034,-23.62700000000001,-2.945999999999998,100,2.38,13
26392,1,1.293,0.969,9.658999999999992,29.155,29.155,-36.13300000000001,-26.47399999999999,100,2.38,14
15204,1,1.132,1.226,-20.443000000000012,33.452,33.452,2.5260000000000105,-17.917,100,2.38,15
49384,1,1.342,1.569,-13.109000000000009,57.507000000000005,57.507,5.724999999999994,-7.3840000000000146,100,2.38,16
42783,1,1.13,1.098,20.194999999999993,35.643,35.643,-34.55500000000001,-14.360000000000014,100,2.38,17
30730,1,1.196,0.648,21.99000000000001,83.00999999999999,83.01,49.62299999999999,71.613,100,2.38,18
7,1,1.433,1.393,47.44200000000001,46.99600000000001,46.996,-18.361999999999995,29.079999999999984,100,2.38,19
14832,1,1.879,0.816,-36.709,93.31600000000003,93.316,21.715000000000003,-14.994,100,2.38,20
