frame,ok,h1_rmsd,h2_rmsd,alpha,beta,abs_beta,gamma,zeta_alpha_plus_gamma,replicate,sas_rdc_rmsd,selection_rank
5618,1,0.979,0.889,-37.489000000000004,105.40899999999999,105.409,-2.4410000000000025,-39.93000000000001,1,7.046,1
41247,1,0.475,0.457,-37.09,31.498999999999995,31.499,12.430000000000007,-24.659999999999997,1,7.046,2
14530,1,0.597,0.624,-31.87100000000001,50.81299999999999,50.813,9.025000000000006,-22.846000000000004,1,7.046,3
36726,1,0.619,0.787,-44.545000000000016,28.712999999999994,28.713,45.166,0.6209999999999809,1,7.046,4
15723,1,0.388,0.591,-32.66499999999999,18.224999999999994,18.225,12.705000000000013,-19.960000000000008,1,7.046,5
41764,1,0.401,0.634,-51.992999999999995,47.24000000000001,47.24,28.860000000000014,-23.13300000000001,1,7.046,6
23236,1,0.531,0.529,-34.12700000000001,46.89500000000001,46.895,25.65299999999999,-8.47399999999999,1,7.046,7
1952,1,0.713,0.676,-28.206999999999994,24.382000000000005,24.382,25.74600000000001,-2.4610000000000127,1,7.046,8
42922,1,1.452,0.833,-44.953,94.05200000000002,94.052,42.68299999999999,-2.2700000000000102,1,7.046,9
16305,1,0.829,0.609,-60.111999999999995,27.257000000000005,27.257,52.33500000000001,-7.776999999999987,1,7.046,10
22813,1,0.698,0.817,-41.46199999999999,24.990999999999985,24.991,19.601,-21.86099999999999,1,7.046,11
19258,1,0.766,0.544,-44.60300000000001,37.363,37.363,39.52699999999999,-5.075999999999993,1,7.046,12
12467,1,0.615,0.704,-26.602000000000004,15.396000000000015,15.396,16.72200000000001,-9.879999999999995,1,7.046,13
17668,1,0.617,0.536,-45.63900000000001,57.36699999999999,57.367,21.591000000000008,-24.048000000000002,1,7.046,14
21822,1,0.641,0.621,-15.396000000000015,19.15700000000001,19.157,-3.4850000000000136,-18.881,1,7.046,15
30332,1,0.732,0.739,-20.788999999999987,23.432999999999993,23.433,10.84299999999999,-9.945999999999998,1,7.046,16
24528,1,0.568,0.649,-46.488,27.860000000000014,27.86,18.566000000000003,-27.921999999999997,1,7.046,17
38449,1,0.537,0.695,-56.238,26.099999999999994,26.1,32.31200000000001,-23.925999999999988,1,7.046,18
10508,1,0.793,0.668,-42.89099999999999,26.641999999999996,26.642,37.54399999999998,-5.347000000000008,1,7.046,19
32015,1,0.533,0.558,-27.84899999999999,51.327,51.327,-2.2179999999999893,-30.067000000000007,1,7.046,20
17668,1,0.617,0.536,-45.63900000000001,57.36699999999999,57.367,21.591000000000008,-24.048000000000002,2,7.046,1
41764,1,0.401,0.634,-51.992999999999995,47.24000000000001,47.24,28.860000000000014,-23.13300000000001,2,7.046,2
22813,1,0.698,0.817,-41.46199999999999,24.990999999999985,24.991,19.601,-21.86099999999999,2,7.046,3
12467,1,0.615,0.704,-26.602000000000004,15.396000000000015,15.396,16.72200000000001,-9.879999999999995,2,7.046,4
41247,1,0.475,0.457,-37.09,31.498999999999995,31.499,12.430000000000007,-24.659999999999997,2,7.046,5
36726,1,0.619,0.787,-44.545000000000016,28.712999999999994,28.713,45.166,0.6209999999999809,2,7.046,6
5618,1,0.979,0.889,-37.489000000000004,105.40899999999999,105.409,-2.4410000000000025,-39.93000000000001,2,7.046,7
38449,1,0.537,0.695,-56.238,26.099999999999994,26.1,32.31200000000001,-23.925999999999988,2,7.046,8
15723,1,0.388,0.591,-32.66499999999999,18.224999999999994,18.225,12.705000000000013,-19.960000000000008,2,7.046,9
30332,1,0.732,0.739,-20.788999999999987,23.432999999999993,23.433,10.84299999999999,-9.945999999999998,2,7.046,10
23236,1,0.531,0.529,-34.12700000000001,46.89500000000001,46.895,25.65299999999999,-8.47399999999999,2,7.046,11
42922,1,1.452,0.833,-44.953,94.05200000000002,94.052,42.68299999999999,-2.2700000000000102,2,7.046,12
21822,1,0.641,0.621,-15.396000000000015,19.15700000000001,19.157,-3.4850000000000136,-18.881,2,7.046,13
24528,1,0.568,0.649,-46.488,27.860000000000014,27.86,18.566000000000003,-27.921999999999997,2,7.046,14
14530,1,0.597,0.624,-31.87100000000001,50.81299999999999,50.813,9.025000000000006,-22.846000000000004,2,7.046,15
32015,1,0.533,0.558,-27.84899999999999,51.327,51.327,-2.2179999999999893,-30.067000000000007,2,7.046,16
16305,1,0.829,0.609,-60.111999999999995,27.257000000000005,27.257,52.33500000000001,-7.776999999999987,2,7.046,17
10508,1,0.793,0.668,-42.89099999999999,26.641999999999996,26.642,37.54399999999998,-5.347000000000008,2,7.046,18
1952,1,0.713,0.676,-28.206999999999994,24.382000000000005,24.382,25.74600000000001,-2.4610000000000127,2,7.046,19
19258,1,0.766,0.544,-44.60300000000001,37.363,37.363,39.52699999999999,-5.075999999999993,2,7.046,20
36726,1,0.619,0.787,-44.545000000000016,28.712999999999994,28.713,45.166,0.6209999999999809,3,7.046,1
38449,1,0.537,0.695,-56.238,26.099999999999994,26.1,32.31200000000001,-23.925999999999988,3,7.046,2
22813,1,0.698,0.817,-41.46199999999999,24.990999999999985,24.991,19.601,-21.86099999999999,3,7.046,3
15723,1,0.388,0.591,-32.66499999999999,18.224999999999994,18.225,12.705000000000013,-19.960000000000008,3,7.046,4
30332,1,0.732,0.739,-20.788999999999987,23.432999999999993,23.433,10.84299999999999,-9.945999999999998,3,7.046,5
17668,1,0.617,0.536,-45.63900000000001,57.36699999999999,57.367,21.591000000000008,-24.048000000000002,3,7.046,6
1952,1,0.713,0.676,-28.206999999999994,24.382000000000005,24.382,25.74600000000001,-2.4610000000000127,3,7.046,7
24528,1,0.568,0.649,-46.488,27.860000000000014,27.86,18.566000000000003,-27.921999999999997,3,7.046,8
32015,1,0.533,0.558,-27.84899999999999,51.327,51.327,-2.2179999999999893,-30.067000000000007,3,7.046,9
16305,1,0.829,0.609,-60.111999999999995,27.257000000000005,27.257,52.33500000000001,-7.776999999999987,3,7.046,10
19258,1,0.766,0.544,-44.60300000000001,37.363,37.363,39.52699999999999,-5.075999999999993,3,7.046,11
14530,1,0.597,0.624,-31.87100000000001,50.81299999999999,50.813,9.025000000000006,-22.846000000000004,3,7.046,12
21822,1,0.641,0.621,-15.396000000000015,19.15700000000001,19.157,-3.4850000000000136,-18.881,3,7.046,13
12467,1,0.615,0.704,-26.602000000000004,15.396000000000015,15.396,16.72200000000001,-9.879999999999995,3,7.046,14
41764,1,0.401,0.634,-51.992999999999995,47.24000000000001,47.24,28.860000000000014,-23.13300000000001,3,7.046,15
10508,1,0.793,0.668,-42.89099999999999,26.641999999999996,26.642,37.54399999999998,-5.347000000000008,3,7.046,16
41247,1,0.475,0.457,-37.09,31.498999999999995,31.499,12.430000000000007,-24.659999999999997,3,7.046,17
5618,1,0.979,0.889,-37.489000000000004,105.40899999999999,105.409,-2.4410000000000025,-39.93000000000001,3,7.046,18
23236,1,0.531,0.529,-34.12700000000001,46.89500000000001,46.895,25.65299999999999,-8.47399999999999,3,7.046,19
42922,1,1.452,0.833,-44.953,94.05200000000002,94.052,42.68299999999999,-2.2700000000000102,3,7.046,20
17668,1,0.617,0.536,-45.63900000000001,57.36699999999999,57.367,21.591000000000008,-24.048000000000002,4,7.046,1
14530,1,0.597,0.624,-31.87100000000001,50.81299999999999,50.813,9.025000000000006,-22.846000000000004,4,7.046,2
22813,1,0.698,0.817,-41.46199999999999,24.990999999999985,24.991,19.601,-21.86099999999999,4,7.046,3
19258,1,0.766,0.544,-44.60300000000001,37.363,37.363,39.52699999999999,-5.075999999999993,4,7.046,4
21822,1,0.641,0.621,-15.396000000000015,19.15700000000001,19.157,-3.4850000000000136,-18.881,4,7.046,5
1952,1,0.713,0.676,-28.206999999999994,24.382000000000005,24.382,25.74600000000001,-2.4610000000000127,4,7.046,6
42922,1,1.452,0.833,-44.953,94.05200000000002,94.052,42.68299999999999,-2.2700000000000102,4,7.046,7
5618,1,0.979,0.889,-37.489000000000004,105.40899999999999,105.409,-2.4410000000000025,-39.93000000000001,4,7.046,8
30332,1,0.732,0.739,-20.788999999999987,23.432999999999993,23.433,10.84299999999999,-9.945999999999998,4,7.046,9
41247,1,0.475,0.457,-37.09,31.498999999999995,31.499,12.430000000000007,-24.659999999999997,4,7.046,10
41764,1,0.401,0.634,-51.992999999999995,47.24000000000001,47.24,28.860000000000014,-23.13300000000001,4,7.046,11
10508,1,0.793,0.668,-42.89099999999999,26.641999999999996,26.642,37.54399999999998,-5.347000000000008,4,7.046,12
24528,1,0.568,0.649,-46.488,27.860000000000014,27.86,18.566000000000003,-27.921999999999997,4,7.046,13
16305,1,0.829,0.609,-60.111999999999995,27.257000000000005,27.257,52.33500000000001,-7.776999999999987,4,7.046,14
15723,1,0.388,0.591,-32.66499999999999,18.224999999999994,18.225,12.705000000000013,-19.960000000000008,4,7.046,15
23236,1,0.531,0.529,-34.12700000000001,46.89500000000001,46.895,25.65299999999999,-8.47399999999999,4,7.046,16
36726,1,0.619,0.787,-44.545000000000016,28.712999999999994,28.713,45.166,0.6209999999999809,4,7.046,17
12467,1,0.615,0.704,-26.602000000000004,15.396000000000015,15.396,16.72200000000001,-9.879999999999995,4,7.046,18
32015,1,0.533,0.558,-27.84899999999999,51.327,51.327,-2.2179999999999893,-30.067000000000007,4,7.046,19
38449,1,0.537,0.695,-56.238,26.099999999999994,26.1,32.31200000000001,-23.925999999999988,4,7.046,20
23236,1,0.531,0.529,-34.12700000000001,46.89500000000001,46.895,25.65299999999999,-8.47399999999999,5,7.046,1
15723,1,0.388,0.591,-32.66499999999999,18.224999999999994,18.225,12.705000000000013,-19.960000000000008,5,7.046,2
32015,1,0.533,0.558,-27.84899999999999,51.327,51.327,-2.2179999999999893,-30.067000000000007,5,7.046,3
5618,1,0.979,0.889,-37.489000000000004,105.40899999999999,105.409,-2.4410000000000025,-39.93000000000001,5,7.046,4
38449,1,0.537,0.695,-56.238,26.099999999999994,26.1,32.31200000000001,-23.925999999999988,5,7.046,5
10508,1,0.793,0.668,-42.89099999999999,26.641999999999996,26.642,37.54399999999998,-5.347000000000008,5,7.046,6
12467,1,0.615,0.704,-26.602000000000004,15.396000000000015,15.396,16.72200000000001,-9.879999999999995,5,7.046,7
21822,1,0.641,0.621,-15.396000000000015,19.15700000000001,19.157,-3.4850000000000136,-18.881,5,7.046,8
1952,1,0.713,0.676,-28.206999999999994,24.382000000000005,24.382,25.74600000000001,-2.4610000000000127,5,7.046,9
14530,1,0.597,0.624,-31.87100000000001,50.81299999999999,50.813,9.025000000000006,-22.846000000000004,5,7.046,10
30332,1,0.732,0.739,-20.788999999999987,23.432999999999993,23.433,10.84299999999999,-9.945999999999998,5,7.046,11
17668,1,0.617,0.536,-45.63900000000001,57.36699999999999,57.367,21.591000000000008,-24.048000000000002,5,7.046,12
41247,1,0.475,0.457,-37.09,31.498999999999995,31.499,12.430000000000007,-24.659999999999997,5,7.046,13
16305,1,0.829,0.609,-60.111999999999995,27.257000000000005,27.257,52.33500000000001,-7.776999999999987,5,7.046,14
41764,1,0.401,0.634,-51.992999999999995,47.24000000000001,47.24,28.860000000000014,-23.13300000000001,5,7.046,15
24528,1,0.568,0.649,-46.488,27.860000000000014,27.86,18.566000000000003,-27.921999999999997,5,7.046,16
42922,1,1.452,0.833,-44.953,94.05200000000002,94.052,42.68299999999999,-2.2700000000000102,5,7.046,17
19258,1,0.766,0.544,-44.60300000000001,37.363,37.363,39.52699999999999,-5.075999999999993,5,7.046,18
36726,1,0.619,0.787,-44.545000000000016,28.712999999999994,28.713,45.166,0.6209999999999809,5,7.046,19
22813,1,0.698,0.817,-41.46199999999999,24.990999999999985,24.991,19.601,-21.86099999999999,5,7.046,20
41247,1,0.475,0.457,-37.09,31.498999999999995,31.499,12.430000000000007,-24.659999999999997,6,7.046,1
38449,1,0.537,0.695,-56.238,26.099999999999994,26.1,32.31200000000001,-23.925999999999988,6,7.046,2
22813,1,0.698,0.817,-41.46199999999999,24.990999999999985,24.991,19.601,-21.86099999999999,6,7.046,3
21822,1,0.641,0.621,-15.396000000000015,19.15700000000001,19.157,-3.4850000000000136,-18.881,6,7.046,4
23236,1,0.531,0.529,-34.12700000000001,46.89500000000001,46.895,25.65299999999999,-8.47399999999999,6,7.046,5
24528,1,0.568,0.649,-46.488,27.860000000000014,27.86,18.566000000000003,-27.921999999999997,6,7.046,6
5618,1,0.979,0.889,-37.489000000000004,105.40899999999999,105.409,-2.4410000000000025,-39.93000000000001,6,7.046,7
17668,1,0.617,0.536,-45.63900000000001,57.36699999999999,57.367,21.591000000000008,-24.048000000000002,6,7.046,8
32015,1,0.533,0.558,-27.84899999999999,51.327,51.327,-2.2179999999999893,-30.067000000000007,6,7.046,9
15723,1,0.388,0.591,-32.66499999999999,18.224999999999994,18.225,12.705000000000013,-19.960000000000008,6,7.046,10
41764,1,0.401,0.634,-51.992999999999995,47.24000000000001,47.24,28.860000000000014,-23.13300000000001,6,7.046,11
10508,1,0.793,0.668,-42.89099999999999,26.641999999999996,26.642,37.54399999999998,-5.347000000000008,6,7.046,12
16305,1,0.829,0.609,-60.111999999999995,27.257000000000005,27.257,52.33500000000001,-7.776999999999987,6,7.046,13
36726,1,0.619,0.787,-44.545000000000016,28.712999999999994,28.713,45.166,0.6209999999999809,6,7.046,14
14530,1,0.597,0.624,-31.87100000000001,50.81299999999999,50.813,9.025000000000006,-22.846000000000004,6,7.046,15
1952,1,0.713,0.676,-28.206999999999994,24.382000000000005,24.382,25.74600000000001,-2.4610000000000127,6,7.046,16
30332,1,0.732,0.739,-20.788999999999987,23.432999999999993,23.433,10.84299999999999,-9.945999999999998,6,7.046,17
42922,1,1.452,0.833,-44.953,94.05200000000002,94.052,42.68299999999999,-2.2700000000000102,6,7.046,18
19258,1,0.766,0.544,-44.60300000000001,37.363,37.363,39.52699999999999,-5.075999999999993,6,7.046,19
12467,1,0.615,0.704,-26.602000000000004,15.396000000000015,15.396,16.72200000000001,-9.879999999999995,6,7.046,20
16305,1,0.829,0.609,-60.111999999999995,27.257000000000005,27.257,52.33500000000001,-7.776999999999987,7,7.046,1
17668,1,0.617,0.536,-45.63900000000001,57.36699999999999,57.367,21.591000000000008,-24.048000000000002,7,7.046,2
19258,1,0.766,0.544,-44.60300000000001,37.363,37.363,39.52699999999999,-5.075999999999993,7,7.046,3
30332,1,0.732,0.739,-20.788999999999987,23.432999999999993,23.433,10.84299999999999,-9.945999999999998,7,7.046,4
23236,1,0.531,0.529,-34.12700000000001,46.89500000000001,46.895,25.65299999999999,-8.47399999999999,7,7.046,5
24528,1,0.568,0.649,-46.488,27.860000000000014,27.86,18.566000000000003,-27.921999999999997,7,7.046,6
41247,1,0.475,0.457,-37.09,31.498999999999995,31.499,12.430000000000007,-24.659999999999997,7,7.046,7
14530,1,0.597,0.624,-31.87100000000001,50.81299999999999,50.813,9.025000000000006,-22.846000000000004,7,7.046,8
21822,1,0.641,0.621,-15.396000000000015,19.15700000000001,19.157,-3.4850000000000136,-18.881,7,7.046,9
22813,1,0.698,0.817,-41.46199999999999,24.990999999999985,24.991,19.601,-21.86099999999999,7,7.046,10
42922,1,1.452,0.833,-44.953,94.05200000000002,94.052,42.68299999999999,-2.2700000000000102,7,7.046,11
5618,1,0.979,0.889,-37.489000000000004,105.40899999999999,105.409,-2.4410000000000025,-39.93000000000001,7,7.046,12
36726,1,0.619,0.787,-44.545000000000016,28.712999999999994,28.713,45.166,0.6209999999999809,7,7.046,13
12467,1,0.615,0.704,-26.602000000000004,15.396000000000015,15.396,16.72200000000001,-9.879999999999995,7,7.046,14
15723,1,0.388,0.591,-32.66499999999999,18.224999999999994,18.225,12.705000000000013,-19.960000000000008,7,7.046,15
41764,1,0.401,0.634,-51.992999999999995,47.24000000000001,47.24,28.860000000000014,-23.13300000000001,7,7.046,16
32015,1,0.533,0.558,-27.84899999999999,51.327,51.327,-2.2179999999999893,-30.067000000000007,7,7.046,17
10508,1,0.793,0.668,-42.89099999999999,26.641999999999996,26.642,37.54399999999998,-5.347000000000008,7,7.046,18
1952,1,0.713,0.676,-28.206999999999994,24.382000000000005,24.382,25.74600000000001,-2.4610000000000127,7,7.046,19
38449,1,0.537,0.695,-56.238,26.099999999999994,26.1,32.31200000000001,-23.925999999999988,7,7.046,20
42922,1,1.452,0.833,-44.953,94.05200000000002,94.052,42.68299999999999,-2.2700000000000102,8,7.046,1
1952,1,0.713,0.676,-28.206999999999994,24.382000000000005,24.382,25.74600000000001,-2.4610000000000127,8,7.046,2
30332,1,0.732,0.739,-20.788999999999987,23.432999999999993,23.433,10.84299999999999,-9.945999999999998,8,7.046,3
19258,1,0.766,0.544,-44.60300000000001,37.363,37.363,39.52699999999999,-5.075999999999993,8,7.046,4
24528,1,0.568,0.649,-46.488,27.860000000000014,27.86,18.566000000000003,-27.921999999999997,8,7.046,5
17668,1,0.617,0.536,-45.63900000000001,57.36699999999999,57.367,21.591000000000008,-24.048000000000002,8,7.046,6
5618,1,0.979,0.889,-37.489000000000004,105.40899999999999,105.409,-2.4410000000000025,-39.93000000000001,8,7.046,7
32015,1,0.533,0.558,-27.84899999999999,51.327,51.327,-2.2179999999999893,-30.067000000000007,8,7.046,8
12467,1,0.615,0.704,-26.602000000000004,15.396000000000015,15.396,16.72200000000001,-9.879999999999995,8,7.046,9
14530,1,0.597,0.624,-31.87100000000001,50.81299999999999,50.813,9.025000000000006,-22.846000000000004,8,7.046,10
10508,1,0.793,0.668,-42.89099999999999,26.641999999999996,26.642,37.54399999999998,-5.347000000000008,8,7.046,11
38449,1,0.537,0.695,-56.238,26.099999999999994,26.1,32.31200000000001,-23.925999999999988,8,7.046,12
21822,1,0.641,0.621,-15.396000000000015,19.15700000000001,19.157,-3.4850000000000136,-18.881,8,7.046,13
36726,1,0.619,0.787,-44.545000000000016,28.712999999999994,28.713,45.166,0.6209999999999809,8,7.046,14
41764,1,0.401,0.634,-51.992999999999995,47.24000000000001,47.24,28.860000000000014,-23.13300000000001,8,7.046,15
23236,1,0.531,0.529,-34.12700000000001,46.89500000000001,46.895,25.65299999999999,-8.47399999999999,8,7.046,16
41247,1,0.475,0.457,-37.09,31.498999999999995,31.499,12.430000000000007,-24.659999999999997,8,7.046,17
16305,1,0.829,0.609,-60.111999999999995,27.257000000000005,27.257,52.33500000000001,-7.776999999999987,8,7.046,18
22813,1,0.698,0.817,-41.46199999999999,24.990999999999985,24.991,19.601,-21.86099999999999,8,7.046,19
15723,1,0.388,0.591,-32.66499999999999,18.224999999999994,18.225,12.705000000000013,-19.960000000000008,8,7.046,20
23236,1,0.531,0.529,-34.12700000000001,46.89500000000001,46.895,25.65299999999999,-8.47399999999999,9,7.046,1
24528,1,0.568,0.649,-46.488,27.860000000000014,27.86,18.566000000000003,-27.921999999999997,9,7.046,2
36726,1,0.619,0.787,-44.545000000000016,28.712999999999994,28.713,45.166,0.6209999999999809,9,7.046,3
14530,1,0.597,0.624,-31.87100000000001,50.81299999999999,50.813,9.025000000000006,-22.846000000000004,9,7.046,4
41247,1,0.475,0.457,-37.09,31.498999999999995,31.499,12.430000000000007,-24.659999999999997,9,7.046,5
15723,1,0.388,0.591,-32.66499999999999,18.224999999999994,18.225,12.705000000000013,-19.960000000000008,9,7.046,6
42922,1,1.452,0.833,-44.953,94.05200000000002,94.052,42.68299999999999,-2.2700000000000102,9,7.046,7
19258,1,0.766,0.544,-44.60300000000001,37.363,37.363,39.52699999999999,-5.075999999999993,9,7.046,8
5618,1,0.979,0.889,-37.489000000000004,105.40899999999999,105.409,-2.4410000000000025,-39.93000000000001,9,7.046,9
30332,1,0.732,0.739,-20.788999999999987,23.432999999999993,23.433,10.84299999999999,-9.945999999999998,9,7.046,10
16305,1,0.829,0.609,-60.111999999999995,27.257000000000005,27.257,52.33500000000001,-7.776999999999987,9,7.046,11
41764,1,0.401,0.634,-51.992999999999995,47.24000000000001,47.24,28.860000000000014,-23.13300000000001,9,7.046,12
12467,1,0.615,0.704,-26.602000000000004,15.396000000000015,15.396,16.72200000000001,-9.879999999999995,9,7.046,13
10508,1,0.793,0.668,-42.89099999999999,26.641999999999996,26.642,37.54399999999998,-5.347000000000008,9,7.046,14
38449,1,0.537,0.695,-56.238,26.099999999999994,26.1,32.31200000000001,-23.925999999999988,9,7.046,15
22813,1,0.698,0.817,-41.46199999999999,24.990999999999985,24.991,19.601,-21.86099999999999,9,7.046,16
32015,1,0.533,0.558,-27.84899999999999,51.327,51.327,-2.2179999999999893,-30.067000000000007,9,7.046,17
21822,1,0.641,0.621,-15.396000000000015,19.15700000000001,19.157,-3.4850000000000136,-18.881,9,7.046,18
17668,1,0.617,0.536,-45.63900000000001,57.36699999999999,57.367,21.591000000000008,-24.048000000000002,9,7.046,19
1952,1,0.713,0.676,-28.206999999999994,24.382000000000005,24.382,25.74600000000001,-2.4610000000000127,9,7.046,20
16305,1,0.829,0.609,-60.111999999999995,27.257000000000005,27.257,52.33500000000001,-7.776999999999987,10,7.046,1
32015,1,0.533,0.558,-27.84899999999999,51.327,51.327,-2.2179999999999893,-30.067000000000007,10,7.046,2
5618,1,0.979,0.889,-37.489000000000004,105.40899999999999,105.409,-2.4410000000000025,-39.93000000000001,10,7.046,3
1952,1,0.713,0.676,-28.206999999999994,24.382000000000005,24.382,25.74600000000001,-2.4610000000000127,10,7.046,4
15723,1,0.388,0.591,-32.66499999999999,18.224999999999994,18.225,12.705000000000013,-19.960000000000008,10,7.046,5
42922,1,1.452,0.833,-44.953,94.05200000000002,94.052,42.68299999999999,-2.2700000000000102,10,7.046,6
19258,1,0.766,0.544,-44.60300000000001,37.363,37.363,39.52699999999999,-5.075999999999993,10,7.046,7
30332,1,0.732,0.739,-20.788999999999987,23.432999999999993,23.433,10.84299999999999,-9.945999999999998,10,7.046,8
12467,1,0.615,0.704,-26.602000000000004,15.396000000000015,15.396,16.72200000000001,-9.879999999999995,10,7.046,9
10508,1,0.793,0.668,-42.89099999999999,26.641999999999996,26.642,37.54399999999998,-5.347000000000008,10,7.046,10
22813,1,0.698,0.817,-41.46199999999999,24.990999999999985,24.991,19.601,-21.86099999999999,10,7.046,11
41764,1,0.401,0.634,-51.992999999999995,47.24000000000001,47.24,28.860000000000014,-23.13300000000001,10,7.046,12
36726,1,0.619,0.787,-44.545000000000016,28.712999999999994,28.713,45.166,0.6209999999999809,10,7.046,13
41247,1,0.475,0.457,-37.09,31.498999999999995,31.499,12.430000000000007,-24.659999999999997,10,7.046,14
21822,1,0.641,0.621,-15.396000000000015,19.15700000000001,19.157,-3.4850000000000136,-18.881,10,7.046,15
38449,1,0.537,0.695,-56.238,26.099999999999994,26.1,32.31200000000001,-23.925999999999988,10,7.046,16
23236,1,0.531,0.529,-34.12700000000001,46.89500000000001,46.895,25.65299999999999,-8.47399999999999,10,7.046,17
17668,1,0.617,0.536,-45.63900000000001,57.36699999999999,57.367,21.591000000000008,-24.048000000000002,10,7.046,18
24528,1,0.568,0.649,-46.488,27.860000000000014,27.86,18.566000000000003,-27.921999999999997,10,7.046,19
14530,1,0.597,0.624,-31.87100000000001,50.81299999999999,50.813,9.025000000000006,-22.846000000000004,10,7.046,20
30332,1,0.732,0.739,-20.788999999999987,23.432999999999993,23.433,10.84299999999999,-9.945999999999998,11,7.046,1
32015,1,0.533,0.558,-27.84899999999999,51.327,51.327,-2.2179999999999893,-30.067000000000007,11,7.046,2
12467,1,0.615,0.704,-26.602000000000004,15.396000000000015,15.396,16.72200000000001,-9.879999999999995,11,7.046,3
36726,1,0.619,0.787,-44.545000000000016,28.712999999999994,28.713,45.166,0.6209999999999809,11,7.046,4
21822,1,0.641,0.621,-15.396000000000015,19.15700000000001,19.157,-3.4850000000000136,-18.881,11,7.046,5
38449,1,0.537,0.695,-56.238,26.099999999999994,26.1,32.31200000000001,-23.925999999999988,11,7.046,6
17668,1,0.617,0.536,-45.63900000000001,57.36699999999999,57.367,21.591000000000008,-24.048000000000002,11,7.046,7
5618,1,0.979,0.889,-37.489000000000004,105.40899999999999,105.409,-2.4410000000000025,-39.93000000000001,11,7.046,8
22813,1,0.698,0.817,-41.46199999999999,24.990999999999985,24.991,19.601,-21.86099999999999,11,7.046,9
42922,1,1.452,0.833,-44.953,94.05200000000002,94.052,42.68299999999999,-2.2700000000000102,11,7.046,10
19258,1,0.766,0.544,-44.60300000000001,37.363,37.363,39.52699999999999,-5.075999999999993,11,7.046,11
10508,1,0.793,0.668,-42.89099999999999,26.641999999999996,26.642,37.54399999999998,-5.347000000000008,11,7.046,12
41247,1,0.475,0.457,-37.09,31.498999999999995,31.499,12.430000000000007,-24.659999999999997,11,7.046,13
14530,1,0.597,0.624,-31.87100000000001,50.81299999999999,50.813,9.025000000000006,-22.846000000000004,11,7.046,14
24528,1,0.568,0.649,-46.488,27.860000000000014,27.86,18.566000000000003,-27.921999999999997,11,7.046,15
1952,1,0.713,0.676,-28.206999999999994,24.382000000000005,24.382,25.74600000000001,-2.4610000000000127,11,7.046,16
15723,1,0.388,0.591,-32.66499999999999,18.224999999999994,18.225,12.705000000000013,-19.960000000000008,11,7.046,17
23236,1,0.531,0.529,-34.12700000000001,46.89500000000001,46.895,25.65299999999999,-8.47399999999999,11,7.046,18
16305,1,0.829,0.609,-60.111999999999995,27.257000000000005,27.257,52.33500000000001,-7.776999999999987,11,7.046,19
41764,1,0.401,0.634,-51.992999999999995,47.24000000000001,47.24,28.860000000000014,-23.13300000000001,11,7.046,20
36726,1,0.619,0.787,-44.545000000000016,28.712999999999994,28.713,45.166,0.6209999999999809,12,7.046,1
23236,1,0.531,0.529,-34.12700000000001,46.89500000000001,46.895,25.65299999999999,-8.47399999999999,12,7.046,2
21822,1,0.641,0.621,-15.396000000000015,19.15700000000001,19.157,-3.4850000000000136,-18.881,12,7.046,3
41764,1,0.401,0.634,-51.992999999999995,47.24000000000001,47.24,28.860000000000014,-23.13300000000001,12,7.046,4
38449,1,0.537,0.695,-56.238,26.099999999999994,26.1,32.31200000000001,-23.925999999999988,12,7.046,5
5618,1,0.979,0.889,-37.489000000000004,105.40899999999999,105.409,-2.4410000000000025,-39.93000000000001,12,7.046,6
12467,1,0.615,0.704,-26.602000000000004,15.396000000000015,15.396,16.72200000000001,-9.879999999999995,12,7.046,7
10508,1,0.793,0.668,-42.89099999999999,26.641999999999996,26.642,37.54399999999998,-5.347000000000008,12,7.046,8
22813,1,0.698,0.817,-41.46199999999999,24.990999999999985,24.991,19.601,-21.86099999999999,12,7.046,9
15723,1,0.388,0.591,-32.66499999999999,18.224999999999994,18.225,12.705000000000013,-19.960000000000008,12,7.046,10
17668,1,0.617,0.536,-45.63900000000001,57.36699999999999,57.367,21.591000000000008,-24.048000000000002,12,7.046,11
19258,1,0.766,0.544,-44.60300000000001,37.363,37.363,39.52699999999999,-5.075999999999993,12,7.046,12
32015,1,0.533,0.558,-27.84899999999999,51.327,51.327,-2.2179999999999893,-30.067000000000007,12,7.046,13
14530,1,0.597,0.624,-31.87100000000001,50.81299999999999,50.813,9.025000000000006,-22.846000000000004,12,7.046,14
24528,1,0.568,0.649,-46.488,27.860000000000014,27.86,18.566000000000003,-27.921999999999997,12,7.046,15
16305,1,0.829,0.609,-60.111999999999995,27.257000000000005,27.257,52.33500000000001,-7.776999999999987,12,7.046,16
41247,1,0.475,0.457,-37.09,31.498999999999995,31.499,12.430000000000007,-24.659999999999997,12,7.046,17
42922,1,1.452,0.833,-44.953,94.05200000000002,94.052,42.68299999999999,-2.2700000000000102,12,7.046,18
1952,1,0.713,0.676,-28.206999999999994,24.382000000000005,24.382,25.74600000000001,-2.4610000000000127,12,7.046,19
30332,1,0.732,0.739,-20.788999999999987,23.432999999999993,23.433,10.84299999999999,-9.945999999999998,12,7.046,20
32015,1,0.533,0.558,-27.84899999999999,51.327,51.327,-2.2179999999999893,-30.067000000000007,13,7.046,1
5618,1,0.979,0.889,-37.489000000000004,105.40899999999999,105.409,-2.4410000000000025,-39.93000000000001,13,7.046,2
15723,1,0.388,0.591,-32.66499999999999,18.224999999999994,18.225,12.705000000000013,-19.960000000000008,13,7.046,3
41247,1,0.475,0.457,-37.09,31.498999999999995,31.499,12.430000000000007,-24.659999999999997,13,7.046,4
30332,1,0.732,0.739,-20.788999999999987,23.432999999999993,23.433,10.84299999999999,-9.945999999999998,13,7.046,5
21822,1,0.641,0.621,-15.396000000000015,19.15700000000001,19.157,-3.4850000000000136,-18.881,13,7.046,6
23236,1,0.531,0.529,-34.12700000000001,46.89500000000001,46.895,25.65299999999999,-8.47399999999999,13,7.046,7
19258,1,0.766,0.544,-44.60300000000001,37.363,37.363,39.52699999999999,-5.075999999999993,13,7.046,8
10508,1,0.793,0.668,-42.89099999999999,26.641999999999996,26.642,37.54399999999998,-5.347000000000008,13,7.046,9
17668,1,0.617,0.536,-45.63900000000001,57.36699999999999,57.367,21.591000000000008,-24.048000000000002,13,7.046,10
42922,1,1.452,0.833,-44.953,94.05200000000002,94.052,42.68299999999999,-2.2700000000000102,13,7.046,11
36726,1,0.619,0.787,-44.545000000000016,28.712999999999994,28.713,45.166,0.6209999999999809,13,7.046,12
14530,1,0.597,0.624,-31.87100000000001,50.81299999999999,50.813,9.025000000000006,-22.846000000000004,13,7.046,13
16305,1,0.829,0.609,-60.111999999999995,27.257000000000005,27.257,52.33500000000001,-7.776999999999987,13,7.046,14
1952,1,0.713,0.676,-28.206999999999994,24.382000000000005,24.382,25.74600000000001,-2.4610000000000127,13,7.046,15
38449,1,0.537,0.695,-56.238,26.099999999999994,26.1,32.31200000000001,-23.925999999999988,13,7.046,16
12467,1,0.615,0.704,-26.602000000000004,15.396000000000015,15.396,16.72200000000001,-9.879999999999995,13,7.046,17
22813,1,0.698,0.817,-41.46199999999999,24.990999999999985,24.991,19.601,-21.86099999999999,13,7.046,18
41764,1,0.401,0.634,-51.992999999999995,47.24000000000001,47.24,28.860000000000014,-23.13300000000001,13,7.046,19
24528,1,0.568,0.649,-46.488,27.860000000000014,27.86,18.566000000000003,-27.921999999999997,13,7.046,20
1952,1,0.713,0.676,-28.206999999999994,24.382000000000005,24.382,25.74600000000001,-2.4610000000000127,14,7.046,1
17668,1,0.617,0.536,-45.63900000000001,57.36699999999999,57.367,21.591000000000008,-24.048000000000002,14,7.046,2
16305,1,0.829,0.609,-60.111999999999995,27.257000000000005,27.257,52.33500000000001,-7.776999999999987,14,7.046,3
19258,1,0.766,0.544,-44.60300000000001,37.363,37.363,39.52699999999999,-5.075999999999993,14,7.046,4
14530,1,0.597,0.624,-31.87100000000001,50.81299999999999,50.813,9.025000000000006,-22.846000000000004,14,7.046,5
24528,1,0.568,0.649,-46.488,27.860000000000014,27.86,18.566000000000003,-27.921999999999997,14,7.046,6
23236,1,0.531,0.529,-34.12700000000001,46.89500000000001,46.895,25.65299999999999,-8.47399999999999,14,7.046,7
12467,1,0.615,0.704,-26.602000000000004,15.396000000000015,15.396,16.72200000000001,-9.879999999999995,14,7.046,8
41247,1,0.475,0.457,-37.09,31.498999999999995,31.499,12.430000000000007,-24.659999999999997,14,7.046,9
32015,1,0.533,0.558,-27.84899999999999,51.327,51.327,-2.2179999999999893,-30.067000000000007,14,7.046,10
15723,1,0.388,0.591,-32.66499999999999,18.224999999999994,18.225,12.705000000000013,-19.960000000000008,14,7.046,11
21822,1,0.641,0.621,-15.396000000000015,19.15700000000001,19.157,-3.4850000000000136,-18.881,14,7.046,12
10508,1,0.793,0.668,-42.89099999999999,26.641999999999996,26.642,37.54399999999998,-5.347000000000008,14,7.046,13
36726,1,0.619,0.787,-44.545000000000016,28.712999999999994,28.713,45.166,0.6209999999999809,14,7.046,14
5618,1,0.979,0.889,-37.489000000000004,105.40899999999999,105.409,-2.4410000000000025,-39.93000000000001,14,7.046,15
41764,1,0.401,0.634,-51.992999999999995,47.24000000000001,47.24,28.860000000000014,-23.13300000000001,14,7.046,16
30332,1,0.732,0.739,-20.788999999999987,23.432999999999993,23.433,10.84299999999999,-9.945999999999998,14,7.046,17
42922,1,1.452,0.833,-44.953,94.05200000000002,94.052,42.68299999999999,-2.2700000000000102,14,7.046,18
22813,1,0.698,0.817,-41.46199999999999,24.990999999999985,24.991,19.601,-21.86099999999999,14,7.046,19
38449,1,0.537,0.695,-56.238,26.099999999999994,26.1,32.31200000000001,-23.925999999999988,14,7.046,20
38449,1,0.537,0.695,-56.238,26.099999999999994,26.1,32.31200000000001,-23.925999999999988,15,7.046,1
16305,1,0.829,0.609,-60.111999999999995,27.257000000000005,27.257,52.33500000000001,-7.776999999999987,15,7.046,2
19258,1,0.766,0.544,-44.60300000000001,37.363,37.363,39.52699999999999,-5.075999999999993,15,7.046,3
30332,1,0.732,0.739,-20.788999999999987,23.432999999999993,23.433,10.84299999999999,-9.945999999999998,15,7.046,4
41247,1,0.475,0.457,-37.09,31.498999999999995,31.499,12.430000000000007,-24.659999999999997,15,7.046,5
5618,1,0.979,0.889,-37.489000000000004,105.40899999999999,105.409,-2.4410000000000025,-39.93000000000001,15,7.046,6
41764,1,0.401,0.634,-51.992999999999995,47.24000000000001,47.24,28.860000000000014,-23.13300000000001,15,7.046,7
21822,1,0.641,0.621,-15.396000000000015,19.15700000000001,19.157,-3.4850000000000136,-18.881,15,7.046,8
24528,1,0.568,0.649,-46.488,27.860000000000014,27.86,18.566000000000003,-27.921999999999997,15,7.046,9
22813,1,0.698,0.817,-41.46199999999999,24.990999999999985,24.991,19.601,-21.86099999999999,15,7.046,10
15723,1,0.388,0.591,-32.66499999999999,18.224999999999994,18.225,12.705000000000013,-19.960000000000008,15,7.046,11
23236,1,0.531,0.529,-34.12700000000001,46.89500000000001,46.895,25.65299999999999,-8.47399999999999,15,7.046,12
12467,1,0.615,0.704,-26.602000000000004,15.396000000000015,15.396,16.72200000000001,-9.879999999999995,15,7.046,13
1952,1,0.713,0.676,-28.206999999999994,24.382000000000005,24.382,25.74600000000001,-2.4610000000000127,15,7.046,14
36726,1,0.619,0.787,-44.545000000000016,28.712999999999994,28.713,45.166,0.6209999999999809,15,7.046,15
32015,1,0.533,0.558,-27.84899999999999,51.327,51.327,-2.2179999999999893,-30.067000000000007,15,7.046,16
42922,1,1.452,0.833,-44.953,94.05200000000002,94.052,42.68299999999999,-2.2700000000000102,15,7.046,17
10508,1,0.793,0.668,-42.89099999999999,26.641999999999996,26.642,37.54399999999998,-5.347000000000008,15,7.046,18
17668,1,0.617,0.536,-45.63900000000001,57.36699999999999,57.367,21.591000000000008,-24.048000000000002,15,7.046,19
14530,1,0.597,0.624,-31.87100000000001,50.81299999999999,50.813,9.025000000000006,-22.846000000000004,15,7.046,20
12467,1,0.615,0.704,-26.602000000000004,15.396000000000015,15.396,16.72200000000001,-9.879999999999995,16,7.046,1
5618,1,0.979,0.889,-37.489000000000004,105.40899999999999,105.409,-2.4410000000000025,-39.93000000000001,16,7.046,2
38449,1,0.537,0.695,-56.238,26.099999999999994,26.1,32.31200000000001,-23.925999999999988,16,7.046,3
21822,1,0.641,0.621,-15.396000000000015,19.15700000000001,19.157,-3.4850000000000136,-18.881,16,7.046,4
24528,1,0.568,0.649,-46.488,27.860000000000014,27.86,18.566000000000003,-27.921999999999997,16,7.046,5
23236,1,0.531,0.529,-34.12700000000001,46.89500000000001,46.895,25.65299999999999,-8.47399999999999,16,7.046,6
36726,1,0.619,0.787,-44.545000000000016,28.712999999999994,28.713,45.166,0.6209999999999809,16,7.046,7
41764,1,0.401,0.634,-51.992999999999995,47.24000000000001,47.24,28.860000000000014,-23.13300000000001,16,7.046,8
16305,1,0.829,0.609,-60.111999999999995,27.257000000000005,27.257,52.33500000000001,-7.776999999999987,16,7.046,9
42922,1,1.452,0.833,-44.953,94.05200000000002,94.052,42.68299999999999,-2.2700000000000102,16,7.046,10
32015,1,0.533,0.558,-27.84899999999999,51.327,51.327,-2.2179999999999893,-30.067000000000007,16,7.046,11
14530,1,0.597,0.624,-31.87100000000001,50.81299999999999,50.813,9.025000000000006,-22.846000000000004,16,7.046,12
10508,1,0.793,0.668,-42.89099999999999,26.641999999999996,26.642,37.54399999999998,-5.347000000000008,16,7.046,13
30332,1,0.732,0.739,-20.788999999999987,23.432999999999993,23.433,10.84299999999999,-9.945999999999998,16,7.046,14
1952,1,0.713,0.676,-28.206999999999994,24.382000000000005,24.382,25.74600000000001,-2.4610000000000127,16,7.046,15
15723,1,0.388,0.591,-32.66499999999999,18.224999999999994,18.225,12.705000000000013,-19.960000000000008,16,7.046,16
22813,1,0.698,0.817,-41.46199999999999,24.990999999999985,24.991,19.601,-21.86099999999999,16,7.046,17
19258,1,0.766,0.544,-44.60300000000001,37.363,37.363,39.52699999999999,-5.075999999999993,16,7.046,18
17668,1,0.617,0.536,-45.63900000000001,57.36699999999999,57.367,21.591000000000008,-24.048000000000002,16,7.046,19
41247,1,0.475,0.457,-37.09,31.498999999999995,31.499,12.430000000000007,-24.659999999999997,16,7.046,20
24528,1,0.568,0.649,-46.488,27.860000000000014,27.86,18.566000000000003,-27.921999999999997,17,7.046,1
36726,1,0.619,0.787,-44.545000000000016,28.712999999999994,28.713,45.166,0.6209999999999809,17,7.046,2
1952,1,0.713,0.676,-28.206999999999994,24.382000000000005,24.382,25.74600000000001,-2.4610000000000127,17,7.046,3
41247,1,0.475,0.457,-37.09,31.498999999999995,31.499,12.430000000000007,-24.659999999999997,17,7.046,4
42922,1,1.452,0.833,-44.953,94.05200000000002,94.052,42.68299999999999,-2.2700000000000102,17,7.046,5
30332,1,0.732,0.739,-20.788999999999987,23.432999999999993,23.433,10.84299999999999,-9.945999999999998,17,7.046,6
14530,1,0.597,0.624,-31.87100000000001,50.81299999999999,50.813,9.025000000000006,-22.846000000000004,17,7.046,7
17668,1,0.617,0.536,-45.63900000000001,57.36699999999999,57.367,21.591000000000008,-24.048000000000002,17,7.046,8
21822,1,0.641,0.621,-15.396000000000015,19.15700000000001,19.157,-3.4850000000000136,-18.881,17,7.046,9
5618,1,0.979,0.889,-37.489000000000004,105.40899999999999,105.409,-2.4410000000000025,-39.93000000000001,17,7.046,10
32015,1,0.533,0.558,-27.84899999999999,51.327,51.327,-2.2179999999999893,-30.067000000000007,17,7.046,11
23236,1,0.531,0.529,-34.12700000000001,46.89500000000001,46.895,25.65299999999999,-8.47399999999999,17,7.046,12
38449,1,0.537,0.695,-56.238,26.099999999999994,26.1,32.31200000000001,-23.925999999999988,17,7.046,13
15723,1,0.388,0.591,-32.66499999999999,18.224999999999994,18.225,12.705000000000013,-19.960000000000008,17,7.046,14
22813,1,0.698,0.817,-41.46199999999999,24.990999999999985,24.991,19.601,-21.86099999999999,17,7.046,15
41764,1,0.401,0.634,-51.992999999999995,47.24000000000001,47.24,28.860000000000014,-23.13300000000001,17,7.046,16
10508,1,0.793,0.668,-42.89099999999999,26.641999999999996,26.642,37.54399999999998,-5.347000000000008,17,7.046,17
16305,1,0.829,0.609,-60.111999999999995,27.257000000000005,27.257,52.33500000000001,-7.776999999999987,17,7.046,18
12467,1,0.615,0.704,-26.602000000000004,15.396000000000015,15.396,16.72200000000001,-9.879999999999995,17,7.046,19
19258,1,0.766,0.544,-44.60300000000001,37.363,37.363,39.52699999999999,-5.075999999999993,17,7.046,20
5618,1,0.979,0.889,-37.489000000000004,105.40899999999999,105.409,-2.4410000000000025,-39.93000000000001,18,7.046,1
16305,1,0.829,0.609,-60.111999999999995,27.257000000000005,27.257,52.33500000000001,-7.776999999999987,18,7.046,2
10508,1,0.793,0.668,-42.89099999999999,26.641999999999996,26.642,37.54399999999998,-5.347000000000008,18,7.046,3
41247,1,0.475,0.457,-37.09,31.498999999999995,31.499,12.430000000000007,-24.659999999999997,18,7.046,4
14530,1,0.597,0.624,-31.87100000000001,50.81299999999999,50.813,9.025000000000006,-22.846000000000004,18,7.046,5
22813,1,0.698,0.817,-41.46199999999999,24.990999999999985,24.991,19.601,-21.86099999999999,18,7.046,6
1952,1,0.713,0.676,-28.206999999999994,24.382000000000005,24.382,25.74600000000001,-2.4610000000000127,18,7.046,7
36726,1,0.619,0.787,-44.545000000000016,28.712999999999994,28.713,45.166,0.6209999999999809,18,7.046,8
41764,1,0.401,0.634,-51.992999999999995,47.24000000000001,47.24,28.860000000000014,-23.13300000000001,18,7.046,9
17668,1,0.617,0.536,-45.63900000000001,57.36699999999999,57.367,21.591000000000008,-24.048000000000002,18,7.046,10
19258,1,0.766,0.544,-44.60300000000001,37.363,37.363,39.52699999999999,-5.075999999999993,18,7.046,11
42922,1,1.452,0.833,-44.953,94.05200000000002,94.052,42.68299999999999,-2.2700000000000102,18,7.046,12
24528,1,0.568,0.649,-46.488,27.860000000000014,27.86,18.566000000000003,-27.921999999999997,18,7.046,13
12467,1,0.615,0.704,-26.602000000000004,15.396000000000015,15.396,16.72200000000001,-9.879999999999995,18,7.046,14
30332,1,0.732,0.739,-20.788999999999987,23.432999999999993,23.433,10.84299999999999,-9.945999999999998,18,7.046,15
32015,1,0.533,0.558,-27.84899999999999,51.327,51.327,-2.2179999999999893,-30.067000000000007,18,7.046,16
15723,1,0.388,0.591,-32.66499999999999,18.224999999999994,18.225,12.705000000000013,-19.960000000000008,18,7.046,17
23236,1,0.531,0.529,-34.12700000000001,46.89500000000001,46.895,25.65299999999999,-8.47399999999999,18,7.046,18
21822,1,0.641,0.621,-15.396000000000015,19.15700000000001,19.157,-3.4850000000000136,-18.881,18,7.046,19
38449,1,0.537,0.695,-56.238,26.099999999999994,26.1,32.31200000000001,-23.925999999999988,18,7.046,20
5618,1,0.979,0.889,-37.489000000000004,105.40899999999999,105.409,-2.4410000000000025,-39.93000000000001,19,7.046,1
19258,1,0.766,0.544,-44.60300000000001,37.363,37.363,39.52699999999999,-5.075999999999993,19,7.046,2
1952,1,0.713,0.676,-28.206999999999994,24.382000000000005,24.382,25.74600000000001,-2.4610000000000127,19,7.046,3
17668,1,0.617,0.536,-45.63900000000001,57.36699999999999,57.367,21.591000000000008,-24.048000000000002,19,7.046,4
41764,1,0.401,0.634,-51.992999999999995,47.24000000000001,47.24,28.860000000000014,-23.13300000000001,19,7.046,5
22813,1,0.698,0.817,-41.46199999999999,24.990999999999985,24.991,19.601,-21.86099999999999,19,7.046,6
23236,1,0.531,0.529,-34.12700000000001,46.89500000000001,46.895,25.65299999999999,-8.47399999999999,19,7.046,7
36726,1,0.619,0.787,-44.545000000000016,28.712999999999994,28.713,45.166,0.6209999999999809,19,7.046,8
41247,1,0.475,0.457,-37.09,31.498999999999995,31.499,12.430000000000007,-24.659999999999997,19,7.046,9
16305,1,0.829,0.609,-60.111999999999995,27.257000000000005,27.257,52.33500000000001,-7.776999999999987,19,7.046,10
42922,1,1.452,0.833,-44.953,94.05200000000002,94.052,42.68299999999999,-2.2700000000000102,19,7.046,11
30332,1,0.732,0.739,-20.788999999999987,23.432999999999993,23.433,10.84299999999999,-9.945999999999998,19,7.046,12
15723,1,0.388,0.591,-32.66499999999999,18.224999999999994,18.225,12.705000000000013,-19.960000000000008,19,7.046,13
32015,1,0.533,0.558,-27.84899999999999,51.327,51.327,-2.2179999999999893,-30.067000000000007,19,7.046,14
24528,1,0.568,0.649,-46.488,27.860000000000014,27.86,18.566000000000003,-27.921999999999997,19,7.046,15
10508,1,0.793,0.668,-42.89099999999999,26.641999999999996,26.642,37.54399999999998,-5.347000000000008,19,7.046,16
14530,1,0.597,0.624,-31.87100000000001,50.81299999999999,50.813,9.025000000000006,-22.846000000000004,19,7.046,17
12467,1,0.615,0.704,-26.602000000000004,15.396000000000015,15.396,16.72200000000001,-9.879999999999995,19,7.046,18
38449,1,0.537,0.695,-56.238,26.099999999999994,26.1,32.31200000000001,-23.925999999999988,19,7.046,19
21822,1,0.641,0.621,-15.396000000000015,19.15700000000001,19.157,-3.4850000000000136,-18.881,19,7.046,20
16305,1,0.829,0.609,-60.111999999999995,27.257000000000005,27.257,52.33500000000001,-7.776999999999987,20,7.046,1
41247,1,0.475,0.457,-37.09,31.498999999999995,31.499,12.430000000000007,-24.659999999999997,20,7.046,2
32015,1,0.533,0.558,-27.84899999999999,51.327,51.327,-2.2179999999999893,-30.067000000000007,20,7.046,3
14530,1,0.597,0.624,-31.87100000000001,50.81299999999999,50.813,9.025000000000006,-22.846000000000004,20,7.046,4
24528,1,0.568,0.649,-46.488,27.860000000000014,27.86,18.566000000000003,-27.921999999999997,20,7.046,5
41764,1,0.401,0.634,-51.992999999999995,47.24000000000001,47.24,28.860000000000014,-23.13300000000001,20,7.046,6
12467,1,0.615,0.704,-26.602000000000004,15.396000000000015,15.396,16.72200000000001,-9.879999999999995,20,7.046,7
42922,1,1.452,0.833,-44.953,94.05200000000002,94.052,42.68299999999999,-2.2700000000000102,20,7.046,8
30332,1,0.732,0.739,-20.788999999999987,23.432999999999993,23.433,10.84299999999999,-9.945999999999998,20,7.046,9
5618,1,0.979,0.889,-37.489000000000004,105.40899999999999,105.409,-2.4410000000000025,-39.93000000000001,20,7.046,10
10508,1,0.793,0.668,-42.89099999999999,26.641999999999996,26.642,37.54399999999998,-5.347000000000008,20,7.046,11
38449,1,0.537,0.695,-56.238,26.099999999999994,26.1,32.31200000000001,-23.925999999999988,20,7.046,12
22813,1,0.698,0.817,-41.46199999999999,24.990999999999985,24.991,19.601,-21.86099999999999,20,7.046,13
1952,1,0.713,0.676,-28.206999999999994,24.382000000000005,24.382,25.74600000000001,-2.4610000000000127,20,7.046,14
36726,1,0.619,0.787,-44.545000000000016,28.712999999999994,28.713,45.166,0.6209999999999809,20,7.046,15
19258,1,0.766,0.544,-44.60300000000001,37.363,37.363,39.52699999999999,-5.075999999999993,20,7.046,16
23236,1,0.531,0.529,-34.12700000000001,46.89500000000001,46.895,25.65299999999999,-8.47399999999999,20,7.046,17
21822,1,0.641,0.621,-15.396000000000015,19.15700000000001,19.157,-3.4850000000000136,-18.881,20,7.046,18
17668,1,0.617,0.536,-45.63900000000001,57.36699999999999,57.367,21.591000000000008,-24.048000000000002,20,7.046,19
15723,1,0.388,0.591,-32.66499999999999,18.224999999999994,18.225,12.705000000000013,-19.960000000000008,20,7.046,20
24528,1,0.568,0.649,-46.488,27.860000000000014,27.86,18.566000000000003,-27.921999999999997,21,7.046,1
12467,1,0.615,0.704,-26.602000000000004,15.396000000000015,15.396,16.72200000000001,-9.879999999999995,21,7.046,2
41764,1,0.401,0.634,-51.992999999999995,47.24000000000001,47.24,28.860000000000014,-23.13300000000001,21,7.046,3
14530,1,0.597,0.624,-31.87100000000001,50.81299999999999,50.813,9.025000000000006,-22.846000000000004,21,7.046,4
38449,1,0.537,0.695,-56.238,26.099999999999994,26.1,32.31200000000001,-23.925999999999988,21,7.046,5
21822,1,0.641,0.621,-15.396000000000015,19.15700000000001,19.157,-3.4850000000000136,-18.881,21,7.046,6
36726,1,0.619,0.787,-44.545000000000016,28.712999999999994,28.713,45.166,0.6209999999999809,21,7.046,7
10508,1,0.793,0.668,-42.89099999999999,26.641999999999996,26.642,37.54399999999998,-5.347000000000008,21,7.046,8
41247,1,0.475,0.457,-37.09,31.498999999999995,31.499,12.430000000000007,-24.659999999999997,21,7.046,9
22813,1,0.698,0.817,-41.46199999999999,24.990999999999985,24.991,19.601,-21.86099999999999,21,7.046,10
5618,1,0.979,0.889,-37.489000000000004,105.40899999999999,105.409,-2.4410000000000025,-39.93000000000001,21,7.046,11
19258,1,0.766,0.544,-44.60300000000001,37.363,37.363,39.52699999999999,-5.075999999999993,21,7.046,12
15723,1,0.388,0.591,-32.66499999999999,18.224999999999994,18.225,12.705000000000013,-19.960000000000008,21,7.046,13
1952,1,0.713,0.676,-28.206999999999994,24.382000000000005,24.382,25.74600000000001,-2.4610000000000127,21,7.046,14
42922,1,1.452,0.833,-44.953,94.05200000000002,94.052,42.68299999999999,-2.2700000000000102,21,7.046,15
17668,1,0.617,0.536,-45.63900000000001,57.36699999999999,57.367,21.591000000000008,-24.048000000000002,21,7.046,16
32015,1,0.533,0.558,-27.84899999999999,51.327,51.327,-2.2179999999999893,-30.067000000000007,21,7.046,17
30332,1,0.732,0.739,-20.788999999999987,23.432999999999993,23.433,10.84299999999999,-9.945999999999998,21,7.046,18
23236,1,0.531,0.529,-34.12700000000001,46.89500000000001,46.895,25.65299999999999,-8.47399999999999,21,7.046,19
16305,1,0.829,0.609,-60.111999999999995,27.257000000000005,27.257,52.33500000000001,-7.776999999999987,21,7.046,20
24528,1,0.568,0.649,-46.488,27.860000000000014,27.86,18.566000000000003,-27.921999999999997,22,7.046,1
16305,1,0.829,0.609,-60.111999999999995,27.257000000000005,27.257,52.33500000000001,-7.776999999999987,22,7.046,2
36726,1,0.619,0.787,-44.545000000000016,28.712999999999994,28.713,45.166,0.6209999999999809,22,7.046,3
42922,1,1.452,0.833,-44.953,94.05200000000002,94.052,42.68299999999999,-2.2700000000000102,22,7.046,4
15723,1,0.388,0.591,-32.66499999999999,18.224999999999994,18.225,12.705000000000013,-19.960000000000008,22,7.046,5
32015,1,0.533,0.558,-27.84899999999999,51.327,51.327,-2.2179999999999893,-30.067000000000007,22,7.046,6
30332,1,0.732,0.739,-20.788999999999987,23.432999999999993,23.433,10.84299999999999,-9.945999999999998,22,7.046,7
12467,1,0.615,0.704,-26.602000000000004,15.396000000000015,15.396,16.72200000000001,-9.879999999999995,22,7.046,8
22813,1,0.698,0.817,-41.46199999999999,24.990999999999985,24.991,19.601,-21.86099999999999,22,7.046,9
1952,1,0.713,0.676,-28.206999999999994,24.382000000000005,24.382,25.74600000000001,-2.4610000000000127,22,7.046,10
21822,1,0.641,0.621,-15.396000000000015,19.15700000000001,19.157,-3.4850000000000136,-18.881,22,7.046,11
23236,1,0.531,0.529,-34.12700000000001,46.89500000000001,46.895,25.65299999999999,-8.47399999999999,22,7.046,12
10508,1,0.793,0.668,-42.89099999999999,26.641999999999996,26.642,37.54399999999998,-5.347000000000008,22,7.046,13
19258,1,0.766,0.544,-44.60300000000001,37.363,37.363,39.52699999999999,-5.075999999999993,22,7.046,14
41247,1,0.475,0.457,-37.09,31.498999999999995,31.499,12.430000000000007,-24.659999999999997,22,7.046,15
14530,1,0.597,0.624,-31.87100000000001,50.81299999999999,50.813,9.025000000000006,-22.846000000000004,22,7.046,16
5618,1,0.979,0.889,-37.489000000000004,105.40899999999999,105.409,-2.4410000000000025,-39.93000000000001,22,7.046,17
41764,1,0.401,0.634,-51.992999999999995,47.24000000000001,47.24,28.860000000000014,-23.13300000000001,22,7.046,18
17668,1,0.617,0.536,-45.63900000000001,57.36699999999999,57.367,21.591000000000008,-24.048000000000002,22,7.046,19
38449,1,0.537,0.695,-56.238,26.099999999999994,26.1,32.31200000000001,-23.925999999999988,22,7.046,20
16305,1,0.829,0.609,-60.111999999999995,27.257000000000005,27.257,52.33500000000001,-7.776999999999987,23,7.046,1
30332,1,0.732,0.739,-20.788999999999987,23.432999999999993,23.433,10.84299999999999,-9.945999999999998,23,7.046,2
23236,1,0.531,0.529,-34.12700000000001,46.89500000000001,46.895,25.65299999999999,-8.47399999999999,23,7.046,3
15723,1,0.388,0.591,-32.66499999999999,18.224999999999994,18.225,12.705000000000013,-19.960000000000008,23,7.046,4
32015,1,0.533,0.558,-27.84899999999999,51.327,51.327,-2.2179999999999893,-30.067000000000007,23,7.046,5
10508,1,0.793,0.668,-42.89099999999999,26.641999999999996,26.642,37.54399999999998,-5.347000000000008,23,7.046,6
17668,1,0.617,0.536,-45.63900000000001,57.36699999999999,57.367,21.591000000000008,-24.048000000000002,23,7.046,7
24528,1,0.568,0.649,-46.488,27.860000000000014,27.86,18.566000000000003,-27.921999999999997,23,7.046,8
19258,1,0.766,0.544,-44.60300000000001,37.363,37.363,39.52699999999999,-5.075999999999993,23,7.046,9
21822,1,0.641,0.621,-15.396000000000015,19.15700000000001,19.157,-3.4850000000000136,-18.881,23,7.046,10
41764,1,0.401,0.634,-51.992999999999995,47.24000000000001,47.24,28.860000000000014,-23.13300000000001,23,7.046,11
38449,1,0.537,0.695,-56.238,26.099999999999994,26.1,32.31200000000001,-23.925999999999988,23,7.046,12
41247,1,0.475,0.457,-37.09,31.498999999999995,31.499,12.430000000000007,-24.659999999999997,23,7.046,13
1952,1,0.713,0.676,-28.206999999999994,24.382000000000005,24.382,25.74600000000001,-2.4610000000000127,23,7.046,14
22813,1,0.698,0.817,-41.46199999999999,24.990999999999985,24.991,19.601,-21.86099999999999,23,7.046,15
5618,1,0.979,0.889,-37.489000000000004,105.40899999999999,105.409,-2.4410000000000025,-39.93000000000001,23,7.046,16
12467,1,0.615,0.704,-26.602000000000004,15.396000000000015,15.396,16.72200000000001,-9.879999999999995,23,7.046,17
36726,1,0.619,0.787,-44.545000000000016,28.712999999999994,28.713,45.166,0.6209999999999809,23,7.046,18
14530,1,0.597,0.624,-31.87100000000001,50.81299999999999,50.813,9.025000000000006,-22.846000000000004,23,7.046,19
42922,1,1.452,0.833,-44.953,94.05200000000002,94.052,42.68299999999999,-2.2700000000000102,23,7.046,20
32015,1,0.533,0.558,-27.84899999999999,51.327,51.327,-2.2179999999999893,-30.067000000000007,24,7.046,1
12467,1,0.615,0.704,-26.602000000000004,15.396000000000015,15.396,16.72200000000001,-9.879999999999995,24,7.046,2
24528,1,0.568,0.649,-46.488,27.860000000000014,27.86,18.566000000000003,-27.921999999999997,24,7.046,3
14530,1,0.597,0.624,-31.87100000000001,50.81299999999999,50.813,9.025000000000006,-22.846000000000004,24,7.046,4
38449,1,0.537,0.695,-56.238,26.099999999999994,26.1,32.31200000000001,-23.925999999999988,24,7.046,5
19258,1,0.766,0.544,-44.60300000000001,37.363,37.363,39.52699999999999,-5.075999999999993,24,7.046,6
30332,1,0.732,0.739,-20.788999999999987,23.432999999999993,23.433,10.84299999999999,-9.945999999999998,24,7.046,7
22813,1,0.698,0.817,-41.46199999999999,24.990999999999985,24.991,19.601,-21.86099999999999,24,7.046,8
41247,1,0.475,0.457,-37.09,31.498999999999995,31.499,12.430000000000007,-24.659999999999997,24,7.046,9
10508,1,0.793,0.668,-42.89099999999999,26.641999999999996,26.642,37.54399999999998,-5.347000000000008,24,7.046,10
41764,1,0.401,0.634,-51.992999999999995,47.24000000000001,47.24,28.860000000000014,-23.13300000000001,24,7.046,11
5618,1,0.979,0.889,-37.489000000000004,105.40899999999999,105.409,-2.4410000000000025,-39.93000000000001,24,7.046,12
15723,1,0.388,0.591,-32.66499999999999,18.224999999999994,18.225,12.705000000000013,-19.960000000000008,24,7.046,13
16305,1,0.829,0.609,-60.111999999999995,27.257000000000005,27.257,52.33500000000001,-7.776999999999987,24,7.046,14
17668,1,0.617,0.536,-45.63900000000001,57.36699999999999,57.367,21.591000000000008,-24.048000000000002,24,7.046,15
36726,1,0.619,0.787,-44.545000000000016,28.712999999999994,28.713,45.166,0.6209999999999809,24,7.046,16
42922,1,1.452,0.833,-44.953,94.05200000000002,94.052,42.68299999999999,-2.2700000000000102,24,7.046,17
1952,1,0.713,0.676,-28.206999999999994,24.382000000000005,24.382,25.74600000000001,-2.4610000000000127,24,7.046,18
21822,1,0.641,0.621,-15.396000000000015,19.15700000000001,19.157,-3.4850000000000136,-18.881,24,7.046,19
23236,1,0.531,0.529,-34.12700000000001,46.89500000000001,46.895,25.65299999999999,-8.47399999999999,24,7.046,20
21822,1,0.641,0.621,-15.396000000000015,19.15700000000001,19.157,-3.4850000000000136,-18.881,25,7.046,1
38449,1,0.537,0.695,-56.238,26.099999999999994,26.1,32.31200000000001,-23.925999999999988,25,7.046,2
19258,1,0.766,0.544,-44.60300000000001,37.363,37.363,39.52699999999999,-5.075999999999993,25,7.046,3
5618,1,0.979,0.889,-37.489000000000004,105.40899999999999,105.409,-2.4410000000000025,-39.93000000000001,25,7.046,4
16305,1,0.829,0.609,-60.111999999999995,27.257000000000005,27.257,52.33500000000001,-7.776999999999987,25,7.046,5
42922,1,1.452,0.833,-44.953,94.05200000000002,94.052,42.68299999999999,-2.2700000000000102,25,7.046,6
15723,1,0.388,0.591,-32.66499999999999,18.224999999999994,18.225,12.705000000000013,-19.960000000000008,25,7.046,7
30332,1,0.732,0.739,-20.788999999999987,23.432999999999993,23.433,10.84299999999999,-9.945999999999998,25,7.046,8
41247,1,0.475,0.457,-37.09,31.498999999999995,31.499,12.430000000000007,-24.659999999999997,25,7.046,9
32015,1,0.533,0.558,-27.84899999999999,51.327,51.327,-2.2179999999999893,-30.067000000000007,25,7.046,10
1952,1,0.713,0.676,-28.206999999999994,24.382000000000005,24.382,25.74600000000001,-2.4610000000000127,25,7.046,11
41764,1,0.401,0.634,-51.992999999999995,47.24000000000001,47.24,28.860000000000014,-23.13300000000001,25,7.046,12
14530,1,0.597,0.624,-31.87100000000001,50.81299999999999,50.813,9.025000000000006,-22.846000000000004,25,7.046,13
12467,1,0.615,0.704,-26.602000000000004,15.396000000000015,15.396,16.72200000000001,-9.879999999999995,25,7.046,14
10508,1,0.793,0.668,-42.89099999999999,26.641999999999996,26.642,37.54399999999998,-5.347000000000008,25,7.046,15
23236,1,0.531,0.529,-34.12700000000001,46.89500000000001,46.895,25.65299999999999,-8.47399999999999,25,7.046,16
22813,1,0.698,0.817,-41.46199999999999,24.990999999999985,24.991,19.601,-21.86099999999999,25,7.046,17
24528,1,0.568,0.649,-46.488,27.860000000000014,27.86,18.566000000000003,-27.921999999999997,25,7.046,18
17668,1,0.617,0.536,-45.63900000000001,57.36699999999999,57.367,21.591000000000008,-24.048000000000002,25,7.046,19
36726,1,0.619,0.787,-44.545000000000016,28.712999999999994,28.713,45.166,0.6209999999999809,25,7.046,20
42922,1,1.452,0.833,-44.953,94.05200000000002,94.052,42.68299999999999,-2.2700000000000102,26,7.046,1
36726,1,0.619,0.787,-44.545000000000016,28.712999999999994,28.713,45.166,0.6209999999999809,26,7.046,2
17668,1,0.617,0.536,-45.63900000000001,57.36699999999999,57.367,21.591000000000008,-24.048000000000002,26,7.046,3
16305,1,0.829,0.609,-60.111999999999995,27.257000000000005,27.257,52.33500000000001,-7.776999999999987,26,7.046,4
24528,1,0.568,0.649,-46.488,27.860000000000014,27.86,18.566000000000003,-27.921999999999997,26,7.046,5
5618,1,0.979,0.889,-37.489000000000004,105.40899999999999,105.409,-2.4410000000000025,-39.93000000000001,26,7.046,6
22813,1,0.698,0.817,-41.46199999999999,24.990999999999985,24.991,19.601,-21.86099999999999,26,7.046,7
1952,1,0.713,0.676,-28.206999999999994,24.382000000000005,24.382,25.74600000000001,-2.4610000000000127,26,7.046,8
10508,1,0.793,0.668,-42.89099999999999,26.641999999999996,26.642,37.54399999999998,-5.347000000000008,26,7.046,9
12467,1,0.615,0.704,-26.602000000000004,15.396000000000015,15.396,16.72200000000001,-9.879999999999995,26,7.046,10
21822,1,0.641,0.621,-15.396000000000015,19.15700000000001,19.157,-3.4850000000000136,-18.881,26,7.046,11
19258,1,0.766,0.544,-44.60300000000001,37.363,37.363,39.52699999999999,-5.075999999999993,26,7.046,12
41764,1,0.401,0.634,-51.992999999999995,47.24000000000001,47.24,28.860000000000014,-23.13300000000001,26,7.046,13
38449,1,0.537,0.695,-56.238,26.099999999999994,26.1,32.31200000000001,-23.925999999999988,26,7.046,14
23236,1,0.531,0.529,-34.12700000000001,46.89500000000001,46.895,25.65299999999999,-8.47399999999999,26,7.046,15
15723,1,0.388,0.591,-32.66499999999999,18.224999999999994,18.225,12.705000000000013,-19.960000000000008,26,7.046,16
30332,1,0.732,0.739,-20.788999999999987,23.432999999999993,23.433,10.84299999999999,-9.945999999999998,26,7.046,17
14530,1,0.597,0.624,-31.87100000000001,50.81299999999999,50.813,9.025000000000006,-22.846000000000004,26,7.046,18
41247,1,0.475,0.457,-37.09,31.498999999999995,31.499,12.430000000000007,-24.659999999999997,26,7.046,19
32015,1,0.533,0.558,-27.84899999999999,51.327,51.327,-2.2179999999999893,-30.067000000000007,26,7.046,20
38449,1,0.537,0.695,-56.238,26.099999999999994,26.1,32.31200000000001,-23.925999999999988,27,7.046,1
15723,1,0.388,0.591,-32.66499999999999,18.224999999999994,18.225,12.705000000000013,-19.960000000000008,27,7.046,2
42922,1,1.452,0.833,-44.953,94.05200000000002,94.052,42.68299999999999,-2.2700000000000102,27,7.046,3
21822,1,0.641,0.621,-15.396000000000015,19.15700000000001,19.157,-3.4850000000000136,-18.881,27,7.046,4
10508,1,0.793,0.668,-42.89099999999999,26.641999999999996,26.642,37.54399999999998,-5.347000000000008,27,7.046,5
14530,1,0.597,0.624,-31.87100000000001,50.81299999999999,50.813,9.025000000000006,-22.846000000000004,27,7.046,6
19258,1,0.766,0.544,-44.60300000000001,37.363,37.363,39.52699999999999,-5.075999999999993,27,7.046,7
30332,1,0.732,0.739,-20.788999999999987,23.432999999999993,23.433,10.84299999999999,-9.945999999999998,27,7.046,8
24528,1,0.568,0.649,-46.488,27.860000000000014,27.86,18.566000000000003,-27.921999999999997,27,7.046,9
23236,1,0.531,0.529,-34.12700000000001,46.89500000000001,46.895,25.65299999999999,-8.47399999999999,27,7.046,10
5618,1,0.979,0.889,-37.489000000000004,105.40899999999999,105.409,-2.4410000000000025,-39.93000000000001,27,7.046,11
36726,1,0.619,0.787,-44.545000000000016,28.712999999999994,28.713,45.166,0.6209999999999809,27,7.046,12
41764,1,0.401,0.634,-51.992999999999995,47.24000000000001,47.24,28.860000000000014,-23.13300000000001,27,7.046,13
16305,1,0.829,0.609,-60.111999999999995,27.257000000000005,27.257,52.33500000000001,-7.776999999999987,27,7.046,14
17668,1,0.617,0.536,-45.63900000000001,57.36699999999999,57.367,21.591000000000008,-24.048000000000002,27,7.046,15
1952,1,0.713,0.676,-28.206999999999994,24.382000000000005,24.382,25.74600000000001,-2.4610000000000127,27,7.046,16
12467,1,0.615,0.704,-26.602000000000004,15.396000000000015,15.396,16.72200000000001,-9.879999999999995,27,7.046,17
32015,1,0.533,0.558,-27.84899999999999,51.327,51.327,-2.2179999999999893,-30.067000000000007,27,7.046,18
22813,1,0.698,0.817,-41.46199999999999,24.990999999999985,24.991,19.601,-21.86099999999999,27,7.046,19
41247,1,0.475,0.457,-37.09,31.498999999999995,31.499,12.430000000000007,-24.659999999999997,27,7.046,20
15723,1,0.388,0.591,-32.66499999999999,18.224999999999994,18.225,12.705000000000013,-19.960000000000008,28,7.046,1
19258,1,0.766,0.544,-44.60300000000001,37.363,37.363,39.52699999999999,-5.075999999999993,28,7.046,2
38449,1,0.537,0.695,-56.238,26.099999999999994,26.1,32.31200000000001,-23.925999999999988,28,7.046,3
5618,1,0.979,0.889,-37.489000000000004,105.40899999999999,105.409,-2.4410000000000025,-39.93000000000001,28,7.046,4
22813,1,0.698,0.817,-41.46199999999999,24.990999999999985,24.991,19.601,-21.86099999999999,28,7.046,5
17668,1,0.617,0.536,-45.63900000000001,57.36699999999999,57.367,21.591000000000008,-24.048000000000002,28,7.046,6
16305,1,0.829,0.609,-60.111999999999995,27.257000000000005,27.257,52.33500000000001,-7.776999999999987,28,7.046,7
30332,1,0.732,0.739,-20.788999999999987,23.432999999999993,23.433,10.84299999999999,-9.945999999999998,28,7.046,8
41764,1,0.401,0.634,-51.992999999999995,47.24000000000001,47.24,28.860000000000014,-23.13300000000001,28,7.046,9
41247,1,0.475,0.457,-37.09,31.498999999999995,31.499,12.430000000000007,-24.659999999999997,28,7.046,10
42922,1,1.452,0.833,-44.953,94.05200000000002,94.052,42.68299999999999,-2.2700000000000102,28,7.046,11
21822,1,0.641,0.621,-15.396000000000015,19.15700000000001,19.157,-3.4850000000000136,-18.881,28,7.046,12
14530,1,0.597,0.624,-31.87100000000001,50.81299999999999,50.813,9.025000000000006,-22.846000000000004,28,7.046,13
23236,1,0.531,0.529,-34.12700000000001,46.89500000000001,46.895,25.65299999999999,-8.47399999999999,28,7.046,14
32015,1,0.533,0.558,-27.84899999999999,51.327,51.327,-2.2179999999999893,-30.067000000000007,28,7.046,15
1952,1,0.713,0.676,-28.206999999999994,24.382000000000005,24.382,25.74600000000001,-2.4610000000000127,28,7.046,16
10508,1,0.793,0.668,-42.89099999999999,26.641999999999996,26.642,37.54399999999998,-5.347000000000008,28,7.046,17
36726,1,0.619,0.787,-44.545000000000016,28.712999999999994,28.713,45.166,0.6209999999999809,28,7.046,18
24528,1,0.568,0.649,-46.488,27.860000000000014,27.86,18.566000000000003,-27.921999999999997,28,7.046,19
12467,1,0.615,0.704,-26.602000000000004,15.396000000000015,15.396,16.72200000000001,-9.879999999999995,28,7.046,20
36726,1,0.619,0.787,-44.545000000000016,28.712999999999994,28.713,45.166,0.6209999999999809,29,7.046,1
10508,1,0.793,0.668,-42.89099999999999,26.641999999999996,26.642,37.54399999999998,-5.347000000000008,29,7.046,2
41247,1,0.475,0.457,-37.09,31.498999999999995,31.499,12.430000000000007,-24.659999999999997,29,7.046,3
5618,1,0.979,0.889,-37.489000000000004,105.40899999999999,105.409,-2.4410000000000025,-39.93000000000001,29,7.046,4
41764,1,0.401,0.634,-51.992999999999995,47.24000000000001,47.24,28.860000000000014,-23.13300000000001,29,7.046,5
16305,1,0.829,0.609,-60.111999999999995,27.257000000000005,27.257,52.33500000000001,-7.776999999999987,29,7.046,6
23236,1,0.531,0.529,-34.12700000000001,46.89500000000001,46.895,25.65299999999999,-8.47399999999999,29,7.046,7
42922,1,1.452,0.833,-44.953,94.05200000000002,94.052,42.68299999999999,-2.2700000000000102,29,7.046,8
15723,1,0.388,0.591,-32.66499999999999,18.224999999999994,18.225,12.705000000000013,-19.960000000000008,29,7.046,9
1952,1,0.713,0.676,-28.206999999999994,24.382000000000005,24.382,25.74600000000001,-2.4610000000000127,29,7.046,10
32015,1,0.533,0.558,-27.84899999999999,51.327,51.327,-2.2179999999999893,-30.067000000000007,29,7.046,11
14530,1,0.597,0.624,-31.87100000000001,50.81299999999999,50.813,9.025000000000006,-22.846000000000004,29,7.046,12
12467,1,0.615,0.704,-26.602000000000004,15.396000000000015,15.396,16.72200000000001,-9.879999999999995,29,7.046,13
24528,1,0.568,0.649,-46.488,27.860000000000014,27.86,18.566000000000003,-27.921999999999997,29,7.046,14
19258,1,0.766,0.544,-44.60300000000001,37.363,37.363,39.52699999999999,-5.075999999999993,29,7.046,15
30332,1,0.732,0.739,-20.788999999999987,23.432999999999993,23.433,10.84299999999999,-9.945999999999998,29,7.046,16
22813,1,0.698,0.817,-41.46199999999999,24.990999999999985,24.991,19.601,-21.86099999999999,29,7.046,17
17668,1,0.617,0.536,-45.63900000000001,57.36699999999999,57.367,21.591000000000008,-24.048000000000002,29,7.046,18
21822,1,0.641,0.621,-15.396000000000015,19.15700000000001,19.157,-3.4850000000000136,-18.881,29,7.046,19
38449,1,0.537,0.695,-56.238,26.099999999999994,26.1,32.31200000000001,-23.925999999999988,29,7.046,20
41764,1,0.401,0.634,-51.992999999999995,47.24000000000001,47.24,28.860000000000014,-23.13300000000001,30,7.046,1
14530,1,0.597,0.624,-31.87100000000001,50.81299999999999,50.813,9.025000000000006,-22.846000000000004,30,7.046,2
24528,1,0.568,0.649,-46.488,27.860000000000014,27.86,18.566000000000003,-27.921999999999997,30,7.046,3
5618,1,0.979,0.889,-37.489000000000004,105.40899999999999,105.409,-2.4410000000000025,-39.93000000000001,30,7.046,4
10508,1,0.793,0.668,-42.89099999999999,26.641999999999996,26.642,37.54399999999998,-5.347000000000008,30,7.046,5
19258,1,0.766,0.544,-44.60300000000001,37.363,37.363,39.52699999999999,-5.075999999999993,30,7.046,6
41247,1,0.475,0.457,-37.09,31.498999999999995,31.499,12.430000000000007,-24.659999999999997,30,7.046,7
21822,1,0.641,0.621,-15.396000000000015,19.15700000000001,19.157,-3.4850000000000136,-18.881,30,7.046,8
30332,1,0.732,0.739,-20.788999999999987,23.432999999999993,23.433,10.84299999999999,-9.945999999999998,30,7.046,9
1952,1,0.713,0.676,-28.206999999999994,24.382000000000005,24.382,25.74600000000001,-2.4610000000000127,30,7.046,10
23236,1,0.531,0.529,-34.12700000000001,46.89500000000001,46.895,25.65299999999999,-8.47399999999999,30,7.046,11
38449,1,0.537,0.695,-56.238,26.099999999999994,26.1,32.31200000000001,-23.925999999999988,30,7.046,12
16305,1,0.829,0.609,-60.111999999999995,27.257000000000005,27.257,52.33500000000001,-7.776999999999987,30,7.046,13
22813,1,0.698,0.817,-41.46199999999999,24.990999999999985,24.991,19.601,-21.86099999999999,30,7.046,14
15723,1,0.388,0.591,-32.66499999999999,18.224999999999994,18.225,12.705000000000013,-19.960000000000008,30,7.046,15
12467,1,0.615,0.704,-26.602000000000004,15.396000000000015,15.396,16.72200000000001,-9.879999999999995,30,7.046,16
42922,1,1.452,0.833,-44.953,94.05200000000002,94.052,42.68299999999999,-2.2700000000000102,30,7.046,17
36726,1,0.619,0.787,-44.545000000000016,28.712999999999994,28.713,45.166,0.6209999999999809,30,7.046,18
17668,1,0.617,0.536,-45.63900000000001,57.36699999999999,57.367,21.591000000000008,-24.048000000000002,30,7.046,19
32015,1,0.533,0.558,-27.84899999999999,51.327,51.327,-2.2179999999999893,-30.067000000000007,30,7.046,20
17668,1,0.617,0.536,-45.63900000000001,57.36699999999999,57.367,21.591000000000008,-24.048000000000002,31,7.046,1
19258,1,0.766,0.544,-44.60300000000001,37.363,37.363,39.52699999999999,-5.075999999999993,31,7.046,2
42922,1,1.452,0.833,-44.953,94.05200000000002,94.052,42.68299999999999,-2.2700000000000102,31,7.046,3
12467,1,0.615,0.704,-26.602000000000004,15.396000000000015,15.396,16.72200000000001,-9.879999999999995,31,7.046,4
14530,1,0.597,0.624,-31.87100000000001,50.81299999999999,50.813,9.025000000000006,-22.846000000000004,31,7.046,5
21822,1,0.641,0.621,-15.396000000000015,19.15700000000001,19.157,-3.4850000000000136,-18.881,31,7.046,6
22813,1,0.698,0.817,-41.46199999999999,24.990999999999985,24.991,19.601,-21.86099999999999,31,7.046,7
36726,1,0.619,0.787,-44.545000000000016,28.712999999999994,28.713,45.166,0.6209999999999809,31,7.046,8
32015,1,0.533,0.558,-27.84899999999999,51.327,51.327,-2.2179999999999893,-30.067000000000007,31,7.046,9
1952,1,0.713,0.676,-28.206999999999994,24.382000000000005,24.382,25.74600000000001,-2.4610000000000127,31,7.046,10
41247,1,0.475,0.457,-37.09,31.498999999999995,31.499,12.430000000000007,-24.659999999999997,31,7.046,11
15723,1,0.388,0.591,-32.66499999999999,18.224999999999994,18.225,12.705000000000013,-19.960000000000008,31,7.046,12
5618,1,0.979,0.889,-37.489000000000004,105.40899999999999,105.409,-2.4410000000000025,-39.93000000000001,31,7.046,13
24528,1,0.568,0.649,-46.488,27.860000000000014,27.86,18.566000000000003,-27.921999999999997,31,7.046,14
38449,1,0.537,0.695,-56.238,26.099999999999994,26.1,32.31200000000001,-23.925999999999988,31,7.046,15
30332,1,0.732,0.739,-20.788999999999987,23.432999999999993,23.433,10.84299999999999,-9.945999999999998,31,7.046,16
16305,1,0.829,0.609,-60.111999999999995,27.257000000000005,27.257,52.33500000000001,-7.776999999999987,31,7.046,17
10508,1,0.793,0.668,-42.89099999999999,26.641999999999996,26.642,37.54399999999998,-5.347000000000008,31,7.046,18
41764,1,0.401,0.634,-51.992999999999995,47.24000000000001,47.24,28.860000000000014,-23.13300000000001,31,7.046,19
23236,1,0.531,0.529,-34.12700000000001,46.89500000000001,46.895,25.65299999999999,-8.47399999999999,31,7.046,20
14530,1,0.597,0.624,-31.87100000000001,50.81299999999999,50.813,9.025000000000006,-22.846000000000004,32,7.046,1
41764,1,0.401,0.634,-51.992999999999995,47.24000000000001,47.24,28.860000000000014,-23.13300000000001,32,7.046,2
41247,1,0.475,0.457,-37.09,31.498999999999995,31.499,12.430000000000007,-24.659999999999997,32,7.046,3
5618,1,0.979,0.889,-37.489000000000004,105.40899999999999,105.409,-2.4410000000000025,-39.93000000000001,32,7.046,4
42922,1,1.452,0.833,-44.953,94.05200000000002,94.052,42.68299999999999,-2.2700000000000102,32,7.046,5
15723,1,0.388,0.591,-32.66499999999999,18.224999999999994,18.225,12.705000000000013,-19.960000000000008,32,7.046,6
30332,1,0.732,0.739,-20.788999999999987,23.432999999999993,23.433,10.84299999999999,-9.945999999999998,32,7.046,7
24528,1,0.568,0.649,-46.488,27.860000000000014,27.86,18.566000000000003,-27.921999999999997,32,7.046,8
10508,1,0.793,0.668,-42.89099999999999,26.641999999999996,26.642,37.54399999999998,-5.347000000000008,32,7.046,9
17668,1,0.617,0.536,-45.63900000000001,57.36699999999999,57.367,21.591000000000008,-24.048000000000002,32,7.046,10
12467,1,0.615,0.704,-26.602000000000004,15.396000000000015,15.396,16.72200000000001,-9.879999999999995,32,7.046,11
32015,1,0.533,0.558,-27.84899999999999,51.327,51.327,-2.2179999999999893,-30.067000000000007,32,7.046,12
23236,1,0.531,0.529,-34.12700000000001,46.89500000000001,46.895,25.65299999999999,-8.47399999999999,32,7.046,13
16305,1,0.829,0.609,-60.111999999999995,27.257000000000005,27.257,52.33500000000001,-7.776999999999987,32,7.046,14
38449,1,0.537,0.695,-56.238,26.099999999999994,26.1,32.31200000000001,-23.925999999999988,32,7.046,15
21822,1,0.641,0.621,-15.396000000000015,19.15700000000001,19.157,-3.4850000000000136,-18.881,32,7.046,16
19258,1,0.766,0.544,-44.60300000000001,37.363,37.363,39.52699999999999,-5.075999999999993,32,7.046,17
1952,1,0.713,0.676,-28.206999999999994,24.382000000000005,24.382,25.74600000000001,-2.4610000000000127,32,7.046,18
22813,1,0.698,0.817,-41.46199999999999,24.990999999999985,24.991,19.601,-21.86099999999999,32,7.046,19
36726,1,0.619,0.787,-44.545000000000016,28.712999999999994,28.713,45.166,0.6209999999999809,32,7.046,20
21822,1,0.641,0.621,-15.396000000000015,19.15700000000001,19.157,-3.4850000000000136,-18.881,33,7.046,1
38449,1,0.537,0.695,-56.238,26.099999999999994,26.1,32.31200000000001,-23.925999999999988,33,7.046,2
42922,1,1.452,0.833,-44.953,94.05200000000002,94.052,42.68299999999999,-2.2700000000000102,33,7.046,3
14530,1,0.597,0.624,-31.87100000000001,50.81299999999999,50.813,9.025000000000006,-22.846000000000004,33,7.046,4
16305,1,0.829,0.609,-60.111999999999995,27.257000000000005,27.257,52.33500000000001,-7.776999999999987,33,7.046,5
17668,1,0.617,0.536,-45.63900000000001,57.36699999999999,57.367,21.591000000000008,-24.048000000000002,33,7.046,6
23236,1,0.531,0.529,-34.12700000000001,46.89500000000001,46.895,25.65299999999999,-8.47399999999999,33,7.046,7
10508,1,0.793,0.668,-42.89099999999999,26.641999999999996,26.642,37.54399999999998,-5.347000000000008,33,7.046,8
12467,1,0.615,0.704,-26.602000000000004,15.396000000000015,15.396,16.72200000000001,-9.879999999999995,33,7.046,9
1952,1,0.713,0.676,-28.206999999999994,24.382000000000005,24.382,25.74600000000001,-2.4610000000000127,33,7.046,10
36726,1,0.619,0.787,-44.545000000000016,28.712999999999994,28.713,45.166,0.6209999999999809,33,7.046,11
30332,1,0.732,0.739,-20.788999999999987,23.432999999999993,23.433,10.84299999999999,-9.945999999999998,33,7.046,12
19258,1,0.766,0.544,-44.60300000000001,37.363,37.363,39.52699999999999,-5.075999999999993,33,7.046,13
32015,1,0.533,0.558,-27.84899999999999,51.327,51.327,-2.2179999999999893,-30.067000000000007,33,7.046,14
5618,1,0.979,0.889,-37.489000000000004,105.40899999999999,105.409,-2.4410000000000025,-39.93000000000001,33,7.046,15
22813,1,0.698,0.817,-41.46199999999999,24.990999999999985,24.991,19.601,-21.86099999999999,33,7.046,16
41247,1,0.475,0.457,-37.09,31.498999999999995,31.499,12.430000000000007,-24.659999999999997,33,7.046,17
24528,1,0.568,0.649,-46.488,27.860000000000014,27.86,18.566000000000003,-27.921999999999997,33,7.046,18
41764,1,0.401,0.634,-51.992999999999995,47.24000000000001,47.24,28.860000000000014,-23.13300000000001,33,7.046,19
15723,1,0.388,0.591,-32.66499999999999,18.224999999999994,18.225,12.705000000000013,-19.960000000000008,33,7.046,20
23236,1,0.531,0.529,-34.12700000000001,46.89500000000001,46.895,25.65299999999999,-8.47399999999999,34,7.046,1
17668,1,0.617,0.536,-45.63900000000001,57.36699999999999,57.367,21.591000000000008,-24.048000000000002,34,7.046,2
15723,1,0.388,0.591,-32.66499999999999,18.224999999999994,18.225,12.705000000000013,-19.960000000000008,34,7.046,3
38449,1,0.537,0.695,-56.238,26.099999999999994,26.1,32.31200000000001,-23.925999999999988,34,7.046,4
41764,1,0.401,0.634,-51.992999999999995,47.24000000000001,47.24,28.860000000000014,-23.13300000000001,34,7.046,5
41247,1,0.475,0.457,-37.09,31.498999999999995,31.499,12.430000000000007,-24.659999999999997,34,7.046,6
14530,1,0.597,0.624,-31.87100000000001,50.81299999999999,50.813,9.025000000000006,-22.846000000000004,34,7.046,7
22813,1,0.698,0.817,-41.46199999999999,24.990999999999985,24.991,19.601,-21.86099999999999,34,7.046,8
42922,1,1.452,0.833,-44.953,94.05200000000002,94.052,42.68299999999999,-2.2700000000000102,34,7.046,9
32015,1,0.533,0.558,-27.84899999999999,51.327,51.327,-2.2179999999999893,-30.067000000000007,34,7.046,10
24528,1,0.568,0.649,-46.488,27.860000000000014,27.86,18.566000000000003,-27.921999999999997,34,7.046,11
1952,1,0.713,0.676,-28.206999999999994,24.382000000000005,24.382,25.74600000000001,-2.4610000000000127,34,7.046,12
36726,1,0.619,0.787,-44.545000000000016,28.712999999999994,28.713,45.166,0.6209999999999809,34,7.046,13
19258,1,0.766,0.544,-44.60300000000001,37.363,37.363,39.52699999999999,-5.075999999999993,34,7.046,14
10508,1,0.793,0.668,-42.89099999999999,26.641999999999996,26.642,37.54399999999998,-5.347000000000008,34,7.046,15
21822,1,0.641,0.621,-15.396000000000015,19.15700000000001,19.157,-3.4850000000000136,-18.881,34,7.046,16
5618,1,0.979,0.889,-37.489000000000004,105.40899999999999,105.409,-2.4410000000000025,-39.93000000000001,34,7.046,17
30332,1,0.732,0.739,-20.788999999999987,23.432999999999993,23.433,10.84299999999999,-9.945999999999998,34,7.046,18
16305,1,0.829,0.609,-60.111999999999995,27.257000000000005,27.257,52.33500000000001,-7.776999999999987,34,7.046,19
12467,1,0.615,0.704,-26.602000000000004,15.396000000000015,15.396,16.72200000000001,-9.879999999999995,34,7.046,20
42922,1,1.452,0.833,-44.953,94.05200000000002,94.052,42.68299999999999,-2.2700000000000102,35,7.046,1
32015,1,0.533,0.558,-27.84899999999999,51.327,51.327,-2.2179999999999893,-30.067000000000007,35,7.046,2
15723,1,0.388,0.591,-32.66499999999999,18.224999999999994,18.225,12.705000000000013,-19.960000000000008,35,7.046,3
5618,1,0.979,0.889,-37.489000000000004,105.40899999999999,105.409,-2.4410000000000025,-39.93000000000001,35,7.046,4
21822,1,0.641,0.621,-15.396000000000015,19.15700000000001,19.157,-3.4850000000000136,-18.881,35,7.046,5
23236,1,0.531,0.529,-34.12700000000001,46.89500000000001,46.895,25.65299999999999,-8.47399999999999,35,7.046,6
30332,1,0.732,0.739,-20.788999999999987,23.432999999999993,23.433,10.84299999999999,-9.945999999999998,35,7.046,7
36726,1,0.619,0.787,-44.545000000000016,28.712999999999994,28.713,45.166,0.6209999999999809,35,7.046,8
16305,1,0.829,0.609,-60.111999999999995,27.257000000000005,27.257,52.33500000000001,-7.776999999999987,35,7.046,9
12467,1,0.615,0.704,-26.602000000000004,15.396000000000015,15.396,16.72200000000001,-9.879999999999995,35,7.046,10
10508,1,0.793,0.668,-42.89099999999999,26.641999999999996,26.642,37.54399999999998,-5.347000000000008,35,7.046,11
14530,1,0.597,0.624,-31.87100000000001,50.81299999999999,50.813,9.025000000000006,-22.846000000000004,35,7.046,12
38449,1,0.537,0.695,-56.238,26.099999999999994,26.1,32.31200000000001,-23.925999999999988,35,7.046,13
24528,1,0.568,0.649,-46.488,27.860000000000014,27.86,18.566000000000003,-27.921999999999997,35,7.046,14
17668,1,0.617,0.536,-45.63900000000001,57.36699999999999,57.367,21.591000000000008,-24.048000000000002,35,7.046,15
41764,1,0.401,0.634,-51.992999999999995,47.24000000000001,47.24,28.860000000000014,-23.13300000000001,35,7.046,16
22813,1,0.698,0.817,-41.46199999999999,24.990999999999985,24.991,19.601,-21.86099999999999,35,7.046,17
19258,1,0.766,0.544,-44.60300000000001,37.363,37.363,39.52699999999999,-5.075999999999993,35,7.046,18
41247,1,0.475,0.457,-37.09,31.498999999999995,31.499,12.430000000000007,-24.659999999999997,35,7.046,19
1952,1,0.713,0.676,-28.206999999999994,24.382000000000005,24.382,25.74600000000001,-2.4610000000000127,35,7.046,20
24528,1,0.568,0.649,-46.488,27.860000000000014,27.86,18.566000000000003,-27.921999999999997,36,7.046,1
32015,1,0.533,0.558,-27.84899999999999,51.327,51.327,-2.2179999999999893,-30.067000000000007,36,7.046,2
21822,1,0.641,0.621,-15.396000000000015,19.15700000000001,19.157,-3.4850000000000136,-18.881,36,7.046,3
16305,1,0.829,0.609,-60.111999999999995,27.257000000000005,27.257,52.33500000000001,-7.776999999999987,36,7.046,4
41764,1,0.401,0.634,-51.992999999999995,47.24000000000001,47.24,28.860000000000014,-23.13300000000001,36,7.046,5
17668,1,0.617,0.536,-45.63900000000001,57.36699999999999,57.367,21.591000000000008,-24.048000000000002,36,7.046,6
19258,1,0.766,0.544,-44.60300000000001,37.363,37.363,39.52699999999999,-5.075999999999993,36,7.046,7
41247,1,0.475,0.457,-37.09,31.498999999999995,31.499,12.430000000000007,-24.659999999999997,36,7.046,8
30332,1,0.732,0.739,-20.788999999999987,23.432999999999993,23.433,10.84299999999999,-9.945999999999998,36,7.046,9
15723,1,0.388,0.591,-32.66499999999999,18.224999999999994,18.225,12.705000000000013,-19.960000000000008,36,7.046,10
12467,1,0.615,0.704,-26.602000000000004,15.396000000000015,15.396,16.72200000000001,-9.879999999999995,36,7.046,11
42922,1,1.452,0.833,-44.953,94.05200000000002,94.052,42.68299999999999,-2.2700000000000102,36,7.046,12
22813,1,0.698,0.817,-41.46199999999999,24.990999999999985,24.991,19.601,-21.86099999999999,36,7.046,13
5618,1,0.979,0.889,-37.489000000000004,105.40899999999999,105.409,-2.4410000000000025,-39.93000000000001,36,7.046,14
38449,1,0.537,0.695,-56.238,26.099999999999994,26.1,32.31200000000001,-23.925999999999988,36,7.046,15
1952,1,0.713,0.676,-28.206999999999994,24.382000000000005,24.382,25.74600000000001,-2.4610000000000127,36,7.046,16
23236,1,0.531,0.529,-34.12700000000001,46.89500000000001,46.895,25.65299999999999,-8.47399999999999,36,7.046,17
10508,1,0.793,0.668,-42.89099999999999,26.641999999999996,26.642,37.54399999999998,-5.347000000000008,36,7.046,18
36726,1,0.619,0.787,-44.545000000000016,28.712999999999994,28.713,45.166,0.6209999999999809,36,7.046,19
14530,1,0.597,0.624,-31.87100000000001,50.81299999999999,50.813,9.025000000000006,-22.846000000000004,36,7.046,20
12467,1,0.615,0.704,-26.602000000000004,15.396000000000015,15.396,16.72200000000001,-9.879999999999995,37,7.046,1
10508,1,0.793,0.668,-42.89099999999999,26.641999999999996,26.642,37.54399999999998,-5.347000000000008,37,7.046,2
41764,1,0.401,0.634,-51.992999999999995,47.24000000000001,47.24,28.860000000000014,-23.13300000000001,37,7.046,3
19258,1,0.766,0.544,-44.60300000000001,37.363,37.363,39.52699999999999,-5.075999999999993,37,7.046,4
30332,1,0.732,0.739,-20.788999999999987,23.432999999999993,23.433,10.84299999999999,-9.945999999999998,37,7.046,5
1952,1,0.713,0.676,-28.206999999999994,24.382000000000005,24.382,25.74600000000001,-2.4610000000000127,37,7.046,6
36726,1,0.619,0.787,-44.545000000000016,28.712999999999994,28.713,45.166,0.6209999999999809,37,7.046,7
5618,1,0.979,0.889,-37.489000000000004,105.40899999999999,105.409,-2.4410000000000025,-39.93000000000001,37,7.046,8
41247,1,0.475,0.457,-37.09,31.498999999999995,31.499,12.430000000000007,-24.659999999999997,37,7.046,9
16305,1,0.829,0.609,-60.111999999999995,27.257000000000005,27.257,52.33500000000001,-7.776999999999987,37,7.046,10
24528,1,0.568,0.649,-46.488,27.860000000000014,27.86,18.566000000000003,-27.921999999999997,37,7.046,11
15723,1,0.388,0.591,-32.66499999999999,18.224999999999994,18.225,12.705000000000013,-19.960000000000008,37,7.046,12
14530,1,0.597,0.624,-31.87100000000001,50.81299999999999,50.813,9.025000000000006,-22.846000000000004,37,7.046,13
32015,1,0.533,0.558,-27.84899999999999,51.327,51.327,-2.2179999999999893,-30.067000000000007,37,7.046,14
38449,1,0.537,0.695,-56.238,26.099999999999994,26.1,32.31200000000001,-23.925999999999988,37,7.046,15
23236,1,0.531,0.529,-34.12700000000001,46.89500000000001,46.895,25.65299999999999,-8.47399999999999,37,7.046,16
42922,1,1.452,0.833,-44.953,94.05200000000002,94.052,42.68299999999999,-2.2700000000000102,37,7.046,17
17668,1,0.617,0.536,-45.63900000000001,57.36699999999999,57.367,21.591000000000008,-24.048000000000002,37,7.046,18
22813,1,0.698,0.817,-41.46199999999999,24.990999999999985,24.991,19.601,-21.86099999999999,37,7.046,19
21822,1,0.641,0.621,-15.396000000000015,19.15700000000001,19.157,-3.4850000000000136,-18.881,37,7.046,20
12467,1,0.615,0.704,-26.602000000000004,15.396000000000015,15.396,16.72200000000001,-9.879999999999995,38,7.046,1
42922,1,1.452,0.833,-44.953,94.05200000000002,94.052,42.68299999999999,-2.2700000000000102,38,7.046,2
19258,1,0.766,0.544,-44.60300000000001,37.363,37.363,39.52699999999999,-5.075999999999993,38,7.046,3
15723,1,0.388,0.591,-32.66499999999999,18.224999999999994,18.225,12.705000000000013,-19.960000000000008,38,7.046,4
22813,1,0.698,0.817,-41.46199999999999,24.990999999999985,24.991,19.601,-21.86099999999999,38,7.046,5
5618,1,0.979,0.889,-37.489000000000004,105.40899999999999,105.409,-2.4410000000000025,-39.93000000000001,38,7.046,6
32015,1,0.533,0.558,-27.84899999999999,51.327,51.327,-2.2179999999999893,-30.067000000000007,38,7.046,7
23236,1,0.531,0.529,-34.12700000000001,46.89500000000001,46.895,25.65299999999999,-8.47399999999999,38,7.046,8
24528,1,0.568,0.649,-46.488,27.860000000000014,27.86,18.566000000000003,-27.921999999999997,38,7.046,9
36726,1,0.619,0.787,-44.545000000000016,28.712999999999994,28.713,45.166,0.6209999999999809,38,7.046,10
41247,1,0.475,0.457,-37.09,31.498999999999995,31.499,12.430000000000007,-24.659999999999997,38,7.046,11
38449,1,0.537,0.695,-56.238,26.099999999999994,26.1,32.31200000000001,-23.925999999999988,38,7.046,12
21822,1,0.641,0.621,-15.396000000000015,19.15700000000001,19.157,-3.4850000000000136,-18.881,38,7.046,13
30332,1,0.732,0.739,-20.788999999999987,23.432999999999993,23.433,10.84299999999999,-9.945999999999998,38,7.046,14
16305,1,0.829,0.609,-60.111999999999995,27.257000000000005,27.257,52.33500000000001,-7.776999999999987,38,7.046,15
1952,1,0.713,0.676,-28.206999999999994,24.382000000000005,24.382,25.74600000000001,-2.4610000000000127,38,7.046,16
10508,1,0.793,0.668,-42.89099999999999,26.641999999999996,26.642,37.54399999999998,-5.347000000000008,38,7.046,17
41764,1,0.401,0.634,-51.992999999999995,47.24000000000001,47.24,28.860000000000014,-23.13300000000001,38,7.046,18
17668,1,0.617,0.536,-45.63900000000001,57.36699999999999,57.367,21.591000000000008,-24.048000000000002,38,7.046,19
14530,1,0.597,0.624,-31.87100000000001,50.81299999999999,50.813,9.025000000000006,-22.846000000000004,38,7.046,20
24528,1,0.568,0.649,-46.488,27.860000000000014,27.86,18.566000000000003,-27.921999999999997,39,7.046,1
16305,1,0.829,0.609,-60.111999999999995,27.257000000000005,27.257,52.33500000000001,-7.776999999999987,39,7.046,2
5618,1,0.979,0.889,-37.489000000000004,105.40899999999999,105.409,-2.4410000000000025,-39.93000000000001,39,7.046,3
14530,1,0.597,0.624,-31.87100000000001,50.81299999999999,50.813,9.025000000000006,-22.846000000000004,39,7.046,4
15723,1,0.388,0.591,-32.66499999999999,18.224999999999994,18.225,12.705000000000013,-19.960000000000008,39,7.046,5
22813,1,0.698,0.817,-41.46199999999999,24.990999999999985,24.991,19.601,-21.86099999999999,39,7.046,6
36726,1,0.619,0.787,-44.545000000000016,28.712999999999994,28.713,45.166,0.6209999999999809,39,7.046,7
17668,1,0.617,0.536,-45.63900000000001,57.36699999999999,57.367,21.591000000000008,-24.048000000000002,39,7.046,8
38449,1,0.537,0.695,-56.238,26.099999999999994,26.1,32.31200000000001,-23.925999999999988,39,7.046,9
42922,1,1.452,0.833,-44.953,94.05200000000002,94.052,42.68299999999999,-2.2700000000000102,39,7.046,10
19258,1,0.766,0.544,-44.60300000000001,37.363,37.363,39.52699999999999,-5.075999999999993,39,7.046,11
41247,1,0.475,0.457,-37.09,31.498999999999995,31.499,12.430000000000007,-24.659999999999997,39,7.046,12
23236,1,0.531,0.529,-34.12700000000001,46.89500000000001,46.895,25.65299999999999,-8.47399999999999,39,7.046,13
32015,1,0.533,0.558,-27.84899999999999,51.327,51.327,-2.2179999999999893,-30.067000000000007,39,7.046,14
1952,1,0.713,0.676,-28.206999999999994,24.382000000000005,24.382,25.74600000000001,-2.4610000000000127,39,7.046,15
30332,1,0.732,0.739,-20.788999999999987,23.432999999999993,23.433,10.84299999999999,-9.945999999999998,39,7.046,16
10508,1,0.793,0.668,-42.89099999999999,26.641999999999996,26.642,37.54399999999998,-5.347000000000008,39,7.046,17
41764,1,0.401,0.634,-51.992999999999995,47.24000000000001,47.24,28.860000000000014,-23.13300000000001,39,7.046,18
12467,1,0.615,0.704,-26.602000000000004,15.396000000000015,15.396,16.72200000000001,-9.879999999999995,39,7.046,19
21822,1,0.641,0.621,-15.396000000000015,19.15700000000001,19.157,-3.4850000000000136,-18.881,39,7.046,20
41247,1,0.475,0.457,-37.09,31.498999999999995,31.499,12.430000000000007,-24.659999999999997,40,7.046,1
36726,1,0.619,0.787,-44.545000000000016,28.712999999999994,28.713,45.166,0.6209999999999809,40,7.046,2
41764,1,0.401,0.634,-51.992999999999995,47.24000000000001,47.24,28.860000000000014,-23.13300000000001,40,7.046,3
10508,1,0.793,0.668,-42.89099999999999,26.641999999999996,26.642,37.54399999999998,-5.347000000000008,40,7.046,4
23236,1,0.531,0.529,-34.12700000000001,46.89500000000001,46.895,25.65299999999999,-8.47399999999999,40,7.046,5
19258,1,0.766,0.544,-44.60300000000001,37.363,37.363,39.52699999999999,-5.075999999999993,40,7.046,6
22813,1,0.698,0.817,-41.46199999999999,24.990999999999985,24.991,19.601,-21.86099999999999,40,7.046,7
21822,1,0.641,0.621,-15.396000000000015,19.15700000000001,19.157,-3.4850000000000136,-18.881,40,7.046,8
17668,1,0.617,0.536,-45.63900000000001,57.36699999999999,57.367,21.591000000000008,-24.048000000000002,40,7.046,9
16305,1,0.829,0.609,-60.111999999999995,27.257000000000005,27.257,52.33500000000001,-7.776999999999987,40,7.046,10
1952,1,0.713,0.676,-28.206999999999994,24.382000000000005,24.382,25.74600000000001,-2.4610000000000127,40,7.046,11
14530,1,0.597,0.624,-31.87100000000001,50.81299999999999,50.813,9.025000000000006,-22.846000000000004,40,7.046,12
42922,1,1.452,0.833,-44.953,94.05200000000002,94.052,42.68299999999999,-2.2700000000000102,40,7.046,13
24528,1,0.568,0.649,-46.488,27.860000000000014,27.86,18.566000000000003,-27.921999999999997,40,7.046,14
12467,1,0.615,0.704,-26.602000000000004,15.396000000000015,15.396,16.72200000000001,-9.879999999999995,40,7.046,15
38449,1,0.537,0.695,-56.238,26.099999999999994,26.1,32.31200000000001,-23.925999999999988,40,7.046,16
32015,1,0.533,0.558,-27.84899999999999,51.327,51.327,-2.2179999999999893,-30.067000000000007,40,7.046,17
15723,1,0.388,0.591,-32.66499999999999,18.224999999999994,18.225,12.705000000000013,-19.960000000000008,40,7.046,18
5618,1,0.979,0.889,-37.489000000000004,105.40899999999999,105.409,-2.4410000000000025,-39.93000000000001,40,7.046,19
30332,1,0.732,0.739,-20.788999999999987,23.432999999999993,23.433,10.84299999999999,-9.945999999999998,40,7.046,20
10508,1,0.793,0.668,-42.89099999999999,26.641999999999996,26.642,37.54399999999998,-5.347000000000008,41,7.046,1
14530,1,0.597,0.624,-31.87100000000001,50.81299999999999,50.813,9.025000000000006,-22.846000000000004,41,7.046,2
5618,1,0.979,0.889,-37.489000000000004,105.40899999999999,105.409,-2.4410000000000025,-39.93000000000001,41,7.046,3
17668,1,0.617,0.536,-45.63900000000001,57.36699999999999,57.367,21.591000000000008,-24.048000000000002,41,7.046,4
16305,1,0.829,0.609,-60.111999999999995,27.257000000000005,27.257,52.33500000000001,-7.776999999999987,41,7.046,5
19258,1,0.766,0.544,-44.60300000000001,37.363,37.363,39.52699999999999,-5.075999999999993,41,7.046,6
15723,1,0.388,0.591,-32.66499999999999,18.224999999999994,18.225,12.705000000000013,-19.960000000000008,41,7.046,7
12467,1,0.615,0.704,-26.602000000000004,15.396000000000015,15.396,16.72200000000001,-9.879999999999995,41,7.046,8
41247,1,0.475,0.457,-37.09,31.498999999999995,31.499,12.430000000000007,-24.659999999999997,41,7.046,9
42922,1,1.452,0.833,-44.953,94.05200000000002,94.052,42.68299999999999,-2.2700000000000102,41,7.046,10
1952,1,0.713,0.676,-28.206999999999994,24.382000000000005,24.382,25.74600000000001,-2.4610000000000127,41,7.046,11
41764,1,0.401,0.634,-51.992999999999995,47.24000000000001,47.24,28.860000000000014,-23.13300000000001,41,7.046,12
22813,1,0.698,0.817,-41.46199999999999,24.990999999999985,24.991,19.601,-21.86099999999999,41,7.046,13
32015,1,0.533,0.558,-27.84899999999999,51.327,51.327,-2.2179999999999893,-30.067000000000007,41,7.046,14
21822,1,0.641,0.621,-15.396000000000015,19.15700000000001,19.157,-3.4850000000000136,-18.881,41,7.046,15
24528,1,0.568,0.649,-46.488,27.860000000000014,27.86,18.566000000000003,-27.921999999999997,41,7.046,16
23236,1,0.531,0.529,-34.12700000000001,46.89500000000001,46.895,25.65299999999999,-8.47399999999999,41,7.046,17
38449,1,0.537,0.695,-56.238,26.099999999999994,26.1,32.31200000000001,-23.925999999999988,41,7.046,18
30332,1,0.732,0.739,-20.788999999999987,23.432999999999993,23.433,10.84299999999999,-9.945999999999998,41,7.046,19
36726,1,0.619,0.787,-44.545000000000016,28.712999999999994,28.713,45.166,0.6209999999999809,41,7.046,20
22813,1,0.698,0.817,-41.46199999999999,24.990999999999985,24.991,19.601,-21.86099999999999,42,7.046,1
30332,1,0.732,0.739,-20.788999999999987,23.432999999999993,23.433,10.84299999999999,-9.945999999999998,42,7.046,2
17668,1,0.617,0.536,-45.63900000000001,57.36699999999999,57.367,21.591000000000008,-24.048000000000002,42,7.046,3
5618,1,0.979,0.889,-37.489000000000004,105.40899999999999,105.409,-2.4410000000000025,-39.93000000000001,42,7.046,4
41764,1,0.401,0.634,-51.992999999999995,47.24000000000001,47.24,28.860000000000014,-23.13300000000001,42,7.046,5
21822,1,0.641,0.621,-15.396000000000015,19.15700000000001,19.157,-3.4850000000000136,-18.881,42,7.046,6
1952,1,0.713,0.676,-28.206999999999994,24.382000000000005,24.382,25.74600000000001,-2.4610000000000127,42,7.046,7
41247,1,0.475,0.457,-37.09,31.498999999999995,31.499,12.430000000000007,-24.659999999999997,42,7.046,8
36726,1,0.619,0.787,-44.545000000000016,28.712999999999994,28.713,45.166,0.6209999999999809,42,7.046,9
15723,1,0.388,0.591,-32.66499999999999,18.224999999999994,18.225,12.705000000000013,-19.960000000000008,42,7.046,10
10508,1,0.793,0.668,-42.89099999999999,26.641999999999996,26.642,37.54399999999998,-5.347000000000008,42,7.046,11
16305,1,0.829,0.609,-60.111999999999995,27.257000000000005,27.257,52.33500000000001,-7.776999999999987,42,7.046,12
14530,1,0.597,0.624,-31.87100000000001,50.81299999999999,50.813,9.025000000000006,-22.846000000000004,42,7.046,13
19258,1,0.766,0.544,-44.60300000000001,37.363,37.363,39.52699999999999,-5.075999999999993,42,7.046,14
24528,1,0.568,0.649,-46.488,27.860000000000014,27.86,18.566000000000003,-27.921999999999997,42,7.046,15
42922,1,1.452,0.833,-44.953,94.05200000000002,94.052,42.68299999999999,-2.2700000000000102,42,7.046,16
38449,1,0.537,0.695,-56.238,26.099999999999994,26.1,32.31200000000001,-23.925999999999988,42,7.046,17
23236,1,0.531,0.529,-34.12700000000001,46.89500000000001,46.895,25.65299999999999,-8.47399999999999,42,7.046,18
12467,1,0.615,0.704,-26.602000000000004,15.396000000000015,15.396,16.72200000000001,-9.879999999999995,42,7.046,19
32015,1,0.533,0.558,-27.84899999999999,51.327,51.327,-2.2179999999999893,-30.067000000000007,42,7.046,20
1952,1,0.713,0.676,-28.206999999999994,24.382000000000005,24.382,25.74600000000001,-2.4610000000000127,43,7.046,1
41247,1,0.475,0.457,-37.09,31.498999999999995,31.499,12.430000000000007,-24.659999999999997,43,7.046,2
21822,1,0.641,0.621,-15.396000000000015,19.15700000000001,19.157,-3.4850000000000136,-18.881,43,7.046,3
38449,1,0.537,0.695,-56.238,26.099999999999994,26.1,32.31200000000001,-23.925999999999988,43,7.046,4
16305,1,0.829,0.609,-60.111999999999995,27.257000000000005,27.257,52.33500000000001,-7.776999999999987,43,7.046,5
17668,1,0.617,0.536,-45.63900000000001,57.36699999999999,57.367,21.591000000000008,-24.048000000000002,43,7.046,6
19258,1,0.766,0.544,-44.60300000000001,37.363,37.363,39.52699999999999,-5.075999999999993,43,7.046,7
5618,1,0.979,0.889,-37.489000000000004,105.40899999999999,105.409,-2.4410000000000025,-39.93000000000001,43,7.046,8
15723,1,0.388,0.591,-32.66499999999999,18.224999999999994,18.225,12.705000000000013,-19.960000000000008,43,7.046,9
22813,1,0.698,0.817,-41.46199999999999,24.990999999999985,24.991,19.601,-21.86099999999999,43,7.046,10
30332,1,0.732,0.739,-20.788999999999987,23.432999999999993,23.433,10.84299999999999,-9.945999999999998,43,7.046,11
32015,1,0.533,0.558,-27.84899999999999,51.327,51.327,-2.2179999999999893,-30.067000000000007,43,7.046,12
23236,1,0.531,0.529,-34.12700000000001,46.89500000000001,46.895,25.65299999999999,-8.47399999999999,43,7.046,13
24528,1,0.568,0.649,-46.488,27.860000000000014,27.86,18.566000000000003,-27.921999999999997,43,7.046,14
12467,1,0.615,0.704,-26.602000000000004,15.396000000000015,15.396,16.72200000000001,-9.879999999999995,43,7.046,15
42922,1,1.452,0.833,-44.953,94.05200000000002,94.052,42.68299999999999,-2.2700000000000102,43,7.046,16
36726,1,0.619,0.787,-44.545000000000016,28.712999999999994,28.713,45.166,0.6209999999999809,43,7.046,17
14530,1,0.597,0.624,-31.87100000000001,50.81299999999999,50.813,9.025000000000006,-22.846000000000004,43,7.046,18
41764,1,0.401,0.634,-51.992999999999995,47.24000000000001,47.24,28.860000000000014,-23.13300000000001,43,7.046,19
10508,1,0.793,0.668,-42.89099999999999,26.641999999999996,26.642,37.54399999999998,-5.347000000000008,43,7.046,20
30332,1,0.732,0.739,-20.788999999999987,23.432999999999993,23.433,10.84299999999999,-9.945999999999998,44,7.046,1
36726,1,0.619,0.787,-44.545000000000016,28.712999999999994,28.713,45.166,0.6209999999999809,44,7.046,2
24528,1,0.568,0.649,-46.488,27.860000000000014,27.86,18.566000000000003,-27.921999999999997,44,7.046,3
41764,1,0.401,0.634,-51.992999999999995,47.24000000000001,47.24,28.860000000000014,-23.13300000000001,44,7.046,4
38449,1,0.537,0.695,-56.238,26.099999999999994,26.1,32.31200000000001,-23.925999999999988,44,7.046,5
10508,1,0.793,0.668,-42.89099999999999,26.641999999999996,26.642,37.54399999999998,-5.347000000000008,44,7.046,6
22813,1,0.698,0.817,-41.46199999999999,24.990999999999985,24.991,19.601,-21.86099999999999,44,7.046,7
12467,1,0.615,0.704,-26.602000000000004,15.396000000000015,15.396,16.72200000000001,-9.879999999999995,44,7.046,8
21822,1,0.641,0.621,-15.396000000000015,19.15700000000001,19.157,-3.4850000000000136,-18.881,44,7.046,9
14530,1,0.597,0.624,-31.87100000000001,50.81299999999999,50.813,9.025000000000006,-22.846000000000004,44,7.046,10
17668,1,0.617,0.536,-45.63900000000001,57.36699999999999,57.367,21.591000000000008,-24.048000000000002,44,7.046,11
19258,1,0.766,0.544,-44.60300000000001,37.363,37.363,39.52699999999999,-5.075999999999993,44,7.046,12
16305,1,0.829,0.609,-60.111999999999995,27.257000000000005,27.257,52.33500000000001,-7.776999999999987,44,7.046,13
15723,1,0.388,0.591,-32.66499999999999,18.224999999999994,18.225,12.705000000000013,-19.960000000000008,44,7.046,14
5618,1,0.979,0.889,-37.489000000000004,105.40899999999999,105.409,-2.4410000000000025,-39.93000000000001,44,7.046,15
41247,1,0.475,0.457,-37.09,31.498999999999995,31.499,12.430000000000007,-24.659999999999997,44,7.046,16
23236,1,0.531,0.529,-34.12700000000001,46.89500000000001,46.895,25.65299999999999,-8.47399999999999,44,7.046,17
32015,1,0.533,0.558,-27.84899999999999,51.327,51.327,-2.2179999999999893,-30.067000000000007,44,7.046,18
42922,1,1.452,0.833,-44.953,94.05200000000002,94.052,42.68299999999999,-2.2700000000000102,44,7.046,19
1952,1,0.713,0.676,-28.206999999999994,24.382000000000005,24.382,25.74600000000001,-2.4610000000000127,44,7.046,20
38449,1,0.537,0.695,-56.238,26.099999999999994,26.1,32.31200000000001,-23.925999999999988,45,7.046,1
19258,1,0.766,0.544,-44.60300000000001,37.363,37.363,39.52699999999999,-5.075999999999993,45,7.046,2
14530,1,0.597,0.624,-31.87100000000001,50.81299999999999,50.813,9.025000000000006,-22.846000000000004,45,7.046,3
24528,1,0.568,0.649,-46.488,27.860000000000014,27.86,18.566000000000003,-27.921999999999997,45,7.046,4
1952,1,0.713,0.676,-28.206999999999994,24.382000000000005,24.382,25.74600000000001,-2.4610000000000127,45,7.046,5
10508,1,0.793,0.668,-42.89099999999999,26.641999999999996,26.642,37.54399999999998,-5.347000000000008,45,7.046,6
5618,1,0.979,0.889,-37.489000000000004,105.40899999999999,105.409,-2.4410000000000025,-39.93000000000001,45,7.046,7
17668,1,0.617,0.536,-45.63900000000001,57.36699999999999,57.367,21.591000000000008,-24.048000000000002,45,7.046,8
30332,1,0.732,0.739,-20.788999999999987,23.432999999999993,23.433,10.84299999999999,-9.945999999999998,45,7.046,9
36726,1,0.619,0.787,-44.545000000000016,28.712999999999994,28.713,45.166,0.6209999999999809,45,7.046,10
16305,1,0.829,0.609,-60.111999999999995,27.257000000000005,27.257,52.33500000000001,-7.776999999999987,45,7.046,11
42922,1,1.452,0.833,-44.953,94.05200000000002,94.052,42.68299999999999,-2.2700000000000102,45,7.046,12
15723,1,0.388,0.591,-32.66499999999999,18.224999999999994,18.225,12.705000000000013,-19.960000000000008,45,7.046,13
22813,1,0.698,0.817,-41.46199999999999,24.990999999999985,24.991,19.601,-21.86099999999999,45,7.046,14
32015,1,0.533,0.558,-27.84899999999999,51.327,51.327,-2.2179999999999893,-30.067000000000007,45,7.046,15
41247,1,0.475,0.457,-37.09,31.498999999999995,31.499,12.430000000000007,-24.659999999999997,45,7.046,16
41764,1,0.401,0.634,-51.992999999999995,47.24000000000001,47.24,28.860000000000014,-23.13300000000001,45,7.046,17
23236,1,0.531,0.529,-34.12700000000001,46.89500000000001,46.895,25.65299999999999,-8.47399999999999,45,7.046,18
21822,1,0.641,0.621,-15.396000000000015,19.15700000000001,19.157,-3.4850000000000136,-18.881,45,7.046,19
12467,1,0.615,0.704,-26.602000000000004,15.396000000000015,15.396,16.72200000000001,-9.879999999999995,45,7.046,20
42922,1,1.452,0.833,-44.953,94.05200000000002,94.052,42.68299999999999,-2.2700000000000102,46,7.046,1
23236,1,0.531,0.529,-34.12700000000001,46.89500000000001,46.895,25.65299999999999,-8.47399999999999,46,7.046,2
38449,1,0.537,0.695,-56.238,26.099999999999994,26.1,32.31200000000001,-23.925999999999988,46,7.046,3
15723,1,0.388,0.591,-32.66499999999999,18.224999999999994,18.225,12.705000000000013,-19.960000000000008,46,7.046,4
1952,1,0.713,0.676,-28.206999999999994,24.382000000000005,24.382,25.74600000000001,-2.4610000000000127,46,7.046,5
32015,1,0.533,0.558,-27.84899999999999,51.327,51.327,-2.2179999999999893,-30.067000000000007,46,7.046,6
36726,1,0.619,0.787,-44.545000000000016,28.712999999999994,28.713,45.166,0.6209999999999809,46,7.046,7
24528,1,0.568,0.649,-46.488,27.860000000000014,27.86,18.566000000000003,-27.921999999999997,46,7.046,8
41247,1,0.475,0.457,-37.09,31.498999999999995,31.499,12.430000000000007,-24.659999999999997,46,7.046,9
21822,1,0.641,0.621,-15.396000000000015,19.15700000000001,19.157,-3.4850000000000136,-18.881,46,7.046,10
41764,1,0.401,0.634,-51.992999999999995,47.24000000000001,47.24,28.860000000000014,-23.13300000000001,46,7.046,11
5618,1,0.979,0.889,-37.489000000000004,105.40899999999999,105.409,-2.4410000000000025,-39.93000000000001,46,7.046,12
10508,1,0.793,0.668,-42.89099999999999,26.641999999999996,26.642,37.54399999999998,-5.347000000000008,46,7.046,13
30332,1,0.732,0.739,-20.788999999999987,23.432999999999993,23.433,10.84299999999999,-9.945999999999998,46,7.046,14
22813,1,0.698,0.817,-41.46199999999999,24.990999999999985,24.991,19.601,-21.86099999999999,46,7.046,15
16305,1,0.829,0.609,-60.111999999999995,27.257000000000005,27.257,52.33500000000001,-7.776999999999987,46,7.046,16
14530,1,0.597,0.624,-31.87100000000001,50.81299999999999,50.813,9.025000000000006,-22.846000000000004,46,7.046,17
19258,1,0.766,0.544,-44.60300000000001,37.363,37.363,39.52699999999999,-5.075999999999993,46,7.046,18
12467,1,0.615,0.704,-26.602000000000004,15.396000000000015,15.396,16.72200000000001,-9.879999999999995,46,7.046,19
17668,1,0.617,0.536,-45.63900000000001,57.36699999999999,57.367,21.591000000000008,-24.048000000000002,46,7.046,20
23236,1,0.531,0.529,-34.12700000000001,46.89500000000001,46.895,25.65299999999999,-8.47399999999999,47,7.046,1
42922,1,1.452,0.833,-44.953,94.05200000000002,94.052,42.68299999999999,-2.2700000000000102,47,7.046,2
5618,1,0.979,0.889,-37.489000000000004,105.40899999999999,105.409,-2.4410000000000025,-39.93000000000001,47,7.046,3
38449,1,0.537,0.695,-56.238,26.099999999999994,26.1,32.31200000000001,-23.925999999999988,47,7.046,4
1952,1,0.713,0.676,-28.206999999999994,24.382000000000005,24.382,25.74600000000001,-2.4610000000000127,47,7.046,5
24528,1,0.568,0.649,-46.488,27.860000000000014,27.86,18.566000000000003,-27.921999999999997,47,7.046,6
17668,1,0.617,0.536,-45.63900000000001,57.36699999999999,57.367,21.591000000000008,-24.048000000000002,47,7.046,7
10508,1,0.793,0.668,-42.89099999999999,26.641999999999996,26.642,37.54399999999998,-5.347000000000008,47,7.046,8
19258,1,0.766,0.544,-44.60300000000001,37.363,37.363,39.52699999999999,-5.075999999999993,47,7.046,9
14530,1,0.597,0.624,-31.87100000000001,50.81299999999999,50.813,9.025000000000006,-22.846000000000004,47,7.046,10
30332,1,0.732,0.739,-20.788999999999987,23.432999999999993,23.433,10.84299999999999,-9.945999999999998,47,7.046,11
32015,1,0.533,0.558,-27.84899999999999,51.327,51.327,-2.2179999999999893,-30.067000000000007,47,7.046,12
36726,1,0.619,0.787,-44.545000000000016,28.712999999999994,28.713,45.166,0.6209999999999809,47,7.046,13
21822,1,0.641,0.621,-15.396000000000015,19.15700000000001,19.157,-3.4850000000000136,-18.881,47,7.046,14
15723,1,0.388,0.591,-32.66499999999999,18.224999999999994,18.225,12.705000000000013,-19.960000000000008,47,7.046,15
12467,1,0.615,0.704,-26.602000000000004,15.396000000000015,15.396,16.72200000000001,-9.879999999999995,47,7.046,16
41764,1,0.401,0.634,-51.992999999999995,47.24000000000001,47.24,28.860000000000014,-23.13300000000001,47,7.046,17
16305,1,0.829,0.609,-60.111999999999995,27.257000000000005,27.257,52.33500000000001,-7.776999999999987,47,7.046,18
22813,1,0.698,0.817,-41.46199999999999,24.990999999999985,24.991,19.601,-21.86099999999999,47,7.046,19
41247,1,0.475,0.457,-37.09,31.498999999999995,31.499,12.430000000000007,-24.659999999999997,47,7.046,20
22813,1,0.698,0.817,-41.46199999999999,24.990999999999985,24.991,19.601,-21.86099999999999,48,7.046,1
36726,1,0.619,0.787,-44.545000000000016,28.712999999999994,28.713,45.166,0.6209999999999809,48,7.046,2
41247,1,0.475,0.457,-37.09,31.498999999999995,31.499,12.430000000000007,-24.659999999999997,48,7.046,3
23236,1,0.531,0.529,-34.12700000000001,46.89500000000001,46.895,25.65299999999999,-8.47399999999999,48,7.046,4
10508,1,0.793,0.668,-42.89099999999999,26.641999999999996,26.642,37.54399999999998,-5.347000000000008,48,7.046,5
41764,1,0.401,0.634,-51.992999999999995,47.24000000000001,47.24,28.860000000000014,-23.13300000000001,48,7.046,6
14530,1,0.597,0.624,-31.87100000000001,50.81299999999999,50.813,9.025000000000006,-22.846000000000004,48,7.046,7
32015,1,0.533,0.558,-27.84899999999999,51.327,51.327,-2.2179999999999893,-30.067000000000007,48,7.046,8
5618,1,0.979,0.889,-37.489000000000004,105.40899999999999,105.409,-2.4410000000000025,-39.93000000000001,48,7.046,9
42922,1,1.452,0.833,-44.953,94.05200000000002,94.052,42.68299999999999,-2.2700000000000102,48,7.046,10
21822,1,0.641,0.621,-15.396000000000015,19.15700000000001,19.157,-3.4850000000000136,-18.881,48,7.046,11
15723,1,0.388,0.591,-32.66499999999999,18.224999999999994,18.225,12.705000000000013,-19.960000000000008,48,7.046,12
17668,1,0.617,0.536,-45.63900000000001,57.36699999999999,57.367,21.591000000000008,-24.048000000000002,48,7.046,13
19258,1,0.766,0.544,-44.60300000000001,37.363,37.363,39.52699999999999,-5.075999999999993,48,7.046,14
30332,1,0.732,0.739,-20.788999999999987,23.432999999999993,23.433,10.84299999999999,-9.945999999999998,48,7.046,15
12467,1,0.615,0.704,-26.602000000000004,15.396000000000015,15.396,16.72200000000001,-9.879999999999995,48,7.046,16
24528,1,0.568,0.649,-46.488,27.860000000000014,27.86,18.566000000000003,-27.921999999999997,48,7.046,17
38449,1,0.537,0.695,-56.238,26.099999999999994,26.1,32.31200000000001,-23.925999999999988,48,7.046,18
1952,1,0.713,0.676,-28.206999999999994,24.382000000000005,24.382,25.74600000000001,-2.4610000000000127,48,7.046,19
16305,1,0.829,0.609,-60.111999999999995,27.257000000000005,27.257,52.33500000000001,-7.776999999999987,48,7.046,20
10508,1,0.793,0.668,-42.89099999999999,26.641999999999996,26.642,37.54399999999998,-5.347000000000008,49,7.046,1
38449,1,0.537,0.695,-56.238,26.099999999999994,26.1,32.31200000000001,-23.925999999999988,49,7.046,2
24528,1,0.568,0.649,-46.488,27.860000000000014,27.86,18.566000000000003,-27.921999999999997,49,7.046,3
41247,1,0.475,0.457,-37.09,31.498999999999995,31.499,12.430000000000007,-24.659999999999997,49,7.046,4
21822,1,0.641,0.621,-15.396000000000015,19.15700000000001,19.157,-3.4850000000000136,-18.881,49,7.046,5
1952,1,0.713,0.676,-28.206999999999994,24.382000000000005,24.382,25.74600000000001,-2.4610000000000127,49,7.046,6
15723,1,0.388,0.591,-32.66499999999999,18.224999999999994,18.225,12.705000000000013,-19.960000000000008,49,7.046,7
41764,1,0.401,0.634,-51.992999999999995,47.24000000000001,47.24,28.860000000000014,-23.13300000000001,49,7.046,8
23236,1,0.531,0.529,-34.12700000000001,46.89500000000001,46.895,25.65299999999999,-8.47399999999999,49,7.046,9
16305,1,0.829,0.609,-60.111999999999995,27.257000000000005,27.257,52.33500000000001,-7.776999999999987,49,7.046,10
32015,1,0.533,0.558,-27.84899999999999,51.327,51.327,-2.2179999999999893,-30.067000000000007,49,7.046,11
19258,1,0.766,0.544,-44.60300000000001,37.363,37.363,39.52699999999999,-5.075999999999993,49,7.046,12
14530,1,0.597,0.624,-31.87100000000001,50.81299999999999,50.813,9.025000000000006,-22.846000000000004,49,7.046,13
17668,1,0.617,0.536,-45.63900000000001,57.36699999999999,57.367,21.591000000000008,-24.048000000000002,49,7.046,14
42922,1,1.452,0.833,-44.953,94.05200000000002,94.052,42.68299999999999,-2.2700000000000102,49,7.046,15
36726,1,0.619,0.787,-44.545000000000016,28.712999999999994,28.713,45.166,0.6209999999999809,49,7.046,16
5618,1,0.979,0.889,-37.489000000000004,105.40899999999999,105.409,-2.4410000000000025,-39.93000000000001,49,7.046,17
30332,1,0.732,0.739,-20.788999999999987,23.432999999999993,23.433,10.84299999999999,-9.945999999999998,49,7.046,18
22813,1,0.698,0.817,-41.46199999999999,24.990999999999985,24.991,19.601,-21.86099999999999,49,7.046,19
12467,1,0.615,0.704,-26.602000000000004,15.396000000000015,15.396,16.72200000000001,-9.879999999999995,49,7.046,20
12467,1,0.615,0.704,-26.602000000000004,15.396000000000015,15.396,16.72200000000001,-9.879999999999995,50,7.046,1
38449,1,0.537,0.695,-56.238,26.099999999999994,26.1,32.31200000000001,-23.925999999999988,50,7.046,2
41764,1,0.401,0.634,-51.992999999999995,47.24000000000001,47.24,28.860000000000014,-23.13300000000001,50,7.046,3
42922,1,1.452,0.833,-44.953,94.05200000000002,94.052,42.68299999999999,-2.2700000000000102,50,7.046,4
14530,1,0.597,0.624,-31.87100000000001,50.81299999999999,50.813,9.025000000000006,-22.846000000000004,50,7.046,5
10508,1,0.793,0.668,-42.89099999999999,26.641999999999996,26.642,37.54399999999998,-5.347000000000008,50,7.046,6
30332,1,0.732,0.739,-20.788999999999987,23.432999999999993,23.433,10.84299999999999,-9.945999999999998,50,7.046,7
5618,1,0.979,0.889,-37.489000000000004,105.40899999999999,105.409,-2.4410000000000025,-39.93000000000001,50,7.046,8
23236,1,0.531,0.529,-34.12700000000001,46.89500000000001,46.895,25.65299999999999,-8.47399999999999,50,7.046,9
41247,1,0.475,0.457,-37.09,31.498999999999995,31.499,12.430000000000007,-24.659999999999997,50,7.046,10
17668,1,0.617,0.536,-45.63900000000001,57.36699999999999,57.367,21.591000000000008,-24.048000000000002,50,7.046,11
16305,1,0.829,0.609,-60.111999999999995,27.257000000000005,27.257,52.33500000000001,-7.776999999999987,50,7.046,12
19258,1,0.766,0.544,-44.60300000000001,37.363,37.363,39.52699999999999,-5.075999999999993,50,7.046,13
32015,1,0.533,0.558,-27.84899999999999,51.327,51.327,-2.2179999999999893,-30.067000000000007,50,7.046,14
22813,1,0.698,0.817,-41.46199999999999,24.990999999999985,24.991,19.601,-21.86099999999999,50,7.046,15
24528,1,0.568,0.649,-46.488,27.860000000000014,27.86,18.566000000000003,-27.921999999999997,50,7.046,16
15723,1,0.388,0.591,-32.66499999999999,18.224999999999994,18.225,12.705000000000013,-19.960000000000008,50,7.046,17
1952,1,0.713,0.676,-28.206999999999994,24.382000000000005,24.382,25.74600000000001,-2.4610000000000127,50,7.046,18
21822,1,0.641,0.621,-15.396000000000015,19.15700000000001,19.157,-3.4850000000000136,-18.881,50,7.046,19
36726,1,0.619,0.787,-44.545000000000016,28.712999999999994,28.713,45.166,0.6209999999999809,50,7.046,20
17668,1,0.617,0.536,-45.63900000000001,57.36699999999999,57.367,21.591000000000008,-24.048000000000002,51,7.046,1
38449,1,0.537,0.695,-56.238,26.099999999999994,26.1,32.31200000000001,-23.925999999999988,51,7.046,2
14530,1,0.597,0.624,-31.87100000000001,50.81299999999999,50.813,9.025000000000006,-22.846000000000004,51,7.046,3
36726,1,0.619,0.787,-44.545000000000016,28.712999999999994,28.713,45.166,0.6209999999999809,51,7.046,4
19258,1,0.766,0.544,-44.60300000000001,37.363,37.363,39.52699999999999,-5.075999999999993,51,7.046,5
22813,1,0.698,0.817,-41.46199999999999,24.990999999999985,24.991,19.601,-21.86099999999999,51,7.046,6
16305,1,0.829,0.609,-60.111999999999995,27.257000000000005,27.257,52.33500000000001,-7.776999999999987,51,7.046,7
32015,1,0.533,0.558,-27.84899999999999,51.327,51.327,-2.2179999999999893,-30.067000000000007,51,7.046,8
41247,1,0.475,0.457,-37.09,31.498999999999995,31.499,12.430000000000007,-24.659999999999997,51,7.046,9
1952,1,0.713,0.676,-28.206999999999994,24.382000000000005,24.382,25.74600000000001,-2.4610000000000127,51,7.046,10
5618,1,0.979,0.889,-37.489000000000004,105.40899999999999,105.409,-2.4410000000000025,-39.93000000000001,51,7.046,11
12467,1,0.615,0.704,-26.602000000000004,15.396000000000015,15.396,16.72200000000001,-9.879999999999995,51,7.046,12
41764,1,0.401,0.634,-51.992999999999995,47.24000000000001,47.24,28.860000000000014,-23.13300000000001,51,7.046,13
15723,1,0.388,0.591,-32.66499999999999,18.224999999999994,18.225,12.705000000000013,-19.960000000000008,51,7.046,14
23236,1,0.531,0.529,-34.12700000000001,46.89500000000001,46.895,25.65299999999999,-8.47399999999999,51,7.046,15
10508,1,0.793,0.668,-42.89099999999999,26.641999999999996,26.642,37.54399999999998,-5.347000000000008,51,7.046,16
42922,1,1.452,0.833,-44.953,94.05200000000002,94.052,42.68299999999999,-2.2700000000000102,51,7.046,17
30332,1,0.732,0.739,-20.788999999999987,23.432999999999993,23.433,10.84299999999999,-9.945999999999998,51,7.046,18
21822,1,0.641,0.621,-15.396000000000015,19.15700000000001,19.157,-3.4850000000000136,-18.881,51,7.046,19
24528,1,0.568,0.649,-46.488,27.860000000000014,27.86,18.566000000000003,-27.921999999999997,51,7.046,20
15723,1,0.388,0.591,-32.66499999999999,18.224999999999994,18.225,12.705000000000013,-19.960000000000008,52,7.046,1
23236,1,0.531,0.529,-34.12700000000001,46.89500000000001,46.895,25.65299999999999,-8.47399999999999,52,7.046,2
30332,1,0.732,0.739,-20.788999999999987,23.432999999999993,23.433,10.84299999999999,-9.945999999999998,52,7.046,3
19258,1,0.766,0.544,-44.60300000000001,37.363,37.363,39.52699999999999,-5.075999999999993,52,7.046,4
41764,1,0.401,0.634,-51.992999999999995,47.24000000000001,47.24,28.860000000000014,-23.13300000000001,52,7.046,5
12467,1,0.615,0.704,-26.602000000000004,15.396000000000015,15.396,16.72200000000001,-9.879999999999995,52,7.046,6
16305,1,0.829,0.609,-60.111999999999995,27.257000000000005,27.257,52.33500000000001,-7.776999999999987,52,7.046,7
24528,1,0.568,0.649,-46.488,27.860000000000014,27.86,18.566000000000003,-27.921999999999997,52,7.046,8
36726,1,0.619,0.787,-44.545000000000016,28.712999999999994,28.713,45.166,0.6209999999999809,52,7.046,9
38449,1,0.537,0.695,-56.238,26.099999999999994,26.1,32.31200000000001,-23.925999999999988,52,7.046,10
32015,1,0.533,0.558,-27.84899999999999,51.327,51.327,-2.2179999999999893,-30.067000000000007,52,7.046,11
21822,1,0.641,0.621,-15.396000000000015,19.15700000000001,19.157,-3.4850000000000136,-18.881,52,7.046,12
41247,1,0.475,0.457,-37.09,31.498999999999995,31.499,12.430000000000007,-24.659999999999997,52,7.046,13
17668,1,0.617,0.536,-45.63900000000001,57.36699999999999,57.367,21.591000000000008,-24.048000000000002,52,7.046,14
5618,1,0.979,0.889,-37.489000000000004,105.40899999999999,105.409,-2.4410000000000025,-39.93000000000001,52,7.046,15
14530,1,0.597,0.624,-31.87100000000001,50.81299999999999,50.813,9.025000000000006,-22.846000000000004,52,7.046,16
42922,1,1.452,0.833,-44.953,94.05200000000002,94.052,42.68299999999999,-2.2700000000000102,52,7.046,17
1952,1,0.713,0.676,-28.206999999999994,24.382000000000005,24.382,25.74600000000001,-2.4610000000000127,52,7.046,18
10508,1,0.793,0.668,-42.89099999999999,26.641999999999996,26.642,37.54399999999998,-5.347000000000008,52,7.046,19
22813,1,0.698,0.817,-41.46199999999999,24.990999999999985,24.991,19.601,-21.86099999999999,52,7.046,20
22813,1,0.698,0.817,-41.46199999999999,24.990999999999985,24.991,19.601,-21.86099999999999,53,7.046,1
14530,1,0.597,0.624,-31.87100000000001,50.81299999999999,50.813,9.025000000000006,-22.846000000000004,53,7.046,2
1952,1,0.713,0.676,-28.206999999999994,24.382000000000005,24.382,25.74600000000001,-2.4610000000000127,53,7.046,3
41764,1,0.401,0.634,-51.992999999999995,47.24000000000001,47.24,28.860000000000014,-23.13300000000001,53,7.046,4
24528,1,0.568,0.649,-46.488,27.860000000000014,27.86,18.566000000000003,-27.921999999999997,53,7.046,5
41247,1,0.475,0.457,-37.09,31.498999999999995,31.499,12.430000000000007,-24.659999999999997,53,7.046,6
36726,1,0.619,0.787,-44.545000000000016,28.712999999999994,28.713,45.166,0.6209999999999809,53,7.046,7
38449,1,0.537,0.695,-56.238,26.099999999999994,26.1,32.31200000000001,-23.925999999999988,53,7.046,8
32015,1,0.533,0.558,-27.84899999999999,51.327,51.327,-2.2179999999999893,-30.067000000000007,53,7.046,9
12467,1,0.615,0.704,-26.602000000000004,15.396000000000015,15.396,16.72200000000001,-9.879999999999995,53,7.046,10
21822,1,0.641,0.621,-15.396000000000015,19.15700000000001,19.157,-3.4850000000000136,-18.881,53,7.046,11
16305,1,0.829,0.609,-60.111999999999995,27.257000000000005,27.257,52.33500000000001,-7.776999999999987,53,7.046,12
23236,1,0.531,0.529,-34.12700000000001,46.89500000000001,46.895,25.65299999999999,-8.47399999999999,53,7.046,13
5618,1,0.979,0.889,-37.489000000000004,105.40899999999999,105.409,-2.4410000000000025,-39.93000000000001,53,7.046,14
19258,1,0.766,0.544,-44.60300000000001,37.363,37.363,39.52699999999999,-5.075999999999993,53,7.046,15
15723,1,0.388,0.591,-32.66499999999999,18.224999999999994,18.225,12.705000000000013,-19.960000000000008,53,7.046,16
42922,1,1.452,0.833,-44.953,94.05200000000002,94.052,42.68299999999999,-2.2700000000000102,53,7.046,17
17668,1,0.617,0.536,-45.63900000000001,57.36699999999999,57.367,21.591000000000008,-24.048000000000002,53,7.046,18
30332,1,0.732,0.739,-20.788999999999987,23.432999999999993,23.433,10.84299999999999,-9.945999999999998,53,7.046,19
10508,1,0.793,0.668,-42.89099999999999,26.641999999999996,26.642,37.54399999999998,-5.347000000000008,53,7.046,20
15723,1,0.388,0.591,-32.66499999999999,18.224999999999994,18.225,12.705000000000013,-19.960000000000008,54,7.046,1
42922,1,1.452,0.833,-44.953,94.05200000000002,94.052,42.68299999999999,-2.2700000000000102,54,7.046,2
17668,1,0.617,0.536,-45.63900000000001,57.36699999999999,57.367,21.591000000000008,-24.048000000000002,54,7.046,3
14530,1,0.597,0.624,-31.87100000000001,50.81299999999999,50.813,9.025000000000006,-22.846000000000004,54,7.046,4
41247,1,0.475,0.457,-37.09,31.498999999999995,31.499,12.430000000000007,-24.659999999999997,54,7.046,5
1952,1,0.713,0.676,-28.206999999999994,24.382000000000005,24.382,25.74600000000001,-2.4610000000000127,54,7.046,6
19258,1,0.766,0.544,-44.60300000000001,37.363,37.363,39.52699999999999,-5.075999999999993,54,7.046,7
10508,1,0.793,0.668,-42.89099999999999,26.641999999999996,26.642,37.54399999999998,-5.347000000000008,54,7.046,8
41764,1,0.401,0.634,-51.992999999999995,47.24000000000001,47.24,28.860000000000014,-23.13300000000001,54,7.046,9
24528,1,0.568,0.649,-46.488,27.860000000000014,27.86,18.566000000000003,-27.921999999999997,54,7.046,10
5618,1,0.979,0.889,-37.489000000000004,105.40899999999999,105.409,-2.4410000000000025,-39.93000000000001,54,7.046,11
23236,1,0.531,0.529,-34.12700000000001,46.89500000000001,46.895,25.65299999999999,-8.47399999999999,54,7.046,12
12467,1,0.615,0.704,-26.602000000000004,15.396000000000015,15.396,16.72200000000001,-9.879999999999995,54,7.046,13
36726,1,0.619,0.787,-44.545000000000016,28.712999999999994,28.713,45.166,0.6209999999999809,54,7.046,14
32015,1,0.533,0.558,-27.84899999999999,51.327,51.327,-2.2179999999999893,-30.067000000000007,54,7.046,15
22813,1,0.698,0.817,-41.46199999999999,24.990999999999985,24.991,19.601,-21.86099999999999,54,7.046,16
21822,1,0.641,0.621,-15.396000000000015,19.15700000000001,19.157,-3.4850000000000136,-18.881,54,7.046,17
38449,1,0.537,0.695,-56.238,26.099999999999994,26.1,32.31200000000001,-23.925999999999988,54,7.046,18
16305,1,0.829,0.609,-60.111999999999995,27.257000000000005,27.257,52.33500000000001,-7.776999999999987,54,7.046,19
30332,1,0.732,0.739,-20.788999999999987,23.432999999999993,23.433,10.84299999999999,-9.945999999999998,54,7.046,20
41764,1,0.401,0.634,-51.992999999999995,47.24000000000001,47.24,28.860000000000014,-23.13300000000001,55,7.046,1
1952,1,0.713,0.676,-28.206999999999994,24.382000000000005,24.382,25.74600000000001,-2.4610000000000127,55,7.046,2
23236,1,0.531,0.529,-34.12700000000001,46.89500000000001,46.895,25.65299999999999,-8.47399999999999,55,7.046,3
32015,1,0.533,0.558,-27.84899999999999,51.327,51.327,-2.2179999999999893,-30.067000000000007,55,7.046,4
41247,1,0.475,0.457,-37.09,31.498999999999995,31.499,12.430000000000007,-24.659999999999997,55,7.046,5
42922,1,1.452,0.833,-44.953,94.05200000000002,94.052,42.68299999999999,-2.2700000000000102,55,7.046,6
14530,1,0.597,0.624,-31.87100000000001,50.81299999999999,50.813,9.025000000000006,-22.846000000000004,55,7.046,7
36726,1,0.619,0.787,-44.545000000000016,28.712999999999994,28.713,45.166,0.6209999999999809,55,7.046,8
15723,1,0.388,0.591,-32.66499999999999,18.224999999999994,18.225,12.705000000000013,-19.960000000000008,55,7.046,9
16305,1,0.829,0.609,-60.111999999999995,27.257000000000005,27.257,52.33500000000001,-7.776999999999987,55,7.046,10
17668,1,0.617,0.536,-45.63900000000001,57.36699999999999,57.367,21.591000000000008,-24.048000000000002,55,7.046,11
5618,1,0.979,0.889,-37.489000000000004,105.40899999999999,105.409,-2.4410000000000025,-39.93000000000001,55,7.046,12
12467,1,0.615,0.704,-26.602000000000004,15.396000000000015,15.396,16.72200000000001,-9.879999999999995,55,7.046,13
24528,1,0.568,0.649,-46.488,27.860000000000014,27.86,18.566000000000003,-27.921999999999997,55,7.046,14
38449,1,0.537,0.695,-56.238,26.099999999999994,26.1,32.31200000000001,-23.925999999999988,55,7.046,15
10508,1,0.793,0.668,-42.89099999999999,26.641999999999996,26.642,37.54399999999998,-5.347000000000008,55,7.046,16
21822,1,0.641,0.621,-15.396000000000015,19.15700000000001,19.157,-3.4850000000000136,-18.881,55,7.046,17
30332,1,0.732,0.739,-20.788999999999987,23.432999999999993,23.433,10.84299999999999,-9.945999999999998,55,7.046,18
19258,1,0.766,0.544,-44.60300000000001,37.363,37.363,39.52699999999999,-5.075999999999993,55,7.046,19
22813,1,0.698,0.817,-41.46199999999999,24.990999999999985,24.991,19.601,-21.86099999999999,55,7.046,20
36726,1,0.619,0.787,-44.545000000000016,28.712999999999994,28.713,45.166,0.6209999999999809,56,7.046,1
1952,1,0.713,0.676,-28.206999999999994,24.382000000000005,24.382,25.74600000000001,-2.4610000000000127,56,7.046,2
16305,1,0.829,0.609,-60.111999999999995,27.257000000000005,27.257,52.33500000000001,-7.776999999999987,56,7.046,3
32015,1,0.533,0.558,-27.84899999999999,51.327,51.327,-2.2179999999999893,-30.067000000000007,56,7.046,4
24528,1,0.568,0.649,-46.488,27.860000000000014,27.86,18.566000000000003,-27.921999999999997,56,7.046,5
42922,1,1.452,0.833,-44.953,94.05200000000002,94.052,42.68299999999999,-2.2700000000000102,56,7.046,6
41764,1,0.401,0.634,-51.992999999999995,47.24000000000001,47.24,28.860000000000014,-23.13300000000001,56,7.046,7
12467,1,0.615,0.704,-26.602000000000004,15.396000000000015,15.396,16.72200000000001,-9.879999999999995,56,7.046,8
14530,1,0.597,0.624,-31.87100000000001,50.81299999999999,50.813,9.025000000000006,-22.846000000000004,56,7.046,9
15723,1,0.388,0.591,-32.66499999999999,18.224999999999994,18.225,12.705000000000013,-19.960000000000008,56,7.046,10
17668,1,0.617,0.536,-45.63900000000001,57.36699999999999,57.367,21.591000000000008,-24.048000000000002,56,7.046,11
21822,1,0.641,0.621,-15.396000000000015,19.15700000000001,19.157,-3.4850000000000136,-18.881,56,7.046,12
38449,1,0.537,0.695,-56.238,26.099999999999994,26.1,32.31200000000001,-23.925999999999988,56,7.046,13
5618,1,0.979,0.889,-37.489000000000004,105.40899999999999,105.409,-2.4410000000000025,-39.93000000000001,56,7.046,14
30332,1,0.732,0.739,-20.788999999999987,23.432999999999993,23.433,10.84299999999999,-9.945999999999998,56,7.046,15
10508,1,0.793,0.668,-42.89099999999999,26.641999999999996,26.642,37.54399999999998,-5.347000000000008,56,7.046,16
23236,1,0.531,0.529,-34.12700000000001,46.89500000000001,46.895,25.65299999999999,-8.47399999999999,56,7.046,17
22813,1,0.698,0.817,-41.46199999999999,24.990999999999985,24.991,19.601,-21.86099999999999,56,7.046,18
19258,1,0.766,0.544,-44.60300000000001,37.363,37.363,39.52699999999999,-5.075999999999993,56,7.046,19
41247,1,0.475,0.457,-37.09,31.498999999999995,31.499,12.430000000000007,-24.659999999999997,56,7.046,20
15723,1,0.388,0.591,-32.66499999999999,18.224999999999994,18.225,12.705000000000013,-19.960000000000008,57,7.046,1
30332,1,0.732,0.739,-20.788999999999987,23.432999999999993,23.433,10.84299999999999,-9.945999999999998,57,7.046,2
21822,1,0.641,0.621,-15.396000000000015,19.15700000000001,19.157,-3.4850000000000136,-18.881,57,7.046,3
24528,1,0.568,0.649,-46.488,27.860000000000014,27.86,18.566000000000003,-27.921999999999997,57,7.046,4
38449,1,0.537,0.695,-56.238,26.099999999999994,26.1,32.31200000000001,-23.925999999999988,57,7.046,5
41247,1,0.475,0.457,-37.09,31.498999999999995,31.499,12.430000000000007,-24.659999999999997,57,7.046,6
5618,1,0.979,0.889,-37.489000000000004,105.40899999999999,105.409,-2.4410000000000025,-39.93000000000001,57,7.046,7
32015,1,0.533,0.558,-27.84899999999999,51.327,51.327,-2.2179999999999893,-30.067000000000007,57,7.046,8
12467,1,0.615,0.704,-26.602000000000004,15.396000000000015,15.396,16.72200000000001,-9.879999999999995,57,7.046,9
17668,1,0.617,0.536,-45.63900000000001,57.36699999999999,57.367,21.591000000000008,-24.048000000000002,57,7.046,10
19258,1,0.766,0.544,-44.60300000000001,37.363,37.363,39.52699999999999,-5.075999999999993,57,7.046,11
1952,1,0.713,0.676,-28.206999999999994,24.382000000000005,24.382,25.74600000000001,-2.4610000000000127,57,7.046,12
22813,1,0.698,0.817,-41.46199999999999,24.990999999999985,24.991,19.601,-21.86099999999999,57,7.046,13
23236,1,0.531,0.529,-34.12700000000001,46.89500000000001,46.895,25.65299999999999,-8.47399999999999,57,7.046,14
16305,1,0.829,0.609,-60.111999999999995,27.257000000000005,27.257,52.33500000000001,-7.776999999999987,57,7.046,15
14530,1,0.597,0.624,-31.87100000000001,50.81299999999999,50.813,9.025000000000006,-22.846000000000004,57,7.046,16
10508,1,0.793,0.668,-42.89099999999999,26.641999999999996,26.642,37.54399999999998,-5.347000000000008,57,7.046,17
42922,1,1.452,0.833,-44.953,94.05200000000002,94.052,42.68299999999999,-2.2700000000000102,57,7.046,18
41764,1,0.401,0.634,-51.992999999999995,47.24000000000001,47.24,28.860000000000014,-23.13300000000001,57,7.046,19
36726,1,0.619,0.787,-44.545000000000016,28.712999999999994,28.713,45.166,0.6209999999999809,57,7.046,20
38449,1,0.537,0.695,-56.238,26.099999999999994,26.1,32.31200000000001,-23.925999999999988,58,7.046,1
1952,1,0.713,0.676,-28.206999999999994,24.382000000000005,24.382,25.74600000000001,-2.4610000000000127,58,7.046,2
22813,1,0.698,0.817,-41.46199999999999,24.990999999999985,24.991,19.601,-21.86099999999999,58,7.046,3
10508,1,0.793,0.668,-42.89099999999999,26.641999999999996,26.642,37.54399999999998,-5.347000000000008,58,7.046,4
42922,1,1.452,0.833,-44.953,94.05200000000002,94.052,42.68299999999999,-2.2700000000000102,58,7.046,5
41764,1,0.401,0.634,-51.992999999999995,47.24000000000001,47.24,28.860000000000014,-23.13300000000001,58,7.046,6
15723,1,0.388,0.591,-32.66499999999999,18.224999999999994,18.225,12.705000000000013,-19.960000000000008,58,7.046,7
24528,1,0.568,0.649,-46.488,27.860000000000014,27.86,18.566000000000003,-27.921999999999997,58,7.046,8
30332,1,0.732,0.739,-20.788999999999987,23.432999999999993,23.433,10.84299999999999,-9.945999999999998,58,7.046,9
19258,1,0.766,0.544,-44.60300000000001,37.363,37.363,39.52699999999999,-5.075999999999993,58,7.046,10
17668,1,0.617,0.536,-45.63900000000001,57.36699999999999,57.367,21.591000000000008,-24.048000000000002,58,7.046,11
21822,1,0.641,0.621,-15.396000000000015,19.15700000000001,19.157,-3.4850000000000136,-18.881,58,7.046,12
41247,1,0.475,0.457,-37.09,31.498999999999995,31.499,12.430000000000007,-24.659999999999997,58,7.046,13
5618,1,0.979,0.889,-37.489000000000004,105.40899999999999,105.409,-2.4410000000000025,-39.93000000000001,58,7.046,14
32015,1,0.533,0.558,-27.84899999999999,51.327,51.327,-2.2179999999999893,-30.067000000000007,58,7.046,15
14530,1,0.597,0.624,-31.87100000000001,50.81299999999999,50.813,9.025000000000006,-22.846000000000004,58,7.046,16
23236,1,0.531,0.529,-34.12700000000001,46.89500000000001,46.895,25.65299999999999,-8.47399999999999,58,7.046,17
12467,1,0.615,0.704,-26.602000000000004,15.396000000000015,15.396,16.72200000000001,-9.879999999999995,58,7.046,18
36726,1,0.619,0.787,-44.545000000000016,28.712999999999994,28.713,45.166,0.6209999999999809,58,7.046,19
16305,1,0.829,0.609,-60.111999999999995,27.257000000000005,27.257,52.33500000000001,-7.776999999999987,58,7.046,20
22813,1,0.698,0.817,-41.46199999999999,24.990999999999985,24.991,19.601,-21.86099999999999,59,7.046,1
5618,1,0.979,0.889,-37.489000000000004,105.40899999999999,105.409,-2.4410000000000025,-39.93000000000001,59,7.046,2
41764,1,0.401,0.634,-51.992999999999995,47.24000000000001,47.24,28.860000000000014,-23.13300000000001,59,7.046,3
1952,1,0.713,0.676,-28.206999999999994,24.382000000000005,24.382,25.74600000000001,-2.4610000000000127,59,7.046,4
12467,1,0.615,0.704,-26.602000000000004,15.396000000000015,15.396,16.72200000000001,-9.879999999999995,59,7.046,5
42922,1,1.452,0.833,-44.953,94.05200000000002,94.052,42.68299999999999,-2.2700000000000102,59,7.046,6
19258,1,0.766,0.544,-44.60300000000001,37.363,37.363,39.52699999999999,-5.075999999999993,59,7.046,7
38449,1,0.537,0.695,-56.238,26.099999999999994,26.1,32.31200000000001,-23.925999999999988,59,7.046,8
23236,1,0.531,0.529,-34.12700000000001,46.89500000000001,46.895,25.65299999999999,-8.47399999999999,59,7.046,9
24528,1,0.568,0.649,-46.488,27.860000000000014,27.86,18.566000000000003,-27.921999999999997,59,7.046,10
15723,1,0.388,0.591,-32.66499999999999,18.224999999999994,18.225,12.705000000000013,-19.960000000000008,59,7.046,11
36726,1,0.619,0.787,-44.545000000000016,28.712999999999994,28.713,45.166,0.6209999999999809,59,7.046,12
32015,1,0.533,0.558,-27.84899999999999,51.327,51.327,-2.2179999999999893,-30.067000000000007,59,7.046,13
21822,1,0.641,0.621,-15.396000000000015,19.15700000000001,19.157,-3.4850000000000136,-18.881,59,7.046,14
41247,1,0.475,0.457,-37.09,31.498999999999995,31.499,12.430000000000007,-24.659999999999997,59,7.046,15
14530,1,0.597,0.624,-31.87100000000001,50.81299999999999,50.813,9.025000000000006,-22.846000000000004,59,7.046,16
30332,1,0.732,0.739,-20.788999999999987,23.432999999999993,23.433,10.84299999999999,-9.945999999999998,59,7.046,17
16305,1,0.829,0.609,-60.111999999999995,27.257000000000005,27.257,52.33500000000001,-7.776999999999987,59,7.046,18
17668,1,0.617,0.536,-45.63900000000001,57.36699999999999,57.367,21.591000000000008,-24.048000000000002,59,7.046,19
10508,1,0.793,0.668,-42.89099999999999,26.641999999999996,26.642,37.54399999999998,-5.347000000000008,59,7.046,20
38449,1,0.537,0.695,-56.238,26.099999999999994,26.1,32.31200000000001,-23.925999999999988,60,7.046,1
5618,1,0.979,0.889,-37.489000000000004,105.40899999999999,105.409,-2.4410000000000025,-39.93000000000001,60,7.046,2
10508,1,0.793,0.668,-42.89099999999999,26.641999999999996,26.642,37.54399999999998,-5.347000000000008,60,7.046,3
19258,1,0.766,0.544,-44.60300000000001,37.363,37.363,39.52699999999999,-5.075999999999993,60,7.046,4
22813,1,0.698,0.817,-41.46199999999999,24.990999999999985,24.991,19.601,-21.86099999999999,60,7.046,5
23236,1,0.531,0.529,-34.12700000000001,46.89500000000001,46.895,25.65299999999999,-8.47399999999999,60,7.046,6
42922,1,1.452,0.833,-44.953,94.05200000000002,94.052,42.68299999999999,-2.2700000000000102,60,7.046,7
32015,1,0.533,0.558,-27.84899999999999,51.327,51.327,-2.2179999999999893,-30.067000000000007,60,7.046,8
21822,1,0.641,0.621,-15.396000000000015,19.15700000000001,19.157,-3.4850000000000136,-18.881,60,7.046,9
36726,1,0.619,0.787,-44.545000000000016,28.712999999999994,28.713,45.166,0.6209999999999809,60,7.046,10
41247,1,0.475,0.457,-37.09,31.498999999999995,31.499,12.430000000000007,-24.659999999999997,60,7.046,11
1952,1,0.713,0.676,-28.206999999999994,24.382000000000005,24.382,25.74600000000001,-2.4610000000000127,60,7.046,12
30332,1,0.732,0.739,-20.788999999999987,23.432999999999993,23.433,10.84299999999999,-9.945999999999998,60,7.046,13
15723,1,0.388,0.591,-32.66499999999999,18.224999999999994,18.225,12.705000000000013,-19.960000000000008,60,7.046,14
24528,1,0.568,0.649,-46.488,27.860000000000014,27.86,18.566000000000003,-27.921999999999997,60,7.046,15
17668,1,0.617,0.536,-45.63900000000001,57.36699999999999,57.367,21.591000000000008,-24.048000000000002,60,7.046,16
12467,1,0.615,0.704,-26.602000000000004,15.396000000000015,15.396,16.72200000000001,-9.879999999999995,60,7.046,17
41764,1,0.401,0.634,-51.992999999999995,47.24000000000001,47.24,28.860000000000014,-23.13300000000001,60,7.046,18
14530,1,0.597,0.624,-31.87100000000001,50.81299999999999,50.813,9.025000000000006,-22.846000000000004,60,7.046,19
16305,1,0.829,0.609,-60.111999999999995,27.257000000000005,27.257,52.33500000000001,-7.776999999999987,60,7.046,20
12467,1,0.615,0.704,-26.602000000000004,15.396000000000015,15.396,16.72200000000001,-9.879999999999995,61,7.046,1
19258,1,0.766,0.544,-44.60300000000001,37.363,37.363,39.52699999999999,-5.075999999999993,61,7.046,2
10508,1,0.793,0.668,-42.89099999999999,26.641999999999996,26.642,37.54399999999998,-5.347000000000008,61,7.046,3
14530,1,0.597,0.624,-31.87100000000001,50.81299999999999,50.813,9.025000000000006,-22.846000000000004,61,7.046,4
32015,1,0.533,0.558,-27.84899999999999,51.327,51.327,-2.2179999999999893,-30.067000000000007,61,7.046,5
17668,1,0.617,0.536,-45.63900000000001,57.36699999999999,57.367,21.591000000000008,-24.048000000000002,61,7.046,6
30332,1,0.732,0.739,-20.788999999999987,23.432999999999993,23.433,10.84299999999999,-9.945999999999998,61,7.046,7
42922,1,1.452,0.833,-44.953,94.05200000000002,94.052,42.68299999999999,-2.2700000000000102,61,7.046,8
23236,1,0.531,0.529,-34.12700000000001,46.89500000000001,46.895,25.65299999999999,-8.47399999999999,61,7.046,9
22813,1,0.698,0.817,-41.46199999999999,24.990999999999985,24.991,19.601,-21.86099999999999,61,7.046,10
1952,1,0.713,0.676,-28.206999999999994,24.382000000000005,24.382,25.74600000000001,-2.4610000000000127,61,7.046,11
5618,1,0.979,0.889,-37.489000000000004,105.40899999999999,105.409,-2.4410000000000025,-39.93000000000001,61,7.046,12
16305,1,0.829,0.609,-60.111999999999995,27.257000000000005,27.257,52.33500000000001,-7.776999999999987,61,7.046,13
36726,1,0.619,0.787,-44.545000000000016,28.712999999999994,28.713,45.166,0.6209999999999809,61,7.046,14
15723,1,0.388,0.591,-32.66499999999999,18.224999999999994,18.225,12.705000000000013,-19.960000000000008,61,7.046,15
41247,1,0.475,0.457,-37.09,31.498999999999995,31.499,12.430000000000007,-24.659999999999997,61,7.046,16
24528,1,0.568,0.649,-46.488,27.860000000000014,27.86,18.566000000000003,-27.921999999999997,61,7.046,17
21822,1,0.641,0.621,-15.396000000000015,19.15700000000001,19.157,-3.4850000000000136,-18.881,61,7.046,18
38449,1,0.537,0.695,-56.238,26.099999999999994,26.1,32.31200000000001,-23.925999999999988,61,7.046,19
41764,1,0.401,0.634,-51.992999999999995,47.24000000000001,47.24,28.860000000000014,-23.13300000000001,61,7.046,20
19258,1,0.766,0.544,-44.60300000000001,37.363,37.363,39.52699999999999,-5.075999999999993,62,7.046,1
21822,1,0.641,0.621,-15.396000000000015,19.15700000000001,19.157,-3.4850000000000136,-18.881,62,7.046,2
12467,1,0.615,0.704,-26.602000000000004,15.396000000000015,15.396,16.72200000000001,-9.879999999999995,62,7.046,3
10508,1,0.793,0.668,-42.89099999999999,26.641999999999996,26.642,37.54399999999998,-5.347000000000008,62,7.046,4
1952,1,0.713,0.676,-28.206999999999994,24.382000000000005,24.382,25.74600000000001,-2.4610000000000127,62,7.046,5
32015,1,0.533,0.558,-27.84899999999999,51.327,51.327,-2.2179999999999893,-30.067000000000007,62,7.046,6
23236,1,0.531,0.529,-34.12700000000001,46.89500000000001,46.895,25.65299999999999,-8.47399999999999,62,7.046,7
30332,1,0.732,0.739,-20.788999999999987,23.432999999999993,23.433,10.84299999999999,-9.945999999999998,62,7.046,8
38449,1,0.537,0.695,-56.238,26.099999999999994,26.1,32.31200000000001,-23.925999999999988,62,7.046,9
36726,1,0.619,0.787,-44.545000000000016,28.712999999999994,28.713,45.166,0.6209999999999809,62,7.046,10
17668,1,0.617,0.536,-45.63900000000001,57.36699999999999,57.367,21.591000000000008,-24.048000000000002,62,7.046,11
22813,1,0.698,0.817,-41.46199999999999,24.990999999999985,24.991,19.601,-21.86099999999999,62,7.046,12
15723,1,0.388,0.591,-32.66499999999999,18.224999999999994,18.225,12.705000000000013,-19.960000000000008,62,7.046,13
41764,1,0.401,0.634,-51.992999999999995,47.24000000000001,47.24,28.860000000000014,-23.13300000000001,62,7.046,14
16305,1,0.829,0.609,-60.111999999999995,27.257000000000005,27.257,52.33500000000001,-7.776999999999987,62,7.046,15
41247,1,0.475,0.457,-37.09,31.498999999999995,31.499,12.430000000000007,-24.659999999999997,62,7.046,16
24528,1,0.568,0.649,-46.488,27.860000000000014,27.86,18.566000000000003,-27.921999999999997,62,7.046,17
14530,1,0.597,0.624,-31.87100000000001,50.81299999999999,50.813,9.025000000000006,-22.846000000000004,62,7.046,18
5618,1,0.979,0.889,-37.489000000000004,105.40899999999999,105.409,-2.4410000000000025,-39.93000000000001,62,7.046,19
42922,1,1.452,0.833,-44.953,94.05200000000002,94.052,42.68299999999999,-2.2700000000000102,62,7.046,20
10508,1,0.793,0.668,-42.89099999999999,26.641999999999996,26.642,37.54399999999998,-5.347000000000008,63,7.046,1
42922,1,1.452,0.833,-44.953,94.05200000000002,94.052,42.68299999999999,-2.2700000000000102,63,7.046,2
22813,1,0.698,0.817,-41.46199999999999,24.990999999999985,24.991,19.601,-21.86099999999999,63,7.046,3
1952,1,0.713,0.676,-28.206999999999994,24.382000000000005,24.382,25.74600000000001,-2.4610000000000127,63,7.046,4
21822,1,0.641,0.621,-15.396000000000015,19.15700000000001,19.157,-3.4850000000000136,-18.881,63,7.046,5
36726,1,0.619,0.787,-44.545000000000016,28.712999999999994,28.713,45.166,0.6209999999999809,63,7.046,6
14530,1,0.597,0.624,-31.87100000000001,50.81299999999999,50.813,9.025000000000006,-22.846000000000004,63,7.046,7
23236,1,0.531,0.529,-34.12700000000001,46.89500000000001,46.895,25.65299999999999,-8.47399999999999,63,7.046,8
38449,1,0.537,0.695,-56.238,26.099999999999994,26.1,32.31200000000001,-23.925999999999988,63,7.046,9
41247,1,0.475,0.457,-37.09,31.498999999999995,31.499,12.430000000000007,-24.659999999999997,63,7.046,10
17668,1,0.617,0.536,-45.63900000000001,57.36699999999999,57.367,21.591000000000008,-24.048000000000002,63,7.046,11
32015,1,0.533,0.558,-27.84899999999999,51.327,51.327,-2.2179999999999893,-30.067000000000007,63,7.046,12
15723,1,0.388,0.591,-32.66499999999999,18.224999999999994,18.225,12.705000000000013,-19.960000000000008,63,7.046,13
24528,1,0.568,0.649,-46.488,27.860000000000014,27.86,18.566000000000003,-27.921999999999997,63,7.046,14
5618,1,0.979,0.889,-37.489000000000004,105.40899999999999,105.409,-2.4410000000000025,-39.93000000000001,63,7.046,15
19258,1,0.766,0.544,-44.60300000000001,37.363,37.363,39.52699999999999,-5.075999999999993,63,7.046,16
41764,1,0.401,0.634,-51.992999999999995,47.24000000000001,47.24,28.860000000000014,-23.13300000000001,63,7.046,17
16305,1,0.829,0.609,-60.111999999999995,27.257000000000005,27.257,52.33500000000001,-7.776999999999987,63,7.046,18
30332,1,0.732,0.739,-20.788999999999987,23.432999999999993,23.433,10.84299999999999,-9.945999999999998,63,7.046,19
12467,1,0.615,0.704,-26.602000000000004,15.396000000000015,15.396,16.72200000000001,-9.879999999999995,63,7.046,20
36726,1,0.619,0.787,-44.545000000000016,28.712999999999994,28.713,45.166,0.6209999999999809,64,7.046,1
14530,1,0.597,0.624,-31.87100000000001,50.81299999999999,50.813,9.025000000000006,-22.846000000000004,64,7.046,2
17668,1,0.617,0.536,-45.63900000000001,57.36699999999999,57.367,21.591000000000008,-24.048000000000002,64,7.046,3
30332,1,0.732,0.739,-20.788999999999987,23.432999999999993,23.433,10.84299999999999,-9.945999999999998,64,7.046,4
38449,1,0.537,0.695,-56.238,26.099999999999994,26.1,32.31200000000001,-23.925999999999988,64,7.046,5
15723,1,0.388,0.591,-32.66499999999999,18.224999999999994,18.225,12.705000000000013,-19.960000000000008,64,7.046,6
5618,1,0.979,0.889,-37.489000000000004,105.40899999999999,105.409,-2.4410000000000025,-39.93000000000001,64,7.046,7
1952,1,0.713,0.676,-28.206999999999994,24.382000000000005,24.382,25.74600000000001,-2.4610000000000127,64,7.046,8
10508,1,0.793,0.668,-42.89099999999999,26.641999999999996,26.642,37.54399999999998,-5.347000000000008,64,7.046,9
32015,1,0.533,0.558,-27.84899999999999,51.327,51.327,-2.2179999999999893,-30.067000000000007,64,7.046,10
24528,1,0.568,0.649,-46.488,27.860000000000014,27.86,18.566000000000003,-27.921999999999997,64,7.046,11
16305,1,0.829,0.609,-60.111999999999995,27.257000000000005,27.257,52.33500000000001,-7.776999999999987,64,7.046,12
21822,1,0.641,0.621,-15.396000000000015,19.15700000000001,19.157,-3.4850000000000136,-18.881,64,7.046,13
42922,1,1.452,0.833,-44.953,94.05200000000002,94.052,42.68299999999999,-2.2700000000000102,64,7.046,14
23236,1,0.531,0.529,-34.12700000000001,46.89500000000001,46.895,25.65299999999999,-8.47399999999999,64,7.046,15
19258,1,0.766,0.544,-44.60300000000001,37.363,37.363,39.52699999999999,-5.075999999999993,64,7.046,16
12467,1,0.615,0.704,-26.602000000000004,15.396000000000015,15.396,16.72200000000001,-9.879999999999995,64,7.046,17
22813,1,0.698,0.817,-41.46199999999999,24.990999999999985,24.991,19.601,-21.86099999999999,64,7.046,18
41764,1,0.401,0.634,-51.992999999999995,47.24000000000001,47.24,28.860000000000014,-23.13300000000001,64,7.046,19
41247,1,0.475,0.457,-37.09,31.498999999999995,31.499,12.430000000000007,-24.659999999999997,64,7.046,20
21822,1,0.641,0.621,-15.396000000000015,19.15700000000001,19.157,-3.4850000000000136,-18.881,65,7.046,1
16305,1,0.829,0.609,-60.111999999999995,27.257000000000005,27.257,52.33500000000001,-7.776999999999987,65,7.046,2
24528,1,0.568,0.649,-46.488,27.860000000000014,27.86,18.566000000000003,-27.921999999999997,65,7.046,3
41247,1,0.475,0.457,-37.09,31.498999999999995,31.499,12.430000000000007,-24.659999999999997,65,7.046,4
17668,1,0.617,0.536,-45.63900000000001,57.36699999999999,57.367,21.591000000000008,-24.048000000000002,65,7.046,5
12467,1,0.615,0.704,-26.602000000000004,15.396000000000015,15.396,16.72200000000001,-9.879999999999995,65,7.046,6
14530,1,0.597,0.624,-31.87100000000001,50.81299999999999,50.813,9.025000000000006,-22.846000000000004,65,7.046,7
38449,1,0.537,0.695,-56.238,26.099999999999994,26.1,32.31200000000001,-23.925999999999988,65,7.046,8
15723,1,0.388,0.591,-32.66499999999999,18.224999999999994,18.225,12.705000000000013,-19.960000000000008,65,7.046,9
32015,1,0.533,0.558,-27.84899999999999,51.327,51.327,-2.2179999999999893,-30.067000000000007,65,7.046,10
19258,1,0.766,0.544,-44.60300000000001,37.363,37.363,39.52699999999999,-5.075999999999993,65,7.046,11
1952,1,0.713,0.676,-28.206999999999994,24.382000000000005,24.382,25.74600000000001,-2.4610000000000127,65,7.046,12
42922,1,1.452,0.833,-44.953,94.05200000000002,94.052,42.68299999999999,-2.2700000000000102,65,7.046,13
23236,1,0.531,0.529,-34.12700000000001,46.89500000000001,46.895,25.65299999999999,-8.47399999999999,65,7.046,14
41764,1,0.401,0.634,-51.992999999999995,47.24000000000001,47.24,28.860000000000014,-23.13300000000001,65,7.046,15
30332,1,0.732,0.739,-20.788999999999987,23.432999999999993,23.433,10.84299999999999,-9.945999999999998,65,7.046,16
5618,1,0.979,0.889,-37.489000000000004,105.40899999999999,105.409,-2.4410000000000025,-39.93000000000001,65,7.046,17
36726,1,0.619,0.787,-44.545000000000016,28.712999999999994,28.713,45.166,0.6209999999999809,65,7.046,18
22813,1,0.698,0.817,-41.46199999999999,24.990999999999985,24.991,19.601,-21.86099999999999,65,7.046,19
10508,1,0.793,0.668,-42.89099999999999,26.641999999999996,26.642,37.54399999999998,-5.347000000000008,65,7.046,20
38449,1,0.537,0.695,-56.238,26.099999999999994,26.1,32.31200000000001,-23.925999999999988,66,7.046,1
23236,1,0.531,0.529,-34.12700000000001,46.89500000000001,46.895,25.65299999999999,-8.47399999999999,66,7.046,2
5618,1,0.979,0.889,-37.489000000000004,105.40899999999999,105.409,-2.4410000000000025,-39.93000000000001,66,7.046,3
16305,1,0.829,0.609,-60.111999999999995,27.257000000000005,27.257,52.33500000000001,-7.776999999999987,66,7.046,4
15723,1,0.388,0.591,-32.66499999999999,18.224999999999994,18.225,12.705000000000013,-19.960000000000008,66,7.046,5
24528,1,0.568,0.649,-46.488,27.860000000000014,27.86,18.566000000000003,-27.921999999999997,66,7.046,6
41764,1,0.401,0.634,-51.992999999999995,47.24000000000001,47.24,28.860000000000014,-23.13300000000001,66,7.046,7
14530,1,0.597,0.624,-31.87100000000001,50.81299999999999,50.813,9.025000000000006,-22.846000000000004,66,7.046,8
17668,1,0.617,0.536,-45.63900000000001,57.36699999999999,57.367,21.591000000000008,-24.048000000000002,66,7.046,9
41247,1,0.475,0.457,-37.09,31.498999999999995,31.499,12.430000000000007,-24.659999999999997,66,7.046,10
21822,1,0.641,0.621,-15.396000000000015,19.15700000000001,19.157,-3.4850000000000136,-18.881,66,7.046,11
10508,1,0.793,0.668,-42.89099999999999,26.641999999999996,26.642,37.54399999999998,-5.347000000000008,66,7.046,12
12467,1,0.615,0.704,-26.602000000000004,15.396000000000015,15.396,16.72200000000001,-9.879999999999995,66,7.046,13
32015,1,0.533,0.558,-27.84899999999999,51.327,51.327,-2.2179999999999893,-30.067000000000007,66,7.046,14
19258,1,0.766,0.544,-44.60300000000001,37.363,37.363,39.52699999999999,-5.075999999999993,66,7.046,15
30332,1,0.732,0.739,-20.788999999999987,23.432999999999993,23.433,10.84299999999999,-9.945999999999998,66,7.046,16
36726,1,0.619,0.787,-44.545000000000016,28.712999999999994,28.713,45.166,0.6209999999999809,66,7.046,17
1952,1,0.713,0.676,-28.206999999999994,24.382000000000005,24.382,25.74600000000001,-2.4610000000000127,66,7.046,18
42922,1,1.452,0.833,-44.953,94.05200000000002,94.052,42.68299999999999,-2.2700000000000102,66,7.046,19
22813,1,0.698,0.817,-41.46199999999999,24.990999999999985,24.991,19.601,-21.86099999999999,66,7.046,20
23236,1,0.531,0.529,-34.12700000000001,46.89500000000001,46.895,25.65299999999999,-8.47399999999999,67,7.046,1
16305,1,0.829,0.609,-60.111999999999995,27.257000000000005,27.257,52.33500000000001,-7.776999999999987,67,7.046,2
36726,1,0.619,0.787,-44.545000000000016,28.712999999999994,28.713,45.166,0.6209999999999809,67,7.046,3
30332,1,0.732,0.739,-20.788999999999987,23.432999999999993,23.433,10.84299999999999,-9.945999999999998,67,7.046,4
21822,1,0.641,0.621,-15.396000000000015,19.15700000000001,19.157,-3.4850000000000136,-18.881,67,7.046,5
14530,1,0.597,0.624,-31.87100000000001,50.81299999999999,50.813,9.025000000000006,-22.846000000000004,67,7.046,6
24528,1,0.568,0.649,-46.488,27.860000000000014,27.86,18.566000000000003,-27.921999999999997,67,7.046,7
41247,1,0.475,0.457,-37.09,31.498999999999995,31.499,12.430000000000007,-24.659999999999997,67,7.046,8
15723,1,0.388,0.591,-32.66499999999999,18.224999999999994,18.225,12.705000000000013,-19.960000000000008,67,7.046,9
19258,1,0.766,0.544,-44.60300000000001,37.363,37.363,39.52699999999999,-5.075999999999993,67,7.046,10
12467,1,0.615,0.704,-26.602000000000004,15.396000000000015,15.396,16.72200000000001,-9.879999999999995,67,7.046,11
38449,1,0.537,0.695,-56.238,26.099999999999994,26.1,32.31200000000001,-23.925999999999988,67,7.046,12
41764,1,0.401,0.634,-51.992999999999995,47.24000000000001,47.24,28.860000000000014,-23.13300000000001,67,7.046,13
42922,1,1.452,0.833,-44.953,94.05200000000002,94.052,42.68299999999999,-2.2700000000000102,67,7.046,14
1952,1,0.713,0.676,-28.206999999999994,24.382000000000005,24.382,25.74600000000001,-2.4610000000000127,67,7.046,15
17668,1,0.617,0.536,-45.63900000000001,57.36699999999999,57.367,21.591000000000008,-24.048000000000002,67,7.046,16
22813,1,0.698,0.817,-41.46199999999999,24.990999999999985,24.991,19.601,-21.86099999999999,67,7.046,17
10508,1,0.793,0.668,-42.89099999999999,26.641999999999996,26.642,37.54399999999998,-5.347000000000008,67,7.046,18
32015,1,0.533,0.558,-27.84899999999999,51.327,51.327,-2.2179999999999893,-30.067000000000007,67,7.046,19
5618,1,0.979,0.889,-37.489000000000004,105.40899999999999,105.409,-2.4410000000000025,-39.93000000000001,67,7.046,20
21822,1,0.641,0.621,-15.396000000000015,19.15700000000001,19.157,-3.4850000000000136,-18.881,68,7.046,1
5618,1,0.979,0.889,-37.489000000000004,105.40899999999999,105.409,-2.4410000000000025,-39.93000000000001,68,7.046,2
32015,1,0.533,0.558,-27.84899999999999,51.327,51.327,-2.2179999999999893,-30.067000000000007,68,7.046,3
41247,1,0.475,0.457,-37.09,31.498999999999995,31.499,12.430000000000007,-24.659999999999997,68,7.046,4
30332,1,0.732,0.739,-20.788999999999987,23.432999999999993,23.433,10.84299999999999,-9.945999999999998,68,7.046,5
38449,1,0.537,0.695,-56.238,26.099999999999994,26.1,32.31200000000001,-23.925999999999988,68,7.046,6
23236,1,0.531,0.529,-34.12700000000001,46.89500000000001,46.895,25.65299999999999,-8.47399999999999,68,7.046,7
1952,1,0.713,0.676,-28.206999999999994,24.382000000000005,24.382,25.74600000000001,-2.4610000000000127,68,7.046,8
19258,1,0.766,0.544,-44.60300000000001,37.363,37.363,39.52699999999999,-5.075999999999993,68,7.046,9
41764,1,0.401,0.634,-51.992999999999995,47.24000000000001,47.24,28.860000000000014,-23.13300000000001,68,7.046,10
17668,1,0.617,0.536,-45.63900000000001,57.36699999999999,57.367,21.591000000000008,-24.048000000000002,68,7.046,11
10508,1,0.793,0.668,-42.89099999999999,26.641999999999996,26.642,37.54399999999998,-5.347000000000008,68,7.046,12
14530,1,0.597,0.624,-31.87100000000001,50.81299999999999,50.813,9.025000000000006,-22.846000000000004,68,7.046,13
24528,1,0.568,0.649,-46.488,27.860000000000014,27.86,18.566000000000003,-27.921999999999997,68,7.046,14
42922,1,1.452,0.833,-44.953,94.05200000000002,94.052,42.68299999999999,-2.2700000000000102,68,7.046,15
36726,1,0.619,0.787,-44.545000000000016,28.712999999999994,28.713,45.166,0.6209999999999809,68,7.046,16
22813,1,0.698,0.817,-41.46199999999999,24.990999999999985,24.991,19.601,-21.86099999999999,68,7.046,17
15723,1,0.388,0.591,-32.66499999999999,18.224999999999994,18.225,12.705000000000013,-19.960000000000008,68,7.046,18
12467,1,0.615,0.704,-26.602000000000004,15.396000000000015,15.396,16.72200000000001,-9.879999999999995,68,7.046,19
16305,1,0.829,0.609,-60.111999999999995,27.257000000000005,27.257,52.33500000000001,-7.776999999999987,68,7.046,20
41764,1,0.401,0.634,-51.992999999999995,47.24000000000001,47.24,28.860000000000014,-23.13300000000001,69,7.046,1
19258,1,0.766,0.544,-44.60300000000001,37.363,37.363,39.52699999999999,-5.075999999999993,69,7.046,2
10508,1,0.793,0.668,-42.89099999999999,26.641999999999996,26.642,37.54399999999998,-5.347000000000008,69,7.046,3
32015,1,0.533,0.558,-27.84899999999999,51.327,51.327,-2.2179999999999893,-30.067000000000007,69,7.046,4
42922,1,1.452,0.833,-44.953,94.05200000000002,94.052,42.68299999999999,-2.2700000000000102,69,7.046,5
41247,1,0.475,0.457,-37.09,31.498999999999995,31.499,12.430000000000007,-24.659999999999997,69,7.046,6
22813,1,0.698,0.817,-41.46199999999999,24.990999999999985,24.991,19.601,-21.86099999999999,69,7.046,7
24528,1,0.568,0.649,-46.488,27.860000000000014,27.86,18.566000000000003,-27.921999999999997,69,7.046,8
14530,1,0.597,0.624,-31.87100000000001,50.81299999999999,50.813,9.025000000000006,-22.846000000000004,69,7.046,9
36726,1,0.619,0.787,-44.545000000000016,28.712999999999994,28.713,45.166,0.6209999999999809,69,7.046,10
1952,1,0.713,0.676,-28.206999999999994,24.382000000000005,24.382,25.74600000000001,-2.4610000000000127,69,7.046,11
16305,1,0.829,0.609,-60.111999999999995,27.257000000000005,27.257,52.33500000000001,-7.776999999999987,69,7.046,12
23236,1,0.531,0.529,-34.12700000000001,46.89500000000001,46.895,25.65299999999999,-8.47399999999999,69,7.046,13
21822,1,0.641,0.621,-15.396000000000015,19.15700000000001,19.157,-3.4850000000000136,-18.881,69,7.046,14
5618,1,0.979,0.889,-37.489000000000004,105.40899999999999,105.409,-2.4410000000000025,-39.93000000000001,69,7.046,15
30332,1,0.732,0.739,-20.788999999999987,23.432999999999993,23.433,10.84299999999999,-9.945999999999998,69,7.046,16
12467,1,0.615,0.704,-26.602000000000004,15.396000000000015,15.396,16.72200000000001,-9.879999999999995,69,7.046,17
38449,1,0.537,0.695,-56.238,26.099999999999994,26.1,32.31200000000001,-23.925999999999988,69,7.046,18
15723,1,0.388,0.591,-32.66499999999999,18.224999999999994,18.225,12.705000000000013,-19.960000000000008,69,7.046,19
17668,1,0.617,0.536,-45.63900000000001,57.36699999999999,57.367,21.591000000000008,-24.048000000000002,69,7.046,20
15723,1,0.388,0.591,-32.66499999999999,18.224999999999994,18.225,12.705000000000013,-19.960000000000008,70,7.046,1
32015,1,0.533,0.558,-27.84899999999999,51.327,51.327,-2.2179999999999893,-30.067000000000007,70,7.046,2
5618,1,0.979,0.889,-37.489000000000004,105.40899999999999,105.409,-2.4410000000000025,-39.93000000000001,70,7.046,3
10508,1,0.793,0.668,-42.89099999999999,26.641999999999996,26.642,37.54399999999998,-5.347000000000008,70,7.046,4
41247,1,0.475,0.457,-37.09,31.498999999999995,31.499,12.430000000000007,-24.659999999999997,70,7.046,5
21822,1,0.641,0.621,-15.396000000000015,19.15700000000001,19.157,-3.4850000000000136,-18.881,70,7.046,6
38449,1,0.537,0.695,-56.238,26.099999999999994,26.1,32.31200000000001,-23.925999999999988,70,7.046,7
23236,1,0.531,0.529,-34.12700000000001,46.89500000000001,46.895,25.65299999999999,-8.47399999999999,70,7.046,8
22813,1,0.698,0.817,-41.46199999999999,24.990999999999985,24.991,19.601,-21.86099999999999,70,7.046,9
12467,1,0.615,0.704,-26.602000000000004,15.396000000000015,15.396,16.72200000000001,-9.879999999999995,70,7.046,10
17668,1,0.617,0.536,-45.63900000000001,57.36699999999999,57.367,21.591000000000008,-24.048000000000002,70,7.046,11
42922,1,1.452,0.833,-44.953,94.05200000000002,94.052,42.68299999999999,-2.2700000000000102,70,7.046,12
30332,1,0.732,0.739,-20.788999999999987,23.432999999999993,23.433,10.84299999999999,-9.945999999999998,70,7.046,13
36726,1,0.619,0.787,-44.545000000000016,28.712999999999994,28.713,45.166,0.6209999999999809,70,7.046,14
16305,1,0.829,0.609,-60.111999999999995,27.257000000000005,27.257,52.33500000000001,-7.776999999999987,70,7.046,15
41764,1,0.401,0.634,-51.992999999999995,47.24000000000001,47.24,28.860000000000014,-23.13300000000001,70,7.046,16
1952,1,0.713,0.676,-28.206999999999994,24.382000000000005,24.382,25.74600000000001,-2.4610000000000127,70,7.046,17
14530,1,0.597,0.624,-31.87100000000001,50.81299999999999,50.813,9.025000000000006,-22.846000000000004,70,7.046,18
24528,1,0.568,0.649,-46.488,27.860000000000014,27.86,18.566000000000003,-27.921999999999997,70,7.046,19
19258,1,0.766,0.544,-44.60300000000001,37.363,37.363,39.52699999999999,-5.075999999999993,70,7.046,20
41764,1,0.401,0.634,-51.992999999999995,47.24000000000001,47.24,28.860000000000014,-23.13300000000001,71,7.046,1
21822,1,0.641,0.621,-15.396000000000015,19.15700000000001,19.157,-3.4850000000000136,-18.881,71,7.046,2
17668,1,0.617,0.536,-45.63900000000001,57.36699999999999,57.367,21.591000000000008,-24.048000000000002,71,7.046,3
41247,1,0.475,0.457,-37.09,31.498999999999995,31.499,12.430000000000007,-24.659999999999997,71,7.046,4
23236,1,0.531,0.529,-34.12700000000001,46.89500000000001,46.895,25.65299999999999,-8.47399999999999,71,7.046,5
16305,1,0.829,0.609,-60.111999999999995,27.257000000000005,27.257,52.33500000000001,-7.776999999999987,71,7.046,6
19258,1,0.766,0.544,-44.60300000000001,37.363,37.363,39.52699999999999,-5.075999999999993,71,7.046,7
1952,1,0.713,0.676,-28.206999999999994,24.382000000000005,24.382,25.74600000000001,-2.4610000000000127,71,7.046,8
42922,1,1.452,0.833,-44.953,94.05200000000002,94.052,42.68299999999999,-2.2700000000000102,71,7.046,9
38449,1,0.537,0.695,-56.238,26.099999999999994,26.1,32.31200000000001,-23.925999999999988,71,7.046,10
36726,1,0.619,0.787,-44.545000000000016,28.712999999999994,28.713,45.166,0.6209999999999809,71,7.046,11
10508,1,0.793,0.668,-42.89099999999999,26.641999999999996,26.642,37.54399999999998,-5.347000000000008,71,7.046,12
14530,1,0.597,0.624,-31.87100000000001,50.81299999999999,50.813,9.025000000000006,-22.846000000000004,71,7.046,13
30332,1,0.732,0.739,-20.788999999999987,23.432999999999993,23.433,10.84299999999999,-9.945999999999998,71,7.046,14
32015,1,0.533,0.558,-27.84899999999999,51.327,51.327,-2.2179999999999893,-30.067000000000007,71,7.046,15
12467,1,0.615,0.704,-26.602000000000004,15.396000000000015,15.396,16.72200000000001,-9.879999999999995,71,7.046,16
24528,1,0.568,0.649,-46.488,27.860000000000014,27.86,18.566000000000003,-27.921999999999997,71,7.046,17
5618,1,0.979,0.889,-37.489000000000004,105.40899999999999,105.409,-2.4410000000000025,-39.93000000000001,71,7.046,18
15723,1,0.388,0.591,-32.66499999999999,18.224999999999994,18.225,12.705000000000013,-19.960000000000008,71,7.046,19
22813,1,0.698,0.817,-41.46199999999999,24.990999999999985,24.991,19.601,-21.86099999999999,71,7.046,20
38449,1,0.537,0.695,-56.238,26.099999999999994,26.1,32.31200000000001,-23.925999999999988,72,7.046,1
21822,1,0.641,0.621,-15.396000000000015,19.15700000000001,19.157,-3.4850000000000136,-18.881,72,7.046,2
41764,1,0.401,0.634,-51.992999999999995,47.24000000000001,47.24,28.860000000000014,-23.13300000000001,72,7.046,3
10508,1,0.793,0.668,-42.89099999999999,26.641999999999996,26.642,37.54399999999998,-5.347000000000008,72,7.046,4
12467,1,0.615,0.704,-26.602000000000004,15.396000000000015,15.396,16.72200000000001,-9.879999999999995,72,7.046,5
42922,1,1.452,0.833,-44.953,94.05200000000002,94.052,42.68299999999999,-2.2700000000000102,72,7.046,6
17668,1,0.617,0.536,-45.63900000000001,57.36699999999999,57.367,21.591000000000008,-24.048000000000002,72,7.046,7
14530,1,0.597,0.624,-31.87100000000001,50.81299999999999,50.813,9.025000000000006,-22.846000000000004,72,7.046,8
41247,1,0.475,0.457,-37.09,31.498999999999995,31.499,12.430000000000007,-24.659999999999997,72,7.046,9
15723,1,0.388,0.591,-32.66499999999999,18.224999999999994,18.225,12.705000000000013,-19.960000000000008,72,7.046,10
32015,1,0.533,0.558,-27.84899999999999,51.327,51.327,-2.2179999999999893,-30.067000000000007,72,7.046,11
23236,1,0.531,0.529,-34.12700000000001,46.89500000000001,46.895,25.65299999999999,-8.47399999999999,72,7.046,12
1952,1,0.713,0.676,-28.206999999999994,24.382000000000005,24.382,25.74600000000001,-2.4610000000000127,72,7.046,13
5618,1,0.979,0.889,-37.489000000000004,105.40899999999999,105.409,-2.4410000000000025,-39.93000000000001,72,7.046,14
22813,1,0.698,0.817,-41.46199999999999,24.990999999999985,24.991,19.601,-21.86099999999999,72,7.046,15
19258,1,0.766,0.544,-44.60300000000001,37.363,37.363,39.52699999999999,-5.075999999999993,72,7.046,16
36726,1,0.619,0.787,-44.545000000000016,28.712999999999994,28.713,45.166,0.6209999999999809,72,7.046,17
16305,1,0.829,0.609,-60.111999999999995,27.257000000000005,27.257,52.33500000000001,-7.776999999999987,72,7.046,18
24528,1,0.568,0.649,-46.488,27.860000000000014,27.86,18.566000000000003,-27.921999999999997,72,7.046,19
30332,1,0.732,0.739,-20.788999999999987,23.432999999999993,23.433,10.84299999999999,-9.945999999999998,72,7.046,20
38449,1,0.537,0.695,-56.238,26.099999999999994,26.1,32.31200000000001,-23.925999999999988,73,7.046,1
17668,1,0.617,0.536,-45.63900000000001,57.36699999999999,57.367,21.591000000000008,-24.048000000000002,73,7.046,2
12467,1,0.615,0.704,-26.602000000000004,15.396000000000015,15.396,16.72200000000001,-9.879999999999995,73,7.046,3
1952,1,0.713,0.676,-28.206999999999994,24.382000000000005,24.382,25.74600000000001,-2.4610000000000127,73,7.046,4
30332,1,0.732,0.739,-20.788999999999987,23.432999999999993,23.433,10.84299999999999,-9.945999999999998,73,7.046,5
19258,1,0.766,0.544,-44.60300000000001,37.363,37.363,39.52699999999999,-5.075999999999993,73,7.046,6
41247,1,0.475,0.457,-37.09,31.498999999999995,31.499,12.430000000000007,-24.659999999999997,73,7.046,7
15723,1,0.388,0.591,-32.66499999999999,18.224999999999994,18.225,12.705000000000013,-19.960000000000008,73,7.046,8
21822,1,0.641,0.621,-15.396000000000015,19.15700000000001,19.157,-3.4850000000000136,-18.881,73,7.046,9
5618,1,0.979,0.889,-37.489000000000004,105.40899999999999,105.409,-2.4410000000000025,-39.93000000000001,73,7.046,10
16305,1,0.829,0.609,-60.111999999999995,27.257000000000005,27.257,52.33500000000001,-7.776999999999987,73,7.046,11
36726,1,0.619,0.787,-44.545000000000016,28.712999999999994,28.713,45.166,0.6209999999999809,73,7.046,12
14530,1,0.597,0.624,-31.87100000000001,50.81299999999999,50.813,9.025000000000006,-22.846000000000004,73,7.046,13
42922,1,1.452,0.833,-44.953,94.05200000000002,94.052,42.68299999999999,-2.2700000000000102,73,7.046,14
32015,1,0.533,0.558,-27.84899999999999,51.327,51.327,-2.2179999999999893,-30.067000000000007,73,7.046,15
10508,1,0.793,0.668,-42.89099999999999,26.641999999999996,26.642,37.54399999999998,-5.347000000000008,73,7.046,16
23236,1,0.531,0.529,-34.12700000000001,46.89500000000001,46.895,25.65299999999999,-8.47399999999999,73,7.046,17
41764,1,0.401,0.634,-51.992999999999995,47.24000000000001,47.24,28.860000000000014,-23.13300000000001,73,7.046,18
24528,1,0.568,0.649,-46.488,27.860000000000014,27.86,18.566000000000003,-27.921999999999997,73,7.046,19
22813,1,0.698,0.817,-41.46199999999999,24.990999999999985,24.991,19.601,-21.86099999999999,73,7.046,20
32015,1,0.533,0.558,-27.84899999999999,51.327,51.327,-2.2179999999999893,-30.067000000000007,74,7.046,1
42922,1,1.452,0.833,-44.953,94.05200000000002,94.052,42.68299999999999,-2.2700000000000102,74,7.046,2
41764,1,0.401,0.634,-51.992999999999995,47.24000000000001,47.24,28.860000000000014,-23.13300000000001,74,7.046,3
23236,1,0.531,0.529,-34.12700000000001,46.89500000000001,46.895,25.65299999999999,-8.47399999999999,74,7.046,4
1952,1,0.713,0.676,-28.206999999999994,24.382000000000005,24.382,25.74600000000001,-2.4610000000000127,74,7.046,5
24528,1,0.568,0.649,-46.488,27.860000000000014,27.86,18.566000000000003,-27.921999999999997,74,7.046,6
19258,1,0.766,0.544,-44.60300000000001,37.363,37.363,39.52699999999999,-5.075999999999993,74,7.046,7
16305,1,0.829,0.609,-60.111999999999995,27.257000000000005,27.257,52.33500000000001,-7.776999999999987,74,7.046,8
38449,1,0.537,0.695,-56.238,26.099999999999994,26.1,32.31200000000001,-23.925999999999988,74,7.046,9
14530,1,0.597,0.624,-31.87100000000001,50.81299999999999,50.813,9.025000000000006,-22.846000000000004,74,7.046,10
15723,1,0.388,0.591,-32.66499999999999,18.224999999999994,18.225,12.705000000000013,-19.960000000000008,74,7.046,11
12467,1,0.615,0.704,-26.602000000000004,15.396000000000015,15.396,16.72200000000001,-9.879999999999995,74,7.046,12
36726,1,0.619,0.787,-44.545000000000016,28.712999999999994,28.713,45.166,0.6209999999999809,74,7.046,13
17668,1,0.617,0.536,-45.63900000000001,57.36699999999999,57.367,21.591000000000008,-24.048000000000002,74,7.046,14
22813,1,0.698,0.817,-41.46199999999999,24.990999999999985,24.991,19.601,-21.86099999999999,74,7.046,15
10508,1,0.793,0.668,-42.89099999999999,26.641999999999996,26.642,37.54399999999998,-5.347000000000008,74,7.046,16
21822,1,0.641,0.621,-15.396000000000015,19.15700000000001,19.157,-3.4850000000000136,-18.881,74,7.046,17
30332,1,0.732,0.739,-20.788999999999987,23.432999999999993,23.433,10.84299999999999,-9.945999999999998,74,7.046,18
5618,1,0.979,0.889,-37.489000000000004,105.40899999999999,105.409,-2.4410000000000025,-39.93000000000001,74,7.046,19
41247,1,0.475,0.457,-37.09,31.498999999999995,31.499,12.430000000000007,-24.659999999999997,74,7.046,20
17668,1,0.617,0.536,-45.63900000000001,57.36699999999999,57.367,21.591000000000008,-24.048000000000002,75,7.046,1
41247,1,0.475,0.457,-37.09,31.498999999999995,31.499,12.430000000000007,-24.659999999999997,75,7.046,2
12467,1,0.615,0.704,-26.602000000000004,15.396000000000015,15.396,16.72200000000001,-9.879999999999995,75,7.046,3
5618,1,0.979,0.889,-37.489000000000004,105.40899999999999,105.409,-2.4410000000000025,-39.93000000000001,75,7.046,4
24528,1,0.568,0.649,-46.488,27.860000000000014,27.86,18.566000000000003,-27.921999999999997,75,7.046,5
32015,1,0.533,0.558,-27.84899999999999,51.327,51.327,-2.2179999999999893,-30.067000000000007,75,7.046,6
42922,1,1.452,0.833,-44.953,94.05200000000002,94.052,42.68299999999999,-2.2700000000000102,75,7.046,7
10508,1,0.793,0.668,-42.89099999999999,26.641999999999996,26.642,37.54399999999998,-5.347000000000008,75,7.046,8
19258,1,0.766,0.544,-44.60300000000001,37.363,37.363,39.52699999999999,-5.075999999999993,75,7.046,9
14530,1,0.597,0.624,-31.87100000000001,50.81299999999999,50.813,9.025000000000006,-22.846000000000004,75,7.046,10
22813,1,0.698,0.817,-41.46199999999999,24.990999999999985,24.991,19.601,-21.86099999999999,75,7.046,11
21822,1,0.641,0.621,-15.396000000000015,19.15700000000001,19.157,-3.4850000000000136,-18.881,75,7.046,12
16305,1,0.829,0.609,-60.111999999999995,27.257000000000005,27.257,52.33500000000001,-7.776999999999987,75,7.046,13
1952,1,0.713,0.676,-28.206999999999994,24.382000000000005,24.382,25.74600000000001,-2.4610000000000127,75,7.046,14
30332,1,0.732,0.739,-20.788999999999987,23.432999999999993,23.433,10.84299999999999,-9.945999999999998,75,7.046,15
36726,1,0.619,0.787,-44.545000000000016,28.712999999999994,28.713,45.166,0.6209999999999809,75,7.046,16
23236,1,0.531,0.529,-34.12700000000001,46.89500000000001,46.895,25.65299999999999,-8.47399999999999,75,7.046,17
41764,1,0.401,0.634,-51.992999999999995,47.24000000000001,47.24,28.860000000000014,-23.13300000000001,75,7.046,18
15723,1,0.388,0.591,-32.66499999999999,18.224999999999994,18.225,12.705000000000013,-19.960000000000008,75,7.046,19
38449,1,0.537,0.695,-56.238,26.099999999999994,26.1,32.31200000000001,-23.925999999999988,75,7.046,20
15723,1,0.388,0.591,-32.66499999999999,18.224999999999994,18.225,12.705000000000013,-19.960000000000008,76,7.046,1
42922,1,1.452,0.833,-44.953,94.05200000000002,94.052,42.68299999999999,-2.2700000000000102,76,7.046,2
30332,1,0.732,0.739,-20.788999999999987,23.432999999999993,23.433,10.84299999999999,-9.945999999999998,76,7.046,3
22813,1,0.698,0.817,-41.46199999999999,24.990999999999985,24.991,19.601,-21.86099999999999,76,7.046,4
12467,1,0.615,0.704,-26.602000000000004,15.396000000000015,15.396,16.72200000000001,-9.879999999999995,76,7.046,5
14530,1,0.597,0.624,-31.87100000000001,50.81299999999999,50.813,9.025000000000006,-22.846000000000004,76,7.046,6
10508,1,0.793,0.668,-42.89099999999999,26.641999999999996,26.642,37.54399999999998,-5.347000000000008,76,7.046,7
32015,1,0.533,0.558,-27.84899999999999,51.327,51.327,-2.2179999999999893,-30.067000000000007,76,7.046,8
24528,1,0.568,0.649,-46.488,27.860000000000014,27.86,18.566000000000003,-27.921999999999997,76,7.046,9
19258,1,0.766,0.544,-44.60300000000001,37.363,37.363,39.52699999999999,-5.075999999999993,76,7.046,10
21822,1,0.641,0.621,-15.396000000000015,19.15700000000001,19.157,-3.4850000000000136,-18.881,76,7.046,11
16305,1,0.829,0.609,-60.111999999999995,27.257000000000005,27.257,52.33500000000001,-7.776999999999987,76,7.046,12
41247,1,0.475,0.457,-37.09,31.498999999999995,31.499,12.430000000000007,-24.659999999999997,76,7.046,13
23236,1,0.531,0.529,-34.12700000000001,46.89500000000001,46.895,25.65299999999999,-8.47399999999999,76,7.046,14
41764,1,0.401,0.634,-51.992999999999995,47.24000000000001,47.24,28.860000000000014,-23.13300000000001,76,7.046,15
1952,1,0.713,0.676,-28.206999999999994,24.382000000000005,24.382,25.74600000000001,-2.4610000000000127,76,7.046,16
38449,1,0.537,0.695,-56.238,26.099999999999994,26.1,32.31200000000001,-23.925999999999988,76,7.046,17
5618,1,0.979,0.889,-37.489000000000004,105.40899999999999,105.409,-2.4410000000000025,-39.93000000000001,76,7.046,18
17668,1,0.617,0.536,-45.63900000000001,57.36699999999999,57.367,21.591000000000008,-24.048000000000002,76,7.046,19
36726,1,0.619,0.787,-44.545000000000016,28.712999999999994,28.713,45.166,0.6209999999999809,76,7.046,20
5618,1,0.979,0.889,-37.489000000000004,105.40899999999999,105.409,-2.4410000000000025,-39.93000000000001,77,7.046,1
10508,1,0.793,0.668,-42.89099999999999,26.641999999999996,26.642,37.54399999999998,-5.347000000000008,77,7.046,2
41764,1,0.401,0.634,-51.992999999999995,47.24000000000001,47.24,28.860000000000014,-23.13300000000001,77,7.046,3
32015,1,0.533,0.558,-27.84899999999999,51.327,51.327,-2.2179999999999893,-30.067000000000007,77,7.046,4
12467,1,0.615,0.704,-26.602000000000004,15.396000000000015,15.396,16.72200000000001,-9.879999999999995,77,7.046,5
19258,1,0.766,0.544,-44.60300000000001,37.363,37.363,39.52699999999999,-5.075999999999993,77,7.046,6
16305,1,0.829,0.609,-60.111999999999995,27.257000000000005,27.257,52.33500000000001,-7.776999999999987,77,7.046,7
42922,1,1.452,0.833,-44.953,94.05200000000002,94.052,42.68299999999999,-2.2700000000000102,77,7.046,8
22813,1,0.698,0.817,-41.46199999999999,24.990999999999985,24.991,19.601,-21.86099999999999,77,7.046,9
15723,1,0.388,0.591,-32.66499999999999,18.224999999999994,18.225,12.705000000000013,-19.960000000000008,77,7.046,10
30332,1,0.732,0.739,-20.788999999999987,23.432999999999993,23.433,10.84299999999999,-9.945999999999998,77,7.046,11
1952,1,0.713,0.676,-28.206999999999994,24.382000000000005,24.382,25.74600000000001,-2.4610000000000127,77,7.046,12
17668,1,0.617,0.536,-45.63900000000001,57.36699999999999,57.367,21.591000000000008,-24.048000000000002,77,7.046,13
14530,1,0.597,0.624,-31.87100000000001,50.81299999999999,50.813,9.025000000000006,-22.846000000000004,77,7.046,14
23236,1,0.531,0.529,-34.12700000000001,46.89500000000001,46.895,25.65299999999999,-8.47399999999999,77,7.046,15
36726,1,0.619,0.787,-44.545000000000016,28.712999999999994,28.713,45.166,0.6209999999999809,77,7.046,16
24528,1,0.568,0.649,-46.488,27.860000000000014,27.86,18.566000000000003,-27.921999999999997,77,7.046,17
41247,1,0.475,0.457,-37.09,31.498999999999995,31.499,12.430000000000007,-24.659999999999997,77,7.046,18
38449,1,0.537,0.695,-56.238,26.099999999999994,26.1,32.31200000000001,-23.925999999999988,77,7.046,19
21822,1,0.641,0.621,-15.396000000000015,19.15700000000001,19.157,-3.4850000000000136,-18.881,77,7.046,20
10508,1,0.793,0.668,-42.89099999999999,26.641999999999996,26.642,37.54399999999998,-5.347000000000008,78,7.046,1
38449,1,0.537,0.695,-56.238,26.099999999999994,26.1,32.31200000000001,-23.925999999999988,78,7.046,2
19258,1,0.766,0.544,-44.60300000000001,37.363,37.363,39.52699999999999,-5.075999999999993,78,7.046,3
15723,1,0.388,0.591,-32.66499999999999,18.224999999999994,18.225,12.705000000000013,-19.960000000000008,78,7.046,4
42922,1,1.452,0.833,-44.953,94.05200000000002,94.052,42.68299999999999,-2.2700000000000102,78,7.046,5
17668,1,0.617,0.536,-45.63900000000001,57.36699999999999,57.367,21.591000000000008,-24.048000000000002,78,7.046,6
41764,1,0.401,0.634,-51.992999999999995,47.24000000000001,47.24,28.860000000000014,-23.13300000000001,78,7.046,7
21822,1,0.641,0.621,-15.396000000000015,19.15700000000001,19.157,-3.4850000000000136,-18.881,78,7.046,8
41247,1,0.475,0.457,-37.09,31.498999999999995,31.499,12.430000000000007,-24.659999999999997,78,7.046,9
16305,1,0.829,0.609,-60.111999999999995,27.257000000000005,27.257,52.33500000000001,-7.776999999999987,78,7.046,10
23236,1,0.531,0.529,-34.12700000000001,46.89500000000001,46.895,25.65299999999999,-8.47399999999999,78,7.046,11
24528,1,0.568,0.649,-46.488,27.860000000000014,27.86,18.566000000000003,-27.921999999999997,78,7.046,12
12467,1,0.615,0.704,-26.602000000000004,15.396000000000015,15.396,16.72200000000001,-9.879999999999995,78,7.046,13
32015,1,0.533,0.558,-27.84899999999999,51.327,51.327,-2.2179999999999893,-30.067000000000007,78,7.046,14
22813,1,0.698,0.817,-41.46199999999999,24.990999999999985,24.991,19.601,-21.86099999999999,78,7.046,15
14530,1,0.597,0.624,-31.87100000000001,50.81299999999999,50.813,9.025000000000006,-22.846000000000004,78,7.046,16
5618,1,0.979,0.889,-37.489000000000004,105.40899999999999,105.409,-2.4410000000000025,-39.93000000000001,78,7.046,17
30332,1,0.732,0.739,-20.788999999999987,23.432999999999993,23.433,10.84299999999999,-9.945999999999998,78,7.046,18
1952,1,0.713,0.676,-28.206999999999994,24.382000000000005,24.382,25.74600000000001,-2.4610000000000127,78,7.046,19
36726,1,0.619,0.787,-44.545000000000016,28.712999999999994,28.713,45.166,0.6209999999999809,78,7.046,20
32015,1,0.533,0.558,-27.84899999999999,51.327,51.327,-2.2179999999999893,-30.067000000000007,79,7.046,1
16305,1,0.829,0.609,-60.111999999999995,27.257000000000005,27.257,52.33500000000001,-7.776999999999987,79,7.046,2
24528,1,0.568,0.649,-46.488,27.860000000000014,27.86,18.566000000000003,-27.921999999999997,79,7.046,3
22813,1,0.698,0.817,-41.46199999999999,24.990999999999985,24.991,19.601,-21.86099999999999,79,7.046,4
36726,1,0.619,0.787,-44.545000000000016,28.712999999999994,28.713,45.166,0.6209999999999809,79,7.046,5
14530,1,0.597,0.624,-31.87100000000001,50.81299999999999,50.813,9.025000000000006,-22.846000000000004,79,7.046,6
38449,1,0.537,0.695,-56.238,26.099999999999994,26.1,32.31200000000001,-23.925999999999988,79,7.046,7
23236,1,0.531,0.529,-34.12700000000001,46.89500000000001,46.895,25.65299999999999,-8.47399999999999,79,7.046,8
10508,1,0.793,0.668,-42.89099999999999,26.641999999999996,26.642,37.54399999999998,-5.347000000000008,79,7.046,9
1952,1,0.713,0.676,-28.206999999999994,24.382000000000005,24.382,25.74600000000001,-2.4610000000000127,79,7.046,10
17668,1,0.617,0.536,-45.63900000000001,57.36699999999999,57.367,21.591000000000008,-24.048000000000002,79,7.046,11
42922,1,1.452,0.833,-44.953,94.05200000000002,94.052,42.68299999999999,-2.2700000000000102,79,7.046,12
41247,1,0.475,0.457,-37.09,31.498999999999995,31.499,12.430000000000007,-24.659999999999997,79,7.046,13
30332,1,0.732,0.739,-20.788999999999987,23.432999999999993,23.433,10.84299999999999,-9.945999999999998,79,7.046,14
19258,1,0.766,0.544,-44.60300000000001,37.363,37.363,39.52699999999999,-5.075999999999993,79,7.046,15
41764,1,0.401,0.634,-51.992999999999995,47.24000000000001,47.24,28.860000000000014,-23.13300000000001,79,7.046,16
21822,1,0.641,0.621,-15.396000000000015,19.15700000000001,19.157,-3.4850000000000136,-18.881,79,7.046,17
12467,1,0.615,0.704,-26.602000000000004,15.396000000000015,15.396,16.72200000000001,-9.879999999999995,79,7.046,18
15723,1,0.388,0.591,-32.66499999999999,18.224999999999994,18.225,12.705000000000013,-19.960000000000008,79,7.046,19
5618,1,0.979,0.889,-37.489000000000004,105.40899999999999,105.409,-2.4410000000000025,-39.93000000000001,79,7.046,20
22813,1,0.698,0.817,-41.46199999999999,24.990999999999985,24.991,19.601,-21.86099999999999,80,7.046,1
41247,1,0.475,0.457,-37.09,31.498999999999995,31.499,12.430000000000007,-24.659999999999997,80,7.046,2
21822,1,0.641,0.621,-15.396000000000015,19.15700000000001,19.157,-3.4850000000000136,-18.881,80,7.046,3
24528,1,0.568,0.649,-46.488,27.860000000000014,27.86,18.566000000000003,-27.921999999999997,80,7.046,4
10508,1,0.793,0.668,-42.89099999999999,26.641999999999996,26.642,37.54399999999998,-5.347000000000008,80,7.046,5
12467,1,0.615,0.704,-26.602000000000004,15.396000000000015,15.396,16.72200000000001,-9.879999999999995,80,7.046,6
38449,1,0.537,0.695,-56.238,26.099999999999994,26.1,32.31200000000001,-23.925999999999988,80,7.046,7
17668,1,0.617,0.536,-45.63900000000001,57.36699999999999,57.367,21.591000000000008,-24.048000000000002,80,7.046,8
5618,1,0.979,0.889,-37.489000000000004,105.40899999999999,105.409,-2.4410000000000025,-39.93000000000001,80,7.046,9
42922,1,1.452,0.833,-44.953,94.05200000000002,94.052,42.68299999999999,-2.2700000000000102,80,7.046,10
36726,1,0.619,0.787,-44.545000000000016,28.712999999999994,28.713,45.166,0.6209999999999809,80,7.046,11
23236,1,0.531,0.529,-34.12700000000001,46.89500000000001,46.895,25.65299999999999,-8.47399999999999,80,7.046,12
19258,1,0.766,0.544,-44.60300000000001,37.363,37.363,39.52699999999999,-5.075999999999993,80,7.046,13
14530,1,0.597,0.624,-31.87100000000001,50.81299999999999,50.813,9.025000000000006,-22.846000000000004,80,7.046,14
1952,1,0.713,0.676,-28.206999999999994,24.382000000000005,24.382,25.74600000000001,-2.4610000000000127,80,7.046,15
16305,1,0.829,0.609,-60.111999999999995,27.257000000000005,27.257,52.33500000000001,-7.776999999999987,80,7.046,16
15723,1,0.388,0.591,-32.66499999999999,18.224999999999994,18.225,12.705000000000013,-19.960000000000008,80,7.046,17
30332,1,0.732,0.739,-20.788999999999987,23.432999999999993,23.433,10.84299999999999,-9.945999999999998,80,7.046,18
41764,1,0.401,0.634,-51.992999999999995,47.24000000000001,47.24,28.860000000000014,-23.13300000000001,80,7.046,19
32015,1,0.533,0.558,-27.84899999999999,51.327,51.327,-2.2179999999999893,-30.067000000000007,80,7.046,20
1952,1,0.713,0.676,-28.206999999999994,24.382000000000005,24.382,25.74600000000001,-2.4610000000000127,81,7.046,1
17668,1,0.617,0.536,-45.63900000000001,57.36699999999999,57.367,21.591000000000008,-24.048000000000002,81,7.046,2
14530,1,0.597,0.624,-31.87100000000001,50.81299999999999,50.813,9.025000000000006,-22.846000000000004,81,7.046,3
41247,1,0.475,0.457,-37.09,31.498999999999995,31.499,12.430000000000007,-24.659999999999997,81,7.046,4
10508,1,0.793,0.668,-42.89099999999999,26.641999999999996,26.642,37.54399999999998,-5.347000000000008,81,7.046,5
36726,1,0.619,0.787,-44.545000000000016,28.712999999999994,28.713,45.166,0.6209999999999809,81,7.046,6
21822,1,0.641,0.621,-15.396000000000015,19.15700000000001,19.157,-3.4850000000000136,-18.881,81,7.046,7
24528,1,0.568,0.649,-46.488,27.860000000000014,27.86,18.566000000000003,-27.921999999999997,81,7.046,8
42922,1,1.452,0.833,-44.953,94.05200000000002,94.052,42.68299999999999,-2.2700000000000102,81,7.046,9
38449,1,0.537,0.695,-56.238,26.099999999999994,26.1,32.31200000000001,-23.925999999999988,81,7.046,10
15723,1,0.388,0.591,-32.66499999999999,18.224999999999994,18.225,12.705000000000013,-19.960000000000008,81,7.046,11
16305,1,0.829,0.609,-60.111999999999995,27.257000000000005,27.257,52.33500000000001,-7.776999999999987,81,7.046,12
41764,1,0.401,0.634,-51.992999999999995,47.24000000000001,47.24,28.860000000000014,-23.13300000000001,81,7.046,13
23236,1,0.531,0.529,-34.12700000000001,46.89500000000001,46.895,25.65299999999999,-8.47399999999999,81,7.046,14
32015,1,0.533,0.558,-27.84899999999999,51.327,51.327,-2.2179999999999893,-30.067000000000007,81,7.046,15
12467,1,0.615,0.704,-26.602000000000004,15.396000000000015,15.396,16.72200000000001,-9.879999999999995,81,7.046,16
5618,1,0.979,0.889,-37.489000000000004,105.40899999999999,105.409,-2.4410000000000025,-39.93000000000001,81,7.046,17
30332,1,0.732,0.739,-20.788999999999987,23.432999999999993,23.433,10.84299999999999,-9.945999999999998,81,7.046,18
19258,1,0.766,0.544,-44.60300000000001,37.363,37.363,39.52699999999999,-5.075999999999993,81,7.046,19
22813,1,0.698,0.817,-41.46199999999999,24.990999999999985,24.991,19.601,-21.86099999999999,81,7.046,20
14530,1,0.597,0.624,-31.87100000000001,50.81299999999999,50.813,9.025000000000006,-22.846000000000004,82,7.046,1
41247,1,0.475,0.457,-37.09,31.498999999999995,31.499,12.430000000000007,-24.659999999999997,82,7.046,2
41764,1,0.401,0.634,-51.992999999999995,47.24000000000001,47.24,28.860000000000014,-23.13300000000001,82,7.046,3
30332,1,0.732,0.739,-20.788999999999987,23.432999999999993,23.433,10.84299999999999,-9.945999999999998,82,7.046,4
1952,1,0.713,0.676,-28.206999999999994,24.382000000000005,24.382,25.74600000000001,-2.4610000000000127,82,7.046,5
23236,1,0.531,0.529,-34.12700000000001,46.89500000000001,46.895,25.65299999999999,-8.47399999999999,82,7.046,6
38449,1,0.537,0.695,-56.238,26.099999999999994,26.1,32.31200000000001,-23.925999999999988,82,7.046,7
32015,1,0.533,0.558,-27.84899999999999,51.327,51.327,-2.2179999999999893,-30.067000000000007,82,7.046,8
21822,1,0.641,0.621,-15.396000000000015,19.15700000000001,19.157,-3.4850000000000136,-18.881,82,7.046,9
5618,1,0.979,0.889,-37.489000000000004,105.40899999999999,105.409,-2.4410000000000025,-39.93000000000001,82,7.046,10
24528,1,0.568,0.649,-46.488,27.860000000000014,27.86,18.566000000000003,-27.921999999999997,82,7.046,11
12467,1,0.615,0.704,-26.602000000000004,15.396000000000015,15.396,16.72200000000001,-9.879999999999995,82,7.046,12
36726,1,0.619,0.787,-44.545000000000016,28.712999999999994,28.713,45.166,0.6209999999999809,82,7.046,13
22813,1,0.698,0.817,-41.46199999999999,24.990999999999985,24.991,19.601,-21.86099999999999,82,7.046,14
16305,1,0.829,0.609,-60.111999999999995,27.257000000000005,27.257,52.33500000000001,-7.776999999999987,82,7.046,15
15723,1,0.388,0.591,-32.66499999999999,18.224999999999994,18.225,12.705000000000013,-19.960000000000008,82,7.046,16
10508,1,0.793,0.668,-42.89099999999999,26.641999999999996,26.642,37.54399999999998,-5.347000000000008,82,7.046,17
17668,1,0.617,0.536,-45.63900000000001,57.36699999999999,57.367,21.591000000000008,-24.048000000000002,82,7.046,18
19258,1,0.766,0.544,-44.60300000000001,37.363,37.363,39.52699999999999,-5.075999999999993,82,7.046,19
42922,1,1.452,0.833,-44.953,94.05200000000002,94.052,42.68299999999999,-2.2700000000000102,82,7.046,20
5618,1,0.979,0.889,-37.489000000000004,105.40899999999999,105.409,-2.4410000000000025,-39.93000000000001,83,7.046,1
16305,1,0.829,0.609,-60.111999999999995,27.257000000000005,27.257,52.33500000000001,-7.776999999999987,83,7.046,2
10508,1,0.793,0.668,-42.89099999999999,26.641999999999996,26.642,37.54399999999998,-5.347000000000008,83,7.046,3
22813,1,0.698,0.817,-41.46199999999999,24.990999999999985,24.991,19.601,-21.86099999999999,83,7.046,4
23236,1,0.531,0.529,-34.12700000000001,46.89500000000001,46.895,25.65299999999999,-8.47399999999999,83,7.046,5
1952,1,0.713,0.676,-28.206999999999994,24.382000000000005,24.382,25.74600000000001,-2.4610000000000127,83,7.046,6
32015,1,0.533,0.558,-27.84899999999999,51.327,51.327,-2.2179999999999893,-30.067000000000007,83,7.046,7
42922,1,1.452,0.833,-44.953,94.05200000000002,94.052,42.68299999999999,-2.2700000000000102,83,7.046,8
41764,1,0.401,0.634,-51.992999999999995,47.24000000000001,47.24,28.860000000000014,-23.13300000000001,83,7.046,9
14530,1,0.597,0.624,-31.87100000000001,50.81299999999999,50.813,9.025000000000006,-22.846000000000004,83,7.046,10
30332,1,0.732,0.739,-20.788999999999987,23.432999999999993,23.433,10.84299999999999,-9.945999999999998,83,7.046,11
21822,1,0.641,0.621,-15.396000000000015,19.15700000000001,19.157,-3.4850000000000136,-18.881,83,7.046,12
19258,1,0.766,0.544,-44.60300000000001,37.363,37.363,39.52699999999999,-5.075999999999993,83,7.046,13
24528,1,0.568,0.649,-46.488,27.860000000000014,27.86,18.566000000000003,-27.921999999999997,83,7.046,14
36726,1,0.619,0.787,-44.545000000000016,28.712999999999994,28.713,45.166,0.6209999999999809,83,7.046,15
38449,1,0.537,0.695,-56.238,26.099999999999994,26.1,32.31200000000001,-23.925999999999988,83,7.046,16
17668,1,0.617,0.536,-45.63900000000001,57.36699999999999,57.367,21.591000000000008,-24.048000000000002,83,7.046,17
41247,1,0.475,0.457,-37.09,31.498999999999995,31.499,12.430000000000007,-24.659999999999997,83,7.046,18
15723,1,0.388,0.591,-32.66499999999999,18.224999999999994,18.225,12.705000000000013,-19.960000000000008,83,7.046,19
12467,1,0.615,0.704,-26.602000000000004,15.396000000000015,15.396,16.72200000000001,-9.879999999999995,83,7.046,20
30332,1,0.732,0.739,-20.788999999999987,23.432999999999993,23.433,10.84299999999999,-9.945999999999998,84,7.046,1
19258,1,0.766,0.544,-44.60300000000001,37.363,37.363,39.52699999999999,-5.075999999999993,84,7.046,2
12467,1,0.615,0.704,-26.602000000000004,15.396000000000015,15.396,16.72200000000001,-9.879999999999995,84,7.046,3
41247,1,0.475,0.457,-37.09,31.498999999999995,31.499,12.430000000000007,-24.659999999999997,84,7.046,4
24528,1,0.568,0.649,-46.488,27.860000000000014,27.86,18.566000000000003,-27.921999999999997,84,7.046,5
1952,1,0.713,0.676,-28.206999999999994,24.382000000000005,24.382,25.74600000000001,-2.4610000000000127,84,7.046,6
14530,1,0.597,0.624,-31.87100000000001,50.81299999999999,50.813,9.025000000000006,-22.846000000000004,84,7.046,7
42922,1,1.452,0.833,-44.953,94.05200000000002,94.052,42.68299999999999,-2.2700000000000102,84,7.046,8
32015,1,0.533,0.558,-27.84899999999999,51.327,51.327,-2.2179999999999893,-30.067000000000007,84,7.046,9
23236,1,0.531,0.529,-34.12700000000001,46.89500000000001,46.895,25.65299999999999,-8.47399999999999,84,7.046,10
16305,1,0.829,0.609,-60.111999999999995,27.257000000000005,27.257,52.33500000000001,-7.776999999999987,84,7.046,11
15723,1,0.388,0.591,-32.66499999999999,18.224999999999994,18.225,12.705000000000013,-19.960000000000008,84,7.046,12
36726,1,0.619,0.787,-44.545000000000016,28.712999999999994,28.713,45.166,0.6209999999999809,84,7.046,13
10508,1,0.793,0.668,-42.89099999999999,26.641999999999996,26.642,37.54399999999998,-5.347000000000008,84,7.046,14
21822,1,0.641,0.621,-15.396000000000015,19.15700000000001,19.157,-3.4850000000000136,-18.881,84,7.046,15
22813,1,0.698,0.817,-41.46199999999999,24.990999999999985,24.991,19.601,-21.86099999999999,84,7.046,16
5618,1,0.979,0.889,-37.489000000000004,105.40899999999999,105.409,-2.4410000000000025,-39.93000000000001,84,7.046,17
38449,1,0.537,0.695,-56.238,26.099999999999994,26.1,32.31200000000001,-23.925999999999988,84,7.046,18
17668,1,0.617,0.536,-45.63900000000001,57.36699999999999,57.367,21.591000000000008,-24.048000000000002,84,7.046,19
41764,1,0.401,0.634,-51.992999999999995,47.24000000000001,47.24,28.860000000000014,-23.13300000000001,84,7.046,20
16305,1,0.829,0.609,-60.111999999999995,27.257000000000005,27.257,52.33500000000001,-7.776999999999987,85,7.046,1
30332,1,0.732,0.739,-20.788999999999987,23.432999999999993,23.433,10.84299999999999,-9.945999999999998,85,7.046,2
17668,1,0.617,0.536,-45.63900000000001,57.36699999999999,57.367,21.591000000000008,-24.048000000000002,85,7.046,3
21822,1,0.641,0.621,-15.396000000000015,19.15700000000001,19.157,-3.4850000000000136,-18.881,85,7.046,4
1952,1,0.713,0.676,-28.206999999999994,24.382000000000005,24.382,25.74600000000001,-2.4610000000000127,85,7.046,5
36726,1,0.619,0.787,-44.545000000000016,28.712999999999994,28.713,45.166,0.6209999999999809,85,7.046,6
41764,1,0.401,0.634,-51.992999999999995,47.24000000000001,47.24,28.860000000000014,-23.13300000000001,85,7.046,7
24528,1,0.568,0.649,-46.488,27.860000000000014,27.86,18.566000000000003,-27.921999999999997,85,7.046,8
41247,1,0.475,0.457,-37.09,31.498999999999995,31.499,12.430000000000007,-24.659999999999997,85,7.046,9
23236,1,0.531,0.529,-34.12700000000001,46.89500000000001,46.895,25.65299999999999,-8.47399999999999,85,7.046,10
42922,1,1.452,0.833,-44.953,94.05200000000002,94.052,42.68299999999999,-2.2700000000000102,85,7.046,11
32015,1,0.533,0.558,-27.84899999999999,51.327,51.327,-2.2179999999999893,-30.067000000000007,85,7.046,12
10508,1,0.793,0.668,-42.89099999999999,26.641999999999996,26.642,37.54399999999998,-5.347000000000008,85,7.046,13
14530,1,0.597,0.624,-31.87100000000001,50.81299999999999,50.813,9.025000000000006,-22.846000000000004,85,7.046,14
12467,1,0.615,0.704,-26.602000000000004,15.396000000000015,15.396,16.72200000000001,-9.879999999999995,85,7.046,15
38449,1,0.537,0.695,-56.238,26.099999999999994,26.1,32.31200000000001,-23.925999999999988,85,7.046,16
5618,1,0.979,0.889,-37.489000000000004,105.40899999999999,105.409,-2.4410000000000025,-39.93000000000001,85,7.046,17
19258,1,0.766,0.544,-44.60300000000001,37.363,37.363,39.52699999999999,-5.075999999999993,85,7.046,18
22813,1,0.698,0.817,-41.46199999999999,24.990999999999985,24.991,19.601,-21.86099999999999,85,7.046,19
15723,1,0.388,0.591,-32.66499999999999,18.224999999999994,18.225,12.705000000000013,-19.960000000000008,85,7.046,20
12467,1,0.615,0.704,-26.602000000000004,15.396000000000015,15.396,16.72200000000001,-9.879999999999995,86,7.046,1
10508,1,0.793,0.668,-42.89099999999999,26.641999999999996,26.642,37.54399999999998,-5.347000000000008,86,7.046,2
36726,1,0.619,0.787,-44.545000000000016,28.712999999999994,28.713,45.166,0.6209999999999809,86,7.046,3
19258,1,0.766,0.544,-44.60300000000001,37.363,37.363,39.52699999999999,-5.075999999999993,86,7.046,4
41247,1,0.475,0.457,-37.09,31.498999999999995,31.499,12.430000000000007,-24.659999999999997,86,7.046,5
17668,1,0.617,0.536,-45.63900000000001,57.36699999999999,57.367,21.591000000000008,-24.048000000000002,86,7.046,6
1952,1,0.713,0.676,-28.206999999999994,24.382000000000005,24.382,25.74600000000001,-2.4610000000000127,86,7.046,7
21822,1,0.641,0.621,-15.396000000000015,19.15700000000001,19.157,-3.4850000000000136,-18.881,86,7.046,8
41764,1,0.401,0.634,-51.992999999999995,47.24000000000001,47.24,28.860000000000014,-23.13300000000001,86,7.046,9
32015,1,0.533,0.558,-27.84899999999999,51.327,51.327,-2.2179999999999893,-30.067000000000007,86,7.046,10
24528,1,0.568,0.649,-46.488,27.860000000000014,27.86,18.566000000000003,-27.921999999999997,86,7.046,11
14530,1,0.597,0.624,-31.87100000000001,50.81299999999999,50.813,9.025000000000006,-22.846000000000004,86,7.046,12
30332,1,0.732,0.739,-20.788999999999987,23.432999999999993,23.433,10.84299999999999,-9.945999999999998,86,7.046,13
38449,1,0.537,0.695,-56.238,26.099999999999994,26.1,32.31200000000001,-23.925999999999988,86,7.046,14
22813,1,0.698,0.817,-41.46199999999999,24.990999999999985,24.991,19.601,-21.86099999999999,86,7.046,15
23236,1,0.531,0.529,-34.12700000000001,46.89500000000001,46.895,25.65299999999999,-8.47399999999999,86,7.046,16
42922,1,1.452,0.833,-44.953,94.05200000000002,94.052,42.68299999999999,-2.2700000000000102,86,7.046,17
16305,1,0.829,0.609,-60.111999999999995,27.257000000000005,27.257,52.33500000000001,-7.776999999999987,86,7.046,18
15723,1,0.388,0.591,-32.66499999999999,18.224999999999994,18.225,12.705000000000013,-19.960000000000008,86,7.046,19
5618,1,0.979,0.889,-37.489000000000004,105.40899999999999,105.409,-2.4410000000000025,-39.93000000000001,86,7.046,20
23236,1,0.531,0.529,-34.12700000000001,46.89500000000001,46.895,25.65299999999999,-8.47399999999999,87,7.046,1
10508,1,0.793,0.668,-42.89099999999999,26.641999999999996,26.642,37.54399999999998,-5.347000000000008,87,7.046,2
12467,1,0.615,0.704,-26.602000000000004,15.396000000000015,15.396,16.72200000000001,-9.879999999999995,87,7.046,3
30332,1,0.732,0.739,-20.788999999999987,23.432999999999993,23.433,10.84299999999999,-9.945999999999998,87,7.046,4
17668,1,0.617,0.536,-45.63900000000001,57.36699999999999,57.367,21.591000000000008,-24.048000000000002,87,7.046,5
5618,1,0.979,0.889,-37.489000000000004,105.40899999999999,105.409,-2.4410000000000025,-39.93000000000001,87,7.046,6
14530,1,0.597,0.624,-31.87100000000001,50.81299999999999,50.813,9.025000000000006,-22.846000000000004,87,7.046,7
38449,1,0.537,0.695,-56.238,26.099999999999994,26.1,32.31200000000001,-23.925999999999988,87,7.046,8
42922,1,1.452,0.833,-44.953,94.05200000000002,94.052,42.68299999999999,-2.2700000000000102,87,7.046,9
21822,1,0.641,0.621,-15.396000000000015,19.15700000000001,19.157,-3.4850000000000136,-18.881,87,7.046,10
32015,1,0.533,0.558,-27.84899999999999,51.327,51.327,-2.2179999999999893,-30.067000000000007,87,7.046,11
24528,1,0.568,0.649,-46.488,27.860000000000014,27.86,18.566000000000003,-27.921999999999997,87,7.046,12
16305,1,0.829,0.609,-60.111999999999995,27.257000000000005,27.257,52.33500000000001,-7.776999999999987,87,7.046,13
41247,1,0.475,0.457,-37.09,31.498999999999995,31.499,12.430000000000007,-24.659999999999997,87,7.046,14
15723,1,0.388,0.591,-32.66499999999999,18.224999999999994,18.225,12.705000000000013,-19.960000000000008,87,7.046,15
36726,1,0.619,0.787,-44.545000000000016,28.712999999999994,28.713,45.166,0.6209999999999809,87,7.046,16
22813,1,0.698,0.817,-41.46199999999999,24.990999999999985,24.991,19.601,-21.86099999999999,87,7.046,17
19258,1,0.766,0.544,-44.60300000000001,37.363,37.363,39.52699999999999,-5.075999999999993,87,7.046,18
41764,1,0.401,0.634,-51.992999999999995,47.24000000000001,47.24,28.860000000000014,-23.13300000000001,87,7.046,19
1952,1,0.713,0.676,-28.206999999999994,24.382000000000005,24.382,25.74600000000001,-2.4610000000000127,87,7.046,20
14530,1,0.597,0.624,-31.87100000000001,50.81299999999999,50.813,9.025000000000006,-22.846000000000004,88,7.046,1
16305,1,0.829,0.609,-60.111999999999995,27.257000000000005,27.257,52.33500000000001,-7.776999999999987,88,7.046,2
38449,1,0.537,0.695,-56.238,26.099999999999994,26.1,32.31200000000001,-23.925999999999988,88,7.046,3
12467,1,0.615,0.704,-26.602000000000004,15.396000000000015,15.396,16.72200000000001,-9.879999999999995,88,7.046,4
22813,1,0.698,0.817,-41.46199999999999,24.990999999999985,24.991,19.601,-21.86099999999999,88,7.046,5
36726,1,0.619,0.787,-44.545000000000016,28.712999999999994,28.713,45.166,0.6209999999999809,88,7.046,6
1952,1,0.713,0.676,-28.206999999999994,24.382000000000005,24.382,25.74600000000001,-2.4610000000000127,88,7.046,7
19258,1,0.766,0.544,-44.60300000000001,37.363,37.363,39.52699999999999,-5.075999999999993,88,7.046,8
30332,1,0.732,0.739,-20.788999999999987,23.432999999999993,23.433,10.84299999999999,-9.945999999999998,88,7.046,9
21822,1,0.641,0.621,-15.396000000000015,19.15700000000001,19.157,-3.4850000000000136,-18.881,88,7.046,10
10508,1,0.793,0.668,-42.89099999999999,26.641999999999996,26.642,37.54399999999998,-5.347000000000008,88,7.046,11
42922,1,1.452,0.833,-44.953,94.05200000000002,94.052,42.68299999999999,-2.2700000000000102,88,7.046,12
23236,1,0.531,0.529,-34.12700000000001,46.89500000000001,46.895,25.65299999999999,-8.47399999999999,88,7.046,13
17668,1,0.617,0.536,-45.63900000000001,57.36699999999999,57.367,21.591000000000008,-24.048000000000002,88,7.046,14
41247,1,0.475,0.457,-37.09,31.498999999999995,31.499,12.430000000000007,-24.659999999999997,88,7.046,15
32015,1,0.533,0.558,-27.84899999999999,51.327,51.327,-2.2179999999999893,-30.067000000000007,88,7.046,16
41764,1,0.401,0.634,-51.992999999999995,47.24000000000001,47.24,28.860000000000014,-23.13300000000001,88,7.046,17
24528,1,0.568,0.649,-46.488,27.860000000000014,27.86,18.566000000000003,-27.921999999999997,88,7.046,18
5618,1,0.979,0.889,-37.489000000000004,105.40899999999999,105.409,-2.4410000000000025,-39.93000000000001,88,7.046,19
15723,1,0.388,0.591,-32.66499999999999,18.224999999999994,18.225,12.705000000000013,-19.960000000000008,88,7.046,20
16305,1,0.829,0.609,-60.111999999999995,27.257000000000005,27.257,52.33500000000001,-7.776999999999987,89,7.046,1
10508,1,0.793,0.668,-42.89099999999999,26.641999999999996,26.642,37.54399999999998,-5.347000000000008,89,7.046,2
19258,1,0.766,0.544,-44.60300000000001,37.363,37.363,39.52699999999999,-5.075999999999993,89,7.046,3
21822,1,0.641,0.621,-15.396000000000015,19.15700000000001,19.157,-3.4850000000000136,-18.881,89,7.046,4
17668,1,0.617,0.536,-45.63900000000001,57.36699999999999,57.367,21.591000000000008,-24.048000000000002,89,7.046,5
36726,1,0.619,0.787,-44.545000000000016,28.712999999999994,28.713,45.166,0.6209999999999809,89,7.046,6
32015,1,0.533,0.558,-27.84899999999999,51.327,51.327,-2.2179999999999893,-30.067000000000007,89,7.046,7
41764,1,0.401,0.634,-51.992999999999995,47.24000000000001,47.24,28.860000000000014,-23.13300000000001,89,7.046,8
15723,1,0.388,0.591,-32.66499999999999,18.224999999999994,18.225,12.705000000000013,-19.960000000000008,89,7.046,9
14530,1,0.597,0.624,-31.87100000000001,50.81299999999999,50.813,9.025000000000006,-22.846000000000004,89,7.046,10
41247,1,0.475,0.457,-37.09,31.498999999999995,31.499,12.430000000000007,-24.659999999999997,89,7.046,11
42922,1,1.452,0.833,-44.953,94.05200000000002,94.052,42.68299999999999,-2.2700000000000102,89,7.046,12
38449,1,0.537,0.695,-56.238,26.099999999999994,26.1,32.31200000000001,-23.925999999999988,89,7.046,13
24528,1,0.568,0.649,-46.488,27.860000000000014,27.86,18.566000000000003,-27.921999999999997,89,7.046,14
1952,1,0.713,0.676,-28.206999999999994,24.382000000000005,24.382,25.74600000000001,-2.4610000000000127,89,7.046,15
22813,1,0.698,0.817,-41.46199999999999,24.990999999999985,24.991,19.601,-21.86099999999999,89,7.046,16
23236,1,0.531,0.529,-34.12700000000001,46.89500000000001,46.895,25.65299999999999,-8.47399999999999,89,7.046,17
12467,1,0.615,0.704,-26.602000000000004,15.396000000000015,15.396,16.72200000000001,-9.879999999999995,89,7.046,18
30332,1,0.732,0.739,-20.788999999999987,23.432999999999993,23.433,10.84299999999999,-9.945999999999998,89,7.046,19
5618,1,0.979,0.889,-37.489000000000004,105.40899999999999,105.409,-2.4410000000000025,-39.93000000000001,89,7.046,20
41247,1,0.475,0.457,-37.09,31.498999999999995,31.499,12.430000000000007,-24.659999999999997,90,7.062,1
24528,1,0.568,0.649,-46.488,27.860000000000014,27.86,18.566000000000003,-27.921999999999997,90,7.062,2
30332,1,0.732,0.739,-20.788999999999987,23.432999999999993,23.433,10.84299999999999,-9.945999999999998,90,7.062,3
16305,1,0.829,0.609,-60.111999999999995,27.257000000000005,27.257,52.33500000000001,-7.776999999999987,90,7.062,4
38449,1,0.537,0.695,-56.238,26.099999999999994,26.1,32.31200000000001,-23.925999999999988,90,7.062,5
14530,1,0.597,0.624,-31.87100000000001,50.81299999999999,50.813,9.025000000000006,-22.846000000000004,90,7.062,6
12467,1,0.615,0.704,-26.602000000000004,15.396000000000015,15.396,16.72200000000001,-9.879999999999995,90,7.062,7
21822,1,0.641,0.621,-15.396000000000015,19.15700000000001,19.157,-3.4850000000000136,-18.881,90,7.062,8
7065,1,0.77,0.684,-49.13300000000001,30.670000000000016,30.67,27.10300000000001,-22.03,90,7.062,9
32015,1,0.533,0.558,-27.84899999999999,51.327,51.327,-2.2179999999999893,-30.067000000000007,90,7.062,10
41764,1,0.401,0.634,-51.992999999999995,47.24000000000001,47.24,28.860000000000014,-23.13300000000001,90,7.062,11
15723,1,0.388,0.591,-32.66499999999999,18.224999999999994,18.225,12.705000000000013,-19.960000000000008,90,7.062,12
23236,1,0.531,0.529,-34.12700000000001,46.89500000000001,46.895,25.65299999999999,-8.47399999999999,90,7.062,13
32942,1,0.63,0.402,-27.908999999999992,69.75200000000001,69.752,6.788999999999987,-21.120000000000005,90,7.062,14
11598,1,0.71,0.548,-32.285,21.897999999999996,21.898,22.54400000000001,-9.740999999999985,90,7.062,15
22813,1,0.698,0.817,-41.46199999999999,24.990999999999985,24.991,19.601,-21.86099999999999,90,7.062,16
17668,1,0.617,0.536,-45.63900000000001,57.36699999999999,57.367,21.591000000000008,-24.048000000000002,90,7.062,17
1952,1,0.713,0.676,-28.206999999999994,24.382000000000005,24.382,25.74600000000001,-2.4610000000000127,90,7.062,18
42922,1,1.452,0.833,-44.953,94.05200000000002,94.052,42.68299999999999,-2.2700000000000102,90,7.062,19
5618,1,0.979,0.889,-37.489000000000004,105.40899999999999,105.409,-2.4410000000000025,-39.93000000000001,90,7.062,20
14530,1,0.597,0.624,-31.87100000000001,50.81299999999999,50.813,9.025000000000006,-22.846000000000004,91,7.062,1
32015,1,0.533,0.558,-27.84899999999999,51.327,51.327,-2.2179999999999893,-30.067000000000007,91,7.062,2
32942,1,0.63,0.402,-27.908999999999992,69.75200000000001,69.752,6.788999999999987,-21.120000000000005,91,7.062,3
23236,1,0.531,0.529,-34.12700000000001,46.89500000000001,46.895,25.65299999999999,-8.47399999999999,91,7.062,4
24528,1,0.568,0.649,-46.488,27.860000000000014,27.86,18.566000000000003,-27.921999999999997,91,7.062,5
16305,1,0.829,0.609,-60.111999999999995,27.257000000000005,27.257,52.33500000000001,-7.776999999999987,91,7.062,6
22813,1,0.698,0.817,-41.46199999999999,24.990999999999985,24.991,19.601,-21.86099999999999,91,7.062,7
21822,1,0.641,0.621,-15.396000000000015,19.15700000000001,19.157,-3.4850000000000136,-18.881,91,7.062,8
17668,1,0.617,0.536,-45.63900000000001,57.36699999999999,57.367,21.591000000000008,-24.048000000000002,91,7.062,9
15723,1,0.388,0.591,-32.66499999999999,18.224999999999994,18.225,12.705000000000013,-19.960000000000008,91,7.062,10
42922,1,1.452,0.833,-44.953,94.05200000000002,94.052,42.68299999999999,-2.2700000000000102,91,7.062,11
38449,1,0.537,0.695,-56.238,26.099999999999994,26.1,32.31200000000001,-23.925999999999988,91,7.062,12
41247,1,0.475,0.457,-37.09,31.498999999999995,31.499,12.430000000000007,-24.659999999999997,91,7.062,13
7065,1,0.77,0.684,-49.13300000000001,30.670000000000016,30.67,27.10300000000001,-22.03,91,7.062,14
1952,1,0.713,0.676,-28.206999999999994,24.382000000000005,24.382,25.74600000000001,-2.4610000000000127,91,7.062,15
12467,1,0.615,0.704,-26.602000000000004,15.396000000000015,15.396,16.72200000000001,-9.879999999999995,91,7.062,16
41764,1,0.401,0.634,-51.992999999999995,47.24000000000001,47.24,28.860000000000014,-23.13300000000001,91,7.062,17
5618,1,0.979,0.889,-37.489000000000004,105.40899999999999,105.409,-2.4410000000000025,-39.93000000000001,91,7.062,18
11598,1,0.71,0.548,-32.285,21.897999999999996,21.898,22.54400000000001,-9.740999999999985,91,7.062,19
30332,1,0.732,0.739,-20.788999999999987,23.432999999999993,23.433,10.84299999999999,-9.945999999999998,91,7.062,20
41247,1,0.475,0.457,-37.09,31.498999999999995,31.499,12.430000000000007,-24.659999999999997,92,7.062,1
15723,1,0.388,0.591,-32.66499999999999,18.224999999999994,18.225,12.705000000000013,-19.960000000000008,92,7.062,2
21822,1,0.641,0.621,-15.396000000000015,19.15700000000001,19.157,-3.4850000000000136,-18.881,92,7.062,3
22813,1,0.698,0.817,-41.46199999999999,24.990999999999985,24.991,19.601,-21.86099999999999,92,7.062,4
42922,1,1.452,0.833,-44.953,94.05200000000002,94.052,42.68299999999999,-2.2700000000000102,92,7.062,5
23236,1,0.531,0.529,-34.12700000000001,46.89500000000001,46.895,25.65299999999999,-8.47399999999999,92,7.062,6
17668,1,0.617,0.536,-45.63900000000001,57.36699999999999,57.367,21.591000000000008,-24.048000000000002,92,7.062,7
32015,1,0.533,0.558,-27.84899999999999,51.327,51.327,-2.2179999999999893,-30.067000000000007,92,7.062,8
16305,1,0.829,0.609,-60.111999999999995,27.257000000000005,27.257,52.33500000000001,-7.776999999999987,92,7.062,9
30332,1,0.732,0.739,-20.788999999999987,23.432999999999993,23.433,10.84299999999999,-9.945999999999998,92,7.062,10
14530,1,0.597,0.624,-31.87100000000001,50.81299999999999,50.813,9.025000000000006,-22.846000000000004,92,7.062,11
7065,1,0.77,0.684,-49.13300000000001,30.670000000000016,30.67,27.10300000000001,-22.03,92,7.062,12
12467,1,0.615,0.704,-26.602000000000004,15.396000000000015,15.396,16.72200000000001,-9.879999999999995,92,7.062,13
11598,1,0.71,0.548,-32.285,21.897999999999996,21.898,22.54400000000001,-9.740999999999985,92,7.062,14
41764,1,0.401,0.634,-51.992999999999995,47.24000000000001,47.24,28.860000000000014,-23.13300000000001,92,7.062,15
5618,1,0.979,0.889,-37.489000000000004,105.40899999999999,105.409,-2.4410000000000025,-39.93000000000001,92,7.062,16
32942,1,0.63,0.402,-27.908999999999992,69.75200000000001,69.752,6.788999999999987,-21.120000000000005,92,7.062,17
38449,1,0.537,0.695,-56.238,26.099999999999994,26.1,32.31200000000001,-23.925999999999988,92,7.062,18
1952,1,0.713,0.676,-28.206999999999994,24.382000000000005,24.382,25.74600000000001,-2.4610000000000127,92,7.062,19
24528,1,0.568,0.649,-46.488,27.860000000000014,27.86,18.566000000000003,-27.921999999999997,92,7.062,20
14530,1,0.597,0.624,-31.87100000000001,50.81299999999999,50.813,9.025000000000006,-22.846000000000004,93,7.062,1
17668,1,0.617,0.536,-45.63900000000001,57.36699999999999,57.367,21.591000000000008,-24.048000000000002,93,7.062,2
7065,1,0.77,0.684,-49.13300000000001,30.670000000000016,30.67,27.10300000000001,-22.03,93,7.062,3
15723,1,0.388,0.591,-32.66499999999999,18.224999999999994,18.225,12.705000000000013,-19.960000000000008,93,7.062,4
5618,1,0.979,0.889,-37.489000000000004,105.40899999999999,105.409,-2.4410000000000025,-39.93000000000001,93,7.062,5
30332,1,0.732,0.739,-20.788999999999987,23.432999999999993,23.433,10.84299999999999,-9.945999999999998,93,7.062,6
16305,1,0.829,0.609,-60.111999999999995,27.257000000000005,27.257,52.33500000000001,-7.776999999999987,93,7.062,7
12467,1,0.615,0.704,-26.602000000000004,15.396000000000015,15.396,16.72200000000001,-9.879999999999995,93,7.062,8
22813,1,0.698,0.817,-41.46199999999999,24.990999999999985,24.991,19.601,-21.86099999999999,93,7.062,9
32015,1,0.533,0.558,-27.84899999999999,51.327,51.327,-2.2179999999999893,-30.067000000000007,93,7.062,10
1952,1,0.713,0.676,-28.206999999999994,24.382000000000005,24.382,25.74600000000001,-2.4610000000000127,93,7.062,11
24528,1,0.568,0.649,-46.488,27.860000000000014,27.86,18.566000000000003,-27.921999999999997,93,7.062,12
41764,1,0.401,0.634,-51.992999999999995,47.24000000000001,47.24,28.860000000000014,-23.13300000000001,93,7.062,13
11598,1,0.71,0.548,-32.285,21.897999999999996,21.898,22.54400000000001,-9.740999999999985,93,7.062,14
21822,1,0.641,0.621,-15.396000000000015,19.15700000000001,19.157,-3.4850000000000136,-18.881,93,7.062,15
42922,1,1.452,0.833,-44.953,94.05200000000002,94.052,42.68299999999999,-2.2700000000000102,93,7.062,16
41247,1,0.475,0.457,-37.09,31.498999999999995,31.499,12.430000000000007,-24.659999999999997,93,7.062,17
23236,1,0.531,0.529,-34.12700000000001,46.89500000000001,46.895,25.65299999999999,-8.47399999999999,93,7.062,18
32942,1,0.63,0.402,-27.908999999999992,69.75200000000001,69.752,6.788999999999987,-21.120000000000005,93,7.062,19
38449,1,0.537,0.695,-56.238,26.099999999999994,26.1,32.31200000000001,-23.925999999999988,93,7.062,20
16305,1,0.829,0.609,-60.111999999999995,27.257000000000005,27.257,52.33500000000001,-7.776999999999987,94,7.062,1
41247,1,0.475,0.457,-37.09,31.498999999999995,31.499,12.430000000000007,-24.659999999999997,94,7.062,2
32015,1,0.533,0.558,-27.84899999999999,51.327,51.327,-2.2179999999999893,-30.067000000000007,94,7.062,3
23236,1,0.531,0.529,-34.12700000000001,46.89500000000001,46.895,25.65299999999999,-8.47399999999999,94,7.062,4
30332,1,0.732,0.739,-20.788999999999987,23.432999999999993,23.433,10.84299999999999,-9.945999999999998,94,7.062,5
22813,1,0.698,0.817,-41.46199999999999,24.990999999999985,24.991,19.601,-21.86099999999999,94,7.062,6
1952,1,0.713,0.676,-28.206999999999994,24.382000000000005,24.382,25.74600000000001,-2.4610000000000127,94,7.062,7
42922,1,1.452,0.833,-44.953,94.05200000000002,94.052,42.68299999999999,-2.2700000000000102,94,7.062,8
5618,1,0.979,0.889,-37.489000000000004,105.40899999999999,105.409,-2.4410000000000025,-39.93000000000001,94,7.062,9
12467,1,0.615,0.704,-26.602000000000004,15.396000000000015,15.396,16.72200000000001,-9.879999999999995,94,7.062,10
41764,1,0.401,0.634,-51.992999999999995,47.24000000000001,47.24,28.860000000000014,-23.13300000000001,94,7.062,11
11598,1,0.71,0.548,-32.285,21.897999999999996,21.898,22.54400000000001,-9.740999999999985,94,7.062,12
38449,1,0.537,0.695,-56.238,26.099999999999994,26.1,32.31200000000001,-23.925999999999988,94,7.062,13
32942,1,0.63,0.402,-27.908999999999992,69.75200000000001,69.752,6.788999999999987,-21.120000000000005,94,7.062,14
7065,1,0.77,0.684,-49.13300000000001,30.670000000000016,30.67,27.10300000000001,-22.03,94,7.062,15
17668,1,0.617,0.536,-45.63900000000001,57.36699999999999,57.367,21.591000000000008,-24.048000000000002,94,7.062,16
24528,1,0.568,0.649,-46.488,27.860000000000014,27.86,18.566000000000003,-27.921999999999997,94,7.062,17
21822,1,0.641,0.621,-15.396000000000015,19.15700000000001,19.157,-3.4850000000000136,-18.881,94,7.062,18
14530,1,0.597,0.624,-31.87100000000001,50.81299999999999,50.813,9.025000000000006,-22.846000000000004,94,7.062,19
15723,1,0.388,0.591,-32.66499999999999,18.224999999999994,18.225,12.705000000000013,-19.960000000000008,94,7.062,20
41764,1,0.401,0.634,-51.992999999999995,47.24000000000001,47.24,28.860000000000014,-23.13300000000001,95,7.062,1
42922,1,1.452,0.833,-44.953,94.05200000000002,94.052,42.68299999999999,-2.2700000000000102,95,7.062,2
38449,1,0.537,0.695,-56.238,26.099999999999994,26.1,32.31200000000001,-23.925999999999988,95,7.062,3
12467,1,0.615,0.704,-26.602000000000004,15.396000000000015,15.396,16.72200000000001,-9.879999999999995,95,7.062,4
7065,1,0.77,0.684,-49.13300000000001,30.670000000000016,30.67,27.10300000000001,-22.03,95,7.062,5
1952,1,0.713,0.676,-28.206999999999994,24.382000000000005,24.382,25.74600000000001,-2.4610000000000127,95,7.062,6
41247,1,0.475,0.457,-37.09,31.498999999999995,31.499,12.430000000000007,-24.659999999999997,95,7.062,7
14530,1,0.597,0.624,-31.87100000000001,50.81299999999999,50.813,9.025000000000006,-22.846000000000004,95,7.062,8
15723,1,0.388,0.591,-32.66499999999999,18.224999999999994,18.225,12.705000000000013,-19.960000000000008,95,7.062,9
17668,1,0.617,0.536,-45.63900000000001,57.36699999999999,57.367,21.591000000000008,-24.048000000000002,95,7.062,10
30332,1,0.732,0.739,-20.788999999999987,23.432999999999993,23.433,10.84299999999999,-9.945999999999998,95,7.062,11
21822,1,0.641,0.621,-15.396000000000015,19.15700000000001,19.157,-3.4850000000000136,-18.881,95,7.062,12
22813,1,0.698,0.817,-41.46199999999999,24.990999999999985,24.991,19.601,-21.86099999999999,95,7.062,13
16305,1,0.829,0.609,-60.111999999999995,27.257000000000005,27.257,52.33500000000001,-7.776999999999987,95,7.062,14
23236,1,0.531,0.529,-34.12700000000001,46.89500000000001,46.895,25.65299999999999,-8.47399999999999,95,7.062,15
24528,1,0.568,0.649,-46.488,27.860000000000014,27.86,18.566000000000003,-27.921999999999997,95,7.062,16
32015,1,0.533,0.558,-27.84899999999999,51.327,51.327,-2.2179999999999893,-30.067000000000007,95,7.062,17
5618,1,0.979,0.889,-37.489000000000004,105.40899999999999,105.409,-2.4410000000000025,-39.93000000000001,95,7.062,18
32942,1,0.63,0.402,-27.908999999999992,69.75200000000001,69.752,6.788999999999987,-21.120000000000005,95,7.062,19
11598,1,0.71,0.548,-32.285,21.897999999999996,21.898,22.54400000000001,-9.740999999999985,95,7.062,20
11598,1,0.71,0.548,-32.285,21.897999999999996,21.898,22.54400000000001,-9.740999999999985,96,7.062,1
17668,1,0.617,0.536,-45.63900000000001,57.36699999999999,57.367,21.591000000000008,-24.048000000000002,96,7.062,2
38449,1,0.537,0.695,-56.238,26.099999999999994,26.1,32.31200000000001,-23.925999999999988,96,7.062,3
12467,1,0.615,0.704,-26.602000000000004,15.396000000000015,15.396,16.72200000000001,-9.879999999999995,96,7.062,4
42922,1,1.452,0.833,-44.953,94.05200000000002,94.052,42.68299999999999,-2.2700000000000102,96,7.062,5
5618,1,0.979,0.889,-37.489000000000004,105.40899999999999,105.409,-2.4410000000000025,-39.93000000000001,96,7.062,6
14530,1,0.597,0.624,-31.87100000000001,50.81299999999999,50.813,9.025000000000006,-22.846000000000004,96,7.062,7
7065,1,0.77,0.684,-49.13300000000001,30.670000000000016,30.67,27.10300000000001,-22.03,96,7.062,8
41764,1,0.401,0.634,-51.992999999999995,47.24000000000001,47.24,28.860000000000014,-23.13300000000001,96,7.062,9
16305,1,0.829,0.609,-60.111999999999995,27.257000000000005,27.257,52.33500000000001,-7.776999999999987,96,7.062,10
15723,1,0.388,0.591,-32.66499999999999,18.224999999999994,18.225,12.705000000000013,-19.960000000000008,96,7.062,11
22813,1,0.698,0.817,-41.46199999999999,24.990999999999985,24.991,19.601,-21.86099999999999,96,7.062,12
21822,1,0.641,0.621,-15.396000000000015,19.15700000000001,19.157,-3.4850000000000136,-18.881,96,7.062,13
41247,1,0.475,0.457,-37.09,31.498999999999995,31.499,12.430000000000007,-24.659999999999997,96,7.062,14
32942,1,0.63,0.402,-27.908999999999992,69.75200000000001,69.752,6.788999999999987,-21.120000000000005,96,7.062,15
1952,1,0.713,0.676,-28.206999999999994,24.382000000000005,24.382,25.74600000000001,-2.4610000000000127,96,7.062,16
32015,1,0.533,0.558,-27.84899999999999,51.327,51.327,-2.2179999999999893,-30.067000000000007,96,7.062,17
24528,1,0.568,0.649,-46.488,27.860000000000014,27.86,18.566000000000003,-27.921999999999997,96,7.062,18
30332,1,0.732,0.739,-20.788999999999987,23.432999999999993,23.433,10.84299999999999,-9.945999999999998,96,7.062,19
23236,1,0.531,0.529,-34.12700000000001,46.89500000000001,46.895,25.65299999999999,-8.47399999999999,96,7.062,20
14530,1,0.597,0.624,-31.87100000000001,50.81299999999999,50.813,9.025000000000006,-22.846000000000004,97,7.063,1
15723,1,0.388,0.591,-32.66499999999999,18.224999999999994,18.225,12.705000000000013,-19.960000000000008,97,7.063,2
38449,1,0.537,0.695,-56.238,26.099999999999994,26.1,32.31200000000001,-23.925999999999988,97,7.063,3
16305,1,0.829,0.609,-60.111999999999995,27.257000000000005,27.257,52.33500000000001,-7.776999999999987,97,7.063,4
32942,1,0.63,0.402,-27.908999999999992,69.75200000000001,69.752,6.788999999999987,-21.120000000000005,97,7.063,5
24528,1,0.568,0.649,-46.488,27.860000000000014,27.86,18.566000000000003,-27.921999999999997,97,7.063,6
36726,1,0.619,0.787,-44.545000000000016,28.712999999999994,28.713,45.166,0.6209999999999809,97,7.063,7
23236,1,0.531,0.529,-34.12700000000001,46.89500000000001,46.895,25.65299999999999,-8.47399999999999,97,7.063,8
13027,1,0.705,0.773,-37.018,47.95600000000002,47.956,49.522999999999996,12.504999999999995,97,7.063,9
5618,1,0.979,0.889,-37.489000000000004,105.40899999999999,105.409,-2.4410000000000025,-39.93000000000001,97,7.063,10
12467,1,0.615,0.704,-26.602000000000004,15.396000000000015,15.396,16.72200000000001,-9.879999999999995,97,7.063,11
22813,1,0.698,0.817,-41.46199999999999,24.990999999999985,24.991,19.601,-21.86099999999999,97,7.063,12
12088,1,0.826,0.422,-60.662000000000006,24.026999999999987,24.027,46.548,-14.114000000000004,97,7.063,13
41247,1,0.475,0.457,-37.09,31.498999999999995,31.499,12.430000000000007,-24.659999999999997,97,7.063,14
1952,1,0.713,0.676,-28.206999999999994,24.382000000000005,24.382,25.74600000000001,-2.4610000000000127,97,7.063,15
17668,1,0.617,0.536,-45.63900000000001,57.36699999999999,57.367,21.591000000000008,-24.048000000000002,97,7.063,16
32015,1,0.533,0.558,-27.84899999999999,51.327,51.327,-2.2179999999999893,-30.067000000000007,97,7.063,17
21822,1,0.641,0.621,-15.396000000000015,19.15700000000001,19.157,-3.4850000000000136,-18.881,97,7.063,18
30332,1,0.732,0.739,-20.788999999999987,23.432999999999993,23.433,10.84299999999999,-9.945999999999998,97,7.063,19
41764,1,0.401,0.634,-51.992999999999995,47.24000000000001,47.24,28.860000000000014,-23.13300000000001,97,7.063,20
32942,1,0.63,0.402,-27.908999999999992,69.75200000000001,69.752,6.788999999999987,-21.120000000000005,98,7.063,1
23236,1,0.531,0.529,-34.12700000000001,46.89500000000001,46.895,25.65299999999999,-8.47399999999999,98,7.063,2
30332,1,0.732,0.739,-20.788999999999987,23.432999999999993,23.433,10.84299999999999,-9.945999999999998,98,7.063,3
41247,1,0.475,0.457,-37.09,31.498999999999995,31.499,12.430000000000007,-24.659999999999997,98,7.063,4
16305,1,0.829,0.609,-60.111999999999995,27.257000000000005,27.257,52.33500000000001,-7.776999999999987,98,7.063,5
14530,1,0.597,0.624,-31.87100000000001,50.81299999999999,50.813,9.025000000000006,-22.846000000000004,98,7.063,6
1952,1,0.713,0.676,-28.206999999999994,24.382000000000005,24.382,25.74600000000001,-2.4610000000000127,98,7.063,7
24528,1,0.568,0.649,-46.488,27.860000000000014,27.86,18.566000000000003,-27.921999999999997,98,7.063,8
12088,1,0.826,0.422,-60.662000000000006,24.026999999999987,24.027,46.548,-14.114000000000004,98,7.063,9
36726,1,0.619,0.787,-44.545000000000016,28.712999999999994,28.713,45.166,0.6209999999999809,98,7.063,10
21822,1,0.641,0.621,-15.396000000000015,19.15700000000001,19.157,-3.4850000000000136,-18.881,98,7.063,11
32015,1,0.533,0.558,-27.84899999999999,51.327,51.327,-2.2179999999999893,-30.067000000000007,98,7.063,12
13027,1,0.705,0.773,-37.018,47.95600000000002,47.956,49.522999999999996,12.504999999999995,98,7.063,13
17668,1,0.617,0.536,-45.63900000000001,57.36699999999999,57.367,21.591000000000008,-24.048000000000002,98,7.063,14
5618,1,0.979,0.889,-37.489000000000004,105.40899999999999,105.409,-2.4410000000000025,-39.93000000000001,98,7.063,15
22813,1,0.698,0.817,-41.46199999999999,24.990999999999985,24.991,19.601,-21.86099999999999,98,7.063,16
15723,1,0.388,0.591,-32.66499999999999,18.224999999999994,18.225,12.705000000000013,-19.960000000000008,98,7.063,17
41764,1,0.401,0.634,-51.992999999999995,47.24000000000001,47.24,28.860000000000014,-23.13300000000001,98,7.063,18
12467,1,0.615,0.704,-26.602000000000004,15.396000000000015,15.396,16.72200000000001,-9.879999999999995,98,7.063,19
38449,1,0.537,0.695,-56.238,26.099999999999994,26.1,32.31200000000001,-23.925999999999988,98,7.063,20
38449,1,0.537,0.695,-56.238,26.099999999999994,26.1,32.31200000000001,-23.925999999999988,99,7.063,1
12467,1,0.615,0.704,-26.602000000000004,15.396000000000015,15.396,16.72200000000001,-9.879999999999995,99,7.063,2
1952,1,0.713,0.676,-28.206999999999994,24.382000000000005,24.382,25.74600000000001,-2.4610000000000127,99,7.063,3
17668,1,0.617,0.536,-45.63900000000001,57.36699999999999,57.367,21.591000000000008,-24.048000000000002,99,7.063,4
32015,1,0.533,0.558,-27.84899999999999,51.327,51.327,-2.2179999999999893,-30.067000000000007,99,7.063,5
36726,1,0.619,0.787,-44.545000000000016,28.712999999999994,28.713,45.166,0.6209999999999809,99,7.063,6
23236,1,0.531,0.529,-34.12700000000001,46.89500000000001,46.895,25.65299999999999,-8.47399999999999,99,7.063,7
22813,1,0.698,0.817,-41.46199999999999,24.990999999999985,24.991,19.601,-21.86099999999999,99,7.063,8
15723,1,0.388,0.591,-32.66499999999999,18.224999999999994,18.225,12.705000000000013,-19.960000000000008,99,7.063,9
32942,1,0.63,0.402,-27.908999999999992,69.75200000000001,69.752,6.788999999999987,-21.120000000000005,99,7.063,10
14530,1,0.597,0.624,-31.87100000000001,50.81299999999999,50.813,9.025000000000006,-22.846000000000004,99,7.063,11
21822,1,0.641,0.621,-15.396000000000015,19.15700000000001,19.157,-3.4850000000000136,-18.881,99,7.063,12
41247,1,0.475,0.457,-37.09,31.498999999999995,31.499,12.430000000000007,-24.659999999999997,99,7.063,13
41764,1,0.401,0.634,-51.992999999999995,47.24000000000001,47.24,28.860000000000014,-23.13300000000001,99,7.063,14
16305,1,0.829,0.609,-60.111999999999995,27.257000000000005,27.257,52.33500000000001,-7.776999999999987,99,7.063,15
30332,1,0.732,0.739,-20.788999999999987,23.432999999999993,23.433,10.84299999999999,-9.945999999999998,99,7.063,16
5618,1,0.979,0.889,-37.489000000000004,105.40899999999999,105.409,-2.4410000000000025,-39.93000000000001,99,7.063,17
24528,1,0.568,0.649,-46.488,27.860000000000014,27.86,18.566000000000003,-27.921999999999997,99,7.063,18
12088,1,0.826,0.422,-60.662000000000006,24.026999999999987,24.027,46.548,-14.114000000000004,99,7.063,19
13027,1,0.705,0.773,-37.018,47.95600000000002,47.956,49.522999999999996,12.504999999999995,99,7.063,20
21822,1,0.641,0.621,-15.396000000000015,19.15700000000001,19.157,-3.4850000000000136,-18.881,100,7.078,1
5618,1,0.979,0.889,-37.489000000000004,105.40899999999999,105.409,-2.4410000000000025,-39.93000000000001,100,7.078,2
10508,1,0.793,0.668,-42.89099999999999,26.641999999999996,26.642,37.54399999999998,-5.347000000000008,100,7.078,3
24528,1,0.568,0.649,-46.488,27.860000000000014,27.86,18.566000000000003,-27.921999999999997,100,7.078,4
17668,1,0.617,0.536,-45.63900000000001,57.36699999999999,57.367,21.591000000000008,-24.048000000000002,100,7.078,5
36726,1,0.619,0.787,-44.545000000000016,28.712999999999994,28.713,45.166,0.6209999999999809,100,7.078,6
16305,1,0.829,0.609,-60.111999999999995,27.257000000000005,27.257,52.33500000000001,-7.776999999999987,100,7.078,7
42922,1,1.452,0.833,-44.953,94.05200000000002,94.052,42.68299999999999,-2.2700000000000102,100,7.078,8
7065,1,0.77,0.684,-49.13300000000001,30.670000000000016,30.67,27.10300000000001,-22.03,100,7.078,9
13027,1,0.705,0.773,-37.018,47.95600000000002,47.956,49.522999999999996,12.504999999999995,100,7.078,10
12467,1,0.615,0.704,-26.602000000000004,15.396000000000015,15.396,16.72200000000001,-9.879999999999995,100,7.078,11
32015,1,0.533,0.558,-27.84899999999999,51.327,51.327,-2.2179999999999893,-30.067000000000007,100,7.078,12
23236,1,0.531,0.529,-34.12700000000001,46.89500000000001,46.895,25.65299999999999,-8.47399999999999,100,7.078,13
14530,1,0.597,0.624,-31.87100000000001,50.81299999999999,50.813,9.025000000000006,-22.846000000000004,100,7.078,14
22813,1,0.698,0.817,-41.46199999999999,24.990999999999985,24.991,19.601,-21.86099999999999,100,7.078,15
38449,1,0.537,0.695,-56.238,26.099999999999994,26.1,32.31200000000001,-23.925999999999988,100,7.078,16
15723,1,0.388,0.591,-32.66499999999999,18.224999999999994,18.225,12.705000000000013,-19.960000000000008,100,7.078,17
41247,1,0.475,0.457,-37.09,31.498999999999995,31.499,12.430000000000007,-24.659999999999997,100,7.078,18
46776,1,0.552,0.859,-18.796999999999997,82.34899999999999,82.349,49.45099999999999,30.653999999999996,100,7.078,19
1952,1,0.713,0.676,-28.206999999999994,24.382000000000005,24.382,25.74600000000001,-2.4610000000000127,100,7.078,20
