frame,ok,h1_rmsd,h2_rmsd,alpha,beta,abs_beta,gamma,zeta_alpha_plus_gamma,replicate,sas_rdc_rmsd,selection_rank
12386,1,1.567,1.033,0.51400000000001,90.21299999999997,90.213,9.651999999999987,10.165999999999997,1,3.828,1
11944,1,1.371,0.762,-13.013000000000005,71.01400000000001,71.014,3.4749999999999943,-9.538000000000011,1,3.828,2
15066,1,1.211,0.92,-15.388000000000005,32.29399999999998,32.294,-37.661,-53.04900000000001,1,3.828,3
15004,1,1.48,0.847,-30.314999999999998,29.921999999999997,29.922,-18.471000000000004,-48.786,1,3.828,4
689,1,0.682,0.934,19.450999999999993,38.72300000000001,38.723,-67.54,-48.089,1,3.828,5
47149,1,1.663,0.938,36.396000000000015,66.60300000000001,66.603,35.19,71.58600000000001,1,3.828,6
29152,1,1.669,0.786,47.39099999999999,29.353999999999985,29.354,-68.435,-21.04400000000001,1,3.828,7
29012,1,1.787,0.859,3.0289999999999964,21.497000000000014,21.497,-22.25399999999999,-19.224999999999994,1,3.828,8
47121,1,2.16,0.763,21.043000000000006,89.356,89.356,19.85900000000001,40.90199999999999,1,3.828,9
47120,1,2.209,0.555,18.021000000000015,85.67599999999999,85.676,15.373999999999995,33.39500000000001,1,3.828,10
12177,1,2.066,1.11,93.44799999999998,55.916,55.916,-28.568000000000012,64.88,1,3.828,11
29013,1,1.33,0.821,7.699000000000012,22.857,22.857,-25.949000000000012,-18.25,1,3.828,12
13005,1,1.499,1.062,-28.625,34.18299999999999,34.183,-32.92500000000001,-61.55,1,3.828,13
41661,1,1.922,0.584,57.172,49.599999999999994,49.6,-86.6,-29.427999999999997,1,3.828,14
41579,1,1.542,0.966,-1.5889999999999986,53.635999999999996,53.636,-41.50800000000001,-43.09700000000001,1,3.828,15
28988,1,1.26,0.589,13.426999999999992,38.827,38.827,-28.074000000000012,-14.646999999999991,1,3.828,16
47126,1,2.278,0.649,36.396000000000015,83.57799999999997,83.578,16.215000000000003,52.61099999999999,1,3.828,17
45206,1,1.065,0.969,-35.22300000000001,80.50400000000002,80.504,-3.673000000000002,-38.896000000000015,1,3.828,18
21123,1,1.833,0.948,9.656000000000006,71.756,71.756,-15.568000000000012,-5.912000000000006,1,3.828,19
29131,1,1.463,0.799,9.259999999999991,20.973000000000013,20.973,-32.97300000000001,-23.712999999999994,1,3.828,20
12385,1,1.67,0.716,-3.820999999999998,94.63400000000001,94.634,13.24799999999999,9.426999999999992,2,3.848,1
29120,1,1.269,0.754,17.259000000000015,23.841000000000008,23.841,-35.182000000000016,-17.923000000000002,2,3.848,2
47126,1,2.278,0.649,36.396000000000015,83.57799999999997,83.578,16.215000000000003,52.61099999999999,2,3.848,3
47121,1,2.16,0.763,21.043000000000006,89.356,89.356,19.85900000000001,40.90199999999999,2,3.848,4
47120,1,2.209,0.555,18.021000000000015,85.67599999999999,85.676,15.373999999999995,33.39500000000001,2,3.848,5
47149,1,1.663,0.938,36.396000000000015,66.60300000000001,66.603,35.19,71.58600000000001,2,3.848,6
48893,1,1.425,1.324,34.192999999999984,51.97200000000001,51.972,-58.846000000000004,-24.65299999999999,2,3.848,7
12177,1,2.066,1.11,93.44799999999998,55.916,55.916,-28.568000000000012,64.88,2,3.848,8
14976,1,1.069,1.1,-36.06,27.435000000000002,27.435,-14.225999999999999,-50.286,2,3.848,9
41661,1,1.922,0.584,57.172,49.599999999999994,49.6,-86.6,-29.427999999999997,2,3.848,10
21123,1,1.833,0.948,9.656000000000006,71.756,71.756,-15.568000000000012,-5.912000000000006,2,3.848,11
29013,1,1.33,0.821,7.699000000000012,22.857,22.857,-25.949000000000012,-18.25,2,3.848,12
41579,1,1.542,0.966,-1.5889999999999986,53.635999999999996,53.636,-41.50800000000001,-43.09700000000001,2,3.848,13
42322,1,1.424,1.155,3.7309999999999945,30.461000000000013,30.461,-52.52199999999999,-48.791,2,3.848,14
41585,1,1.715,1.016,-7.096000000000004,50.78999999999999,50.79,-39.48599999999999,-46.581999999999994,2,3.848,15
13005,1,1.499,1.062,-28.625,34.18299999999999,34.183,-32.92500000000001,-61.55,2,3.848,16
11944,1,1.371,0.762,-13.013000000000005,71.01400000000001,71.014,3.4749999999999943,-9.538000000000011,2,3.848,17
21098,1,1.58,0.873,-0.8669999999999902,67.251,67.251,-5.382000000000005,-6.248999999999995,2,3.848,18
29138,1,1.967,0.767,-1.3480000000000132,18.739000000000004,18.739,-21.45599999999999,-22.804000000000002,2,3.848,19
15066,1,1.211,0.92,-15.388000000000005,32.29399999999998,32.294,-37.661,-53.04900000000001,2,3.848,20
45206,1,1.065,0.969,-35.22300000000001,80.50400000000002,80.504,-3.673000000000002,-38.896000000000015,3,3.855,1
47126,1,2.278,0.649,36.396000000000015,83.57799999999997,83.578,16.215000000000003,52.61099999999999,3,3.855,2
21123,1,1.833,0.948,9.656000000000006,71.756,71.756,-15.568000000000012,-5.912000000000006,3,3.855,3
41661,1,1.922,0.584,57.172,49.599999999999994,49.6,-86.6,-29.427999999999997,3,3.855,4
29152,1,1.669,0.786,47.39099999999999,29.353999999999985,29.354,-68.435,-21.04400000000001,3,3.855,5
47149,1,1.663,0.938,36.396000000000015,66.60300000000001,66.603,35.19,71.58600000000001,3,3.855,6
14976,1,1.069,1.1,-36.06,27.435000000000002,27.435,-14.225999999999999,-50.286,3,3.855,7
689,1,0.682,0.934,19.450999999999993,38.72300000000001,38.723,-67.54,-48.089,3,3.855,8
12177,1,2.066,1.11,93.44799999999998,55.916,55.916,-28.568000000000012,64.88,3,3.855,9
11944,1,1.371,0.762,-13.013000000000005,71.01400000000001,71.014,3.4749999999999943,-9.538000000000011,3,3.855,10
13005,1,1.499,1.062,-28.625,34.18299999999999,34.183,-32.92500000000001,-61.55,3,3.855,11
47120,1,2.209,0.555,18.021000000000015,85.67599999999999,85.676,15.373999999999995,33.39500000000001,3,3.855,12
28988,1,1.26,0.589,13.426999999999992,38.827,38.827,-28.074000000000012,-14.646999999999991,3,3.855,13
41579,1,1.542,0.966,-1.5889999999999986,53.635999999999996,53.636,-41.50800000000001,-43.09700000000001,3,3.855,14
48893,1,1.425,1.324,34.192999999999984,51.97200000000001,51.972,-58.846000000000004,-24.65299999999999,3,3.855,15
29012,1,1.787,0.859,3.0289999999999964,21.497000000000014,21.497,-22.25399999999999,-19.224999999999994,3,3.855,16
47121,1,2.16,0.763,21.043000000000006,89.356,89.356,19.85900000000001,40.90199999999999,3,3.855,17
12386,1,1.567,1.033,0.51400000000001,90.21299999999997,90.213,9.651999999999987,10.165999999999997,3,3.855,18
15148,1,1.044,1.164,-19.194999999999993,58.18099999999998,58.181,-20.954999999999984,-40.150000000000006,3,3.855,19
42328,1,1.585,0.88,23.465000000000003,21.549000000000007,21.549,-72.388,-48.923,3,3.855,20
11944,1,1.371,0.762,-13.013000000000005,71.01400000000001,71.014,3.4749999999999943,-9.538000000000011,4,3.856,1
43302,1,1.439,1.075,1.6500000000000057,39.584,39.584,-51.08699999999999,-49.43700000000001,4,3.856,2
47120,1,2.209,0.555,18.021000000000015,85.67599999999999,85.676,15.373999999999995,33.39500000000001,4,3.856,3
29012,1,1.787,0.859,3.0289999999999964,21.497000000000014,21.497,-22.25399999999999,-19.224999999999994,4,3.856,4
12177,1,2.066,1.11,93.44799999999998,55.916,55.916,-28.568000000000012,64.88,4,3.856,5
29138,1,1.967,0.767,-1.3480000000000132,18.739000000000004,18.739,-21.45599999999999,-22.804000000000002,4,3.856,6
41579,1,1.542,0.966,-1.5889999999999986,53.635999999999996,53.636,-41.50800000000001,-43.09700000000001,4,3.856,7
21123,1,1.833,0.948,9.656000000000006,71.756,71.756,-15.568000000000012,-5.912000000000006,4,3.856,8
47149,1,1.663,0.938,36.396000000000015,66.60300000000001,66.603,35.19,71.58600000000001,4,3.856,9
35619,1,2.054,0.831,6.049000000000007,52.339,52.339,-40.59899999999999,-34.55000000000001,4,3.856,10
15066,1,1.211,0.92,-15.388000000000005,32.29399999999998,32.294,-37.661,-53.04900000000001,4,3.856,11
41661,1,1.922,0.584,57.172,49.599999999999994,49.6,-86.6,-29.427999999999997,4,3.856,12
28988,1,1.26,0.589,13.426999999999992,38.827,38.827,-28.074000000000012,-14.646999999999991,4,3.856,13
15004,1,1.48,0.847,-30.314999999999998,29.921999999999997,29.922,-18.471000000000004,-48.786,4,3.856,14
36816,1,1.393,0.935,26.171999999999997,24.982,24.982,-74.667,-48.495000000000005,4,3.856,15
48893,1,1.425,1.324,34.192999999999984,51.97200000000001,51.972,-58.846000000000004,-24.65299999999999,4,3.856,16
47121,1,2.16,0.763,21.043000000000006,89.356,89.356,19.85900000000001,40.90199999999999,4,3.856,17
45206,1,1.065,0.969,-35.22300000000001,80.50400000000002,80.504,-3.673000000000002,-38.896000000000015,4,3.856,18
12386,1,1.567,1.033,0.51400000000001,90.21299999999997,90.213,9.651999999999987,10.165999999999997,4,3.856,19
47096,1,2.556,0.749,16.284999999999997,67.20600000000002,67.206,7.360000000000014,23.64500000000001,4,3.856,20
15066,1,1.211,0.92,-15.388000000000005,32.29399999999998,32.294,-37.661,-53.04900000000001,5,3.857,1
47121,1,2.16,0.763,21.043000000000006,89.356,89.356,19.85900000000001,40.90199999999999,5,3.857,2
15004,1,1.48,0.847,-30.314999999999998,29.921999999999997,29.922,-18.471000000000004,-48.786,5,3.857,3
42327,1,1.432,0.647,7.570999999999998,26.034999999999997,26.035,-56.94,-49.369,5,3.857,4
28988,1,1.26,0.589,13.426999999999992,38.827,38.827,-28.074000000000012,-14.646999999999991,5,3.857,5
29123,1,1.717,0.87,16.706999999999994,24.77799999999999,24.778,-39.827,-23.120000000000005,5,3.857,6
47120,1,2.209,0.555,18.021000000000015,85.67599999999999,85.676,15.373999999999995,33.39500000000001,5,3.857,7
13005,1,1.499,1.062,-28.625,34.18299999999999,34.183,-32.92500000000001,-61.55,5,3.857,8
41579,1,1.542,0.966,-1.5889999999999986,53.635999999999996,53.636,-41.50800000000001,-43.09700000000001,5,3.857,9
47126,1,2.278,0.649,36.396000000000015,83.57799999999997,83.578,16.215000000000003,52.61099999999999,5,3.857,10
21123,1,1.833,0.948,9.656000000000006,71.756,71.756,-15.568000000000012,-5.912000000000006,5,3.857,11
41658,1,1.52,0.806,64.411,44.754999999999995,44.755,-89.869,-25.458,5,3.857,12
12386,1,1.567,1.033,0.51400000000001,90.21299999999997,90.213,9.651999999999987,10.165999999999997,5,3.857,13
12177,1,2.066,1.11,93.44799999999998,55.916,55.916,-28.568000000000012,64.88,5,3.857,14
47149,1,1.663,0.938,36.396000000000015,66.60300000000001,66.603,35.19,71.58600000000001,5,3.857,15
689,1,0.682,0.934,19.450999999999993,38.72300000000001,38.723,-67.54,-48.089,5,3.857,16
29013,1,1.33,0.821,7.699000000000012,22.857,22.857,-25.949000000000012,-18.25,5,3.857,17
29152,1,1.669,0.786,47.39099999999999,29.353999999999985,29.354,-68.435,-21.04400000000001,5,3.857,18
45206,1,1.065,0.969,-35.22300000000001,80.50400000000002,80.504,-3.673000000000002,-38.896000000000015,5,3.857,19
11944,1,1.371,0.762,-13.013000000000005,71.01400000000001,71.014,3.4749999999999943,-9.538000000000011,5,3.857,20
47149,1,1.663,0.938,36.396000000000015,66.60300000000001,66.603,35.19,71.58600000000001,6,3.857,1
41579,1,1.542,0.966,-1.5889999999999986,53.635999999999996,53.636,-41.50800000000001,-43.09700000000001,6,3.857,2
13005,1,1.499,1.062,-28.625,34.18299999999999,34.183,-32.92500000000001,-61.55,6,3.857,3
11944,1,1.371,0.762,-13.013000000000005,71.01400000000001,71.014,3.4749999999999943,-9.538000000000011,6,3.857,4
14976,1,1.069,1.1,-36.06,27.435000000000002,27.435,-14.225999999999999,-50.286,6,3.857,5
42328,1,1.585,0.88,23.465000000000003,21.549000000000007,21.549,-72.388,-48.923,6,3.857,6
47126,1,2.278,0.649,36.396000000000015,83.57799999999997,83.578,16.215000000000003,52.61099999999999,6,3.857,7
41661,1,1.922,0.584,57.172,49.599999999999994,49.6,-86.6,-29.427999999999997,6,3.857,8
47121,1,2.16,0.763,21.043000000000006,89.356,89.356,19.85900000000001,40.90199999999999,6,3.857,9
15112,1,1.487,0.77,1.3100000000000023,35.18000000000001,35.18,-46.167,-44.857,6,3.857,10
45206,1,1.065,0.969,-35.22300000000001,80.50400000000002,80.504,-3.673000000000002,-38.896000000000015,6,3.857,11
48893,1,1.425,1.324,34.192999999999984,51.97200000000001,51.972,-58.846000000000004,-24.65299999999999,6,3.857,12
21123,1,1.833,0.948,9.656000000000006,71.756,71.756,-15.568000000000012,-5.912000000000006,6,3.857,13
12177,1,2.066,1.11,93.44799999999998,55.916,55.916,-28.568000000000012,64.88,6,3.857,14
15148,1,1.044,1.164,-19.194999999999993,58.18099999999998,58.181,-20.954999999999984,-40.150000000000006,6,3.857,15
47120,1,2.209,0.555,18.021000000000015,85.67599999999999,85.676,15.373999999999995,33.39500000000001,6,3.857,16
29012,1,1.787,0.859,3.0289999999999964,21.497000000000014,21.497,-22.25399999999999,-19.224999999999994,6,3.857,17
29120,1,1.269,0.754,17.259000000000015,23.841000000000008,23.841,-35.182000000000016,-17.923000000000002,6,3.857,18
12386,1,1.567,1.033,0.51400000000001,90.21299999999997,90.213,9.651999999999987,10.165999999999997,6,3.857,19
28988,1,1.26,0.589,13.426999999999992,38.827,38.827,-28.074000000000012,-14.646999999999991,6,3.857,20
12177,1,2.066,1.11,93.44799999999998,55.916,55.916,-28.568000000000012,64.88,7,3.857,1
47120,1,2.209,0.555,18.021000000000015,85.67599999999999,85.676,15.373999999999995,33.39500000000001,7,3.857,2
19168,1,1.35,0.758,-1.8660000000000139,57.67599999999999,57.676,-21.823000000000008,-23.688999999999993,7,3.857,3
15066,1,1.211,0.92,-15.388000000000005,32.29399999999998,32.294,-37.661,-53.04900000000001,7,3.857,4
47121,1,2.16,0.763,21.043000000000006,89.356,89.356,19.85900000000001,40.90199999999999,7,3.857,5
41579,1,1.542,0.966,-1.5889999999999986,53.635999999999996,53.636,-41.50800000000001,-43.09700000000001,7,3.857,6
29120,1,1.269,0.754,17.259000000000015,23.841000000000008,23.841,-35.182000000000016,-17.923000000000002,7,3.857,7
11944,1,1.371,0.762,-13.013000000000005,71.01400000000001,71.014,3.4749999999999943,-9.538000000000011,7,3.857,8
47147,1,2.001,0.583,38.658000000000015,65.98399999999998,65.984,29.840000000000003,68.49799999999999,7,3.857,9
41658,1,1.52,0.806,64.411,44.754999999999995,44.755,-89.869,-25.458,7,3.857,10
13005,1,1.499,1.062,-28.625,34.18299999999999,34.183,-32.92500000000001,-61.55,7,3.857,11
41571,1,1.401,0.98,-12.644000000000005,50.62899999999999,50.629,-33.07499999999999,-45.718999999999994,7,3.857,12
14976,1,1.069,1.1,-36.06,27.435000000000002,27.435,-14.225999999999999,-50.286,7,3.857,13
29013,1,1.33,0.821,7.699000000000012,22.857,22.857,-25.949000000000012,-18.25,7,3.857,14
29152,1,1.669,0.786,47.39099999999999,29.353999999999985,29.354,-68.435,-21.04400000000001,7,3.857,15
36816,1,1.393,0.935,26.171999999999997,24.982,24.982,-74.667,-48.495000000000005,7,3.857,16
29012,1,1.787,0.859,3.0289999999999964,21.497000000000014,21.497,-22.25399999999999,-19.224999999999994,7,3.857,17
47126,1,2.278,0.649,36.396000000000015,83.57799999999997,83.578,16.215000000000003,52.61099999999999,7,3.857,18
21123,1,1.833,0.948,9.656000000000006,71.756,71.756,-15.568000000000012,-5.912000000000006,7,3.857,19
12385,1,1.67,0.716,-3.820999999999998,94.63400000000001,94.634,13.24799999999999,9.426999999999992,7,3.857,20
47126,1,2.278,0.649,36.396000000000015,83.57799999999997,83.578,16.215000000000003,52.61099999999999,8,3.859,1
41579,1,1.542,0.966,-1.5889999999999986,53.635999999999996,53.636,-41.50800000000001,-43.09700000000001,8,3.859,2
20227,1,1.284,0.715,-22.641999999999996,44.19400000000002,44.194,-32.462999999999994,-55.10499999999999,8,3.859,3
42327,1,1.432,0.647,7.570999999999998,26.034999999999997,26.035,-56.94,-49.369,8,3.859,4
45206,1,1.065,0.969,-35.22300000000001,80.50400000000002,80.504,-3.673000000000002,-38.896000000000015,8,3.859,5
48892,1,1.449,1.276,32.46100000000001,47.486999999999995,47.487,-60.236999999999995,-27.77600000000001,8,3.859,6
29086,1,1.804,1.153,33.37700000000001,32.435,32.435,-56.458,-23.08099999999999,8,3.859,7
29130,1,1.411,0.858,17.25,17.12299999999999,17.123,-37.01400000000001,-19.76400000000001,8,3.859,8
29120,1,1.269,0.754,17.259000000000015,23.841000000000008,23.841,-35.182000000000016,-17.923000000000002,8,3.859,9
36816,1,1.393,0.935,26.171999999999997,24.982,24.982,-74.667,-48.495000000000005,8,3.859,10
47121,1,2.16,0.763,21.043000000000006,89.356,89.356,19.85900000000001,40.90199999999999,8,3.859,11
21109,1,1.492,1.082,12.337999999999994,69.43799999999999,69.438,-19.412000000000006,-7.074000000000012,8,3.859,12
12385,1,1.67,0.716,-3.820999999999998,94.63400000000001,94.634,13.24799999999999,9.426999999999992,8,3.859,13
15112,1,1.487,0.77,1.3100000000000023,35.18000000000001,35.18,-46.167,-44.857,8,3.859,14
14976,1,1.069,1.1,-36.06,27.435000000000002,27.435,-14.225999999999999,-50.286,8,3.859,15
28988,1,1.26,0.589,13.426999999999992,38.827,38.827,-28.074000000000012,-14.646999999999991,8,3.859,16
21123,1,1.833,0.948,9.656000000000006,71.756,71.756,-15.568000000000012,-5.912000000000006,8,3.859,17
12177,1,2.066,1.11,93.44799999999998,55.916,55.916,-28.568000000000012,64.88,8,3.859,18
47149,1,1.663,0.938,36.396000000000015,66.60300000000001,66.603,35.19,71.58600000000001,8,3.859,19
47120,1,2.209,0.555,18.021000000000015,85.67599999999999,85.676,15.373999999999995,33.39500000000001,8,3.859,20
29086,1,1.804,1.153,33.37700000000001,32.435,32.435,-56.458,-23.08099999999999,9,3.859,1
47149,1,1.663,0.938,36.396000000000015,66.60300000000001,66.603,35.19,71.58600000000001,9,3.859,2
41579,1,1.542,0.966,-1.5889999999999986,53.635999999999996,53.636,-41.50800000000001,-43.09700000000001,9,3.859,3
42327,1,1.432,0.647,7.570999999999998,26.034999999999997,26.035,-56.94,-49.369,9,3.859,4
12385,1,1.67,0.716,-3.820999999999998,94.63400000000001,94.634,13.24799999999999,9.426999999999992,9,3.859,5
36816,1,1.393,0.935,26.171999999999997,24.982,24.982,-74.667,-48.495000000000005,9,3.859,6
21109,1,1.492,1.082,12.337999999999994,69.43799999999999,69.438,-19.412000000000006,-7.074000000000012,9,3.859,7
29120,1,1.269,0.754,17.259000000000015,23.841000000000008,23.841,-35.182000000000016,-17.923000000000002,9,3.859,8
15112,1,1.487,0.77,1.3100000000000023,35.18000000000001,35.18,-46.167,-44.857,9,3.859,9
12177,1,2.066,1.11,93.44799999999998,55.916,55.916,-28.568000000000012,64.88,9,3.859,10
20227,1,1.284,0.715,-22.641999999999996,44.19400000000002,44.194,-32.462999999999994,-55.10499999999999,9,3.859,11
14976,1,1.069,1.1,-36.06,27.435000000000002,27.435,-14.225999999999999,-50.286,9,3.859,12
47126,1,2.278,0.649,36.396000000000015,83.57799999999997,83.578,16.215000000000003,52.61099999999999,9,3.859,13
45206,1,1.065,0.969,-35.22300000000001,80.50400000000002,80.504,-3.673000000000002,-38.896000000000015,9,3.859,14
29130,1,1.411,0.858,17.25,17.12299999999999,17.123,-37.01400000000001,-19.76400000000001,9,3.859,15
47120,1,2.209,0.555,18.021000000000015,85.67599999999999,85.676,15.373999999999995,33.39500000000001,9,3.859,16
21123,1,1.833,0.948,9.656000000000006,71.756,71.756,-15.568000000000012,-5.912000000000006,9,3.859,17
48892,1,1.449,1.276,32.46100000000001,47.486999999999995,47.487,-60.236999999999995,-27.77600000000001,9,3.859,18
47121,1,2.16,0.763,21.043000000000006,89.356,89.356,19.85900000000001,40.90199999999999,9,3.859,19
28988,1,1.26,0.589,13.426999999999992,38.827,38.827,-28.074000000000012,-14.646999999999991,9,3.859,20
47121,1,2.16,0.763,21.043000000000006,89.356,89.356,19.85900000000001,40.90199999999999,10,3.859,1
48892,1,1.449,1.276,32.46100000000001,47.486999999999995,47.487,-60.236999999999995,-27.77600000000001,10,3.859,2
41579,1,1.542,0.966,-1.5889999999999986,53.635999999999996,53.636,-41.50800000000001,-43.09700000000001,10,3.859,3
21123,1,1.833,0.948,9.656000000000006,71.756,71.756,-15.568000000000012,-5.912000000000006,10,3.859,4
29120,1,1.269,0.754,17.259000000000015,23.841000000000008,23.841,-35.182000000000016,-17.923000000000002,10,3.859,5
29086,1,1.804,1.153,33.37700000000001,32.435,32.435,-56.458,-23.08099999999999,10,3.859,6
47120,1,2.209,0.555,18.021000000000015,85.67599999999999,85.676,15.373999999999995,33.39500000000001,10,3.859,7
28988,1,1.26,0.589,13.426999999999992,38.827,38.827,-28.074000000000012,-14.646999999999991,10,3.859,8
29130,1,1.411,0.858,17.25,17.12299999999999,17.123,-37.01400000000001,-19.76400000000001,10,3.859,9
21109,1,1.492,1.082,12.337999999999994,69.43799999999999,69.438,-19.412000000000006,-7.074000000000012,10,3.859,10
36816,1,1.393,0.935,26.171999999999997,24.982,24.982,-74.667,-48.495000000000005,10,3.859,11
12177,1,2.066,1.11,93.44799999999998,55.916,55.916,-28.568000000000012,64.88,10,3.859,12
12385,1,1.67,0.716,-3.820999999999998,94.63400000000001,94.634,13.24799999999999,9.426999999999992,10,3.859,13
20227,1,1.284,0.715,-22.641999999999996,44.19400000000002,44.194,-32.462999999999994,-55.10499999999999,10,3.859,14
15112,1,1.487,0.77,1.3100000000000023,35.18000000000001,35.18,-46.167,-44.857,10,3.859,15
14976,1,1.069,1.1,-36.06,27.435000000000002,27.435,-14.225999999999999,-50.286,10,3.859,16
47149,1,1.663,0.938,36.396000000000015,66.60300000000001,66.603,35.19,71.58600000000001,10,3.859,17
42327,1,1.432,0.647,7.570999999999998,26.034999999999997,26.035,-56.94,-49.369,10,3.859,18
45206,1,1.065,0.969,-35.22300000000001,80.50400000000002,80.504,-3.673000000000002,-38.896000000000015,10,3.859,19
47126,1,2.278,0.649,36.396000000000015,83.57799999999997,83.578,16.215000000000003,52.61099999999999,10,3.859,20
47120,1,2.209,0.555,18.021000000000015,85.67599999999999,85.676,15.373999999999995,33.39500000000001,11,3.861,1
11803,1,0.998,0.891,-11.629999999999995,29.156000000000006,29.156,-40.339,-51.968999999999994,11,3.861,2
29086,1,1.804,1.153,33.37700000000001,32.435,32.435,-56.458,-23.08099999999999,11,3.861,3
47121,1,2.16,0.763,21.043000000000006,89.356,89.356,19.85900000000001,40.90199999999999,11,3.861,4
12177,1,2.066,1.11,93.44799999999998,55.916,55.916,-28.568000000000012,64.88,11,3.861,5
15112,1,1.487,0.77,1.3100000000000023,35.18000000000001,35.18,-46.167,-44.857,11,3.861,6
29120,1,1.269,0.754,17.259000000000015,23.841000000000008,23.841,-35.182000000000016,-17.923000000000002,11,3.861,7
36816,1,1.393,0.935,26.171999999999997,24.982,24.982,-74.667,-48.495000000000005,11,3.861,8
47126,1,2.278,0.649,36.396000000000015,83.57799999999997,83.578,16.215000000000003,52.61099999999999,11,3.861,9
13005,1,1.499,1.062,-28.625,34.18299999999999,34.183,-32.92500000000001,-61.55,11,3.861,10
41579,1,1.542,0.966,-1.5889999999999986,53.635999999999996,53.636,-41.50800000000001,-43.09700000000001,11,3.861,11
29013,1,1.33,0.821,7.699000000000012,22.857,22.857,-25.949000000000012,-18.25,11,3.861,12
48893,1,1.425,1.324,34.192999999999984,51.97200000000001,51.972,-58.846000000000004,-24.65299999999999,11,3.861,13
47149,1,1.663,0.938,36.396000000000015,66.60300000000001,66.603,35.19,71.58600000000001,11,3.861,14
21123,1,1.833,0.948,9.656000000000006,71.756,71.756,-15.568000000000012,-5.912000000000006,11,3.861,15
9931,1,1.144,0.737,-14.524000000000001,32.65899999999999,32.659,-30.252999999999986,-44.77699999999999,11,3.861,16
28988,1,1.26,0.589,13.426999999999992,38.827,38.827,-28.074000000000012,-14.646999999999991,11,3.861,17
45206,1,1.065,0.969,-35.22300000000001,80.50400000000002,80.504,-3.673000000000002,-38.896000000000015,11,3.861,18
12386,1,1.567,1.033,0.51400000000001,90.21299999999997,90.213,9.651999999999987,10.165999999999997,11,3.861,19
21109,1,1.492,1.082,12.337999999999994,69.43799999999999,69.438,-19.412000000000006,-7.074000000000012,11,3.861,20
29012,1,1.787,0.859,3.0289999999999964,21.497000000000014,21.497,-22.25399999999999,-19.224999999999994,12,3.862,1
28988,1,1.26,0.589,13.426999999999992,38.827,38.827,-28.074000000000012,-14.646999999999991,12,3.862,2
47126,1,2.278,0.649,36.396000000000015,83.57799999999997,83.578,16.215000000000003,52.61099999999999,12,3.862,3
41579,1,1.542,0.966,-1.5889999999999986,53.635999999999996,53.636,-41.50800000000001,-43.09700000000001,12,3.862,4
45206,1,1.065,0.969,-35.22300000000001,80.50400000000002,80.504,-3.673000000000002,-38.896000000000015,12,3.862,5
15066,1,1.211,0.92,-15.388000000000005,32.29399999999998,32.294,-37.661,-53.04900000000001,12,3.862,6
47096,1,2.556,0.749,16.284999999999997,67.20600000000002,67.206,7.360000000000014,23.64500000000001,12,3.862,7
12177,1,2.066,1.11,93.44799999999998,55.916,55.916,-28.568000000000012,64.88,12,3.862,8
21123,1,1.833,0.948,9.656000000000006,71.756,71.756,-15.568000000000012,-5.912000000000006,12,3.862,9
14978,1,1.364,0.969,-24.295999999999992,26.345,26.345,-27.453000000000003,-51.748999999999995,12,3.862,10
12386,1,1.567,1.033,0.51400000000001,90.21299999999997,90.213,9.651999999999987,10.165999999999997,12,3.862,11
15112,1,1.487,0.77,1.3100000000000023,35.18000000000001,35.18,-46.167,-44.857,12,3.862,12
29156,1,1.697,1.076,33.646000000000015,39.66399999999999,39.664,-53.209,-19.562999999999988,12,3.862,13
47121,1,2.16,0.763,21.043000000000006,89.356,89.356,19.85900000000001,40.90199999999999,12,3.862,14
11944,1,1.371,0.762,-13.013000000000005,71.01400000000001,71.014,3.4749999999999943,-9.538000000000011,12,3.862,15
36816,1,1.393,0.935,26.171999999999997,24.982,24.982,-74.667,-48.495000000000005,12,3.862,16
48893,1,1.425,1.324,34.192999999999984,51.97200000000001,51.972,-58.846000000000004,-24.65299999999999,12,3.862,17
13005,1,1.499,1.062,-28.625,34.18299999999999,34.183,-32.92500000000001,-61.55,12,3.862,18
41661,1,1.922,0.584,57.172,49.599999999999994,49.6,-86.6,-29.427999999999997,12,3.862,19
47120,1,2.209,0.555,18.021000000000015,85.67599999999999,85.676,15.373999999999995,33.39500000000001,12,3.862,20
21123,1,1.833,0.948,9.656000000000006,71.756,71.756,-15.568000000000012,-5.912000000000006,13,3.862,1
12177,1,2.066,1.11,93.44799999999998,55.916,55.916,-28.568000000000012,64.88,13,3.862,2
29152,1,1.669,0.786,47.39099999999999,29.353999999999985,29.354,-68.435,-21.04400000000001,13,3.862,3
21098,1,1.58,0.873,-0.8669999999999902,67.251,67.251,-5.382000000000005,-6.248999999999995,13,3.862,4
47149,1,1.663,0.938,36.396000000000015,66.60300000000001,66.603,35.19,71.58600000000001,13,3.862,5
47096,1,2.556,0.749,16.284999999999997,67.20600000000002,67.206,7.360000000000014,23.64500000000001,13,3.862,6
15066,1,1.211,0.92,-15.388000000000005,32.29399999999998,32.294,-37.661,-53.04900000000001,13,3.862,7
41661,1,1.922,0.584,57.172,49.599999999999994,49.6,-86.6,-29.427999999999997,13,3.862,8
29012,1,1.787,0.859,3.0289999999999964,21.497000000000014,21.497,-22.25399999999999,-19.224999999999994,13,3.862,9
15037,1,1.199,1.212,-5.681999999999988,35.67699999999999,35.677,-37.248999999999995,-42.93099999999998,13,3.862,10
12386,1,1.567,1.033,0.51400000000001,90.21299999999997,90.213,9.651999999999987,10.165999999999997,13,3.862,11
45206,1,1.065,0.969,-35.22300000000001,80.50400000000002,80.504,-3.673000000000002,-38.896000000000015,13,3.862,12
42328,1,1.585,0.88,23.465000000000003,21.549000000000007,21.549,-72.388,-48.923,13,3.862,13
14976,1,1.069,1.1,-36.06,27.435000000000002,27.435,-14.225999999999999,-50.286,13,3.862,14
47121,1,2.16,0.763,21.043000000000006,89.356,89.356,19.85900000000001,40.90199999999999,13,3.862,15
47120,1,2.209,0.555,18.021000000000015,85.67599999999999,85.676,15.373999999999995,33.39500000000001,13,3.862,16
36816,1,1.393,0.935,26.171999999999997,24.982,24.982,-74.667,-48.495000000000005,13,3.862,17
11944,1,1.371,0.762,-13.013000000000005,71.01400000000001,71.014,3.4749999999999943,-9.538000000000011,13,3.862,18
41579,1,1.542,0.966,-1.5889999999999986,53.635999999999996,53.636,-41.50800000000001,-43.09700000000001,13,3.862,19
28988,1,1.26,0.589,13.426999999999992,38.827,38.827,-28.074000000000012,-14.646999999999991,13,3.862,20
41661,1,1.922,0.584,57.172,49.599999999999994,49.6,-86.6,-29.427999999999997,14,3.862,1
29012,1,1.787,0.859,3.0289999999999964,21.497000000000014,21.497,-22.25399999999999,-19.224999999999994,14,3.862,2
7742,1,1.408,1.066,-29.161,32.966999999999985,32.967,-16.498999999999995,-45.66,14,3.862,3
41586,1,1.276,1.216,-7.1839999999999975,44.239000000000004,44.239,-38.81900000000002,-46.002999999999986,14,3.862,4
29138,1,1.967,0.767,-1.3480000000000132,18.739000000000004,18.739,-21.45599999999999,-22.804000000000002,14,3.862,5
41579,1,1.542,0.966,-1.5889999999999986,53.635999999999996,53.636,-41.50800000000001,-43.09700000000001,14,3.862,6
29152,1,1.669,0.786,47.39099999999999,29.353999999999985,29.354,-68.435,-21.04400000000001,14,3.862,7
47149,1,1.663,0.938,36.396000000000015,66.60300000000001,66.603,35.19,71.58600000000001,14,3.862,8
48404,1,1.179,0.991,-8.308999999999997,71.691,71.691,-41.25200000000001,-49.56100000000001,14,3.862,9
12177,1,2.066,1.11,93.44799999999998,55.916,55.916,-28.568000000000012,64.88,14,3.862,10
47121,1,2.16,0.763,21.043000000000006,89.356,89.356,19.85900000000001,40.90199999999999,14,3.862,11
47120,1,2.209,0.555,18.021000000000015,85.67599999999999,85.676,15.373999999999995,33.39500000000001,14,3.862,12
29013,1,1.33,0.821,7.699000000000012,22.857,22.857,-25.949000000000012,-18.25,14,3.862,13
36816,1,1.393,0.935,26.171999999999997,24.982,24.982,-74.667,-48.495000000000005,14,3.862,14
47126,1,2.278,0.649,36.396000000000015,83.57799999999997,83.578,16.215000000000003,52.61099999999999,14,3.862,15
11944,1,1.371,0.762,-13.013000000000005,71.01400000000001,71.014,3.4749999999999943,-9.538000000000011,14,3.862,16
15066,1,1.211,0.92,-15.388000000000005,32.29399999999998,32.294,-37.661,-53.04900000000001,14,3.862,17
21123,1,1.833,0.948,9.656000000000006,71.756,71.756,-15.568000000000012,-5.912000000000006,14,3.862,18
13005,1,1.499,1.062,-28.625,34.18299999999999,34.183,-32.92500000000001,-61.55,14,3.862,19
12385,1,1.67,0.716,-3.820999999999998,94.63400000000001,94.634,13.24799999999999,9.426999999999992,14,3.862,20
14976,1,1.069,1.1,-36.06,27.435000000000002,27.435,-14.225999999999999,-50.286,15,3.864,1
21123,1,1.833,0.948,9.656000000000006,71.756,71.756,-15.568000000000012,-5.912000000000006,15,3.864,2
42327,1,1.432,0.647,7.570999999999998,26.034999999999997,26.035,-56.94,-49.369,15,3.864,3
15112,1,1.487,0.77,1.3100000000000023,35.18000000000001,35.18,-46.167,-44.857,15,3.864,4
13005,1,1.499,1.062,-28.625,34.18299999999999,34.183,-32.92500000000001,-61.55,15,3.864,5
15148,1,1.044,1.164,-19.194999999999993,58.18099999999998,58.181,-20.954999999999984,-40.150000000000006,15,3.864,6
47120,1,2.209,0.555,18.021000000000015,85.67599999999999,85.676,15.373999999999995,33.39500000000001,15,3.864,7
47149,1,1.663,0.938,36.396000000000015,66.60300000000001,66.603,35.19,71.58600000000001,15,3.864,8
11944,1,1.371,0.762,-13.013000000000005,71.01400000000001,71.014,3.4749999999999943,-9.538000000000011,15,3.864,9
45206,1,1.065,0.969,-35.22300000000001,80.50400000000002,80.504,-3.673000000000002,-38.896000000000015,15,3.864,10
29152,1,1.669,0.786,47.39099999999999,29.353999999999985,29.354,-68.435,-21.04400000000001,15,3.864,11
48893,1,1.425,1.324,34.192999999999984,51.97200000000001,51.972,-58.846000000000004,-24.65299999999999,15,3.864,12
47121,1,2.16,0.763,21.043000000000006,89.356,89.356,19.85900000000001,40.90199999999999,15,3.864,13
42328,1,1.585,0.88,23.465000000000003,21.549000000000007,21.549,-72.388,-48.923,15,3.864,14
12386,1,1.567,1.033,0.51400000000001,90.21299999999997,90.213,9.651999999999987,10.165999999999997,15,3.864,15
29123,1,1.717,0.87,16.706999999999994,24.77799999999999,24.778,-39.827,-23.120000000000005,15,3.864,16
28988,1,1.26,0.589,13.426999999999992,38.827,38.827,-28.074000000000012,-14.646999999999991,15,3.864,17
47126,1,2.278,0.649,36.396000000000015,83.57799999999997,83.578,16.215000000000003,52.61099999999999,15,3.864,18
12177,1,2.066,1.11,93.44799999999998,55.916,55.916,-28.568000000000012,64.88,15,3.864,19
41579,1,1.542,0.966,-1.5889999999999986,53.635999999999996,53.636,-41.50800000000001,-43.09700000000001,15,3.864,20
29120,1,1.269,0.754,17.259000000000015,23.841000000000008,23.841,-35.182000000000016,-17.923000000000002,16,3.864,1
11944,1,1.371,0.762,-13.013000000000005,71.01400000000001,71.014,3.4749999999999943,-9.538000000000011,16,3.864,2
41579,1,1.542,0.966,-1.5889999999999986,53.635999999999996,53.636,-41.50800000000001,-43.09700000000001,16,3.864,3
41661,1,1.922,0.584,57.172,49.599999999999994,49.6,-86.6,-29.427999999999997,16,3.864,4
47120,1,2.209,0.555,18.021000000000015,85.67599999999999,85.676,15.373999999999995,33.39500000000001,16,3.864,5
45206,1,1.065,0.969,-35.22300000000001,80.50400000000002,80.504,-3.673000000000002,-38.896000000000015,16,3.864,6
41585,1,1.715,1.016,-7.096000000000004,50.78999999999999,50.79,-39.48599999999999,-46.581999999999994,16,3.864,7
15004,1,1.48,0.847,-30.314999999999998,29.921999999999997,29.922,-18.471000000000004,-48.786,16,3.864,8
47149,1,1.663,0.938,36.396000000000015,66.60300000000001,66.603,35.19,71.58600000000001,16,3.864,9
29012,1,1.787,0.859,3.0289999999999964,21.497000000000014,21.497,-22.25399999999999,-19.224999999999994,16,3.864,10
13005,1,1.499,1.062,-28.625,34.18299999999999,34.183,-32.92500000000001,-61.55,16,3.864,11
48893,1,1.425,1.324,34.192999999999984,51.97200000000001,51.972,-58.846000000000004,-24.65299999999999,16,3.864,12
21123,1,1.833,0.948,9.656000000000006,71.756,71.756,-15.568000000000012,-5.912000000000006,16,3.864,13
12385,1,1.67,0.716,-3.820999999999998,94.63400000000001,94.634,13.24799999999999,9.426999999999992,16,3.864,14
12177,1,2.066,1.11,93.44799999999998,55.916,55.916,-28.568000000000012,64.88,16,3.864,15
29013,1,1.33,0.821,7.699000000000012,22.857,22.857,-25.949000000000012,-18.25,16,3.864,16
47126,1,2.278,0.649,36.396000000000015,83.57799999999997,83.578,16.215000000000003,52.61099999999999,16,3.864,17
47121,1,2.16,0.763,21.043000000000006,89.356,89.356,19.85900000000001,40.90199999999999,16,3.864,18
15066,1,1.211,0.92,-15.388000000000005,32.29399999999998,32.294,-37.661,-53.04900000000001,16,3.864,19
689,1,0.682,0.934,19.450999999999993,38.72300000000001,38.723,-67.54,-48.089,16,3.864,20
47147,1,2.001,0.583,38.658000000000015,65.98399999999998,65.984,29.840000000000003,68.49799999999999,17,3.864,1
13005,1,1.499,1.062,-28.625,34.18299999999999,34.183,-32.92500000000001,-61.55,17,3.864,2
20227,1,1.284,0.715,-22.641999999999996,44.19400000000002,44.194,-32.462999999999994,-55.10499999999999,17,3.864,3
41579,1,1.542,0.966,-1.5889999999999986,53.635999999999996,53.636,-41.50800000000001,-43.09700000000001,17,3.864,4
11944,1,1.371,0.762,-13.013000000000005,71.01400000000001,71.014,3.4749999999999943,-9.538000000000011,17,3.864,5
41661,1,1.922,0.584,57.172,49.599999999999994,49.6,-86.6,-29.427999999999997,17,3.864,6
41586,1,1.276,1.216,-7.1839999999999975,44.239000000000004,44.239,-38.81900000000002,-46.002999999999986,17,3.864,7
14976,1,1.069,1.1,-36.06,27.435000000000002,27.435,-14.225999999999999,-50.286,17,3.864,8
21124,1,1.9,0.741,4.305000000000007,66.15800000000002,66.158,-11.528999999999996,-7.2239999999999895,17,3.864,9
12177,1,2.066,1.11,93.44799999999998,55.916,55.916,-28.568000000000012,64.88,17,3.864,10
29138,1,1.967,0.767,-1.3480000000000132,18.739000000000004,18.739,-21.45599999999999,-22.804000000000002,17,3.864,11
29152,1,1.669,0.786,47.39099999999999,29.353999999999985,29.354,-68.435,-21.04400000000001,17,3.864,12
36816,1,1.393,0.935,26.171999999999997,24.982,24.982,-74.667,-48.495000000000005,17,3.864,13
47120,1,2.209,0.555,18.021000000000015,85.67599999999999,85.676,15.373999999999995,33.39500000000001,17,3.864,14
21123,1,1.833,0.948,9.656000000000006,71.756,71.756,-15.568000000000012,-5.912000000000006,17,3.864,15
29013,1,1.33,0.821,7.699000000000012,22.857,22.857,-25.949000000000012,-18.25,17,3.864,16
15066,1,1.211,0.92,-15.388000000000005,32.29399999999998,32.294,-37.661,-53.04900000000001,17,3.864,17
47096,1,2.556,0.749,16.284999999999997,67.20600000000002,67.206,7.360000000000014,23.64500000000001,17,3.864,18
12385,1,1.67,0.716,-3.820999999999998,94.63400000000001,94.634,13.24799999999999,9.426999999999992,17,3.864,19
47121,1,2.16,0.763,21.043000000000006,89.356,89.356,19.85900000000001,40.90199999999999,17,3.864,20
29012,1,1.787,0.859,3.0289999999999964,21.497000000000014,21.497,-22.25399999999999,-19.224999999999994,18,3.864,1
29013,1,1.33,0.821,7.699000000000012,22.857,22.857,-25.949000000000012,-18.25,18,3.864,2
19168,1,1.35,0.758,-1.8660000000000139,57.67599999999999,57.676,-21.823000000000008,-23.688999999999993,18,3.864,3
47120,1,2.209,0.555,18.021000000000015,85.67599999999999,85.676,15.373999999999995,33.39500000000001,18,3.864,4
29152,1,1.669,0.786,47.39099999999999,29.353999999999985,29.354,-68.435,-21.04400000000001,18,3.864,5
21123,1,1.833,0.948,9.656000000000006,71.756,71.756,-15.568000000000012,-5.912000000000006,18,3.864,6
47121,1,2.16,0.763,21.043000000000006,89.356,89.356,19.85900000000001,40.90199999999999,18,3.864,7
12177,1,2.066,1.11,93.44799999999998,55.916,55.916,-28.568000000000012,64.88,18,3.864,8
47147,1,2.001,0.583,38.658000000000015,65.98399999999998,65.984,29.840000000000003,68.49799999999999,18,3.864,9
47126,1,2.278,0.649,36.396000000000015,83.57799999999997,83.578,16.215000000000003,52.61099999999999,18,3.864,10
14976,1,1.069,1.1,-36.06,27.435000000000002,27.435,-14.225999999999999,-50.286,18,3.864,11
15066,1,1.211,0.92,-15.388000000000005,32.29399999999998,32.294,-37.661,-53.04900000000001,18,3.864,12
41658,1,1.52,0.806,64.411,44.754999999999995,44.755,-89.869,-25.458,18,3.864,13
35619,1,2.054,0.831,6.049000000000007,52.339,52.339,-40.59899999999999,-34.55000000000001,18,3.864,14
11944,1,1.371,0.762,-13.013000000000005,71.01400000000001,71.014,3.4749999999999943,-9.538000000000011,18,3.864,15
29120,1,1.269,0.754,17.259000000000015,23.841000000000008,23.841,-35.182000000000016,-17.923000000000002,18,3.864,16
41579,1,1.542,0.966,-1.5889999999999986,53.635999999999996,53.636,-41.50800000000001,-43.09700000000001,18,3.864,17
12385,1,1.67,0.716,-3.820999999999998,94.63400000000001,94.634,13.24799999999999,9.426999999999992,18,3.864,18
13005,1,1.499,1.062,-28.625,34.18299999999999,34.183,-32.92500000000001,-61.55,18,3.864,19
29130,1,1.411,0.858,17.25,17.12299999999999,17.123,-37.01400000000001,-19.76400000000001,18,3.864,20
29130,1,1.411,0.858,17.25,17.12299999999999,17.123,-37.01400000000001,-19.76400000000001,19,3.864,1
12385,1,1.67,0.716,-3.820999999999998,94.63400000000001,94.634,13.24799999999999,9.426999999999992,19,3.864,2
13005,1,1.499,1.062,-28.625,34.18299999999999,34.183,-32.92500000000001,-61.55,19,3.864,3
29152,1,1.669,0.786,47.39099999999999,29.353999999999985,29.354,-68.435,-21.04400000000001,19,3.864,4
29013,1,1.33,0.821,7.699000000000012,22.857,22.857,-25.949000000000012,-18.25,19,3.864,5
41658,1,1.52,0.806,64.411,44.754999999999995,44.755,-89.869,-25.458,19,3.864,6
47126,1,2.278,0.649,36.396000000000015,83.57799999999997,83.578,16.215000000000003,52.61099999999999,19,3.864,7
47121,1,2.16,0.763,21.043000000000006,89.356,89.356,19.85900000000001,40.90199999999999,19,3.864,8
19168,1,1.35,0.758,-1.8660000000000139,57.67599999999999,57.676,-21.823000000000008,-23.688999999999993,19,3.864,9
35619,1,2.054,0.831,6.049000000000007,52.339,52.339,-40.59899999999999,-34.55000000000001,19,3.864,10
21123,1,1.833,0.948,9.656000000000006,71.756,71.756,-15.568000000000012,-5.912000000000006,19,3.864,11
12177,1,2.066,1.11,93.44799999999998,55.916,55.916,-28.568000000000012,64.88,19,3.864,12
29120,1,1.269,0.754,17.259000000000015,23.841000000000008,23.841,-35.182000000000016,-17.923000000000002,19,3.864,13
47147,1,2.001,0.583,38.658000000000015,65.98399999999998,65.984,29.840000000000003,68.49799999999999,19,3.864,14
41579,1,1.542,0.966,-1.5889999999999986,53.635999999999996,53.636,-41.50800000000001,-43.09700000000001,19,3.864,15
47120,1,2.209,0.555,18.021000000000015,85.67599999999999,85.676,15.373999999999995,33.39500000000001,19,3.864,16
11944,1,1.371,0.762,-13.013000000000005,71.01400000000001,71.014,3.4749999999999943,-9.538000000000011,19,3.864,17
15066,1,1.211,0.92,-15.388000000000005,32.29399999999998,32.294,-37.661,-53.04900000000001,19,3.864,18
29012,1,1.787,0.859,3.0289999999999964,21.497000000000014,21.497,-22.25399999999999,-19.224999999999994,19,3.864,19
14976,1,1.069,1.1,-36.06,27.435000000000002,27.435,-14.225999999999999,-50.286,19,3.864,20
41661,1,1.922,0.584,57.172,49.599999999999994,49.6,-86.6,-29.427999999999997,20,3.865,1
47149,1,1.663,0.938,36.396000000000015,66.60300000000001,66.603,35.19,71.58600000000001,20,3.865,2
15066,1,1.211,0.92,-15.388000000000005,32.29399999999998,32.294,-37.661,-53.04900000000001,20,3.865,3
11802,1,1.139,0.869,-23.091999999999985,28.950999999999993,28.951,-33.76599999999999,-56.858000000000004,20,3.865,4
29152,1,1.669,0.786,47.39099999999999,29.353999999999985,29.354,-68.435,-21.04400000000001,20,3.865,5
29123,1,1.717,0.87,16.706999999999994,24.77799999999999,24.778,-39.827,-23.120000000000005,20,3.865,6
12177,1,2.066,1.11,93.44799999999998,55.916,55.916,-28.568000000000012,64.88,20,3.865,7
12385,1,1.67,0.716,-3.820999999999998,94.63400000000001,94.634,13.24799999999999,9.426999999999992,20,3.865,8
13005,1,1.499,1.062,-28.625,34.18299999999999,34.183,-32.92500000000001,-61.55,20,3.865,9
29012,1,1.787,0.859,3.0289999999999964,21.497000000000014,21.497,-22.25399999999999,-19.224999999999994,20,3.865,10
47120,1,2.209,0.555,18.021000000000015,85.67599999999999,85.676,15.373999999999995,33.39500000000001,20,3.865,11
48893,1,1.425,1.324,34.192999999999984,51.97200000000001,51.972,-58.846000000000004,-24.65299999999999,20,3.865,12
28988,1,1.26,0.589,13.426999999999992,38.827,38.827,-28.074000000000012,-14.646999999999991,20,3.865,13
14976,1,1.069,1.1,-36.06,27.435000000000002,27.435,-14.225999999999999,-50.286,20,3.865,14
47096,1,2.556,0.749,16.284999999999997,67.20600000000002,67.206,7.360000000000014,23.64500000000001,20,3.865,15
41579,1,1.542,0.966,-1.5889999999999986,53.635999999999996,53.636,-41.50800000000001,-43.09700000000001,20,3.865,16
21098,1,1.58,0.873,-0.8669999999999902,67.251,67.251,-5.382000000000005,-6.248999999999995,20,3.865,17
21123,1,1.833,0.948,9.656000000000006,71.756,71.756,-15.568000000000012,-5.912000000000006,20,3.865,18
47121,1,2.16,0.763,21.043000000000006,89.356,89.356,19.85900000000001,40.90199999999999,20,3.865,19
11944,1,1.371,0.762,-13.013000000000005,71.01400000000001,71.014,3.4749999999999943,-9.538000000000011,20,3.865,20
15066,1,1.211,0.92,-15.388000000000005,32.29399999999998,32.294,-37.661,-53.04900000000001,21,3.87,1
28988,1,1.26,0.589,13.426999999999992,38.827,38.827,-28.074000000000012,-14.646999999999991,21,3.87,2
29156,1,1.697,1.076,33.646000000000015,39.66399999999999,39.664,-53.209,-19.562999999999988,21,3.87,3
14976,1,1.069,1.1,-36.06,27.435000000000002,27.435,-14.225999999999999,-50.286,21,3.87,4
21123,1,1.833,0.948,9.656000000000006,71.756,71.756,-15.568000000000012,-5.912000000000006,21,3.87,5
11944,1,1.371,0.762,-13.013000000000005,71.01400000000001,71.014,3.4749999999999943,-9.538000000000011,21,3.87,6
12385,1,1.67,0.716,-3.820999999999998,94.63400000000001,94.634,13.24799999999999,9.426999999999992,21,3.87,7
47126,1,2.278,0.649,36.396000000000015,83.57799999999997,83.578,16.215000000000003,52.61099999999999,21,3.87,8
47120,1,2.209,0.555,18.021000000000015,85.67599999999999,85.676,15.373999999999995,33.39500000000001,21,3.87,9
45206,1,1.065,0.969,-35.22300000000001,80.50400000000002,80.504,-3.673000000000002,-38.896000000000015,21,3.87,10
29120,1,1.269,0.754,17.259000000000015,23.841000000000008,23.841,-35.182000000000016,-17.923000000000002,21,3.87,11
48893,1,1.425,1.324,34.192999999999984,51.97200000000001,51.972,-58.846000000000004,-24.65299999999999,21,3.87,12
47149,1,1.663,0.938,36.396000000000015,66.60300000000001,66.603,35.19,71.58600000000001,21,3.87,13
47121,1,2.16,0.763,21.043000000000006,89.356,89.356,19.85900000000001,40.90199999999999,21,3.87,14
13005,1,1.499,1.062,-28.625,34.18299999999999,34.183,-32.92500000000001,-61.55,21,3.87,15
29012,1,1.787,0.859,3.0289999999999964,21.497000000000014,21.497,-22.25399999999999,-19.224999999999994,21,3.87,16
12177,1,2.066,1.11,93.44799999999998,55.916,55.916,-28.568000000000012,64.88,21,3.87,17
41661,1,1.922,0.584,57.172,49.599999999999994,49.6,-86.6,-29.427999999999997,21,3.87,18
41579,1,1.542,0.966,-1.5889999999999986,53.635999999999996,53.636,-41.50800000000001,-43.09700000000001,21,3.87,19
15112,1,1.487,0.77,1.3100000000000023,35.18000000000001,35.18,-46.167,-44.857,21,3.87,20
47121,1,2.16,0.763,21.043000000000006,89.356,89.356,19.85900000000001,40.90199999999999,22,3.87,1
47096,1,2.556,0.749,16.284999999999997,67.20600000000002,67.206,7.360000000000014,23.64500000000001,22,3.87,2
21124,1,1.9,0.741,4.305000000000007,66.15800000000002,66.158,-11.528999999999996,-7.2239999999999895,22,3.87,3
48893,1,1.425,1.324,34.192999999999984,51.97200000000001,51.972,-58.846000000000004,-24.65299999999999,22,3.87,4
29120,1,1.269,0.754,17.259000000000015,23.841000000000008,23.841,-35.182000000000016,-17.923000000000002,22,3.87,5
45206,1,1.065,0.969,-35.22300000000001,80.50400000000002,80.504,-3.673000000000002,-38.896000000000015,22,3.87,6
14976,1,1.069,1.1,-36.06,27.435000000000002,27.435,-14.225999999999999,-50.286,22,3.87,7
41579,1,1.542,0.966,-1.5889999999999986,53.635999999999996,53.636,-41.50800000000001,-43.09700000000001,22,3.87,8
21109,1,1.492,1.082,12.337999999999994,69.43799999999999,69.438,-19.412000000000006,-7.074000000000012,22,3.87,9
29086,1,1.804,1.153,33.37700000000001,32.435,32.435,-56.458,-23.08099999999999,22,3.87,10
47120,1,2.209,0.555,18.021000000000015,85.67599999999999,85.676,15.373999999999995,33.39500000000001,22,3.87,11
29012,1,1.787,0.859,3.0289999999999964,21.497000000000014,21.497,-22.25399999999999,-19.224999999999994,22,3.87,12
47149,1,1.663,0.938,36.396000000000015,66.60300000000001,66.603,35.19,71.58600000000001,22,3.87,13
12385,1,1.67,0.716,-3.820999999999998,94.63400000000001,94.634,13.24799999999999,9.426999999999992,22,3.87,14
29130,1,1.411,0.858,17.25,17.12299999999999,17.123,-37.01400000000001,-19.76400000000001,22,3.87,15
21123,1,1.833,0.948,9.656000000000006,71.756,71.756,-15.568000000000012,-5.912000000000006,22,3.87,16
15112,1,1.487,0.77,1.3100000000000023,35.18000000000001,35.18,-46.167,-44.857,22,3.87,17
36816,1,1.393,0.935,26.171999999999997,24.982,24.982,-74.667,-48.495000000000005,22,3.87,18
42327,1,1.432,0.647,7.570999999999998,26.034999999999997,26.035,-56.94,-49.369,22,3.87,19
12177,1,2.066,1.11,93.44799999999998,55.916,55.916,-28.568000000000012,64.88,22,3.87,20
12385,1,1.67,0.716,-3.820999999999998,94.63400000000001,94.634,13.24799999999999,9.426999999999992,23,3.87,1
47121,1,2.16,0.763,21.043000000000006,89.356,89.356,19.85900000000001,40.90199999999999,23,3.87,2
11944,1,1.371,0.762,-13.013000000000005,71.01400000000001,71.014,3.4749999999999943,-9.538000000000011,23,3.87,3
21124,1,1.9,0.741,4.305000000000007,66.15800000000002,66.158,-11.528999999999996,-7.2239999999999895,23,3.87,4
29013,1,1.33,0.821,7.699000000000012,22.857,22.857,-25.949000000000012,-18.25,23,3.87,5
41658,1,1.52,0.806,64.411,44.754999999999995,44.755,-89.869,-25.458,23,3.87,6
13005,1,1.499,1.062,-28.625,34.18299999999999,34.183,-32.92500000000001,-61.55,23,3.87,7
29152,1,1.669,0.786,47.39099999999999,29.353999999999985,29.354,-68.435,-21.04400000000001,23,3.87,8
12177,1,2.066,1.11,93.44799999999998,55.916,55.916,-28.568000000000012,64.88,23,3.87,9
47096,1,2.556,0.749,16.284999999999997,67.20600000000002,67.206,7.360000000000014,23.64500000000001,23,3.87,10
41579,1,1.542,0.966,-1.5889999999999986,53.635999999999996,53.636,-41.50800000000001,-43.09700000000001,23,3.87,11
47147,1,2.001,0.583,38.658000000000015,65.98399999999998,65.984,29.840000000000003,68.49799999999999,23,3.87,12
36816,1,1.393,0.935,26.171999999999997,24.982,24.982,-74.667,-48.495000000000005,23,3.87,13
47120,1,2.209,0.555,18.021000000000015,85.67599999999999,85.676,15.373999999999995,33.39500000000001,23,3.87,14
29012,1,1.787,0.859,3.0289999999999964,21.497000000000014,21.497,-22.25399999999999,-19.224999999999994,23,3.87,15
41571,1,1.401,0.98,-12.644000000000005,50.62899999999999,50.629,-33.07499999999999,-45.718999999999994,23,3.87,16
21123,1,1.833,0.948,9.656000000000006,71.756,71.756,-15.568000000000012,-5.912000000000006,23,3.87,17
29122,1,1.459,0.781,8.409999999999997,25.335000000000008,25.335,-28.19999999999999,-19.789999999999992,23,3.87,18
15066,1,1.211,0.92,-15.388000000000005,32.29399999999998,32.294,-37.661,-53.04900000000001,23,3.87,19
14976,1,1.069,1.1,-36.06,27.435000000000002,27.435,-14.225999999999999,-50.286,23,3.87,20
47149,1,1.663,0.938,36.396000000000015,66.60300000000001,66.603,35.19,71.58600000000001,24,3.875,1
41658,1,1.52,0.806,64.411,44.754999999999995,44.755,-89.869,-25.458,24,3.875,2
47126,1,2.278,0.649,36.396000000000015,83.57799999999997,83.578,16.215000000000003,52.61099999999999,24,3.875,3
36816,1,1.393,0.935,26.171999999999997,24.982,24.982,-74.667,-48.495000000000005,24,3.875,4
47121,1,2.16,0.763,21.043000000000006,89.356,89.356,19.85900000000001,40.90199999999999,24,3.875,5
12177,1,2.066,1.11,93.44799999999998,55.916,55.916,-28.568000000000012,64.88,24,3.875,6
29086,1,1.804,1.153,33.37700000000001,32.435,32.435,-56.458,-23.08099999999999,24,3.875,7
45206,1,1.065,0.969,-35.22300000000001,80.50400000000002,80.504,-3.673000000000002,-38.896000000000015,24,3.875,8
29120,1,1.269,0.754,17.259000000000015,23.841000000000008,23.841,-35.182000000000016,-17.923000000000002,24,3.875,9
29013,1,1.33,0.821,7.699000000000012,22.857,22.857,-25.949000000000012,-18.25,24,3.875,10
21123,1,1.833,0.948,9.656000000000006,71.756,71.756,-15.568000000000012,-5.912000000000006,24,3.875,11
15066,1,1.211,0.92,-15.388000000000005,32.29399999999998,32.294,-37.661,-53.04900000000001,24,3.875,12
41579,1,1.542,0.966,-1.5889999999999986,53.635999999999996,53.636,-41.50800000000001,-43.09700000000001,24,3.875,13
15004,1,1.48,0.847,-30.314999999999998,29.921999999999997,29.922,-18.471000000000004,-48.786,24,3.875,14
42327,1,1.432,0.647,7.570999999999998,26.034999999999997,26.035,-56.94,-49.369,24,3.875,15
47120,1,2.209,0.555,18.021000000000015,85.67599999999999,85.676,15.373999999999995,33.39500000000001,24,3.875,16
12386,1,1.567,1.033,0.51400000000001,90.21299999999997,90.213,9.651999999999987,10.165999999999997,24,3.875,17
21109,1,1.492,1.082,12.337999999999994,69.43799999999999,69.438,-19.412000000000006,-7.074000000000012,24,3.875,18
13005,1,1.499,1.062,-28.625,34.18299999999999,34.183,-32.92500000000001,-61.55,24,3.875,19
28988,1,1.26,0.589,13.426999999999992,38.827,38.827,-28.074000000000012,-14.646999999999991,24,3.875,20
41579,1,1.542,0.966,-1.5889999999999986,53.635999999999996,53.636,-41.50800000000001,-43.09700000000001,25,3.876,1
21109,1,1.492,1.082,12.337999999999994,69.43799999999999,69.438,-19.412000000000006,-7.074000000000012,25,3.876,2
48893,1,1.425,1.324,34.192999999999984,51.97200000000001,51.972,-58.846000000000004,-24.65299999999999,25,3.876,3
15032,1,1.144,1.142,-10.933999999999997,36.84300000000002,36.843,-31.808999999999997,-42.742999999999995,25,3.876,4
47121,1,2.16,0.763,21.043000000000006,89.356,89.356,19.85900000000001,40.90199999999999,25,3.876,5
29086,1,1.804,1.153,33.37700000000001,32.435,32.435,-56.458,-23.08099999999999,25,3.876,6
47120,1,2.209,0.555,18.021000000000015,85.67599999999999,85.676,15.373999999999995,33.39500000000001,25,3.876,7
36816,1,1.393,0.935,26.171999999999997,24.982,24.982,-74.667,-48.495000000000005,25,3.876,8
41571,1,1.401,0.98,-12.644000000000005,50.62899999999999,50.629,-33.07499999999999,-45.718999999999994,25,3.876,9
47147,1,2.001,0.583,38.658000000000015,65.98399999999998,65.984,29.840000000000003,68.49799999999999,25,3.876,10
12177,1,2.066,1.11,93.44799999999998,55.916,55.916,-28.568000000000012,64.88,25,3.876,11
21124,1,1.9,0.741,4.305000000000007,66.15800000000002,66.158,-11.528999999999996,-7.2239999999999895,25,3.876,12
47096,1,2.556,0.749,16.284999999999997,67.20600000000002,67.206,7.360000000000014,23.64500000000001,25,3.876,13
45206,1,1.065,0.969,-35.22300000000001,80.50400000000002,80.504,-3.673000000000002,-38.896000000000015,25,3.876,14
21123,1,1.833,0.948,9.656000000000006,71.756,71.756,-15.568000000000012,-5.912000000000006,25,3.876,15
29012,1,1.787,0.859,3.0289999999999964,21.497000000000014,21.497,-22.25399999999999,-19.224999999999994,25,3.876,16
29120,1,1.269,0.754,17.259000000000015,23.841000000000008,23.841,-35.182000000000016,-17.923000000000002,25,3.876,17
13005,1,1.499,1.062,-28.625,34.18299999999999,34.183,-32.92500000000001,-61.55,25,3.876,18
42327,1,1.432,0.647,7.570999999999998,26.034999999999997,26.035,-56.94,-49.369,25,3.876,19
12377,1,1.964,1.177,17.932999999999993,94.154,94.154,9.669000000000011,27.602000000000004,25,3.876,20
29152,1,1.669,0.786,47.39099999999999,29.353999999999985,29.354,-68.435,-21.04400000000001,26,3.878,1
47120,1,2.209,0.555,18.021000000000015,85.67599999999999,85.676,15.373999999999995,33.39500000000001,26,3.878,2
41661,1,1.922,0.584,57.172,49.599999999999994,49.6,-86.6,-29.427999999999997,26,3.878,3
29130,1,1.411,0.858,17.25,17.12299999999999,17.123,-37.01400000000001,-19.76400000000001,26,3.878,4
13005,1,1.499,1.062,-28.625,34.18299999999999,34.183,-32.92500000000001,-61.55,26,3.878,5
12385,1,1.67,0.716,-3.820999999999998,94.63400000000001,94.634,13.24799999999999,9.426999999999992,26,3.878,6
29123,1,1.717,0.87,16.706999999999994,24.77799999999999,24.778,-39.827,-23.120000000000005,26,3.878,7
47121,1,2.16,0.763,21.043000000000006,89.356,89.356,19.85900000000001,40.90199999999999,26,3.878,8
17631,1,1.407,1.006,10.723000000000013,77.995,77.995,-56.769000000000005,-46.04599999999999,26,3.878,9
28988,1,1.26,0.589,13.426999999999992,38.827,38.827,-28.074000000000012,-14.646999999999991,26,3.878,10
11944,1,1.371,0.762,-13.013000000000005,71.01400000000001,71.014,3.4749999999999943,-9.538000000000011,26,3.878,11
12177,1,2.066,1.11,93.44799999999998,55.916,55.916,-28.568000000000012,64.88,26,3.878,12
41579,1,1.542,0.966,-1.5889999999999986,53.635999999999996,53.636,-41.50800000000001,-43.09700000000001,26,3.878,13
14976,1,1.069,1.1,-36.06,27.435000000000002,27.435,-14.225999999999999,-50.286,26,3.878,14
36828,1,2.057,0.571,11.340000000000003,21.968999999999994,21.969,-53.385999999999996,-42.04599999999999,26,3.878,15
15066,1,1.211,0.92,-15.388000000000005,32.29399999999998,32.294,-37.661,-53.04900000000001,26,3.878,16
47147,1,2.001,0.583,38.658000000000015,65.98399999999998,65.984,29.840000000000003,68.49799999999999,26,3.878,17
47096,1,2.556,0.749,16.284999999999997,67.20600000000002,67.206,7.360000000000014,23.64500000000001,26,3.878,18
21123,1,1.833,0.948,9.656000000000006,71.756,71.756,-15.568000000000012,-5.912000000000006,26,3.878,19
29012,1,1.787,0.859,3.0289999999999964,21.497000000000014,21.497,-22.25399999999999,-19.224999999999994,26,3.878,20
29123,1,1.717,0.87,16.706999999999994,24.77799999999999,24.778,-39.827,-23.120000000000005,27,3.878,1
28988,1,1.26,0.589,13.426999999999992,38.827,38.827,-28.074000000000012,-14.646999999999991,27,3.878,2
47096,1,2.556,0.749,16.284999999999997,67.20600000000002,67.206,7.360000000000014,23.64500000000001,27,3.878,3
42327,1,1.432,0.647,7.570999999999998,26.034999999999997,26.035,-56.94,-49.369,27,3.878,4
47121,1,2.16,0.763,21.043000000000006,89.356,89.356,19.85900000000001,40.90199999999999,27,3.878,5
48893,1,1.425,1.324,34.192999999999984,51.97200000000001,51.972,-58.846000000000004,-24.65299999999999,27,3.878,6
29012,1,1.787,0.859,3.0289999999999964,21.497000000000014,21.497,-22.25399999999999,-19.224999999999994,27,3.878,7
11944,1,1.371,0.762,-13.013000000000005,71.01400000000001,71.014,3.4749999999999943,-9.538000000000011,27,3.878,8
29152,1,1.669,0.786,47.39099999999999,29.353999999999985,29.354,-68.435,-21.04400000000001,27,3.878,9
21123,1,1.833,0.948,9.656000000000006,71.756,71.756,-15.568000000000012,-5.912000000000006,27,3.878,10
22550,1,1.145,0.88,-9.093999999999994,70.12900000000002,70.129,-30.28,-39.373999999999995,27,3.878,11
47149,1,1.663,0.938,36.396000000000015,66.60300000000001,66.603,35.19,71.58600000000001,27,3.878,12
14976,1,1.069,1.1,-36.06,27.435000000000002,27.435,-14.225999999999999,-50.286,27,3.878,13
21098,1,1.58,0.873,-0.8669999999999902,67.251,67.251,-5.382000000000005,-6.248999999999995,27,3.878,14
12177,1,2.066,1.11,93.44799999999998,55.916,55.916,-28.568000000000012,64.88,27,3.878,15
47120,1,2.209,0.555,18.021000000000015,85.67599999999999,85.676,15.373999999999995,33.39500000000001,27,3.878,16
13005,1,1.499,1.062,-28.625,34.18299999999999,34.183,-32.92500000000001,-61.55,27,3.878,17
12385,1,1.67,0.716,-3.820999999999998,94.63400000000001,94.634,13.24799999999999,9.426999999999992,27,3.878,18
41579,1,1.542,0.966,-1.5889999999999986,53.635999999999996,53.636,-41.50800000000001,-43.09700000000001,27,3.878,19
36816,1,1.393,0.935,26.171999999999997,24.982,24.982,-74.667,-48.495000000000005,27,3.878,20
29013,1,1.33,0.821,7.699000000000012,22.857,22.857,-25.949000000000012,-18.25,28,3.879,1
36816,1,1.393,0.935,26.171999999999997,24.982,24.982,-74.667,-48.495000000000005,28,3.879,2
11944,1,1.371,0.762,-13.013000000000005,71.01400000000001,71.014,3.4749999999999943,-9.538000000000011,28,3.879,3
47120,1,2.209,0.555,18.021000000000015,85.67599999999999,85.676,15.373999999999995,33.39500000000001,28,3.879,4
42327,1,1.432,0.647,7.570999999999998,26.034999999999997,26.035,-56.94,-49.369,28,3.879,5
21098,1,1.58,0.873,-0.8669999999999902,67.251,67.251,-5.382000000000005,-6.248999999999995,28,3.879,6
21123,1,1.833,0.948,9.656000000000006,71.756,71.756,-15.568000000000012,-5.912000000000006,28,3.879,7
15066,1,1.211,0.92,-15.388000000000005,32.29399999999998,32.294,-37.661,-53.04900000000001,28,3.879,8
14978,1,1.364,0.969,-24.295999999999992,26.345,26.345,-27.453000000000003,-51.748999999999995,28,3.879,9
47096,1,2.556,0.749,16.284999999999997,67.20600000000002,67.206,7.360000000000014,23.64500000000001,28,3.879,10
48404,1,1.179,0.991,-8.308999999999997,71.691,71.691,-41.25200000000001,-49.56100000000001,28,3.879,11
12386,1,1.567,1.033,0.51400000000001,90.21299999999997,90.213,9.651999999999987,10.165999999999997,28,3.879,12
29152,1,1.669,0.786,47.39099999999999,29.353999999999985,29.354,-68.435,-21.04400000000001,28,3.879,13
47121,1,2.16,0.763,21.043000000000006,89.356,89.356,19.85900000000001,40.90199999999999,28,3.879,14
12177,1,2.066,1.11,93.44799999999998,55.916,55.916,-28.568000000000012,64.88,28,3.879,15
13005,1,1.499,1.062,-28.625,34.18299999999999,34.183,-32.92500000000001,-61.55,28,3.879,16
41579,1,1.542,0.966,-1.5889999999999986,53.635999999999996,53.636,-41.50800000000001,-43.09700000000001,28,3.879,17
47149,1,1.663,0.938,36.396000000000015,66.60300000000001,66.603,35.19,71.58600000000001,28,3.879,18
28988,1,1.26,0.589,13.426999999999992,38.827,38.827,-28.074000000000012,-14.646999999999991,28,3.879,19
41661,1,1.922,0.584,57.172,49.599999999999994,49.6,-86.6,-29.427999999999997,28,3.879,20
12386,1,1.567,1.033,0.51400000000001,90.21299999999997,90.213,9.651999999999987,10.165999999999997,29,3.88,1
21098,1,1.58,0.873,-0.8669999999999902,67.251,67.251,-5.382000000000005,-6.248999999999995,29,3.88,2
41579,1,1.542,0.966,-1.5889999999999986,53.635999999999996,53.636,-41.50800000000001,-43.09700000000001,29,3.88,3
41661,1,1.922,0.584,57.172,49.599999999999994,49.6,-86.6,-29.427999999999997,29,3.88,4
47149,1,1.663,0.938,36.396000000000015,66.60300000000001,66.603,35.19,71.58600000000001,29,3.88,5
11944,1,1.371,0.762,-13.013000000000005,71.01400000000001,71.014,3.4749999999999943,-9.538000000000011,29,3.88,6
47121,1,2.16,0.763,21.043000000000006,89.356,89.356,19.85900000000001,40.90199999999999,29,3.88,7
48893,1,1.425,1.324,34.192999999999984,51.97200000000001,51.972,-58.846000000000004,-24.65299999999999,29,3.88,8
29013,1,1.33,0.821,7.699000000000012,22.857,22.857,-25.949000000000012,-18.25,29,3.88,9
14976,1,1.069,1.1,-36.06,27.435000000000002,27.435,-14.225999999999999,-50.286,29,3.88,10
29152,1,1.669,0.786,47.39099999999999,29.353999999999985,29.354,-68.435,-21.04400000000001,29,3.88,11
47126,1,2.278,0.649,36.396000000000015,83.57799999999997,83.578,16.215000000000003,52.61099999999999,29,3.88,12
13005,1,1.499,1.062,-28.625,34.18299999999999,34.183,-32.92500000000001,-61.55,29,3.88,13
45206,1,1.065,0.969,-35.22300000000001,80.50400000000002,80.504,-3.673000000000002,-38.896000000000015,29,3.88,14
42327,1,1.432,0.647,7.570999999999998,26.034999999999997,26.035,-56.94,-49.369,29,3.88,15
21123,1,1.833,0.948,9.656000000000006,71.756,71.756,-15.568000000000012,-5.912000000000006,29,3.88,16
29012,1,1.787,0.859,3.0289999999999964,21.497000000000014,21.497,-22.25399999999999,-19.224999999999994,29,3.88,17
29123,1,1.717,0.87,16.706999999999994,24.77799999999999,24.778,-39.827,-23.120000000000005,29,3.88,18
12177,1,2.066,1.11,93.44799999999998,55.916,55.916,-28.568000000000012,64.88,29,3.88,19
47096,1,2.556,0.749,16.284999999999997,67.20600000000002,67.206,7.360000000000014,23.64500000000001,29,3.88,20
47149,1,1.663,0.938,36.396000000000015,66.60300000000001,66.603,35.19,71.58600000000001,30,3.881,1
14976,1,1.069,1.1,-36.06,27.435000000000002,27.435,-14.225999999999999,-50.286,30,3.881,2
42327,1,1.432,0.647,7.570999999999998,26.034999999999997,26.035,-56.94,-49.369,30,3.881,3
36816,1,1.393,0.935,26.171999999999997,24.982,24.982,-74.667,-48.495000000000005,30,3.881,4
29152,1,1.669,0.786,47.39099999999999,29.353999999999985,29.354,-68.435,-21.04400000000001,30,3.881,5
47121,1,2.16,0.763,21.043000000000006,89.356,89.356,19.85900000000001,40.90199999999999,30,3.881,6
15066,1,1.211,0.92,-15.388000000000005,32.29399999999998,32.294,-37.661,-53.04900000000001,30,3.881,7
41661,1,1.922,0.584,57.172,49.599999999999994,49.6,-86.6,-29.427999999999997,30,3.881,8
47096,1,2.556,0.749,16.284999999999997,67.20600000000002,67.206,7.360000000000014,23.64500000000001,30,3.881,9
11944,1,1.371,0.762,-13.013000000000005,71.01400000000001,71.014,3.4749999999999943,-9.538000000000011,30,3.881,10
28988,1,1.26,0.589,13.426999999999992,38.827,38.827,-28.074000000000012,-14.646999999999991,30,3.881,11
41579,1,1.542,0.966,-1.5889999999999986,53.635999999999996,53.636,-41.50800000000001,-43.09700000000001,30,3.881,12
29012,1,1.787,0.859,3.0289999999999964,21.497000000000014,21.497,-22.25399999999999,-19.224999999999994,30,3.881,13
29122,1,1.459,0.781,8.409999999999997,25.335000000000008,25.335,-28.19999999999999,-19.789999999999992,30,3.881,14
12177,1,2.066,1.11,93.44799999999998,55.916,55.916,-28.568000000000012,64.88,30,3.881,15
12385,1,1.67,0.716,-3.820999999999998,94.63400000000001,94.634,13.24799999999999,9.426999999999992,30,3.881,16
21123,1,1.833,0.948,9.656000000000006,71.756,71.756,-15.568000000000012,-5.912000000000006,30,3.881,17
47120,1,2.209,0.555,18.021000000000015,85.67599999999999,85.676,15.373999999999995,33.39500000000001,30,3.881,18
21098,1,1.58,0.873,-0.8669999999999902,67.251,67.251,-5.382000000000005,-6.248999999999995,30,3.881,19
13005,1,1.499,1.062,-28.625,34.18299999999999,34.183,-32.92500000000001,-61.55,30,3.881,20
29131,1,1.463,0.799,9.259999999999991,20.973000000000013,20.973,-32.97300000000001,-23.712999999999994,31,3.883,1
45206,1,1.065,0.969,-35.22300000000001,80.50400000000002,80.504,-3.673000000000002,-38.896000000000015,31,3.883,2
689,1,0.682,0.934,19.450999999999993,38.72300000000001,38.723,-67.54,-48.089,31,3.883,3
21123,1,1.833,0.948,9.656000000000006,71.756,71.756,-15.568000000000012,-5.912000000000006,31,3.883,4
15004,1,1.48,0.847,-30.314999999999998,29.921999999999997,29.922,-18.471000000000004,-48.786,31,3.883,5
47120,1,2.209,0.555,18.021000000000015,85.67599999999999,85.676,15.373999999999995,33.39500000000001,31,3.883,6
41585,1,1.715,1.016,-7.096000000000004,50.78999999999999,50.79,-39.48599999999999,-46.581999999999994,31,3.883,7
29013,1,1.33,0.821,7.699000000000012,22.857,22.857,-25.949000000000012,-18.25,31,3.883,8
12177,1,2.066,1.11,93.44799999999998,55.916,55.916,-28.568000000000012,64.88,31,3.883,9
12388,1,1.645,0.831,1.710000000000008,83.555,83.555,9.438999999999993,11.149000000000001,31,3.883,10
47126,1,2.278,0.649,36.396000000000015,83.57799999999997,83.578,16.215000000000003,52.61099999999999,31,3.883,11
47149,1,1.663,0.938,36.396000000000015,66.60300000000001,66.603,35.19,71.58600000000001,31,3.883,12
11944,1,1.371,0.762,-13.013000000000005,71.01400000000001,71.014,3.4749999999999943,-9.538000000000011,31,3.883,13
28988,1,1.26,0.589,13.426999999999992,38.827,38.827,-28.074000000000012,-14.646999999999991,31,3.883,14
15112,1,1.487,0.77,1.3100000000000023,35.18000000000001,35.18,-46.167,-44.857,31,3.883,15
41661,1,1.922,0.584,57.172,49.599999999999994,49.6,-86.6,-29.427999999999997,31,3.883,16
47121,1,2.16,0.763,21.043000000000006,89.356,89.356,19.85900000000001,40.90199999999999,31,3.883,17
41579,1,1.542,0.966,-1.5889999999999986,53.635999999999996,53.636,-41.50800000000001,-43.09700000000001,31,3.883,18
48892,1,1.449,1.276,32.46100000000001,47.486999999999995,47.487,-60.236999999999995,-27.77600000000001,31,3.883,19
13005,1,1.499,1.062,-28.625,34.18299999999999,34.183,-32.92500000000001,-61.55,31,3.883,20
29156,1,1.697,1.076,33.646000000000015,39.66399999999999,39.664,-53.209,-19.562999999999988,32,3.883,1
48893,1,1.425,1.324,34.192999999999984,51.97200000000001,51.972,-58.846000000000004,-24.65299999999999,32,3.883,2
29130,1,1.411,0.858,17.25,17.12299999999999,17.123,-37.01400000000001,-19.76400000000001,32,3.883,3
29120,1,1.269,0.754,17.259000000000015,23.841000000000008,23.841,-35.182000000000016,-17.923000000000002,32,3.883,4
21098,1,1.58,0.873,-0.8669999999999902,67.251,67.251,-5.382000000000005,-6.248999999999995,32,3.883,5
47126,1,2.278,0.649,36.396000000000015,83.57799999999997,83.578,16.215000000000003,52.61099999999999,32,3.883,6
47121,1,2.16,0.763,21.043000000000006,89.356,89.356,19.85900000000001,40.90199999999999,32,3.883,7
36816,1,1.393,0.935,26.171999999999997,24.982,24.982,-74.667,-48.495000000000005,32,3.883,8
19168,1,1.35,0.758,-1.8660000000000139,57.67599999999999,57.676,-21.823000000000008,-23.688999999999993,32,3.883,9
15112,1,1.487,0.77,1.3100000000000023,35.18000000000001,35.18,-46.167,-44.857,32,3.883,10
47149,1,1.663,0.938,36.396000000000015,66.60300000000001,66.603,35.19,71.58600000000001,32,3.883,11
47120,1,2.209,0.555,18.021000000000015,85.67599999999999,85.676,15.373999999999995,33.39500000000001,32,3.883,12
41579,1,1.542,0.966,-1.5889999999999986,53.635999999999996,53.636,-41.50800000000001,-43.09700000000001,32,3.883,13
45206,1,1.065,0.969,-35.22300000000001,80.50400000000002,80.504,-3.673000000000002,-38.896000000000015,32,3.883,14
21123,1,1.833,0.948,9.656000000000006,71.756,71.756,-15.568000000000012,-5.912000000000006,32,3.883,15
42327,1,1.432,0.647,7.570999999999998,26.034999999999997,26.035,-56.94,-49.369,32,3.883,16
29012,1,1.787,0.859,3.0289999999999964,21.497000000000014,21.497,-22.25399999999999,-19.224999999999994,32,3.883,17
12177,1,2.066,1.11,93.44799999999998,55.916,55.916,-28.568000000000012,64.88,32,3.883,18
14976,1,1.069,1.1,-36.06,27.435000000000002,27.435,-14.225999999999999,-50.286,32,3.883,19
12385,1,1.67,0.716,-3.820999999999998,94.63400000000001,94.634,13.24799999999999,9.426999999999992,32,3.883,20
28988,1,1.26,0.589,13.426999999999992,38.827,38.827,-28.074000000000012,-14.646999999999991,33,3.883,1
29013,1,1.33,0.821,7.699000000000012,22.857,22.857,-25.949000000000012,-18.25,33,3.883,2
15112,1,1.487,0.77,1.3100000000000023,35.18000000000001,35.18,-46.167,-44.857,33,3.883,3
41579,1,1.542,0.966,-1.5889999999999986,53.635999999999996,53.636,-41.50800000000001,-43.09700000000001,33,3.883,4
15004,1,1.48,0.847,-30.314999999999998,29.921999999999997,29.922,-18.471000000000004,-48.786,33,3.883,5
41571,1,1.401,0.98,-12.644000000000005,50.62899999999999,50.629,-33.07499999999999,-45.718999999999994,33,3.883,6
21124,1,1.9,0.741,4.305000000000007,66.15800000000002,66.158,-11.528999999999996,-7.2239999999999895,33,3.883,7
47121,1,2.16,0.763,21.043000000000006,89.356,89.356,19.85900000000001,40.90199999999999,33,3.883,8
48893,1,1.425,1.324,34.192999999999984,51.97200000000001,51.972,-58.846000000000004,-24.65299999999999,33,3.883,9
47120,1,2.209,0.555,18.021000000000015,85.67599999999999,85.676,15.373999999999995,33.39500000000001,33,3.883,10
12177,1,2.066,1.11,93.44799999999998,55.916,55.916,-28.568000000000012,64.88,33,3.883,11
36816,1,1.393,0.935,26.171999999999997,24.982,24.982,-74.667,-48.495000000000005,33,3.883,12
47096,1,2.556,0.749,16.284999999999997,67.20600000000002,67.206,7.360000000000014,23.64500000000001,33,3.883,13
45206,1,1.065,0.969,-35.22300000000001,80.50400000000002,80.504,-3.673000000000002,-38.896000000000015,33,3.883,14
42327,1,1.432,0.647,7.570999999999998,26.034999999999997,26.035,-56.94,-49.369,33,3.883,15
29131,1,1.463,0.799,9.259999999999991,20.973000000000013,20.973,-32.97300000000001,-23.712999999999994,33,3.883,16
12377,1,1.964,1.177,17.932999999999993,94.154,94.154,9.669000000000011,27.602000000000004,33,3.883,17
47147,1,2.001,0.583,38.658000000000015,65.98399999999998,65.984,29.840000000000003,68.49799999999999,33,3.883,18
29086,1,1.804,1.153,33.37700000000001,32.435,32.435,-56.458,-23.08099999999999,33,3.883,19
21123,1,1.833,0.948,9.656000000000006,71.756,71.756,-15.568000000000012,-5.912000000000006,33,3.883,20
47121,1,2.16,0.763,21.043000000000006,89.356,89.356,19.85900000000001,40.90199999999999,34,3.883,1
21109,1,1.492,1.082,12.337999999999994,69.43799999999999,69.438,-19.412000000000006,-7.074000000000012,34,3.883,2
47126,1,2.278,0.649,36.396000000000015,83.57799999999997,83.578,16.215000000000003,52.61099999999999,34,3.883,3
48893,1,1.425,1.324,34.192999999999984,51.97200000000001,51.972,-58.846000000000004,-24.65299999999999,34,3.883,4
12385,1,1.67,0.716,-3.820999999999998,94.63400000000001,94.634,13.24799999999999,9.426999999999992,34,3.883,5
48324,1,1.333,0.989,-11.248999999999995,65.57900000000001,65.579,-39.06200000000001,-50.31100000000001,34,3.883,6
47149,1,1.663,0.938,36.396000000000015,66.60300000000001,66.603,35.19,71.58600000000001,34,3.883,7
28988,1,1.26,0.589,13.426999999999992,38.827,38.827,-28.074000000000012,-14.646999999999991,34,3.883,8
47120,1,2.209,0.555,18.021000000000015,85.67599999999999,85.676,15.373999999999995,33.39500000000001,34,3.883,9
36816,1,1.393,0.935,26.171999999999997,24.982,24.982,-74.667,-48.495000000000005,34,3.883,10
21123,1,1.833,0.948,9.656000000000006,71.756,71.756,-15.568000000000012,-5.912000000000006,34,3.883,11
29086,1,1.804,1.153,33.37700000000001,32.435,32.435,-56.458,-23.08099999999999,34,3.883,12
42326,1,1.591,0.855,-7.153999999999996,28.799000000000007,28.799,-44.28999999999999,-51.44400000000002,34,3.883,13
41579,1,1.542,0.966,-1.5889999999999986,53.635999999999996,53.636,-41.50800000000001,-43.09700000000001,34,3.883,14
15112,1,1.487,0.77,1.3100000000000023,35.18000000000001,35.18,-46.167,-44.857,34,3.883,15
29012,1,1.787,0.859,3.0289999999999964,21.497000000000014,21.497,-22.25399999999999,-19.224999999999994,34,3.883,16
14989,1,1.33,1.002,-21.15700000000001,21.21199999999999,21.212,-17.295000000000016,-38.452,34,3.883,17
12177,1,2.066,1.11,93.44799999999998,55.916,55.916,-28.568000000000012,64.88,34,3.883,18
45206,1,1.065,0.969,-35.22300000000001,80.50400000000002,80.504,-3.673000000000002,-38.896000000000015,34,3.883,19
29120,1,1.269,0.754,17.259000000000015,23.841000000000008,23.841,-35.182000000000016,-17.923000000000002,34,3.883,20
47096,1,2.556,0.749,16.284999999999997,67.20600000000002,67.206,7.360000000000014,23.64500000000001,35,3.884,1
12177,1,2.066,1.11,93.44799999999998,55.916,55.916,-28.568000000000012,64.88,35,3.884,2
35619,1,2.054,0.831,6.049000000000007,52.339,52.339,-40.59899999999999,-34.55000000000001,35,3.884,3
12386,1,1.567,1.033,0.51400000000001,90.21299999999997,90.213,9.651999999999987,10.165999999999997,35,3.884,4
47149,1,1.663,0.938,36.396000000000015,66.60300000000001,66.603,35.19,71.58600000000001,35,3.884,5
15004,1,1.48,0.847,-30.314999999999998,29.921999999999997,29.922,-18.471000000000004,-48.786,35,3.884,6
22582,1,1.581,0.833,-18.385999999999996,58.254999999999995,58.255,-17.683999999999997,-36.06999999999999,35,3.884,7
41579,1,1.542,0.966,-1.5889999999999986,53.635999999999996,53.636,-41.50800000000001,-43.09700000000001,35,3.884,8
15032,1,1.144,1.142,-10.933999999999997,36.84300000000002,36.843,-31.808999999999997,-42.742999999999995,35,3.884,9
41661,1,1.922,0.584,57.172,49.599999999999994,49.6,-86.6,-29.427999999999997,35,3.884,10
29013,1,1.33,0.821,7.699000000000012,22.857,22.857,-25.949000000000012,-18.25,35,3.884,11
45206,1,1.065,0.969,-35.22300000000001,80.50400000000002,80.504,-3.673000000000002,-38.896000000000015,35,3.884,12
36816,1,1.393,0.935,26.171999999999997,24.982,24.982,-74.667,-48.495000000000005,35,3.884,13
47120,1,2.209,0.555,18.021000000000015,85.67599999999999,85.676,15.373999999999995,33.39500000000001,35,3.884,14
29012,1,1.787,0.859,3.0289999999999964,21.497000000000014,21.497,-22.25399999999999,-19.224999999999994,35,3.884,15
47121,1,2.16,0.763,21.043000000000006,89.356,89.356,19.85900000000001,40.90199999999999,35,3.884,16
21123,1,1.833,0.948,9.656000000000006,71.756,71.756,-15.568000000000012,-5.912000000000006,35,3.884,17
47147,1,2.001,0.583,38.658000000000015,65.98399999999998,65.984,29.840000000000003,68.49799999999999,35,3.884,18
29152,1,1.669,0.786,47.39099999999999,29.353999999999985,29.354,-68.435,-21.04400000000001,35,3.884,19
29131,1,1.463,0.799,9.259999999999991,20.973000000000013,20.973,-32.97300000000001,-23.712999999999994,35,3.884,20
15066,1,1.211,0.92,-15.388000000000005,32.29399999999998,32.294,-37.661,-53.04900000000001,36,3.886,1
12386,1,1.567,1.033,0.51400000000001,90.21299999999997,90.213,9.651999999999987,10.165999999999997,36,3.886,2
47121,1,2.16,0.763,21.043000000000006,89.356,89.356,19.85900000000001,40.90199999999999,36,3.886,3
29152,1,1.669,0.786,47.39099999999999,29.353999999999985,29.354,-68.435,-21.04400000000001,36,3.886,4
21123,1,1.833,0.948,9.656000000000006,71.756,71.756,-15.568000000000012,-5.912000000000006,36,3.886,5
12177,1,2.066,1.11,93.44799999999998,55.916,55.916,-28.568000000000012,64.88,36,3.886,6
29013,1,1.33,0.821,7.699000000000012,22.857,22.857,-25.949000000000012,-18.25,36,3.886,7
41658,1,1.52,0.806,64.411,44.754999999999995,44.755,-89.869,-25.458,36,3.886,8
8254,1,1.169,0.779,-4.496000000000009,49.607,49.607,-48.321,-52.81700000000001,36,3.886,9
13005,1,1.499,1.062,-28.625,34.18299999999999,34.183,-32.92500000000001,-61.55,36,3.886,10
41579,1,1.542,0.966,-1.5889999999999986,53.635999999999996,53.636,-41.50800000000001,-43.09700000000001,36,3.886,11
47147,1,2.001,0.583,38.658000000000015,65.98399999999998,65.984,29.840000000000003,68.49799999999999,36,3.886,12
41571,1,1.401,0.98,-12.644000000000005,50.62899999999999,50.629,-33.07499999999999,-45.718999999999994,36,3.886,13
47096,1,2.556,0.749,16.284999999999997,67.20600000000002,67.206,7.360000000000014,23.64500000000001,36,3.886,14
21124,1,1.9,0.741,4.305000000000007,66.15800000000002,66.158,-11.528999999999996,-7.2239999999999895,36,3.886,15
36816,1,1.393,0.935,26.171999999999997,24.982,24.982,-74.667,-48.495000000000005,36,3.886,16
11944,1,1.371,0.762,-13.013000000000005,71.01400000000001,71.014,3.4749999999999943,-9.538000000000011,36,3.886,17
29012,1,1.787,0.859,3.0289999999999964,21.497000000000014,21.497,-22.25399999999999,-19.224999999999994,36,3.886,18
14976,1,1.069,1.1,-36.06,27.435000000000002,27.435,-14.225999999999999,-50.286,36,3.886,19
47120,1,2.209,0.555,18.021000000000015,85.67599999999999,85.676,15.373999999999995,33.39500000000001,36,3.886,20
41608,1,1.27,1.092,27.055000000000007,39.16899999999998,39.169,-73.119,-46.06399999999999,37,3.887,1
47149,1,1.663,0.938,36.396000000000015,66.60300000000001,66.603,35.19,71.58600000000001,37,3.887,2
45206,1,1.065,0.969,-35.22300000000001,80.50400000000002,80.504,-3.673000000000002,-38.896000000000015,37,3.887,3
47120,1,2.209,0.555,18.021000000000015,85.67599999999999,85.676,15.373999999999995,33.39500000000001,37,3.887,4
29131,1,1.463,0.799,9.259999999999991,20.973000000000013,20.973,-32.97300000000001,-23.712999999999994,37,3.887,5
42327,1,1.432,0.647,7.570999999999998,26.034999999999997,26.035,-56.94,-49.369,37,3.887,6
14976,1,1.069,1.1,-36.06,27.435000000000002,27.435,-14.225999999999999,-50.286,37,3.887,7
15112,1,1.487,0.77,1.3100000000000023,35.18000000000001,35.18,-46.167,-44.857,37,3.887,8
36816,1,1.393,0.935,26.171999999999997,24.982,24.982,-74.667,-48.495000000000005,37,3.887,9
47121,1,2.16,0.763,21.043000000000006,89.356,89.356,19.85900000000001,40.90199999999999,37,3.887,10
21098,1,1.58,0.873,-0.8669999999999902,67.251,67.251,-5.382000000000005,-6.248999999999995,37,3.887,11
12177,1,2.066,1.11,93.44799999999998,55.916,55.916,-28.568000000000012,64.88,37,3.887,12
49150,1,1.118,0.897,25.22999999999999,48.601,48.601,-63.223,-37.992999999999995,37,3.887,13
29130,1,1.411,0.858,17.25,17.12299999999999,17.123,-37.01400000000001,-19.76400000000001,37,3.887,14
29012,1,1.787,0.859,3.0289999999999964,21.497000000000014,21.497,-22.25399999999999,-19.224999999999994,37,3.887,15
21123,1,1.833,0.948,9.656000000000006,71.756,71.756,-15.568000000000012,-5.912000000000006,37,3.887,16
47126,1,2.278,0.649,36.396000000000015,83.57799999999997,83.578,16.215000000000003,52.61099999999999,37,3.887,17
41579,1,1.542,0.966,-1.5889999999999986,53.635999999999996,53.636,-41.50800000000001,-43.09700000000001,37,3.887,18
12385,1,1.67,0.716,-3.820999999999998,94.63400000000001,94.634,13.24799999999999,9.426999999999992,37,3.887,19
28988,1,1.26,0.589,13.426999999999992,38.827,38.827,-28.074000000000012,-14.646999999999991,37,3.887,20
29012,1,1.787,0.859,3.0289999999999964,21.497000000000014,21.497,-22.25399999999999,-19.224999999999994,38,3.887,1
47121,1,2.16,0.763,21.043000000000006,89.356,89.356,19.85900000000001,40.90199999999999,38,3.887,2
42327,1,1.432,0.647,7.570999999999998,26.034999999999997,26.035,-56.94,-49.369,38,3.887,3
15112,1,1.487,0.77,1.3100000000000023,35.18000000000001,35.18,-46.167,-44.857,38,3.887,4
12385,1,1.67,0.716,-3.820999999999998,94.63400000000001,94.634,13.24799999999999,9.426999999999992,38,3.887,5
41579,1,1.542,0.966,-1.5889999999999986,53.635999999999996,53.636,-41.50800000000001,-43.09700000000001,38,3.887,6
12177,1,2.066,1.11,93.44799999999998,55.916,55.916,-28.568000000000012,64.88,38,3.887,7
21123,1,1.833,0.948,9.656000000000006,71.756,71.756,-15.568000000000012,-5.912000000000006,38,3.887,8
47126,1,2.278,0.649,36.396000000000015,83.57799999999997,83.578,16.215000000000003,52.61099999999999,38,3.887,9
36816,1,1.393,0.935,26.171999999999997,24.982,24.982,-74.667,-48.495000000000005,38,3.887,10
21098,1,1.58,0.873,-0.8669999999999902,67.251,67.251,-5.382000000000005,-6.248999999999995,38,3.887,11
47149,1,1.663,0.938,36.396000000000015,66.60300000000001,66.603,35.19,71.58600000000001,38,3.887,12
47120,1,2.209,0.555,18.021000000000015,85.67599999999999,85.676,15.373999999999995,33.39500000000001,38,3.887,13
14976,1,1.069,1.1,-36.06,27.435000000000002,27.435,-14.225999999999999,-50.286,38,3.887,14
41608,1,1.27,1.092,27.055000000000007,39.16899999999998,39.169,-73.119,-46.06399999999999,38,3.887,15
28988,1,1.26,0.589,13.426999999999992,38.827,38.827,-28.074000000000012,-14.646999999999991,38,3.887,16
49150,1,1.118,0.897,25.22999999999999,48.601,48.601,-63.223,-37.992999999999995,38,3.887,17
29130,1,1.411,0.858,17.25,17.12299999999999,17.123,-37.01400000000001,-19.76400000000001,38,3.887,18
29131,1,1.463,0.799,9.259999999999991,20.973000000000013,20.973,-32.97300000000001,-23.712999999999994,38,3.887,19
45206,1,1.065,0.969,-35.22300000000001,80.50400000000002,80.504,-3.673000000000002,-38.896000000000015,38,3.887,20
47126,1,2.278,0.649,36.396000000000015,83.57799999999997,83.578,16.215000000000003,52.61099999999999,39,3.889,1
21109,1,1.492,1.082,12.337999999999994,69.43799999999999,69.438,-19.412000000000006,-7.074000000000012,39,3.889,2
48893,1,1.425,1.324,34.192999999999984,51.97200000000001,51.972,-58.846000000000004,-24.65299999999999,39,3.889,3
28988,1,1.26,0.589,13.426999999999992,38.827,38.827,-28.074000000000012,-14.646999999999991,39,3.889,4
29130,1,1.411,0.858,17.25,17.12299999999999,17.123,-37.01400000000001,-19.76400000000001,39,3.889,5
36816,1,1.393,0.935,26.171999999999997,24.982,24.982,-74.667,-48.495000000000005,39,3.889,6
42327,1,1.432,0.647,7.570999999999998,26.034999999999997,26.035,-56.94,-49.369,39,3.889,7
13005,1,1.499,1.062,-28.625,34.18299999999999,34.183,-32.92500000000001,-61.55,39,3.889,8
15030,1,1.0,1.251,-6.533999999999992,38.851,38.851,-37.41300000000001,-43.947,39,3.889,9
47121,1,2.16,0.763,21.043000000000006,89.356,89.356,19.85900000000001,40.90199999999999,39,3.889,10
29013,1,1.33,0.821,7.699000000000012,22.857,22.857,-25.949000000000012,-18.25,39,3.889,11
41579,1,1.542,0.966,-1.5889999999999986,53.635999999999996,53.636,-41.50800000000001,-43.09700000000001,39,3.889,12
29086,1,1.804,1.153,33.37700000000001,32.435,32.435,-56.458,-23.08099999999999,39,3.889,13
12177,1,2.066,1.11,93.44799999999998,55.916,55.916,-28.568000000000012,64.88,39,3.889,14
47120,1,2.209,0.555,18.021000000000015,85.67599999999999,85.676,15.373999999999995,33.39500000000001,39,3.889,15
11803,1,0.998,0.891,-11.629999999999995,29.156000000000006,29.156,-40.339,-51.968999999999994,39,3.889,16
12386,1,1.567,1.033,0.51400000000001,90.21299999999997,90.213,9.651999999999987,10.165999999999997,39,3.889,17
45206,1,1.065,0.969,-35.22300000000001,80.50400000000002,80.504,-3.673000000000002,-38.896000000000015,39,3.889,18
21123,1,1.833,0.948,9.656000000000006,71.756,71.756,-15.568000000000012,-5.912000000000006,39,3.889,19
47149,1,1.663,0.938,36.396000000000015,66.60300000000001,66.603,35.19,71.58600000000001,39,3.889,20
21124,1,1.9,0.741,4.305000000000007,66.15800000000002,66.158,-11.528999999999996,-7.2239999999999895,40,3.89,1
47096,1,2.556,0.749,16.284999999999997,67.20600000000002,67.206,7.360000000000014,23.64500000000001,40,3.89,2
14976,1,1.069,1.1,-36.06,27.435000000000002,27.435,-14.225999999999999,-50.286,40,3.89,3
29152,1,1.669,0.786,47.39099999999999,29.353999999999985,29.354,-68.435,-21.04400000000001,40,3.89,4
42328,1,1.585,0.88,23.465000000000003,21.549000000000007,21.549,-72.388,-48.923,40,3.89,5
36828,1,2.057,0.571,11.340000000000003,21.968999999999994,21.969,-53.385999999999996,-42.04599999999999,40,3.89,6
41579,1,1.542,0.966,-1.5889999999999986,53.635999999999996,53.636,-41.50800000000001,-43.09700000000001,40,3.89,7
13005,1,1.499,1.062,-28.625,34.18299999999999,34.183,-32.92500000000001,-61.55,40,3.89,8
28988,1,1.26,0.589,13.426999999999992,38.827,38.827,-28.074000000000012,-14.646999999999991,40,3.89,9
11944,1,1.371,0.762,-13.013000000000005,71.01400000000001,71.014,3.4749999999999943,-9.538000000000011,40,3.89,10
47120,1,2.209,0.555,18.021000000000015,85.67599999999999,85.676,15.373999999999995,33.39500000000001,40,3.89,11
12177,1,2.066,1.11,93.44799999999998,55.916,55.916,-28.568000000000012,64.88,40,3.89,12
47147,1,2.001,0.583,38.658000000000015,65.98399999999998,65.984,29.840000000000003,68.49799999999999,40,3.89,13
29122,1,1.459,0.781,8.409999999999997,25.335000000000008,25.335,-28.19999999999999,-19.789999999999992,40,3.89,14
12387,1,1.647,0.935,4.564999999999998,87.257,87.257,9.438999999999993,14.00399999999999,40,3.89,15
41658,1,1.52,0.806,64.411,44.754999999999995,44.755,-89.869,-25.458,40,3.89,16
15066,1,1.211,0.92,-15.388000000000005,32.29399999999998,32.294,-37.661,-53.04900000000001,40,3.89,17
21123,1,1.833,0.948,9.656000000000006,71.756,71.756,-15.568000000000012,-5.912000000000006,40,3.89,18
47121,1,2.16,0.763,21.043000000000006,89.356,89.356,19.85900000000001,40.90199999999999,40,3.89,19
17631,1,1.407,1.006,10.723000000000013,77.995,77.995,-56.769000000000005,-46.04599999999999,40,3.89,20
41579,1,1.542,0.966,-1.5889999999999986,53.635999999999996,53.636,-41.50800000000001,-43.09700000000001,41,3.89,1
36816,1,1.393,0.935,26.171999999999997,24.982,24.982,-74.667,-48.495000000000005,41,3.89,2
21123,1,1.833,0.948,9.656000000000006,71.756,71.756,-15.568000000000012,-5.912000000000006,41,3.89,3
12177,1,2.066,1.11,93.44799999999998,55.916,55.916,-28.568000000000012,64.88,41,3.89,4
11944,1,1.371,0.762,-13.013000000000005,71.01400000000001,71.014,3.4749999999999943,-9.538000000000011,41,3.89,5
7742,1,1.408,1.066,-29.161,32.966999999999985,32.967,-16.498999999999995,-45.66,41,3.89,6
29012,1,1.787,0.859,3.0289999999999964,21.497000000000014,21.497,-22.25399999999999,-19.224999999999994,41,3.89,7
29013,1,1.33,0.821,7.699000000000012,22.857,22.857,-25.949000000000012,-18.25,41,3.89,8
12388,1,1.645,0.831,1.710000000000008,83.555,83.555,9.438999999999993,11.149000000000001,41,3.89,9
15004,1,1.48,0.847,-30.314999999999998,29.921999999999997,29.922,-18.471000000000004,-48.786,41,3.89,10
41572,1,1.466,0.901,-7.314999999999998,59.09800000000001,59.098,-39.670000000000016,-46.985000000000014,41,3.89,11
41661,1,1.922,0.584,57.172,49.599999999999994,49.6,-86.6,-29.427999999999997,41,3.89,12
47120,1,2.209,0.555,18.021000000000015,85.67599999999999,85.676,15.373999999999995,33.39500000000001,41,3.89,13
28988,1,1.26,0.589,13.426999999999992,38.827,38.827,-28.074000000000012,-14.646999999999991,41,3.89,14
47126,1,2.278,0.649,36.396000000000015,83.57799999999997,83.578,16.215000000000003,52.61099999999999,41,3.89,15
29152,1,1.669,0.786,47.39099999999999,29.353999999999985,29.354,-68.435,-21.04400000000001,41,3.89,16
48404,1,1.179,0.991,-8.308999999999997,71.691,71.691,-41.25200000000001,-49.56100000000001,41,3.89,17
47121,1,2.16,0.763,21.043000000000006,89.356,89.356,19.85900000000001,40.90199999999999,41,3.89,18
47149,1,1.663,0.938,36.396000000000015,66.60300000000001,66.603,35.19,71.58600000000001,41,3.89,19
13005,1,1.499,1.062,-28.625,34.18299999999999,34.183,-32.92500000000001,-61.55,41,3.89,20
47121,1,2.16,0.763,21.043000000000006,89.356,89.356,19.85900000000001,40.90199999999999,42,3.89,1
29138,1,1.967,0.767,-1.3480000000000132,18.739000000000004,18.739,-21.45599999999999,-22.804000000000002,42,3.89,2
29156,1,1.697,1.076,33.646000000000015,39.66399999999999,39.664,-53.209,-19.562999999999988,42,3.89,3
47096,1,2.556,0.749,16.284999999999997,67.20600000000002,67.206,7.360000000000014,23.64500000000001,42,3.89,4
28988,1,1.26,0.589,13.426999999999992,38.827,38.827,-28.074000000000012,-14.646999999999991,42,3.89,5
12276,1,1.749,0.798,25.944999999999993,52.86699999999999,52.867,38.485000000000014,64.43,42,3.89,6
15066,1,1.211,0.92,-15.388000000000005,32.29399999999998,32.294,-37.661,-53.04900000000001,42,3.89,7
42327,1,1.432,0.647,7.570999999999998,26.034999999999997,26.035,-56.94,-49.369,42,3.89,8
21124,1,1.9,0.741,4.305000000000007,66.15800000000002,66.158,-11.528999999999996,-7.2239999999999895,42,3.89,9
13005,1,1.499,1.062,-28.625,34.18299999999999,34.183,-32.92500000000001,-61.55,42,3.89,10
12385,1,1.67,0.716,-3.820999999999998,94.63400000000001,94.634,13.24799999999999,9.426999999999992,42,3.89,11
12177,1,2.066,1.11,93.44799999999998,55.916,55.916,-28.568000000000012,64.88,42,3.89,12
41579,1,1.542,0.966,-1.5889999999999986,53.635999999999996,53.636,-41.50800000000001,-43.09700000000001,42,3.89,13
47120,1,2.209,0.555,18.021000000000015,85.67599999999999,85.676,15.373999999999995,33.39500000000001,42,3.89,14
36816,1,1.393,0.935,26.171999999999997,24.982,24.982,-74.667,-48.495000000000005,42,3.89,15
17631,1,1.407,1.006,10.723000000000013,77.995,77.995,-56.769000000000005,-46.04599999999999,42,3.89,16
14976,1,1.069,1.1,-36.06,27.435000000000002,27.435,-14.225999999999999,-50.286,42,3.89,17
21123,1,1.833,0.948,9.656000000000006,71.756,71.756,-15.568000000000012,-5.912000000000006,42,3.89,18
11944,1,1.371,0.762,-13.013000000000005,71.01400000000001,71.014,3.4749999999999943,-9.538000000000011,42,3.89,19
48892,1,1.449,1.276,32.46100000000001,47.486999999999995,47.487,-60.236999999999995,-27.77600000000001,42,3.89,20
41579,1,1.542,0.966,-1.5889999999999986,53.635999999999996,53.636,-41.50800000000001,-43.09700000000001,43,3.89,1
47121,1,2.16,0.763,21.043000000000006,89.356,89.356,19.85900000000001,40.90199999999999,43,3.89,2
34806,1,2.268,0.754,-4.546999999999997,39.09300000000002,39.093,-37.108000000000004,-41.655,43,3.89,3
15148,1,1.044,1.164,-19.194999999999993,58.18099999999998,58.181,-20.954999999999984,-40.150000000000006,43,3.89,4
36816,1,1.393,0.935,26.171999999999997,24.982,24.982,-74.667,-48.495000000000005,43,3.89,5
29086,1,1.804,1.153,33.37700000000001,32.435,32.435,-56.458,-23.08099999999999,43,3.89,6
47147,1,2.001,0.583,38.658000000000015,65.98399999999998,65.984,29.840000000000003,68.49799999999999,43,3.89,7
45206,1,1.065,0.969,-35.22300000000001,80.50400000000002,80.504,-3.673000000000002,-38.896000000000015,43,3.89,8
29012,1,1.787,0.859,3.0289999999999964,21.497000000000014,21.497,-22.25399999999999,-19.224999999999994,43,3.89,9
29152,1,1.669,0.786,47.39099999999999,29.353999999999985,29.354,-68.435,-21.04400000000001,43,3.89,10
47096,1,2.556,0.749,16.284999999999997,67.20600000000002,67.206,7.360000000000014,23.64500000000001,43,3.89,11
47120,1,2.209,0.555,18.021000000000015,85.67599999999999,85.676,15.373999999999995,33.39500000000001,43,3.89,12
14978,1,1.364,0.969,-24.295999999999992,26.345,26.345,-27.453000000000003,-51.748999999999995,43,3.89,13
29120,1,1.269,0.754,17.259000000000015,23.841000000000008,23.841,-35.182000000000016,-17.923000000000002,43,3.89,14
689,1,0.682,0.934,19.450999999999993,38.72300000000001,38.723,-67.54,-48.089,43,3.89,15
48893,1,1.425,1.324,34.192999999999984,51.97200000000001,51.972,-58.846000000000004,-24.65299999999999,43,3.89,16
12385,1,1.67,0.716,-3.820999999999998,94.63400000000001,94.634,13.24799999999999,9.426999999999992,43,3.89,17
12177,1,2.066,1.11,93.44799999999998,55.916,55.916,-28.568000000000012,64.88,43,3.89,18
21124,1,1.9,0.741,4.305000000000007,66.15800000000002,66.158,-11.528999999999996,-7.2239999999999895,43,3.89,19
21123,1,1.833,0.948,9.656000000000006,71.756,71.756,-15.568000000000012,-5.912000000000006,43,3.89,20
21123,1,1.833,0.948,9.656000000000006,71.756,71.756,-15.568000000000012,-5.912000000000006,44,3.891,1
11944,1,1.371,0.762,-13.013000000000005,71.01400000000001,71.014,3.4749999999999943,-9.538000000000011,44,3.891,2
29138,1,1.967,0.767,-1.3480000000000132,18.739000000000004,18.739,-21.45599999999999,-22.804000000000002,44,3.891,3
15032,1,1.144,1.142,-10.933999999999997,36.84300000000002,36.843,-31.808999999999997,-42.742999999999995,44,3.891,4
47741,1,1.136,1.022,13.888000000000005,44.501000000000005,44.501,-63.031000000000006,-49.143,44,3.891,5
21124,1,1.9,0.741,4.305000000000007,66.15800000000002,66.158,-11.528999999999996,-7.2239999999999895,44,3.891,6
29152,1,1.669,0.786,47.39099999999999,29.353999999999985,29.354,-68.435,-21.04400000000001,44,3.891,7
12385,1,1.67,0.716,-3.820999999999998,94.63400000000001,94.634,13.24799999999999,9.426999999999992,44,3.891,8
41661,1,1.922,0.584,57.172,49.599999999999994,49.6,-86.6,-29.427999999999997,44,3.891,9
47121,1,2.16,0.763,21.043000000000006,89.356,89.356,19.85900000000001,40.90199999999999,44,3.891,10
36816,1,1.393,0.935,26.171999999999997,24.982,24.982,-74.667,-48.495000000000005,44,3.891,11
29012,1,1.787,0.859,3.0289999999999964,21.497000000000014,21.497,-22.25399999999999,-19.224999999999994,44,3.891,12
14976,1,1.069,1.1,-36.06,27.435000000000002,27.435,-14.225999999999999,-50.286,44,3.891,13
15066,1,1.211,0.92,-15.388000000000005,32.29399999999998,32.294,-37.661,-53.04900000000001,44,3.891,14
12177,1,2.066,1.11,93.44799999999998,55.916,55.916,-28.568000000000012,64.88,44,3.891,15
45206,1,1.065,0.969,-35.22300000000001,80.50400000000002,80.504,-3.673000000000002,-38.896000000000015,44,3.891,16
41579,1,1.542,0.966,-1.5889999999999986,53.635999999999996,53.636,-41.50800000000001,-43.09700000000001,44,3.891,17
47147,1,2.001,0.583,38.658000000000015,65.98399999999998,65.984,29.840000000000003,68.49799999999999,44,3.891,18
47096,1,2.556,0.749,16.284999999999997,67.20600000000002,67.206,7.360000000000014,23.64500000000001,44,3.891,19
47120,1,2.209,0.555,18.021000000000015,85.67599999999999,85.676,15.373999999999995,33.39500000000001,44,3.891,20
36816,1,1.393,0.935,26.171999999999997,24.982,24.982,-74.667,-48.495000000000005,45,3.891,1
41658,1,1.52,0.806,64.411,44.754999999999995,44.755,-89.869,-25.458,45,3.891,2
45193,1,1.296,1.212,-13.412000000000006,84.97300000000001,84.973,-0.26599999999999113,-13.677999999999997,45,3.891,3
47120,1,2.209,0.555,18.021000000000015,85.67599999999999,85.676,15.373999999999995,33.39500000000001,45,3.891,4
12177,1,2.066,1.11,93.44799999999998,55.916,55.916,-28.568000000000012,64.88,45,3.891,5
41579,1,1.542,0.966,-1.5889999999999986,53.635999999999996,53.636,-41.50800000000001,-43.09700000000001,45,3.891,6
13005,1,1.499,1.062,-28.625,34.18299999999999,34.183,-32.92500000000001,-61.55,45,3.891,7
29096,1,1.415,0.705,11.943000000000012,31.14500000000001,31.145,-44.76400000000001,-32.821,45,3.891,8
47149,1,1.663,0.938,36.396000000000015,66.60300000000001,66.603,35.19,71.58600000000001,45,3.891,9
29013,1,1.33,0.821,7.699000000000012,22.857,22.857,-25.949000000000012,-18.25,45,3.891,10
12388,1,1.645,0.831,1.710000000000008,83.555,83.555,9.438999999999993,11.149000000000001,45,3.891,11
47121,1,2.16,0.763,21.043000000000006,89.356,89.356,19.85900000000001,40.90199999999999,45,3.891,12
15066,1,1.211,0.92,-15.388000000000005,32.29399999999998,32.294,-37.661,-53.04900000000001,45,3.891,13
29130,1,1.411,0.858,17.25,17.12299999999999,17.123,-37.01400000000001,-19.76400000000001,45,3.891,14
47126,1,2.278,0.649,36.396000000000015,83.57799999999997,83.578,16.215000000000003,52.61099999999999,45,3.891,15
14976,1,1.069,1.1,-36.06,27.435000000000002,27.435,-14.225999999999999,-50.286,45,3.891,16
29086,1,1.804,1.153,33.37700000000001,32.435,32.435,-56.458,-23.08099999999999,45,3.891,17
21123,1,1.833,0.948,9.656000000000006,71.756,71.756,-15.568000000000012,-5.912000000000006,45,3.891,18
28988,1,1.26,0.589,13.426999999999992,38.827,38.827,-28.074000000000012,-14.646999999999991,45,3.891,19
21109,1,1.492,1.082,12.337999999999994,69.43799999999999,69.438,-19.412000000000006,-7.074000000000012,45,3.891,20
21123,1,1.833,0.948,9.656000000000006,71.756,71.756,-15.568000000000012,-5.912000000000006,46,3.891,1
47096,1,2.556,0.749,16.284999999999997,67.20600000000002,67.206,7.360000000000014,23.64500000000001,46,3.891,2
21109,1,1.492,1.082,12.337999999999994,69.43799999999999,69.438,-19.412000000000006,-7.074000000000012,46,3.891,3
41579,1,1.542,0.966,-1.5889999999999986,53.635999999999996,53.636,-41.50800000000001,-43.09700000000001,46,3.891,4
47121,1,2.16,0.763,21.043000000000006,89.356,89.356,19.85900000000001,40.90199999999999,46,3.891,5
29130,1,1.411,0.858,17.25,17.12299999999999,17.123,-37.01400000000001,-19.76400000000001,46,3.891,6
36816,1,1.393,0.935,26.171999999999997,24.982,24.982,-74.667,-48.495000000000005,46,3.891,7
15066,1,1.211,0.92,-15.388000000000005,32.29399999999998,32.294,-37.661,-53.04900000000001,46,3.891,8
47147,1,2.001,0.583,38.658000000000015,65.98399999999998,65.984,29.840000000000003,68.49799999999999,46,3.891,9
45206,1,1.065,0.969,-35.22300000000001,80.50400000000002,80.504,-3.673000000000002,-38.896000000000015,46,3.891,10
41661,1,1.922,0.584,57.172,49.599999999999994,49.6,-86.6,-29.427999999999997,46,3.891,11
47120,1,2.209,0.555,18.021000000000015,85.67599999999999,85.676,15.373999999999995,33.39500000000001,46,3.891,12
29086,1,1.804,1.153,33.37700000000001,32.435,32.435,-56.458,-23.08099999999999,46,3.891,13
12177,1,2.066,1.11,93.44799999999998,55.916,55.916,-28.568000000000012,64.88,46,3.891,14
12377,1,1.964,1.177,17.932999999999993,94.154,94.154,9.669000000000011,27.602000000000004,46,3.891,15
42327,1,1.432,0.647,7.570999999999998,26.034999999999997,26.035,-56.94,-49.369,46,3.891,16
28988,1,1.26,0.589,13.426999999999992,38.827,38.827,-28.074000000000012,-14.646999999999991,46,3.891,17
48324,1,1.333,0.989,-11.248999999999995,65.57900000000001,65.579,-39.06200000000001,-50.31100000000001,46,3.891,18
13005,1,1.499,1.062,-28.625,34.18299999999999,34.183,-32.92500000000001,-61.55,46,3.891,19
29013,1,1.33,0.821,7.699000000000012,22.857,22.857,-25.949000000000012,-18.25,46,3.891,20
47149,1,1.663,0.938,36.396000000000015,66.60300000000001,66.603,35.19,71.58600000000001,47,3.891,1
14989,1,1.33,1.002,-21.15700000000001,21.21199999999999,21.212,-17.295000000000016,-38.452,47,3.891,2
12386,1,1.567,1.033,0.51400000000001,90.21299999999997,90.213,9.651999999999987,10.165999999999997,47,3.891,3
41579,1,1.542,0.966,-1.5889999999999986,53.635999999999996,53.636,-41.50800000000001,-43.09700000000001,47,3.891,4
47121,1,2.16,0.763,21.043000000000006,89.356,89.356,19.85900000000001,40.90199999999999,47,3.891,5
15148,1,1.044,1.164,-19.194999999999993,58.18099999999998,58.181,-20.954999999999984,-40.150000000000006,47,3.891,6
12177,1,2.066,1.11,93.44799999999998,55.916,55.916,-28.568000000000012,64.88,47,3.891,7
689,1,0.682,0.934,19.450999999999993,38.72300000000001,38.723,-67.54,-48.089,47,3.891,8
48893,1,1.425,1.324,34.192999999999984,51.97200000000001,51.972,-58.846000000000004,-24.65299999999999,47,3.891,9
28988,1,1.26,0.589,13.426999999999992,38.827,38.827,-28.074000000000012,-14.646999999999991,47,3.891,10
29086,1,1.804,1.153,33.37700000000001,32.435,32.435,-56.458,-23.08099999999999,47,3.891,11
29120,1,1.269,0.754,17.259000000000015,23.841000000000008,23.841,-35.182000000000016,-17.923000000000002,47,3.891,12
36816,1,1.393,0.935,26.171999999999997,24.982,24.982,-74.667,-48.495000000000005,47,3.891,13
21098,1,1.58,0.873,-0.8669999999999902,67.251,67.251,-5.382000000000005,-6.248999999999995,47,3.891,14
47120,1,2.209,0.555,18.021000000000015,85.67599999999999,85.676,15.373999999999995,33.39500000000001,47,3.891,15
21123,1,1.833,0.948,9.656000000000006,71.756,71.756,-15.568000000000012,-5.912000000000006,47,3.891,16
45206,1,1.065,0.969,-35.22300000000001,80.50400000000002,80.504,-3.673000000000002,-38.896000000000015,47,3.891,17
42327,1,1.432,0.647,7.570999999999998,26.034999999999997,26.035,-56.94,-49.369,47,3.891,18
29012,1,1.787,0.859,3.0289999999999964,21.497000000000014,21.497,-22.25399999999999,-19.224999999999994,47,3.891,19
47126,1,2.278,0.649,36.396000000000015,83.57799999999997,83.578,16.215000000000003,52.61099999999999,47,3.891,20
689,1,0.682,0.934,19.450999999999993,38.72300000000001,38.723,-67.54,-48.089,48,3.892,1
15148,1,1.044,1.164,-19.194999999999993,58.18099999999998,58.181,-20.954999999999984,-40.150000000000006,48,3.892,2
42327,1,1.432,0.647,7.570999999999998,26.034999999999997,26.035,-56.94,-49.369,48,3.892,3
36816,1,1.393,0.935,26.171999999999997,24.982,24.982,-74.667,-48.495000000000005,48,3.892,4
29012,1,1.787,0.859,3.0289999999999964,21.497000000000014,21.497,-22.25399999999999,-19.224999999999994,48,3.892,5
21123,1,1.833,0.948,9.656000000000006,71.756,71.756,-15.568000000000012,-5.912000000000006,48,3.892,6
47120,1,2.209,0.555,18.021000000000015,85.67599999999999,85.676,15.373999999999995,33.39500000000001,48,3.892,7
47126,1,2.278,0.649,36.396000000000015,83.57799999999997,83.578,16.215000000000003,52.61099999999999,48,3.892,8
47149,1,1.663,0.938,36.396000000000015,66.60300000000001,66.603,35.19,71.58600000000001,48,3.892,9
21098,1,1.58,0.873,-0.8669999999999902,67.251,67.251,-5.382000000000005,-6.248999999999995,48,3.892,10
45206,1,1.065,0.969,-35.22300000000001,80.50400000000002,80.504,-3.673000000000002,-38.896000000000015,48,3.892,11
29120,1,1.269,0.754,17.259000000000015,23.841000000000008,23.841,-35.182000000000016,-17.923000000000002,48,3.892,12
12177,1,2.066,1.11,93.44799999999998,55.916,55.916,-28.568000000000012,64.88,48,3.892,13
48893,1,1.425,1.324,34.192999999999984,51.97200000000001,51.972,-58.846000000000004,-24.65299999999999,48,3.892,14
12385,1,1.67,0.716,-3.820999999999998,94.63400000000001,94.634,13.24799999999999,9.426999999999992,48,3.892,15
29130,1,1.411,0.858,17.25,17.12299999999999,17.123,-37.01400000000001,-19.76400000000001,48,3.892,16
14976,1,1.069,1.1,-36.06,27.435000000000002,27.435,-14.225999999999999,-50.286,48,3.892,17
41579,1,1.542,0.966,-1.5889999999999986,53.635999999999996,53.636,-41.50800000000001,-43.09700000000001,48,3.892,18
47121,1,2.16,0.763,21.043000000000006,89.356,89.356,19.85900000000001,40.90199999999999,48,3.892,19
29086,1,1.804,1.153,33.37700000000001,32.435,32.435,-56.458,-23.08099999999999,48,3.892,20
17631,1,1.407,1.006,10.723000000000013,77.995,77.995,-56.769000000000005,-46.04599999999999,49,3.892,1
14976,1,1.069,1.1,-36.06,27.435000000000002,27.435,-14.225999999999999,-50.286,49,3.892,2
11944,1,1.371,0.762,-13.013000000000005,71.01400000000001,71.014,3.4749999999999943,-9.538000000000011,49,3.892,3
7742,1,1.408,1.066,-29.161,32.966999999999985,32.967,-16.498999999999995,-45.66,49,3.892,4
41658,1,1.52,0.806,64.411,44.754999999999995,44.755,-89.869,-25.458,49,3.892,5
12177,1,2.066,1.11,93.44799999999998,55.916,55.916,-28.568000000000012,64.88,49,3.892,6
47126,1,2.278,0.649,36.396000000000015,83.57799999999997,83.578,16.215000000000003,52.61099999999999,49,3.892,7
15066,1,1.211,0.92,-15.388000000000005,32.29399999999998,32.294,-37.661,-53.04900000000001,49,3.892,8
29156,1,1.697,1.076,33.646000000000015,39.66399999999999,39.664,-53.209,-19.562999999999988,49,3.892,9
41579,1,1.542,0.966,-1.5889999999999986,53.635999999999996,53.636,-41.50800000000001,-43.09700000000001,49,3.892,10
47121,1,2.16,0.763,21.043000000000006,89.356,89.356,19.85900000000001,40.90199999999999,49,3.892,11
29012,1,1.787,0.859,3.0289999999999964,21.497000000000014,21.497,-22.25399999999999,-19.224999999999994,49,3.892,12
21123,1,1.833,0.948,9.656000000000006,71.756,71.756,-15.568000000000012,-5.912000000000006,49,3.892,13
47120,1,2.209,0.555,18.021000000000015,85.67599999999999,85.676,15.373999999999995,33.39500000000001,49,3.892,14
29120,1,1.269,0.754,17.259000000000015,23.841000000000008,23.841,-35.182000000000016,-17.923000000000002,49,3.892,15
29130,1,1.411,0.858,17.25,17.12299999999999,17.123,-37.01400000000001,-19.76400000000001,49,3.892,16
12385,1,1.67,0.716,-3.820999999999998,94.63400000000001,94.634,13.24799999999999,9.426999999999992,49,3.892,17
13005,1,1.499,1.062,-28.625,34.18299999999999,34.183,-32.92500000000001,-61.55,49,3.892,18
47149,1,1.663,0.938,36.396000000000015,66.60300000000001,66.603,35.19,71.58600000000001,49,3.892,19
29013,1,1.33,0.821,7.699000000000012,22.857,22.857,-25.949000000000012,-18.25,49,3.892,20
47741,1,1.136,1.022,13.888000000000005,44.501000000000005,44.501,-63.031000000000006,-49.143,50,3.892,1
41586,1,1.276,1.216,-7.1839999999999975,44.239000000000004,44.239,-38.81900000000002,-46.002999999999986,50,3.892,2
47121,1,2.16,0.763,21.043000000000006,89.356,89.356,19.85900000000001,40.90199999999999,50,3.892,3
19168,1,1.35,0.758,-1.8660000000000139,57.67599999999999,57.676,-21.823000000000008,-23.688999999999993,50,3.892,4
20227,1,1.284,0.715,-22.641999999999996,44.19400000000002,44.194,-32.462999999999994,-55.10499999999999,50,3.892,5
15066,1,1.211,0.92,-15.388000000000005,32.29399999999998,32.294,-37.661,-53.04900000000001,50,3.892,6
29012,1,1.787,0.859,3.0289999999999964,21.497000000000014,21.497,-22.25399999999999,-19.224999999999994,50,3.892,7
12177,1,2.066,1.11,93.44799999999998,55.916,55.916,-28.568000000000012,64.88,50,3.892,8
41579,1,1.542,0.966,-1.5889999999999986,53.635999999999996,53.636,-41.50800000000001,-43.09700000000001,50,3.892,9
21123,1,1.833,0.948,9.656000000000006,71.756,71.756,-15.568000000000012,-5.912000000000006,50,3.892,10
36816,1,1.393,0.935,26.171999999999997,24.982,24.982,-74.667,-48.495000000000005,50,3.892,11
47126,1,2.278,0.649,36.396000000000015,83.57799999999997,83.578,16.215000000000003,52.61099999999999,50,3.892,12
47149,1,1.663,0.938,36.396000000000015,66.60300000000001,66.603,35.19,71.58600000000001,50,3.892,13
12385,1,1.67,0.716,-3.820999999999998,94.63400000000001,94.634,13.24799999999999,9.426999999999992,50,3.892,14
42328,1,1.585,0.88,23.465000000000003,21.549000000000007,21.549,-72.388,-48.923,50,3.892,15
29120,1,1.269,0.754,17.259000000000015,23.841000000000008,23.841,-35.182000000000016,-17.923000000000002,50,3.892,16
45206,1,1.065,0.969,-35.22300000000001,80.50400000000002,80.504,-3.673000000000002,-38.896000000000015,50,3.892,17
28988,1,1.26,0.589,13.426999999999992,38.827,38.827,-28.074000000000012,-14.646999999999991,50,3.892,18
47120,1,2.209,0.555,18.021000000000015,85.67599999999999,85.676,15.373999999999995,33.39500000000001,50,3.892,19
29086,1,1.804,1.153,33.37700000000001,32.435,32.435,-56.458,-23.08099999999999,50,3.892,20
21109,1,1.492,1.082,12.337999999999994,69.43799999999999,69.438,-19.412000000000006,-7.074000000000012,51,3.893,1
21124,1,1.9,0.741,4.305000000000007,66.15800000000002,66.158,-11.528999999999996,-7.2239999999999895,51,3.893,2
12386,1,1.567,1.033,0.51400000000001,90.21299999999997,90.213,9.651999999999987,10.165999999999997,51,3.893,3
45206,1,1.065,0.969,-35.22300000000001,80.50400000000002,80.504,-3.673000000000002,-38.896000000000015,51,3.893,4
47120,1,2.209,0.555,18.021000000000015,85.67599999999999,85.676,15.373999999999995,33.39500000000001,51,3.893,5
29012,1,1.787,0.859,3.0289999999999964,21.497000000000014,21.497,-22.25399999999999,-19.224999999999994,51,3.893,6
36816,1,1.393,0.935,26.171999999999997,24.982,24.982,-74.667,-48.495000000000005,51,3.893,7
12177,1,2.066,1.11,93.44799999999998,55.916,55.916,-28.568000000000012,64.88,51,3.893,8
29013,1,1.33,0.821,7.699000000000012,22.857,22.857,-25.949000000000012,-18.25,51,3.893,9
689,1,0.682,0.934,19.450999999999993,38.72300000000001,38.723,-67.54,-48.089,51,3.893,10
48324,1,1.333,0.989,-11.248999999999995,65.57900000000001,65.579,-39.06200000000001,-50.31100000000001,51,3.893,11
13005,1,1.499,1.062,-28.625,34.18299999999999,34.183,-32.92500000000001,-61.55,51,3.893,12
41579,1,1.542,0.966,-1.5889999999999986,53.635999999999996,53.636,-41.50800000000001,-43.09700000000001,51,3.893,13
47126,1,2.278,0.649,36.396000000000015,83.57799999999997,83.578,16.215000000000003,52.61099999999999,51,3.893,14
15066,1,1.211,0.92,-15.388000000000005,32.29399999999998,32.294,-37.661,-53.04900000000001,51,3.893,15
29152,1,1.669,0.786,47.39099999999999,29.353999999999985,29.354,-68.435,-21.04400000000001,51,3.893,16
47121,1,2.16,0.763,21.043000000000006,89.356,89.356,19.85900000000001,40.90199999999999,51,3.893,17
47096,1,2.556,0.749,16.284999999999997,67.20600000000002,67.206,7.360000000000014,23.64500000000001,51,3.893,18
29130,1,1.411,0.858,17.25,17.12299999999999,17.123,-37.01400000000001,-19.76400000000001,51,3.893,19
41661,1,1.922,0.584,57.172,49.599999999999994,49.6,-86.6,-29.427999999999997,51,3.893,20
29123,1,1.717,0.87,16.706999999999994,24.77799999999999,24.778,-39.827,-23.120000000000005,52,3.894,1
47149,1,1.663,0.938,36.396000000000015,66.60300000000001,66.603,35.19,71.58600000000001,52,3.894,2
41579,1,1.542,0.966,-1.5889999999999986,53.635999999999996,53.636,-41.50800000000001,-43.09700000000001,52,3.894,3
12386,1,1.567,1.033,0.51400000000001,90.21299999999997,90.213,9.651999999999987,10.165999999999997,52,3.894,4
28988,1,1.26,0.589,13.426999999999992,38.827,38.827,-28.074000000000012,-14.646999999999991,52,3.894,5
29012,1,1.787,0.859,3.0289999999999964,21.497000000000014,21.497,-22.25399999999999,-19.224999999999994,52,3.894,6
12276,1,1.749,0.798,25.944999999999993,52.86699999999999,52.867,38.485000000000014,64.43,52,3.894,7
29152,1,1.669,0.786,47.39099999999999,29.353999999999985,29.354,-68.435,-21.04400000000001,52,3.894,8
41661,1,1.922,0.584,57.172,49.599999999999994,49.6,-86.6,-29.427999999999997,52,3.894,9
45206,1,1.065,0.969,-35.22300000000001,80.50400000000002,80.504,-3.673000000000002,-38.896000000000015,52,3.894,10
29086,1,1.804,1.153,33.37700000000001,32.435,32.435,-56.458,-23.08099999999999,52,3.894,11
12385,1,1.67,0.716,-3.820999999999998,94.63400000000001,94.634,13.24799999999999,9.426999999999992,52,3.894,12
21123,1,1.833,0.948,9.656000000000006,71.756,71.756,-15.568000000000012,-5.912000000000006,52,3.894,13
21098,1,1.58,0.873,-0.8669999999999902,67.251,67.251,-5.382000000000005,-6.248999999999995,52,3.894,14
47096,1,2.556,0.749,16.284999999999997,67.20600000000002,67.206,7.360000000000014,23.64500000000001,52,3.894,15
36816,1,1.393,0.935,26.171999999999997,24.982,24.982,-74.667,-48.495000000000005,52,3.894,16
47121,1,2.16,0.763,21.043000000000006,89.356,89.356,19.85900000000001,40.90199999999999,52,3.894,17
42327,1,1.432,0.647,7.570999999999998,26.034999999999997,26.035,-56.94,-49.369,52,3.894,18
11944,1,1.371,0.762,-13.013000000000005,71.01400000000001,71.014,3.4749999999999943,-9.538000000000011,52,3.894,19
14976,1,1.069,1.1,-36.06,27.435000000000002,27.435,-14.225999999999999,-50.286,52,3.894,20
15004,1,1.48,0.847,-30.314999999999998,29.921999999999997,29.922,-18.471000000000004,-48.786,53,3.895,1
47121,1,2.16,0.763,21.043000000000006,89.356,89.356,19.85900000000001,40.90199999999999,53,3.895,2
35619,1,2.054,0.831,6.049000000000007,52.339,52.339,-40.59899999999999,-34.55000000000001,53,3.895,3
12177,1,2.066,1.11,93.44799999999998,55.916,55.916,-28.568000000000012,64.88,53,3.895,4
36816,1,1.393,0.935,26.171999999999997,24.982,24.982,-74.667,-48.495000000000005,53,3.895,5
12377,1,1.964,1.177,17.932999999999993,94.154,94.154,9.669000000000011,27.602000000000004,53,3.895,6
47147,1,2.001,0.583,38.658000000000015,65.98399999999998,65.984,29.840000000000003,68.49799999999999,53,3.895,7
47096,1,2.556,0.749,16.284999999999997,67.20600000000002,67.206,7.360000000000014,23.64500000000001,53,3.895,8
45206,1,1.065,0.969,-35.22300000000001,80.50400000000002,80.504,-3.673000000000002,-38.896000000000015,53,3.895,9
29131,1,1.463,0.799,9.259999999999991,20.973000000000013,20.973,-32.97300000000001,-23.712999999999994,53,3.895,10
29012,1,1.787,0.859,3.0289999999999964,21.497000000000014,21.497,-22.25399999999999,-19.224999999999994,53,3.895,11
47120,1,2.209,0.555,18.021000000000015,85.67599999999999,85.676,15.373999999999995,33.39500000000001,53,3.895,12
42327,1,1.432,0.647,7.570999999999998,26.034999999999997,26.035,-56.94,-49.369,53,3.895,13
21124,1,1.9,0.741,4.305000000000007,66.15800000000002,66.158,-11.528999999999996,-7.2239999999999895,53,3.895,14
41579,1,1.542,0.966,-1.5889999999999986,53.635999999999996,53.636,-41.50800000000001,-43.09700000000001,53,3.895,15
15032,1,1.144,1.142,-10.933999999999997,36.84300000000002,36.843,-31.808999999999997,-42.742999999999995,53,3.895,16
21123,1,1.833,0.948,9.656000000000006,71.756,71.756,-15.568000000000012,-5.912000000000006,53,3.895,17
29130,1,1.411,0.858,17.25,17.12299999999999,17.123,-37.01400000000001,-19.76400000000001,53,3.895,18
48893,1,1.425,1.324,34.192999999999984,51.97200000000001,51.972,-58.846000000000004,-24.65299999999999,53,3.895,19
41571,1,1.401,0.98,-12.644000000000005,50.62899999999999,50.629,-33.07499999999999,-45.718999999999994,53,3.895,20
21124,1,1.9,0.741,4.305000000000007,66.15800000000002,66.158,-11.528999999999996,-7.2239999999999895,54,3.895,1
29086,1,1.804,1.153,33.37700000000001,32.435,32.435,-56.458,-23.08099999999999,54,3.895,2
41579,1,1.542,0.966,-1.5889999999999986,53.635999999999996,53.636,-41.50800000000001,-43.09700000000001,54,3.895,3
47121,1,2.16,0.763,21.043000000000006,89.356,89.356,19.85900000000001,40.90199999999999,54,3.895,4
36816,1,1.393,0.935,26.171999999999997,24.982,24.982,-74.667,-48.495000000000005,54,3.895,5
12377,1,1.964,1.177,17.932999999999993,94.154,94.154,9.669000000000011,27.602000000000004,54,3.895,6
28988,1,1.26,0.589,13.426999999999992,38.827,38.827,-28.074000000000012,-14.646999999999991,54,3.895,7
29120,1,1.269,0.754,17.259000000000015,23.841000000000008,23.841,-35.182000000000016,-17.923000000000002,54,3.895,8
42327,1,1.432,0.647,7.570999999999998,26.034999999999997,26.035,-56.94,-49.369,54,3.895,9
48893,1,1.425,1.324,34.192999999999984,51.97200000000001,51.972,-58.846000000000004,-24.65299999999999,54,3.895,10
21123,1,1.833,0.948,9.656000000000006,71.756,71.756,-15.568000000000012,-5.912000000000006,54,3.895,11
47120,1,2.209,0.555,18.021000000000015,85.67599999999999,85.676,15.373999999999995,33.39500000000001,54,3.895,12
47096,1,2.556,0.749,16.284999999999997,67.20600000000002,67.206,7.360000000000014,23.64500000000001,54,3.895,13
12177,1,2.066,1.11,93.44799999999998,55.916,55.916,-28.568000000000012,64.88,54,3.895,14
15112,1,1.487,0.77,1.3100000000000023,35.18000000000001,35.18,-46.167,-44.857,54,3.895,15
47147,1,2.001,0.583,38.658000000000015,65.98399999999998,65.984,29.840000000000003,68.49799999999999,54,3.895,16
15004,1,1.48,0.847,-30.314999999999998,29.921999999999997,29.922,-18.471000000000004,-48.786,54,3.895,17
45206,1,1.065,0.969,-35.22300000000001,80.50400000000002,80.504,-3.673000000000002,-38.896000000000015,54,3.895,18
14989,1,1.33,1.002,-21.15700000000001,21.21199999999999,21.212,-17.295000000000016,-38.452,54,3.895,19
15148,1,1.044,1.164,-19.194999999999993,58.18099999999998,58.181,-20.954999999999984,-40.150000000000006,54,3.895,20
41661,1,1.922,0.584,57.172,49.599999999999994,49.6,-86.6,-29.427999999999997,55,3.895,1
47149,1,1.663,0.938,36.396000000000015,66.60300000000001,66.603,35.19,71.58600000000001,55,3.895,2
15066,1,1.211,0.92,-15.388000000000005,32.29399999999998,32.294,-37.661,-53.04900000000001,55,3.895,3
36816,1,1.393,0.935,26.171999999999997,24.982,24.982,-74.667,-48.495000000000005,55,3.895,4
42326,1,1.591,0.855,-7.153999999999996,28.799000000000007,28.799,-44.28999999999999,-51.44400000000002,55,3.895,5
47120,1,2.209,0.555,18.021000000000015,85.67599999999999,85.676,15.373999999999995,33.39500000000001,55,3.895,6
29122,1,1.459,0.781,8.409999999999997,25.335000000000008,25.335,-28.19999999999999,-19.789999999999992,55,3.895,7
48324,1,1.333,0.989,-11.248999999999995,65.57900000000001,65.579,-39.06200000000001,-50.31100000000001,55,3.895,8
47126,1,2.278,0.649,36.396000000000015,83.57799999999997,83.578,16.215000000000003,52.61099999999999,55,3.895,9
29152,1,1.669,0.786,47.39099999999999,29.353999999999985,29.354,-68.435,-21.04400000000001,55,3.895,10
21109,1,1.492,1.082,12.337999999999994,69.43799999999999,69.438,-19.412000000000006,-7.074000000000012,55,3.895,11
12177,1,2.066,1.11,93.44799999999998,55.916,55.916,-28.568000000000012,64.88,55,3.895,12
13005,1,1.499,1.062,-28.625,34.18299999999999,34.183,-32.92500000000001,-61.55,55,3.895,13
41579,1,1.542,0.966,-1.5889999999999986,53.635999999999996,53.636,-41.50800000000001,-43.09700000000001,55,3.895,14
28988,1,1.26,0.589,13.426999999999992,38.827,38.827,-28.074000000000012,-14.646999999999991,55,3.895,15
12385,1,1.67,0.716,-3.820999999999998,94.63400000000001,94.634,13.24799999999999,9.426999999999992,55,3.895,16
21098,1,1.58,0.873,-0.8669999999999902,67.251,67.251,-5.382000000000005,-6.248999999999995,55,3.895,17
45206,1,1.065,0.969,-35.22300000000001,80.50400000000002,80.504,-3.673000000000002,-38.896000000000015,55,3.895,18
29012,1,1.787,0.859,3.0289999999999964,21.497000000000014,21.497,-22.25399999999999,-19.224999999999994,55,3.895,19
47121,1,2.16,0.763,21.043000000000006,89.356,89.356,19.85900000000001,40.90199999999999,55,3.895,20
48893,1,1.425,1.324,34.192999999999984,51.97200000000001,51.972,-58.846000000000004,-24.65299999999999,56,3.896,1
47099,1,1.872,0.845,7.765999999999991,69.417,69.417,4.786000000000001,12.551999999999992,56,3.896,2
47120,1,2.209,0.555,18.021000000000015,85.67599999999999,85.676,15.373999999999995,33.39500000000001,56,3.896,3
12177,1,2.066,1.11,93.44799999999998,55.916,55.916,-28.568000000000012,64.88,56,3.896,4
42328,1,1.585,0.88,23.465000000000003,21.549000000000007,21.549,-72.388,-48.923,56,3.896,5
47126,1,2.278,0.649,36.396000000000015,83.57799999999997,83.578,16.215000000000003,52.61099999999999,56,3.896,6
21123,1,1.833,0.948,9.656000000000006,71.756,71.756,-15.568000000000012,-5.912000000000006,56,3.896,7
29130,1,1.411,0.858,17.25,17.12299999999999,17.123,-37.01400000000001,-19.76400000000001,56,3.896,8
29086,1,1.804,1.153,33.37700000000001,32.435,32.435,-56.458,-23.08099999999999,56,3.896,9
28988,1,1.26,0.589,13.426999999999992,38.827,38.827,-28.074000000000012,-14.646999999999991,56,3.896,10
12388,1,1.645,0.831,1.710000000000008,83.555,83.555,9.438999999999993,11.149000000000001,56,3.896,11
42327,1,1.432,0.647,7.570999999999998,26.034999999999997,26.035,-56.94,-49.369,56,3.896,12
47149,1,1.663,0.938,36.396000000000015,66.60300000000001,66.603,35.19,71.58600000000001,56,3.896,13
41579,1,1.542,0.966,-1.5889999999999986,53.635999999999996,53.636,-41.50800000000001,-43.09700000000001,56,3.896,14
36816,1,1.393,0.935,26.171999999999997,24.982,24.982,-74.667,-48.495000000000005,56,3.896,15
14976,1,1.069,1.1,-36.06,27.435000000000002,27.435,-14.225999999999999,-50.286,56,3.896,16
15112,1,1.487,0.77,1.3100000000000023,35.18000000000001,35.18,-46.167,-44.857,56,3.896,17
45206,1,1.065,0.969,-35.22300000000001,80.50400000000002,80.504,-3.673000000000002,-38.896000000000015,56,3.896,18
21109,1,1.492,1.082,12.337999999999994,69.43799999999999,69.438,-19.412000000000006,-7.074000000000012,56,3.896,19
47121,1,2.16,0.763,21.043000000000006,89.356,89.356,19.85900000000001,40.90199999999999,56,3.896,20
13005,1,1.499,1.062,-28.625,34.18299999999999,34.183,-32.92500000000001,-61.55,57,3.898,1
28988,1,1.26,0.589,13.426999999999992,38.827,38.827,-28.074000000000012,-14.646999999999991,57,3.898,2
29013,1,1.33,0.821,7.699000000000012,22.857,22.857,-25.949000000000012,-18.25,57,3.898,3
47126,1,2.278,0.649,36.396000000000015,83.57799999999997,83.578,16.215000000000003,52.61099999999999,57,3.898,4
21109,1,1.492,1.082,12.337999999999994,69.43799999999999,69.438,-19.412000000000006,-7.074000000000012,57,3.898,5
21123,1,1.833,0.948,9.656000000000006,71.756,71.756,-15.568000000000012,-5.912000000000006,57,3.898,6
29130,1,1.411,0.858,17.25,17.12299999999999,17.123,-37.01400000000001,-19.76400000000001,57,3.898,7
41579,1,1.542,0.966,-1.5889999999999986,53.635999999999996,53.636,-41.50800000000001,-43.09700000000001,57,3.898,8
47120,1,2.209,0.555,18.021000000000015,85.67599999999999,85.676,15.373999999999995,33.39500000000001,57,3.898,9
41658,1,1.52,0.806,64.411,44.754999999999995,44.755,-89.869,-25.458,57,3.898,10
29120,1,1.269,0.754,17.259000000000015,23.841000000000008,23.841,-35.182000000000016,-17.923000000000002,57,3.898,11
14976,1,1.069,1.1,-36.06,27.435000000000002,27.435,-14.225999999999999,-50.286,57,3.898,12
29156,1,1.697,1.076,33.646000000000015,39.66399999999999,39.664,-53.209,-19.562999999999988,57,3.898,13
19168,1,1.35,0.758,-1.8660000000000139,57.67599999999999,57.676,-21.823000000000008,-23.688999999999993,57,3.898,14
36816,1,1.393,0.935,26.171999999999997,24.982,24.982,-74.667,-48.495000000000005,57,3.898,15
45206,1,1.065,0.969,-35.22300000000001,80.50400000000002,80.504,-3.673000000000002,-38.896000000000015,57,3.898,16
12385,1,1.67,0.716,-3.820999999999998,94.63400000000001,94.634,13.24799999999999,9.426999999999992,57,3.898,17
47121,1,2.16,0.763,21.043000000000006,89.356,89.356,19.85900000000001,40.90199999999999,57,3.898,18
29086,1,1.804,1.153,33.37700000000001,32.435,32.435,-56.458,-23.08099999999999,57,3.898,19
12273,1,1.761,0.976,38.47300000000001,59.035,59.035,25.757000000000005,64.23000000000002,57,3.898,20
12386,1,1.567,1.033,0.51400000000001,90.21299999999997,90.213,9.651999999999987,10.165999999999997,58,3.899,1
15004,1,1.48,0.847,-30.314999999999998,29.921999999999997,29.922,-18.471000000000004,-48.786,58,3.899,2
21098,1,1.58,0.873,-0.8669999999999902,67.251,67.251,-5.382000000000005,-6.248999999999995,58,3.899,3
47121,1,2.16,0.763,21.043000000000006,89.356,89.356,19.85900000000001,40.90199999999999,58,3.899,4
47120,1,2.209,0.555,18.021000000000015,85.67599999999999,85.676,15.373999999999995,33.39500000000001,58,3.899,5
41579,1,1.542,0.966,-1.5889999999999986,53.635999999999996,53.636,-41.50800000000001,-43.09700000000001,58,3.899,6
45206,1,1.065,0.969,-35.22300000000001,80.50400000000002,80.504,-3.673000000000002,-38.896000000000015,58,3.899,7
47126,1,2.278,0.649,36.396000000000015,83.57799999999997,83.578,16.215000000000003,52.61099999999999,58,3.899,8
29013,1,1.33,0.821,7.699000000000012,22.857,22.857,-25.949000000000012,-18.25,58,3.899,9
47149,1,1.663,0.938,36.396000000000015,66.60300000000001,66.603,35.19,71.58600000000001,58,3.899,10
29131,1,1.463,0.799,9.259999999999991,20.973000000000013,20.973,-32.97300000000001,-23.712999999999994,58,3.899,11
29012,1,1.787,0.859,3.0289999999999964,21.497000000000014,21.497,-22.25399999999999,-19.224999999999994,58,3.899,12
41661,1,1.922,0.584,57.172,49.599999999999994,49.6,-86.6,-29.427999999999997,58,3.899,13
12177,1,2.066,1.11,93.44799999999998,55.916,55.916,-28.568000000000012,64.88,58,3.899,14
21123,1,1.833,0.948,9.656000000000006,71.756,71.756,-15.568000000000012,-5.912000000000006,58,3.899,15
7742,1,1.408,1.066,-29.161,32.966999999999985,32.967,-16.498999999999995,-45.66,58,3.899,16
36816,1,1.393,0.935,26.171999999999997,24.982,24.982,-74.667,-48.495000000000005,58,3.899,17
47741,1,1.136,1.022,13.888000000000005,44.501000000000005,44.501,-63.031000000000006,-49.143,58,3.899,18
15148,1,1.044,1.164,-19.194999999999993,58.18099999999998,58.181,-20.954999999999984,-40.150000000000006,58,3.899,19
29152,1,1.669,0.786,47.39099999999999,29.353999999999985,29.354,-68.435,-21.04400000000001,58,3.899,20
11944,1,1.371,0.762,-13.013000000000005,71.01400000000001,71.014,3.4749999999999943,-9.538000000000011,59,3.9,1
47147,1,2.001,0.583,38.658000000000015,65.98399999999998,65.984,29.840000000000003,68.49799999999999,59,3.9,2
42327,1,1.432,0.647,7.570999999999998,26.034999999999997,26.035,-56.94,-49.369,59,3.9,3
41579,1,1.542,0.966,-1.5889999999999986,53.635999999999996,53.636,-41.50800000000001,-43.09700000000001,59,3.9,4
28988,1,1.26,0.589,13.426999999999992,38.827,38.827,-28.074000000000012,-14.646999999999991,59,3.9,5
47123,1,2.194,0.819,36.30599999999998,86.68200000000002,86.682,18.468999999999994,54.775000000000006,59,3.9,6
12545,1,1.157,0.683,-12.223000000000013,70.06299999999999,70.063,-8.052999999999997,-20.27600000000001,59,3.9,7
21124,1,1.9,0.741,4.305000000000007,66.15800000000002,66.158,-11.528999999999996,-7.2239999999999895,59,3.9,8
12177,1,2.066,1.11,93.44799999999998,55.916,55.916,-28.568000000000012,64.88,59,3.9,9
21123,1,1.833,0.948,9.656000000000006,71.756,71.756,-15.568000000000012,-5.912000000000006,59,3.9,10
47121,1,2.16,0.763,21.043000000000006,89.356,89.356,19.85900000000001,40.90199999999999,59,3.9,11
17631,1,1.407,1.006,10.723000000000013,77.995,77.995,-56.769000000000005,-46.04599999999999,59,3.9,12
47120,1,2.209,0.555,18.021000000000015,85.67599999999999,85.676,15.373999999999995,33.39500000000001,59,3.9,13
29152,1,1.669,0.786,47.39099999999999,29.353999999999985,29.354,-68.435,-21.04400000000001,59,3.9,14
47735,1,1.081,1.176,3.818000000000012,36.638000000000005,36.638,-56.099999999999994,-52.282,59,3.9,15
29012,1,1.787,0.859,3.0289999999999964,21.497000000000014,21.497,-22.25399999999999,-19.224999999999994,59,3.9,16
13005,1,1.499,1.062,-28.625,34.18299999999999,34.183,-32.92500000000001,-61.55,59,3.9,17
36816,1,1.393,0.935,26.171999999999997,24.982,24.982,-74.667,-48.495000000000005,59,3.9,18
29131,1,1.463,0.799,9.259999999999991,20.973000000000013,20.973,-32.97300000000001,-23.712999999999994,59,3.9,19
29013,1,1.33,0.821,7.699000000000012,22.857,22.857,-25.949000000000012,-18.25,59,3.9,20
41579,1,1.542,0.966,-1.5889999999999986,53.635999999999996,53.636,-41.50800000000001,-43.09700000000001,60,3.9,1
29013,1,1.33,0.821,7.699000000000012,22.857,22.857,-25.949000000000012,-18.25,60,3.9,2
21123,1,1.833,0.948,9.656000000000006,71.756,71.756,-15.568000000000012,-5.912000000000006,60,3.9,3
29130,1,1.411,0.858,17.25,17.12299999999999,17.123,-37.01400000000001,-19.76400000000001,60,3.9,4
47121,1,2.16,0.763,21.043000000000006,89.356,89.356,19.85900000000001,40.90199999999999,60,3.9,5
48893,1,1.425,1.324,34.192999999999984,51.97200000000001,51.972,-58.846000000000004,-24.65299999999999,60,3.9,6
21098,1,1.58,0.873,-0.8669999999999902,67.251,67.251,-5.382000000000005,-6.248999999999995,60,3.9,7
29131,1,1.463,0.799,9.259999999999991,20.973000000000013,20.973,-32.97300000000001,-23.712999999999994,60,3.9,8
14976,1,1.069,1.1,-36.06,27.435000000000002,27.435,-14.225999999999999,-50.286,60,3.9,9
12177,1,2.066,1.11,93.44799999999998,55.916,55.916,-28.568000000000012,64.88,60,3.9,10
15112,1,1.487,0.77,1.3100000000000023,35.18000000000001,35.18,-46.167,-44.857,60,3.9,11
47126,1,2.278,0.649,36.396000000000015,83.57799999999997,83.578,16.215000000000003,52.61099999999999,60,3.9,12
42328,1,1.585,0.88,23.465000000000003,21.549000000000007,21.549,-72.388,-48.923,60,3.9,13
47120,1,2.209,0.555,18.021000000000015,85.67599999999999,85.676,15.373999999999995,33.39500000000001,60,3.9,14
12385,1,1.67,0.716,-3.820999999999998,94.63400000000001,94.634,13.24799999999999,9.426999999999992,60,3.9,15
28988,1,1.26,0.589,13.426999999999992,38.827,38.827,-28.074000000000012,-14.646999999999991,60,3.9,16
45206,1,1.065,0.969,-35.22300000000001,80.50400000000002,80.504,-3.673000000000002,-38.896000000000015,60,3.9,17
49652,1,1.271,0.727,28.319999999999993,48.480999999999995,48.481,-63.866,-35.54599999999999,60,3.9,18
29156,1,1.697,1.076,33.646000000000015,39.66399999999999,39.664,-53.209,-19.562999999999988,60,3.9,19
11944,1,1.371,0.762,-13.013000000000005,71.01400000000001,71.014,3.4749999999999943,-9.538000000000011,60,3.9,20
19168,1,1.35,0.758,-1.8660000000000139,57.67599999999999,57.676,-21.823000000000008,-23.688999999999993,61,3.9,1
21123,1,1.833,0.948,9.656000000000006,71.756,71.756,-15.568000000000012,-5.912000000000006,61,3.9,2
41578,1,1.419,0.997,-9.882000000000005,49.65899999999999,49.659,-35.012,-44.894000000000005,61,3.9,3
41661,1,1.922,0.584,57.172,49.599999999999994,49.6,-86.6,-29.427999999999997,61,3.9,4
47121,1,2.16,0.763,21.043000000000006,89.356,89.356,19.85900000000001,40.90199999999999,61,3.9,5
15004,1,1.48,0.847,-30.314999999999998,29.921999999999997,29.922,-18.471000000000004,-48.786,61,3.9,6
36816,1,1.393,0.935,26.171999999999997,24.982,24.982,-74.667,-48.495000000000005,61,3.9,7
13005,1,1.499,1.062,-28.625,34.18299999999999,34.183,-32.92500000000001,-61.55,61,3.9,8
47147,1,2.001,0.583,38.658000000000015,65.98399999999998,65.984,29.840000000000003,68.49799999999999,61,3.9,9
45206,1,1.065,0.969,-35.22300000000001,80.50400000000002,80.504,-3.673000000000002,-38.896000000000015,61,3.9,10
12385,1,1.67,0.716,-3.820999999999998,94.63400000000001,94.634,13.24799999999999,9.426999999999992,61,3.9,11
28988,1,1.26,0.589,13.426999999999992,38.827,38.827,-28.074000000000012,-14.646999999999991,61,3.9,12
29130,1,1.411,0.858,17.25,17.12299999999999,17.123,-37.01400000000001,-19.76400000000001,61,3.9,13
29013,1,1.33,0.821,7.699000000000012,22.857,22.857,-25.949000000000012,-18.25,61,3.9,14
41579,1,1.542,0.966,-1.5889999999999986,53.635999999999996,53.636,-41.50800000000001,-43.09700000000001,61,3.9,15
11944,1,1.371,0.762,-13.013000000000005,71.01400000000001,71.014,3.4749999999999943,-9.538000000000011,61,3.9,16
12273,1,1.761,0.976,38.47300000000001,59.035,59.035,25.757000000000005,64.23000000000002,61,3.9,17
29152,1,1.669,0.786,47.39099999999999,29.353999999999985,29.354,-68.435,-21.04400000000001,61,3.9,18
15032,1,1.144,1.142,-10.933999999999997,36.84300000000002,36.843,-31.808999999999997,-42.742999999999995,61,3.9,19
47120,1,2.209,0.555,18.021000000000015,85.67599999999999,85.676,15.373999999999995,33.39500000000001,61,3.9,20
29156,1,1.697,1.076,33.646000000000015,39.66399999999999,39.664,-53.209,-19.562999999999988,62,3.9,1
21098,1,1.58,0.873,-0.8669999999999902,67.251,67.251,-5.382000000000005,-6.248999999999995,62,3.9,2
36816,1,1.393,0.935,26.171999999999997,24.982,24.982,-74.667,-48.495000000000005,62,3.9,3
41579,1,1.542,0.966,-1.5889999999999986,53.635999999999996,53.636,-41.50800000000001,-43.09700000000001,62,3.9,4
12248,1,1.529,1.134,36.509000000000015,49.61699999999999,49.617,-1.8189999999999884,34.69,62,3.9,5
28988,1,1.26,0.589,13.426999999999992,38.827,38.827,-28.074000000000012,-14.646999999999991,62,3.9,6
45206,1,1.065,0.969,-35.22300000000001,80.50400000000002,80.504,-3.673000000000002,-38.896000000000015,62,3.9,7
29086,1,1.804,1.153,33.37700000000001,32.435,32.435,-56.458,-23.08099999999999,62,3.9,8
47121,1,2.16,0.763,21.043000000000006,89.356,89.356,19.85900000000001,40.90199999999999,62,3.9,9
42327,1,1.432,0.647,7.570999999999998,26.034999999999997,26.035,-56.94,-49.369,62,3.9,10
15043,1,1.174,1.187,1.6709999999999923,39.71800000000002,39.718,-42.31299999999999,-40.641999999999996,62,3.9,11
12385,1,1.67,0.716,-3.820999999999998,94.63400000000001,94.634,13.24799999999999,9.426999999999992,62,3.9,12
47120,1,2.209,0.555,18.021000000000015,85.67599999999999,85.676,15.373999999999995,33.39500000000001,62,3.9,13
21123,1,1.833,0.948,9.656000000000006,71.756,71.756,-15.568000000000012,-5.912000000000006,62,3.9,14
12177,1,2.066,1.11,93.44799999999998,55.916,55.916,-28.568000000000012,64.88,62,3.9,15
11944,1,1.371,0.762,-13.013000000000005,71.01400000000001,71.014,3.4749999999999943,-9.538000000000011,62,3.9,16
29012,1,1.787,0.859,3.0289999999999964,21.497000000000014,21.497,-22.25399999999999,-19.224999999999994,62,3.9,17
48893,1,1.425,1.324,34.192999999999984,51.97200000000001,51.972,-58.846000000000004,-24.65299999999999,62,3.9,18
47149,1,1.663,0.938,36.396000000000015,66.60300000000001,66.603,35.19,71.58600000000001,62,3.9,19
14978,1,1.364,0.969,-24.295999999999992,26.345,26.345,-27.453000000000003,-51.748999999999995,62,3.9,20
47121,1,2.16,0.763,21.043000000000006,89.356,89.356,19.85900000000001,40.90199999999999,63,3.903,1
47126,1,2.278,0.649,36.396000000000015,83.57799999999997,83.578,16.215000000000003,52.61099999999999,63,3.903,2
12385,1,1.67,0.716,-3.820999999999998,94.63400000000001,94.634,13.24799999999999,9.426999999999992,63,3.903,3
12177,1,2.066,1.11,93.44799999999998,55.916,55.916,-28.568000000000012,64.88,63,3.903,4
48893,1,1.425,1.324,34.192999999999984,51.97200000000001,51.972,-58.846000000000004,-24.65299999999999,63,3.903,5
29120,1,1.269,0.754,17.259000000000015,23.841000000000008,23.841,-35.182000000000016,-17.923000000000002,63,3.903,6
45206,1,1.065,0.969,-35.22300000000001,80.50400000000002,80.504,-3.673000000000002,-38.896000000000015,63,3.903,7
29086,1,1.804,1.153,33.37700000000001,32.435,32.435,-56.458,-23.08099999999999,63,3.903,8
36816,1,1.393,0.935,26.171999999999997,24.982,24.982,-74.667,-48.495000000000005,63,3.903,9
15112,1,1.487,0.77,1.3100000000000023,35.18000000000001,35.18,-46.167,-44.857,63,3.903,10
21123,1,1.833,0.948,9.656000000000006,71.756,71.756,-15.568000000000012,-5.912000000000006,63,3.903,11
14989,1,1.33,1.002,-21.15700000000001,21.21199999999999,21.212,-17.295000000000016,-38.452,63,3.903,12
41579,1,1.542,0.966,-1.5889999999999986,53.635999999999996,53.636,-41.50800000000001,-43.09700000000001,63,3.903,13
47096,1,2.556,0.749,16.284999999999997,67.20600000000002,67.206,7.360000000000014,23.64500000000001,63,3.903,14
42326,1,1.591,0.855,-7.153999999999996,28.799000000000007,28.799,-44.28999999999999,-51.44400000000002,63,3.903,15
29012,1,1.787,0.859,3.0289999999999964,21.497000000000014,21.497,-22.25399999999999,-19.224999999999994,63,3.903,16
47147,1,2.001,0.583,38.658000000000015,65.98399999999998,65.984,29.840000000000003,68.49799999999999,63,3.903,17
48324,1,1.333,0.989,-11.248999999999995,65.57900000000001,65.579,-39.06200000000001,-50.31100000000001,63,3.903,18
21124,1,1.9,0.741,4.305000000000007,66.15800000000002,66.158,-11.528999999999996,-7.2239999999999895,63,3.903,19
28988,1,1.26,0.589,13.426999999999992,38.827,38.827,-28.074000000000012,-14.646999999999991,63,3.903,20
47120,1,2.209,0.555,18.021000000000015,85.67599999999999,85.676,15.373999999999995,33.39500000000001,64,3.904,1
45206,1,1.065,0.969,-35.22300000000001,80.50400000000002,80.504,-3.673000000000002,-38.896000000000015,64,3.904,2
29156,1,1.697,1.076,33.646000000000015,39.66399999999999,39.664,-53.209,-19.562999999999988,64,3.904,3
47121,1,2.16,0.763,21.043000000000006,89.356,89.356,19.85900000000001,40.90199999999999,64,3.904,4
12377,1,1.964,1.177,17.932999999999993,94.154,94.154,9.669000000000011,27.602000000000004,64,3.904,5
21123,1,1.833,0.948,9.656000000000006,71.756,71.756,-15.568000000000012,-5.912000000000006,64,3.904,6
47096,1,2.556,0.749,16.284999999999997,67.20600000000002,67.206,7.360000000000014,23.64500000000001,64,3.904,7
21124,1,1.9,0.741,4.305000000000007,66.15800000000002,66.158,-11.528999999999996,-7.2239999999999895,64,3.904,8
689,1,0.682,0.934,19.450999999999993,38.72300000000001,38.723,-67.54,-48.089,64,3.904,9
41571,1,1.401,0.98,-12.644000000000005,50.62899999999999,50.629,-33.07499999999999,-45.718999999999994,64,3.904,10
29012,1,1.787,0.859,3.0289999999999964,21.497000000000014,21.497,-22.25399999999999,-19.224999999999994,64,3.904,11
12177,1,2.066,1.11,93.44799999999998,55.916,55.916,-28.568000000000012,64.88,64,3.904,12
41579,1,1.542,0.966,-1.5889999999999986,53.635999999999996,53.636,-41.50800000000001,-43.09700000000001,64,3.904,13
15032,1,1.144,1.142,-10.933999999999997,36.84300000000002,36.843,-31.808999999999997,-42.742999999999995,64,3.904,14
47147,1,2.001,0.583,38.658000000000015,65.98399999999998,65.984,29.840000000000003,68.49799999999999,64,3.904,15
13005,1,1.499,1.062,-28.625,34.18299999999999,34.183,-32.92500000000001,-61.55,64,3.904,16
42327,1,1.432,0.647,7.570999999999998,26.034999999999997,26.035,-56.94,-49.369,64,3.904,17
48893,1,1.425,1.324,34.192999999999984,51.97200000000001,51.972,-58.846000000000004,-24.65299999999999,64,3.904,18
28988,1,1.26,0.589,13.426999999999992,38.827,38.827,-28.074000000000012,-14.646999999999991,64,3.904,19
36816,1,1.393,0.935,26.171999999999997,24.982,24.982,-74.667,-48.495000000000005,64,3.904,20
12177,1,2.066,1.11,93.44799999999998,55.916,55.916,-28.568000000000012,64.88,65,3.904,1
11944,1,1.371,0.762,-13.013000000000005,71.01400000000001,71.014,3.4749999999999943,-9.538000000000011,65,3.904,2
12386,1,1.567,1.033,0.51400000000001,90.21299999999997,90.213,9.651999999999987,10.165999999999997,65,3.904,3
41579,1,1.542,0.966,-1.5889999999999986,53.635999999999996,53.636,-41.50800000000001,-43.09700000000001,65,3.904,4
29131,1,1.463,0.799,9.259999999999991,20.973000000000013,20.973,-32.97300000000001,-23.712999999999994,65,3.904,5
45206,1,1.065,0.969,-35.22300000000001,80.50400000000002,80.504,-3.673000000000002,-38.896000000000015,65,3.904,6
42323,1,1.282,0.923,4.091000000000008,31.852000000000004,31.852,-55.666,-51.57499999999999,65,3.904,7
28988,1,1.26,0.589,13.426999999999992,38.827,38.827,-28.074000000000012,-14.646999999999991,65,3.904,8
11813,1,0.961,0.612,9.578000000000003,36.07900000000001,36.079,-59.21000000000001,-49.632000000000005,65,3.904,9
17631,1,1.407,1.006,10.723000000000013,77.995,77.995,-56.769000000000005,-46.04599999999999,65,3.904,10
21123,1,1.833,0.948,9.656000000000006,71.756,71.756,-15.568000000000012,-5.912000000000006,65,3.904,11
29152,1,1.669,0.786,47.39099999999999,29.353999999999985,29.354,-68.435,-21.04400000000001,65,3.904,12
47120,1,2.209,0.555,18.021000000000015,85.67599999999999,85.676,15.373999999999995,33.39500000000001,65,3.904,13
47096,1,2.556,0.749,16.284999999999997,67.20600000000002,67.206,7.360000000000014,23.64500000000001,65,3.904,14
47121,1,2.16,0.763,21.043000000000006,89.356,89.356,19.85900000000001,40.90199999999999,65,3.904,15
29013,1,1.33,0.821,7.699000000000012,22.857,22.857,-25.949000000000012,-18.25,65,3.904,16
15030,1,1.0,1.251,-6.533999999999992,38.851,38.851,-37.41300000000001,-43.947,65,3.904,17
47147,1,2.001,0.583,38.658000000000015,65.98399999999998,65.984,29.840000000000003,68.49799999999999,65,3.904,18
36816,1,1.393,0.935,26.171999999999997,24.982,24.982,-74.667,-48.495000000000005,65,3.904,19
13005,1,1.499,1.062,-28.625,34.18299999999999,34.183,-32.92500000000001,-61.55,65,3.904,20
15004,1,1.48,0.847,-30.314999999999998,29.921999999999997,29.922,-18.471000000000004,-48.786,66,3.905,1
29012,1,1.787,0.859,3.0289999999999964,21.497000000000014,21.497,-22.25399999999999,-19.224999999999994,66,3.905,2
12466,1,1.198,0.849,-0.8619999999999948,75.447,75.447,-6.959000000000003,-7.820999999999998,66,3.905,3
15112,1,1.487,0.77,1.3100000000000023,35.18000000000001,35.18,-46.167,-44.857,66,3.905,4
41661,1,1.922,0.584,57.172,49.599999999999994,49.6,-86.6,-29.427999999999997,66,3.905,5
45206,1,1.065,0.969,-35.22300000000001,80.50400000000002,80.504,-3.673000000000002,-38.896000000000015,66,3.905,6
21123,1,1.833,0.948,9.656000000000006,71.756,71.756,-15.568000000000012,-5.912000000000006,66,3.905,7
41579,1,1.542,0.966,-1.5889999999999986,53.635999999999996,53.636,-41.50800000000001,-43.09700000000001,66,3.905,8
7779,1,1.402,0.889,-6.098000000000013,27.27799999999999,27.278,-47.132000000000005,-53.22999999999999,66,3.905,9
29131,1,1.463,0.799,9.259999999999991,20.973000000000013,20.973,-32.97300000000001,-23.712999999999994,66,3.905,10
47121,1,2.16,0.763,21.043000000000006,89.356,89.356,19.85900000000001,40.90199999999999,66,3.905,11
12177,1,2.066,1.11,93.44799999999998,55.916,55.916,-28.568000000000012,64.88,66,3.905,12
48894,1,1.328,1.193,33.14099999999999,42.821,42.821,-58.709,-25.568000000000012,66,3.905,13
47149,1,1.663,0.938,36.396000000000015,66.60300000000001,66.603,35.19,71.58600000000001,66,3.905,14
48324,1,1.333,0.989,-11.248999999999995,65.57900000000001,65.579,-39.06200000000001,-50.31100000000001,66,3.905,15
47126,1,2.278,0.649,36.396000000000015,83.57799999999997,83.578,16.215000000000003,52.61099999999999,66,3.905,16
689,1,0.682,0.934,19.450999999999993,38.72300000000001,38.723,-67.54,-48.089,66,3.905,17
28988,1,1.26,0.589,13.426999999999992,38.827,38.827,-28.074000000000012,-14.646999999999991,66,3.905,18
12385,1,1.67,0.716,-3.820999999999998,94.63400000000001,94.634,13.24799999999999,9.426999999999992,66,3.905,19
47120,1,2.209,0.555,18.021000000000015,85.67599999999999,85.676,15.373999999999995,33.39500000000001,66,3.905,20
29012,1,1.787,0.859,3.0289999999999964,21.497000000000014,21.497,-22.25399999999999,-19.224999999999994,67,3.905,1
45206,1,1.065,0.969,-35.22300000000001,80.50400000000002,80.504,-3.673000000000002,-38.896000000000015,67,3.905,2
12386,1,1.567,1.033,0.51400000000001,90.21299999999997,90.213,9.651999999999987,10.165999999999997,67,3.905,3
12385,1,1.67,0.716,-3.820999999999998,94.63400000000001,94.634,13.24799999999999,9.426999999999992,67,3.905,4
47741,1,1.136,1.022,13.888000000000005,44.501000000000005,44.501,-63.031000000000006,-49.143,67,3.905,5
47096,1,2.556,0.749,16.284999999999997,67.20600000000002,67.206,7.360000000000014,23.64500000000001,67,3.905,6
34806,1,2.268,0.754,-4.546999999999997,39.09300000000002,39.093,-37.108000000000004,-41.655,67,3.905,7
29013,1,1.33,0.821,7.699000000000012,22.857,22.857,-25.949000000000012,-18.25,67,3.905,8
41579,1,1.542,0.966,-1.5889999999999986,53.635999999999996,53.636,-41.50800000000001,-43.09700000000001,67,3.905,9
29152,1,1.669,0.786,47.39099999999999,29.353999999999985,29.354,-68.435,-21.04400000000001,67,3.905,10
47149,1,1.663,0.938,36.396000000000015,66.60300000000001,66.603,35.19,71.58600000000001,67,3.905,11
15032,1,1.144,1.142,-10.933999999999997,36.84300000000002,36.843,-31.808999999999997,-42.742999999999995,67,3.905,12
21123,1,1.833,0.948,9.656000000000006,71.756,71.756,-15.568000000000012,-5.912000000000006,67,3.905,13
11944,1,1.371,0.762,-13.013000000000005,71.01400000000001,71.014,3.4749999999999943,-9.538000000000011,67,3.905,14
41661,1,1.922,0.584,57.172,49.599999999999994,49.6,-86.6,-29.427999999999997,67,3.905,15
29130,1,1.411,0.858,17.25,17.12299999999999,17.123,-37.01400000000001,-19.76400000000001,67,3.905,16
36816,1,1.393,0.935,26.171999999999997,24.982,24.982,-74.667,-48.495000000000005,67,3.905,17
47183,1,1.652,1.055,56.19900000000001,59.377999999999986,59.378,-4.74199999999999,51.456999999999994,67,3.905,18
14978,1,1.364,0.969,-24.295999999999992,26.345,26.345,-27.453000000000003,-51.748999999999995,67,3.905,19
47121,1,2.16,0.763,21.043000000000006,89.356,89.356,19.85900000000001,40.90199999999999,67,3.905,20
15112,1,1.487,0.77,1.3100000000000023,35.18000000000001,35.18,-46.167,-44.857,68,3.905,1
29152,1,1.669,0.786,47.39099999999999,29.353999999999985,29.354,-68.435,-21.04400000000001,68,3.905,2
47096,1,2.556,0.749,16.284999999999997,67.20600000000002,67.206,7.360000000000014,23.64500000000001,68,3.905,3
36816,1,1.393,0.935,26.171999999999997,24.982,24.982,-74.667,-48.495000000000005,68,3.905,4
14978,1,1.364,0.969,-24.295999999999992,26.345,26.345,-27.453000000000003,-51.748999999999995,68,3.905,5
12385,1,1.67,0.716,-3.820999999999998,94.63400000000001,94.634,13.24799999999999,9.426999999999992,68,3.905,6
13005,1,1.499,1.062,-28.625,34.18299999999999,34.183,-32.92500000000001,-61.55,68,3.905,7
41579,1,1.542,0.966,-1.5889999999999986,53.635999999999996,53.636,-41.50800000000001,-43.09700000000001,68,3.905,8
21123,1,1.833,0.948,9.656000000000006,71.756,71.756,-15.568000000000012,-5.912000000000006,68,3.905,9
48892,1,1.449,1.276,32.46100000000001,47.486999999999995,47.487,-60.236999999999995,-27.77600000000001,68,3.905,10
41975,1,1.182,1.527,-15.836999999999989,26.94399999999999,26.944,-30.013000000000005,-45.849999999999994,68,3.905,11
689,1,0.682,0.934,19.450999999999993,38.72300000000001,38.723,-67.54,-48.089,68,3.905,12
47121,1,2.16,0.763,21.043000000000006,89.356,89.356,19.85900000000001,40.90199999999999,68,3.905,13
12469,1,1.449,0.743,-12.960000000000008,69.362,69.362,-5.6839999999999975,-18.644000000000005,68,3.905,14
29156,1,1.697,1.076,33.646000000000015,39.66399999999999,39.664,-53.209,-19.562999999999988,68,3.905,15
47120,1,2.209,0.555,18.021000000000015,85.67599999999999,85.676,15.373999999999995,33.39500000000001,68,3.905,16
12177,1,2.066,1.11,93.44799999999998,55.916,55.916,-28.568000000000012,64.88,68,3.905,17
28988,1,1.26,0.589,13.426999999999992,38.827,38.827,-28.074000000000012,-14.646999999999991,68,3.905,18
47149,1,1.663,0.938,36.396000000000015,66.60300000000001,66.603,35.19,71.58600000000001,68,3.905,19
21098,1,1.58,0.873,-0.8669999999999902,67.251,67.251,-5.382000000000005,-6.248999999999995,68,3.905,20
41579,1,1.542,0.966,-1.5889999999999986,53.635999999999996,53.636,-41.50800000000001,-43.09700000000001,69,3.905,1
21124,1,1.9,0.741,4.305000000000007,66.15800000000002,66.158,-11.528999999999996,-7.2239999999999895,69,3.905,2
29152,1,1.669,0.786,47.39099999999999,29.353999999999985,29.354,-68.435,-21.04400000000001,69,3.905,3
47120,1,2.209,0.555,18.021000000000015,85.67599999999999,85.676,15.373999999999995,33.39500000000001,69,3.905,4
42327,1,1.432,0.647,7.570999999999998,26.034999999999997,26.035,-56.94,-49.369,69,3.905,5
21123,1,1.833,0.948,9.656000000000006,71.756,71.756,-15.568000000000012,-5.912000000000006,69,3.905,6
19168,1,1.35,0.758,-1.8660000000000139,57.67599999999999,57.676,-21.823000000000008,-23.688999999999993,69,3.905,7
12177,1,2.066,1.11,93.44799999999998,55.916,55.916,-28.568000000000012,64.88,69,3.905,8
48324,1,1.333,0.989,-11.248999999999995,65.57900000000001,65.579,-39.06200000000001,-50.31100000000001,69,3.905,9
47121,1,2.16,0.763,21.043000000000006,89.356,89.356,19.85900000000001,40.90199999999999,69,3.905,10
47147,1,2.001,0.583,38.658000000000015,65.98399999999998,65.984,29.840000000000003,68.49799999999999,69,3.905,11
47096,1,2.556,0.749,16.284999999999997,67.20600000000002,67.206,7.360000000000014,23.64500000000001,69,3.905,12
45206,1,1.065,0.969,-35.22300000000001,80.50400000000002,80.504,-3.673000000000002,-38.896000000000015,69,3.905,13
28988,1,1.26,0.589,13.426999999999992,38.827,38.827,-28.074000000000012,-14.646999999999991,69,3.905,14
15066,1,1.211,0.92,-15.388000000000005,32.29399999999998,32.294,-37.661,-53.04900000000001,69,3.905,15
29086,1,1.804,1.153,33.37700000000001,32.435,32.435,-56.458,-23.08099999999999,69,3.905,16
12387,1,1.647,0.935,4.564999999999998,87.257,87.257,9.438999999999993,14.00399999999999,69,3.905,17
36816,1,1.393,0.935,26.171999999999997,24.982,24.982,-74.667,-48.495000000000005,69,3.905,18
689,1,0.682,0.934,19.450999999999993,38.72300000000001,38.723,-67.54,-48.089,69,3.905,19
29138,1,1.967,0.767,-1.3480000000000132,18.739000000000004,18.739,-21.45599999999999,-22.804000000000002,69,3.905,20
36816,1,1.393,0.935,26.171999999999997,24.982,24.982,-74.667,-48.495000000000005,70,3.906,1
47096,1,2.556,0.749,16.284999999999997,67.20600000000002,67.206,7.360000000000014,23.64500000000001,70,3.906,2
42327,1,1.432,0.647,7.570999999999998,26.034999999999997,26.035,-56.94,-49.369,70,3.906,3
12177,1,2.066,1.11,93.44799999999998,55.916,55.916,-28.568000000000012,64.88,70,3.906,4
45206,1,1.065,0.969,-35.22300000000001,80.50400000000002,80.504,-3.673000000000002,-38.896000000000015,70,3.906,5
13005,1,1.499,1.062,-28.625,34.18299999999999,34.183,-32.92500000000001,-61.55,70,3.906,6
14978,1,1.364,0.969,-24.295999999999992,26.345,26.345,-27.453000000000003,-51.748999999999995,70,3.906,7
21123,1,1.833,0.948,9.656000000000006,71.756,71.756,-15.568000000000012,-5.912000000000006,70,3.906,8
47121,1,2.16,0.763,21.043000000000006,89.356,89.356,19.85900000000001,40.90199999999999,70,3.906,9
28988,1,1.26,0.589,13.426999999999992,38.827,38.827,-28.074000000000012,-14.646999999999991,70,3.906,10
15032,1,1.144,1.142,-10.933999999999997,36.84300000000002,36.843,-31.808999999999997,-42.742999999999995,70,3.906,11
29156,1,1.697,1.076,33.646000000000015,39.66399999999999,39.664,-53.209,-19.562999999999988,70,3.906,12
15112,1,1.487,0.77,1.3100000000000023,35.18000000000001,35.18,-46.167,-44.857,70,3.906,13
47120,1,2.209,0.555,18.021000000000015,85.67599999999999,85.676,15.373999999999995,33.39500000000001,70,3.906,14
11944,1,1.371,0.762,-13.013000000000005,71.01400000000001,71.014,3.4749999999999943,-9.538000000000011,70,3.906,15
41579,1,1.542,0.966,-1.5889999999999986,53.635999999999996,53.636,-41.50800000000001,-43.09700000000001,70,3.906,16
47147,1,2.001,0.583,38.658000000000015,65.98399999999998,65.984,29.840000000000003,68.49799999999999,70,3.906,17
29130,1,1.411,0.858,17.25,17.12299999999999,17.123,-37.01400000000001,-19.76400000000001,70,3.906,18
48893,1,1.425,1.324,34.192999999999984,51.97200000000001,51.972,-58.846000000000004,-24.65299999999999,70,3.906,19
12377,1,1.964,1.177,17.932999999999993,94.154,94.154,9.669000000000011,27.602000000000004,70,3.906,20
21123,1,1.833,0.948,9.656000000000006,71.756,71.756,-15.568000000000012,-5.912000000000006,71,3.909,1
12177,1,2.066,1.11,93.44799999999998,55.916,55.916,-28.568000000000012,64.88,71,3.909,2
47149,1,1.663,0.938,36.396000000000015,66.60300000000001,66.603,35.19,71.58600000000001,71,3.909,3
13005,1,1.499,1.062,-28.625,34.18299999999999,34.183,-32.92500000000001,-61.55,71,3.909,4
47147,1,2.001,0.583,38.658000000000015,65.98399999999998,65.984,29.840000000000003,68.49799999999999,71,3.909,5
41578,1,1.419,0.997,-9.882000000000005,49.65899999999999,49.659,-35.012,-44.894000000000005,71,3.909,6
45193,1,1.296,1.212,-13.412000000000006,84.97300000000001,84.973,-0.26599999999999113,-13.677999999999997,71,3.909,7
36816,1,1.393,0.935,26.171999999999997,24.982,24.982,-74.667,-48.495000000000005,71,3.909,8
29152,1,1.669,0.786,47.39099999999999,29.353999999999985,29.354,-68.435,-21.04400000000001,71,3.909,9
41579,1,1.542,0.966,-1.5889999999999986,53.635999999999996,53.636,-41.50800000000001,-43.09700000000001,71,3.909,10
47121,1,2.16,0.763,21.043000000000006,89.356,89.356,19.85900000000001,40.90199999999999,71,3.909,11
28988,1,1.26,0.589,13.426999999999992,38.827,38.827,-28.074000000000012,-14.646999999999991,71,3.909,12
12388,1,1.645,0.831,1.710000000000008,83.555,83.555,9.438999999999993,11.149000000000001,71,3.909,13
47120,1,2.209,0.555,18.021000000000015,85.67599999999999,85.676,15.373999999999995,33.39500000000001,71,3.909,14
29013,1,1.33,0.821,7.699000000000012,22.857,22.857,-25.949000000000012,-18.25,71,3.909,15
15032,1,1.144,1.142,-10.933999999999997,36.84300000000002,36.843,-31.808999999999997,-42.742999999999995,71,3.909,16
41661,1,1.922,0.584,57.172,49.599999999999994,49.6,-86.6,-29.427999999999997,71,3.909,17
36828,1,2.057,0.571,11.340000000000003,21.968999999999994,21.969,-53.385999999999996,-42.04599999999999,71,3.909,18
47096,1,2.556,0.749,16.284999999999997,67.20600000000002,67.206,7.360000000000014,23.64500000000001,71,3.909,19
15004,1,1.48,0.847,-30.314999999999998,29.921999999999997,29.922,-18.471000000000004,-48.786,71,3.909,20
22581,1,1.16,0.619,-17.010999999999996,49.658000000000015,49.658,-18.915999999999997,-35.92699999999999,72,3.911,1
48893,1,1.425,1.324,34.192999999999984,51.97200000000001,51.972,-58.846000000000004,-24.65299999999999,72,3.911,2
47121,1,2.16,0.763,21.043000000000006,89.356,89.356,19.85900000000001,40.90199999999999,72,3.911,3
12386,1,1.567,1.033,0.51400000000001,90.21299999999997,90.213,9.651999999999987,10.165999999999997,72,3.911,4
47096,1,2.556,0.749,16.284999999999997,67.20600000000002,67.206,7.360000000000014,23.64500000000001,72,3.911,5
21123,1,1.833,0.948,9.656000000000006,71.756,71.756,-15.568000000000012,-5.912000000000006,72,3.911,6
11944,1,1.371,0.762,-13.013000000000005,71.01400000000001,71.014,3.4749999999999943,-9.538000000000011,72,3.911,7
15066,1,1.211,0.92,-15.388000000000005,32.29399999999998,32.294,-37.661,-53.04900000000001,72,3.911,8
14978,1,1.364,0.969,-24.295999999999992,26.345,26.345,-27.453000000000003,-51.748999999999995,72,3.911,9
29152,1,1.669,0.786,47.39099999999999,29.353999999999985,29.354,-68.435,-21.04400000000001,72,3.911,10
15032,1,1.144,1.142,-10.933999999999997,36.84300000000002,36.843,-31.808999999999997,-42.742999999999995,72,3.911,11
13005,1,1.499,1.062,-28.625,34.18299999999999,34.183,-32.92500000000001,-61.55,72,3.911,12
41579,1,1.542,0.966,-1.5889999999999986,53.635999999999996,53.636,-41.50800000000001,-43.09700000000001,72,3.911,13
12177,1,2.066,1.11,93.44799999999998,55.916,55.916,-28.568000000000012,64.88,72,3.911,14
47149,1,1.663,0.938,36.396000000000015,66.60300000000001,66.603,35.19,71.58600000000001,72,3.911,15
29013,1,1.33,0.821,7.699000000000012,22.857,22.857,-25.949000000000012,-18.25,72,3.911,16
12385,1,1.67,0.716,-3.820999999999998,94.63400000000001,94.634,13.24799999999999,9.426999999999992,72,3.911,17
41661,1,1.922,0.584,57.172,49.599999999999994,49.6,-86.6,-29.427999999999997,72,3.911,18
29138,1,1.967,0.767,-1.3480000000000132,18.739000000000004,18.739,-21.45599999999999,-22.804000000000002,72,3.911,19
47120,1,2.209,0.555,18.021000000000015,85.67599999999999,85.676,15.373999999999995,33.39500000000001,72,3.911,20
15066,1,1.211,0.92,-15.388000000000005,32.29399999999998,32.294,-37.661,-53.04900000000001,73,3.911,1
41658,1,1.52,0.806,64.411,44.754999999999995,44.755,-89.869,-25.458,73,3.911,2
41585,1,1.715,1.016,-7.096000000000004,50.78999999999999,50.79,-39.48599999999999,-46.581999999999994,73,3.911,3
42327,1,1.432,0.647,7.570999999999998,26.034999999999997,26.035,-56.94,-49.369,73,3.911,4
29152,1,1.669,0.786,47.39099999999999,29.353999999999985,29.354,-68.435,-21.04400000000001,73,3.911,5
47149,1,1.663,0.938,36.396000000000015,66.60300000000001,66.603,35.19,71.58600000000001,73,3.911,6
45193,1,1.296,1.212,-13.412000000000006,84.97300000000001,84.973,-0.26599999999999113,-13.677999999999997,73,3.911,7
36816,1,1.393,0.935,26.171999999999997,24.982,24.982,-74.667,-48.495000000000005,73,3.911,8
14976,1,1.069,1.1,-36.06,27.435000000000002,27.435,-14.225999999999999,-50.286,73,3.911,9
47121,1,2.16,0.763,21.043000000000006,89.356,89.356,19.85900000000001,40.90199999999999,73,3.911,10
41579,1,1.542,0.966,-1.5889999999999986,53.635999999999996,53.636,-41.50800000000001,-43.09700000000001,73,3.911,11
29130,1,1.411,0.858,17.25,17.12299999999999,17.123,-37.01400000000001,-19.76400000000001,73,3.911,12
12387,1,1.647,0.935,4.564999999999998,87.257,87.257,9.438999999999993,14.00399999999999,73,3.911,13
13005,1,1.499,1.062,-28.625,34.18299999999999,34.183,-32.92500000000001,-61.55,73,3.911,14
21123,1,1.833,0.948,9.656000000000006,71.756,71.756,-15.568000000000012,-5.912000000000006,73,3.911,15
47096,1,2.556,0.749,16.284999999999997,67.20600000000002,67.206,7.360000000000014,23.64500000000001,73,3.911,16
29013,1,1.33,0.821,7.699000000000012,22.857,22.857,-25.949000000000012,-18.25,73,3.911,17
47120,1,2.209,0.555,18.021000000000015,85.67599999999999,85.676,15.373999999999995,33.39500000000001,73,3.911,18
12180,1,2.274,1.134,84.79899999999998,52.983000000000004,52.983,-20.193000000000012,64.606,73,3.911,19
21098,1,1.58,0.873,-0.8669999999999902,67.251,67.251,-5.382000000000005,-6.248999999999995,73,3.911,20
12177,1,2.066,1.11,93.44799999999998,55.916,55.916,-28.568000000000012,64.88,74,3.912,1
21124,1,1.9,0.741,4.305000000000007,66.15800000000002,66.158,-11.528999999999996,-7.2239999999999895,74,3.912,2
14976,1,1.069,1.1,-36.06,27.435000000000002,27.435,-14.225999999999999,-50.286,74,3.912,3
29086,1,1.804,1.153,33.37700000000001,32.435,32.435,-56.458,-23.08099999999999,74,3.912,4
45206,1,1.065,0.969,-35.22300000000001,80.50400000000002,80.504,-3.673000000000002,-38.896000000000015,74,3.912,5
36816,1,1.393,0.935,26.171999999999997,24.982,24.982,-74.667,-48.495000000000005,74,3.912,6
21123,1,1.833,0.948,9.656000000000006,71.756,71.756,-15.568000000000012,-5.912000000000006,74,3.912,7
47096,1,2.556,0.749,16.284999999999997,67.20600000000002,67.206,7.360000000000014,23.64500000000001,74,3.912,8
29156,1,1.697,1.076,33.646000000000015,39.66399999999999,39.664,-53.209,-19.562999999999988,74,3.912,9
47120,1,2.209,0.555,18.021000000000015,85.67599999999999,85.676,15.373999999999995,33.39500000000001,74,3.912,10
42328,1,1.585,0.88,23.465000000000003,21.549000000000007,21.549,-72.388,-48.923,74,3.912,11
15056,1,1.125,1.227,-14.088999999999999,36.40100000000001,36.401,-29.028999999999996,-43.117999999999995,74,3.912,12
20227,1,1.284,0.715,-22.641999999999996,44.19400000000002,44.194,-32.462999999999994,-55.10499999999999,74,3.912,13
12377,1,1.964,1.177,17.932999999999993,94.154,94.154,9.669000000000011,27.602000000000004,74,3.912,14
15066,1,1.211,0.92,-15.388000000000005,32.29399999999998,32.294,-37.661,-53.04900000000001,74,3.912,15
28988,1,1.26,0.589,13.426999999999992,38.827,38.827,-28.074000000000012,-14.646999999999991,74,3.912,16
29130,1,1.411,0.858,17.25,17.12299999999999,17.123,-37.01400000000001,-19.76400000000001,74,3.912,17
47121,1,2.16,0.763,21.043000000000006,89.356,89.356,19.85900000000001,40.90199999999999,74,3.912,18
47147,1,2.001,0.583,38.658000000000015,65.98399999999998,65.984,29.840000000000003,68.49799999999999,74,3.912,19
41579,1,1.542,0.966,-1.5889999999999986,53.635999999999996,53.636,-41.50800000000001,-43.09700000000001,74,3.912,20
21124,1,1.9,0.741,4.305000000000007,66.15800000000002,66.158,-11.528999999999996,-7.2239999999999895,75,3.913,1
12385,1,1.67,0.716,-3.820999999999998,94.63400000000001,94.634,13.24799999999999,9.426999999999992,75,3.913,2
47096,1,2.556,0.749,16.284999999999997,67.20600000000002,67.206,7.360000000000014,23.64500000000001,75,3.913,3
48404,1,1.179,0.991,-8.308999999999997,71.691,71.691,-41.25200000000001,-49.56100000000001,75,3.913,4
36816,1,1.393,0.935,26.171999999999997,24.982,24.982,-74.667,-48.495000000000005,75,3.913,5
29152,1,1.669,0.786,47.39099999999999,29.353999999999985,29.354,-68.435,-21.04400000000001,75,3.913,6
15066,1,1.211,0.92,-15.388000000000005,32.29399999999998,32.294,-37.661,-53.04900000000001,75,3.913,7
47121,1,2.16,0.763,21.043000000000006,89.356,89.356,19.85900000000001,40.90199999999999,75,3.913,8
28988,1,1.26,0.589,13.426999999999992,38.827,38.827,-28.074000000000012,-14.646999999999991,75,3.913,9
12177,1,2.066,1.11,93.44799999999998,55.916,55.916,-28.568000000000012,64.88,75,3.913,10
47147,1,2.001,0.583,38.658000000000015,65.98399999999998,65.984,29.840000000000003,68.49799999999999,75,3.913,11
9931,1,1.144,0.737,-14.524000000000001,32.65899999999999,32.659,-30.252999999999986,-44.77699999999999,75,3.913,12
47120,1,2.209,0.555,18.021000000000015,85.67599999999999,85.676,15.373999999999995,33.39500000000001,75,3.913,13
41579,1,1.542,0.966,-1.5889999999999986,53.635999999999996,53.636,-41.50800000000001,-43.09700000000001,75,3.913,14
21123,1,1.833,0.948,9.656000000000006,71.756,71.756,-15.568000000000012,-5.912000000000006,75,3.913,15
42328,1,1.585,0.88,23.465000000000003,21.549000000000007,21.549,-72.388,-48.923,75,3.913,16
41585,1,1.715,1.016,-7.096000000000004,50.78999999999999,50.79,-39.48599999999999,-46.581999999999994,75,3.913,17
22178,1,1.348,0.91,10.355999999999995,40.155,40.155,-58.894000000000005,-48.53800000000001,75,3.913,18
29013,1,1.33,0.821,7.699000000000012,22.857,22.857,-25.949000000000012,-18.25,75,3.913,19
13005,1,1.499,1.062,-28.625,34.18299999999999,34.183,-32.92500000000001,-61.55,75,3.913,20
29120,1,1.269,0.754,17.259000000000015,23.841000000000008,23.841,-35.182000000000016,-17.923000000000002,76,3.914,1
29138,1,1.967,0.767,-1.3480000000000132,18.739000000000004,18.739,-21.45599999999999,-22.804000000000002,76,3.914,2
29130,1,1.411,0.858,17.25,17.12299999999999,17.123,-37.01400000000001,-19.76400000000001,76,3.914,3
29086,1,1.804,1.153,33.37700000000001,32.435,32.435,-56.458,-23.08099999999999,76,3.914,4
29013,1,1.33,0.821,7.699000000000012,22.857,22.857,-25.949000000000012,-18.25,76,3.914,5
14976,1,1.069,1.1,-36.06,27.435000000000002,27.435,-14.225999999999999,-50.286,76,3.914,6
48892,1,1.449,1.276,32.46100000000001,47.486999999999995,47.487,-60.236999999999995,-27.77600000000001,76,3.914,7
45206,1,1.065,0.969,-35.22300000000001,80.50400000000002,80.504,-3.673000000000002,-38.896000000000015,76,3.914,8
21098,1,1.58,0.873,-0.8669999999999902,67.251,67.251,-5.382000000000005,-6.248999999999995,76,3.914,9
12377,1,1.964,1.177,17.932999999999993,94.154,94.154,9.669000000000011,27.602000000000004,76,3.914,10
47096,1,2.556,0.749,16.284999999999997,67.20600000000002,67.206,7.360000000000014,23.64500000000001,76,3.914,11
12385,1,1.67,0.716,-3.820999999999998,94.63400000000001,94.634,13.24799999999999,9.426999999999992,76,3.914,12
11944,1,1.371,0.762,-13.013000000000005,71.01400000000001,71.014,3.4749999999999943,-9.538000000000011,76,3.914,13
21123,1,1.833,0.948,9.656000000000006,71.756,71.756,-15.568000000000012,-5.912000000000006,76,3.914,14
47121,1,2.16,0.763,21.043000000000006,89.356,89.356,19.85900000000001,40.90199999999999,76,3.914,15
41661,1,1.922,0.584,57.172,49.599999999999994,49.6,-86.6,-29.427999999999997,76,3.914,16
41579,1,1.542,0.966,-1.5889999999999986,53.635999999999996,53.636,-41.50800000000001,-43.09700000000001,76,3.914,17
36816,1,1.393,0.935,26.171999999999997,24.982,24.982,-74.667,-48.495000000000005,76,3.914,18
15032,1,1.144,1.142,-10.933999999999997,36.84300000000002,36.843,-31.808999999999997,-42.742999999999995,76,3.914,19
47147,1,2.001,0.583,38.658000000000015,65.98399999999998,65.984,29.840000000000003,68.49799999999999,76,3.914,20
36816,1,1.393,0.935,26.171999999999997,24.982,24.982,-74.667,-48.495000000000005,77,3.915,1
47147,1,2.001,0.583,38.658000000000015,65.98399999999998,65.984,29.840000000000003,68.49799999999999,77,3.915,2
47149,1,1.663,0.938,36.396000000000015,66.60300000000001,66.603,35.19,71.58600000000001,77,3.915,3
28988,1,1.26,0.589,13.426999999999992,38.827,38.827,-28.074000000000012,-14.646999999999991,77,3.915,4
21098,1,1.58,0.873,-0.8669999999999902,67.251,67.251,-5.382000000000005,-6.248999999999995,77,3.915,5
41579,1,1.542,0.966,-1.5889999999999986,53.635999999999996,53.636,-41.50800000000001,-43.09700000000001,77,3.915,6
29122,1,1.459,0.781,8.409999999999997,25.335000000000008,25.335,-28.19999999999999,-19.789999999999992,77,3.915,7
49011,1,1.243,0.889,28.331999999999994,31.050999999999988,31.051,-77.451,-49.119,77,3.915,8
29013,1,1.33,0.821,7.699000000000012,22.857,22.857,-25.949000000000012,-18.25,77,3.915,9
47120,1,2.209,0.555,18.021000000000015,85.67599999999999,85.676,15.373999999999995,33.39500000000001,77,3.915,10
21123,1,1.833,0.948,9.656000000000006,71.756,71.756,-15.568000000000012,-5.912000000000006,77,3.915,11
47121,1,2.16,0.763,21.043000000000006,89.356,89.356,19.85900000000001,40.90199999999999,77,3.915,12
12177,1,2.066,1.11,93.44799999999998,55.916,55.916,-28.568000000000012,64.88,77,3.915,13
15004,1,1.48,0.847,-30.314999999999998,29.921999999999997,29.922,-18.471000000000004,-48.786,77,3.915,14
12385,1,1.67,0.716,-3.820999999999998,94.63400000000001,94.634,13.24799999999999,9.426999999999992,77,3.915,15
45193,1,1.296,1.212,-13.412000000000006,84.97300000000001,84.973,-0.26599999999999113,-13.677999999999997,77,3.915,16
42327,1,1.432,0.647,7.570999999999998,26.034999999999997,26.035,-56.94,-49.369,77,3.915,17
29086,1,1.804,1.153,33.37700000000001,32.435,32.435,-56.458,-23.08099999999999,77,3.915,18
41571,1,1.401,0.98,-12.644000000000005,50.62899999999999,50.629,-33.07499999999999,-45.718999999999994,77,3.915,19
15066,1,1.211,0.92,-15.388000000000005,32.29399999999998,32.294,-37.661,-53.04900000000001,77,3.915,20
45206,1,1.065,0.969,-35.22300000000001,80.50400000000002,80.504,-3.673000000000002,-38.896000000000015,78,3.916,1
36816,1,1.393,0.935,26.171999999999997,24.982,24.982,-74.667,-48.495000000000005,78,3.916,2
13005,1,1.499,1.062,-28.625,34.18299999999999,34.183,-32.92500000000001,-61.55,78,3.916,3
15066,1,1.211,0.92,-15.388000000000005,32.29399999999998,32.294,-37.661,-53.04900000000001,78,3.916,4
29130,1,1.411,0.858,17.25,17.12299999999999,17.123,-37.01400000000001,-19.76400000000001,78,3.916,5
47120,1,2.209,0.555,18.021000000000015,85.67599999999999,85.676,15.373999999999995,33.39500000000001,78,3.916,6
41579,1,1.542,0.966,-1.5889999999999986,53.635999999999996,53.636,-41.50800000000001,-43.09700000000001,78,3.916,7
14976,1,1.069,1.1,-36.06,27.435000000000002,27.435,-14.225999999999999,-50.286,78,3.916,8
21109,1,1.492,1.082,12.337999999999994,69.43799999999999,69.438,-19.412000000000006,-7.074000000000012,78,3.916,9
47096,1,2.556,0.749,16.284999999999997,67.20600000000002,67.206,7.360000000000014,23.64500000000001,78,3.916,10
29120,1,1.269,0.754,17.259000000000015,23.841000000000008,23.841,-35.182000000000016,-17.923000000000002,78,3.916,11
47121,1,2.16,0.763,21.043000000000006,89.356,89.356,19.85900000000001,40.90199999999999,78,3.916,12
29086,1,1.804,1.153,33.37700000000001,32.435,32.435,-56.458,-23.08099999999999,78,3.916,13
47126,1,2.278,0.649,36.396000000000015,83.57799999999997,83.578,16.215000000000003,52.61099999999999,78,3.916,14
21123,1,1.833,0.948,9.656000000000006,71.756,71.756,-15.568000000000012,-5.912000000000006,78,3.916,15
12177,1,2.066,1.11,93.44799999999998,55.916,55.916,-28.568000000000012,64.88,78,3.916,16
29096,1,1.415,0.705,11.943000000000012,31.14500000000001,31.145,-44.76400000000001,-32.821,78,3.916,17
12377,1,1.964,1.177,17.932999999999993,94.154,94.154,9.669000000000011,27.602000000000004,78,3.916,18
41658,1,1.52,0.806,64.411,44.754999999999995,44.755,-89.869,-25.458,78,3.916,19
29013,1,1.33,0.821,7.699000000000012,22.857,22.857,-25.949000000000012,-18.25,78,3.916,20
29152,1,1.669,0.786,47.39099999999999,29.353999999999985,29.354,-68.435,-21.04400000000001,79,3.917,1
47121,1,2.16,0.763,21.043000000000006,89.356,89.356,19.85900000000001,40.90199999999999,79,3.917,2
12377,1,1.964,1.177,17.932999999999993,94.154,94.154,9.669000000000011,27.602000000000004,79,3.917,3
47099,1,1.872,0.845,7.765999999999991,69.417,69.417,4.786000000000001,12.551999999999992,79,3.917,4
42328,1,1.585,0.88,23.465000000000003,21.549000000000007,21.549,-72.388,-48.923,79,3.917,5
21124,1,1.9,0.741,4.305000000000007,66.15800000000002,66.158,-11.528999999999996,-7.2239999999999895,79,3.917,6
29096,1,1.415,0.705,11.943000000000012,31.14500000000001,31.145,-44.76400000000001,-32.821,79,3.917,7
12177,1,2.066,1.11,93.44799999999998,55.916,55.916,-28.568000000000012,64.88,79,3.917,8
47120,1,2.209,0.555,18.021000000000015,85.67599999999999,85.676,15.373999999999995,33.39500000000001,79,3.917,9
28988,1,1.26,0.589,13.426999999999992,38.827,38.827,-28.074000000000012,-14.646999999999991,79,3.917,10
47147,1,2.001,0.583,38.658000000000015,65.98399999999998,65.984,29.840000000000003,68.49799999999999,79,3.917,11
41579,1,1.542,0.966,-1.5889999999999986,53.635999999999996,53.636,-41.50800000000001,-43.09700000000001,79,3.917,12
689,1,0.682,0.934,19.450999999999993,38.72300000000001,38.723,-67.54,-48.089,79,3.917,13
13005,1,1.499,1.062,-28.625,34.18299999999999,34.183,-32.92500000000001,-61.55,79,3.917,14
36816,1,1.393,0.935,26.171999999999997,24.982,24.982,-74.667,-48.495000000000005,79,3.917,15
41571,1,1.401,0.98,-12.644000000000005,50.62899999999999,50.629,-33.07499999999999,-45.718999999999994,79,3.917,16
19168,1,1.35,0.758,-1.8660000000000139,57.67599999999999,57.676,-21.823000000000008,-23.688999999999993,79,3.917,17
15066,1,1.211,0.92,-15.388000000000005,32.29399999999998,32.294,-37.661,-53.04900000000001,79,3.917,18
21123,1,1.833,0.948,9.656000000000006,71.756,71.756,-15.568000000000012,-5.912000000000006,79,3.917,19
45206,1,1.065,0.969,-35.22300000000001,80.50400000000002,80.504,-3.673000000000002,-38.896000000000015,79,3.917,20
41585,1,1.715,1.016,-7.096000000000004,50.78999999999999,50.79,-39.48599999999999,-46.581999999999994,80,3.919,1
21123,1,1.833,0.948,9.656000000000006,71.756,71.756,-15.568000000000012,-5.912000000000006,80,3.919,2
47120,1,2.209,0.555,18.021000000000015,85.67599999999999,85.676,15.373999999999995,33.39500000000001,80,3.919,3
29120,1,1.269,0.754,17.259000000000015,23.841000000000008,23.841,-35.182000000000016,-17.923000000000002,80,3.919,4
45193,1,1.296,1.212,-13.412000000000006,84.97300000000001,84.973,-0.26599999999999113,-13.677999999999997,80,3.919,5
47147,1,2.001,0.583,38.658000000000015,65.98399999999998,65.984,29.840000000000003,68.49799999999999,80,3.919,6
42327,1,1.432,0.647,7.570999999999998,26.034999999999997,26.035,-56.94,-49.369,80,3.919,7
12388,1,1.645,0.831,1.710000000000008,83.555,83.555,9.438999999999993,11.149000000000001,80,3.919,8
15112,1,1.487,0.77,1.3100000000000023,35.18000000000001,35.18,-46.167,-44.857,80,3.919,9
13005,1,1.499,1.062,-28.625,34.18299999999999,34.183,-32.92500000000001,-61.55,80,3.919,10
41578,1,1.419,0.997,-9.882000000000005,49.65899999999999,49.659,-35.012,-44.894000000000005,80,3.919,11
12177,1,2.066,1.11,93.44799999999998,55.916,55.916,-28.568000000000012,64.88,80,3.919,12
49011,1,1.243,0.889,28.331999999999994,31.050999999999988,31.051,-77.451,-49.119,80,3.919,13
47126,1,2.278,0.649,36.396000000000015,83.57799999999997,83.578,16.215000000000003,52.61099999999999,80,3.919,14
28988,1,1.26,0.589,13.426999999999992,38.827,38.827,-28.074000000000012,-14.646999999999991,80,3.919,15
41579,1,1.542,0.966,-1.5889999999999986,53.635999999999996,53.636,-41.50800000000001,-43.09700000000001,80,3.919,16
20227,1,1.284,0.715,-22.641999999999996,44.19400000000002,44.194,-32.462999999999994,-55.10499999999999,80,3.919,17
29013,1,1.33,0.821,7.699000000000012,22.857,22.857,-25.949000000000012,-18.25,80,3.919,18
41658,1,1.52,0.806,64.411,44.754999999999995,44.755,-89.869,-25.458,80,3.919,19
47121,1,2.16,0.763,21.043000000000006,89.356,89.356,19.85900000000001,40.90199999999999,80,3.919,20
12385,1,1.67,0.716,-3.820999999999998,94.63400000000001,94.634,13.24799999999999,9.426999999999992,81,3.919,1
28988,1,1.26,0.589,13.426999999999992,38.827,38.827,-28.074000000000012,-14.646999999999991,81,3.919,2
12469,1,1.449,0.743,-12.960000000000008,69.362,69.362,-5.6839999999999975,-18.644000000000005,81,3.919,3
14978,1,1.364,0.969,-24.295999999999992,26.345,26.345,-27.453000000000003,-51.748999999999995,81,3.919,4
47096,1,2.556,0.749,16.284999999999997,67.20600000000002,67.206,7.360000000000014,23.64500000000001,81,3.919,5
689,1,0.682,0.934,19.450999999999993,38.72300000000001,38.723,-67.54,-48.089,81,3.919,6
47147,1,2.001,0.583,38.658000000000015,65.98399999999998,65.984,29.840000000000003,68.49799999999999,81,3.919,7
47120,1,2.209,0.555,18.021000000000015,85.67599999999999,85.676,15.373999999999995,33.39500000000001,81,3.919,8
21123,1,1.833,0.948,9.656000000000006,71.756,71.756,-15.568000000000012,-5.912000000000006,81,3.919,9
21098,1,1.58,0.873,-0.8669999999999902,67.251,67.251,-5.382000000000005,-6.248999999999995,81,3.919,10
29152,1,1.669,0.786,47.39099999999999,29.353999999999985,29.354,-68.435,-21.04400000000001,81,3.919,11
29130,1,1.411,0.858,17.25,17.12299999999999,17.123,-37.01400000000001,-19.76400000000001,81,3.919,12
9931,1,1.144,0.737,-14.524000000000001,32.65899999999999,32.659,-30.252999999999986,-44.77699999999999,81,3.919,13
41658,1,1.52,0.806,64.411,44.754999999999995,44.755,-89.869,-25.458,81,3.919,14
41579,1,1.542,0.966,-1.5889999999999986,53.635999999999996,53.636,-41.50800000000001,-43.09700000000001,81,3.919,15
15066,1,1.211,0.92,-15.388000000000005,32.29399999999998,32.294,-37.661,-53.04900000000001,81,3.919,16
47121,1,2.16,0.763,21.043000000000006,89.356,89.356,19.85900000000001,40.90199999999999,81,3.919,17
36816,1,1.393,0.935,26.171999999999997,24.982,24.982,-74.667,-48.495000000000005,81,3.919,18
12177,1,2.066,1.11,93.44799999999998,55.916,55.916,-28.568000000000012,64.88,81,3.919,19
13005,1,1.499,1.062,-28.625,34.18299999999999,34.183,-32.92500000000001,-61.55,81,3.919,20
29123,1,1.717,0.87,16.706999999999994,24.77799999999999,24.778,-39.827,-23.120000000000005,82,3.922,1
12177,1,2.066,1.11,93.44799999999998,55.916,55.916,-28.568000000000012,64.88,82,3.922,2
47149,1,1.663,0.938,36.396000000000015,66.60300000000001,66.603,35.19,71.58600000000001,82,3.922,3
13005,1,1.499,1.062,-28.625,34.18299999999999,34.183,-32.92500000000001,-61.55,82,3.922,4
41579,1,1.542,0.966,-1.5889999999999986,53.635999999999996,53.636,-41.50800000000001,-43.09700000000001,82,3.922,5
29130,1,1.411,0.858,17.25,17.12299999999999,17.123,-37.01400000000001,-19.76400000000001,82,3.922,6
48892,1,1.449,1.276,32.46100000000001,47.486999999999995,47.487,-60.236999999999995,-27.77600000000001,82,3.922,7
29086,1,1.804,1.153,33.37700000000001,32.435,32.435,-56.458,-23.08099999999999,82,3.922,8
47121,1,2.16,0.763,21.043000000000006,89.356,89.356,19.85900000000001,40.90199999999999,82,3.922,9
15112,1,1.487,0.77,1.3100000000000023,35.18000000000001,35.18,-46.167,-44.857,82,3.922,10
14976,1,1.069,1.1,-36.06,27.435000000000002,27.435,-14.225999999999999,-50.286,82,3.922,11
12388,1,1.645,0.831,1.710000000000008,83.555,83.555,9.438999999999993,11.149000000000001,82,3.922,12
45193,1,1.296,1.212,-13.412000000000006,84.97300000000001,84.973,-0.26599999999999113,-13.677999999999997,82,3.922,13
42327,1,1.432,0.647,7.570999999999998,26.034999999999997,26.035,-56.94,-49.369,82,3.922,14
21123,1,1.833,0.948,9.656000000000006,71.756,71.756,-15.568000000000012,-5.912000000000006,82,3.922,15
21109,1,1.492,1.082,12.337999999999994,69.43799999999999,69.438,-19.412000000000006,-7.074000000000012,82,3.922,16
47126,1,2.278,0.649,36.396000000000015,83.57799999999997,83.578,16.215000000000003,52.61099999999999,82,3.922,17
41658,1,1.52,0.806,64.411,44.754999999999995,44.755,-89.869,-25.458,82,3.922,18
28988,1,1.26,0.589,13.426999999999992,38.827,38.827,-28.074000000000012,-14.646999999999991,82,3.922,19
47120,1,2.209,0.555,18.021000000000015,85.67599999999999,85.676,15.373999999999995,33.39500000000001,82,3.922,20
15043,1,1.174,1.187,1.6709999999999923,39.71800000000002,39.718,-42.31299999999999,-40.641999999999996,83,3.924,1
47120,1,2.209,0.555,18.021000000000015,85.67599999999999,85.676,15.373999999999995,33.39500000000001,83,3.924,2
28988,1,1.26,0.589,13.426999999999992,38.827,38.827,-28.074000000000012,-14.646999999999991,83,3.924,3
47096,1,2.556,0.749,16.284999999999997,67.20600000000002,67.206,7.360000000000014,23.64500000000001,83,3.924,4
41579,1,1.542,0.966,-1.5889999999999986,53.635999999999996,53.636,-41.50800000000001,-43.09700000000001,83,3.924,5
41571,1,1.401,0.98,-12.644000000000005,50.62899999999999,50.629,-33.07499999999999,-45.718999999999994,83,3.924,6
45206,1,1.065,0.969,-35.22300000000001,80.50400000000002,80.504,-3.673000000000002,-38.896000000000015,83,3.924,7
12377,1,1.964,1.177,17.932999999999993,94.154,94.154,9.669000000000011,27.602000000000004,83,3.924,8
29152,1,1.669,0.786,47.39099999999999,29.353999999999985,29.354,-68.435,-21.04400000000001,83,3.924,9
48893,1,1.425,1.324,34.192999999999984,51.97200000000001,51.972,-58.846000000000004,-24.65299999999999,83,3.924,10
43302,1,1.439,1.075,1.6500000000000057,39.584,39.584,-51.08699999999999,-49.43700000000001,83,3.924,11
47149,1,1.663,0.938,36.396000000000015,66.60300000000001,66.603,35.19,71.58600000000001,83,3.924,12
29131,1,1.463,0.799,9.259999999999991,20.973000000000013,20.973,-32.97300000000001,-23.712999999999994,83,3.924,13
21123,1,1.833,0.948,9.656000000000006,71.756,71.756,-15.568000000000012,-5.912000000000006,83,3.924,14
21098,1,1.58,0.873,-0.8669999999999902,67.251,67.251,-5.382000000000005,-6.248999999999995,83,3.924,15
12177,1,2.066,1.11,93.44799999999998,55.916,55.916,-28.568000000000012,64.88,83,3.924,16
29012,1,1.787,0.859,3.0289999999999964,21.497000000000014,21.497,-22.25399999999999,-19.224999999999994,83,3.924,17
42327,1,1.432,0.647,7.570999999999998,26.034999999999997,26.035,-56.94,-49.369,83,3.924,18
36816,1,1.393,0.935,26.171999999999997,24.982,24.982,-74.667,-48.495000000000005,83,3.924,19
47121,1,2.16,0.763,21.043000000000006,89.356,89.356,19.85900000000001,40.90199999999999,83,3.924,20
20227,1,1.284,0.715,-22.641999999999996,44.19400000000002,44.194,-32.462999999999994,-55.10499999999999,84,3.926,1
41579,1,1.542,0.966,-1.5889999999999986,53.635999999999996,53.636,-41.50800000000001,-43.09700000000001,84,3.926,2
29131,1,1.463,0.799,9.259999999999991,20.973000000000013,20.973,-32.97300000000001,-23.712999999999994,84,3.926,3
15066,1,1.211,0.92,-15.388000000000005,32.29399999999998,32.294,-37.661,-53.04900000000001,84,3.926,4
47096,1,2.556,0.749,16.284999999999997,67.20600000000002,67.206,7.360000000000014,23.64500000000001,84,3.926,5
14976,1,1.069,1.1,-36.06,27.435000000000002,27.435,-14.225999999999999,-50.286,84,3.926,6
11910,1,1.289,0.644,-23.52600000000001,61.14699999999999,61.147,-6.3300000000000125,-29.855999999999995,84,3.926,7
41585,1,1.715,1.016,-7.096000000000004,50.78999999999999,50.79,-39.48599999999999,-46.581999999999994,84,3.926,8
49011,1,1.243,0.889,28.331999999999994,31.050999999999988,31.051,-77.451,-49.119,84,3.926,9
47121,1,2.16,0.763,21.043000000000006,89.356,89.356,19.85900000000001,40.90199999999999,84,3.926,10
12177,1,2.066,1.11,93.44799999999998,55.916,55.916,-28.568000000000012,64.88,84,3.926,11
21123,1,1.833,0.948,9.656000000000006,71.756,71.756,-15.568000000000012,-5.912000000000006,84,3.926,12
47120,1,2.209,0.555,18.021000000000015,85.67599999999999,85.676,15.373999999999995,33.39500000000001,84,3.926,13
42328,1,1.585,0.88,23.465000000000003,21.549000000000007,21.549,-72.388,-48.923,84,3.926,14
29013,1,1.33,0.821,7.699000000000012,22.857,22.857,-25.949000000000012,-18.25,84,3.926,15
29152,1,1.669,0.786,47.39099999999999,29.353999999999985,29.354,-68.435,-21.04400000000001,84,3.926,16
21124,1,1.9,0.741,4.305000000000007,66.15800000000002,66.158,-11.528999999999996,-7.2239999999999895,84,3.926,17
29138,1,1.967,0.767,-1.3480000000000132,18.739000000000004,18.739,-21.45599999999999,-22.804000000000002,84,3.926,18
12385,1,1.67,0.716,-3.820999999999998,94.63400000000001,94.634,13.24799999999999,9.426999999999992,84,3.926,19
47147,1,2.001,0.583,38.658000000000015,65.98399999999998,65.984,29.840000000000003,68.49799999999999,84,3.926,20
41586,1,1.276,1.216,-7.1839999999999975,44.239000000000004,44.239,-38.81900000000002,-46.002999999999986,85,3.926,1
21123,1,1.833,0.948,9.656000000000006,71.756,71.756,-15.568000000000012,-5.912000000000006,85,3.926,2
36816,1,1.393,0.935,26.171999999999997,24.982,24.982,-74.667,-48.495000000000005,85,3.926,3
12388,1,1.645,0.831,1.710000000000008,83.555,83.555,9.438999999999993,11.149000000000001,85,3.926,4
29012,1,1.787,0.859,3.0289999999999964,21.497000000000014,21.497,-22.25399999999999,-19.224999999999994,85,3.926,5
47147,1,2.001,0.583,38.658000000000015,65.98399999999998,65.984,29.840000000000003,68.49799999999999,85,3.926,6
12177,1,2.066,1.11,93.44799999999998,55.916,55.916,-28.568000000000012,64.88,85,3.926,7
28988,1,1.26,0.589,13.426999999999992,38.827,38.827,-28.074000000000012,-14.646999999999991,85,3.926,8
15032,1,1.144,1.142,-10.933999999999997,36.84300000000002,36.843,-31.808999999999997,-42.742999999999995,85,3.926,9
47149,1,1.663,0.938,36.396000000000015,66.60300000000001,66.603,35.19,71.58600000000001,85,3.926,10
47096,1,2.556,0.749,16.284999999999997,67.20600000000002,67.206,7.360000000000014,23.64500000000001,85,3.926,11
14984,1,1.024,0.871,-24.47,30.296999999999997,30.297,-23.793000000000006,-48.263000000000005,85,3.926,12
13005,1,1.499,1.062,-28.625,34.18299999999999,34.183,-32.92500000000001,-61.55,85,3.926,13
29152,1,1.669,0.786,47.39099999999999,29.353999999999985,29.354,-68.435,-21.04400000000001,85,3.926,14
47121,1,2.16,0.763,21.043000000000006,89.356,89.356,19.85900000000001,40.90199999999999,85,3.926,15
47120,1,2.209,0.555,18.021000000000015,85.67599999999999,85.676,15.373999999999995,33.39500000000001,85,3.926,16
45193,1,1.296,1.212,-13.412000000000006,84.97300000000001,84.973,-0.26599999999999113,-13.677999999999997,85,3.926,17
41579,1,1.542,0.966,-1.5889999999999986,53.635999999999996,53.636,-41.50800000000001,-43.09700000000001,85,3.926,18
20227,1,1.284,0.715,-22.641999999999996,44.19400000000002,44.194,-32.462999999999994,-55.10499999999999,85,3.926,19
41661,1,1.922,0.584,57.172,49.599999999999994,49.6,-86.6,-29.427999999999997,85,3.926,20
21123,1,1.833,0.948,9.656000000000006,71.756,71.756,-15.568000000000012,-5.912000000000006,86,3.927,1
15066,1,1.211,0.92,-15.388000000000005,32.29399999999998,32.294,-37.661,-53.04900000000001,86,3.927,2
29013,1,1.33,0.821,7.699000000000012,22.857,22.857,-25.949000000000012,-18.25,86,3.927,3
15032,1,1.144,1.142,-10.933999999999997,36.84300000000002,36.843,-31.808999999999997,-42.742999999999995,86,3.927,4
43302,1,1.439,1.075,1.6500000000000057,39.584,39.584,-51.08699999999999,-49.43700000000001,86,3.927,5
47096,1,2.556,0.749,16.284999999999997,67.20600000000002,67.206,7.360000000000014,23.64500000000001,86,3.927,6
47950,1,1.163,0.649,0.5159999999999911,46.97800000000001,46.978,-54.403999999999996,-53.888000000000005,86,3.927,7
47120,1,2.209,0.555,18.021000000000015,85.67599999999999,85.676,15.373999999999995,33.39500000000001,86,3.927,8
41579,1,1.542,0.966,-1.5889999999999986,53.635999999999996,53.636,-41.50800000000001,-43.09700000000001,86,3.927,9
28988,1,1.26,0.589,13.426999999999992,38.827,38.827,-28.074000000000012,-14.646999999999991,86,3.927,10
45206,1,1.065,0.969,-35.22300000000001,80.50400000000002,80.504,-3.673000000000002,-38.896000000000015,86,3.927,11
36828,1,2.057,0.571,11.340000000000003,21.968999999999994,21.969,-53.385999999999996,-42.04599999999999,86,3.927,12
12177,1,2.066,1.11,93.44799999999998,55.916,55.916,-28.568000000000012,64.88,86,3.927,13
47121,1,2.16,0.763,21.043000000000006,89.356,89.356,19.85900000000001,40.90199999999999,86,3.927,14
47147,1,2.001,0.583,38.658000000000015,65.98399999999998,65.984,29.840000000000003,68.49799999999999,86,3.927,15
29138,1,1.967,0.767,-1.3480000000000132,18.739000000000004,18.739,-21.45599999999999,-22.804000000000002,86,3.927,16
41661,1,1.922,0.584,57.172,49.599999999999994,49.6,-86.6,-29.427999999999997,86,3.927,17
29130,1,1.411,0.858,17.25,17.12299999999999,17.123,-37.01400000000001,-19.76400000000001,86,3.927,18
12386,1,1.567,1.033,0.51400000000001,90.21299999999997,90.213,9.651999999999987,10.165999999999997,86,3.927,19
11944,1,1.371,0.762,-13.013000000000005,71.01400000000001,71.014,3.4749999999999943,-9.538000000000011,86,3.927,20
29152,1,1.669,0.786,47.39099999999999,29.353999999999985,29.354,-68.435,-21.04400000000001,87,3.929,1
35619,1,2.054,0.831,6.049000000000007,52.339,52.339,-40.59899999999999,-34.55000000000001,87,3.929,2
36816,1,1.393,0.935,26.171999999999997,24.982,24.982,-74.667,-48.495000000000005,87,3.929,3
12177,1,2.066,1.11,93.44799999999998,55.916,55.916,-28.568000000000012,64.88,87,3.929,4
47149,1,1.663,0.938,36.396000000000015,66.60300000000001,66.603,35.19,71.58600000000001,87,3.929,5
41585,1,1.715,1.016,-7.096000000000004,50.78999999999999,50.79,-39.48599999999999,-46.581999999999994,87,3.929,6
21123,1,1.833,0.948,9.656000000000006,71.756,71.756,-15.568000000000012,-5.912000000000006,87,3.929,7
29131,1,1.463,0.799,9.259999999999991,20.973000000000013,20.973,-32.97300000000001,-23.712999999999994,87,3.929,8
12385,1,1.67,0.716,-3.820999999999998,94.63400000000001,94.634,13.24799999999999,9.426999999999992,87,3.929,9
47120,1,2.209,0.555,18.021000000000015,85.67599999999999,85.676,15.373999999999995,33.39500000000001,87,3.929,10
47096,1,2.556,0.749,16.284999999999997,67.20600000000002,67.206,7.360000000000014,23.64500000000001,87,3.929,11
13005,1,1.499,1.062,-28.625,34.18299999999999,34.183,-32.92500000000001,-61.55,87,3.929,12
9931,1,1.144,0.737,-14.524000000000001,32.65899999999999,32.659,-30.252999999999986,-44.77699999999999,87,3.929,13
41579,1,1.542,0.966,-1.5889999999999986,53.635999999999996,53.636,-41.50800000000001,-43.09700000000001,87,3.929,14
29013,1,1.33,0.821,7.699000000000012,22.857,22.857,-25.949000000000012,-18.25,87,3.929,15
17631,1,1.407,1.006,10.723000000000013,77.995,77.995,-56.769000000000005,-46.04599999999999,87,3.929,16
22178,1,1.348,0.91,10.355999999999995,40.155,40.155,-58.894000000000005,-48.53800000000001,87,3.929,17
47121,1,2.16,0.763,21.043000000000006,89.356,89.356,19.85900000000001,40.90199999999999,87,3.929,18
47183,1,1.652,1.055,56.19900000000001,59.377999999999986,59.378,-4.74199999999999,51.456999999999994,87,3.929,19
29012,1,1.787,0.859,3.0289999999999964,21.497000000000014,21.497,-22.25399999999999,-19.224999999999994,87,3.929,20
41585,1,1.715,1.016,-7.096000000000004,50.78999999999999,50.79,-39.48599999999999,-46.581999999999994,88,3.929,1
15066,1,1.211,0.92,-15.388000000000005,32.29399999999998,32.294,-37.661,-53.04900000000001,88,3.929,2
41658,1,1.52,0.806,64.411,44.754999999999995,44.755,-89.869,-25.458,88,3.929,3
47147,1,2.001,0.583,38.658000000000015,65.98399999999998,65.984,29.840000000000003,68.49799999999999,88,3.929,4
42327,1,1.432,0.647,7.570999999999998,26.034999999999997,26.035,-56.94,-49.369,88,3.929,5
47121,1,2.16,0.763,21.043000000000006,89.356,89.356,19.85900000000001,40.90199999999999,88,3.929,6
49738,1,1.262,0.93,6.947000000000003,50.91300000000001,50.913,-44.228999999999985,-37.28199999999998,88,3.929,7
47126,1,2.278,0.649,36.396000000000015,83.57799999999997,83.578,16.215000000000003,52.61099999999999,88,3.929,8
29138,1,1.967,0.767,-1.3480000000000132,18.739000000000004,18.739,-21.45599999999999,-22.804000000000002,88,3.929,9
29013,1,1.33,0.821,7.699000000000012,22.857,22.857,-25.949000000000012,-18.25,88,3.929,10
14976,1,1.069,1.1,-36.06,27.435000000000002,27.435,-14.225999999999999,-50.286,88,3.929,11
12385,1,1.67,0.716,-3.820999999999998,94.63400000000001,94.634,13.24799999999999,9.426999999999992,88,3.929,12
29131,1,1.463,0.799,9.259999999999991,20.973000000000013,20.973,-32.97300000000001,-23.712999999999994,88,3.929,13
21123,1,1.833,0.948,9.656000000000006,71.756,71.756,-15.568000000000012,-5.912000000000006,88,3.929,14
41579,1,1.542,0.966,-1.5889999999999986,53.635999999999996,53.636,-41.50800000000001,-43.09700000000001,88,3.929,15
20227,1,1.284,0.715,-22.641999999999996,44.19400000000002,44.194,-32.462999999999994,-55.10499999999999,88,3.929,16
12177,1,2.066,1.11,93.44799999999998,55.916,55.916,-28.568000000000012,64.88,88,3.929,17
47120,1,2.209,0.555,18.021000000000015,85.67599999999999,85.676,15.373999999999995,33.39500000000001,88,3.929,18
21124,1,1.9,0.741,4.305000000000007,66.15800000000002,66.158,-11.528999999999996,-7.2239999999999895,88,3.929,19
11910,1,1.289,0.644,-23.52600000000001,61.14699999999999,61.147,-6.3300000000000125,-29.855999999999995,88,3.929,20
9931,1,1.144,0.737,-14.524000000000001,32.65899999999999,32.659,-30.252999999999986,-44.77699999999999,89,3.931,1
29086,1,1.804,1.153,33.37700000000001,32.435,32.435,-56.458,-23.08099999999999,89,3.931,2
47120,1,2.209,0.555,18.021000000000015,85.67599999999999,85.676,15.373999999999995,33.39500000000001,89,3.931,3
47121,1,2.16,0.763,21.043000000000006,89.356,89.356,19.85900000000001,40.90199999999999,89,3.931,4
41579,1,1.542,0.966,-1.5889999999999986,53.635999999999996,53.636,-41.50800000000001,-43.09700000000001,89,3.931,5
28988,1,1.26,0.589,13.426999999999992,38.827,38.827,-28.074000000000012,-14.646999999999991,89,3.931,6
47147,1,2.001,0.583,38.658000000000015,65.98399999999998,65.984,29.840000000000003,68.49799999999999,89,3.931,7
29123,1,1.717,0.87,16.706999999999994,24.77799999999999,24.778,-39.827,-23.120000000000005,89,3.931,8
12386,1,1.567,1.033,0.51400000000001,90.21299999999997,90.213,9.651999999999987,10.165999999999997,89,3.931,9
11944,1,1.371,0.762,-13.013000000000005,71.01400000000001,71.014,3.4749999999999943,-9.538000000000011,89,3.931,10
29152,1,1.669,0.786,47.39099999999999,29.353999999999985,29.354,-68.435,-21.04400000000001,89,3.931,11
21123,1,1.833,0.948,9.656000000000006,71.756,71.756,-15.568000000000012,-5.912000000000006,89,3.931,12
36816,1,1.393,0.935,26.171999999999997,24.982,24.982,-74.667,-48.495000000000005,89,3.931,13
45206,1,1.065,0.969,-35.22300000000001,80.50400000000002,80.504,-3.673000000000002,-38.896000000000015,89,3.931,14
29012,1,1.787,0.859,3.0289999999999964,21.497000000000014,21.497,-22.25399999999999,-19.224999999999994,89,3.931,15
49145,1,1.073,0.903,15.537000000000006,44.23400000000001,44.234,-62.84100000000001,-47.304,89,3.931,16
42328,1,1.585,0.88,23.465000000000003,21.549000000000007,21.549,-72.388,-48.923,89,3.931,17
12385,1,1.67,0.716,-3.820999999999998,94.63400000000001,94.634,13.24799999999999,9.426999999999992,89,3.931,18
15043,1,1.174,1.187,1.6709999999999923,39.71800000000002,39.718,-42.31299999999999,-40.641999999999996,89,3.931,19
12177,1,2.066,1.11,93.44799999999998,55.916,55.916,-28.568000000000012,64.88,89,3.931,20
21098,1,1.58,0.873,-0.8669999999999902,67.251,67.251,-5.382000000000005,-6.248999999999995,90,3.932,1
21123,1,1.833,0.948,9.656000000000006,71.756,71.756,-15.568000000000012,-5.912000000000006,90,3.932,2
42328,1,1.585,0.88,23.465000000000003,21.549000000000007,21.549,-72.388,-48.923,90,3.932,3
47126,1,2.278,0.649,36.396000000000015,83.57799999999997,83.578,16.215000000000003,52.61099999999999,90,3.932,4
12385,1,1.67,0.716,-3.820999999999998,94.63400000000001,94.634,13.24799999999999,9.426999999999992,90,3.932,5
29013,1,1.33,0.821,7.699000000000012,22.857,22.857,-25.949000000000012,-18.25,90,3.932,6
41579,1,1.542,0.966,-1.5889999999999986,53.635999999999996,53.636,-41.50800000000001,-43.09700000000001,90,3.932,7
11944,1,1.371,0.762,-13.013000000000005,71.01400000000001,71.014,3.4749999999999943,-9.538000000000011,90,3.932,8
41658,1,1.52,0.806,64.411,44.754999999999995,44.755,-89.869,-25.458,90,3.932,9
29123,1,1.717,0.87,16.706999999999994,24.77799999999999,24.778,-39.827,-23.120000000000005,90,3.932,10
29130,1,1.411,0.858,17.25,17.12299999999999,17.123,-37.01400000000001,-19.76400000000001,90,3.932,11
36816,1,1.393,0.935,26.171999999999997,24.982,24.982,-74.667,-48.495000000000005,90,3.932,12
15066,1,1.211,0.92,-15.388000000000005,32.29399999999998,32.294,-37.661,-53.04900000000001,90,3.932,13
29152,1,1.669,0.786,47.39099999999999,29.353999999999985,29.354,-68.435,-21.04400000000001,90,3.932,14
47096,1,2.556,0.749,16.284999999999997,67.20600000000002,67.206,7.360000000000014,23.64500000000001,90,3.932,15
45206,1,1.065,0.969,-35.22300000000001,80.50400000000002,80.504,-3.673000000000002,-38.896000000000015,90,3.932,16
15004,1,1.48,0.847,-30.314999999999998,29.921999999999997,29.922,-18.471000000000004,-48.786,90,3.932,17
14976,1,1.069,1.1,-36.06,27.435000000000002,27.435,-14.225999999999999,-50.286,90,3.932,18
47147,1,2.001,0.583,38.658000000000015,65.98399999999998,65.984,29.840000000000003,68.49799999999999,90,3.932,19
47121,1,2.16,0.763,21.043000000000006,89.356,89.356,19.85900000000001,40.90199999999999,90,3.932,20
41608,1,1.27,1.092,27.055000000000007,39.16899999999998,39.169,-73.119,-46.06399999999999,91,3.932,1
11910,1,1.289,0.644,-23.52600000000001,61.14699999999999,61.147,-6.3300000000000125,-29.855999999999995,91,3.932,2
47149,1,1.663,0.938,36.396000000000015,66.60300000000001,66.603,35.19,71.58600000000001,91,3.932,3
12177,1,2.066,1.11,93.44799999999998,55.916,55.916,-28.568000000000012,64.88,91,3.932,4
36816,1,1.393,0.935,26.171999999999997,24.982,24.982,-74.667,-48.495000000000005,91,3.932,5
42327,1,1.432,0.647,7.570999999999998,26.034999999999997,26.035,-56.94,-49.369,91,3.932,6
47147,1,2.001,0.583,38.658000000000015,65.98399999999998,65.984,29.840000000000003,68.49799999999999,91,3.932,7
47121,1,2.16,0.763,21.043000000000006,89.356,89.356,19.85900000000001,40.90199999999999,91,3.932,8
20227,1,1.284,0.715,-22.641999999999996,44.19400000000002,44.194,-32.462999999999994,-55.10499999999999,91,3.932,9
29130,1,1.411,0.858,17.25,17.12299999999999,17.123,-37.01400000000001,-19.76400000000001,91,3.932,10
21123,1,1.833,0.948,9.656000000000006,71.756,71.756,-15.568000000000012,-5.912000000000006,91,3.932,11
29086,1,1.804,1.153,33.37700000000001,32.435,32.435,-56.458,-23.08099999999999,91,3.932,12
15037,1,1.199,1.212,-5.681999999999988,35.67699999999999,35.677,-37.248999999999995,-42.93099999999998,91,3.932,13
47120,1,2.209,0.555,18.021000000000015,85.67599999999999,85.676,15.373999999999995,33.39500000000001,91,3.932,14
12388,1,1.645,0.831,1.710000000000008,83.555,83.555,9.438999999999993,11.149000000000001,91,3.932,15
14976,1,1.069,1.1,-36.06,27.435000000000002,27.435,-14.225999999999999,-50.286,91,3.932,16
41579,1,1.542,0.966,-1.5889999999999986,53.635999999999996,53.636,-41.50800000000001,-43.09700000000001,91,3.932,17
29012,1,1.787,0.859,3.0289999999999964,21.497000000000014,21.497,-22.25399999999999,-19.224999999999994,91,3.932,18
12385,1,1.67,0.716,-3.820999999999998,94.63400000000001,94.634,13.24799999999999,9.426999999999992,91,3.932,19
28988,1,1.26,0.589,13.426999999999992,38.827,38.827,-28.074000000000012,-14.646999999999991,91,3.932,20
11944,1,1.371,0.762,-13.013000000000005,71.01400000000001,71.014,3.4749999999999943,-9.538000000000011,92,3.935,1
28988,1,1.26,0.589,13.426999999999992,38.827,38.827,-28.074000000000012,-14.646999999999991,92,3.935,2
47149,1,1.663,0.938,36.396000000000015,66.60300000000001,66.603,35.19,71.58600000000001,92,3.935,3
47096,1,2.556,0.749,16.284999999999997,67.20600000000002,67.206,7.360000000000014,23.64500000000001,92,3.935,4
29086,1,1.804,1.153,33.37700000000001,32.435,32.435,-56.458,-23.08099999999999,92,3.935,5
47183,1,1.652,1.055,56.19900000000001,59.377999999999986,59.378,-4.74199999999999,51.456999999999994,92,3.935,6
41661,1,1.922,0.584,57.172,49.599999999999994,49.6,-86.6,-29.427999999999997,92,3.935,7
12276,1,1.749,0.798,25.944999999999993,52.86699999999999,52.867,38.485000000000014,64.43,92,3.935,8
21123,1,1.833,0.948,9.656000000000006,71.756,71.756,-15.568000000000012,-5.912000000000006,92,3.935,9
12385,1,1.67,0.716,-3.820999999999998,94.63400000000001,94.634,13.24799999999999,9.426999999999992,92,3.935,10
47121,1,2.16,0.763,21.043000000000006,89.356,89.356,19.85900000000001,40.90199999999999,92,3.935,11
12386,1,1.567,1.033,0.51400000000001,90.21299999999997,90.213,9.651999999999987,10.165999999999997,92,3.935,12
42327,1,1.432,0.647,7.570999999999998,26.034999999999997,26.035,-56.94,-49.369,92,3.935,13
45206,1,1.065,0.969,-35.22300000000001,80.50400000000002,80.504,-3.673000000000002,-38.896000000000015,92,3.935,14
15032,1,1.144,1.142,-10.933999999999997,36.84300000000002,36.843,-31.808999999999997,-42.742999999999995,92,3.935,15
29012,1,1.787,0.859,3.0289999999999964,21.497000000000014,21.497,-22.25399999999999,-19.224999999999994,92,3.935,16
29123,1,1.717,0.87,16.706999999999994,24.77799999999999,24.778,-39.827,-23.120000000000005,92,3.935,17
49011,1,1.243,0.889,28.331999999999994,31.050999999999988,31.051,-77.451,-49.119,92,3.935,18
41579,1,1.542,0.966,-1.5889999999999986,53.635999999999996,53.636,-41.50800000000001,-43.09700000000001,92,3.935,19
15004,1,1.48,0.847,-30.314999999999998,29.921999999999997,29.922,-18.471000000000004,-48.786,92,3.935,20
42322,1,1.424,1.155,3.7309999999999945,30.461000000000013,30.461,-52.52199999999999,-48.791,93,3.937,1
15112,1,1.487,0.77,1.3100000000000023,35.18000000000001,35.18,-46.167,-44.857,93,3.937,2
14976,1,1.069,1.1,-36.06,27.435000000000002,27.435,-14.225999999999999,-50.286,93,3.937,3
12177,1,2.066,1.11,93.44799999999998,55.916,55.916,-28.568000000000012,64.88,93,3.937,4
47149,1,1.663,0.938,36.396000000000015,66.60300000000001,66.603,35.19,71.58600000000001,93,3.937,5
41661,1,1.922,0.584,57.172,49.599999999999994,49.6,-86.6,-29.427999999999997,93,3.937,6
21123,1,1.833,0.948,9.656000000000006,71.756,71.756,-15.568000000000012,-5.912000000000006,93,3.937,7
9931,1,1.144,0.737,-14.524000000000001,32.65899999999999,32.659,-30.252999999999986,-44.77699999999999,93,3.937,8
36816,1,1.393,0.935,26.171999999999997,24.982,24.982,-74.667,-48.495000000000005,93,3.937,9
47096,1,2.556,0.749,16.284999999999997,67.20600000000002,67.206,7.360000000000014,23.64500000000001,93,3.937,10
48892,1,1.449,1.276,32.46100000000001,47.486999999999995,47.487,-60.236999999999995,-27.77600000000001,93,3.937,11
21098,1,1.58,0.873,-0.8669999999999902,67.251,67.251,-5.382000000000005,-6.248999999999995,93,3.937,12
12385,1,1.67,0.716,-3.820999999999998,94.63400000000001,94.634,13.24799999999999,9.426999999999992,93,3.937,13
28988,1,1.26,0.589,13.426999999999992,38.827,38.827,-28.074000000000012,-14.646999999999991,93,3.937,14
12469,1,1.449,0.743,-12.960000000000008,69.362,69.362,-5.6839999999999975,-18.644000000000005,93,3.937,15
47104,1,2.024,0.843,-1.6519999999999868,68.96699999999998,68.967,4.502999999999986,2.850999999999999,93,3.937,16
29152,1,1.669,0.786,47.39099999999999,29.353999999999985,29.354,-68.435,-21.04400000000001,93,3.937,17
41579,1,1.542,0.966,-1.5889999999999986,53.635999999999996,53.636,-41.50800000000001,-43.09700000000001,93,3.937,18
47120,1,2.209,0.555,18.021000000000015,85.67599999999999,85.676,15.373999999999995,33.39500000000001,93,3.937,19
47121,1,2.16,0.763,21.043000000000006,89.356,89.356,19.85900000000001,40.90199999999999,93,3.937,20
15032,1,1.144,1.142,-10.933999999999997,36.84300000000002,36.843,-31.808999999999997,-42.742999999999995,94,3.94,1
47121,1,2.16,0.763,21.043000000000006,89.356,89.356,19.85900000000001,40.90199999999999,94,3.94,2
42327,1,1.432,0.647,7.570999999999998,26.034999999999997,26.035,-56.94,-49.369,94,3.94,3
13005,1,1.499,1.062,-28.625,34.18299999999999,34.183,-32.92500000000001,-61.55,94,3.94,4
29086,1,1.804,1.153,33.37700000000001,32.435,32.435,-56.458,-23.08099999999999,94,3.94,5
21123,1,1.833,0.948,9.656000000000006,71.756,71.756,-15.568000000000012,-5.912000000000006,94,3.94,6
48893,1,1.425,1.324,34.192999999999984,51.97200000000001,51.972,-58.846000000000004,-24.65299999999999,94,3.94,7
29012,1,1.787,0.859,3.0289999999999964,21.497000000000014,21.497,-22.25399999999999,-19.224999999999994,94,3.94,8
29123,1,1.717,0.87,16.706999999999994,24.77799999999999,24.778,-39.827,-23.120000000000005,94,3.94,9
22581,1,1.16,0.619,-17.010999999999996,49.658000000000015,49.658,-18.915999999999997,-35.92699999999999,94,3.94,10
12273,1,1.761,0.976,38.47300000000001,59.035,59.035,25.757000000000005,64.23000000000002,94,3.94,11
29156,1,1.697,1.076,33.646000000000015,39.66399999999999,39.664,-53.209,-19.562999999999988,94,3.94,12
12385,1,1.67,0.716,-3.820999999999998,94.63400000000001,94.634,13.24799999999999,9.426999999999992,94,3.94,13
47120,1,2.209,0.555,18.021000000000015,85.67599999999999,85.676,15.373999999999995,33.39500000000001,94,3.94,14
45206,1,1.065,0.969,-35.22300000000001,80.50400000000002,80.504,-3.673000000000002,-38.896000000000015,94,3.94,15
12177,1,2.066,1.11,93.44799999999998,55.916,55.916,-28.568000000000012,64.88,94,3.94,16
28988,1,1.26,0.589,13.426999999999992,38.827,38.827,-28.074000000000012,-14.646999999999991,94,3.94,17
12387,1,1.647,0.935,4.564999999999998,87.257,87.257,9.438999999999993,14.00399999999999,94,3.94,18
47149,1,1.663,0.938,36.396000000000015,66.60300000000001,66.603,35.19,71.58600000000001,94,3.94,19
41579,1,1.542,0.966,-1.5889999999999986,53.635999999999996,53.636,-41.50800000000001,-43.09700000000001,94,3.94,20
11910,1,1.289,0.644,-23.52600000000001,61.14699999999999,61.147,-6.3300000000000125,-29.855999999999995,95,3.942,1
29152,1,1.669,0.786,47.39099999999999,29.353999999999985,29.354,-68.435,-21.04400000000001,95,3.942,2
41585,1,1.715,1.016,-7.096000000000004,50.78999999999999,50.79,-39.48599999999999,-46.581999999999994,95,3.942,3
47741,1,1.136,1.022,13.888000000000005,44.501000000000005,44.501,-63.031000000000006,-49.143,95,3.942,4
21124,1,1.9,0.741,4.305000000000007,66.15800000000002,66.158,-11.528999999999996,-7.2239999999999895,95,3.942,5
47126,1,2.278,0.649,36.396000000000015,83.57799999999997,83.578,16.215000000000003,52.61099999999999,95,3.942,6
47147,1,2.001,0.583,38.658000000000015,65.98399999999998,65.984,29.840000000000003,68.49799999999999,95,3.942,7
29013,1,1.33,0.821,7.699000000000012,22.857,22.857,-25.949000000000012,-18.25,95,3.942,8
42323,1,1.282,0.923,4.091000000000008,31.852000000000004,31.852,-55.666,-51.57499999999999,95,3.942,9
15066,1,1.211,0.92,-15.388000000000005,32.29399999999998,32.294,-37.661,-53.04900000000001,95,3.942,10
21123,1,1.833,0.948,9.656000000000006,71.756,71.756,-15.568000000000012,-5.912000000000006,95,3.942,11
41658,1,1.52,0.806,64.411,44.754999999999995,44.755,-89.869,-25.458,95,3.942,12
13005,1,1.499,1.062,-28.625,34.18299999999999,34.183,-32.92500000000001,-61.55,95,3.942,13
36816,1,1.393,0.935,26.171999999999997,24.982,24.982,-74.667,-48.495000000000005,95,3.942,14
41579,1,1.542,0.966,-1.5889999999999986,53.635999999999996,53.636,-41.50800000000001,-43.09700000000001,95,3.942,15
12388,1,1.645,0.831,1.710000000000008,83.555,83.555,9.438999999999993,11.149000000000001,95,3.942,16
47121,1,2.16,0.763,21.043000000000006,89.356,89.356,19.85900000000001,40.90199999999999,95,3.942,17
47120,1,2.209,0.555,18.021000000000015,85.67599999999999,85.676,15.373999999999995,33.39500000000001,95,3.942,18
12177,1,2.066,1.11,93.44799999999998,55.916,55.916,-28.568000000000012,64.88,95,3.942,19
14974,1,1.207,0.978,-34.25399999999999,37.214,37.214,-9.568999999999988,-43.82300000000001,95,3.942,20
36816,1,1.393,0.935,26.171999999999997,24.982,24.982,-74.667,-48.495000000000005,96,3.949,1
12385,1,1.67,0.716,-3.820999999999998,94.63400000000001,94.634,13.24799999999999,9.426999999999992,96,3.949,2
21123,1,1.833,0.948,9.656000000000006,71.756,71.756,-15.568000000000012,-5.912000000000006,96,3.949,3
29086,1,1.804,1.153,33.37700000000001,32.435,32.435,-56.458,-23.08099999999999,96,3.949,4
47121,1,2.16,0.763,21.043000000000006,89.356,89.356,19.85900000000001,40.90199999999999,96,3.949,5
47149,1,1.663,0.938,36.396000000000015,66.60300000000001,66.603,35.19,71.58600000000001,96,3.949,6
42323,1,1.282,0.923,4.091000000000008,31.852000000000004,31.852,-55.666,-51.57499999999999,96,3.949,7
48404,1,1.179,0.991,-8.308999999999997,71.691,71.691,-41.25200000000001,-49.56100000000001,96,3.949,8
29013,1,1.33,0.821,7.699000000000012,22.857,22.857,-25.949000000000012,-18.25,96,3.949,9
29152,1,1.669,0.786,47.39099999999999,29.353999999999985,29.354,-68.435,-21.04400000000001,96,3.949,10
41657,1,1.655,0.81,59.309,37.911,37.911,-81.634,-22.32499999999999,96,3.949,11
19168,1,1.35,0.758,-1.8660000000000139,57.67599999999999,57.676,-21.823000000000008,-23.688999999999993,96,3.949,12
15066,1,1.211,0.92,-15.388000000000005,32.29399999999998,32.294,-37.661,-53.04900000000001,96,3.949,13
41579,1,1.542,0.966,-1.5889999999999986,53.635999999999996,53.636,-41.50800000000001,-43.09700000000001,96,3.949,14
47120,1,2.209,0.555,18.021000000000015,85.67599999999999,85.676,15.373999999999995,33.39500000000001,96,3.949,15
12387,1,1.647,0.935,4.564999999999998,87.257,87.257,9.438999999999993,14.00399999999999,96,3.949,16
29138,1,1.967,0.767,-1.3480000000000132,18.739000000000004,18.739,-21.45599999999999,-22.804000000000002,96,3.949,17
14976,1,1.069,1.1,-36.06,27.435000000000002,27.435,-14.225999999999999,-50.286,96,3.949,18
47096,1,2.556,0.749,16.284999999999997,67.20600000000002,67.206,7.360000000000014,23.64500000000001,96,3.949,19
12177,1,2.066,1.11,93.44799999999998,55.916,55.916,-28.568000000000012,64.88,96,3.949,20
36816,1,1.393,0.935,26.171999999999997,24.982,24.982,-74.667,-48.495000000000005,97,3.956,1
12180,1,2.274,1.134,84.79899999999998,52.983000000000004,52.983,-20.193000000000012,64.606,97,3.956,2
21123,1,1.833,0.948,9.656000000000006,71.756,71.756,-15.568000000000012,-5.912000000000006,97,3.956,3
47741,1,1.136,1.022,13.888000000000005,44.501000000000005,44.501,-63.031000000000006,-49.143,97,3.956,4
11944,1,1.371,0.762,-13.013000000000005,71.01400000000001,71.014,3.4749999999999943,-9.538000000000011,97,3.956,5
41579,1,1.542,0.966,-1.5889999999999986,53.635999999999996,53.636,-41.50800000000001,-43.09700000000001,97,3.956,6
14976,1,1.069,1.1,-36.06,27.435000000000002,27.435,-14.225999999999999,-50.286,97,3.956,7
47121,1,2.16,0.763,21.043000000000006,89.356,89.356,19.85900000000001,40.90199999999999,97,3.956,8
21098,1,1.58,0.873,-0.8669999999999902,67.251,67.251,-5.382000000000005,-6.248999999999995,97,3.956,9
29013,1,1.33,0.821,7.699000000000012,22.857,22.857,-25.949000000000012,-18.25,97,3.956,10
41661,1,1.922,0.584,57.172,49.599999999999994,49.6,-86.6,-29.427999999999997,97,3.956,11
29130,1,1.411,0.858,17.25,17.12299999999999,17.123,-37.01400000000001,-19.76400000000001,97,3.956,12
12385,1,1.67,0.716,-3.820999999999998,94.63400000000001,94.634,13.24799999999999,9.426999999999992,97,3.956,13
48893,1,1.425,1.324,34.192999999999984,51.97200000000001,51.972,-58.846000000000004,-24.65299999999999,97,3.956,14
45206,1,1.065,0.969,-35.22300000000001,80.50400000000002,80.504,-3.673000000000002,-38.896000000000015,97,3.956,15
41585,1,1.715,1.016,-7.096000000000004,50.78999999999999,50.79,-39.48599999999999,-46.581999999999994,97,3.956,16
47126,1,2.278,0.649,36.396000000000015,83.57799999999997,83.578,16.215000000000003,52.61099999999999,97,3.956,17
29138,1,1.967,0.767,-1.3480000000000132,18.739000000000004,18.739,-21.45599999999999,-22.804000000000002,97,3.956,18
47096,1,2.556,0.749,16.284999999999997,67.20600000000002,67.206,7.360000000000014,23.64500000000001,97,3.956,19
15004,1,1.48,0.847,-30.314999999999998,29.921999999999997,29.922,-18.471000000000004,-48.786,97,3.956,20
21123,1,1.833,0.948,9.656000000000006,71.756,71.756,-15.568000000000012,-5.912000000000006,98,3.96,1
29012,1,1.787,0.859,3.0289999999999964,21.497000000000014,21.497,-22.25399999999999,-19.224999999999994,98,3.96,2
47099,1,1.872,0.845,7.765999999999991,69.417,69.417,4.786000000000001,12.551999999999992,98,3.96,3
12276,1,1.749,0.798,25.944999999999993,52.86699999999999,52.867,38.485000000000014,64.43,98,3.96,4
47121,1,2.16,0.763,21.043000000000006,89.356,89.356,19.85900000000001,40.90199999999999,98,3.96,5
45206,1,1.065,0.969,-35.22300000000001,80.50400000000002,80.504,-3.673000000000002,-38.896000000000015,98,3.96,6
12177,1,2.066,1.11,93.44799999999998,55.916,55.916,-28.568000000000012,64.88,98,3.96,7
29120,1,1.269,0.754,17.259000000000015,23.841000000000008,23.841,-35.182000000000016,-17.923000000000002,98,3.96,8
29086,1,1.804,1.153,33.37700000000001,32.435,32.435,-56.458,-23.08099999999999,98,3.96,9
42327,1,1.432,0.647,7.570999999999998,26.034999999999997,26.035,-56.94,-49.369,98,3.96,10
14976,1,1.069,1.1,-36.06,27.435000000000002,27.435,-14.225999999999999,-50.286,98,3.96,11
15107,1,1.433,1.217,-0.4159999999999968,43.771000000000015,43.771,-41.608000000000004,-42.024,98,3.96,12
41579,1,1.542,0.966,-1.5889999999999986,53.635999999999996,53.636,-41.50800000000001,-43.09700000000001,98,3.96,13
47126,1,2.278,0.649,36.396000000000015,83.57799999999997,83.578,16.215000000000003,52.61099999999999,98,3.96,14
49011,1,1.243,0.889,28.331999999999994,31.050999999999988,31.051,-77.451,-49.119,98,3.96,15
19168,1,1.35,0.758,-1.8660000000000139,57.67599999999999,57.676,-21.823000000000008,-23.688999999999993,98,3.96,16
21124,1,1.9,0.741,4.305000000000007,66.15800000000002,66.158,-11.528999999999996,-7.2239999999999895,98,3.96,17
47149,1,1.663,0.938,36.396000000000015,66.60300000000001,66.603,35.19,71.58600000000001,98,3.96,18
12386,1,1.567,1.033,0.51400000000001,90.21299999999997,90.213,9.651999999999987,10.165999999999997,98,3.96,19
28988,1,1.26,0.589,13.426999999999992,38.827,38.827,-28.074000000000012,-14.646999999999991,98,3.96,20
45188,1,1.186,0.954,-14.394000000000005,86.82400000000001,86.824,-8.842000000000013,-23.23599999999999,99,3.966,1
12385,1,1.67,0.716,-3.820999999999998,94.63400000000001,94.634,13.24799999999999,9.426999999999992,99,3.966,2
12177,1,2.066,1.11,93.44799999999998,55.916,55.916,-28.568000000000012,64.88,99,3.966,3
29123,1,1.717,0.87,16.706999999999994,24.77799999999999,24.778,-39.827,-23.120000000000005,99,3.966,4
28988,1,1.26,0.589,13.426999999999992,38.827,38.827,-28.074000000000012,-14.646999999999991,99,3.966,5
12469,1,1.449,0.743,-12.960000000000008,69.362,69.362,-5.6839999999999975,-18.644000000000005,99,3.966,6
49011,1,1.243,0.889,28.331999999999994,31.050999999999988,31.051,-77.451,-49.119,99,3.966,7
47149,1,1.663,0.938,36.396000000000015,66.60300000000001,66.603,35.19,71.58600000000001,99,3.966,8
21098,1,1.58,0.873,-0.8669999999999902,67.251,67.251,-5.382000000000005,-6.248999999999995,99,3.966,9
47147,1,2.001,0.583,38.658000000000015,65.98399999999998,65.984,29.840000000000003,68.49799999999999,99,3.966,10
47121,1,2.16,0.763,21.043000000000006,89.356,89.356,19.85900000000001,40.90199999999999,99,3.966,11
29186,1,1.781,1.038,17.38900000000001,38.77000000000001,38.77,-38.458,-21.06899999999999,99,3.966,12
29152,1,1.669,0.786,47.39099999999999,29.353999999999985,29.354,-68.435,-21.04400000000001,99,3.966,13
13005,1,1.499,1.062,-28.625,34.18299999999999,34.183,-32.92500000000001,-61.55,99,3.966,14
689,1,0.682,0.934,19.450999999999993,38.72300000000001,38.723,-67.54,-48.089,99,3.966,15
47120,1,2.209,0.555,18.021000000000015,85.67599999999999,85.676,15.373999999999995,33.39500000000001,99,3.966,16
15004,1,1.48,0.847,-30.314999999999998,29.921999999999997,29.922,-18.471000000000004,-48.786,99,3.966,17
42328,1,1.585,0.88,23.465000000000003,21.549000000000007,21.549,-72.388,-48.923,99,3.966,18
41585,1,1.715,1.016,-7.096000000000004,50.78999999999999,50.79,-39.48599999999999,-46.581999999999994,99,3.966,19
29013,1,1.33,0.821,7.699000000000012,22.857,22.857,-25.949000000000012,-18.25,99,3.966,20
21098,1,1.58,0.873,-0.8669999999999902,67.251,67.251,-5.382000000000005,-6.248999999999995,100,3.98,1
29096,1,1.415,0.705,11.943000000000012,31.14500000000001,31.145,-44.76400000000001,-32.821,100,3.98,2
12385,1,1.67,0.716,-3.820999999999998,94.63400000000001,94.634,13.24799999999999,9.426999999999992,100,3.98,3
36816,1,1.393,0.935,26.171999999999997,24.982,24.982,-74.667,-48.495000000000005,100,3.98,4
47183,1,1.652,1.055,56.19900000000001,59.377999999999986,59.378,-4.74199999999999,51.456999999999994,100,3.98,5
29013,1,1.33,0.821,7.699000000000012,22.857,22.857,-25.949000000000012,-18.25,100,3.98,6
41579,1,1.542,0.966,-1.5889999999999986,53.635999999999996,53.636,-41.50800000000001,-43.09700000000001,100,3.98,7
28988,1,1.26,0.589,13.426999999999992,38.827,38.827,-28.074000000000012,-14.646999999999991,100,3.98,8
41661,1,1.922,0.584,57.172,49.599999999999994,49.6,-86.6,-29.427999999999997,100,3.98,9
11910,1,1.289,0.644,-23.52600000000001,61.14699999999999,61.147,-6.3300000000000125,-29.855999999999995,100,3.98,10
15004,1,1.48,0.847,-30.314999999999998,29.921999999999997,29.922,-18.471000000000004,-48.786,100,3.98,11
29086,1,1.804,1.153,33.37700000000001,32.435,32.435,-56.458,-23.08099999999999,100,3.98,12
47121,1,2.16,0.763,21.043000000000006,89.356,89.356,19.85900000000001,40.90199999999999,100,3.98,13
47149,1,1.663,0.938,36.396000000000015,66.60300000000001,66.603,35.19,71.58600000000001,100,3.98,14
12388,1,1.645,0.831,1.710000000000008,83.555,83.555,9.438999999999993,11.149000000000001,100,3.98,15
21123,1,1.833,0.948,9.656000000000006,71.756,71.756,-15.568000000000012,-5.912000000000006,100,3.98,16
29131,1,1.463,0.799,9.259999999999991,20.973000000000013,20.973,-32.97300000000001,-23.712999999999994,100,3.98,17
15066,1,1.211,0.92,-15.388000000000005,32.29399999999998,32.294,-37.661,-53.04900000000001,100,3.98,18
41975,1,1.182,1.527,-15.836999999999989,26.94399999999999,26.944,-30.013000000000005,-45.849999999999994,100,3.98,19
47120,1,2.209,0.555,18.021000000000015,85.67599999999999,85.676,15.373999999999995,33.39500000000001,100,3.98,20
