title,receptor_1,receptor_2,receptor_3,receptor_4,receptor_5,receptor_6,receptor_7,receptor_8,receptor_9,receptor_10,receptor_11,receptor_12,receptor_13,receptor_14,receptor_15,receptor_16,receptor_17,receptor_18,receptor_19,receptor_20,receptor_21,receptor_22,receptor_23,receptor_24,receptor_25,receptor_26,receptor_27,receptor_28,receptor_29,receptor_30,receptor_31,receptor_32,receptor_33,receptor_34,receptor_35,receptor_36,receptor_37,receptor_38,receptor_39,receptor_40,receptor_41,receptor_42,receptor_43,receptor_44,receptor_45,receptor_46,receptor_47,receptor_48,receptor_49,receptor_50
Gatto_2009_11,-7.254,-4.821,-5.684,-6.414,-6.265,-5.634,-6.431,-5.268,-5.74,-5.867,-6.177,-6.742,-4.663,-4.21,-5.708,-6.029,-5.376,-6.66,-6.078,-7.056,-5.404,-5.093,-8.697,-4.624,-5.453,-6.455,-5.716,-5.996,-6.03,-4.862,-6.482,-5.517,-6.003,-7.076,-7.167,-6.681,-6.216,-5.835,-4.949,-5.435,-4.85,-6.723,-6.617,-7.648,-5.409,-5.051,-6.175,-6.051,-6.788,-6.916
Gatto_2009_5,-8.177,-4.396,-5.723,-6.089,-5.919,-5.859,-5.88,-5.436,-5.515,-5.289,-6.644,-5.096,-5.061,-5.266,-5.842,-6.464,-5.43,-5.433,-6.001,-6.125,-5.625,-5.429,-7.579,-6.064,-5.878,-5.349,-4.838,-7.112,-4.99,-5.564,-6.085,-6.126,-6.06,-7.054,-7.199,-5.947,-5.507,-5.268,-4.904,-5.851,-5.667,-5.77,-6.743,-6.946,-5.298,-5.013,-5.979,-7.262,-5.725,-5.805
Gatto_2009_9,-6.736,-4.835,-5.829,-6.092,-5.845,-6.512,-6.031,-5.392,-5.984,-6.242,-5.602,-6.491,-4.415,-4.721,-5.212,-4.687,-4.775,-6.277,-6.639,-6.418,-4.686,-5.817,-8.59,-5.092,-5.668,-6.346,-5.747,-6.778,-5.505,-4.99,-6.397,-5.084,-7.026,-8.24,-6.534,-7.462,-5.861,-6.569,-4.866,-5.846,-5.022,-6.981,-5.261,-6.836,-5.641,-5.394,-5.613,-6.58,-5.166,-6.431
6-aminoquinoline_1.mol,-7.045,-5.182,-3.963,-5.056,-5.479,-5.919,-5.061,-5.347,-4.924,-5.529,-4.956,-5.118,-3.818,-5.332,-4.431,-4.195,-4.147,-4.53,-5.145,-5.375,-4.053,-4.939,-7.698,-4.543,-4.776,-4.666,-5.014,-6.408,-4.552,-5.052,-5.727,-4.021,-6.102,-5.697,-5.643,-7.607,-4.901,-4.035,-4.53,-4.841,-4.48,-5.743,-3.831,-6.174,-4.452,-4.517,-5.432,-5.153,-4.154,-4.889
He_2005_1,-6.259,-4.232,-5.247,-5.647,-5.866,-6.231,-5.259,-4.937,-6.431,-5.085,-4.497,-4.779,-5.105,-4.423,-4.585,-4.197,-4.58,-5.348,-5.826,-5.585,-4.815,-4.895,-6.449,-4.485,-5.731,-5.67,-4.725,-5.409,-5.221,-5.701,-4.44,-5.554,-5.575,-6.196,-5.87,-5.277,-4.25,-4.227,-5.045,-4.801,-4.847,-5.388,-5.895,-3.861,-4.778,-4.931,-5.19,-5.346,-5.05,-6.164
joly_2010_3,-7.424,-4.885,-6.736,-5.837,-6.358,-5.782,-5.668,-6.104,-6.741,-5.386,-5.583,-5.924,-4.931,-6.02,-5.631,-5.911,-4.7,-5.622,-6.912,-7.213,-6.004,-5.775,-7.649,-4.724,-6.279,-7.116,-6.015,-7.583,-5.411,-6.92,-6.202,-5.374,-7.344,-7.293,-6.8,-6.869,-5.303,-6.626,-6.584,-4.849,-5.114,-5.995,-6.582,-8.163,-6.132,-5.363,-6.031,-7.786,-7.406,-4.128
OptTAR_Fixed_ligprep_20260117_0.5.maegz:7,-6.23,-5.026,-5.2,-4.306,-5.28,-5.606,-5.288,-4.531,-5.121,-5.462,-4.978,-4.516,-4.233,-4.891,-5.089,-4.689,-3.948,-4.983,-5.081,-5.305,-4.37,-4.396,-5.983,-5.079,-5.149,-6.095,-4.821,-5.801,-4.749,-4.828,-6.104,-4.876,-4.978,-5.816,-5.788,-4.777,-4.876,-4.477,-4.895,-5.224,-4.361,-5.723,-4.83,-5.53,-4.863,-4.653,-4.939,-5.172,-4.531,-5.556
C19H18ClN3,-8.527,-6.273,-4.954,-5.761,-6.313,-6.563,-4.974,-5.574,-5.968,-6.494,-4.879,-5.01,-4.895,-4.493,-5.271,-5.965,-5.099,-5.565,-5.551,-6.286,-5.126,-4.845,-7.451,-5.504,-5.95,-6.786,-6.834,-6.458,-4.701,-5.732,-6.344,-4.719,-6.624,-5.942,-5.763,-5.847,-5.212,-5.131,-5.916,-6.089,-4.71,-5.789,-5.326,-6.633,-6.086,-4.308,-5.846,-4.726,-6.222,-7.127
C16H12F3N3OS,-6.85,-3.632,-5.473,-4.46,-5.756,-5.871,-5.081,-4.523,-6.151,-5.019,-5.733,-5.392,-4.394,-5.076,-5.048,-4.467,-3.898,-5.459,-5.902,-5.809,-4.617,-4.97,-7.883,-4.661,-5.186,-6.231,-5.019,-6.263,-4.526,-4.546,-4.664,-5.063,-6.121,-6.973,-6.485,-6.149,-4.597,-4.048,-4.58,-4.688,-3.677,-5.841,-5.146,-6.254,-5.043,-4.768,-4.553,-5.276,-5.687,-5.619
C20H13F3N4OS,-6.795,-4.011,-5.126,-5.269,-5.792,-5.018,-5.69,-4.664,-5.948,-5.114,-5.863,-6.087,-4.424,-4.601,-5.61,-5.279,-4.582,-6.049,-5.404,-6.071,-4.737,-5.364,-8.122,-4.624,-4.718,-5.144,-4.373,-6.804,-4.439,-5.515,-5.378,-4.956,-6.019,-6.759,-6.159,-5.054,-5.235,-4.364,-4.728,-4.868,-4.539,-5.598,-5.179,-4.394,-5.67,-4.445,-4.818,-5.516,-5.63,-5.399
C22H21N5O5,-7.551,-4.915,-5.964,-6.643,-6.398,-6.917,-6.846,-6.323,-6.531,-6.683,-5.52,-5.452,-4.675,-4.661,-6.486,-6.531,-5.927,-7.377,-6.552,-7.008,-5.525,-5.965,-8.63,-5.701,-7.492,-6.216,-5.305,-6.966,-5.179,-6.638,-5.237,-4.758,-6.519,-7.152,-7.736,-5.924,-6.588,-5.942,-5.778,-6.118,-5.968,-6.412,-5.995,-6.575,-6.535,-5.622,-5.094,-7.421,-6.372,-4.99
C21H21N5O5,-7.754,-4.948,-6.199,-5.873,-6.939,-6.752,-5.864,-5.41,-6.192,-6.061,-6.691,-6.033,-5.082,-5.127,-6.798,-6.782,-5.608,-7.221,-6.664,-6.594,-5.773,-5.361,-8.588,-5.237,-6.991,-7.547,-7.074,-6.478,-5.402,-5.89,-6.435,-6.677,-7.31,-7.398,-7.478,-7.626,-6.11,-6.791,-6.426,-6.463,-6.254,-6.639,-6.032,-7.028,-6.512,-6.147,-6.473,-7.375,-6.756,-7.917
86577807extra_5,-7.471,-4.727,-5.133,-4.551,-6.465,-6.163,-6.584,-6.008,-6.297,-5.431,-5.101,-5.882,-5.728,-4.67,-5.953,-5.581,-4.992,-5.324,-6.869,-6.583,-5.436,-5.847,-7.452,-4.661,-4.997,-6.151,-5.538,-6.711,-5.154,-7.034,-6.364,-5.328,-5.976,-7.63,-6.972,-6.903,-5.149,-5.159,-5.002,-6.678,-5.253,-5.646,-4.172,-7.855,-6.292,-4.845,-5.845,-6.561,-5.37,-6.454
133994.cdx,-8.25,-4.556,-5.284,-5.523,-6.069,-7.013,-6.296,-5.747,-7.038,-4.694,-4.854,-5.258,-5.031,-5.991,-5.545,-5.147,-5.567,-5.918,-5.575,-5.464,-5.13,-5.281,-7.287,-5.098,-5.897,-4.979,-6.878,-6.338,-5.12,-5.642,-6.259,-5.065,-6.523,-6.756,-6.934,-5.863,-5.353,-5.673,-5.409,-5.474,-5.063,-6.029,-6.874,-5.042,-4.513,-4.816,-5.628,-5.077,-5.311,-5.781
OptTAR_Fixed_ligprep_20260117_0.5.maegz:15,-6.419,-4.173,-5.507,-5.059,-5.585,-5.107,-4.67,-4.081,-6.101,-5.331,-4.223,-4.954,-4.534,-4.188,-3.985,-5.589,-4.082,-4.951,-5.374,-4.687,-4.741,-4.698,-5.939,-4.256,-5.659,-5.742,-4.785,-4.715,-4.621,-4.029,-5.568,-4.33,-5.829,-6.31,-5.816,-4.624,-5.548,-4.968,-4.709,-4.677,-4.005,-5.29,-4.409,-5.451,-5.632,-4.35,-4.699,-4.681,-4.632,-6.152
OptTAR_Fixed_ligprep_20260117_0.5.maegz:16,-5.65,-5.042,-3.392,-4.554,-4.286,-5.406,-3.991,-4.284,-4.609,-5.064,-3.854,-4.582,-3.397,-0.8085,-5.702,-4.702,-3.601,-5.887,-3.78,-4.563,-2.497,-4.514,-5.188,-2.786,-5.117,-5.069,-4.756,-5.535,-3.868,-3.961,-4.757,-4.201,-5.71,-5.69,-6.205,-5.163,-4.855,-4.202,-4.864,-4.539,-3.142,-4.929,-5.121,-5.074,-4.823,-3.857,-3.893,-4.993,-2.901,-5.91
OptTAR_Fixed_ligprep_20260117_0.5.maegz:17,-6.954,-4.395,-4.472,-5.021,-6.088,-5.36,-5.481,-4.525,-6.496,-5.655,-5.219,-4.387,-3.313,-3.922,-4.452,-4.92,-3.635,-4.819,-5.197,-5.181,-5.206,-4.949,-6.684,-3.895,-6.548,-5.03,-4.506,-5.752,-3.827,-5.511,-5.414,-4.997,-6.41,-6.451,-5.87,-5.883,-5.053,-3.659,-4.916,-4.208,-4.049,-5.324,-5.236,-5.335,-5.341,-4.561,-5.022,-5.483,-4.719,-5.471
OptTAR_Fixed_ligprep_20260117_0.5.maegz:18,-6.019,-5.297,-4.897,-5.593,-5.737,-7.037,-5.499,-4.808,-6.043,-5.609,-5.99,-5.009,-4.382,-5.385,-5.392,-6.027,-5.381,-5.463,-6.263,-6.015,-5.421,-5.993,-7.592,-4.566,-6.274,-5.248,-5.087,-7.118,-4.954,-5.778,-5.884,-5.41,-6.163,-6.471,-6.82,-6.399,-5.497,-4.894,-6.264,-4.944,-5.181,-5.097,-6.576,-6.481,-5.621,-4.508,-5.118,-5.604,-6.315,-6.487
OptTAR_Fixed_ligprep_20260117_0.5.maegz:19,-7.202,-5.439,-4.579,-4.963,-5.075,-5.219,-4.982,-4.779,-5.534,-5.592,-5.557,-4.581,-4.567,-4.798,-5.459,-5.0,-4.151,-5.093,-5.04,-4.818,-6.111,-4.9,-7.021,-5.139,-5.305,-4.788,-5.808,-6.649,-3.776,-4.359,-5.488,-4.48,-6.717,-5.472,-5.808,-5.225,-5.101,-4.795,-5.094,-5.038,-5.008,-5.927,-5.187,-6.13,-5.198,-4.884,-5.689,-6.019,-5.716,-5.562
OptTAR_Fixed_ligprep_20260117_0.5.maegz:20,-6.716,-4.628,-4.164,-4.885,-5.773,-5.278,-4.754,-4.363,-5.334,-6.191,-5.727,-4.303,-4.028,-4.229,-4.61,-5.517,-4.126,-4.498,-4.128,-5.183,-3.985,-4.301,-6.93,-3.829,-6.274,-4.071,-4.767,-5.663,-4.862,-4.323,-5.589,-3.312,-5.179,-6.263,-6.678,-6.638,-4.394,-4.837,-4.309,-5.315,-5.299,-4.21,-4.97,-5.08,-4.685,-4.321,-5.404,-5.395,-5.832,-6.418
OptTAR_Fixed_ligprep_20260117_0.5.maegz:21,-6.994,-5.628,-4.614,-4.341,-5.164,-5.388,-4.754,-4.465,-4.85,-5.634,-4.869,-4.103,-3.654,-4.827,-4.397,-4.37,-3.837,-4.481,-4.556,-4.292,-4.656,-4.498,-7.15,-4.073,-4.742,-4.935,-4.343,-5.783,-4.139,-5.337,-4.298,-4.269,-4.996,-5.516,-6.208,-4.608,-4.867,-4.67,-5.238,-5.089,-4.253,-5.418,-4.755,-5.95,-4.253,-4.646,-5.061,-5.52,-5.529,-5.42
OptTAR_Fixed_ligprep_20260117_0.5.maegz:22,-5.429,-3.76,-4.594,-4.052,-4.795,-4.69,-3.967,-3.198,-4.632,-3.705,-4.423,-4.3,-5.774,-3.722,-4.654,-4.404,-4.353,-3.903,-4.959,-4.849,-3.906,-5.441,-6.472,-4.418,-4.709,-4.947,-4.207,-5.194,-3.927,-4.079,-6.218,-4.254,-4.44,-4.888,-5.244,-4.611,-5.062,-4.707,-5.524,-4.531,-3.647,-4.944,-4.489,-6.231,-3.822,-3.618,-4.638,-4.412,-4.723,-4.985
OptTAR_Fixed_ligprep_20260117_0.5.maegz:23,-5.592,-3.547,-4.897,-4.537,-6.196,-5.243,-5.375,-4.656,-4.999,-4.982,-4.572,-5.095,-4.297,-4.239,-5.271,-4.788,-4.203,-5.032,-5.579,-5.765,-4.789,-5.136,-7.09,-4.134,-5.567,-5.445,-4.067,-5.939,-3.6,-4.297,-5.004,-4.251,-5.46,-6.557,-6.598,-4.686,-4.891,-3.864,-4.504,-5.551,-4.063,-5.411,-4.568,-6.139,-5.471,-5.318,-5.22,-6.085,-4.206,-4.28
OptTAR_Fixed_ligprep_20260117_0.5.maegz:24,-5.905,-5.285,-5.538,-4.559,-5.756,-5.837,-6.418,-4.702,-5.236,-5.686,-5.95,-5.385,-4.999,-5.439,-6.492,-4.77,-4.615,-4.195,-6.292,-5.224,-4.819,-5.346,-6.938,-5.419,-5.575,-5.66,-5.72,-5.486,-6.082,-5.217,-6.151,-5.588,-5.594,-5.831,-5.847,-7.115,-5.106,-5.702,-5.924,-5.916,-4.993,-5.463,-5.859,-5.821,-4.623,-5.512,-5.786,-6.582,-5.454,-6.227
OptTAR_Fixed_ligprep_20260117_0.5.maegz:25,-4.402,-2.662,-1.748,-2.639,-2.955,-3.484,-2.681,-2.525,-3.173,-3.813,-1.193,-2.567,-2.235,-1.795,-2.403,-0.3118,-1.892,-0.2692,-3.051,-3.741,-2.539,-2.168,-5.646,-1.756,-2.551,-2.586,-0.5089,-2.676,-1.473,-2.746,-1.259,-2.213,-3.389,-4.349,-3.873,-4.191,-2.402,-2.482,-2.758,-3.35,-2.656,-1.351,-3.747,-3.228,-0.5793,-1.774,-3.78,-2.336,-1.752,-0.5657
OptTAR_Fixed_ligprep_20260117_0.5.maegz:26,-6.997,-4.589,-5.004,-4.989,-5.188,-6.369,-5.153,-4.55,-5.291,-5.425,-3.816,-5.205,-4.572,-3.665,-4.968,-4.828,-4.019,-5.396,-4.748,-5.649,-5.719,-5.213,-8.083,-3.998,-4.759,-6.131,-4.338,-6.375,-4.126,-4.021,-5.53,-4.603,-5.938,-6.583,-7.211,-5.178,-4.538,-5.059,-5.368,-4.932,-4.719,-5.114,-5.763,-7.189,-5.428,-4.695,-5.486,-5.625,-4.802,-4.792
OptTAR_Fixed_ligprep_20260117_0.5.maegz:27,-7.0,-5.178,-3.325,-4.687,-4.973,-5.308,-5.693,-3.859,-6.463,-4.426,-4.893,-4.254,-4.635,-3.671,-5.453,-5.072,-3.68,-5.305,-6.447,-6.199,-4.913,-4.365,-7.117,-4.344,-5.836,-5.453,-5.517,-6.213,-4.859,-4.521,-4.543,-4.068,-5.777,-6.538,-6.131,-5.686,-5.673,-4.387,-4.303,-4.607,-4.362,-5.434,-4.82,-5.619,-5.597,-4.557,-4.471,-6.304,-5.625,-5.585
OptTAR_Fixed_ligprep_20260117_0.5.maegz:28,-6.546,-4.827,-4.304,-4.665,-4.894,-5.363,-3.656,-4.231,-5.198,-4.247,-4.187,-4.162,-4.48,-4.719,-5.492,-4.397,-3.872,-5.519,-4.611,-5.56,-3.684,-5.394,-6.706,-3.356,-5.019,-3.902,-5.569,-6.37,-4.877,-4.573,-5.928,-3.231,-5.848,-5.874,-7.036,-7.247,-4.513,-4.574,-3.391,-5.186,-3.734,-3.812,-4.407,-6.102,-6.053,-4.554,-4.9,-4.786,-5.144,-5.585
OptTAR_Fixed_ligprep_20260117_0.5.maegz:29,-4.899,-1.378,-2.185,-3.889,-1.683,-1.849,-4.357,-4.937,-2.009,-4.237,-1.993,-1.804,-3.332,-0.8908,-1.009,-0.6311,-3.58,-2.186,-2.787,-1.587,-3.153,-1.253,-6.067,-1.29,-3.374,-3.292,-2.824,-2.673,-2.199,-5.427,-3.418,-3.816,-4.31,-5.682,-4.839,-1.762,-4.533,-3.808,-2.036,-1.405,-2.659,-1.615,-4.197,-5.443,-4.678,-1.224,-5.216,-3.975,-2.157,-6.011
OptTAR_Fixed_ligprep_20260117_0.5.maegz:30,-5.607,-4.965,-1.145,-4.062,-1.877,-3.682,-2.423,-1.573,-1.647,-1.838,-1.487,-3.46,-3.744,-2.149,-4.871,-1.162,-1.095,-4.692,-2.447,-2.925,-2.489,-2.459,-3.915,-1.692,-2.893,-2.389,-3.723,-3.086,-2.274,-2.088,-3.83,-2.15,-4.772,-3.046,-3.238,-3.467,-5.288,-3.748,-1.825,-2.397,-2.436,-4.155,-5.285,-4.742,-4.9,-3.542,-2.501,-3.032,-2.146,-4.035
OptTAR_Fixed_ligprep_20260117_0.5.maegz:31,-7.187,-4.993,-4.815,-5.678,-6.555,-6.133,-5.995,-5.209,-6.282,-5.846,-5.757,-6.429,-5.106,-5.117,-5.438,-5.632,-4.994,-5.433,-5.772,-5.697,-6.173,-6.023,-7.006,-5.018,-5.688,-5.108,-5.53,-6.607,-4.732,-6.037,-6.364,-5.197,-6.557,-6.438,-7.029,-5.084,-6.272,-4.829,-5.563,-4.709,-4.321,-5.194,-6.259,-5.998,-5.476,-4.443,-6.844,-6.328,-4.794,-4.969
OptTAR_Fixed_ligprep_20260117_0.5.maegz:32,-7.182,-4.553,-5.234,-5.804,-6.874,-5.467,-5.594,-5.519,-5.567,-5.255,-4.869,-4.796,-4.431,-4.619,-5.484,-5.469,-4.383,-5.77,-5.486,-5.093,-6.095,-5.181,-6.931,-4.264,-5.437,-5.731,-5.744,-6.965,-4.891,-5.746,-5.826,-5.529,-6.597,-6.776,-7.19,-5.43,-6.204,-3.907,-4.325,-5.189,-4.849,-5.131,-5.862,-5.894,-5.414,-4.893,-6.496,-5.805,-4.761,-4.703
OptTAR_Fixed_ligprep_20260117_0.5.maegz:33,-6.828,-4.95,-5.315,-5.467,-7.43,-5.974,-5.129,-5.558,-6.02,-5.39,-5.066,-5.051,-4.516,-4.674,-5.614,-6.539,-4.395,-5.634,-5.382,-5.929,-5.324,-6.464,-7.99,-4.521,-5.52,-5.185,-5.033,-6.389,-5.197,-5.02,-6.598,-5.343,-6.556,-6.943,-6.975,-5.139,-6.092,-5.314,-5.393,-5.174,-4.464,-5.29,-6.247,-6.731,-5.361,-4.942,-6.437,-5.585,-5.251,-4.83
OptTAR_Fixed_ligprep_20260117_0.5.maegz:34,-6.449,-3.941,-5.507,-4.402,-4.634,-4.82,-5.318,-3.596,-6.267,-4.924,-3.505,-5.797,-3.898,-4.571,-5.632,-5.052,-4.213,-4.821,-4.859,-5.269,-4.426,-4.23,-7.21,-4.777,-4.143,-5.408,-5.234,-5.84,-5.24,-5.706,-5.839,-5.333,-5.011,-7.559,-5.743,-5.264,-6.26,-4.383,-4.3,-4.371,-4.618,-6.587,-5.224,-5.893,-4.048,-4.765,-4.622,-4.913,-3.838,-4.681
OptTAR_Fixed_ligprep_20260117_0.5.maegz:35,-6.78,-4.843,-4.884,-4.789,-5.45,-5.36,-4.261,-4.456,-5.052,-6.006,-4.791,-4.852,-3.601,-5.037,-4.677,-4.425,-4.128,-5.163,-6.413,-5.061,-4.641,-4.663,-7.47,-4.658,-4.839,-5.64,-5.579,-7.117,-4.75,-4.594,-4.76,-4.98,-5.544,-6.563,-6.426,-4.713,-4.445,-5.019,-4.454,-4.34,-4.381,-5.249,-4.867,-6.062,-5.875,-4.193,-4.263,-5.268,-4.694,-5.21
OptTAR_Fixed_ligprep_20260117_0.5.maegz:36,-7.712,-5.461,-5.608,-5.67,-6.431,-6.208,-6.264,-5.649,-6.906,-5.958,-5.716,-5.643,-5.801,-5.433,-5.139,-5.578,-5.11,-6.039,-6.9,-6.103,-6.118,-5.984,-7.834,-4.92,-6.368,-6.792,-5.518,-7.791,-4.99,-5.975,-6.494,-6.296,-6.691,-7.255,-6.744,-6.895,-6.28,-4.883,-5.32,-5.872,-5.318,-6.099,-6.518,-7.282,-6.353,-5.646,-5.053,-5.831,-6.496,-6.446
OptTAR_Fixed_ligprep_20260117_0.5.maegz:37,-5.963,-4.868,-4.478,-5.067,-4.341,-4.943,-4.654,-4.039,-4.705,-5.225,-5.112,-3.891,-3.861,-3.735,-5.386,-4.939,-3.659,-4.798,-4.305,-4.119,-4.563,-4.537,-7.167,-4.072,-4.516,-5.006,-5.607,-5.424,-3.749,-4.449,-5.131,-4.248,-4.774,-5.474,-5.09,-4.323,-4.813,-4.732,-4.725,-4.026,-4.578,-4.509,-4.71,-6.078,-4.308,-4.044,-4.823,-5.044,-5.373,-6.028
OptTAR_Fixed_ligprep_20260117_0.5.maegz:38,-6.696,-4.184,-4.918,-5.078,-5.397,-4.618,-5.676,-5.143,-6.553,-4.933,-5.506,-5.146,-4.565,-3.886,-5.28,-4.383,-4.708,-5.829,-6.843,-6.223,-4.479,-5.451,-6.812,-4.538,-6.646,-6.706,-5.064,-6.827,-4.976,-4.764,-5.835,-4.96,-7.316,-6.922,-6.311,-5.034,-5.785,-4.926,-5.279,-5.651,-4.277,-5.939,-4.425,-6.817,-6.281,-4.055,-5.153,-6.733,-5.294,-4.636
OptTAR_Fixed_ligprep_20260117_0.5.maegz:39,-4.769,-4.282,-2.541,-2.3,-4.148,-3.357,-3.985,-4.074,-2.499,-3.34,-4.02,-3.338,-3.537,-2.635,-3.131,-4.014,-4.055,-2.274,-4.173,-3.95,-3.797,-3.99,-5.361,-4.603,-3.866,-1.542,-3.874,-5.049,-3.043,-4.167,-3.67,-4.414,-3.382,-4.408,-3.702,-4.911,-1.618,-3.712,-3.228,-4.322,-4.422,-3.377,-3.304,-3.149,-4.114,-3.959,-3.542,-4.37,-4.411,-3.391
OptTAR_Fixed_ligprep_20260117_0.5.maegz:40,-3.846,-3.038,-3.328,-3.642,-5.289,-3.304,-3.42,-2.92,-3.796,-4.237,-1.743,-3.548,-3.002,-4.428,-4.54,-3.317,-4.097,-2.232,-4.132,-2.896,-0.8213,-4.609,-5.419,-4.202,-3.523,-5.466,-4.511,-3.369,-4.688,-3.687,-4.333,-3.591,-3.991,-3.232,-5.255,-4.788,-3.667,-4.061,-2.521,-5.229,-4.151,-4.523,-3.861,-4.571,-4.047,-3.955,-4.633,-1.414,-2.897,-3.435
OptTAR_Fixed_ligprep_20260117_0.5.maegz:41,-6.197,-4.846,-4.843,-5.02,-5.853,-4.744,-5.189,-4.276,-4.745,-5.425,-4.115,-4.365,-5.548,-5.005,-4.803,-4.711,-3.949,-4.172,-5.151,-5.527,-4.112,-4.936,-6.013,-4.392,-4.351,-5.829,-4.468,-6.036,-4.298,-4.5,-5.569,-4.661,-4.968,-6.521,-5.278,-4.858,-4.81,-5.635,-4.724,-3.845,-4.353,-4.589,-5.095,-6.074,-5.403,-4.636,-5.865,-5.646,-4.652,-5.732
OptTAR_Fixed_ligprep_20260117_0.5.maegz:42,-4.071,-4.512,-3.706,-4.217,-4.7,-4.665,-4.342,-4.287,-5.677,-4.859,-2.26,-3.81,-4.177,-3.641,-4.239,-2.024,-4.058,-4.737,-4.174,-4.384,-4.436,-4.265,-5.92,-3.888,-5.102,-4.649,-4.032,-2.581,-4.834,-3.139,-4.903,-4.41,-5.042,-5.69,-4.631,-4.54,-5.069,-3.332,-4.306,-2.268,-4.271,-4.337,-4.552,-5.298,-4.572,-3.939,-4.818,-3.892,-4.993,-5.942
OptTAR_Fixed_ligprep_20260117_0.5.maegz:43,-7.251,-5.53,-5.385,-4.685,-5.758,-6.584,-5.873,-4.228,-5.925,-5.209,-6.273,-5.373,-4.279,-4.208,-5.296,-5.126,-4.346,-5.569,-5.552,-6.691,-4.844,-5.723,-7.963,-5.11,-5.883,-6.333,-6.463,-7.816,-4.503,-5.187,-5.78,-5.91,-6.613,-7.261,-6.698,-6.038,-5.711,-5.113,-5.221,-5.147,-4.483,-7.034,-5.333,-5.753,-5.574,-5.259,-5.243,-7.22,-5.777,-6.382
OptTAR_Fixed_ligprep_20260117_0.5.maegz:44,-5.995,-5.161,-4.756,-2.978,-3.257,-5.849,-2.521,-4.615,-3.291,-5.854,-2.631,-4.512,-3.98,-3.949,-2.272,-4.735,-2.047,-4.535,-4.285,-4.63,-3.457,-2.346,-7.31,-4.412,-4.493,-4.267,-5.761,-6.064,-2.115,-4.255,-2.192,-2.264,-5.033,-6.275,-5.612,-3.761,-5.239,-3.828,-5.158,-5.112,-2.63,-4.541,-5.72,-5.071,-3.728,-4.472,-4.764,-5.369,-3.97,-4.991
OptTAR_Fixed_ligprep_20260117_0.5.maegz:45,-7.602,-5.063,-2.179,-4.662,-5.692,-4.657,-5.388,-3.562,-4.003,-4.52,-2.069,-5.351,-2.297,-4.771,-2.936,-4.105,-3.557,-4.975,-4.399,-4.223,-4.503,-3.881,-6.911,-3.379,-5.353,-5.661,-5.584,-4.77,-4.06,-3.756,-3.947,-4.032,-5.482,-5.56,-5.719,-3.577,-4.142,-5.366,-3.864,-4.615,-2.879,-5.816,-5.551,-5.841,-4.116,-2.486,-3.772,-5.142,-4.511,-4.887
OptTAR_Fixed_ligprep_20260117_0.5.maegz:46,-6.813,-5.321,-4.401,-4.519,-5.205,-4.724,-4.887,-4.109,-4.658,-5.407,-3.731,-5.322,-4.785,-4.275,-4.914,-5.172,-4.599,-4.973,-4.964,-5.636,-5.254,-5.473,-5.995,-5.106,-4.892,-4.895,-5.084,-5.644,-4.788,-4.844,-4.474,-4.264,-5.702,-5.7,-6.191,-5.03,-5.693,-5.716,-4.708,-4.994,-4.601,-5.567,-6.042,-5.903,-6.73,-4.43,-5.256,-5.647,-5.551,-5.43
OptTAR_Fixed_ligprep_20260117_0.5.maegz:47,-6.22,-4.03,-4.41,-4.997,-5.362,-5.605,-5.725,-4.243,-5.389,-4.757,-5.34,-4.579,-4.777,-4.357,-4.457,-4.665,-4.407,-4.866,-6.054,-5.728,-4.776,-4.591,-7.593,-4.357,-5.447,-5.053,-5.702,-5.922,-5.766,-4.255,-5.375,-5.318,-6.52,-5.698,-6.176,-6.645,-6.67,-5.996,-5.495,-5.138,-4.369,-4.883,-4.941,-6.778,-4.485,-4.771,-6.166,-6.821,-4.69,-6.193
OptTAR_Fixed_ligprep_20260117_0.5.maegz:48,-7.306,-4.657,-4.612,-3.783,-5.193,-5.166,-5.127,-4.562,-4.35,-4.522,-4.012,-5.502,-4.343,-3.444,-5.862,-4.853,-3.697,-4.612,-4.471,-4.089,-4.578,-4.47,-6.259,-4.297,-4.93,-4.81,-5.053,-5.264,-4.628,-4.622,-5.876,-3.385,-5.068,-5.509,-5.115,-3.851,-4.281,-4.179,-3.918,-4.313,-3.883,-4.239,-3.658,-5.187,-5.021,-4.1,-4.082,-4.22,-4.958,-5.969
OptTAR_Fixed_ligprep_20260117_0.5.maegz:49,-4.586,-2.83,-2.328,-2.798,-3.73,-3.649,-4.39,-3.473,-3.616,-3.798,-4.255,-3.319,-2.906,-3.012,-3.925,-3.088,-2.486,-3.246,-3.24,-3.554,-3.86,-3.996,-5.786,-3.117,-4.063,-3.696,-3.591,-3.399,-4.706,-4.581,-4.344,-3.643,-3.408,-4.712,-4.248,-4.285,-4.891,-3.15,-3.187,-3.676,-3.94,-3.832,-3.644,-4.926,-2.854,-2.961,-4.336,-3.692,-4.071,-4.369
OptTAR_Fixed_ligprep_20260117_0.5.maegz:50,-7.626,-5.028,-4.7,-5.001,-4.102,-4.905,-3.725,-3.089,-4.034,-3.697,-4.497,-3.923,-3.831,-4.328,-5.791,-5.183,-4.649,-3.041,-4.759,-4.154,-2.189,-5.543,-7.357,-4.107,-4.72,-3.281,-5.404,-6.198,-4.466,-5.392,-4.092,-5.077,-3.919,-5.988,-5.995,-4.68,-4.913,-2.945,-4.142,-3.531,-4.558,-5.976,-4.176,-5.523,-5.842,-1.384,-4.478,-6.424,-4.983,-5.186
OptTAR_Fixed_ligprep_20260117_0.5.maegz:51,-6.183,-4.843,-3.168,-4.433,-3.212,-5.005,-2.351,-1.348,-3.745,-2.792,-3.277,-3.481,-2.383,-1.138,-1.482,-2.295,-3.039,-4.725,-3.612,-3.306,-2.95,-3.403,-5.168,-1.197,-2.611,-5.152,-3.857,-7.175,-4.777,-5.051,-3.75,-5.168,-5.79,-6.267,-5.733,-5.509,-2.774,-3.612,-1.605,-3.018,-2.786,-4.389,-2.63,-4.878,-3.571,-2.57,-3.779,-3.352,-2.65,-6.298
OptTAR_Fixed_ligprep_20260117_0.5.maegz:52,-4.949,-2.964,-3.538,-4.453,-5.474,-4.319,-4.485,-3.777,-5.071,-4.453,-3.83,-4.391,-3.262,-3.144,-3.972,-3.212,-3.615,-4.431,-4.554,-4.212,-3.427,-3.581,-5.626,-3.663,-4.842,-4.136,-3.295,-5.213,-3.861,-3.143,-4.413,-3.581,-5.823,-5.123,-5.269,-5.447,-3.732,-4.055,-3.099,-3.265,-3.696,-3.75,-5.743,-5.144,-4.806,-2.969,-2.87,-6.209,-5.248,-4.073
OptTAR_Fixed_ligprep_20260117_0.5.maegz:53,-4.999,-3.985,-2.758,-4.229,-4.825,-3.175,-2.873,-3.745,-3.639,-4.471,-2.532,-4.399,-1.65,-2.913,-5.179,-3.755,-4.204,-3.989,-3.142,-2.785,-4.251,-4.359,-5.686,-4.082,-4.262,-3.228,-4.476,-4.854,-4.2,-2.713,-4.331,-3.17,-5.125,-6.089,-3.13,-3.319,-4.364,-4.418,-4.569,-4.015,-3.331,-3.614,-4.526,-5.409,-4.454,-3.706,-5.402,-3.515,-3.869,-4.092
OptTAR_Fixed_ligprep_20260117_0.5.maegz:54,-4.929,-3.403,-3.502,-3.428,-4.802,-4.242,-3.901,-3.303,-3.634,-3.231,-3.105,-4.611,-3.429,-3.764,-3.708,-2.813,-1.781,-4.939,-4.415,-4.653,-2.93,-3.672,-6.985,-3.703,-3.411,-5.208,-2.177,-3.219,-4.692,-3.764,-3.702,-3.471,-5.928,-3.621,-5.889,-2.77,-4.126,-5.295,-3.924,-3.56,-2.899,-3.143,-4.054,-6.203,-3.984,-2.738,-5.558,-4.979,-2.999,-4.212
OptTAR_Fixed_ligprep_20260117_0.5.maegz:55,-4.359,-3.184,-3.297,-5.026,-3.897,-2.985,-5.312,-3.612,-5.034,-5.677,-4.73,-4.263,-3.661,-3.623,-5.975,-2.742,-0.7844,-4.291,-3.661,-4.048,-2.955,-4.538,-6.424,-3.054,-4.162,-5.011,-3.224,-6.244,-1.519,-3.468,-4.218,-4.242,-2.588,-4.478,-4.826,-5.346,-4.762,-4.753,-2.89,-3.722,-1.837,-3.566,-5.381,-4.959,-3.269,-3.309,-6.041,-6.424,-4.817,-4.391
OptTAR_Fixed_ligprep_20260117_0.5.maegz:56,-4.469,-3.429,-4.179,-3.927,-3.569,-4.302,-3.976,-3.566,-2.67,-4.208,-3.338,-3.369,-3.332,-2.661,-1.593,-3.775,-2.965,-4.847,-3.719,-4.285,-4.924,-4.172,-5.678,-3.28,-3.074,-5.025,-4.325,-5.277,-3.902,-3.68,-4.596,-3.428,-4.793,-5.298,-5.395,-2.639,-4.718,-3.662,-2.26,-2.993,-4.159,-3.981,-4.907,-4.486,-4.93,-2.193,-4.289,-5.495,-3.804,-4.218
OptTAR_Fixed_ligprep_20260117_0.5.maegz:57,-5.386,-3.097,-3.504,-4.388,-4.825,-4.667,-4.742,-3.581,-4.2,-4.547,-4.997,-4.316,-3.855,-3.993,-3.974,-4.546,-3.677,-4.472,-4.777,-4.672,-4.111,-4.257,-6.88,-4.249,-4.304,-4.158,-3.696,-5.434,-4.046,-3.745,-4.078,-4.003,-4.786,-5.061,-4.886,-5.361,-3.982,-4.654,-4.02,-4.255,-3.901,-4.576,-4.478,-5.284,-4.043,-4.393,-4.358,-5.737,-4.226,-4.117
OptTAR_Fixed_ligprep_20260117_0.5.maegz:58,-6.411,-4.523,-4.296,-4.203,-3.632,-4.812,-4.343,-4.694,-5.542,-4.581,-4.341,-5.228,-3.805,-4.328,-5.907,-5.573,-4.07,-6.5,-5.451,-3.683,-4.415,-5.4,-5.999,-4.341,-6.751,-6.178,-5.269,-5.516,-4.412,-3.196,-4.971,-4.785,-6.371,-5.319,-5.404,-6.728,-5.01,-5.196,-6.304,-5.315,-4.798,-5.161,-5.128,-5.427,-5.505,-4.665,-5.786,-5.148,-5.557,-5.442
OptTAR_Fixed_ligprep_20260117_0.5.maegz:59,-4.756,-3.446,-3.297,-3.713,-3.865,-5.123,-4.358,-3.967,-3.774,-4.499,-3.833,-3.379,-3.708,-3.545,-4.202,-4.142,-3.209,-3.975,-4.394,-4.059,-3.841,-3.784,-6.346,-3.403,-4.429,-4.508,-5.424,-5.102,-4.189,-3.934,-5.227,-3.488,-4.905,-5.717,-4.823,-3.826,-4.534,-4.096,-4.657,-4.048,-2.838,-4.429,-4.971,-4.563,-5.045,-3.51,-4.701,-5.757,-4.475,-4.319
OptTAR_Fixed_ligprep_20260117_0.5.maegz:60,-6.35,-3.604,-4.917,-4.941,-4.936,-5.657,-4.443,-5.082,-5.008,-5.088,-4.333,-5.353,-4.502,-4.102,-4.977,-4.07,-3.999,-5.708,-4.332,-5.178,-4.594,-5.321,-6.476,-3.561,-5.672,-5.439,-5.289,-5.62,-4.169,-5.448,-4.605,-4.431,-5.507,-6.026,-5.983,-5.377,-5.595,-5.775,-5.084,-5.441,-3.436,-4.516,-4.927,-5.846,-5.198,-4.091,-6.044,-5.916,-5.36,-5.324
OptTAR_Fixed_ligprep_20260117_0.5.maegz:61,-6.021,-5.021,-5.994,-5.895,-5.536,-5.929,-5.706,-5.17,-5.538,-5.576,-6.558,-5.003,-4.117,-4.463,-5.55,-5.545,-4.305,-5.761,-6.767,-6.206,-5.342,-5.499,-6.354,-5.551,-6.096,-5.533,-5.192,-6.894,-5.589,-5.291,-6.088,-5.527,-5.872,-6.22,-6.155,-6.78,-5.387,-4.898,-4.932,-5.249,-4.488,-5.755,-6.222,-7.554,-5.502,-5.001,-5.277,-6.311,-5.589,-6.411
OptTAR_Fixed_ligprep_20260117_0.5.maegz:62,-4.405,-4.077,-3.786,-4.537,-3.882,-4.919,-4.174,-3.784,-4.398,-4.999,-4.624,-4.151,-4.682,-3.941,-4.193,-4.161,-3.458,-4.209,-4.355,-3.251,-3.839,-3.386,-5.85,-4.424,-3.596,-5.374,-3.868,-4.323,-4.823,-3.753,-4.167,-2.067,-5.225,-4.829,-4.655,-2.973,-4.369,-3.069,-4.554,-2.684,-3.908,-4.548,-3.751,-5.654,-4.979,-4.165,-3.412,-3.318,-4.485,-4.01
OptTAR_Fixed_ligprep_20260117_0.5.maegz:63,-6.711,-4.622,-4.506,-5.426,-5.735,-5.917,-6.125,-4.683,-5.864,-5.096,-5.829,-5.506,-4.474,-4.827,-5.388,-5.601,-4.425,-5.125,-5.676,-5.763,-5.129,-4.424,-6.347,-4.663,-5.849,-5.507,-4.835,-6.298,-3.841,-5.265,-5.733,-4.998,-6.635,-6.46,-6.682,-5.307,-6.382,-5.197,-5.573,-4.97,-4.216,-5.335,-6.929,-6.322,-4.542,-5.222,-6.22,-6.694,-5.099,-6.169
OptTAR_Fixed_ligprep_20260117_0.5.maegz:64,-6.479,-4.87,-5.411,-4.675,-5.766,-5.675,-4.976,-4.793,-5.485,-4.357,-5.84,-5.153,-4.614,-4.757,-5.913,-5.32,-4.995,-5.988,-6.531,-6.435,-4.789,-6.091,-7.831,-5.048,-6.531,-5.519,-5.107,-6.875,-4.945,-5.94,-5.921,-5.327,-6.252,-6.808,-6.457,-5.066,-5.166,-5.009,-5.241,-5.843,-3.948,-6.223,-5.638,-6.148,-5.199,-4.457,-4.839,-7.061,-5.417,-6.64
OptTAR_Fixed_ligprep_20260117_0.5.maegz:65,-5.92,-4.589,-4.021,-4.998,-4.856,-5.026,-4.323,-4.368,-4.84,-5.892,-3.787,-4.391,-3.907,-3.461,-5.34,-5.136,-3.292,-5.232,-5.276,-5.41,-4.436,-3.976,-5.358,-4.36,-5.095,-5.461,-3.985,-5.224,-3.654,-4.843,-5.726,-3.705,-5.62,-6.533,-5.738,-5.112,-4.357,-3.877,-4.083,-4.455,-4.05,-4.754,-4.929,-4.432,-4.613,-4.357,-3.88,-4.965,-4.413,-5.304
OptTAR_Fixed_ligprep_20260117_0.5.maegz:66,-7.135,-4.878,-5.368,-5.053,-4.877,-4.939,-4.824,-4.512,-5.237,-6.142,-4.946,-5.018,-4.551,-3.896,-5.446,-5.561,-4.326,-5.522,-5.456,-4.985,-4.608,-4.651,-5.538,-4.982,-5.305,-5.847,-4.915,-5.93,-4.998,-4.209,-5.113,-4.747,-5.556,-5.95,-6.245,-6.244,-4.455,-4.415,-5.158,-5.026,-4.231,-5.121,-5.632,-5.417,-5.626,-4.711,-4.664,-5.124,-5.326,-5.525
OptTAR_Fixed_ligprep_20260117_0.5.maegz:67,-8.223,-6.552,-5.335,-6.27,-6.251,-5.774,-6.193,-5.541,-6.162,-6.024,-4.962,-4.619,-5.143,-4.46,-5.604,-6.142,-4.732,-6.308,-6.089,-5.151,-5.26,-4.624,-6.988,-4.626,-5.685,-6.396,-4.943,-7.149,-4.818,-5.772,-6.167,-5.416,-6.516,-6.131,-5.977,-5.541,-5.604,-4.941,-5.784,-5.219,-5.004,-6.071,-5.114,-6.472,-5.991,-5.459,-5.49,-6.167,-6.268,-5.393
OptTAR_Fixed_ligprep_20260117_0.5.maegz:68,-5.382,-2.364,-2.998,-4.215,-5.035,-4.471,-4.689,-3.801,-4.283,-4.054,-2.971,-4.222,-3.67,-3.172,-4.788,-1.876,-2.783,-4.413,-5.11,-4.222,-3.619,-3.858,-6.576,-4.058,-4.602,-4.006,-4.273,-4.198,-2.372,-3.697,-4.136,-2.645,-4.936,-3.397,-5.707,-3.882,-5.119,-4.551,-4.146,-4.156,-3.072,-4.245,-4.545,-6.168,-3.959,-3.891,-4.438,-5.367,-4.773,-4.513
OptTAR_Fixed_ligprep_20260117_0.5.maegz:69,-6.289,-4.013,-5.179,-4.649,-5.707,-5.382,-4.923,-4.45,-4.524,-5.058,-4.612,-4.002,-3.981,-4.314,-4.845,-3.864,-4.279,-6.13,-5.429,-5.191,-4.174,-4.938,-7.042,-4.058,-4.707,-5.501,-4.935,-6.752,-4.115,-4.316,-4.66,-5.367,-5.973,-6.294,-6.241,-5.674,-4.469,-4.162,-4.079,-4.918,-4.553,-4.642,-4.991,-5.346,-4.6,-3.936,-4.383,-4.749,-4.217,-5.238
OptTAR_Fixed_ligprep_20260117_0.5.maegz:70,-7.016,-3.874,-4.97,-5.526,-6.107,-5.64,-5.681,-5.032,-5.404,-5.657,-5.58,-4.982,-4.36,-3.732,-5.516,-4.815,-4.399,-5.184,-5.443,-5.883,-4.971,-5.367,-7.243,-4.882,-5.403,-5.472,-5.236,-5.663,-5.144,-4.69,-5.082,-4.727,-6.91,-6.052,-6.733,-5.055,-4.337,-5.131,-4.284,-5.58,-5.118,-4.365,-5.07,-6.76,-5.269,-5.137,-5.046,-5.919,-5.006,-5.922
OptTAR_Fixed_ligprep_20260117_0.5.maegz:71,-5.323,-4.392,-3.275,-3.644,-4.389,-4.084,-4.221,-1.723,-2.878,-5.139,-3.613,-2.938,-2.872,-2.599,-3.655,-4.26,-2.117,-3.123,-3.819,-2.779,-3.674,-2.995,-5.119,-2.734,-3.789,-4.372,-4.549,-5.328,-4.34,-3.648,-5.158,-3.171,-3.847,-5.272,-4.12,-3.713,-2.653,-3.937,-3.907,-4.344,-3.198,-3.397,-3.423,-5.949,-2.85,-3.868,-4.122,-3.934,-3.256,-5.595
OptTAR_Fixed_ligprep_20260117_0.5.maegz:72,-6.642,-5.169,-4.888,-4.926,-5.293,-5.055,-4.998,-3.996,-5.603,-6.226,-4.659,-4.612,-4.701,-4.343,-5.439,-4.464,-4.643,-5.321,-5.628,-5.48,-4.083,-5.08,-6.744,-4.542,-5.473,-5.411,-5.589,-6.62,-4.554,-5.074,-5.801,-4.837,-4.62,-7.06,-5.867,-4.899,-5.292,-5.926,-4.933,-5.195,-4.289,-5.014,-5.293,-6.048,-5.087,-4.39,-5.479,-5.525,-4.957,-5.722
OptTAR_Fixed_ligprep_20260117_0.5.maegz:73,-7.332,-5.479,-4.109,-5.416,-6.053,-6.069,-5.902,-4.036,-5.433,-5.689,-4.706,-5.392,-4.135,-3.965,-5.529,-3.854,-3.517,-4.576,-6.08,-5.473,-4.894,-5.018,-7.741,-5.053,-5.32,-5.733,-5.168,-6.256,-4.132,-5.167,-5.919,-5.332,-7.651,-5.998,-6.674,-4.725,-5.302,-4.905,-5.567,-5.538,-4.721,-5.534,-6.057,-6.407,-4.438,-4.731,-5.879,-6.109,-5.626,-5.669
OptTAR_Fixed_ligprep_20260117_0.5.maegz:74,-6.397,-5.409,-4.193,-4.459,-5.276,-5.382,-4.218,-4.756,-5.116,-5.09,-5.439,-5.028,-3.789,-4.49,-4.53,-4.154,-4.217,-4.681,-4.702,-4.55,-4.327,-4.693,-7.703,-4.114,-5.43,-5.304,-5.222,-5.971,-4.78,-4.925,-5.301,-4.388,-5.891,-5.978,-6.411,-4.375,-6.725,-4.603,-4.703,-5.288,-4.9,-4.51,-4.435,-5.864,-4.696,-4.038,-4.708,-6.214,-5.246,-6.167
OptTAR_Fixed_ligprep_20260117_0.5.maegz:75,-5.754,-4.909,-4.703,-4.212,-4.884,-5.975,-5.824,-4.122,-5.254,-5.803,-5.552,-5.052,-4.116,-4.31,-4.95,-4.551,-3.831,-5.609,-5.187,-5.136,-3.106,-4.47,-6.859,-5.32,-5.031,-6.169,-5.411,-4.757,-3.767,-4.755,-5.424,-5.748,-5.747,-5.884,-6.14,-5.461,-4.63,-4.543,-4.45,-4.22,-4.998,-5.656,-4.142,-6.339,-4.705,-4.59,-3.982,-5.276,-5.084,-4.816
OptTAR_Fixed_ligprep_20260117_0.5.maegz:76,-7.152,-5.13,-4.321,-5.216,-5.351,-5.169,-4.289,-4.327,-4.687,-5.654,-5.199,-4.559,-4.102,-4.211,-4.641,-5.433,-4.285,-5.076,-5.456,-5.269,-4.03,-5.031,-7.306,-4.565,-4.398,-5.496,-4.338,-5.767,-4.097,-4.536,-5.742,-4.495,-5.539,-6.419,-5.69,-6.26,-4.593,-5.056,-4.961,-4.812,-3.863,-5.46,-5.677,-6.405,-5.197,-3.866,-5.085,-5.443,-5.356,-6.014
OptTAR_Fixed_ligprep_20260117_0.5.maegz:77,-7.402,-5.613,-3.828,-4.085,-5.904,-5.832,-5.778,-4.284,-4.882,-5.697,-5.023,-5.168,-3.342,-3.435,-5.19,-4.432,-3.673,-4.767,-5.223,-5.373,-4.53,-4.461,-7.266,-4.161,-4.927,-4.784,-4.511,-6.014,-4.414,-4.268,-5.055,-3.603,-6.416,-6.803,-6.075,-5.138,-4.99,-4.675,-5.071,-4.315,-3.76,-4.819,-5.957,-5.983,-4.777,-4.042,-4.441,-5.118,-5.176,-4.766
OptTAR_Fixed_ligprep_20260117_0.5.maegz:78,-7.437,-4.565,-5.718,-4.934,-5.911,-5.865,-5.782,-5.105,-5.449,-5.124,-6.407,-6.471,-5.59,-5.041,-5.579,-5.923,-4.808,-5.77,-7.578,-6.32,-4.583,-5.177,-7.735,-4.475,-5.856,-5.077,-4.991,-6.22,-4.884,-5.52,-5.774,-5.159,-6.426,-7.247,-6.879,-7.166,-5.104,-5.49,-5.677,-5.338,-5.589,-6.247,-6.307,-6.151,-5.75,-4.879,-5.633,-6.678,-5.17,-6.244
OptTAR_Fixed_ligprep_20260117_0.5.maegz:79,-5.622,-5.196,-1.588,-2.75,-4.401,-5.766,-4.743,-3.678,-3.58,-5.097,-1.712,-4.088,-1.66,-2.725,-2.797,-2.173,-1.164,-2.809,-5.526,-4.659,-3.901,-3.942,-6.634,-3.967,-4.41,-4.71,-3.422,-3.365,-1.789,-4.782,-3.025,-1.63,-4.608,-5.625,-5.361,-4.228,-4.543,-3.399,-3.179,-1.924,-3.935,-4.635,-4.231,-5.106,-3.732,-3.578,-4.209,-4.523,-2.123,-3.728
OptTAR_Fixed_ligprep_20260117_0.5.maegz:80,-6.923,-4.565,-4.402,-5.418,-5.507,-5.062,-4.696,-4.923,-5.43,-5.543,-4.764,-4.813,-3.309,-4.225,-4.887,-4.377,-4.699,-4.654,-5.423,-5.738,-4.408,-4.748,-7.108,-4.199,-5.096,-4.449,-4.604,-5.622,-5.407,-4.714,-5.364,-4.595,-5.458,-5.67,-6.053,-6.44,-4.678,-4.915,-5.753,-4.79,-4.836,-4.828,-5.695,-6.178,-4.911,-4.536,-4.328,-6.759,-5.585,-6.036
OptTAR_Fixed_ligprep_20260117_0.5.maegz:81,-7.661,-5.087,-5.463,-4.785,-5.375,-5.683,-5.784,-4.917,-5.594,-5.365,-5.782,-6.0,-4.729,-4.539,-5.784,-5.955,-4.527,-6.417,-6.316,-6.996,-5.075,-5.183,-6.624,-5.676,-4.992,-6.908,-5.041,-6.837,-4.878,-5.663,-6.396,-5.232,-6.801,-6.728,-6.701,-6.636,-5.112,-5.316,-5.832,-5.685,-5.01,-5.689,-5.435,-5.905,-5.805,-5.02,-6.308,-5.574,-5.749,-5.487
OptTAR_Fixed_ligprep_20260117_0.5.maegz:82,-6.185,-4.87,-5.137,-4.824,-5.278,-5.837,-5.043,-4.102,-5.019,-5.179,-5.741,-5.029,-3.757,-4.42,-5.157,-4.949,-3.747,-5.066,-4.214,-5.577,-4.913,-4.879,-7.577,-3.981,-5.759,-4.279,-5.264,-5.883,-3.824,-4.814,-6.068,-5.141,-6.091,-6.356,-6.012,-5.3,-5.764,-5.363,-5.287,-4.268,-3.46,-5.905,-5.588,-7.076,-5.342,-4.699,-4.964,-5.762,-4.99,-5.729
OptTAR_Fixed_ligprep_20260117_0.5.maegz:83,-7.247,-5.258,-4.544,-5.015,-5.064,-5.387,-5.781,-4.587,-4.912,-5.761,-5.325,-5.171,-4.872,-4.349,-4.712,-5.001,-4.873,-5.162,-5.373,-5.428,-4.816,-4.729,-7.642,-4.502,-5.387,-5.357,-4.721,-7.018,-4.156,-4.582,-4.824,-5.176,-5.865,-5.927,-5.742,-5.897,-4.871,-5.226,-5.224,-5.592,-5.067,-5.481,-4.341,-6.295,-5.259,-5.452,-5.597,-6.015,-5.591,-5.933
OptTAR_Fixed_ligprep_20260117_0.5.maegz:84,-7.318,-5.301,-4.951,-5.535,-5.12,-5.479,-5.448,-4.529,-4.684,-5.51,-5.234,-5.007,-4.4,-3.551,-5.188,-4.206,-3.989,-6.228,-5.697,-5.792,-4.795,-5.537,-8.568,-5.102,-5.622,-5.129,-4.287,-5.797,-5.936,-5.358,-4.909,-4.702,-6.245,-6.494,-5.81,-6.072,-5.008,-5.054,-4.449,-5.758,-4.878,-5.542,-6.066,-6.309,-4.408,-5.031,-5.476,-6.411,-5.49,-6.174
OptTAR_Fixed_ligprep_20260117_0.5.maegz:85,-6.665,-4.544,-4.139,-5.424,-4.356,-5.051,-4.389,-4.361,-4.43,-4.701,-4.463,-4.129,-3.385,-2.879,-4.509,-3.757,-2.949,-4.179,-5.187,-4.075,-3.305,-3.219,-5.348,-3.665,-4.428,-4.844,-4.648,-5.074,-3.89,-3.722,-4.258,-3.579,-5.333,-5.68,-4.941,-4.892,-4.324,-3.78,-4.405,-3.865,-4.165,-4.539,-4.572,-4.469,-4.685,-4.243,-4.185,-4.891,-4.798,-5.189
OptTAR_Fixed_ligprep_20260117_0.5.maegz:86,-5.87,-3.889,-3.911,-4.153,-5.524,-5.272,-4.026,-3.055,-3.958,-4.575,-4.356,-4.582,-3.054,-2.901,-3.843,-3.924,-3.854,-3.971,-4.131,-4.919,-4.018,-3.542,-4.925,-4.068,-4.01,-4.337,-4.861,-5.276,-4.167,-4.338,-4.442,-4.527,-5.872,-6.438,-5.121,-5.003,-4.248,-2.92,-4.87,-3.959,-4.058,-3.914,-4.609,-3.075,-4.163,-4.071,-3.312,-3.851,-4.733,-4.053
OptTAR_Fixed_ligprep_20260117_0.5.maegz:87,-6.223,-3.724,-3.428,-4.292,-4.717,-4.658,-4.024,-2.914,-3.815,-3.671,-5.03,-4.603,-3.604,-3.321,-3.002,-3.958,-3.234,-3.852,-4.167,-4.798,-3.861,-3.555,-6.233,-4.075,-3.693,-4.826,-3.254,-4.618,-4.013,-2.964,-4.747,-3.893,-5.25,-4.674,-5.764,-3.035,-5.057,-5.282,-4.013,-3.197,-4.312,-3.79,-3.322,-4.736,-3.85,-4.48,-4.646,-5.965,-4.98,-5.768
OptTAR_Fixed_ligprep_20260117_0.5.maegz:89,-5.814,-4.945,-3.814,-4.536,-4.089,-4.907,-4.628,-4.026,-4.255,-4.261,-4.465,-4.477,-4.057,-3.792,-4.456,-4.63,-4.008,-4.368,-4.615,-5.507,-3.326,-3.44,-5.706,-4.254,-5.129,-5.523,-4.345,-6.239,-3.994,-5.016,-6.285,-3.966,-5.833,-6.423,-6.009,-4.807,-4.936,-5.569,-4.747,-3.971,-3.981,-1.432,-4.563,-3.932,-4.541,-4.16,-4.891,-3.582,-4.586,-5.851
OptTAR_Fixed_ligprep_20260117_0.5.maegz:90,-5.311,-4.705,-4.345,-4.299,-5.325,-4.914,-4.892,-4.027,-4.853,-5.051,-4.742,-4.736,-4.333,-4.354,-4.724,-5.112,-4.132,-5.081,-5.449,-4.858,-3.927,-4.588,-6.784,-3.874,-4.959,-5.072,-4.428,-5.818,-3.863,-4.169,-4.711,-4.681,-5.883,-5.587,-5.546,-5.064,-5.018,-4.259,-4.584,-4.261,-4.571,-4.773,-4.79,-5.908,-4.748,-3.995,-5.343,-6.031,-5.123,-4.738
OptTAR_Fixed_ligprep_20260117_0.5.maegz:91,-6.5,-4.696,-5.643,-4.684,-5.317,-5.207,-4.953,-3.73,-5.027,-4.041,-4.817,-5.099,-4.603,-4.489,-4.103,-4.587,-3.86,-5.083,-4.874,-4.557,-3.948,-4.936,-6.418,-4.629,-4.505,-5.459,-4.174,-5.994,-6.024,-4.461,-5.404,-4.223,-5.341,-6.135,-6.738,-5.077,-4.691,-3.603,-5.153,-5.188,-4.156,-5.291,-4.153,-6.524,-4.312,-4.046,-4.647,-6.612,-5.149,-5.514
OptTAR_Fixed_ligprep_20260117_0.5.maegz:92,-5.35,-5.196,-4.581,-4.994,-5.435,-4.984,-4.589,-4.398,-4.986,-4.509,-4.302,-4.893,-3.922,-4.836,-4.486,-4.618,-4.072,-5.751,-5.446,-5.228,-5.138,-4.669,-6.737,-4.368,-5.217,-5.313,-4.788,-6.073,-4.244,-4.133,-5.245,-4.914,-5.692,-6.625,-5.928,-4.481,-4.597,-4.691,-3.96,-5.175,-4.444,-5.469,-4.908,-6.038,-4.856,-4.209,-5.248,-6.222,-5.161,-5.23
OptTAR_Fixed_ligprep_20260117_0.5.maegz:93,-3.791,-0.5855,-2.559,-2.739,-3.779,-3.546,-3.329,-3.204,-3.19,-3.911,-2.551,-2.575,-0.3507,0.1748,-2.78,-2.296,0.2152,-3.497,-3.642,-3.436,-2.583,-2.345,-4.154,-1.54,-2.731,-2.965,-2.647,-3.501,-2.72,-1.252,-2.859,-2.563,-2.931,-4.115,-4.47,-4.297,-1.418,-2.67,-3.086,-4.357,-0.4524,-3.672,-1.687,-3.587,-3.243,-3.007,-3.641,-2.563,-3.932,-2.62
OptTAR_Fixed_ligprep_20260117_0.5.maegz:94,-4.207,-3.602,-3.823,-2.814,-4.622,-4.334,-4.138,-3.801,-3.386,-4.159,-4.743,-3.196,-3.029,-3.558,-2.883,-2.807,-2.982,-2.887,-4.069,-2.717,-3.357,-3.117,-4.528,-3.445,-2.923,-4.466,-3.15,-3.767,-3.72,-3.019,-2.265,-2.666,-3.428,-3.585,-4.789,-4.726,-2.006,-3.56,-2.642,-4.013,-3.507,-3.066,-4.587,-3.951,-3.099,-3.706,-3.91,-4.117,-4.497,-2.47
OptTAR_Fixed_ligprep_20260117_0.5.maegz:95,-5.403,-4.078,-3.464,-3.862,-4.132,-4.793,-5.096,-3.639,-3.27,-3.434,-4.505,-3.969,-3.558,-3.344,-4.498,-3.541,-2.646,-3.789,-4.584,-4.16,-3.414,-3.419,-5.731,-4.246,-4.578,-4.383,-4.862,-5.063,-5.155,-3.665,-4.787,-3.93,-4.333,-5.313,-4.009,-5.913,-3.974,-3.973,-3.801,-3.969,-4.7,-3.661,-4.266,-4.817,-4.291,-4.173,-3.581,-4.108,-3.637,-4.11
OptTAR_Fixed_ligprep_20260117_0.5.maegz:96,-7.313,-4.792,-4.599,-5.222,-6.262,-5.521,-5.92,-5.267,-5.899,-6.048,-4.211,-4.641,-5.128,-3.988,-5.4,-5.103,-4.201,-5.314,-5.478,-5.231,-3.646,-4.421,-5.67,-5.289,-5.974,-4.945,-5.516,-5.575,-4.247,-4.73,-4.983,-5.114,-7.056,-6.668,-5.632,-4.754,-5.112,-3.624,-5.362,-4.211,-4.449,-5.192,-4.86,-5.441,-5.573,-5.077,-4.586,-5.934,-4.65,-5.442
OptTAR_Fixed_ligprep_20260117_0.5.maegz:97,-5.857,-5.357,-3.606,-5.193,-4.874,-4.673,-5.407,-4.288,-3.884,-4.607,-5.755,-4.105,-3.418,-4.051,-5.04,-3.346,-3.549,-5.038,-3.862,-4.946,-4.46,-4.644,-7.572,-3.951,-4.916,-5.148,-4.372,-5.111,-2.954,-5.013,-4.84,-4.442,-4.863,-5.531,-7.217,-6.126,-5.39,-3.82,-3.577,-4.816,-4.381,-4.689,-5.822,-5.701,-4.997,-3.598,-4.588,-5.408,-4.537,-4.526
OptTAR_Fixed_ligprep_20260117_0.5.maegz:98,-6.639,-3.236,-4.143,-3.962,-4.793,-4.337,-4.691,-4.439,-4.474,-6.375,-4.102,-4.521,-4.132,-3.814,-4.002,-5.1,-4.101,-4.91,-3.325,-4.938,-4.251,-3.984,-5.792,-4.686,-4.966,-4.139,-3.92,-5.673,-4.328,-4.15,-5.192,-4.098,-5.079,-5.623,-6.037,-4.402,-3.5,-2.647,-4.002,-4.055,-3.18,-4.194,-4.268,-4.769,-3.967,-4.542,-4.882,-3.903,-5.446,-4.756
OptTAR_Fixed_ligprep_20260117_0.5.maegz:99,-6.089,-4.245,-4.685,-4.653,-4.997,-5.48,-5.19,-4.356,-5.334,-5.763,-6.0,-4.852,-4.952,-4.208,-4.794,-5.305,-4.21,-4.49,-4.921,-4.88,-4.45,-5.258,-6.136,-4.176,-4.986,-6.061,-4.978,-5.197,-4.626,-4.354,-6.006,-4.723,-4.835,-5.652,-5.166,-5.482,-5.891,-6.341,-5.37,-4.468,-4.116,-4.66,-4.936,-5.408,-5.751,-5.056,-4.736,-4.923,-4.814,-5.856
OptTAR_Fixed_ligprep_20260117_0.5.maegz:100,-5.729,-4.115,-4.392,-4.5,-5.421,-4.456,-5.096,-4.079,-4.846,-4.859,-4.612,-4.013,-4.466,-3.943,-5.056,-4.688,-3.889,-5.288,-4.506,-4.494,-4.246,-5.347,-6.196,-4.591,-5.188,-5.065,-4.31,-4.908,-3.763,-4.512,-4.247,-3.949,-4.888,-5.607,-5.561,-4.295,-4.568,-4.217,-4.584,-4.063,-3.843,-4.903,-6.301,-5.207,-4.977,-4.433,-4.255,-5.628,-4.763,-5.522
OptTAR_Fixed_ligprep_20260117_0.5.maegz:101,-6.363,-4.319,-5.889,-4.65,-5.458,-5.795,-5.679,-4.708,-5.321,-5.983,-5.991,-4.738,-4.753,-4.703,-5.402,-5.303,-5.474,-4.819,-5.183,-5.773,-5.336,-4.627,-7.931,-4.777,-5.575,-5.202,-5.506,-6.649,-7.301,-5.002,-4.694,-5.158,-5.906,-6.839,-6.369,-6.386,-5.861,-5.844,-5.256,-7.13,-5.723,-5.438,-5.868,-6.844,-6.062,-4.842,-5.616,-5.856,-5.591,-5.888
OptTAR_Fixed_ligprep_20260117_0.5.maegz:102,-5.219,-3.81,-3.784,-4.108,-5.3,-5.513,-4.247,-3.817,-4.665,-4.741,-4.876,-3.575,-3.561,-4.56,-4.655,-4.289,-4.144,-4.565,-4.777,-4.591,-4.185,-4.834,-6.041,-3.834,-4.616,-5.28,-4.524,-5.024,-3.582,-3.779,-4.662,-4.125,-4.568,-4.928,-5.229,-5.181,-4.349,-4.933,-4.531,-3.917,-4.091,-4.614,-4.764,-5.753,-4.52,-4.15,-3.97,-4.337,-4.741,-5.129
OptTAR_Fixed_ligprep_20260117_0.5.maegz:103,-4.083,-3.216,-3.459,-3.584,-4.427,-2.915,-3.344,-3.218,-3.853,-3.955,-3.774,-2.573,-2.715,-3.436,-3.043,-3.069,-2.708,-3.918,-4.06,-4.135,-3.506,-2.711,-4.843,-1.843,-3.924,-3.354,-3.649,-3.702,-3.824,-4.607,-4.552,-2.685,-3.294,-4.345,-3.187,-3.169,-2.584,-2.838,-4.214,-2.847,-2.945,-3.238,-3.585,-4.154,-3.325,-2.512,-3.585,-3.8,-3.478,-4.668
OptTAR_Fixed_ligprep_20260117_0.5.maegz:104,-5.855,-4.901,-4.415,-4.48,-5.647,-5.295,-5.153,-4.245,-5.861,-5.221,-5.147,-5.149,-4.785,-4.563,-5.009,-4.835,-3.988,-4.846,-5.068,-6.249,-5.013,-5.085,-7.015,-3.886,-4.69,-5.863,-4.84,-5.915,-4.786,-4.891,-5.508,-4.592,-6.481,-6.119,-6.791,-5.225,-5.024,-5.107,-5.218,-5.035,-4.684,-5.669,-5.607,-6.086,-5.785,-3.709,-5.575,-5.734,-4.864,-5.84
OptTAR_Fixed_ligprep_20260117_0.5.maegz:105,-5.489,-4.924,-5.194,-4.701,-5.774,-5.332,-4.949,-4.284,-4.856,-5.258,-5.366,-4.156,-3.704,-4.215,-4.648,-4.167,-4.15,-4.469,-5.918,-5.426,-4.967,-4.077,-6.545,-4.037,-4.717,-5.444,-4.984,-5.829,-4.405,-4.464,-5.171,-4.243,-5.83,-5.095,-5.65,-6.461,-4.896,-3.785,-4.95,-4.684,-4.106,-5.232,-4.406,-5.865,-4.544,-3.725,-5.667,-5.897,-5.365,-4.915
OptTAR_Fixed_ligprep_20260117_0.5.maegz:106,-3.289,-2.987,-1.653,-3.122,-2.773,-3.065,-1.106,-2.444,-3.269,-3.156,-2.08,-1.785,-2.032,-2.37,-3.999,-0.6784,-1.774,-2.207,-4.861,-4.289,-3.13,-2.91,-4.05,-2.799,-0.9757,-3.274,-2.69,-5.144,-1.69,-1.955,-3.51,-1.9,-2.835,-4.757,-4.445,-3.778,-2.701,-3.219,-2.224,-3.492,-2.738,-2.121,-3.729,-3.989,-0.9394,-2.848,-2.859,-3.833,-3.76,-3.816
OptTAR_Fixed_ligprep_20260117_0.5.maegz:107,-3.72,-4.361,-4.277,-4.59,-3.764,-4.993,-4.51,-4.033,-5.701,-4.726,-3.871,-2.102,-5.264,-5.245,-4.717,-4.376,-3.764,-5.012,-6.064,-5.598,-4.488,-4.762,-6.621,-4.168,-3.483,-5.32,-5.035,-5.647,-5.125,-4.527,-4.413,-2.421,-5.742,-6.031,-6.279,-5.13,-3.441,-5.398,-5.137,-5.114,-4.778,-4.909,-4.215,-4.81,-4.377,-3.778,-3.801,-4.541,-5.635,-2.857
OptTAR_Fixed_ligprep_20260117_0.5.maegz:108,-6.232,-5.056,-4.96,-4.703,-5.602,-5.431,-4.814,-3.969,-4.922,-5.403,-4.682,-4.007,-4.478,-4.047,-5.233,-4.835,-4.275,-4.213,-3.809,-4.581,-5.103,-5.328,-7.732,-4.599,-5.532,-4.967,-5.218,-5.324,-3.948,-4.251,-4.946,-4.788,-4.932,-6.162,-6.187,-4.89,-4.244,-5.934,-3.938,-4.504,-4.388,-4.425,-5.296,-6.326,-5.37,-4.367,-4.703,-5.912,-4.773,-4.961
OptTAR_Fixed_ligprep_20260117_0.5.maegz:109,-7.057,-4.347,-4.632,-4.38,-6.0,-5.095,-5.495,-3.773,-4.678,-4.2,-5.297,-4.118,-4.261,-4.252,-5.126,-3.7,-4.264,-4.44,-5.007,-4.583,-4.544,-4.765,-7.043,-4.206,-5.34,-5.001,-5.192,-5.572,-3.909,-4.238,-4.976,-3.789,-6.393,-5.942,-5.537,-5.713,-4.621,-4.972,-4.848,-4.28,-4.192,-4.866,-4.775,-6.365,-5.239,-5.177,-5.174,-5.038,-4.866,-5.438
OptTAR_Fixed_ligprep_20260117_0.5.maegz:110,-5.902,-5.517,-4.518,-4.928,-5.492,-6.306,-5.752,-4.567,-5.164,-5.629,-6.185,-5.585,-4.72,-4.278,-5.562,-4.393,-4.021,-4.244,-4.919,-6.583,-4.935,-5.182,-7.628,-5.032,-4.998,-5.829,-6.156,-6.036,-5.39,-5.419,-4.524,-4.336,-5.795,-5.788,-6.154,-4.615,-5.357,-5.627,-4.513,-4.59,-4.953,-4.921,-5.502,-7.749,-4.492,-4.459,-5.716,-6.467,-4.758,-5.698
OptTAR_Fixed_ligprep_20260117_0.5.maegz:111,-7.084,-5.651,-5.751,-5.396,-5.97,-6.661,-5.617,-5.211,-5.666,-6.068,-6.302,-5.973,-5.672,-5.771,-6.168,-5.572,-5.57,-6.724,-6.184,-6.22,-5.491,-6.132,-8.422,-5.572,-5.865,-6.037,-5.147,-6.642,-5.127,-5.635,-6.857,-5.895,-6.217,-7.026,-6.373,-6.813,-6.177,-6.868,-5.422,-5.745,-5.462,-6.617,-5.984,-6.78,-6.467,-5.492,-7.263,-6.935,-5.971,-6.238
OptTAR_Fixed_ligprep_20260117_0.5.maegz:112,-6.938,-3.625,-3.132,-3.406,-4.845,-4.726,-4.8,-3.36,-2.693,-4.888,-1.958,-4.051,-3.739,-4.4,-4.243,-4.225,-3.38,-4.485,-5.105,-5.003,-3.081,-4.072,-6.394,-2.912,-2.915,-4.489,-5.037,-6.423,-4.64,-4.45,-4.108,-3.631,-5.733,-3.557,-5.698,-3.269,-3.713,-4.413,-4.311,-4.608,-4.37,-4.711,-4.076,-6.095,-2.299,-3.682,-4.482,-5.361,-4.202,-5.747
OptTAR_Fixed_ligprep_20260117_0.5.maegz:113,-5.959,-5.24,-4.255,-4.512,-4.517,-5.172,-3.601,-1.762,-4.298,-5.099,-4.333,-3.499,-3.711,-3.684,-2.652,-4.532,-3.479,-4.144,-4.038,-3.499,-1.893,-4.809,-7.201,-1.533,-4.551,-5.201,-3.675,-4.505,-3.025,-4.297,-4.952,-4.409,-5.084,-5.529,-5.23,-4.272,-4.176,-4.198,-3.362,-4.93,-3.26,-4.335,-5.797,-5.586,-4.221,-4.946,-5.189,-4.439,-5.065,-3.823
OptTAR_Fixed_ligprep_20260117_0.5.maegz:114,-5.34,-4.206,-5.141,-4.784,-4.759,-4.674,-3.906,-3.745,-3.95,-5.194,-4.173,-4.123,-3.832,-3.743,-3.976,-4.446,-3.802,-4.16,-3.717,-4.115,-3.604,-4.18,-6.433,-4.287,-4.451,-5.077,-4.295,-5.204,-3.368,-4.312,-4.389,-3.637,-5.039,-4.617,-5.519,-4.434,-4.348,-4.407,-4.379,-3.825,-3.607,-4.116,-3.781,-4.504,-4.647,-4.206,-4.931,-4.77,-5.363,-5.531
OptTAR_Fixed_ligprep_20260117_0.5.maegz:115,-3.752,-2.224,-3.454,-2.81,-4.054,-2.841,-2.663,-2.668,-3.898,-2.922,-3.2,-3.035,-2.642,-3.267,-2.893,-2.692,-2.704,-2.898,-3.71,-2.867,-2.623,-2.379,-4.953,-2.384,-3.308,-4.111,-3.641,-3.687,-2.894,-3.621,-4.628,-4.01,-3.521,-4.985,-3.8,-3.125,-3.778,-2.635,-3.113,-2.351,-2.824,-3.334,-3.162,-3.971,-3.358,-2.302,-2.707,-4.089,-3.943,-4.683
OptTAR_Fixed_ligprep_20260117_0.5.maegz:116,-7.501,-4.763,-5.523,-5.421,-6.091,-6.428,-5.399,-5.118,-6.454,-5.635,-5.629,-5.209,-4.919,-4.855,-5.969,-5.907,-4.628,-6.393,-6.496,-6.792,-5.2,-5.763,-8.058,-4.882,-6.105,-5.333,-6.199,-6.63,-5.294,-5.448,-5.921,-5.66,-6.921,-6.821,-7.534,-6.969,-5.63,-6.531,-5.643,-6.067,-4.846,-6.206,-5.7,-5.882,-5.315,-4.827,-5.068,-7.141,-5.162,-5.273
OptTAR_Fixed_ligprep_20260117_0.5.maegz:117,-5.691,-3.012,-4.995,-3.945,-5.643,-4.885,-4.216,-3.788,-3.696,-4.547,-5.253,-3.879,-3.725,-3.749,-4.205,-3.756,-3.129,-4.507,-4.381,-4.709,-4.744,-4.154,-6.805,-3.598,-5.353,-4.131,-4.32,-5.943,-4.117,-4.857,-4.576,-4.492,-5.959,-5.556,-5.688,-4.358,-4.775,-4.83,-3.767,-4.879,-3.98,-4.46,-4.823,-6.502,-4.229,-4.21,-4.438,-5.421,-3.975,-4.731
OptTAR_Fixed_ligprep_20260117_0.5.maegz:118,-7.562,-5.617,-5.06,-4.515,-6.275,-5.505,-5.562,-4.605,-5.872,-5.461,-5.458,-5.698,-5.037,-4.859,-5.548,-5.563,-5.541,-6.064,-6.02,-5.906,-5.125,-5.42,-7.292,-5.342,-5.569,-6.356,-5.682,-6.708,-5.107,-5.479,-6.912,-5.531,-6.118,-6.593,-6.251,-4.991,-5.182,-5.097,-5.888,-4.835,-4.718,-5.584,-6.233,-6.949,-5.377,-5.385,-6.504,-6.786,-6.154,-6.326
OptTAR_Fixed_ligprep_20260117_0.5.maegz:119,-6.638,-5.205,-4.597,-5.755,-5.34,-5.64,-4.859,-3.824,-4.969,-5.479,-5.554,-4.898,-5.065,-4.88,-5.236,-4.92,-4.114,-5.262,-5.593,-5.537,-4.751,-5.015,-7.741,-5.476,-5.628,-5.87,-4.896,-6.662,-4.43,-4.721,-4.966,-4.603,-6.485,-6.636,-6.654,-4.967,-5.259,-4.853,-4.328,-4.947,-5.274,-5.34,-6.289,-6.166,-4.697,-4.67,-5.571,-5.904,-5.993,-5.157
OptTAR_Fixed_ligprep_20260117_0.5.maegz:120,-4.809,-4.166,-3.375,-3.016,-3.441,-3.524,-2.905,-3.553,-3.005,-4.154,-3.257,-3.679,-3.766,-4.129,-4.748,-3.56,-2.346,-3.949,-4.037,-4.901,-3.005,-2.837,-4.65,-3.091,-3.88,-4.683,-1.324,-4.645,-4.288,-3.749,-3.74,-3.67,-5.088,-4.568,-4.477,-4.117,-4.575,-5.209,-4.6,-3.479,-3.75,-3.373,-4.195,-5.701,-4.463,-3.599,-4.73,-5.153,-4.164,-5.463
OptTAR_Fixed_ligprep_20260117_0.5.maegz:121,-6.667,-5.621,-4.639,-4.535,-5.29,-5.506,-5.847,-4.503,-4.907,-5.177,-6.376,-5.512,-4.215,-4.761,-4.366,-5.008,-4.056,-5.594,-6.712,-5.806,-4.75,-4.915,-7.413,-4.389,-5.738,-5.017,-4.754,-6.595,-5.328,-4.701,-5.655,-4.836,-6.561,-6.413,-6.746,-5.578,-5.877,-3.769,-4.934,-5.729,-4.808,-5.438,-5.442,-5.441,-5.342,-4.571,-5.581,-5.483,-5.166,-6.119
OptTAR_Fixed_ligprep_20260117_0.5.maegz:122,-6.668,-5.606,-5.642,-5.791,-6.096,-5.463,-5.821,-4.917,-5.831,-6.411,-4.947,-5.068,-4.97,-5.454,-5.499,-5.685,-5.337,-5.04,-6.94,-5.798,-5.293,-4.981,-8.134,-4.548,-5.609,-5.935,-6.0,-7.173,-4.964,-5.707,-6.23,-5.295,-5.987,-7.529,-6.889,-6.668,-5.093,-4.936,-5.426,-5.288,-4.682,-6.198,-6.422,-5.991,-6.177,-5.277,-5.13,-6.869,-6.275,-6.292
OptTAR_Fixed_ligprep_20260117_0.5.maegz:123,-6.224,-4.774,-4.866,-4.422,-3.519,-5.028,-4.914,-3.426,-4.45,-5.036,-3.941,-4.781,-4.114,-4.439,-5.504,-4.026,-2.633,-4.606,-6.366,-4.989,-4.89,-4.626,-6.909,-3.903,-4.648,-5.891,-3.366,-6.117,-3.451,-4.578,-4.776,-5.246,-5.572,-6.09,-5.5,-6.462,-5.175,-5.393,-4.252,-5.274,-4.689,-4.879,-4.841,-5.395,-5.368,-5.262,-5.829,-7.171,-4.254,-5.68
OptTAR_Fixed_ligprep_20260117_0.5.maegz:124,-6.182,-4.823,-5.169,-4.409,-5.504,-5.188,-5.883,-4.254,-6.343,-5.141,-4.525,-5.98,-4.658,-5.301,-4.722,-5.035,-4.018,-5.687,-6.05,-6.127,-4.931,-4.943,-7.205,-5.34,-5.391,-6.935,-4.948,-5.939,-4.427,-4.426,-5.223,-5.281,-6.798,-7.006,-6.297,-5.368,-4.848,-5.69,-5.621,-5.065,-5.656,-4.943,-5.412,-6.597,-5.476,-4.567,-4.923,-5.762,-5.467,-4.333
OptTAR_Fixed_ligprep_20260117_0.5.maegz:125,-3.833,-3.197,-3.849,-3.123,-2.365,-3.414,-3.506,-2.764,-3.504,-3.348,-2.09,-2.031,-1.993,-2.318,-1.671,-3.159,-1.714,-3.307,-3.706,-2.772,-3.355,-2.305,-4.98,-1.26,-1.407,-4.66,-3.2,-2.653,-1.029,-1.912,-3.822,-1.691,-3.7,-4.976,-4.693,-2.769,-4.078,-0.7168,-4.006,-1.133,-1.627,-3.453,-2.885,-3.983,-2.26,-2.538,-2.977,-2.123,-3.609,-4.51
OptTAR_Fixed_ligprep_20260117_0.5.maegz:126,-2.717,-3.839,-3.602,-1.765,-2.912,-3.271,-4.39,-3.221,-5.527,-3.271,-1.994,-1.996,-3.886,-2.221,-1.342,-4.42,-1.468,-3.417,-2.998,-3.383,-3.439,-3.061,-4.47,-1.317,-2.452,-3.626,-1.476,-2.833,-1.998,-3.209,-4.248,-1.939,-4.713,-4.141,-4.611,-2.742,-5.094,-4.621,-4.851,-2.054,-1.582,-3.106,-4.321,-4.389,-3.5,-4.334,-4.854,-1.597,-3.883,-4.609
OptTAR_Fixed_ligprep_20260117_0.5.maegz:127,-5.694,-2.387,-1.485,-0.9461,-4.315,-4.664,-2.798,-4.357,-3.983,-1.603,-4.048,-1.145,-1.834,-0.5336,-3.261,-1.485,-1.19,-3.061,-4.277,-4.241,-4.064,-2.705,-6.283,-1.735,-0.6692,-3.601,-2.341,-3.432,-1.755,-4.975,-3.985,-1.662,-3.398,-6.207,-4.506,-3.309,-5.047,-2.662,-4.696,-1.794,-1.786,-2.687,-2.59,-5.278,-3.167,-1.829,-1.634,-2.887,-2.81,-4.238
OptTAR_Fixed_ligprep_20260117_0.5.maegz:128,-6.581,-5.753,-3.64,-4.13,-5.971,-5.084,-4.898,-2.971,-6.131,-4.973,-5.323,-5.558,-4.254,-3.822,-4.339,-5.739,-4.071,-5.63,-4.496,-4.951,-4.497,-5.196,-6.342,-3.815,-3.81,-6.313,-5.405,-4.948,-3.535,-4.134,-7.067,-4.963,-6.897,-5.154,-6.397,-6.258,-6.174,-5.401,-4.637,-3.492,-5.272,-5.948,-6.938,-6.386,-4.184,-5.657,-4.475,-4.455,-6.305,-5.646
OptTAR_Fixed_ligprep_20260117_0.5.maegz:129,-5.78,-5.217,-4.25,-4.363,-4.893,-4.124,-4.908,-4.233,-4.677,-4.582,-4.139,-3.884,-3.521,-4.318,-4.205,-4.338,-3.603,-4.496,-4.83,-3.536,-4.001,-4.623,-7.074,-4.104,-5.144,-5.216,-3.825,-5.593,-3.898,-4.377,-5.046,-3.567,-6.169,-6.163,-5.588,-5.358,-4.816,-3.193,-5.425,-4.23,-4.575,-3.984,-5.368,-6.094,-4.213,-3.323,-4.657,-3.777,-3.698,-5.016
OptTAR_Fixed_ligprep_20260117_0.5.maegz:130,-6.139,-4.643,-3.821,-4.699,-3.948,-4.997,-4.396,-4.166,-4.286,-5.073,-4.433,-4.005,-3.585,-3.866,-4.415,-4.558,-3.495,-3.726,-5.074,-4.477,-3.947,-4.297,-6.069,-3.673,-4.546,-4.506,-4.61,-4.999,-4.418,-4.543,-4.628,-3.819,-5.718,-5.689,-5.367,-5.627,-4.219,-3.808,-4.029,-4.669,-3.595,-4.464,-3.825,-6.063,-3.908,-3.787,-4.217,-4.17,-3.687,-5.052
OptTAR_Fixed_ligprep_20260117_0.5.maegz:131,-6.284,-4.83,-3.88,-4.562,-4.94,-5.478,-4.111,-4.229,-4.863,-5.122,-3.914,-4.504,-3.127,-3.425,-4.403,-4.365,-4.166,-3.96,-4.703,-4.055,-4.482,-4.89,-6.071,-4.406,-4.381,-3.558,-4.135,-5.596,-4.222,-4.638,-4.963,-3.997,-5.491,-5.286,-5.347,-5.262,-4.654,-3.899,-4.351,-3.665,-4.456,-4.811,-4.834,-5.15,-4.522,-3.773,-4.251,-4.578,-4.208,-4.399
OptTAR_Fixed_ligprep_20260117_0.5.maegz:132,-6.142,-4.144,-3.565,-3.678,-4.449,-5.189,-4.348,-3.946,-4.545,-5.26,-5.322,-4.192,-3.596,-3.357,-4.437,-4.279,-3.363,-3.942,-4.401,-4.417,-4.205,-4.205,-6.306,-3.316,-3.741,-4.528,-3.996,-5.947,-3.794,-4.479,-5.064,-4.044,-5.21,-6.096,-6.118,-5.166,-4.358,-3.778,-4.149,-4.261,-3.635,-4.763,-5.391,-4.23,-4.371,-3.669,-4.408,-5.429,-5.219,-5.053
OptTAR_Fixed_ligprep_20260117_0.5.maegz:133,-6.184,-4.486,-5.552,-5.22,-6.346,-5.642,-5.864,-4.808,-6.227,-5.404,-6.325,-5.655,-4.57,-6.035,-5.253,-5.572,-4.319,-5.542,-5.366,-5.929,-5.361,-5.458,-8.425,-5.513,-6.488,-6.739,-5.433,-6.999,-6.016,-5.309,-6.004,-5.917,-6.541,-6.144,-6.736,-6.029,-6.289,-5.443,-5.383,-5.192,-4.535,-6.135,-6.744,-5.731,-6.233,-5.22,-6.75,-6.918,-5.899,-5.109
OptTAR_Fixed_ligprep_20260117_0.5.maegz:134,-6.182,-4.145,-5.147,-4.616,-5.505,-5.329,-6.014,-5.221,-5.81,-4.723,-5.106,-5.364,-4.895,-3.973,-5.911,-5.192,-4.791,-5.717,-5.244,-5.811,-5.407,-5.188,-6.917,-4.047,-6.011,-5.084,-4.85,-7.249,-4.655,-4.917,-5.279,-4.332,-7.279,-7.081,-6.137,-6.264,-5.476,-4.746,-4.807,-6.167,-5.302,-5.54,-4.858,-6.786,-6.112,-4.248,-5.424,-6.377,-5.225,-5.351
OptTAR_Fixed_ligprep_20260117_0.5.maegz:135,-5.904,-4.486,-4.761,-4.261,-4.643,-5.153,-3.716,-4.335,-4.879,-5.157,-3.993,-4.079,-4.175,-3.801,-4.615,-4.869,-3.892,-4.856,-5.24,-5.191,-3.997,-4.267,-8.052,-4.342,-4.009,-4.688,-4.249,-5.592,-4.431,-4.0,-4.524,-5.169,-5.181,-5.647,-5.026,-5.336,-4.328,-3.956,-4.758,-3.826,-4.065,-4.186,-5.078,-5.632,-5.18,-3.939,-4.803,-5.053,-5.199,-4.838
OptTAR_Fixed_ligprep_20260117_0.5.maegz:136,-3.081,-2.382,-4.182,-3.645,-2.267,-4.612,-3.481,-3.204,-3.539,-4.566,-2.686,-3.694,-3.473,-4.774,-5.033,-1.124,-1.914,-2.743,-3.63,-5.188,-2.893,-2.497,-5.447,-2.634,-4.623,-5.018,-2.642,-5.37,-1.458,-3.622,-4.641,-3.887,-4.694,-4.618,-5.544,-4.793,-1.744,-3.75,-3.652,-3.869,-3.469,-3.95,-1.493,-5.024,-3.42,-2.457,-3.818,-1.953,-1.798,-3.002
OptTAR_Fixed_ligprep_20260117_0.5.maegz:137,-5.267,-3.523,-3.979,-3.411,-4.104,-3.714,-3.367,-3.66,-4.807,-4.2,-3.635,-3.392,-1.56,-3.906,-3.127,-3.361,-3.565,-3.069,-4.129,-3.198,-3.307,-3.644,-5.841,-2.845,-3.408,-5.238,-4.803,-3.924,-3.172,-2.345,-3.857,-4.439,-5.022,-4.874,-5.105,-4.525,-4.299,-2.259,-3.12,-4.415,-3.703,-3.731,-3.934,-4.853,-4.706,-4.187,-4.588,-3.873,-5.674,-3.421
OptTAR_Fixed_ligprep_20260117_0.5.maegz:138,-4.116,-2.488,-1.536,-2.308,-2.726,-3.606,-2.597,-1.94,-2.779,-1.528,-3.559,-2.599,-1.85,-2.595,-3.928,-1.817,-2.071,-1.148,-2.654,-0.8895,0.1064,-3.27,-4.445,-1.824,-2.616,-1.434,-2.063,-1.125,-1.387,-2.856,-2.261,-2.991,-2.691,-3.238,-3.625,-1.945,-2.175,-3.564,-2.352,-3.537,-3.209,-2.383,-3.279,-3.784,-2.795,-2.194,-2.682,-3.32,-2.248,-0.7437
OptTAR_Fixed_ligprep_20260117_0.5.maegz:139,-2.754,-3.202,-2.991,-4.346,-1.963,-2.368,-3.262,-0.9323,-2.066,-4.68,-2.62,-3.322,-3.294,-2.485,-4.927,-2.845,-2.571,-1.309,-2.982,-4.634,-2.24,-3.85,-6.036,-3.04,-3.111,-3.501,-3.315,-4.426,-3.019,-1.6,-4.461,-2.243,-3.975,-3.122,-4.589,-1.898,-1.918,-2.804,-3.085,-3.801,-3.248,-2.898,-3.678,-4.778,-3.816,-2.162,-3.1,-2.532,-2.813,-2.83
OptTAR_Fixed_ligprep_20260117_0.5.maegz:140,-4.903,-3.496,-2.989,-4.871,-4.038,-4.369,-3.743,-3.526,-3.563,-5.155,-3.312,-4.001,-3.245,-4.342,-5.24,-3.272,-2.107,-4.369,-4.358,-4.358,-3.134,-4.188,-5.029,-2.978,-3.54,-4.16,-3.888,-4.518,-1.984,-3.503,-5.27,-4.146,-4.242,-4.052,-4.068,-5.137,-3.971,-3.059,-4.353,-3.821,-3.655,-4.381,-3.907,-5.155,-4.143,-3.551,-3.803,-4.705,-3.49,-4.059
OptTAR_Fixed_ligprep_20260117_0.5.maegz:141,-3.584,-0.9367,-2.5,-2.974,-2.884,-3.519,-2.907,-3.812,-2.607,-2.311,-2.894,-2.5,-1.986,-2.498,-3.071,-1.444,-2.121,-2.026,-2.266,-3.1,-2.047,-1.764,-5.54,-2.255,-2.67,-2.072,-2.639,-2.618,-2.505,-2.555,-2.758,-2.065,-3.896,-3.572,-2.984,-3.472,-2.461,-2.575,1.81,-2.576,-3.348,-2.959,-3.251,-4.648,-1.562,-3.194,-3.202,-3.466,-0.4636,-3.01
OptTAR_Fixed_ligprep_20260117_0.5.maegz:142,-4.278,-2.978,-2.488,-3.646,-2.491,-4.62,-2.423,-2.715,-1.87,-3.812,-3.15,-3.638,-2.25,-3.444,-4.672,-3.242,-0.5584,-3.221,-4.006,-3.671,-3.494,-3.12,-4.237,-3.386,-3.071,-4.706,-3.818,-5.729,-3.069,-3.049,-3.512,-1.787,-4.11,-3.657,-5.188,-2.385,-1.735,-2.601,-3.978,-4.111,-3.542,-1.956,-4.097,-4.864,-0.6872,-3.344,-3.815,-3.733,-2.595,-4.798
OptTAR_Fixed_ligprep_20260117_0.5.maegz:143,-7.877,-5.54,-5.418,-4.987,-6.686,-6.05,-6.476,-4.805,-5.433,-5.955,-5.66,-5.34,-4.567,-4.176,-5.187,-5.815,-4.318,-5.633,-5.985,-5.72,-5.043,-5.665,-7.346,-5.316,-6.689,-5.492,-5.92,-6.77,-4.954,-4.787,-6.069,-5.441,-7.04,-7.204,-7.125,-6.226,-5.711,-5.427,-5.132,-5.767,-4.508,-6.184,-6.089,-6.503,-5.747,-5.03,-5.444,-5.639,-6.383,-6.189
OptTAR_Fixed_ligprep_20260117_0.5.maegz:144,-4.147,-3.832,-4.02,-4.048,-5.472,-3.416,-3.747,-2.112,-3.959,-4.217,-1.601,-3.348,-2.645,-3.855,-2.68,-3.866,-3.603,-3.942,-3.534,-2.098,-2.908,-3.901,-5.688,-0.865,-3.526,-5.521,-4.839,-4.369,-2.953,-3.681,-3.455,-4.46,-3.582,-4.616,-4.906,-4.944,-4.775,-2.732,-3.061,-4.996,-3.908,-3.257,-3.64,-4.158,-3.192,-3.818,-3.005,-3.57,-2.957,-5.187
OptTAR_Fixed_ligprep_20260117_0.5.maegz:145,-6.111,-3.788,-3.911,-3.857,-5.963,-5.507,-4.813,-3.91,-4.642,-4.446,-4.625,-4.327,-3.356,-3.717,-4.679,-4.802,-3.62,-3.195,-4.757,-5.084,-3.185,-3.313,-6.855,-3.831,-5.829,-4.723,-3.889,-3.902,-4.329,-4.119,-3.86,-4.677,-6.143,-5.336,-5.541,-4.579,-3.504,-4.551,-4.443,-4.24,-3.83,-4.652,-4.387,-5.326,-3.262,-4.454,-4.864,-4.22,-4.355,-3.758
OptTAR_Fixed_ligprep_20260117_0.5.maegz:146,-8.504,-6.135,-5.687,-5.676,-6.151,-6.568,-6.248,-5.859,-6.092,-6.321,-5.806,-5.158,-4.428,-5.363,-5.632,-7.523,-5.181,-6.18,-6.615,-5.656,-5.795,-5.686,-8.415,-5.38,-5.966,-6.45,-6.201,-7.086,-5.061,-6.175,-6.63,-6.138,-6.937,-7.074,-7.213,-5.692,-5.981,-5.38,-5.491,-5.703,-5.202,-5.735,-6.968,-7.192,-5.568,-5.319,-5.699,-6.939,-7.072,-6.045
OptTAR_Fixed_ligprep_20260117_0.5.maegz:147,-6.544,-3.967,-2.068,-4.125,-3.681,-4.081,-4.198,-3.099,-4.235,-4.953,-3.685,-1.993,-1.8,-2.767,-4.411,-2.554,-2.162,-3.371,-3.496,-3.948,-2.276,-2.864,-6.848,-3.568,-2.739,-3.573,-2.925,-4.608,-1.731,-3.055,-3.763,-3.594,-5.422,-4.43,-4.892,-4.033,-4.225,-3.635,-2.916,-3.491,-4.15,-3.524,-3.085,-4.894,-3.853,-3.276,-4.322,-5.07,-3.381,-4.652
OptTAR_Fixed_ligprep_20260117_0.5.maegz:148,-6.526,-3.127,-1.874,-3.336,-3.014,-3.628,-3.238,-2.103,-1.683,-4.143,-3.533,-3.367,-3.342,-2.824,-3.382,-3.438,-2.892,-3.197,-3.396,-3.817,-2.597,-3.891,-5.833,-2.449,-4.046,-4.123,-3.522,-3.806,-2.331,-2.802,-4.32,-3.467,-5.051,-3.843,-3.652,-4.462,-2.273,-4.622,-2.963,-2.592,-1.476,-3.214,-3.007,-4.588,-0.5734,-2.538,-2.633,-3.922,-3.821,-4.286
OptTAR_Fixed_ligprep_20260117_0.5.maegz:149,-5.417,-2.457,-3.06,-4.049,-3.673,-4.594,-2.531,-3.396,-4.069,-4.911,-3.015,-3.822,-3.462,-1.893,-4.319,-3.637,-2.751,-3.054,-4.284,-4.986,-2.371,-3.411,-6.627,-3.076,-3.743,-4.277,-1.296,-4.532,-3.2,-4.279,-4.301,-1.432,-4.324,-4.812,-4.366,-4.521,-2.733,-2.408,-3.987,-2.714,-4.24,-3.235,-3.657,-4.882,-4.386,-3.929,-3.521,-3.42,-2.852,-3.746
OptTAR_Fixed_ligprep_20260117_0.5.maegz:150,-6.696,-3.99,-2.75,-4.856,-2.074,-3.266,-3.385,-3.032,-3.945,-3.032,-3.307,-4.017,-3.534,-2.305,-4.289,-4.429,-1.861,-3.973,-3.754,-3.857,-2.305,-2.174,-6.792,-4.308,-3.45,-2.938,-3.547,-4.411,-2.906,-3.945,-4.535,-3.1,-5.255,-4.707,-3.797,-2.919,-3.905,-4.545,-3.507,-3.688,-1.914,-3.715,-3.52,-4.566,-3.086,-2.837,-3.654,-3.594,-3.631,-3.865
OptTAR_Fixed_ligprep_20260117_0.5.maegz:151,-6.259,-4.545,-3.07,-4.367,-4.15,-4.822,-3.207,-1.506,-3.865,-4.874,-3.086,-2.289,-3.361,-2.897,-4.222,-3.3,-3.153,-3.692,-3.038,-3.658,-2.801,-1.816,-6.394,-3.588,-3.179,-5.086,-3.658,-3.847,-3.207,-2.278,-3.955,-0.6549,-4.887,-4.631,-4.621,-4.076,-4.253,-4.737,-2.959,-3.537,-4.289,-3.522,-3.306,-5.135,-4.023,-2.838,-3.936,-5.026,-3.627,-3.668
OptTAR_Fixed_ligprep_20260117_0.5.maegz:152,-5.788,-4.223,-3.095,-4.739,-3.946,-4.021,-4.672,-2.693,-2.988,-3.721,-4.006,-3.527,-4.781,-0.6213,-4.304,-3.668,-0.5566,-2.777,-3.99,-4.029,-2.954,-3.06,-6.706,-2.403,-3.356,-2.727,-3.013,-4.726,-3.212,-3.293,-4.663,-1.97,-4.695,-3.596,-4.799,-2.719,-3.744,-2.748,-3.903,-1.704,-2.222,-2.675,-1.691,-5.131,-3.946,-3.77,-3.833,-4.352,-4.151,-3.959
OptTAR_Fixed_ligprep_20260117_0.5.maegz:153,-5.636,-3.083,-2.62,-3.527,-3.633,-3.604,-1.732,-2.754,-3.592,-4.528,-4.645,-2.673,-2.985,-2.416,-4.109,-4.137,-2.798,-2.788,-2.668,-4.49,-3.929,-3.236,-5.807,-3.54,-3.793,-4.277,-3.497,-4.844,-3.094,-2.33,-3.817,-2.934,-4.833,-5.372,-4.841,-4.279,-3.508,-3.98,-3.853,-1.157,-3.423,-3.634,-2.48,-3.088,-3.33,-2.126,-3.989,-4.262,-1.979,-4.522
OptTAR_Fixed_ligprep_20260117_0.5.maegz:154,-5.892,-3.476,-3.247,-3.612,-3.634,-3.312,-3.702,-2.4,-3.755,-4.114,-4.625,-3.437,-2.979,-3.823,-3.779,-3.631,-2.982,-3.855,-3.008,-4.069,-2.918,-3.422,-5.866,-3.437,-2.065,-4.006,-3.119,-4.373,-2.976,-3.222,-4.801,-3.19,-3.981,-4.299,-5.347,-3.594,-4.585,-2.571,-3.895,-3.369,-2.966,-4.072,-2.856,-3.184,-2.599,-3.023,-4.66,-4.41,-3.05,-4.568
OptTAR_Fixed_ligprep_20260117_0.5.maegz:155,-5.846,-3.732,-3.862,-3.877,-3.73,-3.948,-2.918,-3.824,-3.688,-2.291,-4.668,-3.304,-3.622,-3.43,-3.73,-4.184,-3.705,-2.755,-3.607,-4.915,-2.555,-1.455,-6.133,-3.8,-3.523,-4.556,-2.943,-4.282,-3.881,-3.409,-2.945,-3.601,-4.929,-5.496,-5.841,-4.449,-2.111,-2.911,-3.788,-3.248,-2.198,-4.432,-3.633,-3.657,-2.915,-3.864,-5.055,-4.461,-3.195,-4.74
OptTAR_Fixed_ligprep_20260117_0.5.maegz:156,-5.519,-3.531,-3.071,-3.937,-3.491,-3.476,-3.702,-3.035,-2.546,-3.56,-3.896,-4.01,-2.537,-2.971,-3.478,-4.591,-3.689,-3.63,-4.768,-4.23,-3.722,-2.399,-5.543,-4.142,-3.749,-3.531,-3.009,-4.662,-3.7,-4.175,-4.652,-3.043,-5.011,-4.684,-4.252,-2.898,-3.374,-4.725,-4.264,-3.636,-2.018,-3.963,-4.202,-4.343,-3.225,-2.958,-4.098,-4.501,-2.392,-4.01
OptTAR_Fixed_ligprep_20260117_0.5.maegz:157,-5.691,-3.848,-3.68,-3.095,-3.301,-4.615,-3.685,-0.868,-3.617,-4.661,-4.588,-4.088,-3.094,-3.569,-1.88,-4.053,-1.212,-3.695,-3.086,-3.041,-2.657,-3.902,-6.138,-3.315,-3.453,-4.266,-3.811,-4.164,-3.095,-3.321,-5.087,-3.638,-4.949,-5.52,-4.694,-3.64,-3.979,-2.386,-3.988,-3.157,-1.672,-3.345,-2.822,-4.505,-2.989,-2.946,-4.767,-4.799,-3.101,-4.722
OptTAR_Fixed_ligprep_20260117_0.5.maegz:158,-6.262,-4.048,-2.974,-3.654,-3.248,-3.255,-3.789,-1.532,-3.364,-3.235,-3.35,-3.486,-5.177,-2.796,-4.125,-4.303,-3.197,-3.177,-4.596,-4.531,-3.112,-3.893,-5.771,-3.054,-4.347,-2.853,-3.612,-4.805,-3.796,-3.946,-4.518,-2.121,-5.183,-5.679,-5.548,-3.085,-3.77,-3.182,-3.128,-3.991,-2.323,-3.264,-3.047,-4.438,-2.373,-3.765,-4.51,-3.069,-3.613,-4.384
OptTAR_Fixed_ligprep_20260117_0.5.maegz:159,-5.817,-3.239,-2.576,-4.112,-2.808,-3.057,-2.361,-3.225,-3.154,-4.092,-3.592,-3.519,-3.169,-3.512,-4.692,-3.822,-3.148,-3.684,-3.022,-4.694,-3.087,-3.879,-5.799,-3.723,-3.789,-3.528,-2.516,-5.724,-3.116,-3.192,-4.457,-2.131,-4.712,-5.761,-6.01,-4.103,-3.685,-3.016,-3.919,-3.752,-3.527,-3.082,-3.515,-4.434,-3.625,-2.842,-4.679,-4.869,-3.705,-3.842
OptTAR_Fixed_ligprep_20260117_0.5.maegz:160,-6.343,-4.205,-2.423,-3.366,-3.121,-2.962,-2.507,-3.127,-3.767,-3.815,-3.684,-3.344,-3.446,-2.356,-3.899,-2.732,-2.539,-2.449,-3.944,-3.024,-3.729,-3.704,-6.428,-2.587,-4.078,-4.328,-2.818,-4.235,-3.324,-3.756,-4.622,-3.208,-4.415,-4.254,-4.761,-4.303,-3.452,-4.51,-3.488,-3.289,-3.152,-3.759,-2.453,-4.94,-2.039,-2.966,-3.426,-3.671,-3.835,-4.055
OptTAR_Fixed_ligprep_20260117_0.5.maegz:161,-6.599,-4.077,-2.865,-4.126,-4.351,-4.947,-1.794,-3.671,-4.303,-3.075,-3.36,-2.694,-3.269,-2.089,-3.679,-1.221,-3.284,-2.804,-2.546,-3.732,-3.35,-2.922,-6.043,-3.748,-2.766,-4.742,-3.618,-4.729,-1.986,-4.435,-4.083,-1.161,-5.096,-4.632,-4.795,-5.031,-3.178,-2.625,-3.728,-3.505,-3.028,-3.696,-3.626,-5.141,-2.861,-3.362,-3.968,-3.488,-3.615,-4.527
OptTAR_Fixed_ligprep_20260117_0.5.maegz:162,-6.726,-3.458,-2.068,-3.314,-3.39,-2.909,-3.427,-2.316,-3.258,-4.97,-2.87,-4.113,-2.732,-1.585,-4.041,-4.761,-2.399,-3.69,-3.442,-3.923,-3.376,-3.783,-5.436,-2.911,-2.635,-4.467,-3.42,-4.816,-3.02,-3.092,-3.302,-3.662,-5.156,-4.251,-3.943,-4.404,-2.777,-3.362,-4.213,-2.673,-3.761,-3.238,-2.65,-3.841,-1.949,-4.524,-3.179,-4.225,-2.743,-4.037
OptTAR_Fixed_ligprep_20260117_0.5.maegz:163,-6.695,-1.424,-4.122,-3.904,-2.527,-2.607,-1.978,-1.811,-2.993,-3.077,-3.674,-1.853,-4.306,-3.071,-4.279,-1.529,-2.776,-3.058,-2.982,-3.431,-3.907,-3.162,-5.888,-2.614,-2.969,-4.159,-3.254,-4.597,-2.028,-2.005,-3.557,-3.17,-5.44,-4.453,-3.988,-4.127,-3.706,-1.671,-3.451,-4.223,-2.964,-3.262,-3.179,-3.892,-3.281,-3.383,-2.505,-4.493,-3.136,-2.961
OptTAR_Fixed_ligprep_20260117_0.5.maegz:164,-6.629,-4.326,-4.947,-4.959,-4.9,-6.311,-5.968,-5.004,-5.923,-5.17,-5.585,-5.629,-5.267,-4.477,-5.624,-5.276,-5.293,-5.61,-5.641,-5.661,-4.94,-5.825,-7.358,-4.086,-5.983,-5.549,-4.849,-4.903,-5.541,-5.144,-6.104,-5.359,-6.471,-6.074,-6.383,-6.277,-5.649,-5.843,-5.119,-5.118,-4.492,-4.878,-5.107,-5.578,-5.442,-5.051,-6.359,-6.248,-5.263,-5.941
OptTAR_Fixed_ligprep_20260117_0.5.maegz:165,-7.013,-5.065,-4.885,-5.644,-6.046,-6.605,-4.978,-5.083,-5.982,-5.729,-4.715,-4.495,-4.783,-4.695,-4.846,-5.283,-4.437,-5.183,-5.303,-5.07,-5.235,-4.234,-7.783,-4.372,-5.349,-6.114,-5.379,-7.249,-4.194,-5.373,-5.328,-5.813,-6.867,-7.545,-7.835,-5.647,-5.284,-4.573,-5.806,-5.196,-4.938,-5.55,-5.566,-6.926,-5.599,-5.301,-5.826,-6.055,-4.853,-5.253
OptTAR_Fixed_ligprep_20260117_0.5.maegz:166,-5.563,-3.978,-4.633,-4.735,-5.151,-5.429,-5.681,-4.296,-4.507,-5.404,-4.064,-4.389,-4.343,-3.452,-3.612,-3.857,-3.473,-4.701,-5.785,-5.136,-3.998,-4.393,-6.239,-3.836,-4.942,-4.749,-4.422,-6.144,-3.926,-4.036,-5.159,-5.364,-5.458,-5.58,-5.431,-4.544,-4.98,-4.22,-4.371,-5.182,-3.866,-4.807,-5.066,-6.006,-4.593,-4.15,-5.059,-4.82,-5.344,-4.844
OptTAR_Fixed_ligprep_20260117_0.5.maegz:167,-7.045,-5.003,-5.483,-4.986,-6.031,-5.866,-5.88,-4.705,-5.438,-5.646,-4.63,-5.09,-4.731,-4.12,-6.059,-4.503,-4.038,-5.405,-5.854,-5.575,-4.307,-4.784,-6.869,-4.659,-5.599,-4.97,-5.538,-7.144,-4.388,-4.628,-4.962,-4.463,-7.031,-6.493,-7.062,-5.162,-5.723,-4.428,-4.808,-5.19,-3.811,-5.765,-5.36,-5.459,-6.145,-4.152,-6.3,-5.805,-4.862,-5.233
OptTAR_Fixed_ligprep_20260117_0.5.maegz:168,-6.111,-5.241,-4.439,-4.879,-5.046,-5.448,-5.537,-4.123,-5.942,-5.056,-4.718,-4.707,-3.417,-5.418,-5.893,-6.213,-4.543,-5.229,-5.222,-5.116,-4.603,-5.33,-6.292,-4.657,-5.013,-5.446,-4.442,-6.561,-4.31,-4.698,-4.554,-4.335,-6.552,-5.728,-6.511,-5.237,-5.231,-5.552,-6.518,-4.494,-3.502,-5.65,-5.967,-4.586,-5.014,-5.396,-4.731,-6.298,-4.77,-4.762
OptTAR_Fixed_ligprep_20260117_0.5.maegz:169,-5.411,-4.526,-4.543,-5.113,-5.075,-4.846,-4.99,-3.709,-5.09,-5.102,-4.85,-5.061,-4.212,-4.222,-5.032,-4.955,-4.227,-4.686,-5.368,-5.867,-4.248,-4.689,-7.089,-3.991,-5.077,-4.394,-4.281,-5.639,-4.545,-4.365,-4.352,-4.322,-5.608,-5.785,-6.301,-4.868,-4.948,-5.008,-4.785,-4.596,-4.775,-5.359,-5.717,-6.057,-4.507,-4.364,-4.324,-5.827,-4.833,-4.828
OptTAR_Fixed_ligprep_20260117_0.5.maegz:170,-6.047,-3.945,-4.434,-4.979,-6.144,-5.987,-5.45,-4.831,-5.156,-5.422,-5.452,-5.217,-4.647,-4.828,-4.844,-4.711,-4.333,-5.267,-6.052,-5.841,-4.919,-5.085,-6.933,-4.981,-5.633,-5.804,-5.73,-7.008,-4.517,-4.988,-5.371,-5.213,-6.842,-6.525,-6.61,-5.795,-4.766,-6.417,-5.136,-5.588,-5.557,-4.665,-6.005,-6.807,-5.407,-4.442,-6.341,-6.506,-4.057,-5.194
OptTAR_Fixed_ligprep_20260117_0.5.maegz:171,-5.774,-4.977,-3.04,-4.195,-5.782,-5.649,-5.556,-4.809,-5.92,-5.058,-4.806,-4.504,-4.652,-4.384,-5.462,-4.913,-4.227,-4.781,-4.069,-5.798,-3.951,-3.949,-4.71,-4.715,-5.941,-5.764,-6.735,-6.578,-4.287,-4.944,-5.607,-5.137,-5.626,-6.297,-6.411,-6.331,-4.593,-6.155,-4.04,-5.042,-4.334,-5.427,-6.023,-6.413,-5.061,-3.917,-5.42,-5.17,-5.135,-5.289
OptTAR_Fixed_ligprep_20260117_0.5.maegz:172,-5.898,-4.083,-5.002,-5.342,-3.577,-5.972,-2.733,-1.5,-5.642,-4.933,-1.797,-4.8,-3.578,-4.46,-3.734,-5.48,-3.78,-2.996,-6.492,-6.288,-3.487,-4.695,-5.002,-4.097,-3.771,-6.15,-4.519,-6.017,-3.174,-4.244,-1.36,-1.882,-6.269,-6.187,-6.291,-5.653,-3.745,-5.184,-4.686,-4.185,-1.028,-3.218,-2.807,-4.402,-5.398,-2.016,-3.998,-4.438,-5.589,-5.488
OptTAR_Fixed_ligprep_20260117_0.5.maegz:173,-7.102,-4.894,-5.607,-5.45,-6.459,-6.697,-6.297,-4.951,-5.899,-6.521,-4.893,-4.514,-5.255,-4.885,-5.353,-5.479,-4.412,-5.386,-5.711,-6.352,-4.98,-5.024,-7.033,-4.981,-5.035,-4.784,-5.704,-5.249,-4.915,-5.618,-6.41,-5.007,-7.02,-7.17,-7.342,-5.422,-6.194,-4.763,-5.025,-4.913,-4.146,-5.261,-5.492,-5.724,-5.511,-4.61,-4.993,-6.217,-6.211,-5.884
OptTAR_Fixed_ligprep_20260117_0.5.maegz:174,-4.961,-3.776,-3.803,-4.127,-5.286,-4.717,-5.148,-4.736,-5.406,-5.344,-4.994,-3.896,-3.393,-4.708,-4.656,-4.35,-4.156,-5.417,-5.45,-5.629,-4.898,-4.532,-7.139,-3.816,-4.817,-5.46,-4.103,-4.492,-3.498,-3.926,-5.532,-5.45,-5.687,-5.946,-5.462,-5.3,-5.672,-3.825,-4.082,-3.924,-4.776,-4.525,-5.708,-4.239,-4.343,-3.931,-4.874,-5.396,-4.889,-4.74
OptTAR_Fixed_ligprep_20260117_0.5.maegz:175,-6.507,-4.9,-5.155,-5.951,-6.035,-6.093,-7.232,-5.084,-6.137,-6.594,-5.884,-4.873,-5.013,-5.849,-5.598,-6.17,-4.136,-5.934,-5.683,-7.071,-5.236,-6.643,-6.903,-4.985,-6.583,-5.462,-5.579,-6.74,-5.054,-5.925,-7.068,-5.574,-7.448,-7.597,-6.778,-6.197,-5.708,-4.697,-6.617,-5.233,-4.929,-5.918,-6.23,-6.018,-5.173,-5.126,-6.979,-5.737,-5.574,-6.031
OptTAR_Fixed_ligprep_20260117_0.5.maegz:176,-5.66,-4.353,-5.247,-5.966,-4.568,-4.793,-5.824,-4.368,-5.957,-5.375,-5.13,-4.268,-4.26,-4.992,-5.235,-4.962,-4.651,-5.553,-5.183,-4.804,-4.907,-5.167,-7.695,-4.626,-5.016,-5.453,-5.087,-5.448,-3.687,-6.145,-6.381,-4.895,-6.803,-6.317,-6.724,-8.117,-5.573,-4.137,-4.685,-4.664,-5.51,-5.491,-5.196,-4.856,-5.129,-4.11,-4.611,-5.661,-5.443,-4.478
OptTAR_Fixed_ligprep_20260117_0.5.maegz:177,-6.622,-4.93,-4.704,-5.111,-4.831,-5.35,-5.091,-5.018,-5.49,-5.34,-5.002,-4.502,-4.471,-4.241,-5.462,-5.291,-5.098,-5.039,-4.879,-5.357,-5.127,-4.848,-6.805,-4.591,-5.317,-5.606,-4.804,-6.211,-4.748,-5.242,-4.721,-5.024,-5.76,-6.559,-6.434,-5.327,-5.776,-5.313,-4.249,-5.806,-4.087,-5.256,-5.205,-6.634,-5.149,-4.843,-5.256,-6.314,-5.423,-5.307
OptTAR_Fixed_ligprep_20260117_0.5.maegz:178,-6.017,-4.293,-5.454,-3.895,-4.973,-5.565,-5.032,-4.0,-4.832,-4.996,-4.404,-3.965,-3.586,-3.842,-3.72,-4.736,-3.353,-4.276,-5.112,-5.059,-4.732,-4.423,-7.459,-3.545,-3.78,-4.994,-4.366,-5.734,-4.861,-4.236,-4.162,-5.028,-5.957,-6.019,-6.038,-4.292,-5.572,-3.588,-4.023,-4.603,-3.577,-4.874,-4.954,-6.421,-4.639,-3.834,-4.138,-5.499,-4.747,-4.876
OptTAR_Fixed_ligprep_20260117_0.5.maegz:179,-6.546,-4.744,-4.661,-4.283,-5.759,-5.313,-5.874,-5.599,-6.044,-5.256,-5.026,-5.061,-3.916,-4.519,-5.33,-6.326,-5.393,-5.013,-5.988,-5.236,-5.508,-5.833,-7.198,-3.99,-5.044,-5.461,-5.041,-5.753,-4.888,-5.411,-5.243,-6.36,-5.012,-6.921,-6.297,-5.908,-4.491,-5.687,-4.907,-4.201,-6.244,-5.454,-5.389,-6.689,-5.105,-5.653,-4.777,-6.072,-5.531,-4.981
OptTAR_Fixed_ligprep_20260117_0.5.maegz:180,-7.079,-5.544,-5.124,-5.063,-6.041,-6.539,-6.049,-4.919,-6.247,-5.973,-5.701,-5.417,-4.607,-5.093,-5.399,-5.301,-5.106,-6.296,-6.885,-6.059,-4.684,-5.744,-8.487,-5.65,-6.703,-6.206,-5.491,-6.519,-5.205,-5.536,-5.914,-5.322,-6.737,-7.107,-6.902,-5.283,-4.924,-6.055,-5.844,-5.656,-5.141,-5.99,-6.693,-6.524,-5.53,-4.957,-5.567,-6.434,-5.771,-5.875
OptTAR_Fixed_ligprep_20260117_0.5.maegz:181,-6.825,-5.24,-4.597,-4.74,-4.224,-4.688,-4.843,-4.148,-4.32,-5.757,-4.507,-4.342,-3.558,-4.458,-4.569,-4.311,-4.166,-4.434,-5.146,-4.807,-4.662,-4.673,-6.222,-4.362,-4.92,-5.712,-5.134,-5.9,-4.264,-4.158,-4.646,-4.483,-5.572,-5.238,-5.578,-5.675,-5.041,-5.458,-5.499,-4.367,-4.705,-4.755,-4.572,-5.693,-4.948,-4.262,-5.026,-4.782,-5.642,-5.893
OptTAR_Fixed_ligprep_20260117_0.5.maegz:182,-6.397,-5.39,-4.336,-5.106,-5.799,-5.516,-4.994,-4.769,-5.067,-5.321,-4.206,-4.954,-3.657,-4.083,-4.43,-5.084,-3.97,-5.043,-4.537,-5.523,-5.186,-4.442,-6.056,-4.512,-4.437,-6.272,-4.97,-6.288,-3.874,-5.118,-4.886,-4.501,-7.014,-6.624,-6.476,-5.485,-5.5,-5.388,-5.029,-5.184,-3.779,-5.156,-5.83,-5.648,-5.269,-4.746,-6.526,-5.925,-4.972,-5.909
OptTAR_Fixed_ligprep_20260117_0.5.maegz:183,-7.069,-5.034,-4.231,-5.473,-4.59,-5.439,-5.457,-5.164,-4.486,-6.59,-4.486,-4.824,-3.888,-4.777,-4.567,-4.238,-3.929,-4.592,-4.653,-5.737,-5.195,-5.374,-6.096,-4.275,-4.8,-6.12,-5.134,-6.475,-4.842,-5.376,-5.494,-5.18,-5.957,-6.042,-6.876,-4.774,-5.072,-4.474,-5.733,-4.64,-3.951,-4.416,-5.872,-5.478,-5.281,-4.494,-6.25,-6.419,-5.676,-5.565
OptTAR_Fixed_ligprep_20260117_0.5.maegz:184,-7.182,-4.896,-5.542,-6.048,-6.375,-5.574,-5.796,-4.313,-6.527,-5.721,-4.815,-4.691,-4.876,-5.364,-4.922,-5.113,-4.94,-4.631,-6.216,-5.606,-4.998,-5.187,-6.61,-5.547,-5.995,-5.096,-5.873,-6.598,-4.636,-5.778,-5.844,-5.475,-6.953,-8.064,-7.356,-6.158,-4.996,-4.954,-5.433,-5.464,-6.179,-6.277,-6.61,-7.099,-5.2,-5.31,-6.732,-5.95,-5.991,-6.094
OptTAR_Fixed_ligprep_20260117_0.5.maegz:185,-6.301,-4.088,-4.717,-4.616,-6.019,-5.301,-5.16,-4.378,-6.402,-4.757,-4.326,-4.373,-4.277,-4.71,-5.368,-5.419,-3.583,-4.734,-4.899,-5.203,-5.141,-4.748,-6.551,-3.803,-5.195,-4.928,-5.015,-6.541,-4.244,-4.987,-5.259,-4.328,-6.1,-6.867,-6.303,-4.478,-5.692,-4.587,-5.458,-4.338,-4.165,-6.016,-5.082,-6.311,-4.937,-4.462,-4.964,-6.205,-5.074,-4.637
OptTAR_Fixed_ligprep_20260117_0.5.maegz:186,-7.414,-4.687,-5.168,-5.138,-5.895,-5.904,-5.283,-5.162,-6.817,-5.581,-4.342,-5.01,-4.495,-5.624,-5.097,-5.649,-4.197,-5.254,-5.122,-5.811,-5.339,-5.429,-7.023,-5.877,-5.337,-5.431,-5.359,-6.207,-4.595,-5.736,-5.382,-5.807,-6.145,-7.36,-6.637,-5.964,-5.169,-4.883,-5.47,-4.205,-4.768,-5.394,-6.34,-7.824,-5.614,-4.827,-5.254,-5.35,-5.468,-5.286
OptTAR_Fixed_ligprep_20260117_0.5.maegz:187,-7.093,-4.142,-4.841,-5.259,-5.867,-5.897,-6.338,-5.052,-6.976,-5.631,-4.032,-4.787,-4.481,-5.142,-5.308,-5.515,-4.097,-4.889,-4.257,-5.44,-5.118,-5.688,-7.024,-4.828,-5.914,-5.937,-5.109,-6.175,-4.581,-5.752,-5.857,-4.985,-6.247,-7.136,-7.689,-5.317,-5.868,-4.409,-5.172,-5.423,-4.458,-7.157,-5.45,-7.128,-4.959,-4.925,-7.268,-5.569,-5.554,-5.207
OptTAR_Fixed_ligprep_20260117_0.5.maegz:188,-6.221,-4.256,-4.259,-4.994,-6.082,-4.265,-5.2,-5.198,-6.986,-4.521,-3.923,-3.772,-4.636,-4.925,-5.192,-5.246,-4.151,-4.403,-4.733,-5.851,-4.72,-5.497,-8.344,-5.123,-5.577,-5.633,-5.339,-6.39,-4.241,-4.992,-5.054,-4.288,-6.012,-6.998,-6.496,-6.639,-5.971,-4.767,-5.255,-4.09,-4.681,-5.13,-6.888,-6.357,-5.034,-4.652,-5.489,-5.335,-5.598,-4.502
OptTAR_Fixed_ligprep_20260117_0.5.maegz:189,-7.159,-5.23,-5.687,-5.579,-6.771,-5.925,-5.966,-5.161,-6.607,-4.909,-4.403,-5.779,-4.457,-5.662,-5.078,-5.985,-4.292,-5.263,-5.45,-6.172,-4.815,-4.826,-7.861,-4.837,-5.38,-5.797,-5.207,-5.951,-4.898,-4.94,-5.615,-5.755,-6.186,-7.342,-6.777,-5.96,-5.602,-4.621,-5.245,-4.794,-5.587,-6.122,-6.449,-7.382,-5.717,-4.437,-5.363,-6.54,-6.043,-5.307
OptTAR_Fixed_ligprep_20260117_0.5.maegz:190,-6.749,-3.051,-4.783,-4.936,-5.96,-5.061,-6.254,-4.627,-6.189,-5.625,-5.103,-5.057,-4.262,-5.383,-5.178,-5.474,-5.07,-5.701,-5.912,-6.19,-4.613,-5.712,-6.71,-4.073,-4.442,-4.483,-5.15,-7.159,-4.52,-5.075,-5.188,-4.976,-5.703,-7.185,-6.428,-6.012,-5.221,-4.463,-3.624,-5.051,-4.292,-6.032,-5.989,-5.012,-5.298,-4.446,-4.605,-5.272,-4.994,-5.013
OptTAR_Fixed_ligprep_20260117_0.5.maegz:191,-6.92,-3.76,-5.226,-5.11,-6.096,-4.195,-5.489,-4.521,-5.684,-5.2,-4.352,-5.601,-4.879,-3.431,-5.211,-5.166,-4.134,-5.084,-5.337,-5.191,-4.484,-5.964,-6.72,-4.734,-5.543,-5.134,-5.578,-6.009,-4.875,-5.097,-5.516,-4.322,-5.492,-6.769,-6.56,-4.873,-5.071,-5.378,-4.978,-4.622,-3.959,-5.899,-5.413,-5.98,-5.016,-4.595,-5.795,-6.783,-4.578,-5.306
OptTAR_Fixed_ligprep_20260117_0.5.maegz:192,-7.259,-4.325,-4.318,-5.733,-5.412,-6.115,-5.981,-4.934,-6.127,-5.348,-5.166,-5.185,-4.533,-5.22,-5.071,-4.17,-4.186,-4.477,-4.694,-6.768,-6.224,-6.317,-6.013,-5.205,-5.353,-5.204,-6.128,-7.387,-4.962,-5.211,-5.97,-5.182,-6.549,-7.543,-6.2,-6.605,-5.453,-4.465,-4.332,-5.339,-6.13,-6.635,-5.423,-6.535,-5.757,-5.131,-6.172,-6.008,-5.245,-4.333
OptTAR_Fixed_ligprep_20260117_0.5.maegz:193,-7.165,-4.229,-5.228,-4.696,-5.996,-6.316,-5.712,-4.035,-6.053,-5.369,-4.464,-6.119,-5.082,-5.468,-4.877,-6.065,-4.735,-5.03,-6.722,-5.273,-5.558,-6.107,-7.28,-4.523,-5.705,-5.346,-5.626,-7.441,-4.455,-6.496,-5.916,-5.103,-6.2,-7.018,-7.041,-5.237,-5.229,-5.276,-5.063,-5.093,-4.882,-6.636,-4.718,-7.088,-4.913,-4.713,-6.48,-6.324,-5.153,-6.001
OptTAR_Fixed_ligprep_20260117_0.5.maegz:194,-6.249,-4.525,-5.56,-5.492,-6.464,-5.53,-6.676,-4.183,-5.114,-5.651,-4.675,-4.966,-5.52,-4.95,-5.017,-4.589,-3.947,-5.218,-5.163,-6.269,-4.134,-5.932,-6.833,-4.513,-5.766,-4.935,-5.003,-7.262,-5.199,-5.124,-6.014,-5.062,-6.821,-6.64,-5.517,-5.902,-5.149,-4.27,-5.244,-4.221,-4.235,-5.644,-4.233,-5.68,-4.917,-4.58,-4.75,-6.566,-4.738,-4.541
OptTAR_Fixed_ligprep_20260117_0.5.maegz:195,-6.696,-4.905,-5.254,-5.0,-5.58,-5.053,-5.864,-4.25,-6.134,-4.521,-4.683,-4.917,-4.86,-4.067,-5.444,-4.619,-4.445,-5.009,-5.805,-5.678,-4.477,-6.308,-7.445,-4.456,-5.799,-4.704,-5.953,-6.79,-4.642,-4.825,-4.913,-4.741,-5.535,-7.183,-6.716,-6.866,-5.299,-3.656,-5.201,-4.534,-5.12,-5.243,-4.596,-6.927,-4.49,-4.88,-5.362,-6.096,-5.398,-6.828
OptTAR_Fixed_ligprep_20260117_0.5.maegz:196,-6.821,-3.611,-4.075,-5.014,-5.152,-5.323,-5.866,-4.598,-6.546,-4.551,-4.88,-4.602,-3.873,-4.722,-4.967,-4.864,-3.965,-4.852,-4.59,-5.011,-4.707,-4.27,-6.591,-4.162,-4.312,-5.255,-4.82,-6.268,-4.49,-5.233,-5.295,-4.311,-4.866,-6.355,-6.767,-5.866,-4.567,-4.724,-4.245,-4.559,-3.943,-6.054,-3.783,-5.046,-4.857,-3.975,-4.865,-6.243,-5.14,-4.425
OptTAR_Fixed_ligprep_20260117_0.5.maegz:197,-6.338,-4.38,-5.364,-5.37,-4.7,-5.072,-6.236,-4.55,-7.448,-5.405,-4.827,-5.036,-3.592,-5.789,-5.167,-5.751,-4.445,-4.113,-5.223,-5.544,-4.588,-6.163,-7.125,-4.965,-5.308,-5.597,-5.094,-6.97,-4.171,-5.931,-6.053,-4.805,-6.16,-7.082,-6.912,-7.119,-4.619,-4.098,-4.641,-4.561,-4.153,-5.857,-4.996,-6.945,-4.869,-4.844,-4.73,-5.888,-5.534,-4.745
OptTAR_Fixed_ligprep_20260117_0.5.maegz:198,-7.04,-4.985,-4.536,-5.232,-5.28,-6.023,-6.289,-4.7,-6.615,-6.033,-4.922,-5.645,-4.974,-4.631,-4.849,-4.862,-4.587,-3.912,-5.528,-4.942,-4.427,-5.069,-6.895,-5.347,-4.702,-4.786,-4.494,-6.476,-4.779,-5.326,-6.47,-5.198,-6.514,-7.089,-6.448,-6.082,-5.634,-4.148,-5.591,-4.534,-4.217,-6.012,-3.839,-5.454,-5.132,-4.586,-5.222,-6.021,-5.173,-5.487
OptTAR_Fixed_ligprep_20260117_0.5.maegz:199,-7.221,-5.151,-5.209,-4.93,-5.434,-6.462,-5.522,-4.745,-7.159,-5.721,-4.379,-4.163,-4.508,-5.701,-5.204,-5.567,-4.072,-4.72,-4.633,-5.153,-4.517,-4.854,-4.758,-4.746,-5.175,-4.836,-5.027,-5.885,-4.315,-4.87,-4.806,-5.432,-4.727,-7.1,-7.05,-6.427,-4.55,-3.458,-4.772,-4.499,-3.508,-5.942,-5.53,-5.716,-5.562,-3.725,-6.638,-5.214,-5.266,-5.539
OptTAR_Fixed_ligprep_20260117_0.5.maegz:200,-6.728,-4.174,-4.435,-4.54,-5.193,-4.617,-3.815,-4.234,-6.646,-5.278,-6.12,-5.628,-4.027,-4.07,-5.012,-4.148,-4.117,-5.536,-4.037,-4.113,-4.403,-4.488,-6.86,-4.786,-3.439,-4.339,-4.214,-6.437,-5.076,-4.358,-5.198,-4.282,-5.473,-7.16,-7.226,-6.106,-5.545,-5.249,-3.8,-4.709,-4.547,-5.82,-4.684,-3.747,-5.316,-4.448,-5.723,-6.484,-4.444,-4.363
OptTAR_Fixed_ligprep_20260117_0.5.maegz:201,-5.539,-4.263,-4.617,-4.36,-5.39,-5.635,-5.04,-4.654,-5.39,-4.738,-5.012,-5.691,-3.669,-4.354,-4.328,-4.178,-3.802,-4.802,-6.441,-6.324,-4.469,-4.465,-6.794,-4.31,-4.623,-4.158,-4.619,-5.861,-4.007,-4.316,-4.816,-3.645,-4.99,-6.375,-6.502,-6.156,-5.347,-4.031,-3.655,-4.446,-3.304,-5.932,-5.12,-5.994,-4.389,-3.245,-5.238,-6.385,-4.257,-4.431
OptTAR_Fixed_ligprep_20260117_0.5.maegz:202,-6.371,-3.765,-4.193,-4.308,-5.673,-5.226,-4.672,-5.604,-5.74,-4.653,-6.152,-3.951,-2.856,-4.497,-4.43,-4.665,-4.407,-5.139,-5.212,-3.941,-3.624,-4.717,-7.235,-4.93,-3.88,-4.401,-3.978,-6.152,-3.416,-4.695,-5.009,-4.464,-4.795,-5.354,-6.329,-5.979,-5.529,-5.071,-4.437,-4.424,-4.027,-4.567,-5.052,-5.307,-5.078,-4.443,-5.277,-6.435,-4.235,-3.887
OptTAR_Fixed_ligprep_20260117_0.5.maegz:203,-6.645,-3.393,-3.755,-3.572,-5.629,-5.211,-5.019,-4.099,-5.617,-4.771,-3.946,-5.364,-3.223,-4.496,-4.35,-3.777,-4.343,-4.648,-5.208,-5.628,-3.492,-4.12,-7.599,-3.737,-3.449,-5.669,-4.88,-6.041,-3.354,-3.865,-4.22,-4.022,-5.059,-6.473,-6.637,-6.9,-5.301,-3.371,-4.517,-3.774,-3.425,-5.433,-4.82,-4.995,-4.163,-3.925,-5.065,-5.529,-3.607,-4.265
OptTAR_Fixed_ligprep_20260117_0.5.maegz:204,-6.749,-4.169,-4.795,-4.956,-5.662,-5.608,-4.219,-3.726,-5.306,-4.007,-3.444,-4.264,-4.262,-4.845,-5.939,-5.299,-3.775,-4.782,-5.542,-5.516,-4.854,-4.925,-6.581,-3.924,-4.605,-5.013,-4.895,-6.303,-3.318,-4.615,-4.66,-4.67,-6.627,-5.796,-7.39,-6.757,-3.901,-3.983,-4.49,-4.936,-4.217,-5.309,-5.625,-4.535,-4.234,-5.127,-7.434,-5.707,-4.252,-5.103
OptTAR_Fixed_ligprep_20260117_0.5.maegz:205,-5.653,-3.739,-5.146,-4.21,-5.37,-4.869,-4.577,-3.962,-5.339,-4.222,-3.906,-4.411,-4.046,-4.129,-5.164,-3.99,-3.811,-5.378,-4.713,-4.674,-4.497,-4.367,-6.576,-4.533,-5.076,-5.49,-4.653,-6.217,-5.582,-4.386,-5.443,-4.086,-4.253,-5.774,-5.689,-4.877,-3.722,-4.321,-4.514,-4.549,-4.985,-4.961,-5.019,-4.856,-4.646,-4.604,-4.64,-4.86,-4.744,-5.42
OptTAR_Fixed_ligprep_20260117_0.5.maegz:206,-5.675,-4.196,-4.776,-3.961,-5.435,-4.637,-3.987,-4.255,-5.745,-4.367,-4.544,-5.072,-4.021,-4.432,-5.137,-4.551,-4.06,-4.334,-4.731,-5.206,-4.926,-4.167,-6.855,-4.137,-5.871,-5.591,-4.46,-4.632,-5.444,-4.251,-4.72,-4.597,-4.651,-5.661,-4.709,-4.817,-4.963,-3.595,-4.723,-4.436,-4.34,-4.86,-5.318,-5.387,-5.138,-4.545,-4.734,-4.468,-4.86,-5.826
OptTAR_Fixed_ligprep_20260117_0.5.maegz:207,-7.327,-5.234,-3.274,-4.516,-4.931,-4.543,-3.213,-4.189,-5.163,-4.572,-4.087,-4.142,-3.232,-3.301,-4.058,-4.231,-4.019,-3.98,-4.942,-3.969,-3.868,-4.034,-4.979,-3.396,-4.368,-4.682,-4.968,-5.034,-3.699,-4.169,-5.212,-3.132,-5.716,-4.904,-5.487,-5.064,-3.651,-4.462,-3.971,-4.471,-3.246,-4.71,-4.021,-5.629,-3.789,-4.064,-4.01,-4.47,-5.126,-5.536
OptTAR_Fixed_ligprep_20260117_0.5.maegz:208,-3.852,-4.73,-2.952,-3.837,-3.948,-5.049,-4.622,-4.229,-4.859,-4.573,-3.748,-3.984,-3.571,-3.113,-4.386,-4.833,-3.154,-4.207,-4.999,-3.598,-3.644,-3.778,-5.041,-3.233,-4.029,-4.808,-4.062,-5.045,-3.531,-3.725,-4.088,-4.164,-4.16,-4.575,-4.678,-5.169,-3.673,-3.207,-4.035,-3.953,-3.45,-4.062,-3.954,-4.881,-4.567,-4.229,-3.694,-4.603,-4.333,-4.901
OptTAR_Fixed_ligprep_20260117_0.5.maegz:209,-6.27,-3.217,-4.448,-4.39,-3.045,-3.537,-4.604,-3.449,-3.412,-5.076,-2.636,-2.884,-0.7464,-1.803,-3.953,-3.835,-3.73,-4.426,-4.054,-4.644,-4.079,-3.372,-4.623,-3.449,-3.784,-4.852,-4.205,-4.596,-3.029,-4.577,-5.229,-3.58,-5.274,-4.979,-5.122,-5.654,-1.27,-1.337,-5.397,-2.499,-1.482,-4.466,-3.148,-3.482,-4.436,-2.407,-1.938,-4.076,-5.302,-3.93
OptTAR_Fixed_ligprep_20260117_0.5.maegz:210,-6.708,-5.901,-4.391,-4.08,-5.169,-4.972,-4.19,-3.656,-5.532,-5.823,-4.038,-4.112,-5.746,-4.174,-4.622,-5.653,-4.892,-4.843,-4.093,-5.474,-5.176,-5.224,-7.05,-4.923,-3.933,-6.29,-5.155,-6.151,-4.696,-5.199,-5.288,-4.468,-5.532,-5.424,-6.366,-4.247,-6.5,-3.995,-4.96,-5.642,-4.328,-4.524,-5.39,-6.262,-5.699,-3.55,-4.91,-5.497,-4.639,-5.073
OptTAR_Fixed_ligprep_20260117_0.5.maegz:211,-7.217,-3.292,-4.293,-4.984,-4.299,-5.284,-5.083,-3.885,-5.188,-4.659,-4.349,-4.275,-3.466,-3.911,-5.383,-5.582,-3.603,-5.383,-4.101,-5.318,-5.243,-4.824,-7.248,-4.276,-4.409,-4.115,-4.398,-5.754,-3.976,-5.03,-6.015,-5.766,-4.375,-6.835,-5.886,-4.754,-4.924,-4.535,-4.821,-4.302,-3.748,-5.533,-4.742,-5.684,-5.328,-3.861,-3.994,-5.181,-5.739,-5.366
OptTAR_Fixed_ligprep_20260117_0.5.maegz:212,-7.219,-5.396,-3.822,-4.799,-3.773,-5.004,-4.687,-4.709,-4.362,-4.667,-4.92,-4.449,-3.476,-4.083,-5.369,-3.948,-4.223,-5.043,-3.793,-4.667,-4.694,-3.502,-5.769,-4.399,-4.215,-4.787,-3.202,-5.4,-3.698,-3.423,-6.0,-4.199,-5.585,-5.366,-5.505,-6.001,-5.142,-3.979,-4.78,-5.655,-3.805,-4.218,-4.445,-3.941,-4.15,-3.761,-4.69,-6.826,-5.223,-4.948
OptTAR_Fixed_ligprep_20260117_0.5.maegz:213,-5.433,-5.788,-3.57,-3.753,-3.839,-4.326,-3.323,-3.143,-3.777,-4.772,-4.729,-4.167,-3.074,-2.278,-4.094,-3.605,-2.802,-4.561,-4.524,-3.911,-2.826,-3.368,-5.378,-2.6,-3.219,-4.222,-4.088,-4.163,-4.07,-3.593,-3.986,-2.031,-5.023,-5.652,-5.362,-4.93,-4.783,-3.629,-4.812,-4.472,-2.071,-2.648,-3.541,-5.655,-4.857,-3.696,-3.973,-4.149,-3.483,-3.891
OptTAR_Fixed_ligprep_20260117_0.5.maegz:214,-5.765,-3.521,-3.993,-4.491,-5.237,-4.485,-4.36,-3.939,-3.829,-5.057,-4.045,-4.415,-4.205,-3.983,-4.398,-3.926,-4.294,-4.031,-4.691,-4.275,-3.968,-3.571,-6.846,-4.053,-4.513,-4.095,-4.046,-4.809,-4.319,-4.226,-4.15,-4.254,-5.434,-5.88,-5.458,-5.371,-3.836,-4.373,-3.918,-4.024,-4.51,-4.074,-4.043,-6.415,-3.448,-4.077,-4.016,-5.587,-4.388,-4.411
OptTAR_Fixed_ligprep_20260117_0.5.maegz:215,-7.234,-4.808,-5.928,-6.431,-7.236,-6.796,-6.598,-6.291,-5.874,-6.519,-5.918,-6.373,-5.909,-5.821,-6.195,-6.665,-6.049,-6.527,-6.494,-6.686,-5.548,-5.594,-8.673,-6.118,-6.696,-5.46,-6.483,-7.904,-5.139,-5.694,-6.807,-6.206,-6.593,-7.2,-6.393,-6.288,-5.36,-5.733,-6.631,-5.952,-5.909,-6.321,-7.05,-6.854,-6.289,-5.949,-6.535,-6.512,-5.735,-6.421
OptTAR_Fixed_ligprep_20260117_0.5.maegz:216,-7.027,-4.923,-5.75,-6.296,-6.852,-6.747,-6.694,-5.2,-5.938,-6.1,-5.995,-6.319,-5.574,-5.785,-5.9,-6.305,-5.728,-6.015,-6.924,-6.177,-6.55,-6.02,-8.152,-6.092,-6.904,-5.318,-6.347,-7.56,-5.717,-5.584,-6.747,-6.463,-7.239,-6.767,-6.583,-6.344,-6.081,-5.933,-6.238,-5.64,-5.751,-6.417,-5.684,-6.814,-6.446,-5.986,-5.457,-5.954,-6.175,-6.249
OptTAR_Fixed_ligprep_20260117_0.5.maegz:217,-5.253,-3.065,-4.279,-4.38,-4.56,-4.627,-4.294,-3.367,-3.943,-4.18,-4.319,-4.445,-3.965,-3.859,-4.161,-4.282,-4.005,-4.142,-4.406,-4.807,-3.2,-4.279,-6.886,-4.515,-3.856,-3.827,-3.456,-5.572,-3.638,-3.386,-3.682,-4.089,-4.45,-4.344,-5.108,-4.083,-3.892,-3.749,-3.429,-5.189,-4.147,-3.851,-5.008,-4.969,-3.984,-3.781,-4.17,-5.359,-3.984,-4.288
OptTAR_Fixed_ligprep_20260117_0.5.maegz:218,-6.669,-3.975,-4.782,-5.069,-5.708,-5.326,-5.273,-4.399,-5.376,-5.373,-5.885,-4.653,-4.797,-4.143,-4.232,-4.396,-4.678,-4.99,-5.047,-5.344,-4.356,-4.333,-7.358,-4.634,-5.403,-5.336,-5.093,-6.006,-4.551,-5.088,-5.043,-4.557,-5.775,-5.934,-7.077,-4.719,-4.769,-4.716,-4.772,-4.893,-4.552,-5.607,-5.509,-6.103,-4.434,-4.984,-6.126,-5.96,-4.626,-5.391
OptTAR_Fixed_ligprep_20260117_0.5.maegz:219,-7.107,-4.442,-5.426,-4.883,-5.803,-6.363,-6.025,-4.607,-5.519,-4.845,-4.373,-5.225,-4.506,-4.041,-4.479,-5.304,-4.367,-5.232,-6.307,-5.532,-4.765,-4.898,-7.035,-4.437,-6.022,-5.409,-5.263,-5.374,-4.828,-4.682,-5.156,-4.497,-6.132,-5.623,-5.582,-5.014,-4.827,-5.735,-5.371,-5.074,-4.877,-4.515,-4.977,-6.614,-4.548,-4.526,-4.871,-5.007,-5.542,-6.46
OptTAR_Fixed_ligprep_20260117_0.5.maegz:220,-6.531,-4.552,-4.732,-5.272,-5.767,-6.079,-5.649,-4.461,-5.073,-5.106,-5.284,-5.486,-4.861,-4.438,-5.782,-5.011,-4.237,-4.792,-6.38,-6.137,-5.171,-4.657,-6.614,-4.353,-4.891,-6.296,-5.207,-6.509,-4.409,-4.792,-5.385,-4.059,-6.162,-7.137,-6.533,-4.67,-4.893,-4.816,-5.111,-5.381,-5.085,-5.418,-4.809,-7.135,-5.218,-4.931,-5.493,-7.039,-5.171,-5.801
OptTAR_Fixed_ligprep_20260117_0.5.maegz:221,-5.749,-4.303,-5.695,-5.862,-5.502,-6.183,-4.919,-5.231,-5.913,-5.418,-5.537,-5.894,-4.598,-4.659,-5.015,-5.391,-4.738,-6.251,-5.555,-6.023,-4.71,-5.06,-8.01,-4.747,-5.854,-5.292,-5.52,-6.58,-5.537,-5.272,-5.93,-4.986,-5.93,-6.265,-6.177,-6.445,-4.943,-5.341,-5.596,-5.7,-5.06,-5.249,-5.511,-5.211,-5.641,-5.284,-4.471,-5.883,-5.899,-6.349
OptTAR_Fixed_ligprep_20260117_0.5.maegz:222,-6.952,-4.76,-4.705,-4.775,-6.369,-4.876,-4.423,-4.789,-5.03,-4.949,-4.66,-4.851,-4.237,-4.382,-5.13,-5.502,-4.539,-5.764,-4.868,-5.365,-5.358,-4.568,-6.081,-4.548,-5.385,-4.884,-4.611,-5.202,-4.426,-4.693,-4.603,-4.529,-5.5,-6.069,-5.657,-5.749,-5.44,-5.876,-5.827,-4.954,-4.737,-5.297,-5.685,-6.59,-5.569,-4.394,-4.752,-4.777,-5.714,-4.972
OptTAR_Fixed_ligprep_20260117_0.5.maegz:223,-7.063,-4.697,-4.37,-5.125,-6.149,-6.467,-4.872,-4.552,-5.562,-5.899,-5.327,-5.199,-4.185,-4.118,-4.242,-5.024,-4.303,-5.196,-5.2,-4.892,-4.853,-4.95,-6.92,-4.748,-4.907,-5.249,-4.306,-6.188,-4.523,-4.626,-5.101,-4.393,-5.682,-6.042,-5.754,-5.492,-5.109,-3.976,-4.754,-4.744,-4.789,-4.633,-5.634,-6.0,-5.684,-4.912,-5.342,-5.473,-5.518,-5.485
OptTAR_Fixed_ligprep_20260117_0.5.maegz:224,-5.239,-2.798,-3.449,-4.263,-4.468,-4.532,-4.659,-3.763,-3.959,-3.981,-4.288,-3.316,-3.43,-3.469,-4.529,-3.611,-3.712,-4.151,-4.479,-4.446,-3.562,-4.27,-6.013,-3.453,-4.236,-4.48,-4.248,-5.38,-3.802,-3.756,-4.502,-3.966,-5.009,-5.353,-5.08,-5.098,-4.665,-4.457,-4.565,-4.93,-3.986,-4.332,-4.341,-5.833,-4.024,-3.748,-3.897,-5.701,-5.055,-3.87
OptTAR_Fixed_ligprep_20260117_0.5.maegz:225,-5.329,-4.486,-4.563,-3.928,-5.56,-5.502,-4.937,-4.242,-6.339,-5.26,-5.048,-5.013,-4.043,-5.683,-4.543,-4.273,-4.364,-5.058,-4.934,-4.784,-4.584,-4.519,-6.804,-4.019,-5.016,-4.843,-4.836,-5.803,-4.086,-4.16,-5.337,-5.34,-5.692,-5.767,-5.582,-6.143,-4.175,-5.138,-4.612,-5.337,-4.89,-4.811,-4.468,-6.114,-4.248,-4.071,-5.019,-4.743,-5.58,-5.201
OptTAR_Fixed_ligprep_20260117_0.5.maegz:226,-6.281,-5.234,-3.911,-4.963,-3.87,-5.319,-4.587,-4.035,-4.342,-4.928,-3.556,-4.147,-3.378,-3.536,-4.72,-5.024,-3.96,-4.267,-4.049,-4.482,-4.52,-5.126,-6.911,-4.066,-4.275,-6.072,-4.242,-5.592,-4.797,-4.315,-5.641,-3.693,-4.801,-5.724,-5.773,-5.2,-4.921,-3.918,-4.584,-4.474,-3.884,-5.188,-4.898,-5.93,-4.841,-4.485,-4.279,-5.469,-5.503,-5.385
OptTAR_Fixed_ligprep_20260117_0.5.maegz:227,-6.813,-4.694,-4.876,-4.647,-5.769,-5.67,-5.658,-4.312,-6.02,-4.974,-4.919,-4.939,-5.311,-5.109,-4.762,-4.841,-4.211,-5.992,-7.127,-6.479,-4.488,-5.956,-7.68,-4.474,-5.629,-5.008,-6.177,-6.674,-6.897,-4.71,-5.728,-5.473,-6.298,-5.773,-6.387,-5.929,-6.916,-6.228,-6.514,-5.669,-4.824,-6.23,-5.567,-6.778,-4.951,-4.158,-5.01,-6.656,-5.543,-6.922
OptTAR_Fixed_ligprep_20260117_0.5.maegz:228,-5.664,-5.232,-3.576,-4.872,-3.365,-3.746,-2.929,-3.059,-3.687,-4.891,-4.277,-3.151,-3.779,-3.399,-3.713,-4.153,-3.578,-3.179,-3.989,-4.467,-3.587,-3.458,-5.184,-3.284,-3.137,-4.391,-4.17,-6.152,-4.227,-3.113,-4.923,-3.081,-4.342,-5.399,-5.285,-4.044,-3.127,-3.189,-4.609,-4.394,-3.485,-3.657,-2.827,-4.42,-5.12,-3.907,-3.435,-4.148,-4.86,-4.37
OptTAR_Fixed_ligprep_20260117_0.5.maegz:229,-5.681,-5.108,-3.704,-3.863,-3.028,-4.572,-5.24,-3.154,-3.433,-4.4,-3.378,-2.71,-3.777,-3.249,-3.669,-3.571,-3.659,-4.763,-4.647,-4.0,-4.255,-4.295,-6.288,-3.004,-3.682,-4.37,-4.119,-4.498,-3.92,-4.332,-5.074,-3.148,-5.34,-4.577,-4.494,-4.875,-3.286,-4.642,-4.095,-4.831,-3.415,-3.582,-3.075,-4.636,-4.763,-3.636,-3.365,-4.108,-4.168,-5.613
OptTAR_Fixed_ligprep_20260117_0.5.maegz:230,-5.572,-5.099,-3.446,-4.175,-3.514,-4.919,-4.023,-3.804,-3.759,-4.815,-3.935,-3.474,-3.41,-3.671,-4.192,-4.097,-4.033,-3.898,-4.744,-4.199,-4.064,-3.899,-5.565,-3.848,-5.191,-5.342,-4.456,-4.499,-4.451,-3.136,-3.801,-4.232,-4.217,-5.827,-4.972,-4.873,-4.745,-3.876,-4.152,-4.538,-4.403,-4.301,-4.534,-6.025,-4.161,-3.936,-4.042,-4.636,-3.756,-5.241
OptTAR_Fixed_ligprep_20260117_0.5.maegz:231,-6.589,-5.278,-3.502,-3.853,-4.218,-3.956,-4.099,-4.162,-4.112,-4.859,-4.254,-3.972,-2.654,-3.057,-3.768,-4.935,-3.348,-4.51,-5.345,-3.779,-4.001,-3.677,-4.854,-4.201,-3.801,-4.577,-3.705,-5.266,-3.476,-3.64,-4.295,-3.478,-4.401,-4.517,-5.266,-5.158,-4.023,-3.242,-3.94,-3.987,-3.437,-5.168,-3.945,-5.15,-4.663,-4.143,-4.356,-4.283,-5.369,-4.438
OptTAR_Fixed_ligprep_20260117_0.5.maegz:232,-3.733,-2.282,-3.103,-2.901,-4.287,-3.672,-3.292,-3.201,-4.246,-2.864,-2.71,-2.902,-3.066,-2.793,-3.418,-3.54,-3.0,-3.523,-3.494,-3.83,-2.935,-3.604,-4.831,-2.984,-4.336,-3.611,-2.906,-3.836,-4.006,-3.399,-4.272,-3.111,-3.261,-4.377,-4.28,-3.489,-4.006,-3.043,-3.977,-3.648,-2.823,-3.321,-3.537,-3.927,-3.882,-2.97,-2.829,-4.001,-3.218,-5.238
OptTAR_Fixed_ligprep_20260117_0.5.maegz:233,-7.13,-5.287,-4.205,-4.6,-4.498,-5.619,-4.816,-3.863,-4.821,-5.085,-4.844,-4.046,-5.199,-4.677,-4.885,-5.477,-3.921,-4.72,-4.67,-4.301,-4.698,-4.513,-6.199,-4.022,-4.825,-5.509,-5.521,-5.896,-4.617,-5.28,-6.372,-3.976,-5.783,-5.801,-5.637,-4.818,-5.181,-4.14,-5.724,-4.314,-3.703,-5.548,-4.314,-5.775,-6.132,-5.027,-5.018,-5.174,-6.201,-6.289
OptTAR_Fixed_ligprep_20260117_0.5.maegz:234,-7.172,-3.816,-4.603,-4.753,-5.635,-6.351,-5.174,-4.656,-6.122,-5.479,-5.988,-5.47,-5.208,-5.152,-5.22,-4.426,-4.03,-5.373,-5.582,-5.522,-4.432,-4.562,-6.763,-4.156,-5.275,-6.668,-5.936,-5.758,-4.335,-4.685,-6.672,-5.513,-5.866,-5.308,-5.647,-6.249,-5.057,-4.971,-5.127,-5.15,-4.98,-5.391,-4.758,-7.011,-5.654,-4.929,-4.773,-5.095,-6.718,-6.061
OptTAR_Fixed_ligprep_20260117_0.5.maegz:235,-6.201,-4.26,-4.339,-4.171,-4.99,-4.817,-4.43,-4.581,-4.581,-5.701,-4.585,-4.769,-4.236,-4.844,-3.944,-4.043,-4.818,-4.63,-4.626,-5.623,-5.488,-5.171,-5.391,-4.557,-4.001,-5.333,-5.317,-5.092,-3.659,-4.075,-5.038,-4.289,-5.613,-5.142,-5.561,-4.225,-5.092,-3.818,-4.659,-3.768,-4.673,-4.394,-5.426,-5.027,-4.77,-4.726,-4.784,-5.164,-5.017,-5.632
OptTAR_Fixed_ligprep_20260117_0.5.maegz:236,-7.43,-4.312,-5.033,-5.777,-6.45,-7.036,-6.468,-4.941,-6.534,-5.534,-6.674,-5.941,-5.662,-5.487,-5.258,-4.327,-4.289,-5.912,-6.125,-6.678,-5.927,-5.608,-7.773,-5.352,-6.251,-5.279,-5.487,-7.507,-5.447,-5.802,-5.742,-5.668,-7.049,-7.66,-7.292,-5.634,-5.354,-5.771,-6.682,-5.822,-4.497,-6.161,-6.927,-4.804,-6.31,-5.731,-5.186,-6.903,-6.508,-5.983
OptTAR_Fixed_ligprep_20260117_0.5.maegz:237,-5.478,-4.126,-3.457,-4.637,-4.566,-3.618,-4.967,-2.681,-4.93,-3.776,-3.335,-3.524,-4.068,-3.24,-2.189,-3.931,-2.59,-3.191,-4.294,-5.228,-3.736,-4.628,-5.918,-3.764,-4.643,-4.923,-3.467,-6.165,-4.884,-2.882,-4.422,-3.682,-5.495,-6.012,-5.661,-4.766,-4.71,-4.139,-3.818,-3.647,-2.877,-4.385,-5.23,-5.279,-4.698,-3.006,-3.571,-3.178,-3.73,-4.602
OptTAR_Fixed_ligprep_20260117_0.5.maegz:238,-5.962,-4.988,-4.92,-4.611,-5.593,-4.344,-5.623,-3.792,-4.459,-4.081,-3.344,-5.708,-3.522,-4.3,-4.172,-4.82,-4.045,-3.085,-4.971,-5.138,-4.643,-4.005,-7.255,-3.571,-4.857,-6.036,-4.752,-6.383,-4.301,-4.823,-4.255,-4.652,-4.694,-5.858,-5.273,-6.031,-4.844,-3.403,-2.517,-4.315,-4.114,-4.853,-4.909,-4.693,-3.846,-4.543,-4.506,-4.668,-5.379,-4.987
OptTAR_Fixed_ligprep_20260117_0.5.maegz:239,-6.828,-4.949,-5.01,-4.676,-6.13,-5.729,-5.678,-4.265,-5.112,-5.805,-5.169,-4.577,-4.388,-4.565,-4.767,-4.912,-4.45,-5.291,-5.403,-5.295,-4.477,-4.873,-7.287,-3.968,-5.556,-6.054,-5.188,-6.668,-4.312,-5.49,-4.888,-5.143,-6.709,-6.304,-6.571,-5.531,-5.583,-6.117,-4.666,-5.625,-4.514,-4.97,-5.226,-6.019,-5.59,-4.706,-5.874,-5.458,-5.445,-6.496
OptTAR_Fixed_ligprep_20260117_0.5.maegz:240,-6.463,-5.067,-4.143,-4.689,-4.945,-5.259,-4.633,-4.462,-5.047,-5.6,-4.899,-4.523,-4.398,-4.392,-5.173,-4.678,-3.873,-4.469,-4.606,-4.89,-4.09,-4.714,-7.376,-5.048,-5.137,-5.318,-4.166,-5.96,-4.244,-4.454,-4.896,-4.634,-5.509,-5.909,-5.538,-4.885,-5.013,-5.312,-3.77,-5.371,-4.606,-4.65,-5.081,-5.969,-5.198,-4.822,-5.224,-5.606,-4.889,-4.702
OptTAR_Fixed_ligprep_20260117_0.5.maegz:241,-6.637,-5.436,-4.962,-5.295,-5.122,-6.251,-5.309,-4.324,-5.058,-6.16,-5.595,-5.485,-4.134,-4.183,-5.875,-5.288,-4.199,-4.229,-5.085,-5.948,-4.752,-4.587,-6.225,-5.02,-5.065,-5.234,-5.608,-5.952,-5.614,-5.419,-4.908,-4.739,-5.674,-5.935,-5.94,-4.866,-4.504,-6.269,-4.812,-5.979,-4.655,-5.308,-5.031,-6.75,-5.618,-4.938,-6.388,-6.206,-5.035,-4.639
OptTAR_Fixed_ligprep_20260117_0.5.maegz:242,-4.614,-5.049,-4.481,-4.26,-3.41,-4.315,-4.938,-4.393,-3.84,-4.133,-4.776,-1.87,-3.375,-3.903,-5.035,-4.911,-3.02,-4.522,-4.561,-4.428,-4.21,-5.177,-5.856,-3.007,-4.617,-3.958,-4.872,-5.594,-5.133,-3.824,-2.214,-4.171,-3.78,-5.495,-6.058,-4.212,-5.724,-4.774,-3.754,-2.799,-4.679,-3.194,-3.449,-5.1,-4.256,-3.659,-6.175,-5.689,-4.344,-3.771
OptTAR_Fixed_ligprep_20260117_0.5.maegz:243,-6.377,-4.065,-4.581,-4.133,-5.725,-5.832,-5.903,-4.944,-5.177,-5.158,-4.708,-4.509,-4.505,-3.356,-4.944,-4.821,-4.151,-4.304,-5.019,-4.028,-5.328,-4.783,-7.359,-3.789,-5.733,-5.071,-4.85,-5.153,-4.179,-4.658,-5.189,-4.453,-5.291,-6.125,-6.479,-5.465,-6.166,-5.726,-4.94,-4.291,-3.963,-5.122,-5.186,-6.259,-4.811,-3.966,-5.544,-4.733,-5.361,-4.765
OptTAR_Fixed_ligprep_20260117_0.5.maegz:244,-5.409,-3.537,-4.684,-4.462,-6.176,-4.616,-4.385,-4.292,-4.318,-5.084,-4.05,-4.849,-3.364,-3.861,-4.953,-3.887,-3.167,-4.28,-4.443,-4.633,-4.414,-4.867,-7.093,-3.629,-5.084,-4.443,-5.205,-5.149,-5.464,-5.059,-4.412,-4.393,-5.518,-5.835,-5.292,-4.666,-5.761,-3.801,-4.445,-4.221,-4.516,-4.681,-4.184,-6.011,-4.9,-3.649,-4.412,-5.437,-4.554,-5.702
OptTAR_Fixed_ligprep_20260117_0.5.maegz:245,-5.74,-4.823,-4.7,-4.106,-4.384,-5.314,-5.221,-4.521,-4.909,-4.904,-6.031,-4.608,-4.088,-3.892,-5.58,-4.698,-4.007,-4.682,-4.864,-6.076,-3.711,-4.984,-7.8,-3.99,-4.656,-4.666,-4.46,-6.078,-4.28,-4.55,-6.148,-4.281,-5.514,-7.105,-6.784,-6.181,-5.144,-4.263,-4.156,-5.148,-4.042,-6.378,-5.164,-4.819,-4.471,-4.578,-6.0,-5.93,-5.002,-4.735
OptTAR_Fixed_ligprep_20260117_0.5.maegz:246,-6.433,-3.761,-3.028,-4.805,-3.776,-6.148,-5.801,-4.27,-5.098,-5.454,-3.85,-3.385,-4.01,-3.531,-2.904,-4.009,-3.454,-4.194,-4.524,-4.992,-4.127,-3.571,-5.899,-3.409,-5.143,-5.025,-4.518,-5.276,-4.329,-4.734,-4.753,-3.985,-4.77,-5.782,-6.596,-4.835,-4.93,-5.254,-3.852,-4.388,-4.343,-5.24,-4.728,-6.803,-4.555,-4.605,-4.373,-5.27,-4.073,-5.352
OptTAR_Fixed_ligprep_20260117_0.5.maegz:247,-5.943,-3.328,-4.023,-3.307,-4.718,-4.818,-3.953,-2.838,-3.644,-4.751,-3.945,-3.226,-3.594,-3.339,-3.441,-4.164,-3.674,-4.14,-5.354,-3.65,-3.109,-4.199,-6.328,-3.07,-4.866,-4.589,-2.866,-5.299,-4.119,-4.431,-3.452,-3.645,-4.972,-5.739,-4.3,-4.502,-3.506,-4.15,-4.18,-3.663,-3.432,-3.367,-4.723,-4.829,-3.57,-3.978,-4.511,-4.074,-3.781,-4.571
OptTAR_Fixed_ligprep_20260117_0.5.maegz:248,-4.741,-3.84,-3.338,-3.554,-4.631,-4.403,-4.189,-3.06,-3.317,-4.234,-1.914,-3.846,-3.774,-1.966,-3.499,-3.025,-3.027,-4.345,-3.758,-5.106,-4.211,-3.738,-5.946,-3.521,-4.301,-4.707,-2.208,-5.088,-3.025,-2.881,-3.693,-3.604,-3.048,-4.413,-4.922,-4.539,-4.598,-4.787,-2.746,-3.819,-3.081,-4.831,-4.111,-4.499,-4.356,-3.725,-3.073,-4.389,-4.055,-3.884
OptTAR_Fixed_ligprep_20260117_0.5.maegz:249,-4.912,-2.296,-3.179,-3.65,-4.374,-4.381,-4.111,-2.326,-4.262,-3.419,-4.555,-3.996,-3.354,-2.964,-3.089,-3.102,-2.611,-3.786,-4.588,-2.199,-2.885,-3.484,-6.085,-3.069,-4.162,-3.774,-3.086,-2.593,-1.407,-2.566,-3.726,-2.589,-3.992,-2.069,-4.256,-4.259,-3.793,-4.459,-2.728,-3.089,-3.209,-3.732,-3.851,-4.327,-4.19,-3.24,-2.588,-3.799,-3.724,-3.949
OptTAR_Fixed_ligprep_20260117_0.5.maegz:250,-6.123,-5.212,-4.716,-4.848,-5.637,-5.415,-4.337,-4.149,-6.018,-5.689,-5.414,-4.287,-3.741,-4.643,-4.845,-4.978,-4.078,-4.946,-5.221,-5.059,-4.343,-5.163,-7.996,-4.189,-5.28,-5.945,-4.768,-6.146,-4.599,-4.292,-5.703,-4.809,-6.406,-5.564,-5.769,-6.553,-5.418,-5.224,-5.33,-4.481,-4.255,-4.791,-4.623,-5.677,-4.869,-4.328,-6.327,-5.518,-5.822,-6.036
OptTAR_Fixed_ligprep_20260117_0.5.maegz:251,-6.489,-3.571,-4.398,-4.584,-5.248,-4.834,-5.561,-4.54,-4.671,-5.148,-4.176,-4.501,-4.235,-3.925,-4.411,-3.95,-3.681,-4.805,-5.628,-5.336,-3.778,-3.86,-6.829,-5.224,-4.267,-5.4,-4.059,-4.91,-3.906,-4.277,-4.114,-4.404,-4.946,-5.707,-5.265,-4.874,-4.749,-4.229,-4.225,-3.568,-4.37,-4.927,-4.394,-6.032,-4.712,-4.602,-4.052,-5.209,-4.927,-3.737
OptTAR_Fixed_ligprep_20260117_0.5.maegz:252,-5.279,-3.683,-2.597,-3.866,-3.892,-4.515,-2.978,-3.372,-4.216,-3.932,-3.575,-3.143,-3.197,-2.438,-3.873,-1.759,-3.525,-2.221,-3.992,-3.475,-2.733,-3.47,-5.742,-2.248,-4.671,-3.967,-0.9437,-5.123,-2.877,-3.826,-3.47,-2.696,-4.204,-5.586,-5.562,-3.731,-1.581,-2.952,-1.046,-1.585,-4.074,-2.675,-5.034,-5.75,-2.628,-3.484,-3.293,-3.62,-2.974,-3.99
OptTAR_Fixed_ligprep_20260117_0.5.maegz:253,-6.157,-4.495,-4.539,-4.093,-6.113,-5.219,-5.164,-4.417,-4.466,-5.027,-5.09,-4.715,-3.95,-4.287,-4.613,-4.358,-3.627,-4.83,-5.918,-5.442,-4.662,-5.059,-7.228,-4.581,-5.081,-5.55,-4.616,-6.399,-4.071,-4.349,-4.909,-4.639,-6.103,-5.489,-6.252,-5.607,-5.36,-3.974,-5.058,-3.901,-4.927,-5.151,-5.853,-6.092,-5.095,-3.997,-4.79,-5.679,-5.253,-5.058
OptTAR_Fixed_ligprep_20260117_0.5.maegz:254,-6.699,-4.567,-5.127,-4.786,-5.882,-5.326,-5.531,-4.778,-5.409,-4.793,-5.251,-4.486,-3.815,-3.957,-3.764,-4.637,-3.91,-4.984,-6.073,-5.81,-4.068,-4.819,-7.934,-4.028,-5.651,-4.8,-4.746,-6.958,-4.691,-3.546,-5.605,-5.01,-6.077,-6.276,-6.305,-7.409,-4.365,-3.988,-4.227,-5.087,-5.836,-4.97,-4.841,-4.97,-5.091,-4.444,-4.624,-6.313,-4.595,-4.047
OptTAR_Fixed_ligprep_20260117_0.5.maegz:255,-6.881,-3.667,-4.336,-5.316,-5.559,-5.275,-5.847,-4.608,-6.01,-5.224,-5.82,-5.873,-4.523,-4.766,-6.353,-5.433,-4.188,-5.242,-6.278,-5.101,-4.973,-5.62,-8.759,-4.343,-5.1,-5.907,-5.069,-6.385,-5.473,-4.813,-5.376,-5.426,-6.671,-7.14,-5.768,-5.606,-6.66,-6.783,-4.492,-5.279,-4.698,-4.868,-5.732,-5.152,-4.662,-4.436,-6.438,-6.899,-4.897,-5.676
OptTAR_Fixed_ligprep_20260117_0.5.maegz:256,-6.925,-5.25,-4.097,-4.319,-4.337,-5.261,-4.962,-4.882,-4.214,-5.599,-4.972,-4.615,-3.745,-3.956,-5.463,-4.285,-3.768,-5.113,-4.7,-5.019,-4.471,-5.046,-6.986,-4.584,-4.736,-5.113,-5.234,-5.116,-4.792,-4.01,-4.651,-4.692,-5.017,-6.128,-5.351,-4.692,-5.042,-4.777,-4.496,-4.917,-4.303,-4.983,-4.602,-6.314,-4.46,-4.518,-4.478,-5.59,-4.562,-5.539
OptTAR_Fixed_ligprep_20260117_0.5.maegz:257,-6.423,-4.901,-4.662,-5.219,-5.728,-5.404,-5.442,-4.823,-5.744,-5.336,-5.493,-4.986,-4.494,-4.536,-4.69,-4.936,-4.521,-5.447,-6.222,-4.016,-4.222,-4.442,-7.136,-4.421,-5.054,-5.949,-5.302,-5.488,-4.916,-4.952,-5.034,-4.209,-6.559,-6.122,-6.566,-5.383,-4.272,-5.191,-4.191,-6.243,-4.1,-6.254,-4.653,-6.42,-4.702,-4.733,-4.625,-6.17,-5.22,-5.211
OptTAR_Fixed_ligprep_20260117_0.5.maegz:258,-6.176,-4.074,-3.836,-4.534,-6.358,-3.477,-4.175,-2.769,-3.861,-4.94,-4.354,-3.944,-4.022,-3.39,-5.053,-2.919,-4.574,-3.328,-4.311,-3.686,-3.618,-2.933,-6.402,-4.241,-3.642,-4.051,-4.616,-6.06,-3.063,-3.693,-4.735,-2.823,-5.301,-5.472,-5.167,-4.459,-3.007,-3.028,-4.838,-3.323,-1.936,-4.275,-3.746,-5.382,-3.748,-4.583,-3.441,-5.68,-3.351,-4.848
OptTAR_Fixed_ligprep_20260117_0.5.maegz:259,-7.019,-4.065,-3.861,-4.533,-4.934,-4.159,-4.299,-3.581,-4.314,-4.406,-4.653,-4.211,-3.911,-3.005,-4.309,-3.861,-4.152,-3.343,-6.015,-3.579,-3.564,-4.6,-6.497,-4.16,-4.153,-5.269,-5.586,-4.768,-4.056,-4.76,-5.716,-4.256,-5.904,-5.908,-5.642,-4.865,-4.898,-4.84,-4.636,-4.609,-3.25,-4.434,-5.377,-4.588,-4.245,-4.071,-5.276,-5.801,-4.262,-4.009
OptTAR_Fixed_ligprep_20260117_0.5.maegz:260,-6.189,-4.615,-5.077,-4.662,-4.659,-4.754,-4.761,-3.338,-4.981,-4.771,-3.639,-5.103,-3.988,-3.565,-4.648,-3.769,-3.977,-5.699,-3.958,-3.924,-4.401,-4.986,-6.504,-3.959,-6.043,-4.483,-3.97,-5.159,-3.561,-4.107,-5.052,-4.344,-4.882,-6.146,-5.846,-4.969,-5.218,-5.229,-4.447,-5.2,-3.734,-4.587,-4.384,-5.721,-3.976,-3.475,-5.424,-6.004,-4.359,-5.096
OptTAR_Fixed_ligprep_20260117_0.5.maegz:261,-6.018,-4.341,-4.639,-4.374,-5.118,-4.232,-4.62,-3.874,-3.757,-5.19,-4.152,-3.739,-2.906,-4.048,-4.91,-3.194,-3.433,-3.704,-4.53,-3.985,-4.147,-3.853,-6.389,-3.428,-3.122,-4.615,-3.952,-5.259,-3.978,-5.017,-4.665,-4.008,-4.936,-6.018,-6.18,-6.207,-4.907,-3.564,-4.417,-5.93,-4.222,-4.835,-4.782,-4.433,-5.129,-4.029,-5.893,-5.78,-4.757,-5.268
OptTAR_Fixed_ligprep_20260117_0.5.maegz:262,-6.217,-5.0,-5.342,-3.463,-5.306,-3.55,-4.24,-2.69,-3.69,-4.858,-3.374,-4.059,-3.907,-4.305,-4.409,-3.089,-3.92,-3.803,-3.938,-4.34,-3.559,-3.667,-6.524,-4.24,-5.251,-4.331,-4.248,-5.839,-3.806,-4.188,-4.225,-4.07,-4.749,-4.948,-6.133,-4.836,-4.256,-3.646,-3.957,-3.643,-3.574,-4.368,-3.973,-5.132,-1.424,-4.159,-5.658,-4.354,-4.909,-4.441
OptTAR_Fixed_ligprep_20260117_0.5.maegz:263,-6.117,-4.862,-4.775,-4.42,-4.248,-4.331,-4.488,-3.749,-4.241,-4.47,-3.218,-3.381,-3.972,-3.661,-4.992,-3.991,-4.164,-6.035,-4.645,-5.948,-4.812,-4.387,-7.23,-4.331,-4.341,-5.254,-5.936,-5.72,-3.026,-5.533,-5.867,-3.887,-5.054,-6.774,-6.027,-5.888,-5.451,-6.132,-4.366,-5.405,-4.368,-4.211,-4.658,-5.936,-3.677,-3.885,-5.872,-6.497,-4.465,-4.36
OptTAR_Fixed_ligprep_20260117_0.5.maegz:264,-7.483,-3.806,-3.546,-3.908,-5.07,-4.441,-4.307,-3.763,-3.571,-4.62,-3.702,-3.301,-3.854,-3.25,-5.44,-3.799,-3.0,-5.981,-4.61,-4.131,-3.652,-3.762,-6.291,-4.086,-5.315,-4.517,-5.846,-4.731,-3.296,-4.804,-3.705,-3.91,-5.256,-6.184,-5.788,-5.904,-4.768,-3.872,-4.329,-5.437,-4.695,-5.028,-5.504,-4.276,-3.824,-4.077,-6.009,-5.089,-4.343,-3.724
OptTAR_Fixed_ligprep_20260117_0.5.maegz:265,-6.068,-4.672,-4.165,-4.936,-5.075,-5.065,-4.451,-4.254,-5.011,-5.041,-3.761,-4.164,-3.581,-3.833,-4.567,-4.413,-4.23,-4.469,-6.028,-4.871,-4.297,-4.688,-6.966,-4.257,-5.113,-5.668,-4.671,-5.239,-3.612,-5.39,-5.555,-4.494,-6.439,-6.944,-5.956,-4.547,-5.01,-4.976,-4.719,-5.005,-3.833,-4.883,-5.366,-5.707,-4.913,-3.807,-5.894,-6.062,-4.57,-4.892
OptTAR_Fixed_ligprep_20260117_0.5.maegz:266,-5.771,-4.443,-4.189,-4.424,-6.285,-4.509,-4.919,-4.014,-4.272,-5.041,-3.583,-4.269,-3.329,-3.535,-5.035,-2.895,-3.734,-3.953,-5.642,-4.544,-4.437,-4.276,-6.392,-3.459,-3.791,-4.574,-4.443,-5.84,-4.838,-4.22,-4.718,-4.016,-5.089,-6.602,-5.529,-6.54,-4.871,-3.398,-3.978,-4.049,-4.145,-4.716,-4.683,-4.529,-5.059,-4.196,-5.665,-6.606,-4.974,-5.478
OptTAR_Fixed_ligprep_20260117_0.5.maegz:267,-6.411,-3.652,-4.6,-4.237,-5.455,-4.339,-4.392,-3.621,-4.95,-5.199,-3.931,-4.206,-3.66,-3.176,-3.969,-3.44,-4.761,-4.116,-4.771,-4.306,-4.644,-4.775,-7.281,-4.001,-4.603,-4.328,-3.735,-5.687,-4.139,-4.45,-5.575,-3.663,-5.284,-5.396,-5.228,-5.048,-3.12,-3.749,-4.184,-4.115,-3.809,-4.447,-4.468,-6.525,-4.176,-4.898,-5.968,-7.612,-3.82,-4.485
OptTAR_Fixed_ligprep_20260117_0.5.maegz:268,-6.006,-3.808,-4.719,-4.669,-5.221,-4.69,-4.523,-3.87,-4.117,-4.975,-4.148,-3.722,-4.18,-4.215,-4.646,-4.449,-3.934,-4.767,-4.916,-5.131,-3.757,-5.056,-6.721,-3.624,-4.245,-4.886,-3.904,-5.085,-3.952,-4.42,-5.609,-4.2,-5.668,-6.305,-5.937,-5.312,-5.649,-5.585,-4.512,-5.541,-3.761,-4.472,-5.585,-5.049,-4.145,-3.663,-5.695,-6.396,-4.863,-5.062
OptTAR_Fixed_ligprep_20260117_0.5.maegz:269,-5.978,-3.903,-4.653,-4.177,-5.574,-4.661,-4.509,-3.585,-4.442,-4.256,-3.168,-3.749,-3.995,-3.88,-5.347,-4.69,-3.401,-3.833,-3.944,-4.319,-3.531,-4.339,-6.323,-3.851,-3.452,-4.563,-4.646,-4.937,-4.888,-4.86,-4.532,-3.507,-5.021,-5.455,-5.683,-4.878,-3.423,-3.396,-4.556,-4.564,-3.767,-5.291,-4.878,-4.542,-3.92,-4.163,-5.902,-5.589,-4.14,-6.358
OptTAR_Fixed_ligprep_20260117_0.5.maegz:270,-6.705,-5.058,-3.88,-4.73,-4.482,-5.186,-4.725,-3.681,-4.165,-5.363,-4.95,-4.036,-3.921,-3.22,-4.458,-3.982,-4.271,-3.722,-3.425,-4.95,-3.742,-3.886,-6.705,-4.463,-4.498,-5.25,-4.861,-5.884,-4.43,-4.299,-4.873,-4.611,-5.621,-6.728,-5.416,-3.825,-4.469,-3.723,-4.418,-4.507,-3.545,-4.542,-5.278,-5.583,-4.239,-4.041,-5.449,-5.443,-5.131,-4.984
OptTAR_Fixed_ligprep_20260117_0.5.maegz:271,-6.163,-4.879,-5.084,-4.483,-5.268,-5.581,-5.004,-4.311,-6.062,-5.245,-5.641,-4.764,-4.024,-4.624,-5.298,-5.21,-4.404,-4.99,-4.983,-5.391,-5.38,-5.302,-7.239,-4.158,-4.933,-5.768,-4.621,-6.059,-4.541,-5.294,-5.281,-5.702,-5.605,-6.62,-5.71,-5.874,-4.215,-5.429,-5.57,-4.781,-3.787,-4.359,-3.635,-5.574,-4.712,-4.529,-4.848,-5.276,-5.484,-4.496
OptTAR_Fixed_ligprep_20260117_0.5.maegz:272,-5.711,-5.205,-4.017,-4.631,-3.938,-3.656,-4.216,-3.437,-4.734,-4.823,-3.705,-3.457,-2.474,-3.208,-4.595,-4.83,-3.76,-4.747,-4.075,-4.219,-3.636,-4.071,-6.217,-3.389,-2.892,-5.086,-5.336,-5.257,-3.309,-5.001,-2.834,-4.368,-4.603,-5.294,-5.843,-4.409,-4.092,-2.6,-4.603,-4.598,-3.168,-4.1,-2.635,-3.297,-4.295,-3.959,-4.065,-5.545,-5.217,-5.045
OptTAR_Fixed_ligprep_20260117_0.5.maegz:273,-5.889,-4.222,-5.234,-4.679,-5.94,-5.016,-5.638,-4.342,-5.609,-5.084,-5.254,-4.988,-3.509,-4.323,-3.796,-4.65,-4.432,-5.299,-5.487,-5.114,-4.419,-4.238,-6.354,-4.922,-4.716,-5.878,-5.194,-5.67,-4.499,-6.063,-5.601,-5.403,-5.798,-6.286,-5.453,-4.976,-5.346,-3.516,-5.201,-5.224,-5.278,-5.407,-4.684,-4.958,-5.137,-4.959,-4.136,-3.946,-4.424,-5.679
OptTAR_Fixed_ligprep_20260117_0.5.maegz:274,-5.992,-3.518,-4.516,-4.039,-5.663,-4.698,-3.538,-3.627,-4.614,-4.837,-4.233,-4.03,-4.24,-3.582,-4.187,-4.699,-4.274,-4.027,-4.74,-4.432,-4.36,-4.276,-5.76,-4.075,-4.834,-5.947,-5.218,-5.498,-4.266,-5.111,-4.774,-5.417,-4.147,-5.954,-5.536,-5.935,-6.087,-3.389,-4.387,-4.75,-3.867,-4.693,-4.759,-5.052,-4.668,-4.154,-4.193,-4.579,-3.682,-5.261
OptTAR_Fixed_ligprep_20260117_0.5.maegz:275,-5.185,-3.409,-4.369,-3.916,-5.187,-4.75,-5.323,-4.164,-5.082,-4.464,-4.138,-4.847,-3.867,-4.855,-4.529,-4.248,-2.892,-4.315,-4.76,-5.104,-4.538,-3.613,-3.602,-4.243,-4.571,-4.491,-4.273,-5.261,-4.782,-4.651,-5.306,-4.227,-5.508,-4.645,-5.658,-4.385,-4.042,-4.13,-4.279,-4.318,-4.219,-4.9,-5.826,-6.213,-5.383,-4.364,-4.711,-5.934,-4.334,-4.062
OptTAR_Fixed_ligprep_20260117_0.5.maegz:276,-5.347,-3.518,-5.081,-5.933,-5.663,-5.073,-4.617,-4.059,-5.23,-5.333,-4.083,-5.344,-4.878,-4.365,-5.177,-3.977,-3.963,-4.966,-5.124,-5.574,-4.431,-3.772,-6.891,-4.202,-5.026,-4.744,-4.712,-5.354,-4.414,-4.242,-5.001,-4.532,-5.87,-5.899,-5.946,-4.673,-4.273,-4.591,-5.06,-4.984,-3.963,-5.388,-4.418,-5.275,-5.008,-4.644,-3.968,-6.764,-4.294,-5.27
OptTAR_Fixed_ligprep_20260117_0.5.maegz:277,-7.079,-4.313,-5.636,-4.951,-5.496,-5.563,-5.279,-4.623,-4.913,-5.476,-4.371,-5.145,-4.23,-4.854,-5.033,-5.376,-4.707,-4.573,-4.571,-4.871,-5.152,-5.707,-6.411,-4.415,-5.556,-4.415,-5.057,-6.819,-4.475,-4.724,-5.454,-5.107,-5.847,-7.141,-6.635,-6.479,-5.655,-3.961,-5.103,-4.459,-6.328,-4.574,-6.34,-4.606,-4.812,-4.797,-4.986,-6.108,-5.021,-5.438
OptTAR_Fixed_ligprep_20260117_0.5.maegz:278,-6.196,-4.769,-4.796,-4.909,-5.46,-5.485,-4.726,-4.257,-4.588,-4.249,-3.345,-4.576,-3.981,-4.884,-4.773,-4.53,-4.54,-5.555,-4.343,-4.899,-4.489,-4.608,-4.436,-4.817,-4.794,-5.28,-4.756,-6.058,-4.688,-5.31,-4.669,-4.966,-5.913,-7.005,-5.761,-6.567,-6.295,-5.235,-4.882,-4.977,-4.25,-5.376,-5.438,-4.617,-4.926,-4.541,-3.837,-4.844,-3.762,-4.758
OptTAR_Fixed_ligprep_20260117_0.5.maegz:279,-6.708,-5.297,-4.992,-5.097,-4.692,-4.396,-4.754,-4.409,-5.329,-5.145,-4.052,-4.536,-4.318,-4.53,-5.645,-5.219,-4.442,-4.585,-4.721,-6.033,-4.919,-4.917,-4.637,-4.88,-4.598,-4.225,-4.826,-6.299,-4.598,-4.777,-5.309,-4.856,-6.469,-5.745,-6.785,-6.118,-3.926,-3.857,-4.835,-4.343,-4.584,-5.949,-6.208,-4.486,-4.304,-4.769,-6.436,-6.358,-5.423,-4.103
OptTAR_Fixed_ligprep_20260117_0.5.maegz:280,-6.764,-4.721,-5.606,-5.624,-5.709,-5.634,-5.892,-4.872,-4.503,-5.299,-4.523,-5.437,-4.724,-5.082,-6.834,-4.52,-4.837,-6.265,-5.709,-5.581,-5.12,-5.31,-6.676,-5.227,-5.022,-6.885,-6.068,-6.735,-4.528,-5.699,-5.533,-5.63,-6.488,-6.484,-6.798,-5.775,-6.322,-4.554,-5.357,-4.873,-4.266,-5.448,-5.679,-7.634,-5.017,-5.138,-6.322,-6.532,-6.025,-5.488
OptTAR_Fixed_ligprep_20260117_0.5.maegz:281,-6.669,-4.943,-4.949,-4.856,-5.726,-4.561,-5.001,-4.132,-4.925,-5.59,-4.629,-5.627,-4.626,-4.362,-4.946,-5.122,-4.764,-5.667,-4.825,-5.223,-4.796,-4.463,-5.516,-5.432,-5.417,-4.003,-5.568,-6.639,-4.996,-5.13,-5.054,-5.043,-5.268,-6.193,-6.953,-5.606,-4.13,-4.073,-5.086,-4.934,-5.502,-5.783,-3.731,-4.777,-3.777,-4.511,-4.778,-5.347,-5.435,-5.087
OptTAR_Fixed_ligprep_20260117_0.5.maegz:282,-6.612,-5.731,-4.883,-5.298,-5.096,-4.803,-4.862,-4.038,-4.578,-5.435,-3.451,-4.761,-3.504,-5.136,-4.618,-4.962,-4.318,-5.472,-4.541,-4.733,-4.099,-5.102,-4.074,-4.798,-4.5,-4.147,-4.848,-6.681,-4.614,-4.545,-5.161,-4.274,-6.314,-6.126,-6.173,-4.581,-4.474,-4.182,-4.211,-4.171,-3.963,-5.209,-4.654,-4.846,-5.124,-5.233,-5.41,-5.963,-4.421,-5.397
OptTAR_Fixed_ligprep_20260117_0.5.maegz:283,-7.272,-4.994,-4.812,-6.474,-4.796,-6.272,-5.826,-4.655,-6.47,-5.599,-4.407,-5.805,-4.179,-5.244,-5.635,-4.967,-5.408,-4.89,-4.909,-6.092,-5.441,-6.033,-6.888,-5.356,-6.848,-6.712,-6.096,-6.981,-5.096,-5.801,-6.019,-5.086,-5.964,-7.381,-7.026,-5.527,-5.528,-4.767,-5.267,-5.027,-5.695,-6.143,-5.43,-6.51,-5.996,-5.451,-5.988,-7.031,-5.755,-5.753
OptTAR_Fixed_ligprep_20260117_0.5.maegz:284,-5.798,-4.949,-4.429,-4.012,-5.403,-3.889,-3.714,-3.818,-4.943,-4.826,-3.773,-4.817,-3.539,-4.393,-4.384,-4.525,-3.672,-4.119,-4.184,-4.589,-3.874,-4.755,-6.734,-4.896,-4.904,-4.615,-4.336,-5.762,-3.701,-4.211,-5.03,-4.725,-4.201,-5.567,-5.843,-5.317,-5.334,-3.02,-4.356,-5.633,-3.864,-4.207,-4.418,-6.103,-4.613,-3.647,-4.364,-5.675,-4.807,-4.502
OptTAR_Fixed_ligprep_20260117_0.5.maegz:285,-6.915,-4.798,-4.36,-5.168,-5.758,-5.219,-5.232,-4.233,-5.651,-7.24,-4.497,-4.993,-5.023,-4.99,-4.844,-6.008,-4.688,-5.86,-5.544,-5.831,-4.868,-5.113,-7.458,-4.813,-5.898,-5.336,-5.807,-6.147,-4.695,-4.996,-5.254,-5.486,-5.71,-6.416,-7.296,-6.273,-5.053,-6.028,-5.513,-4.92,-4.977,-6.184,-6.139,-7.278,-5.261,-5.213,-6.574,-6.305,-5.606,-5.842
OptTAR_Fixed_ligprep_20260117_0.5.maegz:286,-8.307,-6.492,-5.394,-5.364,-5.446,-6.513,-5.306,-5.584,-5.114,-6.048,-5.717,-5.752,-4.629,-5.561,-6.123,-5.084,-4.842,-6.07,-4.869,-5.867,-5.387,-5.415,-7.684,-5.047,-5.246,-5.765,-5.266,-6.451,-4.8,-5.126,-6.318,-5.588,-6.465,-6.918,-6.9,-5.911,-5.664,-5.157,-5.779,-5.13,-5.521,-5.415,-6.659,-6.333,-5.238,-5.221,-5.423,-5.206,-5.542,-5.467
OptTAR_Fixed_ligprep_20260117_0.5.maegz:287,-6.577,-4.569,-4.98,-4.341,-4.793,-6.139,-5.258,-4.473,-4.974,-5.417,-5.07,-4.658,-4.312,-4.114,-4.569,-4.452,-4.294,-4.903,-5.056,-5.396,-4.461,-4.348,-6.903,-4.856,-5.1,-5.669,-5.299,-6.127,-3.997,-4.021,-5.989,-4.944,-5.368,-6.477,-6.537,-6.779,-4.971,-4.773,-4.86,-5.31,-4.969,-5.156,-4.824,-5.352,-5.78,-4.685,-4.076,-5.149,-4.308,-5.749
OptTAR_Fixed_ligprep_20260117_0.5.maegz:288,-7.405,-5.892,-4.736,-4.877,-5.487,-6.181,-4.81,-5.121,-4.559,-5.795,-4.437,-5.183,-3.857,-5.022,-4.657,-5.105,-4.443,-4.077,-4.917,-4.745,-5.135,-5.109,-5.322,-5.93,-5.22,-4.922,-5.091,-6.978,-4.535,-5.445,-5.105,-5.186,-4.996,-6.71,-6.605,-4.286,-4.696,-4.612,-4.603,-4.817,-5.108,-5.565,-3.91,-4.977,-6.363,-4.988,-4.783,-5.565,-4.722,-5.646
OptTAR_Fixed_ligprep_20260117_0.5.maegz:289,-7.296,-5.279,-4.993,-4.797,-6.235,-4.906,-4.8,-4.414,-4.941,-6.045,-4.493,-5.524,-3.851,-4.883,-5.393,-5.18,-4.764,-4.768,-5.143,-6.094,-4.268,-5.047,-6.714,-4.894,-3.51,-4.43,-5.143,-6.401,-4.364,-4.456,-5.209,-4.95,-6.291,-6.893,-7.083,-4.122,-4.424,-4.657,-5.398,-4.3,-4.555,-5.108,-4.782,-5.529,-4.921,-4.895,-4.519,-5.045,-3.313,-3.395
OptTAR_Fixed_ligprep_20260117_0.5.maegz:290,-6.151,-4.642,-5.253,-4.667,-5.297,-4.977,-5.295,-4.618,-4.417,-5.052,-4.451,-5.346,-4.529,-4.266,-4.953,-5.136,-4.322,-4.569,-4.814,-5.208,-4.69,-5.609,-4.623,-4.643,-4.869,-4.442,-5.336,-5.302,-4.471,-4.825,-4.684,-4.711,-6.016,-6.616,-6.544,-4.895,-5.205,-4.18,-4.884,-4.883,-4.695,-5.214,-6.039,-4.881,-5.369,-4.411,-5.827,-5.374,-4.658,-5.738
OptTAR_Fixed_ligprep_20260117_0.5.maegz:291,-6.805,-3.708,-5.022,-4.384,-5.888,-5.66,-5.455,-4.676,-4.602,-5.223,-3.813,-5.188,-4.438,-4.567,-4.787,-5.504,-4.398,-5.079,-4.908,-5.389,-4.508,-5.369,-7.284,-4.674,-4.385,-4.746,-4.894,-5.424,-4.173,-5.333,-5.854,-4.565,-5.774,-6.369,-5.688,-5.396,-4.812,-4.149,-5.017,-4.613,-5.006,-5.591,-5.165,-4.753,-4.722,-4.317,-4.722,-5.673,-5.691,-5.138
OptTAR_Fixed_ligprep_20260117_0.5.maegz:292,-6.431,-4.482,-5.308,-5.321,-5.878,-5.676,-5.87,-5.041,-6.763,-5.709,-4.932,-5.27,-4.079,-5.678,-5.11,-5.214,-4.68,-6.281,-4.863,-5.44,-5.766,-5.79,-6.469,-4.859,-5.723,-5.367,-5.787,-6.618,-5.328,-5.664,-6.2,-5.343,-5.346,-6.92,-7.027,-5.385,-4.991,-4.317,-4.82,-5.795,-5.168,-5.848,-6.204,-5.003,-4.786,-5.421,-4.892,-5.17,-5.641,-6.068
OptTAR_Fixed_ligprep_20260117_0.5.maegz:293,-7.364,-5.874,-5.074,-5.18,-6.715,-5.917,-6.169,-5.231,-6.583,-4.982,-5.409,-4.752,-4.567,-5.214,-5.088,-5.15,-4.985,-6.581,-6.54,-6.207,-5.633,-5.773,-8.014,-4.683,-5.175,-4.783,-5.876,-6.242,-5.563,-5.68,-5.781,-5.189,-5.086,-7.665,-7.428,-6.411,-6.271,-4.78,-4.871,-5.309,-6.681,-6.233,-6.401,-7.661,-5.528,-4.881,-5.996,-6.148,-5.2,-5.459
OptTAR_Fixed_ligprep_20260117_0.5.maegz:294,-6.457,-4.53,-5.507,-5.017,-6.806,-6.753,-6.274,-4.904,-6.353,-5.571,-5.175,-5.132,-4.32,-6.028,-6.122,-5.168,-4.392,-5.794,-5.904,-5.823,-5.051,-4.405,-7.781,-5.11,-6.518,-5.41,-5.49,-5.345,-4.553,-6.054,-5.758,-4.999,-5.903,-7.412,-5.915,-6.856,-5.177,-4.565,-4.789,-4.424,-4.269,-6.5,-4.626,-7.007,-4.837,-5.287,-6.283,-6.313,-6.748,-4.873
OptTAR_Fixed_ligprep_20260117_0.5.maegz:295,-6.688,-4.66,-5.303,-4.88,-6.862,-5.499,-5.699,-4.784,-7.286,-4.657,-5.774,-5.154,-3.995,-4.971,-5.464,-5.5,-4.364,-5.811,-4.942,-4.93,-5.045,-5.446,-6.788,-5.195,-4.599,-4.754,-5.484,-6.574,-3.955,-5.214,-5.768,-5.143,-6.008,-6.623,-6.274,-7.001,-4.733,-4.276,-5.383,-4.3,-4.616,-5.562,-6.791,-6.837,-4.884,-4.343,-5.244,-6.244,-5.982,-4.585
OptTAR_Fixed_ligprep_20260117_0.5.maegz:296,-7.104,-3.978,-4.94,-5.232,-7.468,-6.358,-6.501,-5.143,-7.437,-5.408,-5.008,-5.597,-3.806,-4.944,-5.615,-5.459,-4.391,-5.612,-5.984,-5.629,-5.314,-5.841,-7.274,-5.163,-6.062,-6.185,-6.674,-6.5,-4.882,-5.874,-6.009,-5.685,-5.678,-7.237,-7.152,-6.232,-5.952,-4.579,-5.733,-5.276,-4.366,-5.335,-6.318,-6.628,-4.998,-5.502,-5.887,-7.001,-6.316,-4.872
OptTAR_Fixed_ligprep_20260117_0.5.maegz:297,-7.273,-5.976,-4.771,-5.347,-6.276,-5.92,-6.465,-4.974,-5.853,-4.9,-4.408,-5.946,-4.855,-4.788,-5.764,-5.553,-4.598,-6.942,-5.614,-6.452,-4.909,-5.183,-6.82,-4.99,-6.486,-5.722,-5.335,-6.735,-5.422,-5.672,-5.732,-5.456,-6.451,-6.758,-6.576,-6.843,-5.669,-5.091,-4.316,-4.767,-5.241,-6.692,-6.408,-7.528,-6.434,-4.606,-5.313,-7.181,-5.402,-5.205
OptTAR_Fixed_ligprep_20260117_0.5.maegz:298,-6.438,-4.71,-5.242,-5.188,-6.367,-5.311,-5.473,-4.64,-5.879,-5.598,-4.992,-6.125,-4.654,-4.697,-5.518,-4.211,-4.714,-5.911,-6.054,-6.061,-5.644,-5.239,-7.962,-5.065,-6.284,-5.271,-5.856,-6.719,-4.923,-6.055,-6.233,-5.077,-6.206,-6.579,-6.619,-4.968,-4.903,-4.456,-5.383,-5.418,-5.278,-7.075,-5.226,-5.101,-5.666,-5.309,-5.801,-5.519,-5.216,-5.261
OptTAR_Fixed_ligprep_20260117_0.5.maegz:299,-7.44,-4.39,-5.178,-4.93,-5.843,-5.829,-6.127,-4.465,-5.454,-5.521,-5.417,-5.869,-3.985,-5.633,-5.71,-5.438,-4.034,-6.352,-6.02,-6.206,-5.152,-5.422,-6.921,-4.723,-5.963,-5.197,-5.717,-5.163,-6.391,-5.976,-6.476,-5.128,-5.659,-7.134,-6.845,-6.209,-5.56,-6.731,-5.444,-4.695,-4.556,-5.75,-5.903,-7.324,-4.824,-5.395,-5.725,-6.825,-6.261,-6.26
OptTAR_Fixed_ligprep_20260117_0.5.maegz:300,-6.878,-4.635,-4.925,-5.891,-5.201,-5.044,-6.266,-4.95,-5.719,-5.597,-4.497,-5.113,-4.482,-4.269,-6.062,-4.772,-4.385,-6.166,-6.164,-5.696,-4.695,-4.573,-6.278,-4.653,-6.212,-5.401,-4.722,-5.997,-4.503,-4.816,-5.756,-5.113,-5.804,-6.205,-6.456,-5.542,-4.345,-4.434,-5.3,-5.015,-4.958,-5.718,-5.554,-6.963,-5.415,-5.073,-4.784,-5.791,-6.022,-5.533
OptTAR_Fixed_ligprep_20260117_0.5.maegz:301,-6.026,-4.428,-4.611,-3.798,-4.799,-4.488,-4.452,-3.983,-5.388,-4.947,-5.06,-4.666,-3.722,-4.002,-4.695,-4.553,-3.974,-4.412,-5.568,-5.385,-4.51,-3.975,-6.684,-4.159,-5.465,-4.645,-5.17,-6.028,-4.169,-6.453,-5.311,-4.725,-5.971,-6.307,-6.197,-6.091,-4.745,-4.802,-4.217,-4.466,-5.268,-5.064,-6.058,-6.751,-6.073,-4.397,-5.37,-4.39,-4.695,-4.594
OptTAR_Fixed_ligprep_20260117_0.5.maegz:302,-3.225,-1.914,-1.286,-3.859,-4.545,-4.361,-2.124,-1.273,-1.797,-4.276,-0.7635,-1.821,-4.243,-3.724,-3.532,-2.53,-3.174,-3.294,-2.781,-5.126,-3.462,-2.1,-4.53,-2.587,-3.994,-1.803,-1.692,-4.582,-3.332,-2.677,-4.572,-0.8611,-3.948,-2.832,-2.787,-1.171,-4.065,-1.901,-4.455,-4.757,-2.185,-3.607,-5.17,-2.989,-1.958,-2.849,-4.504,-4.625,-5.091,-3.004
OptTAR_Fixed_ligprep_20260117_0.5.maegz:303,-5.188,-3.84,-2.903,-3.528,-3.673,-4.676,-5.042,-2.883,-3.181,-4.769,-2.87,-3.206,-3.214,-3.954,-3.679,-2.404,-3.083,-3.151,-2.117,-3.531,-4.112,-2.363,-5.644,-3.993,-3.311,-4.258,-3.001,-4.558,-3.191,-3.094,-3.784,-1.842,-4.264,-4.449,-4.198,-4.415,-2.838,-3.719,-4.745,-3.717,-2.867,-2.781,-3.758,-3.75,-3.188,-2.532,-4.17,-4.501,-3.148,-3.993
OptTAR_Fixed_ligprep_20260117_0.5.maegz:304,-4.6,-4.101,-2.811,-2.894,-4.06,-3.351,-3.714,-3.25,-3.924,-4.152,-4.398,-3.036,-2.783,-3.579,-3.569,-1.577,-2.871,-3.146,-3.851,-3.544,-2.737,-3.388,-4.489,-2.906,-3.448,-4.243,-3.539,-4.008,-1.357,-2.807,-3.989,-2.945,-3.329,-4.499,-5.066,-4.376,-1.536,-1.931,-4.291,-3.529,-3.494,-3.301,-4.146,-4.045,-3.648,-3.64,-4.972,-4.539,-3.844,-4.042
OptTAR_Fixed_ligprep_20260117_0.5.maegz:305,-4.831,-2.652,-2.648,-3.78,-4.969,-3.991,-3.501,-4.039,-3.842,-4.339,-4.686,-3.141,-3.154,-3.667,-5.125,-4.439,-3.096,-4.403,-2.222,-5.263,-4.123,-2.129,-3.636,-3.201,-4.156,-2.028,-4.811,-4.911,-2.043,-4.406,-5.301,-4.612,-4.776,-5.523,-5.283,-4.2,-2.686,-1.513,-3.919,-3.133,-3.579,-3.669,-4.619,-5.346,-3.181,-2.9,-6.463,-4.84,-4.961,-5.21
OptTAR_Fixed_ligprep_20260117_0.5.maegz:306,-6.58,-4.871,-4.707,-3.873,-5.324,-4.46,-2.319,-4.375,-3.843,-4.172,-3.696,-3.994,-3.776,-1.595,-3.31,-3.408,-3.432,-4.509,-5.066,-4.984,-4.089,-4.135,-6.265,-3.313,-3.396,-3.765,-4.742,-5.819,-4.338,-4.043,-4.526,-4.256,-5.791,-5.438,-6.451,-5.269,-5.468,-1.089,-4.601,-3.62,-4.197,-4.264,-5.471,-4.512,-4.569,-3.717,-6.31,-5.862,-3.789,-4.415
OptTAR_Fixed_ligprep_20260117_0.5.maegz:307,-6.871,-5.062,-5.065,-5.627,-5.854,-5.52,-5.33,-5.17,-5.431,-5.339,-4.232,-4.912,-4.572,-4.218,-4.93,-4.943,-4.862,-5.057,-6.358,-5.327,-4.858,-5.245,-7.507,-5.271,-5.825,-4.814,-5.008,-6.247,-5.846,-4.964,-5.014,-4.469,-6.191,-6.697,-5.526,-5.908,-5.127,-4.54,-5.522,-4.986,-5.263,-5.838,-5.222,-6.618,-5.276,-4.924,-4.85,-6.546,-5.305,-5.945
OptTAR_Fixed_ligprep_20260117_0.5.maegz:308,-6.562,-4.529,-5.53,-5.574,-6.061,-4.658,-5.608,-4.562,-5.637,-4.99,-6.151,-5.433,-4.485,-5.002,-4.892,-4.743,-5.248,-5.935,-5.293,-5.225,-4.781,-5.954,-6.61,-4.543,-5.663,-5.385,-5.454,-6.339,-4.556,-5.408,-6.069,-6.244,-5.969,-6.617,-7.05,-6.792,-5.807,-6.948,-5.998,-5.584,-5.421,-5.97,-5.594,-7.801,-5.446,-5.37,-6.067,-6.419,-5.583,-5.803
OptTAR_Fixed_ligprep_20260117_0.5.maegz:309,-5.906,-3.983,-4.858,-4.027,-5.368,-5.611,-6.166,-6.057,-5.227,-5.035,-5.547,-4.559,-4.511,-5.472,-4.354,-4.86,-4.402,-5.561,-6.197,-5.765,-3.959,-6.145,-6.893,-5.002,-5.559,-5.023,-5.499,-5.95,-4.488,-4.556,-4.891,-4.686,-5.789,-5.758,-5.895,-6.89,-4.845,-5.259,-5.777,-5.975,-5.438,-5.26,-5.746,-5.689,-5.21,-4.473,-5.297,-6.3,-5.394,-5.216
OptTAR_Fixed_ligprep_20260117_0.5.maegz:310,-5.752,-2.183,-4.182,-4.466,-4.9,-5.199,-5.216,-4.396,-4.224,-5.199,-3.232,-3.445,-4.272,-3.364,-5.424,-4.745,-3.788,-3.869,-3.878,-5.529,-5.232,-3.806,-5.818,-2.339,-2.98,-5.064,-5.054,-4.151,-3.332,-4.116,-4.076,-2.086,-5.287,-5.833,-5.696,-5.009,-5.66,-4.513,-5.287,-5.165,-4.966,-5.947,-5.025,-5.508,-4.413,-4.375,-4.7,-4.426,-5.605,-4.931
OptTAR_Fixed_ligprep_20260117_0.5.maegz:311,-5.488,-4.912,-4.768,-4.547,-5.119,-4.124,-4.786,-4.468,-4.412,-4.512,-4.41,-5.176,-3.33,-4.489,-4.198,-4.161,-3.576,-5.568,-4.019,-5.325,-4.333,-3.748,-6.33,-4.064,-5.592,-4.48,-2.381,-5.385,-1.77,-4.631,-4.501,-4.902,-5.399,-6.292,-6.385,-6.267,-4.936,-3.732,-4.015,-4.55,-4.45,-3.18,-4.162,-5.104,-3.163,-4.372,-4.921,-5.554,-4.961,-5.148
OptTAR_Fixed_ligprep_20260117_0.5.maegz:312,-5.739,-3.93,-4.094,-4.564,-4.868,-4.898,-5.027,-5.171,-5.306,-4.96,-4.992,-4.648,-4.839,-4.13,-5.699,-3.497,-4.08,-5.113,-6.693,-5.459,-3.716,-3.262,-8.095,-3.593,-5.862,-5.662,-5.641,-5.748,-4.205,-4.604,-5.674,-3.47,-5.798,-4.87,-6.343,-5.529,-4.674,-5.037,-4.395,-5.334,-3.567,-3.877,-5.008,-5.967,-4.934,-4.256,-4.047,-4.327,-4.847,-4.572
OptTAR_Fixed_ligprep_20260117_0.5.maegz:313,-6.171,-3.889,-3.818,-4.744,-4.738,-5.941,-5.433,-4.582,-5.469,-5.231,-4.646,-3.642,-3.501,-3.929,-5.666,-2.546,-3.943,-3.928,-4.538,-4.427,-4.314,-4.394,-6.448,-2.9,-5.835,-6.291,-5.544,-5.369,-4.564,-4.337,-5.329,-4.254,-5.923,-5.221,-5.36,-6.176,-4.671,-4.818,-4.991,-3.68,-4.358,-3.771,-5.261,-5.845,-5.216,-4.709,-5.823,-5.419,-4.687,-2.737
OptTAR_Fixed_ligprep_20260117_0.5.maegz:314,-5.238,-3.58,-3.929,-3.672,-4.465,-4.244,-3.949,-3.784,-4.924,-4.55,-3.532,-1.339,-2.951,-2.855,-3.301,-2.877,-1.486,-3.115,-4.327,-4.189,-3.934,-1.571,-6.339,-4.061,-4.872,-2.991,-3.632,-4.195,-4.21,-4.092,-5.478,-2.976,-4.198,-5.268,-5.283,-3.982,-4.231,-4.225,-4.967,-3.55,-2.067,-4.161,-4.304,-5.027,-0.5117,-4.117,-3.826,-3.591,-3.102,-3.249
OptTAR_Fixed_ligprep_20260117_0.5.maegz:315,-6.472,-4.859,-4.206,-3.982,-5.873,-6.015,-4.608,-4.703,-7.094,-6.356,-4.526,-6.296,-4.475,-3.871,-4.427,-4.26,-3.944,-4.355,-5.65,-5.383,-4.656,-6.035,-7.239,-4.286,-6.06,-4.504,-5.77,-6.711,-4.751,-4.707,-5.311,-4.643,-6.281,-6.74,-6.805,-5.593,-5.86,-4.792,-5.408,-4.808,-4.536,-5.086,-5.606,-5.045,-5.565,-4.546,-6.077,-5.835,-5.782,-5.745
OptTAR_Fixed_ligprep_20260117_0.5.maegz:316,-5.971,-4.896,-4.76,-4.838,-4.714,-4.69,-4.276,-4.081,-4.601,-5.331,-4.907,-4.978,-2.995,-3.709,-4.471,-4.702,-4.422,-5.211,-5.162,-4.852,-4.166,-4.479,-7.203,-3.285,-4.936,-4.262,-5.615,-6.629,-4.15,-4.579,-4.798,-4.563,-5.853,-5.578,-5.906,-6.223,-4.772,-4.64,-4.556,-5.604,-5.423,-5.166,-4.325,-5.801,-5.837,-4.018,-4.737,-6.67,-3.958,-5.143
OptTAR_Fixed_ligprep_20260117_0.5.maegz:317,-5.538,-5.742,-1.523,-2.923,-5.021,-3.668,-3.226,-2.016,-5.359,-5.172,-4.503,-4.363,-4.211,-1.822,-5.635,-3.288,-2.66,-4.173,-3.184,-6.227,-2.871,-4.867,-5.585,-3.598,-2.997,-5.138,-4.669,-6.686,-4.898,-4.702,-5.198,-4.324,-6.143,-6.055,-5.796,-5.289,-4.754,-3.731,-5.397,-3.719,-4.775,-3.027,-3.869,-5.738,-5.073,-4.37,-4.825,-3.547,-4.82,-4.772
OptTAR_Fixed_ligprep_20260117_0.5.maegz:318,-6.794,-3.812,-1.001,-3.959,-5.18,-5.051,-3.957,-3.729,-4.138,-3.007,-3.507,-3.997,-4.433,-4.712,-2.431,-4.854,-4.272,-6.132,-5.603,-5.071,-3.649,-2.753,-5.579,-2.884,-5.343,-2.823,-4.102,-4.903,-3.535,-4.74,-3.453,-4.402,-5.409,-5.716,-5.8,-1.247,-2.646,-5.119,-4.194,-3.902,-1.885,-3.988,-5.929,-4.678,-4.035,-5.606,-2.806,-4.453,-3.894,-5.634
OptTAR_Fixed_ligprep_20260117_0.5.maegz:319,-6.639,-5.783,-5.269,-4.922,-6.206,-5.778,-6.393,-5.117,-6.414,-5.904,-6.03,-4.521,-5.331,-5.755,-5.481,-5.358,-4.443,-6.457,-5.545,-6.743,-4.516,-5.994,-7.16,-4.82,-5.056,-6.156,-5.044,-5.662,-4.852,-4.646,-6.122,-4.615,-6.142,-6.017,-6.434,-6.354,-5.373,-6.677,-5.209,-5.605,-4.962,-5.33,-6.673,-6.509,-4.936,-4.919,-6.084,-7.367,-5.222,-5.573
OptTAR_Fixed_ligprep_20260117_0.5.maegz:320,-7.005,-4.661,-5.323,-5.522,-5.999,-6.214,-5.833,-5.112,-5.931,-5.626,-4.645,-4.631,-5.17,-4.711,-5.291,-5.788,-4.158,-6.822,-6.484,-6.927,-5.27,-5.842,-7.446,-5.3,-5.262,-6.294,-5.337,-6.638,-5.483,-5.734,-5.859,-4.688,-6.675,-6.715,-6.276,-6.453,-5.636,-6.622,-5.57,-4.903,-5.201,-5.534,-6.849,-6.062,-4.825,-4.481,-6.085,-6.753,-5.58,-4.913
OptTAR_Fixed_ligprep_20260117_0.5.maegz:321,-6.633,-5.896,-4.744,-4.556,-5.259,-5.861,-5.375,-4.031,-5.529,-5.801,-4.989,-4.684,-4.238,-4.482,-4.961,-5.067,-4.117,-5.339,-5.622,-5.818,-4.679,-4.772,-6.927,-4.796,-5.019,-6.07,-4.739,-6.431,-5.592,-4.08,-5.328,-4.874,-5.023,-5.925,-5.912,-5.16,-5.045,-4.913,-5.591,-5.21,-5.099,-4.721,-5.77,-5.717,-4.63,-4.42,-5.052,-5.889,-4.967,-4.846
OptTAR_Fixed_ligprep_20260117_0.5.maegz:322,-5.237,-5.488,-4.243,-4.852,-5.615,-5.102,-5.08,-4.751,-4.777,-5.56,-4.121,-5.38,-4.242,-4.669,-4.776,-5.129,-3.746,-5.459,-5.334,-6.401,-4.395,-4.759,-6.813,-4.494,-5.226,-6.236,-5.565,-6.498,-5.529,-5.201,-5.601,-5.215,-6.071,-5.867,-5.457,-4.731,-4.811,-4.526,-3.61,-6.305,-4.578,-5.101,-5.754,-6.022,-5.055,-4.588,-5.3,-5.124,-4.407,-4.881
OptTAR_Fixed_ligprep_20260117_0.5.maegz:323,-6.221,-4.477,-5.586,-5.104,-6.164,-6.383,-5.848,-4.598,-5.989,-6.117,-4.809,-4.989,-4.233,-5.03,-4.07,-5.999,-4.363,-4.999,-6.368,-5.21,-4.482,-5.926,-7.148,-4.962,-4.424,-6.234,-5.8,-6.907,-5.441,-5.507,-6.256,-5.011,-6.35,-7.113,-6.874,-5.436,-5.868,-5.924,-5.573,-6.635,-4.95,-4.856,-7.138,-6.119,-5.255,-5.093,-5.428,-6.074,-5.898,-6.84
OptTAR_Fixed_ligprep_20260117_0.5.maegz:324,-7.207,-5.575,-5.524,-5.035,-5.863,-5.527,-5.435,-4.487,-5.946,-5.276,-4.99,-4.453,-5.187,-4.958,-4.885,-5.416,-4.593,-6.646,-5.969,-5.959,-5.202,-6.116,-7.438,-5.874,-5.059,-5.969,-5.55,-5.114,-5.444,-5.425,-5.665,-5.553,-6.298,-7.305,-5.578,-5.69,-5.822,-6.245,-5.72,-5.756,-4.828,-5.875,-5.778,-6.853,-5.867,-5.159,-5.829,-6.956,-5.317,-5.339
OptTAR_Fixed_ligprep_20260117_0.5.maegz:325,-5.52,-4.215,-3.855,-4.701,-5.531,-5.084,-5.227,-3.476,-6.08,-6.22,-4.0,-4.859,-4.537,-4.042,-5.082,-4.546,-4.925,-5.275,-5.598,-5.034,-4.211,-3.845,-7.333,-3.735,-4.804,-5.205,-4.882,-6.037,-5.702,-4.466,-5.22,-4.995,-5.786,-6.518,-5.825,-6.092,-6.205,-2.706,-4.1,-6.443,-5.083,-5.073,-4.827,-4.835,-6.154,-4.553,-5.176,-6.124,-5.926,-5.209
OptTAR_Fixed_ligprep_20260117_0.5.maegz:326,-6.423,-4.838,-5.26,-4.283,-6.22,-6.633,-5.578,-4.232,-6.098,-6.131,-6.125,-5.293,-4.975,-4.502,-5.541,-5.019,-4.424,-6.443,-5.558,-6.041,-4.564,-4.61,-6.842,-6.025,-5.375,-6.248,-5.022,-6.973,-4.64,-4.913,-5.406,-4.633,-6.16,-6.841,-6.026,-5.784,-5.409,-5.871,-6.106,-4.635,-3.484,-4.617,-6.124,-6.264,-4.452,-4.205,-5.74,-7.053,-5.189,-6.539
OptTAR_Fixed_ligprep_20260117_0.5.maegz:327,-6.124,-4.524,-4.786,-5.029,-5.263,-5.012,-5.893,-4.906,-5.968,-4.01,-5.155,-6.111,-4.159,-4.298,-4.695,-5.406,-4.478,-4.215,-5.49,-5.407,-4.391,-4.434,-7.24,-4.621,-5.59,-5.617,-5.176,-6.216,-4.531,-5.236,-4.735,-4.685,-6.197,-6.537,-7.008,-4.308,-4.81,-5.114,-4.793,-4.355,-4.073,-5.504,-4.973,-6.609,-4.801,-5.001,-4.792,-5.909,-4.342,-5.572
OptTAR_Fixed_ligprep_20260117_0.5.maegz:328,-7.302,-3.794,-4.162,-3.896,-5.784,-5.412,-4.929,-4.761,-6.343,-5.01,-4.209,-5.203,-4.586,-4.05,-4.808,-5.032,-4.282,-5.345,-4.652,-5.855,-5.087,-4.691,-6.929,-5.154,-5.317,-4.777,-4.077,-6.141,-3.945,-5.11,-4.371,-5.144,-5.969,-6.199,-6.103,-3.864,-5.011,-4.587,-5.115,-5.311,-4.08,-6.068,-6.124,-6.953,-5.886,-4.452,-5.21,-5.892,-4.853,-5.461
OptTAR_Fixed_ligprep_20260117_0.5.maegz:329,-6.926,-3.757,-5.115,-5.429,-5.845,-5.698,-5.569,-4.645,-5.223,-5.163,-4.938,-4.762,-4.855,-4.411,-4.813,-5.065,-4.378,-4.778,-4.876,-6.038,-4.716,-4.813,-7.287,-4.64,-5.104,-5.795,-4.526,-6.211,-4.691,-5.188,-4.632,-5.107,-6.324,-6.668,-6.458,-4.363,-6.066,-4.548,-4.999,-4.922,-3.792,-5.33,-6.017,-6.517,-4.916,-5.163,-4.347,-5.697,-4.267,-4.967
OptTAR_Fixed_ligprep_20260117_0.5.maegz:330,-6.47,-5.342,-4.271,-4.536,-4.891,-5.507,-4.805,-4.927,-5.031,-5.415,-4.966,-4.549,-5.6,-3.989,-4.245,-5.504,-3.803,-4.577,-4.917,-5.886,-4.639,-5.109,-6.943,-4.873,-5.132,-5.464,-5.242,-5.609,-4.578,-5.416,-6.012,-4.332,-5.278,-5.57,-5.687,-5.754,-5.501,-5.01,-4.896,-4.624,-4.221,-4.538,-5.005,-6.045,-5.667,-3.839,-5.547,-5.973,-5.579,-5.598
OptTAR_Fixed_ligprep_20260117_0.5.maegz:331,-6.057,-4.022,-4.985,-4.529,-4.458,-5.508,-5.56,-4.133,-6.244,-5.337,-5.387,-5.122,-4.347,-4.928,-4.325,-5.649,-4.53,-4.362,-6.139,-5.818,-4.797,-5.086,-6.458,-5.03,-4.783,-5.933,-5.213,-4.766,-3.732,-4.351,-5.442,-5.041,-4.798,-6.322,-5.683,-4.908,-5.264,-4.055,-6.148,-4.76,-3.917,-5.214,-5.347,-6.891,-3.252,-4.853,-5.857,-5.995,-5.402,-4.992
OptTAR_Fixed_ligprep_20260117_0.5.maegz:332,-5.229,-5.611,-4.361,-4.876,-6.536,-3.34,-3.323,-4.915,-5.203,-4.35,-4.068,-3.983,-4.093,-4.645,-4.322,-6.289,-1.703,-4.747,-5.411,-3.886,-4.425,-1.746,-7.657,-4.436,-3.877,-4.495,-5.942,-6.568,-4.832,-5.068,-4.344,-4.56,-4.655,-6.503,-6.103,-5.262,-5.299,-5.0,-5.06,-4.733,-5.204,-5.153,-5.24,-5.775,-4.861,-3.133,-7.187,-6.527,-3.591,-4.95
OptTAR_Fixed_ligprep_20260117_0.5.maegz:333,-6.499,-4.883,-5.15,-4.057,-4.351,-4.354,-4.654,-4.682,-4.428,-5.428,-3.595,-3.131,-4.365,-3.653,-4.698,-4.105,-2.05,-2.739,-3.666,-4.489,-2.969,-4.137,-6.698,-3.633,-3.578,-5.033,-5.461,-7.04,-3.84,-4.601,-4.594,-4.762,-4.694,-6.52,-6.649,-6.039,-5.36,-4.593,-5.264,-6.289,-3.1,-5.345,-6.52,-6.187,-4.77,-5.8,-5.65,-5.991,-4.314,-4.494
OptTAR_Fixed_ligprep_20260117_0.5.maegz:334,-4.84,-4.767,-2.69,-4.991,-4.932,-4.566,-4.803,-4.557,-3.943,-5.148,-4.106,-5.286,-2.484,-1.429,-2.643,-4.395,-3.561,-4.075,-2.233,-5.494,-2.675,-3.948,-5.953,-3.163,-5.145,-5.268,-4.485,-4.406,-4.131,-4.745,-3.982,-4.11,-5.194,-6.021,-4.01,-4.036,-5.516,-3.082,-4.104,-4.915,-4.356,-4.337,-5.257,-6.74,-3.85,-3.495,-5.944,-5.245,-3.005,-3.635
OptTAR_Fixed_ligprep_20260117_0.5.maegz:335,-5.947,-4.471,-4.561,-4.616,-4.976,-5.233,-5.176,-4.319,-4.228,-5.234,-5.132,-5.1,-3.341,-2.251,-3.8,-4.936,-2.286,-5.707,-4.353,-2.647,-3.7,-4.587,-6.392,-4.045,-5.328,-4.718,-4.71,-4.988,-3.901,-5.232,-4.488,-4.209,-4.018,-4.801,-5.434,-3.292,-4.267,-4.984,-4.097,-5.445,-3.262,-5.103,-4.79,-5.193,-4.463,-3.594,-5.371,-6.06,-4.662,-4.683
OptTAR_Fixed_ligprep_20260117_0.5.maegz:336,-5.011,-4.861,-4.473,-3.913,-5.32,-5.477,-3.78,-2.972,-4.242,-5.227,-0.6153,-4.273,-3.896,-1.33,-5.348,-4.841,-4.766,-4.378,-5.001,-4.382,-1.001,-4.173,-4.922,-1.655,-4.827,-4.4,-5.027,-5.43,-1.54,-4.717,-4.959,-5.199,-5.476,-3.969,-6.019,-4.658,-2.475,-4.678,-4.439,-1.921,-1.526,-5.508,-5.275,-6.561,-4.813,-4.033,-6.325,-5.595,-4.158,-4.435
OptTAR_Fixed_ligprep_20260117_0.5.maegz:337,-6.067,-5.474,-4.343,-3.431,-5.003,-5.538,-5.44,-4.67,-4.086,-4.9,-4.406,-4.128,-4.856,-4.07,-5.078,-4.509,-1.736,-4.393,-3.077,-4.69,-2.578,-4.721,-7.673,-4.249,-4.393,-4.701,-3.524,-5.396,-3.587,-5.297,-6.284,-4.022,-6.335,-6.617,-6.729,-5.251,-5.322,-5.316,-4.685,-2.769,-4.792,-5.787,-6.391,-6.808,-3.397,-4.313,-5.728,-5.704,-2.865,-5.097
OptTAR_Fixed_ligprep_20260117_0.5.maegz:338,-6.161,-4.969,-3.343,-3.513,-4.475,-5.128,-4.597,-4.19,-4.813,-4.842,-4.402,-4.845,-3.441,-4.342,-3.941,-4.558,-3.91,-5.087,-5.625,-4.92,-3.472,-4.419,-5.983,-4.543,-4.597,-5.342,-4.456,-5.785,-4.572,-4.703,-4.969,-3.497,-5.395,-5.864,-4.814,-5.136,-3.305,-3.49,-5.142,-4.936,-4.012,-4.834,-4.758,-5.929,-4.485,-4.347,-4.337,-3.458,-3.762,-4.391
OptTAR_Fixed_ligprep_20260117_0.5.maegz:339,-5.91,-4.602,-5.396,-4.446,-5.286,-5.545,-5.987,-4.206,-6.481,-5.827,-5.296,-5.147,-4.435,-4.716,-5.918,-4.469,-4.43,-4.297,-5.865,-5.787,-4.582,-4.225,-6.223,-5.025,-5.293,-6.588,-5.1,-7.149,-5.034,-5.133,-5.136,-5.241,-6.208,-5.981,-6.061,-5.717,-6.174,-5.015,-6.025,-6.498,-4.355,-5.265,-5.966,-5.747,-5.488,-4.667,-6.642,-7.091,-5.409,-4.732
OptTAR_Fixed_ligprep_20260117_0.5.maegz:340,-7.714,-3.962,-5.89,-5.088,-5.739,-5.895,-6.696,-5.11,-6.665,-5.412,-5.216,-6.099,-4.72,-5.996,-6.18,-5.353,-4.063,-6.382,-6.615,-7.036,-5.802,-4.333,-7.537,-4.748,-6.144,-5.503,-5.42,-6.253,-4.839,-5.819,-5.796,-4.205,-6.229,-7.48,-6.795,-4.435,-5.679,-5.016,-5.397,-5.415,-5.374,-5.452,-5.619,-6.456,-5.902,-4.343,-5.257,-7.3,-4.531,-5.62
OptTAR_Fixed_ligprep_20260117_0.5.maegz:341,-6.845,-4.798,-5.246,-4.525,-6.43,-5.624,-5.514,-4.628,-5.639,-5.109,-6.009,-4.875,-4.236,-4.062,-5.652,-5.547,-4.504,-5.322,-5.939,-5.582,-4.093,-5.365,-7.733,-5.488,-5.491,-5.635,-5.814,-6.121,-5.169,-5.351,-5.284,-5.227,-6.067,-6.549,-7.06,-6.132,-5.807,-4.962,-5.096,-5.835,-5.548,-5.835,-6.331,-6.241,-5.103,-4.956,-6.283,-6.811,-6.136,-5.431
OptTAR_Fixed_ligprep_20260117_0.5.maegz:342,-7.106,-4.972,-4.858,-5.195,-4.99,-5.484,-4.264,-4.592,-4.846,-5.347,-5.297,-4.23,-4.444,-4.276,-4.631,-3.942,-4.101,-4.34,-5.829,-5.163,-4.889,-4.882,-6.707,-4.311,-5.692,-5.46,-5.234,-5.438,-4.231,-4.766,-5.077,-4.541,-5.51,-5.999,-5.717,-5.633,-4.97,-3.989,-4.375,-4.891,-4.245,-4.876,-5.152,-5.913,-5.235,-4.624,-4.798,-5.37,-5.785,-5.109
OptTAR_Fixed_ligprep_20260117_0.5.maegz:343,-7.452,-5.097,-3.568,-5.281,-4.786,-5.639,-4.962,-4.284,-5.207,-5.073,-4.959,-4.64,-5.159,-4.215,-4.757,-3.923,-4.15,-5.215,-5.83,-5.126,-4.769,-4.552,-6.861,-4.128,-5.427,-5.108,-5.363,-5.606,-4.403,-4.737,-4.2,-4.397,-5.581,-6.35,-6.015,-5.841,-5.282,-3.838,-4.82,-4.372,-4.622,-4.743,-4.912,-5.809,-4.131,-4.438,-4.85,-4.59,-5.263,-4.595
OptTAR_Fixed_ligprep_20260117_0.5.maegz:344,-6.448,-4.685,-5.004,-4.735,-5.061,-6.191,-5.455,-4.352,-5.424,-5.103,-6.265,-4.722,-4.006,-5.037,-4.705,-4.988,-3.984,-5.055,-5.036,-6.335,-4.699,-5.753,-7.052,-4.086,-5.871,-5.971,-6.402,-5.959,-4.229,-4.959,-5.384,-5.47,-5.518,-6.444,-7.057,-6.042,-5.346,-3.836,-4.982,-4.888,-3.592,-5.043,-6.261,-6.03,-5.225,-4.59,-4.425,-6.521,-5.122,-5.095
OptTAR_Fixed_ligprep_20260117_0.5.maegz:345,-7.351,-5.839,-6.115,-5.689,-6.147,-6.257,-6.387,-5.553,-5.853,-5.784,-6.44,-6.458,-4.865,-6.354,-6.121,-5.303,-4.486,-5.741,-5.413,-6.351,-5.262,-5.9,-8.059,-5.14,-6.129,-6.503,-6.053,-7.078,-5.47,-5.685,-6.081,-5.147,-6.652,-7.247,-6.971,-5.83,-6.085,-5.486,-6.708,-6.274,-4.807,-6.017,-7.104,-8.072,-5.743,-5.648,-6.184,-6.909,-6.978,-6.075
OptTAR_Fixed_ligprep_20260117_0.5.maegz:346,-6.851,-5.644,-5.293,-5.509,-6.075,-5.926,-5.358,-4.23,-6.217,-5.957,-5.604,-6.431,-4.363,-5.019,-6.026,-6.065,-4.418,-5.429,-6.532,-5.616,-4.442,-6.366,-6.557,-5.478,-5.321,-6.351,-5.198,-7.713,-5.566,-4.779,-5.946,-4.72,-6.364,-7.64,-6.356,-6.19,-4.954,-5.645,-4.963,-5.541,-5.106,-5.619,-6.218,-6.806,-5.053,-5.337,-5.219,-7.386,-5.468,-5.996
OptTAR_Fixed_ligprep_20260117_0.5.maegz:347,-6.515,-4.913,-4.473,-4.895,-6.118,-4.861,-4.583,-5.273,-5.813,-5.746,-4.376,-4.836,-4.137,-5.94,-5.689,-5.704,-3.87,-6.767,-6.339,-5.426,-4.871,-5.846,-7.182,-4.425,-5.255,-5.999,-5.764,-6.824,-4.693,-5.82,-5.988,-4.824,-6.076,-7.132,-6.217,-6.176,-5.765,-4.826,-5.366,-5.234,-5.436,-5.001,-6.206,-7.017,-5.4,-3.931,-3.766,-5.736,-4.568,-5.359
OptTAR_Fixed_ligprep_20260117_0.5.maegz:348,-6.258,-3.633,-4.968,-4.542,-5.402,-5.903,-4.598,-4.233,-4.703,-5.559,-5.675,-4.775,-4.002,-4.499,-5.633,-4.037,-3.937,-4.96,-5.045,-5.127,-4.339,-4.603,-6.54,-3.978,-4.886,-5.602,-4.526,-6.211,-4.553,-4.378,-4.936,-4.803,-5.952,-6.31,-6.653,-5.549,-4.957,-4.277,-4.255,-5.413,-5.19,-4.552,-5.552,-6.412,-5.267,-4.296,-6.064,-6.598,-4.581,-4.402
OptTAR_Fixed_ligprep_20260117_0.5.maegz:349,-5.76,-4.48,-4.503,-4.997,-5.327,-5.007,-4.724,-4.515,-5.166,-5.193,-4.724,-4.702,-3.584,-5.402,-4.517,-4.618,-3.957,-5.537,-5.529,-5.237,-4.507,-4.652,-7.182,-4.532,-6.187,-5.891,-4.767,-5.642,-4.163,-4.948,-5.421,-4.378,-6.213,-6.495,-5.228,-5.483,-4.533,-5.823,-4.896,-5.022,-5.108,-4.72,-4.944,-5.295,-5.383,-4.651,-5.387,-5.048,-5.292,-5.208
OptTAR_Fixed_ligprep_20260117_0.5.maegz:350,-6.175,-3.843,-4.575,-5.411,-6.233,-5.802,-4.992,-4.447,-5.131,-5.223,-4.963,-4.786,-4.142,-4.73,-4.313,-4.233,-3.693,-4.776,-5.574,-4.957,-4.564,-4.652,-6.891,-4.141,-6.347,-5.297,-4.894,-5.616,-4.615,-3.901,-4.547,-4.92,-5.545,-5.841,-6.499,-5.926,-4.976,-5.417,-4.693,-4.924,-5.176,-4.992,-5.126,-5.853,-5.608,-4.278,-4.876,-4.955,-5.63,-5.903
OptTAR_Fixed_ligprep_20260117_0.5.maegz:351,-3.089,-3.919,-4.009,-3.448,-3.695,-4.431,-3.952,-3.707,-3.762,-4.98,-3.614,-3.31,-3.785,-2.946,-3.177,-3.413,-2.749,-3.921,-3.349,-3.167,-3.775,-3.244,-5.807,-3.543,-3.684,-3.722,-2.753,-4.901,-2.548,-3.535,-3.948,-3.43,-4.325,-4.562,-4.324,-4.309,-2.317,-3.543,-4.018,-3.577,-2.555,-3.38,-4.822,-4.83,-3.719,-3.136,-4.069,-4.408,-3.43,-2.734
OptTAR_Fixed_ligprep_20260117_0.5.maegz:352,-6.027,-4.582,-4.588,-4.051,-4.129,-3.949,-1.753,-3.401,-4.082,-4.493,-4.759,-4.392,-3.197,-3.06,-3.419,-3.706,-2.966,-4.07,-4.021,-4.137,-4.058,-4.633,-4.793,-3.107,-4.143,-3.904,-3.836,-4.978,-4.72,-3.035,-4.057,-4.016,-4.023,-5.137,-5.001,-4.054,-3.568,-4.738,-3.923,-4.651,-2.772,-4.285,-5.211,-5.391,-4.219,-3.76,-4.055,-4.431,-3.625,-4.969
OptTAR_Fixed_ligprep_20260117_0.5.maegz:353,-4.679,-4.855,-4.255,-4.045,-3.57,-3.358,-3.785,-3.011,-4.405,-3.716,-4.588,-3.557,-3.423,-2.87,-3.349,-3.662,-2.659,-3.875,-3.083,-3.747,-1.309,-3.404,-5.587,-3.428,-2.229,-3.805,-4.246,-4.157,-3.37,-3.971,-4.35,-2.772,-3.902,-4.891,-3.578,-4.801,-2.1,-3.085,-3.639,-4.257,-3.711,-3.265,-4.688,-5.142,-3.752,-3.525,-2.848,-3.233,-3.123,-5.083
OptTAR_Fixed_ligprep_20260117_0.5.maegz:354,-4.891,-3.876,-3.416,-3.23,-3.013,-3.988,-3.095,-2.299,-3.368,-4.011,-3.876,-2.847,-3.298,-3.549,-2.577,-2.886,-2.102,-3.917,-3.836,-3.72,-1.287,-3.045,-4.847,-3.119,-3.323,-2.112,-2.878,-3.911,-0.6791,-1.454,-3.699,-3.336,-3.463,-5.249,-4.67,-4.52,-4.244,-2.885,-2.85,-3.545,-3.553,-3.237,-2.004,-4.523,-3.359,-2.784,-4.965,-5.562,-3.325,-4.943
OptTAR_Fixed_ligprep_20260117_0.5.maegz:355,-4.158,-3.968,-1.314,-3.805,-2.351,-3.85,-1.699,-3.592,-1.15,-4.918,-3.331,-1.131,-4.031,-0.8823,-3.546,-1.293,-2.841,-4.201,-2.988,-5.161,-3.159,-3.373,-5.473,-3.825,-3.455,-3.507,-1.812,-1.938,-3.124,-0.7955,-3.578,-2.287,-4.276,-4.791,-5.809,-1.808,-4.116,-0.5276,-1.598,-2.442,-3.632,-3.934,-3.565,-4.864,-2.534,-3.945,-2.599,-3.813,-4.783,-2.717
OptTAR_Fixed_ligprep_20260117_0.5.maegz:356,-2.978,-4.07,-0.6809,-2.704,-1.388,-4.117,-2.594,-3.239,-1.357,-2.6,-0.7745,-4.317,-3.125,-3.137,-0.3821,-3.439,-2.986,-3.373,-3.261,-2.959,-1.099,-2.656,-4.846,-2.195,-0.6722,-4.173,-2.759,-3.743,-3.161,-3.007,-1.413,-1.199,-4.818,-4.967,-4.725,-4.339,-2.523,-3.219,-2.811,-1.729,-1.201,-3.869,-4.518,-3.606,-0.8586,-2.708,-0.7684,-0.8857,-2.505,-2.66
OptTAR_Fixed_ligprep_20260117_0.5.maegz:357,-4.332,-3.937,-1.039,-3.311,-2.314,-4.493,-3.979,-3.482,-2.636,-3.879,-3.349,-3.6,-3.53,-0.6799,-3.391,-1.253,-3.069,-4.186,-3.958,-3.855,-1.833,-1.244,-3.901,-2.122,-3.36,-1.539,-2.132,-5.295,-2.484,-1.038,-4.163,-3.501,-3.617,-4.905,-4.267,-1.989,-3.711,-0.2361,-1.125,-3.21,-3.861,-2.601,-4.265,-4.478,-3.087,-2.819,-2.515,-1.451,-1.68,-2.695
OptTAR_Fixed_ligprep_20260117_0.5.maegz:358,-3.872,-3.287,-3.101,-3.007,-2.654,-3.444,-3.052,-3.267,-2.817,-4.201,-3.848,-2.61,-2.412,-2.586,-2.899,-2.64,-2.239,-3.679,-3.113,-2.966,-3.067,-2.592,-4.406,-2.883,-2.796,-2.979,-3.004,-3.583,-2.638,-3.105,-3.207,-3.196,-4.075,-4.089,-4.608,-4.27,-3.085,-2.963,-3.26,-2.782,-2.808,-3.014,-4.085,-4.643,-3.508,-3.71,-3.851,-3.091,-2.69,-3.486
OptTAR_Fixed_ligprep_20260117_0.5.maegz:359,-4.917,-3.858,-3.051,-3.814,-3.018,-3.682,-4.761,-2.9,-2.752,-4.803,-4.128,-4.081,-3.303,-2.886,-4.366,-3.525,-2.442,-3.164,-3.647,-3.958,-2.372,-3.566,-5.155,-3.832,-4.769,-4.652,-3.137,-4.101,-3.5,-4.07,-2.585,-4.163,-4.692,-5.228,-4.436,-5.146,-3.569,-3.637,-3.027,-3.181,-3.544,-3.862,-3.966,-5.313,-2.631,-3.316,-3.614,-4.01,-3.356,-3.933
OptTAR_Fixed_ligprep_20260117_0.5.maegz:360,-5.306,-3.765,-3.293,-4.241,-3.859,-4.846,-4.477,-3.988,-3.784,-4.651,-2.865,-3.646,-3.259,-2.774,-3.556,-3.527,-2.646,-4.076,-5.161,-4.076,-3.145,-3.777,-6.205,-3.529,-4.399,-4.173,-2.813,-4.395,-3.294,-3.902,-2.966,-3.777,-5.672,-5.377,-4.932,-2.979,-3.435,-4.162,-3.765,-3.728,-3.39,-3.147,-3.184,-6.128,-3.653,-3.941,-3.741,-5.534,-2.962,-2.951
OptTAR_Fixed_ligprep_20260117_0.5.maegz:361,-5.227,-4.092,-2.858,-3.681,-3.56,-4.64,-4.281,-4.101,-3.076,-4.704,-4.162,-3.606,-2.084,-3.28,-4.005,-3.78,-3.159,-4.391,-4.852,-4.77,-3.143,-3.561,-6.434,-3.102,-4.664,-3.932,-3.453,-4.949,-3.824,-4.139,-3.453,-3.562,-5.8,-4.546,-4.683,-3.544,-3.478,-3.583,-4.035,-3.672,-2.933,-3.129,-3.955,-6.07,-3.577,-3.695,-4.761,-5.284,-3.041,-3.612
OptTAR_Fixed_ligprep_20260117_0.5.maegz:362,-5.225,-4.098,-3.315,-3.795,-3.8,-3.85,-4.523,-1.513,-3.811,-4.781,-4.741,-3.653,-3.222,-3.499,-3.789,-3.632,-3.231,-4.328,-4.601,-4.453,-3.295,-3.502,-6.072,-2.069,-3.876,-5.317,-3.304,-4.98,-3.669,-4.032,-1.58,-4.225,-5.77,-5.71,-5.246,-4.603,-3.444,-3.886,-3.379,-3.972,-3.423,-2.991,-3.459,-6.208,-2.983,-3.636,-2.29,-5.471,-2.549,-1.822
OptTAR_Fixed_ligprep_20260117_0.5.maegz:363,-5.008,-3.986,-4.001,-4.666,-5.478,-4.22,-4.883,-4.849,-4.829,-5.223,-4.603,-3.531,-4.14,-3.846,-4.319,-5.345,-3.367,-5.47,-3.745,-5.488,-4.81,-5.321,-6.559,-3.916,-4.968,-4.82,-4.587,-5.485,-3.635,-3.275,-3.654,-4.476,-5.863,-6.047,-5.738,-4.979,-4.902,-4.113,-4.029,-4.271,-3.776,-4.107,-5.747,-6.155,-4.484,-3.3,-5.87,-6.348,-4.165,-4.435
OptTAR_Fixed_ligprep_20260117_0.5.maegz:364,-6.843,-5.096,-4.906,-5.138,-6.233,-6.067,-5.948,-5.075,-6.13,-5.896,-5.816,-5.101,-4.484,-5.64,-5.35,-5.566,-4.829,-5.48,-5.602,-5.966,-4.905,-5.532,-8.15,-4.995,-5.995,-5.659,-5.536,-6.922,-5.246,-5.576,-5.628,-5.709,-6.47,-7.005,-7.205,-6.177,-6.161,-5.116,-5.803,-6.04,-5.205,-5.713,-6.254,-6.455,-5.807,-5.442,-5.149,-6.428,-5.77,-8.013
OptTAR_Fixed_ligprep_20260117_0.5.maegz:365,-6.02,-5.183,-4.18,-4.265,-4.713,-5.218,-4.42,-4.28,-4.237,-4.53,-5.279,-4.039,-3.965,-2.921,-4.128,-4.945,-4.158,-5.195,-4.594,-4.138,-3.82,-4.464,-6.713,-3.785,-4.14,-4.343,-4.77,-5.914,-3.472,-3.656,-4.092,-4.556,-5.072,-4.859,-5.528,-4.717,-4.381,-3.999,-4.021,-4.209,-3.716,-4.66,-5.303,-6.484,-5.889,-4.681,-4.416,-5.052,-3.981,-4.433
OptTAR_Fixed_ligprep_20260117_0.5.maegz:366,-6.65,-5.611,-4.345,-4.857,-4.788,-5.845,-4.996,-4.91,-5.081,-6.215,-4.049,-4.937,-4.175,-4.53,-3.944,-5.604,-3.955,-4.773,-5.164,-5.167,-4.809,-4.555,-7.43,-5.488,-5.375,-6.213,-5.227,-6.107,-4.364,-4.998,-5.092,-4.574,-6.13,-6.565,-6.113,-4.654,-5.187,-4.106,-4.433,-5.303,-4.714,-5.317,-6.267,-6.612,-5.485,-5.242,-5.478,-5.41,-4.211,-5.7
OptTAR_Fixed_ligprep_20260117_0.5.maegz:367,-6.116,-5.6,-4.338,-5.554,-5.657,-5.641,-5.656,-4.619,-5.435,-6.404,-5.506,-5.067,-4.525,-4.398,-4.385,-5.164,-4.042,-5.204,-5.265,-5.025,-4.77,-4.599,-7.339,-4.064,-4.708,-5.823,-4.223,-5.804,-4.473,-5.307,-5.519,-5.254,-6.167,-5.839,-6.622,-4.869,-5.188,-4.219,-5.182,-4.515,-4.834,-5.232,-4.693,-5.878,-4.978,-4.729,-5.082,-5.392,-4.2,-5.715
OptTAR_Fixed_ligprep_20260117_0.5.maegz:368,-4.607,-4.239,-3.662,-3.408,-5.073,-4.132,-5.004,-4.182,-1.633,-3.913,-4.139,-4.216,-3.193,-4.385,-3.599,-3.165,-0.7157,-4.028,-4.512,-0.9762,-3.208,-3.357,-7.057,-3.666,-3.599,-1.019,-3.573,-4.951,-3.237,-3.456,-3.422,-4.323,-4.544,-4.928,-4.429,-4.709,-3.082,-2.811,-4.17,-3.476,-2.952,-5.305,-4.446,-4.214,-2.593,-2.86,-5.284,-3.808,-4.698,-1.55
OptTAR_Fixed_ligprep_20260117_0.5.maegz:369,-3.712,-3.938,-2.723,-3.4,-4.902,-2.886,-3.671,-1.882,-3.454,-3.762,-3.689,-2.696,-3.268,-3.985,-2.846,-3.566,-3.951,-3.827,-4.541,-2.671,-3.615,-3.245,-3.413,-3.211,-3.147,-2.822,-2.055,-5.886,-3.073,-2.539,-2.792,-4.43,-5.496,-4.993,-5.538,-4.149,-1.848,-3.37,-4.73,-1.634,-2.115,-3.694,-4.153,-4.988,-4.693,-3.712,-3.184,-4.127,-5.168,-4.836
OptTAR_Fixed_ligprep_20260117_0.5.maegz:370,-4.309,-2.671,-3.744,-2.182,-3.527,-4.586,-3.931,-2.273,-2.602,-5.627,-3.606,-2.903,-2.46,-0.869,-2.434,-1.867,-2.821,-3.812,-2.502,-3.526,-1.961,-2.489,-5.583,-3.795,-3.501,-3.784,-3.072,-5.018,-1.925,-4.272,-4.011,-2.867,-4.633,-4.766,-4.606,-3.69,-2.662,-2.889,-5.122,-3.782,-3.03,-3.666,-4.636,-5.285,-4.266,-2.796,-3.86,-3.106,-3.014,-4.08
OptTAR_Fixed_ligprep_20260117_0.5.maegz:371,-5.304,-3.686,-3.695,-3.915,-5.285,-2.44,-1.324,-1.494,-4.01,-2.904,-3.914,-2.979,-3.156,-3.329,-2.918,-1.37,-1.5,-5.275,-3.368,-5.067,-3.437,-5.06,-5.112,-3.683,-3.556,-4.581,-2.795,-5.483,-3.969,-2.4,-4.623,-4.065,-5.266,-5.017,-4.297,-3.568,-1.197,-2.865,-3.772,-3.045,-3.505,-2.329,-1.251,-3.605,-2.054,-3.892,-2.145,-4.431,-4.679,-2.134
OptTAR_Fixed_ligprep_20260117_0.5.maegz:372,-4.151,-3.615,-2.722,-3.462,-4.192,-4.178,-2.783,-3.245,-3.87,-1.497,-5.064,-3.302,-2.936,-4.465,-1.997,-0.8885,0.3863,-3.751,-3.405,-3.786,-1.731,-2.43,-4.108,-4.275,-2.761,-2.73,-3.719,-5.615,-3.715,-3.91,-5.031,-2.981,-2.806,-2.319,-5.28,-4.475,-3.041,-2.428,-2.744,-2.61,-3.317,-5.407,-1.429,-4.018,-0.9632,-2.868,-1.699,-3.29,-3.13,-3.112
OptTAR_Fixed_ligprep_20260117_0.5.maegz:373,-3.972,-2.795,-2.875,-1.955,-3.744,-2.27,-3.617,-3.418,-2.161,-2.438,-1.784,-4.511,-3.064,-1.828,-4.261,-3.484,-2.862,-3.425,-2.548,-3.657,-3.065,-1.935,-3.185,-4.209,-2.396,-3.509,-1.489,-5.093,-1.514,-4.388,-3.473,-4.283,-4.238,-4.148,-4.381,-2.132,-3.044,-3.249,-3.292,-3.115,-3.835,-3.208,-3.443,-3.801,-3.54,-3.639,-2.449,-3.802,-2.524,-2.791
OptTAR_Fixed_ligprep_20260117_0.5.maegz:374,-3.549,-3.22,-0.9263,-2.848,-5.472,-4.181,-2.339,-3.836,-2.763,-2.267,-0.7461,-3.096,-1.528,-3.05,-3.411,-1.814,-1.135,-3.097,-2.176,-4.064,-1.996,-2.299,-3.562,-3.903,-3.499,-2.359,-2.586,-5.641,-3.542,-4.475,-4.945,-3.176,-3.888,-4.937,-5.085,-4.121,-2.941,-2.889,-4.816,-2.866,-3.019,-3.61,-4.353,-3.54,-4.048,-4.282,-0.7468,-3.423,-2.622,-1.951
OptTAR_Fixed_ligprep_20260117_0.5.maegz:375,-3.994,-3.563,-3.896,-3.511,-5.304,-5.074,-5.432,-3.573,-1.648,-5.098,-4.732,-4.658,-3.362,-4.519,-4.558,-4.341,-3.863,-4.845,-5.15,-4.453,-2.111,-5.741,-5.937,-3.63,-4.951,-5.471,-4.772,-5.019,-3.316,-3.05,-4.897,-3.007,-4.872,-5.735,-3.668,-6.036,-3.778,-4.783,-3.546,-2.726,-4.725,-3.979,-4.622,-5.316,-4.207,-4.147,-5.537,-5.209,-4.721,-5.27
OptTAR_Fixed_ligprep_20260117_0.5.maegz:376,-6.596,-3.537,-5.151,-4.824,-5.944,-5.603,-4.999,-4.709,-5.301,-4.995,-5.36,-5.349,-4.984,-4.759,-3.955,-5.907,-4.211,-5.975,-5.523,-5.804,-5.55,-4.497,-6.836,-4.766,-5.092,-5.642,-6.502,-6.893,-4.64,-5.845,-5.218,-5.343,-5.687,-6.313,-6.931,-5.344,-6.251,-5.623,-4.968,-6.032,-4.531,-4.73,-5.32,-6.648,-4.207,-5.1,-6.912,-7.241,-4.59,-5.091
OptTAR_Fixed_ligprep_20260117_0.5.maegz:377,-6.598,-3.833,-4.586,-5.194,-5.615,-5.354,-4.99,-3.856,-4.996,-4.84,-5.179,-4.325,-3.593,-3.935,-4.776,-4.127,-4.847,-6.057,-5.33,-5.791,-4.156,-4.072,-7.206,-4.067,-5.185,-4.145,-4.705,-5.535,-4.384,-3.603,-4.537,-4.432,-5.943,-6.463,-5.908,-5.995,-4.449,-4.983,-3.497,-4.119,-3.917,-4.404,-4.759,-5.45,-4.205,-4.014,-5.124,-5.23,-3.755,-4.547
OptTAR_Fixed_ligprep_20260117_0.5.maegz:378,-6.86,-4.131,-5.395,-4.977,-6.147,-5.853,-5.339,-4.699,-7.08,-5.384,-5.337,-4.713,-4.539,-5.047,-5.356,-5.707,-4.103,-4.951,-5.351,-4.667,-4.461,-4.854,-7.324,-5.538,-6.099,-4.438,-5.859,-5.441,-4.286,-4.572,-6.047,-5.168,-6.105,-7.559,-7.405,-5.235,-4.549,-5.159,-5.444,-5.25,-4.728,-6.071,-5.973,-6.378,-5.082,-4.691,-5.43,-6.198,-5.312,-5.878
OptTAR_Fixed_ligprep_20260117_0.5.maegz:379,-6.253,-3.836,-4.733,-4.678,-6.011,-6.029,-5.37,-4.315,-6.425,-5.568,-5.159,-5.027,-4.36,-5.261,-4.648,-4.967,-3.944,-5.495,-4.337,-6.148,-5.165,-4.831,-6.899,-4.709,-4.245,-5.645,-4.931,-6.016,-3.877,-4.769,-5.564,-3.463,-5.406,-6.614,-6.295,-7.596,-4.622,-4.139,-5.089,-4.144,-4.246,-4.281,-5.422,-6.09,-4.725,-4.287,-4.812,-5.528,-5.041,-3.815
OptTAR_Fixed_ligprep_20260117_0.5.maegz:380,-6.884,-4.955,-5.337,-5.311,-6.626,-6.014,-5.498,-4.969,-6.708,-5.27,-5.148,-5.095,-4.542,-5.783,-5.477,-5.819,-4.44,-6.088,-5.212,-5.794,-5.222,-5.56,-7.661,-5.929,-5.802,-4.935,-5.486,-6.188,-4.893,-6.276,-6.82,-5.898,-6.49,-7.215,-6.528,-7.639,-6.361,-4.657,-4.996,-4.923,-5.366,-7.088,-5.994,-5.618,-5.573,-5.668,-6.416,-5.487,-5.381,-5.471
OptTAR_Fixed_ligprep_20260117_0.5.maegz:381,-7.674,-5.123,-5.415,-5.793,-5.612,-4.213,-5.829,-5.776,-4.955,-5.078,-4.911,-5.521,-3.975,-3.405,-4.771,-5.719,-4.281,-5.276,-5.705,-6.01,-5.571,-5.407,-6.904,-4.393,-5.667,-4.768,-4.938,-7.03,-5.237,-4.179,-5.847,-4.944,-5.494,-6.959,-6.967,-4.139,-5.059,-4.956,-4.472,-4.946,-4.4,-6.764,-5.818,-7.162,-4.885,-4.589,-5.361,-5.5,-5.923,-5.213
OptTAR_Fixed_ligprep_20260117_0.5.maegz:382,-7.815,-5.521,-5.396,-5.299,-7.174,-6.59,-5.308,-5.341,-5.515,-5.692,-5.113,-5.285,-5.358,-6.087,-6.545,-5.412,-5.018,-5.388,-5.848,-6.695,-5.575,-5.995,-7.037,-4.967,-5.962,-5.645,-4.812,-7.154,-4.863,-5.945,-5.656,-6.473,-5.997,-7.646,-7.148,-6.581,-5.425,-4.712,-6.196,-5.502,-4.3,-6.399,-6.135,-6.712,-5.872,-5.626,-5.995,-6.248,-5.283,-5.252
OptTAR_Fixed_ligprep_20260117_0.5.maegz:383,-7.922,-4.73,-4.918,-5.448,-6.946,-5.834,-6.003,-4.843,-6.468,-5.543,-4.211,-6.134,-4.933,-5.006,-5.985,-5.946,-4.235,-5.262,-5.391,-5.863,-6.123,-5.725,-6.972,-5.432,-5.781,-5.064,-5.839,-7.291,-5.348,-5.699,-5.562,-5.06,-6.46,-7.133,-7.178,-5.255,-5.338,-5.473,-5.819,-5.485,-5.471,-7.007,-5.049,-7.719,-4.755,-4.569,-6.297,-7.297,-5.068,-4.952
OptTAR_Fixed_ligprep_20260117_0.5.maegz:384,-7.048,-4.014,-4.044,-4.866,-5.844,-5.595,-5.536,-4.31,-6.118,-4.964,-2.689,-6.076,-4.07,-3.928,-4.858,-5.848,-4.108,-4.917,-4.829,-6.016,-4.798,-5.207,-6.782,-4.966,-6.109,-5.895,-5.051,-7.281,-4.943,-4.991,-5.34,-4.959,-6.271,-6.732,-5.826,-6.147,-4.867,-4.347,-4.773,-5.133,-4.713,-5.871,-5.93,-6.953,-5.287,-4.853,-4.771,-5.295,-4.66,-4.167
OptTAR_Fixed_ligprep_20260117_0.5.maegz:385,-7.767,-4.439,-5.43,-6.216,-5.62,-6.031,-6.144,-5.019,-5.796,-5.438,-4.79,-6.233,-4.89,-4.921,-5.034,-5.154,-4.316,-5.666,-6.636,-5.392,-5.775,-6.354,-7.576,-5.143,-6.151,-6.069,-5.294,-7.17,-5.303,-6.017,-5.65,-6.108,-6.6,-6.665,-6.443,-6.476,-5.403,-5.281,-5.296,-5.83,-4.716,-6.959,-5.61,-7.235,-5.631,-4.807,-6.065,-6.915,-6.103,-5.016
OptTAR_Fixed_ligprep_20260117_0.5.maegz:386,-6.153,-4.23,-4.53,-5.027,-5.865,-6.59,-5.328,-5.759,-5.941,-6.546,-4.488,-4.759,-3.755,-4.593,-5.13,-4.763,-4.212,-5.896,-5.269,-5.706,-4.729,-5.364,-7.69,-4.6,-5.194,-5.53,-4.657,-6.71,-4.454,-5.637,-5.78,-4.938,-6.769,-6.488,-6.494,-5.289,-6.013,-4.365,-5.484,-5.082,-4.362,-5.535,-6.061,-6.267,-5.374,-4.452,-5.184,-6.01,-5.127,-4.744
OptTAR_Fixed_ligprep_20260117_0.5.maegz:387,-6.799,-4.485,-4.534,-5.109,-5.641,-6.263,-5.884,-4.891,-4.782,-5.126,-5.814,-5.183,-4.139,-4.53,-4.417,-5.016,-3.827,-5.229,-6.028,-5.129,-4.683,-4.914,-6.809,-4.392,-5.071,-6.451,-4.589,-6.178,-4.253,-5.216,-5.191,-5.269,-5.907,-6.215,-6.246,-4.683,-4.633,-4.567,-5.212,-4.729,-4.143,-5.34,-4.819,-5.683,-4.582,-4.817,-5.76,-5.145,-5.027,-5.248
OptTAR_Fixed_ligprep_20260117_0.5.maegz:388,-3.959,-4.506,-3.529,-3.72,-1.237,-3.673,-1.351,-3.274,-3.453,-0.3882,-3.321,-2.668,-0.8296,-0.6856,-3.523,-3.472,-1.501,-2.292,-3.306,-2.985,-1.402,-1.044,-3.479,-2.321,-2.683,-2.069,-0.9545,-4.574,-2.65,-3.326,-2.857,-2.2,-5.482,-2.4,-3.461,-2.093,-2.286,-2.682,-3.204,-2.02,-3.089,-1.785,-1.122,-3.814,-1.349,-3.722,-3.083,-3.297,-2.78,-4.689
OptTAR_Fixed_ligprep_20260117_0.5.maegz:389,-3.796,-4.071,-4.337,-2.712,-2.51,-3.994,-1.517,-1.725,-1.414,-3.354,-0.9734,-3.934,-2.591,-1.5,-3.22,-2.033,-2.456,-3.951,-4.654,-3.326,-3.306,-1.522,-5.663,-3.474,-4.585,-3.852,-4.257,-5.539,-2.007,-4.064,-2.408,-0.842,-3.219,-5.17,-4.403,-2.972,-2.142,-1.916,-0.3398,-2.083,-3.583,-2.531,-4.045,-5.383,-0.3852,-3.001,-0.5418,-3.506,-4.663,-4.794
OptTAR_Fixed_ligprep_20260117_0.5.maegz:390,-2.007,-1.504,-1.295,-2.158,-1.84,-3.058,-4.635,-2.145,-2.799,-2.38,0.1327,-2.965,-1.317,0.3433,-2.064,2.702,-2.944,-2.144,-1.517,-3.254,-0.8867,-2.795,-3.583,-2.439,-3.492,0.1496,-2.438,-5.363,-0.5135,-2.916,-1.977,-0.6038,-3.468,-2.298,-3.438,-0.6358,-0.57,-1.086,-2.785,-3.671,-0.7236,-2.559,-1.333,-1.804,-2.071,-2.046,-2.57,-0.9031,-5.53,-3.078
OptTAR_Fixed_ligprep_20260117_0.5.maegz:391,-6.604,-5.138,-3.889,-5.233,-4.493,-4.824,-6.322,-4.333,-5.895,-5.578,-5.105,-6.192,-3.987,-5.982,-4.804,-4.952,-4.02,-6.388,-5.224,-4.412,-4.537,-5.878,-7.146,-4.594,-4.491,-5.337,-5.197,-6.216,-2.195,-4.554,-5.606,-5.309,-6.139,-6.582,-5.86,-6.026,-4.895,-4.092,-5.339,-4.687,-5.505,-4.724,-5.494,-5.446,-5.032,-4.424,-4.991,-6.028,-3.966,-4.885
OptTAR_Fixed_ligprep_20260117_0.5.maegz:392,-5.766,-4.134,-5.517,-5.574,-5.586,-5.872,-5.172,-5.156,-5.73,-4.979,-5.598,-4.779,-5.392,-5.12,-5.766,-5.256,-5.127,-5.685,-5.78,-5.324,-5.605,-5.218,-7.183,-4.722,-6.444,-5.684,-4.496,-5.617,-4.5,-4.885,-5.165,-4.819,-6.125,-6.212,-5.923,-6.433,-4.801,-5.208,-5.284,-5.245,-4.963,-5.339,-6.02,-5.333,-4.815,-4.678,-4.561,-5.328,-4.418,-6.247
OptTAR_Fixed_ligprep_20260117_0.5.maegz:393,-5.566,-5.314,-5.305,-4.551,-5.947,-5.961,-5.722,-5.615,-5.612,-4.895,-5.222,-4.97,-4.093,-5.635,-5.182,-5.137,-5.126,-5.186,-5.333,-5.024,-4.847,-4.171,-7.113,-4.247,-6.103,-5.363,-5.223,-5.34,-5.354,-5.034,-5.491,-5.232,-5.442,-6.483,-5.661,-6.791,-5.222,-5.572,-5.243,-5.646,-5.078,-5.447,-5.493,-6.614,-5.158,-4.419,-6.033,-6.366,-5.572,-6.43
OptTAR_Fixed_ligprep_20260117_0.5.maegz:394,-5.395,-1.203,-2.914,-3.717,-4.73,-2.943,-2.685,-3.972,-3.408,-4.016,-2.267,-4.89,-3.049,-3.524,-3.66,-2.772,-0.9289,-2.7,-1.794,-3.388,-3.868,-3.432,-7.054,-3.543,-4.738,-4.091,-4.499,-6.43,-4.509,-4.539,-2.322,-1.047,-4.809,-2.525,-4.997,-5.687,-5.115,-3.766,-4.547,-3.961,-2.98,-2.382,-4.952,-3.28,-4.505,-4.226,-2.47,-2.969,-1.871,-4.167
OptTAR_Fixed_ligprep_20260117_0.5.maegz:395,-6.804,-2.971,-3.971,-3.962,-5.317,-5.659,-5.471,-3.891,-4.2,-5.109,-4.504,-3.826,-3.143,-3.24,-3.709,-3.95,-3.14,-4.0,-4.564,-4.262,-2.687,-5.091,-7.202,-4.043,-5.285,-4.928,-4.611,-5.376,-2.938,-4.634,-4.916,-4.848,-5.424,-6.187,-5.325,-5.262,-4.375,-2.59,-4.417,-3.957,-4.243,-3.502,-4.726,-4.241,-4.399,-4.765,-3.818,-5.912,-5.22,-3.731
OptTAR_Fixed_ligprep_20260117_0.5.maegz:396,-6.621,-4.005,-5.094,-5.548,-5.84,-5.254,-5.48,-5.05,-5.239,-5.37,-5.68,-4.987,-4.436,-4.129,-5.231,-5.247,-4.35,-5.381,-5.418,-6.279,-4.823,-4.732,-7.408,-4.87,-5.047,-5.585,-5.151,-5.97,-4.942,-5.818,-5.848,-5.059,-6.247,-6.837,-6.346,-6.052,-4.48,-6.172,-5.806,-5.597,-4.038,-6.0,-6.17,-6.491,-4.594,-4.599,-4.594,-5.662,-4.348,-5.644
OptTAR_Fixed_ligprep_20260117_0.5.maegz:397,-7.388,-4.295,-4.719,-5.604,-6.063,-5.456,-5.466,-5.801,-6.779,-5.433,-5.95,-5.444,-5.413,-5.349,-5.166,-5.373,-4.731,-5.702,-6.554,-6.352,-5.368,-5.475,-7.5,-5.418,-6.2,-5.484,-5.83,-6.436,-4.606,-6.492,-5.906,-5.661,-6.399,-6.756,-7.239,-6.659,-6.417,-5.945,-5.394,-5.342,-5.557,-6.278,-6.407,-6.767,-4.57,-5.796,-5.134,-5.972,-6.025,-4.863
OptTAR_Fixed_ligprep_20260117_0.5.maegz:398,-6.753,-5.065,-5.767,-6.424,-6.091,-5.249,-5.873,-5.571,-6.524,-5.735,-5.408,-5.283,-5.142,-5.614,-4.941,-5.249,-4.553,-6.043,-5.666,-6.242,-5.234,-5.371,-7.355,-4.658,-6.015,-5.734,-5.278,-6.125,-4.536,-5.564,-6.082,-5.515,-6.159,-6.707,-7.404,-5.032,-5.236,-6.099,-5.95,-5.273,-4.788,-6.017,-6.769,-6.933,-5.19,-5.826,-5.738,-6.846,-6.721,-5.779
OptTAR_Fixed_ligprep_20260117_0.5.maegz:399,-5.682,-4.383,-4.992,-4.744,-5.826,-5.667,-5.776,-4.934,-5.345,-5.342,-6.092,-4.599,-4.655,-4.978,-5.534,-6.185,-4.311,-5.347,-6.506,-6.848,-5.515,-4.633,-7.927,-5.268,-6.189,-5.089,-4.699,-6.41,-5.259,-4.971,-5.989,-5.538,-6.327,-6.605,-7.53,-6.56,-4.797,-3.9,-4.827,-5.371,-4.498,-6.498,-6.211,-7.242,-5.551,-4.426,-4.304,-7.686,-5.561,-5.516
OptTAR_Fixed_ligprep_20260117_0.5.maegz:400,-6.15,-4.283,-4.422,-3.916,-5.041,-5.288,-3.797,-3.738,-4.831,-5.763,-4.408,-4.073,-3.744,-4.071,-4.983,-4.078,-3.771,-4.134,-4.055,-4.484,-3.575,-4.168,-6.215,-4.537,-4.981,-4.326,-4.144,-5.56,-3.417,-4.041,-4.506,-4.415,-5.336,-6.258,-5.678,-4.71,-4.275,-4.928,-3.941,-4.176,-4.62,-4.044,-4.701,-5.684,-5.579,-3.73,-5.552,-5.026,-4.631,-5.072
OptTAR_Fixed_ligprep_20260117_0.5.maegz:401,-7.341,-4.763,-5.34,-5.431,-6.178,-6.601,-5.878,-5.36,-6.374,-5.463,-4.728,-5.539,-4.518,-5.226,-5.511,-6.518,-4.687,-5.794,-5.166,-5.398,-5.373,-5.976,-6.776,-5.286,-5.624,-6.419,-6.064,-6.887,-5.015,-5.221,-6.019,-5.419,-6.749,-6.586,-7.249,-6.99,-6.788,-5.414,-4.857,-5.595,-5.298,-5.675,-5.627,-6.928,-6.266,-5.213,-6.079,-5.873,-4.676,-5.145
OptTAR_Fixed_ligprep_20260117_0.5.maegz:402,-7.22,-3.865,-5.558,-5.073,-6.02,-5.013,-4.642,-5.007,-4.681,-4.721,-3.962,-4.97,-4.355,-4.442,-4.672,-4.871,-4.951,-4.778,-4.733,-5.591,-4.893,-4.546,-6.398,-5.296,-4.442,-4.673,-4.973,-6.966,-4.537,-5.601,-5.541,-5.487,-5.185,-5.944,-7.066,-6.341,-4.193,-3.829,-4.714,-4.421,-5.546,-5.673,-4.523,-4.936,-4.456,-4.945,-4.831,-5.228,-5.712,-5.442
OptTAR_Fixed_ligprep_20260117_0.5.maegz:403,-5.76,-1.065,-4.08,-3.785,-3.414,-2.191,-2.371,-3.015,-3.83,-4.466,-1.659,-3.333,-3.8,-2.178,-5.169,-1.104,-3.792,-4.362,-2.19,-3.723,-1.682,-2.65,-4.823,-3.523,-3.093,-2.1,-4.324,-5.179,-3.879,-3.994,-2.696,-1.4,-4.161,-3.195,-5.607,-2.984,-4.561,-4.568,-4.142,-1.478,-1.738,-4.311,-5.259,-3.468,-2.914,-3.704,-4.651,-4.956,-2.233,-4.205
OptTAR_Fixed_ligprep_20260117_0.5.maegz:404,-5.296,-5.14,-4.015,-5.354,-5.005,-5.169,-5.202,-4.283,-4.975,-5.724,-3.917,-4.675,-4.453,-4.176,-3.755,-4.527,-3.357,-2.692,-5.017,-4.278,-4.737,-4.097,-6.076,-4.353,-4.404,-4.577,-5.946,-5.957,-1.91,-4.32,-5.672,-4.743,-5.902,-6.626,-6.383,-2.899,-4.867,-4.604,-4.637,-5.259,-1.627,-5.816,-4.402,-4.524,-5.125,-4.783,-4.59,-6.024,-5.044,-4.164
OptTAR_Fixed_ligprep_20260117_0.5.maegz:405,-6.678,-3.995,-4.629,-5.092,-5.772,-5.515,-4.462,-4.708,-4.658,-4.854,-4.449,-3.296,-4.38,-4.075,-4.96,-4.307,-4.132,-5.034,-4.694,-4.333,-4.53,-4.812,-7.19,-3.742,-5.947,-4.719,-3.81,-5.576,-4.576,-4.65,-6.243,-4.404,-5.337,-5.476,-4.818,-4.326,-5.409,-4.385,-4.844,-4.452,-4.56,-4.784,-5.649,-5.597,-5.561,-4.052,-4.545,-5.498,-4.926,-5.704
OptTAR_Fixed_ligprep_20260117_0.5.maegz:406,-7.034,-5.093,-2.026,-4.314,-4.03,-4.718,-2.874,-3.704,-2.615,-3.68,-4.63,-4.217,-2.728,-2.799,-3.051,-3.111,-2.573,-1.429,-3.416,-5.974,-3.176,-3.327,-3.988,-3.409,-3.436,-3.654,-4.221,-5.47,-3.815,-5.133,-4.839,-4.354,-5.05,-3.145,-5.615,-4.247,-2.763,-3.448,-1.537,-4.13,-3.325,-5.091,-2.477,-4.358,-3.273,-2.595,-4.203,-4.282,-3.879,-5.062
OptTAR_Fixed_ligprep_20260117_0.5.maegz:407,-5.895,-5.206,-4.552,-5.391,-3.732,-4.905,-5.044,-5.099,-4.085,-5.216,-4.41,-5.039,-4.397,-4.435,-5.09,-4.96,-3.874,-4.833,-7.07,-4.146,-5.399,-4.5,-5.474,-4.078,-4.818,-5.293,-5.728,-4.045,-2.421,-5.006,-5.706,-4.012,-5.275,-6.959,-7.342,-6.076,-4.671,-5.934,-5.328,-5.042,-3.66,-4.852,-4.456,-5.789,-5.573,-3.603,-4.214,-2.569,-4.868,-4.904
OptTAR_Fixed_ligprep_20260117_0.5.maegz:408,-2.183,-2.692,-4.088,-4.451,-4.473,-4.314,-4.281,-2.797,-3.911,-4.104,-3.998,-3.024,-2.558,-3.302,-4.211,-3.708,-3.414,-4.641,-4.39,-5.288,-3.905,-4.775,-5.631,-2.98,-5.379,-3.965,-4.092,-6.012,-2.695,-2.879,-3.993,-3.874,-4.461,-5.124,-5.484,-3.761,-3.294,-3.469,-3.807,-3.961,-3.309,-4.257,-4.497,-5.38,-4.096,-3.762,-4.284,-4.787,-4.721,-3.792
OptTAR_Fixed_ligprep_20260117_0.5.maegz:409,-6.324,-4.938,-3.533,-4.896,-4.617,-5.136,-4.772,-3.83,-4.189,-4.787,-4.322,-4.375,-3.289,-3.51,-4.148,-3.611,-3.598,-4.969,-4.961,-5.077,-3.708,-4.355,-6.346,-3.699,-4.252,-4.243,-5.082,-6.766,-3.726,-4.433,-4.078,-4.599,-5.909,-5.213,-5.687,-4.968,-3.809,-4.613,-4.897,-4.412,-3.485,-5.168,-4.091,-5.176,-5.043,-4.075,-3.718,-4.825,-3.416,-5.645
OptTAR_Fixed_ligprep_20260117_0.5.maegz:410,-6.002,-4.172,-4.105,-4.124,-4.211,-4.631,-4.259,-3.894,-5.644,-4.565,-4.382,-4.559,-3.298,-3.748,-4.337,-4.336,-3.309,-5.557,-4.433,-5.402,-4.541,-4.685,-6.715,-3.871,-4.346,-4.835,-4.264,-5.797,-3.485,-4.037,-4.447,-3.809,-6.511,-6.341,-5.99,-5.921,-5.298,-4.625,-6.379,-4.391,-3.851,-4.583,-5.112,-5.307,-5.192,-4.697,-5.176,-6.01,-5.799,-4.686
OptTAR_Fixed_ligprep_20260117_0.5.maegz:411,-7.75,-5.166,-5.251,-5.759,-5.428,-5.968,-5.281,-5.437,-5.674,-5.076,-4.73,-6.079,-5.013,-4.517,-5.986,-5.889,-4.556,-5.428,-5.298,-5.648,-5.008,-5.902,-6.913,-5.422,-6.525,-5.523,-5.547,-5.884,-5.09,-6.03,-6.195,-4.957,-5.531,-6.872,-7.243,-6.413,-5.106,-4.744,-5.011,-5.664,-4.867,-5.47,-5.414,-6.019,-6.078,-5.131,-5.604,-6.452,-5.353,-4.767
OptTAR_Fixed_ligprep_20260117_0.5.maegz:412,-5.858,-5.083,-4.855,-5.909,-5.579,-6.065,-6.031,-5.266,-5.76,-5.158,-5.735,-6.115,-4.404,-5.606,-4.536,-5.172,-3.122,-5.197,-5.508,-5.891,-5.119,-4.758,-4.941,-4.463,-5.638,-5.762,-5.507,-5.969,-3.474,-5.594,-6.215,-5.561,-6.88,-7.601,-7.305,-6.762,-5.004,-5.336,-4.738,-5.252,-4.757,-5.523,-6.439,-5.832,-6.575,-4.746,-6.468,-6.687,-5.549,-5.666
OptTAR_Fixed_ligprep_20260117_0.5.maegz:413,-7.121,-5.321,-4.451,-4.417,-4.961,-4.808,-4.983,-4.733,-5.929,-4.976,-4.429,-5.381,-3.399,-4.863,-4.9,-4.23,-4.448,-5.2,-6.047,-5.673,-4.536,-4.249,-6.872,-4.611,-5.357,-3.848,-4.8,-5.672,-3.966,-5.039,-5.664,-5.979,-5.134,-5.872,-6.571,-6.569,-5.769,-5.333,-5.504,-4.823,-4.284,-5.905,-5.308,-6.012,-5.625,-4.955,-5.716,-5.843,-4.086,-5.7
OptTAR_Fixed_ligprep_20260117_0.5.maegz:414,-7.44,-6.044,-4.363,-4.962,-5.291,-6.155,-5.556,-5.038,-5.331,-6.193,-2.212,-5.798,-4.57,-4.832,-3.765,-5.147,-3.601,-5.448,-5.528,-5.178,-5.199,-5.266,-5.705,-5.012,-3.866,-4.789,-3.632,-6.439,-2.946,-5.71,-5.804,-5.483,-5.882,-6.841,-5.696,-4.654,-5.057,-4.507,-5.045,-3.431,-5.56,-4.885,-4.425,-6.106,-5.326,-4.758,-5.74,-5.834,-4.892,-5.021
OptTAR_Fixed_ligprep_20260117_0.5.maegz:415,-6.274,-5.74,-4.791,-3.558,-4.195,-6.487,-6.118,-2.589,-4.54,-4.751,-5.006,-4.767,-3.885,-3.857,-3.072,-5.781,-3.242,-4.863,-5.236,-5.546,-4.447,-5.21,-3.855,-4.653,-6.064,-4.383,-3.932,-5.715,-2.694,-5.582,-3.688,-3.991,-5.649,-5.724,-4.552,-5.705,-4.533,-3.616,-5.087,-4.625,-4.229,-1.49,-5.236,-4.922,-6.204,-4.26,-6.0,-2.782,-3.748,-5.342
OptTAR_Fixed_ligprep_20260117_0.5.maegz:416,-7.449,-6.176,-5.152,-4.84,-5.433,-5.622,-4.681,-4.045,-4.991,-5.601,-5.175,-5.098,-3.536,-4.297,-4.538,-4.712,-3.045,-5.522,-5.211,-5.368,-4.678,-5.394,-8.085,-4.215,-5.253,-5.553,-5.09,-5.998,-3.736,-5.57,-5.571,-4.923,-6.372,-5.854,-6.817,-6.876,-5.792,-4.45,-5.389,-4.539,-4.607,-5.344,-5.198,-5.357,-4.694,-5.241,-5.616,-4.83,-6.201,-5.871
OptTAR_Fixed_ligprep_20260117_0.5.maegz:417,-6.472,-6.575,-5.358,-5.916,-7.266,-6.385,-6.628,-5.507,-6.331,-5.8,-6.317,-5.106,-4.48,-5.38,-5.093,-4.914,-4.578,-6.401,-4.605,-6.579,-5.79,-5.515,-8.6,-5.653,-6.079,-5.794,-6.142,-7.779,-5.174,-4.976,-6.604,-5.943,-7.399,-7.295,-7.547,-6.5,-5.122,-5.017,-5.721,-6.172,-6.865,-5.856,-7.076,-7.018,-6.343,-5.72,-6.364,-6.894,-6.635,-6.832
OptTAR_Fixed_ligprep_20260117_0.5.maegz:418,-3.8,-5.572,-4.875,-4.765,-3.641,-5.554,-4.268,-3.086,-6.249,-3.811,-4.185,-4.081,-4.272,-2.37,-3.737,-5.238,-4.652,-4.078,-4.723,-4.414,-2.563,-5.135,-6.167,-4.868,-3.053,-4.64,-6.067,-5.845,-4.032,-2.776,-6.047,-5.355,-5.348,-6.201,-6.743,-6.009,-4.456,-3.73,-5.477,-5.022,-2.125,-5.688,-5.345,-6.357,-4.921,-4.213,-5.281,-5.173,-3.861,-4.43
OptTAR_Fixed_ligprep_20260117_0.5.maegz:419,-6.1,-5.091,-3.76,-4.042,-4.887,-5.243,-4.732,-4.433,-3.357,-5.538,-5.949,-4.161,-4.422,-4.043,-5.297,-4.936,-4.246,-4.704,-5.528,-5.807,-4.897,-4.813,-6.631,-3.854,-4.358,-7.273,-4.652,-6.164,-4.089,-4.394,-5.471,-4.694,-3.761,-6.016,-6.769,-5.224,-4.248,-3.349,-5.283,-4.342,-3.675,-4.566,-4.19,-5.149,-4.541,-4.103,-6.276,-5.519,-5.22,-4.827
OptTAR_Fixed_ligprep_20260117_0.5.maegz:420,-6.045,-4.718,-4.553,-4.01,-4.249,-6.164,-4.254,-4.966,-3.785,-6.022,-4.298,-3.404,-4.482,-3.814,-5.418,-4.45,-3.895,-5.499,-3.397,-5.327,-4.786,-5.8,-6.125,-3.117,-5.306,-3.113,-5.539,-5.379,-3.99,-3.719,-5.461,-5.13,-6.434,-6.309,-5.83,-5.833,-4.218,-2.769,-4.982,-4.576,-3.18,-6.873,-4.746,-6.928,-4.431,-4.475,-4.803,-5.487,-5.635,-5.28
OptTAR_Fixed_ligprep_20260117_0.5.maegz:421,-6.149,-5.127,-4.669,-4.571,-5.392,-5.156,-5.258,-4.766,-4.538,-5.201,-4.996,-5.151,-4.349,-3.864,-5.602,-4.803,-2.686,-4.5,-3.331,-5.307,-4.197,-4.733,-6.794,-3.852,-4.744,-6.89,-4.471,-5.837,-4.274,-5.205,-5.608,-4.917,-5.826,-6.675,-5.355,-4.783,-5.105,-3.929,-5.149,-4.694,-3.8,-4.786,-5.001,-5.29,-6.043,-3.431,-4.364,-5.814,-4.422,-5.167
OptTAR_Fixed_ligprep_20260117_0.5.maegz:422,-6.231,-4.28,-3.606,-3.885,-5.311,-5.415,-5.6,-4.016,-3.919,-4.744,-5.496,-3.804,-3.751,-3.583,-4.566,-4.558,-4.311,-4.973,-3.666,-3.787,-4.956,-5.205,-7.313,-4.249,-4.164,-4.571,-5.82,-6.104,-3.801,-4.595,-4.298,-4.635,-4.992,-6.108,-6.248,-6.239,-4.568,-4.124,-5.395,-5.293,-4.004,-4.338,-4.332,-5.354,-3.969,-4.65,-4.685,-5.133,-4.595,-5.037
OptTAR_Fixed_ligprep_20260117_0.5.maegz:423,-6.227,-4.535,-4.472,-5.166,-5.502,-4.81,-4.526,-4.323,-5.571,-5.022,-4.759,-5.348,-4.153,-5.341,-5.158,-5.264,-3.065,-3.927,-4.901,-5.203,-4.538,-2.257,-4.847,-4.573,-4.85,-5.087,-4.798,-6.308,-5.079,-4.677,-5.992,-4.547,-5.433,-6.699,-5.846,-6.492,-5.327,-4.632,-4.874,-3.213,-5.121,-3.188,-5.249,-4.511,-4.337,-4.24,-6.292,-6.869,-5.724,-4.152
OptTAR_Fixed_ligprep_20260117_0.5.maegz:424,-5.495,-4.401,-4.833,-3.372,-4.762,-2.68,-3.705,-2.873,-4.726,-2.736,-3.981,-4.487,-3.928,-3.082,-4.206,-4.656,-3.52,-5.34,-4.884,-5.386,-3.938,-4.932,-5.661,-4.028,-5.093,-4.369,-4.677,-5.783,-2.943,-3.738,-4.359,-4.702,-5.385,-5.383,-5.807,-4.557,-3.149,-2.766,-3.9,-2.746,-4.179,-5.198,-4.777,-5.109,-4.88,-4.246,-2.496,-4.475,-3.971,-5.522
OptTAR_Fixed_ligprep_20260117_0.5.maegz:425,-3.699,-2.801,-4.375,-3.82,-4.951,-4.849,-5.023,-4.787,-4.849,-4.604,-4.534,-4.131,-3.771,-3.779,-4.422,-4.4,-3.403,-4.406,-3.751,-3.164,-2.823,-2.899,-5.778,-3.836,-5.846,-4.855,-4.457,-4.609,-5.164,-4.426,-2.48,-4.477,-5.791,-6.114,-5.086,-4.48,-4.908,-2.277,-4.741,-4.027,-2.121,-5.554,-5.191,-5.035,-3.921,-4.492,-5.128,-4.875,-2.397,-4.843
OptTAR_Fixed_ligprep_20260117_0.5.maegz:426,-5.378,-4.69,-3.632,-4.54,-4.9,-4.97,-2.255,-3.765,-4.536,-5.061,-4.177,-3.909,-3.647,-4.332,-4.203,-4.998,-3.386,-4.054,-4.535,-5.153,-2.022,-3.743,-6.035,-3.823,-4.87,-4.677,-4.679,-4.024,-3.857,-3.494,-4.521,-4.551,-4.122,-5.633,-5.69,-5.755,-4.434,-4.296,-4.965,-4.696,-4.051,-2.421,-4.563,-4.658,-5.637,-4.113,-4.259,-5.304,-4.432,-4.803
OptTAR_Fixed_ligprep_20260117_0.5.maegz:427,-6.65,-4.039,-5.079,-5.436,-5.585,-5.239,-5.502,-4.56,-5.119,-4.986,-4.205,-4.786,-4.176,-2.155,-4.673,-4.322,-4.177,-5.228,-5.682,-5.755,-5.253,-5.01,-6.404,-4.379,-6.215,-5.149,-4.849,-6.024,-3.419,-4.741,-6.127,-5.131,-5.86,-5.536,-5.426,-4.45,-4.816,-4.216,-4.891,-3.498,-4.791,-5.588,-4.977,-5.396,-5.382,-4.771,-4.833,-5.633,-4.454,-6.692
OptTAR_Fixed_ligprep_20260117_0.5.maegz:428,-6.325,-4.645,-4.971,-5.292,-5.377,-5.386,-5.551,-3.486,-5.208,-4.972,-4.662,-4.98,-4.442,-3.965,-5.464,-5.645,-4.259,-5.394,-5.917,-5.711,-5.51,-4.218,-5.755,-3.204,-5.667,-5.328,-3.137,-6.181,-4.172,-4.944,-5.052,-4.974,-6.101,-5.03,-5.855,-5.227,-5.731,-3.751,-4.748,-3.944,-3.942,-3.909,-5.869,-5.767,-6.242,-4.542,-5.517,-5.557,-4.572,-5.563
OptTAR_Fixed_ligprep_20260117_0.5.maegz:429,-6.462,-5.181,-4.518,-3.313,-5.863,-4.804,-4.983,-5.269,-4.254,-3.342,-4.623,-4.966,-2.747,-2.497,-4.367,-4.43,-2.405,-4.508,-4.967,-7.08,-2.206,-6.111,-6.11,-5.099,-3.644,-6.555,-5.492,-6.537,-6.234,-4.883,-4.803,-3.958,-6.394,-7.906,-6.754,-5.334,-5.739,-4.855,-4.998,-5.391,-2.109,-5.406,-5.973,-5.276,-6.479,-5.005,-5.425,-5.331,-5.359,-5.573
OptTAR_Fixed_ligprep_20260117_0.5.maegz:430,-6.827,-4.587,-4.126,-4.764,-5.86,-5.07,-4.698,-5.212,-5.039,-5.5,-4.534,-4.311,-4.728,-4.422,-5.642,-4.287,-4.041,-4.695,-5.634,-5.228,-4.473,-3.186,-5.514,-5.348,-5.755,-5.868,-6.157,-5.763,-3.787,-5.222,-5.45,-4.894,-5.928,-5.99,-5.339,-6.64,-5.095,-4.594,-5.458,-4.672,-4.304,-4.795,-4.868,-5.984,-3.98,-4.746,-6.68,-4.897,-4.141,-5.667
OptTAR_Fixed_ligprep_20260117_0.5.maegz:431,-4.61,-2.492,-4.528,-3.522,-4.339,-4.982,-5.795,-4.271,-5.865,-4.697,-5.69,-3.969,-3.698,-3.679,-6.009,-3.229,-4.186,-5.212,-6.497,-5.546,-3.814,-4.989,-7.397,-4.862,-5.08,-4.274,-5.585,-6.096,-1.682,-4.227,-4.838,-2.654,-6.164,-5.884,-6.331,-6.153,-5.06,-5.985,-5.543,-5.2,-4.097,-5.437,-5.211,-5.546,-1.984,-4.131,-4.349,-5.581,-3.481,-6.568
OptTAR_Fixed_ligprep_20260117_0.5.maegz:432,-4.181,-3.347,-3.935,-4.234,-6.263,-4.836,-5.688,-3.847,-5.204,-4.702,-3.697,-4.557,-3.209,-2.583,-4.028,-4.491,-3.851,-5.499,-4.138,-4.827,-4.389,-5.396,-6.201,-4.194,-3.164,-4.147,-4.42,-6.198,-3.455,-4.017,-5.009,-3.702,-5.364,-5.073,-5.044,-4.859,-4.134,-3.874,-4.509,-4.671,-3.851,-4.232,-5.48,-6.365,-4.944,-4.977,-4.354,-5.207,-4.411,-4.811
OptTAR_Fixed_ligprep_20260117_0.5.maegz:433,-5.016,-3.922,-2.316,-3.376,-5.577,-4.122,-4.715,-3.842,-4.563,-4.415,-1.832,-3.887,-4.289,-4.449,-4.792,-2.925,-5.047,-4.701,-4.504,-2.085,-0.997,-5.182,-5.371,-4.67,-4.115,-5.191,-4.321,-5.963,-3.049,-4.079,-5.054,-4.045,-5.04,-5.568,-5.25,-5.748,-4.385,-4.587,-5.23,-2.124,-4.269,-4.205,-5.35,-5.294,-2.608,-3.567,-5.09,-6.119,-2.763,-4.922
OptTAR_Fixed_ligprep_20260117_0.5.maegz:434,-6.139,-4.929,-4.539,-4.806,-6.309,-5.813,-5.35,-4.195,-4.782,-5.15,-4.57,-5.107,-4.064,-4.31,-4.792,-4.681,-3.986,-5.06,-5.201,-4.655,-5.249,-5.884,-6.218,-3.928,-4.858,-5.115,-5.314,-5.994,-4.072,-4.67,-6.47,-4.141,-6.114,-6.955,-5.05,-6.486,-4.162,-5.347,-4.892,-5.119,-4.875,-5.026,-5.067,-6.361,-5.124,-4.385,-5.477,-6.093,-4.185,-6.093
OptTAR_Fixed_ligprep_20260117_0.5.maegz:435,-6.092,-2.22,-3.298,-3.735,-6.108,-5.535,-3.537,-3.737,-4.098,-4.99,-4.006,-3.55,-3.244,-0.6601,-2.555,-3.059,-3.054,-3.511,-4.362,-4.093,-4.703,-3.645,-5.585,-2.505,-4.299,-5.819,-3.797,-4.711,-1.903,-3.589,-4.826,-4.042,-4.658,-6.633,-3.735,-4.1,-3.882,-2.775,-3.945,-3.402,-3.597,-3.008,-5.076,-4.761,-4.219,-2.771,-3.701,-3.0,-4.399,-5.634
OptTAR_Fixed_ligprep_20260117_0.5.maegz:436,-4.019,-2.623,-4.234,-4.013,-4.898,-5.09,-5.122,-4.29,-4.658,-5.263,-5.149,-4.872,-3.329,-3.798,-4.391,-2.392,-4.447,-5.37,-5.091,-5.136,-3.916,-4.326,-5.394,-3.395,-4.829,-5.809,-5.66,-6.165,-2.694,-4.566,-4.345,-2.725,-4.64,-6.801,-5.577,-5.262,-3.063,-3.573,-4.208,-3.086,-2.403,-3.975,-4.359,-5.945,-6.591,-4.016,-4.297,-5.244,-3.682,-6.641
OptTAR_Fixed_ligprep_20260117_0.5.maegz:437,-6.239,-5.205,-5.13,-4.605,-6.014,-5.225,-5.612,-4.356,-4.407,-5.669,-3.981,-4.362,-4.494,-4.609,-5.765,-4.596,-4.541,-4.874,-5.977,-5.667,-5.404,-4.203,-7.698,-4.766,-5.592,-6.171,-4.753,-6.321,-5.074,-4.497,-4.899,-5.468,-6.226,-6.862,-6.772,-6.241,-4.97,-7.079,-5.354,-4.64,-4.602,-5.215,-4.977,-6.057,-6.184,-4.834,-5.125,-6.113,-5.306,-5.429
OptTAR_Fixed_ligprep_20260117_0.5.maegz:438,-6.211,-4.245,-4.823,-5.353,-5.253,-6.289,-5.192,-4.285,-5.323,-6.03,-4.707,-4.924,-4.791,-4.408,-4.996,-5.304,-4.126,-5.779,-5.807,-4.914,-5.169,-5.016,-7.49,-5.502,-6.175,-5.464,-4.465,-6.739,-4.213,-5.076,-5.216,-3.067,-6.819,-7.617,-6.917,-5.049,-4.593,-6.324,-4.764,-5.851,-4.563,-5.786,-4.852,-6.008,-5.268,-4.142,-6.083,-5.601,-5.344,-4.972
OptTAR_Fixed_ligprep_20260117_0.5.maegz:439,-7.29,-3.665,-3.912,-4.254,-6.082,-4.959,-5.154,-4.164,-6.598,-4.849,-5.048,-4.534,-4.193,-3.581,-5.355,-4.876,-4.144,-5.117,-4.934,-5.679,-5.229,-4.428,-7.789,-5.02,-4.16,-5.376,-4.99,-5.786,-4.058,-5.573,-5.267,-4.787,-5.331,-6.164,-6.38,-4.973,-4.054,-5.266,-5.11,-5.73,-5.198,-5.308,-5.725,-6.615,-5.044,-4.118,-6.468,-6.764,-4.97,-4.872
OptTAR_Fixed_ligprep_20260117_0.5.maegz:440,-6.317,-4.155,-5.562,-6.281,-5.641,-6.717,-6.399,-4.859,-6.39,-6.394,-5.443,-5.68,-5.59,-5.419,-5.28,-6.13,-5.126,-5.857,-7.068,-6.885,-4.765,-6.2,-7.359,-5.994,-5.887,-5.676,-5.62,-6.896,-4.76,-6.494,-6.573,-6.227,-7.069,-7.65,-5.872,-6.084,-5.424,-5.286,-6.056,-5.885,-5.288,-5.366,-7.408,-6.107,-5.554,-4.977,-6.343,-6.591,-5.897,-6.202
OptTAR_Fixed_ligprep_20260117_0.5.maegz:441,-6.907,-3.504,-3.966,-5.081,-5.339,-6.525,-4.939,-4.316,-4.915,-5.359,-5.43,-4.683,-4.399,-4.566,-5.501,-5.271,-4.569,-5.326,-6.117,-5.49,-4.869,-4.787,-6.281,-4.563,-4.271,-6.106,-4.67,-6.59,-4.026,-5.692,-5.207,-4.323,-5.456,-6.44,-6.481,-5.678,-4.88,-5.749,-5.082,-4.558,-4.9,-4.792,-6.097,-5.603,-5.07,-5.986,-5.709,-5.653,-5.42,-5.518
OptTAR_Fixed_ligprep_20260117_0.5.maegz:442,-6.241,-5.526,-5.074,-5.111,-5.789,-6.509,-5.102,-4.219,-4.386,-5.069,-5.539,-5.247,-4.488,-3.861,-4.836,-4.88,-4.195,-4.795,-5.307,-5.934,-3.247,-4.572,-7.052,-5.008,-5.588,-5.922,-4.823,-6.258,-4.152,-5.845,-5.012,-4.509,-5.598,-6.198,-5.848,-5.118,-5.305,-4.762,-5.236,-4.728,-5.105,-5.91,-5.716,-6.128,-5.033,-5.038,-5.346,-6.754,-6.449,-5.928
OptTAR_Fixed_ligprep_20260117_0.5.maegz:443,-4.945,-3.354,-2.921,-3.671,-3.814,-3.969,-3.243,-3.853,-2.489,-4.209,-3.039,-3.147,-2.649,-2.935,-3.18,-3.259,-2.862,-3.33,-3.852,-3.133,-4.3,-3.298,-5.741,-3.533,-3.822,-3.55,-3.191,-4.442,-3.68,-2.794,-3.749,-3.622,-4.378,-3.898,-4.663,-4.688,-3.645,-3.357,-4.066,-4.052,-3.096,-2.864,-3.41,-5.246,-3.475,-3.562,-4.015,-3.458,-4.012,-3.689
OptTAR_Fixed_ligprep_20260117_0.5.maegz:444,-6.202,-3.779,-3.612,-3.328,-4.117,-5.158,-4.119,-3.673,-3.531,-4.33,-4.869,-3.171,-3.827,-2.889,-3.609,-2.337,-3.342,-3.983,-3.927,-3.881,-3.292,-3.567,-5.15,-3.502,-3.508,-4.135,-3.141,-4.834,-4.301,-2.827,-4.397,-2.997,-4.544,-5.237,-4.667,-4.643,-3.995,-2.69,-3.928,-3.835,-3.474,-3.475,-4.478,-5.01,-4.013,-3.357,-4.217,-4.853,-3.975,-4.912
OptTAR_Fixed_ligprep_20260117_0.5.maegz:445,-6.595,-4.723,-5.069,-4.95,-7.017,-4.971,-5.26,-4.388,-6.401,-5.621,-5.097,-5.225,-4.684,-4.755,-4.215,-4.47,-4.357,-5.756,-5.871,-6.411,-4.722,-5.203,-8.363,-5.148,-4.247,-4.159,-5.124,-6.473,-4.73,-5.373,-5.454,-4.673,-6.245,-6.649,-6.501,-5.838,-4.624,-4.427,-3.932,-3.281,-4.352,-5.226,-5.864,-5.582,-4.938,-4.229,-5.606,-6.172,-5.849,-5.516
OptTAR_Fixed_ligprep_20260117_0.5.maegz:446,-7.02,-5.081,-4.911,-5.155,-7.359,-5.54,-5.978,-4.748,-6.654,-5.329,-3.175,-4.245,-4.339,-5.142,-4.306,-5.614,-3.841,-5.211,-4.817,-5.098,-5.181,-5.47,-7.019,-4.735,-5.706,-4.703,-4.634,-6.931,-4.663,-4.9,-5.796,-5.108,-6.065,-7.305,-6.483,-6.157,-4.612,-4.209,-3.514,-4.645,-4.355,-5.484,-4.846,-5.109,-4.69,-4.296,-3.854,-6.305,-5.461,-5.302
OptTAR_Fixed_ligprep_20260117_0.5.maegz:447,-7.739,-3.88,-5.419,-5.263,-7.012,-5.95,-6.018,-4.809,-7.248,-5.457,-4.045,-5.057,-4.438,-5.334,-5.833,-5.11,-4.745,-5.302,-5.265,-6.133,-5.092,-5.48,-7.646,-4.648,-4.731,-5.476,-5.496,-7.002,-5.748,-5.424,-6.127,-5.886,-6.788,-7.514,-6.726,-6.313,-5.92,-4.509,-4.84,-4.772,-4.599,-5.565,-6.915,-7.105,-5.04,-5.139,-5.932,-7.122,-5.753,-5.299
OptTAR_Fixed_ligprep_20260117_0.5.maegz:448,-6.733,-2.075,-4.525,-4.545,-5.434,-6.452,-2.654,-4.915,-5.294,-4.108,-4.329,-3.912,-4.831,-5.166,-3.99,-5.145,-4.207,-5.27,-4.166,-5.493,-2.814,-4.637,-5.167,-3.365,-5.516,-4.886,-4.601,-6.683,-4.023,-4.717,-4.812,-4.941,-5.093,-5.388,-6.147,-3.953,-4.96,-3.634,-4.757,-1.235,-0.04689,-4.848,-5.367,-6.756,-2.935,-4.08,-5.168,-6.013,-4.782,-5.184
OptTAR_Fixed_ligprep_20260117_0.5.maegz:449,-6.199,-4.632,-4.44,-5.164,-5.361,-5.386,-4.993,-4.517,-5.099,-4.921,-5.0,-4.454,-4.049,-4.674,-4.394,-4.848,-4.263,-4.909,-5.406,-5.443,-4.102,-5.263,-7.599,-4.371,-5.439,-5.458,-4.207,-6.032,-4.068,-4.383,-4.563,-4.371,-5.99,-5.756,-5.372,-5.503,-5.161,-5.474,-4.567,-4.85,-4.645,-4.815,-5.563,-6.431,-4.738,-4.642,-4.995,-5.678,-5.388,-5.875
OptTAR_Fixed_ligprep_20260117_0.5.maegz:450,-6.196,-4.501,-3.907,-5.043,-4.09,-4.949,-4.617,-3.627,-4.058,-4.623,-4.495,-3.952,-3.281,-3.838,-4.036,-3.982,-4.308,-4.13,-5.791,-5.099,-3.814,-3.271,-6.58,-3.328,-4.377,-5.243,-5.269,-5.433,-3.489,-4.658,-4.905,-4.286,-5.411,-6.013,-5.786,-5.804,-4.211,-3.771,-3.603,-4.058,-2.935,-3.904,-4.554,-5.112,-4.307,-4.527,-4.034,-4.558,-4.905,-3.39
OptTAR_Fixed_ligprep_20260117_0.5.maegz:451,-4.959,-4.771,-3.995,-3.572,-4.262,-5.304,-4.661,-3.303,-4.988,-4.64,-4.409,-4.176,-3.406,-3.929,-4.208,-4.454,-4.191,-4.67,-3.636,-4.787,-3.692,-5.099,-6.352,-2.648,-4.333,-3.986,-4.124,-5.491,-3.426,-4.802,-4.394,-4.589,-5.559,-5.954,-5.264,-4.324,-4.616,-4.665,-4.353,-4.22,-3.838,-4.851,-5.06,-4.98,-3.218,-4.485,-4.664,-4.545,-4.491,-4.827
OptTAR_Fixed_ligprep_20260117_0.5.maegz:452,-5.486,-4.682,-3.693,-3.583,-5.383,-4.519,-4.043,-2.983,-4.552,-4.039,-5.175,-3.911,-3.152,-3.393,-3.88,-4.745,-3.389,-4.452,-4.151,-4.845,-5.054,-4.09,-5.843,-3.626,-4.993,-5.809,-5.224,-6.017,-3.708,-3.471,-3.996,-4.062,-5.136,-4.982,-6.106,-4.856,-4.103,-3.814,-4.022,-4.652,-3.906,-5.534,-4.982,-4.984,-3.608,-3.243,-5.228,-6.055,-5.046,-3.048
OptTAR_Fixed_ligprep_20260117_0.5.maegz:453,-6.481,-4.525,-3.774,-3.301,-4.673,-4.181,-4.233,-3.792,-4.618,-5.143,-4.689,-5.175,-3.543,-4.123,-4.147,-3.644,-3.544,-4.555,-4.714,-4.637,-4.197,-4.078,-6.314,-3.507,-4.396,-5.044,-3.721,-5.909,-3.814,-3.361,-4.381,-4.584,-5.691,-6.889,-5.578,-4.676,-4.541,-4.548,-4.417,-4.596,-4.184,-4.368,-4.594,-5.193,-5.073,-4.429,-4.597,-5.721,-5.177,-3.915
OptTAR_Fixed_ligprep_20260117_0.5.maegz:454,-6.4,-4.754,-4.983,-5.188,-6.155,-5.955,-4.825,-4.592,-5.909,-5.651,-5.363,-4.904,-4.744,-4.169,-4.727,-4.302,-4.802,-5.818,-4.503,-5.23,-3.774,-5.59,-7.737,-4.245,-5.572,-5.289,-5.053,-6.532,-4.517,-5.027,-5.171,-5.359,-6.255,-6.697,-6.282,-4.872,-5.315,-6.042,-5.736,-5.197,-4.368,-5.557,-5.77,-6.238,-5.103,-5.209,-4.878,-6.818,-5.829,-5.554
OptTAR_Fixed_ligprep_20260117_0.5.maegz:455,-6.86,-3.786,-4.115,-5.386,-5.899,-4.987,-4.746,-4.061,-5.914,-4.57,-4.491,-4.27,-5.042,-4.206,-5.465,-4.371,-3.462,-4.82,-4.747,-5.133,-4.475,-4.767,-8.209,-4.58,-5.163,-5.219,-5.896,-5.971,-4.823,-5.286,-5.57,-3.835,-4.753,-5.681,-6.134,-5.309,-4.889,-3.707,-4.929,-4.69,-4.678,-4.529,-6.509,-5.414,-4.576,-4.289,-4.502,-5.481,-5.562,-4.872
OptTAR_Fixed_ligprep_20260117_0.5.maegz:456,-6.94,-5.052,-5.232,-4.984,-5.589,-5.974,-5.612,-5.387,-5.051,-6.0,-4.743,-6.057,-4.97,-4.264,-5.981,-5.455,-5.026,-4.767,-5.33,-5.7,-4.979,-5.399,-8.223,-4.672,-5.456,-4.922,-5.069,-6.148,-4.731,-5.705,-5.322,-5.591,-6.438,-6.626,-6.615,-6.772,-5.199,-5.233,-5.476,-6.219,-5.23,-6.275,-5.222,-7.515,-4.938,-5.249,-6.625,-7.035,-5.237,-5.104
OptTAR_Fixed_ligprep_20260117_0.5.maegz:457,-5.575,-3.397,-2.099,-4.187,-3.014,-5.152,-4.564,-4.023,-4.263,-4.883,-3.341,-3.607,-2.095,-3.842,-4.122,-3.519,-3.812,-3.648,-3.066,-2.384,-2.79,-1.634,-6.613,-3.986,-5.376,-5.22,-3.894,-5.335,-4.062,-1.734,-2.281,-4.586,-5.24,-2.881,-6.156,-4.559,-3.616,-2.911,-5.16,-4.652,-4.416,-4.885,-4.583,-6.982,-5.63,-4.823,-4.996,-5.715,-2.183,-5.272
OptTAR_Fixed_ligprep_20260117_0.5.maegz:458,-6.251,-4.432,-3.871,-5.018,-5.574,-5.357,-4.653,-4.648,-5.999,-4.825,-3.501,-4.57,-4.17,-4.481,-4.011,-3.839,-3.699,-5.064,-3.976,-5.38,-3.69,-4.112,-6.58,-3.795,-5.546,-5.006,-5.26,-6.385,-3.385,-5.045,-5.296,-4.91,-5.65,-6.553,-6.65,-4.801,-4.341,-4.834,-4.069,-4.114,-4.224,-5.434,-4.923,-5.829,-4.495,-4.068,-5.176,-5.98,-5.456,-5.033
OptTAR_Fixed_ligprep_20260117_0.5.maegz:459,-6.457,-4.806,-4.311,-4.902,-5.723,-4.228,-4.761,-4.344,-5.96,-4.381,-4.969,-5.005,-5.241,-4.211,-4.174,-3.397,-4.148,-5.934,-4.598,-5.673,-4.964,-5.495,-6.944,-3.971,-5.084,-6.048,-4.43,-5.968,-4.091,-5.609,-5.177,-4.287,-6.435,-5.76,-5.65,-4.149,-5.756,-4.432,-4.862,-4.898,-3.96,-3.804,-5.587,-5.774,-5.358,-3.913,-6.173,-6.372,-6.795,-4.134
OptTAR_Fixed_ligprep_20260117_0.5.maegz:460,-6.916,-5.137,-5.659,-4.611,-6.693,-4.809,-5.697,-3.998,-5.08,-5.295,-4.778,-5.483,-4.056,-3.389,-5.873,-4.606,-2.774,-5.465,-6.122,-5.435,-4.346,-4.534,-7.787,-4.576,-5.443,-4.944,-4.465,-5.774,-5.529,-4.777,-5.222,-4.916,-5.933,-5.735,-6.07,-5.777,-7.117,-5.059,-4.227,-5.694,-3.292,-5.824,-5.633,-7.231,-4.774,-4.358,-4.801,-6.607,-5.032,-5.623
OptTAR_Fixed_ligprep_20260117_0.5.maegz:461,-6.919,-4.154,-4.391,-5.791,-5.885,-5.929,-6.165,-4.806,-5.573,-5.801,-5.049,-5.515,-4.215,-5.145,-6.576,-6.271,-4.372,-7.189,-5.878,-4.32,-5.047,-5.901,-7.673,-4.781,-6.423,-6.183,-5.877,-6.025,-4.723,-6.136,-6.479,-5.224,-6.145,-6.321,-7.101,-5.67,-5.362,-5.369,-4.996,-4.488,-6.067,-5.555,-5.85,-5.564,-5.219,-4.83,-5.89,-6.747,-5.585,-5.747
OptTAR_Fixed_ligprep_20260117_0.5.maegz:462,-8.071,-4.29,-4.829,-4.827,-5.64,-6.235,-5.995,-4.802,-6.417,-5.537,-4.318,-6.285,-4.534,-5.073,-5.586,-5.356,-5.241,-6.499,-6.811,-5.618,-5.328,-5.441,-8.236,-4.574,-6.295,-5.361,-5.656,-6.073,-4.912,-5.761,-5.672,-5.339,-6.24,-6.716,-6.6,-5.393,-5.706,-4.698,-5.018,-5.252,-5.731,-6.342,-5.741,-5.487,-6.206,-5.812,-5.963,-6.222,-5.141,-5.256
OptTAR_Fixed_ligprep_20260117_0.5.maegz:463,-7.423,-4.937,-5.197,-6.244,-6.49,-6.29,-4.864,-5.107,-5.533,-5.896,-5.273,-6.9,-4.783,-4.677,-6.08,-5.814,-4.768,-4.949,-5.943,-5.629,-6.446,-6.044,-7.765,-4.931,-6.621,-6.987,-7.376,-6.234,-4.966,-6.749,-6.175,-4.716,-6.87,-6.818,-5.827,-5.528,-6.136,-5.492,-5.131,-5.556,-4.491,-6.508,-6.508,-6.772,-5.633,-5.602,-6.064,-6.793,-5.597,-5.575
OptTAR_Fixed_ligprep_20260117_0.5.maegz:464,-6.913,-3.967,-4.815,-5.954,-5.088,-5.521,-5.3,-5.275,-6.061,-5.459,-4.097,-5.783,-3.908,-4.344,-6.241,-6.044,-5.189,-4.36,-4.866,-5.571,-4.748,-4.857,-6.616,-4.419,-6.162,-4.89,-5.605,-6.697,-4.868,-6.181,-5.415,-4.779,-5.487,-7.131,-6.284,-5.27,-5.013,-4.986,-6.087,-4.139,-4.308,-5.497,-5.196,-5.917,-4.6,-4.74,-5.851,-5.137,-4.531,-4.314
OptTAR_Fixed_ligprep_20260117_0.5.maegz:465,-7.065,-3.7,-5.796,-5.655,-5.737,-5.895,-6.289,-4.828,-5.629,-5.63,-4.728,-5.936,-3.911,-4.922,-6.262,-5.349,-4.777,-6.009,-5.397,-5.558,-4.58,-5.343,-7.3,-4.615,-5.956,-5.064,-6.282,-6.579,-5.552,-6.167,-6.074,-5.457,-6.491,-7.268,-6.255,-4.54,-5.911,-5.938,-6.085,-5.573,-5.066,-6.359,-6.778,-6.767,-5.548,-5.555,-5.518,-5.209,-5.694,-5.111
OptTAR_Fixed_ligprep_20260117_0.5.maegz:466,-7.014,-4.778,-5.507,-5.779,-5.806,-5.608,-5.847,-4.988,-6.015,-5.481,-5.782,-5.693,-4.762,-5.511,-6.226,-6.663,-4.923,-7.002,-6.754,-6.485,-6.175,-5.136,-7.718,-5.327,-6.218,-5.255,-6.821,-6.429,-5.38,-4.878,-6.022,-5.482,-5.843,-7.041,-7.292,-5.758,-4.637,-6.996,-5.575,-5.425,-5.546,-6.368,-5.823,-7.636,-6.253,-5.703,-6.114,-6.649,-4.534,-6.185
OptTAR_Fixed_ligprep_20260117_0.5.maegz:467,-7.755,-4.64,-5.459,-5.705,-6.425,-6.086,-6.229,-4.855,-6.776,-5.305,-4.23,-6.622,-5.37,-4.71,-4.753,-5.775,-4.853,-6.301,-6.344,-5.88,-6.477,-6.387,-7.48,-4.952,-6.277,-4.913,-5.728,-6.487,-5.153,-6.373,-6.449,-5.865,-6.446,-6.88,-6.895,-5.639,-5.091,-5.531,-5.56,-5.848,-4.977,-6.355,-6.235,-5.977,-4.888,-5.714,-5.738,-7.169,-6.495,-5.961
OptTAR_Fixed_ligprep_20260117_0.5.maegz:468,-6.269,-4.082,-4.738,-5.861,-5.491,-4.685,-5.708,-4.845,-5.789,-5.668,-4.548,-5.804,-5.267,-4.936,-4.253,-5.927,-4.994,-5.199,-5.946,-6.124,-6.207,-5.326,-6.999,-4.551,-5.649,-4.335,-4.13,-6.684,-5.79,-5.403,-4.348,-4.095,-6.33,-6.607,-6.837,-6.705,-4.675,-4.569,-5.631,-4.288,-4.231,-6.708,-7.052,-6.653,-4.75,-4.765,-5.049,-7.002,-5.148,-4.762
OptTAR_Fixed_ligprep_20260117_0.5.maegz:469,-7.532,-4.605,-5.124,-6.145,-5.825,-6.71,-6.543,-4.999,-6.301,-5.656,-3.988,-6.497,-4.561,-4.997,-5.087,-5.99,-4.877,-6.056,-5.966,-6.956,-5.271,-4.733,-7.795,-4.815,-6.78,-4.799,-6.072,-7.58,-5.108,-6.515,-6.269,-5.986,-6.455,-6.818,-7.21,-6.792,-5.279,-4.815,-5.38,-5.525,-6.73,-6.769,-5.754,-7.823,-5.509,-5.202,-6.423,-7.36,-5.514,-6.065
OptTAR_Fixed_ligprep_20260117_0.5.maegz:470,-7.476,-4.248,-5.394,-4.698,-7.178,-6.21,-5.412,-5.526,-6.27,-5.27,-3.552,-6.688,-3.879,-5.397,-5.965,-4.662,-4.566,-5.766,-6.479,-5.881,-5.241,-5.48,-7.587,-4.436,-4.856,-4.661,-5.074,-6.989,-5.574,-5.788,-5.568,-5.719,-6.248,-6.918,-6.716,-4.997,-5.105,-5.837,-5.123,-5.621,-5.245,-6.542,-7.067,-5.123,-5.744,-5.463,-5.113,-4.571,-4.672,-4.87
OptTAR_Fixed_ligprep_20260117_0.5.maegz:471,-5.986,-4.321,-4.933,-4.071,-4.902,-5.39,-4.802,-4.246,-4.548,-5.538,-4.401,-5.122,-3.435,-3.794,-4.459,-4.186,-3.183,-5.864,-6.257,-5.043,-3.942,-3.91,-7.551,-4.744,-5.422,-5.177,-5.046,-4.293,-4.001,-4.511,-4.107,-3.689,-5.423,-5.923,-6.64,-5.347,-3.59,-4.39,-4.113,-4.274,-4.587,-4.547,-5.307,-5.48,-3.205,-3.821,-3.689,-4.289,-4.64,-3.867
OptTAR_Fixed_ligprep_20260117_0.5.maegz:472,-6.464,-4.833,-5.206,-4.851,-6.642,-5.097,-5.393,-5.436,-6.108,-5.371,-4.595,-4.929,-3.093,-4.88,-6.16,-4.64,-4.416,-4.103,-5.509,-6.416,-5.172,-5.221,-7.639,-5.091,-5.586,-5.333,-4.566,-6.819,-4.479,-5.737,-5.886,-3.462,-5.954,-7.178,-7.73,-7.343,-5.513,-4.083,-2.908,-4.457,-4.311,-5.951,-5.738,-6.013,-5.454,-4.994,-4.882,-5.108,-5.59,-5.241
OptTAR_Fixed_ligprep_20260117_0.5.maegz:473,-7.104,-4.015,-4.696,-4.984,-6.579,-6.426,-6.16,-4.868,-6.506,-5.586,-5.455,-4.824,-4.77,-5.213,-4.064,-4.355,-4.743,-5.852,-6.653,-6.156,-5.004,-4.888,-7.005,-5.237,-5.592,-6.007,-5.251,-6.84,-4.925,-5.958,-6.574,-5.698,-4.417,-7.555,-7.552,-6.572,-4.579,-4.475,-4.995,-5.65,-5.243,-5.569,-6.566,-5.74,-6.061,-4.532,-5.106,-5.774,-5.834,-4.544
OptTAR_Fixed_ligprep_20260117_0.5.maegz:474,-7.445,-4.694,-4.868,-4.743,-6.947,-4.394,-5.727,-4.613,-6.374,-5.36,-3.642,-4.529,-5.173,-5.603,-4.781,-4.435,-4.064,-5.99,-6.746,-5.545,-4.975,-4.269,-7.569,-4.233,-6.122,-5.289,-5.549,-5.803,-4.271,-4.881,-6.649,-3.554,-5.636,-7.566,-6.417,-5.612,-7.226,-5.178,-4.689,-5.038,-4.383,-5.255,-6.459,-5.06,-5.151,-5.558,-5.331,-5.348,-5.266,-5.143
OptTAR_Fixed_ligprep_20260117_0.5.maegz:475,-6.645,-4.687,-4.162,-4.988,-6.153,-5.471,-4.465,-5.334,-5.182,-5.048,-4.524,-4.995,-3.921,-5.044,-5.567,-5.65,-4.17,-5.027,-5.06,-5.514,-4.554,-4.821,-7.034,-3.817,-5.573,-6.045,-5.132,-6.536,-4.8,-5.532,-5.75,-5.115,-5.796,-7.488,-5.961,-5.736,-5.155,-3.605,-4.23,-5.199,-3.864,-5.684,-6.127,-4.802,-4.826,-4.961,-5.43,-5.795,-4.954,-4.771
OptTAR_Fixed_ligprep_20260117_0.5.maegz:476,-6.517,-4.052,-4.128,-4.708,-6.272,-6.817,-4.984,-4.266,-6.297,-5.071,-4.317,-5.536,-4.854,-5.807,-5.404,-4.92,-4.04,-5.533,-6.517,-5.635,-5.255,-3.887,-6.686,-4.974,-5.776,-4.677,-4.85,-7.109,-5.083,-5.265,-5.455,-3.652,-6.078,-7.235,-6.48,-6.866,-5.072,-5.553,-4.495,-5.194,-4.214,-5.95,-6.7,-6.742,-5.521,-4.71,-4.907,-4.374,-4.896,-4.729
OptTAR_Fixed_ligprep_20260117_0.5.maegz:477,-6.769,-4.107,-5.085,-5.194,-6.97,-5.34,-5.862,-5.57,-6.472,-5.556,-4.375,-5.298,-4.147,-5.388,-6.281,-4.746,-4.422,-5.299,-5.992,-5.892,-4.936,-5.329,-8.285,-4.828,-6.415,-5.107,-5.886,-6.871,-5.14,-6.27,-6.135,-5.301,-5.118,-7.042,-7.457,-6.406,-4.942,-5.027,-5.481,-5.68,-4.801,-6.967,-6.055,-6.053,-5.355,-4.839,-5.824,-6.499,-5.333,-4.93
OptTAR_Fixed_ligprep_20260117_0.5.maegz:478,-3.391,-1.181,-4.315,-3.429,-4.449,-3.966,-4.278,-2.688,-2.529,-4.051,-2.499,-3.068,-2.199,-3.463,-3.909,-2.665,-2.599,-2.945,-3.939,-4.018,-3.009,-3.38,-4.879,-3.277,-4.285,-3.752,-3.369,-5.078,-3.518,-3.182,-3.592,-2.445,-4.726,-2.23,-4.89,-3.774,-4.234,-3.73,-3.437,-3.066,-0.8776,-2.953,-4.032,-4.932,-3.955,-3.144,-2.536,-3.949,-1.233,-3.893
OptTAR_Fixed_ligprep_20260117_0.5.maegz:479,-6.239,-5.143,-4.429,-4.499,-5.62,-4.88,-5.916,-4.435,-5.018,-5.824,-4.597,-4.165,-4.287,-3.767,-4.516,-5.601,-3.755,-3.056,-3.608,-4.929,-4.554,-6.552,-7.646,-3.742,-4.166,-5.461,-5.063,-5.033,-4.184,-5.121,-5.908,-3.727,-5.372,-6.007,-6.568,-5.311,-5.076,-3.666,-4.01,-5.639,-4.344,-5.164,-5.396,-6.051,-3.229,-4.223,-4.482,-5.861,-4.361,-5.531
OptTAR_Fixed_ligprep_20260117_0.5.maegz:480,-5.67,-3.775,-3.231,-3.572,-5.668,-4.57,-4.887,-3.246,-3.397,-4.7,-3.299,-4.377,-3.603,-1.878,-4.332,-2.725,-3.625,-3.443,-3.777,-4.317,-3.135,-3.374,-4.972,-2.766,-4.88,-4.694,-3.639,-5.515,-4.182,-3.189,-3.568,-4.662,-4.653,-6.136,-3.997,-4.348,-4.57,-4.09,-2.823,-5.499,-3.077,-2.577,-4.816,-5.928,-2.445,-3.924,-4.41,-3.644,-3.376,-5.845
OptTAR_Fixed_ligprep_20260117_0.5.maegz:481,-5.504,-3.898,-3.799,-4.11,-4.365,-4.478,-4.614,-3.4,-4.731,-5.374,-3.586,-3.89,-3.652,-3.603,-4.398,-2.971,-3.927,-4.05,-5.13,-4.85,-3.028,-2.275,-6.212,-4.197,-5.466,-4.036,-3.697,-3.875,-4.15,-3.763,-4.17,-3.62,-5.074,-4.69,-4.709,-4.325,-3.517,-4.004,-3.245,-5.401,-3.962,-4.24,-3.985,-6.753,-4.153,-4.697,-4.118,-3.547,-4.865,-4.653
OptTAR_Fixed_ligprep_20260117_0.5.maegz:482,-4.511,-2.827,-3.384,-3.712,-3.178,-2.939,-4.098,-3.702,-3.886,-3.967,-2.851,-3.348,-2.95,-3.873,-4.919,-2.432,-2.219,-3.157,-3.518,-4.515,-3.051,-3.648,-5.768,-3.077,-3.957,-5.371,-1.993,-4.552,-2.664,-4.18,-3.407,-3.999,-4.713,-3.416,-4.624,-3.325,-2.884,-4.659,-4.065,-3.366,-3.759,-3.3,-4.282,-5.109,-2.676,-2.949,-4.359,-5.382,-4.003,-4.084
OptTAR_Fixed_ligprep_20260117_0.5.maegz:483,-5.727,-1.805,-3.725,-2.501,-5.283,-6.057,-4.891,-3.642,-2.079,-4.721,-2.097,-3.972,-3.831,-2.416,-2.865,-1.552,-2.88,-4.294,-2.723,-5.343,-2.524,-4.339,-6.195,-4.556,-3.898,-5.122,-3.439,-3.332,-4.019,-2.578,-3.655,-3.731,-5.876,-5.756,-3.603,-5.071,-5.091,-0.6528,-2.564,-2.322,-5.307,-2.814,-3.247,-5.245,-4.544,-2.804,-4.435,-5.709,-3.081,-2.868
OptTAR_Fixed_ligprep_20260117_0.5.maegz:484,-6.309,-4.138,-4.588,-5.705,-5.333,-5.901,-5.45,-4.287,-4.861,-4.97,-5.074,-4.559,-5.019,-4.163,-4.507,-4.368,-4.092,-5.81,-6.237,-6.256,-5.346,-4.705,-7.779,-4.549,-6.089,-5.152,-5.259,-6.169,-4.118,-4.776,-5.279,-4.722,-5.868,-7.194,-6.515,-7.019,-5.408,-5.345,-5.611,-5.342,-5.135,-5.181,-6.013,-5.286,-5.769,-4.452,-4.874,-6.215,-5.635,-6.084
OptTAR_Fixed_ligprep_20260117_0.5.maegz:485,-7.354,-3.987,-5.183,-5.299,-6.139,-6.118,-6.651,-4.889,-5.839,-5.17,-5.342,-5.883,-4.579,-4.85,-5.61,-5.474,-4.005,-5.266,-6.033,-5.924,-5.667,-6.26,-8.408,-4.953,-6.004,-5.846,-5.139,-6.113,-4.769,-6.1,-6.562,-5.893,-6.165,-7.012,-6.427,-6.665,-5.249,-4.824,-5.266,-4.921,-5.33,-6.157,-6.0,-6.105,-5.208,-4.706,-5.624,-6.127,-5.546,-5.727
OptTAR_Fixed_ligprep_20260117_0.5.maegz:486,-6.541,-4.551,-4.71,-5.027,-5.537,-6.028,-5.616,-4.295,-5.46,-5.586,-5.003,-5.025,-4.846,-5.774,-4.617,-4.862,-4.694,-5.24,-5.49,-4.83,-4.965,-5.482,-7.883,-5.286,-5.504,-5.308,-5.406,-6.394,-4.474,-5.234,-5.482,-4.929,-5.902,-6.468,-6.795,-5.359,-4.754,-4.144,-5.939,-5.026,-4.567,-5.734,-4.95,-6.39,-5.252,-5.217,-5.058,-5.387,-6.211,-6.56
OptTAR_Fixed_ligprep_20260117_0.5.maegz:487,-6.98,-5.908,-5.547,-5.75,-6.445,-5.905,-6.166,-5.008,-5.971,-5.995,-6.104,-5.917,-5.114,-5.468,-5.259,-5.87,-5.465,-6.128,-6.211,-6.842,-5.34,-5.688,-8.172,-5.259,-6.161,-5.582,-5.92,-7.029,-5.242,-5.971,-6.315,-5.712,-6.101,-7.659,-6.901,-6.881,-5.06,-5.479,-5.81,-5.403,-5.183,-6.724,-6.621,-6.915,-6.637,-5.231,-5.371,-6.392,-6.39,-6.089
OptTAR_Fixed_ligprep_20260117_0.5.maegz:488,-6.419,-5.758,-5.029,-5.695,-6.397,-5.805,-5.885,-5.381,-5.809,-5.183,-5.072,-5.106,-4.577,-5.07,-5.684,-5.926,-4.672,-5.388,-5.939,-6.4,-4.952,-5.667,-7.332,-5.523,-5.972,-5.934,-6.309,-6.097,-5.104,-5.578,-5.714,-5.311,-6.037,-7.192,-6.824,-5.552,-6.168,-5.041,-5.775,-5.446,-5.419,-6.091,-5.28,-4.959,-4.581,-4.351,-5.953,-6.22,-6.368,-5.965
OptTAR_Fixed_ligprep_20260117_0.5.maegz:489,-6.541,-4.94,-5.857,-5.409,-6.271,-6.512,-6.46,-4.409,-6.492,-5.899,-5.249,-6.393,-5.335,-4.722,-5.548,-6.343,-4.734,-6.241,-5.97,-5.454,-4.218,-5.406,-7.599,-5.405,-5.375,-5.802,-5.859,-6.866,-5.216,-5.82,-6.236,-6.052,-6.188,-7.562,-7.011,-5.664,-5.934,-5.608,-5.112,-6.27,-5.237,-6.335,-6.378,-6.215,-6.514,-4.955,-5.507,-6.179,-5.561,-6.934
OptTAR_Fixed_ligprep_20260117_0.5.maegz:490,-6.634,-4.763,-5.393,-5.332,-6.194,-5.947,-6.111,-4.834,-5.973,-5.794,-5.086,-5.488,-5.562,-4.764,-5.862,-5.476,-5.608,-5.998,-6.263,-6.702,-4.745,-5.187,-6.94,-5.007,-5.748,-5.074,-6.714,-5.849,-5.458,-5.749,-6.007,-5.156,-5.694,-6.836,-6.988,-5.779,-5.701,-5.234,-4.771,-5.587,-4.846,-5.95,-6.027,-6.577,-5.695,-4.697,-5.35,-5.783,-5.228,-6.203
OptTAR_Fixed_ligprep_20260117_0.5.maegz:491,-5.841,-4.354,-4.564,-4.164,-5.798,-4.758,-5.47,-4.332,-5.288,-4.944,-5.013,-5.375,-4.613,-4.647,-4.75,-5.696,-4.728,-6.091,-5.705,-5.356,-4.662,-5.232,-5.287,-5.308,-4.416,-5.562,-5.823,-6.171,-4.711,-4.901,-6.049,-4.962,-6.294,-7.234,-6.442,-5.481,-5.385,-4.696,-4.782,-5.715,-4.729,-6.032,-4.801,-5.961,-5.899,-5.032,-5.661,-5.47,-6.117,-5.532
OptTAR_Fixed_ligprep_20260117_0.5.maegz:492,-6.781,-4.79,-4.693,-5.283,-5.809,-5.07,-5.175,-4.518,-5.358,-5.489,-4.97,-4.965,-4.638,-5.012,-5.413,-5.417,-4.03,-5.633,-5.815,-5.339,-5.044,-5.384,-7.386,-5.221,-5.709,-5.511,-5.586,-6.311,-4.251,-5.059,-5.491,-4.888,-6.138,-6.549,-6.265,-5.192,-5.112,-4.669,-5.246,-5.011,-4.81,-5.21,-5.769,-6.069,-5.701,-4.824,-4.808,-5.203,-4.474,-5.178
OptTAR_Fixed_ligprep_20260117_0.5.maegz:493,-6.894,-4.091,-4.933,-4.926,-5.916,-5.637,-5.287,-4.748,-6.074,-5.323,-5.407,-5.532,-4.911,-5.037,-4.954,-5.3,-4.853,-5.713,-5.768,-5.078,-3.898,-5.276,-7.346,-5.11,-5.334,-5.475,-5.836,-6.177,-4.813,-5.192,-5.836,-5.657,-6.655,-7.497,-6.57,-5.288,-5.444,-4.618,-5.477,-5.509,-4.691,-6.24,-4.726,-5.432,-5.264,-5.007,-5.413,-5.835,-5.097,-6.357
OptTAR_Fixed_ligprep_20260117_0.5.maegz:494,-6.09,-4.545,-4.141,-4.591,-1.813,-4.028,-4.234,-2.548,-4.366,-4.365,-4.526,-4.237,-3.477,-2.485,-4.34,-1.967,-3.525,-3.949,-4.678,-3.05,-4.372,-3.528,-6.1,-3.162,-4.925,-4.156,-4.881,-4.345,-2.962,-4.786,-4.819,-3.006,-5.242,-5.941,-5.399,-5.315,-3.553,-5.503,-3.785,-3.525,-2.955,-3.046,-2.618,-5.665,-2.4,-4.369,-4.455,-4.348,-3.364,-4.538
OptTAR_Fixed_ligprep_20260117_0.5.maegz:495,-5.588,-4.188,-4.486,-4.013,-5.514,-5.692,-5.088,-3.8,-5.37,-4.793,-4.505,-5.391,-3.688,-4.805,-4.055,-4.32,-3.546,-4.324,-4.53,-4.613,-4.473,-4.179,-6.493,-4.593,-4.208,-5.991,-3.532,-6.456,-4.257,-4.288,-4.64,-4.008,-5.128,-5.356,-6.094,-5.431,-3.782,-4.506,-5.049,-3.807,-4.193,-3.873,-3.954,-5.354,-4.638,-4.006,-5.386,-4.029,-4.12,-4.398
OptTAR_Fixed_ligprep_20260117_0.5.maegz:496,-5.659,-4.792,-3.859,-4.581,-5.085,-5.589,-4.986,-4.465,-5.13,-4.961,-4.291,-4.085,-4.033,-3.255,-4.597,-4.185,-3.674,-4.928,-4.479,-4.878,-4.296,-3.992,-6.302,-3.517,-4.541,-5.045,-4.547,-5.652,-4.338,-4.45,-4.798,-4.548,-5.171,-6.196,-6.179,-4.965,-4.315,-4.291,-4.593,-4.466,-4.792,-3.337,-5.514,-5.927,-4.617,-4.219,-4.206,-5.667,-4.573,-4.275
OptTAR_Fixed_ligprep_20260117_0.5.maegz:497,-4.745,-4.552,-4.671,-3.833,-4.576,-4.483,-3.682,-3.892,-3.466,-4.679,-4.217,-3.769,-3.042,-3.698,-5.372,-4.393,-3.309,-3.926,-3.512,-4.56,-4.122,-3.393,-6.071,-4.248,-5.085,-4.272,-4.646,-3.914,-4.154,-4.634,-4.501,-2.479,-5.122,-6.086,-5.707,-5.416,-4.489,-4.194,-4.214,-4.244,-3.21,-3.226,-5.912,-5.082,-3.728,-3.836,-3.9,-4.9,-3.464,-3.722
OptTAR_Fixed_ligprep_20260117_0.5.maegz:498,-5.879,-4.812,-4.347,-4.489,-5.398,-5.022,-4.061,-4.303,-5.678,-4.526,-4.656,-4.272,-3.744,-3.704,-4.563,-4.349,-3.608,-3.842,-5.314,-5.011,-4.757,-4.708,-6.965,-3.522,-5.228,-5.412,-4.088,-5.107,-4.264,-4.197,-4.895,-4.115,-5.679,-6.303,-5.911,-5.307,-4.76,-3.669,-4.652,-4.221,-3.505,-3.779,-4.838,-5.491,-4.816,-4.098,-4.651,-6.115,-4.316,-5.373
OptTAR_Fixed_ligprep_20260117_0.5.maegz:499,-5.702,-4.165,-4.052,-4.012,-5.32,-4.734,-4.356,-3.871,-5.144,-4.88,-4.424,-3.514,-3.394,-4.49,-4.299,-4.738,-3.836,-4.37,-5.441,-5.131,-4.227,-4.824,-5.913,-4.278,-5.145,-5.982,-4.41,-5.541,-4.166,-3.339,-5.329,-3.965,-5.256,-6.203,-6.096,-5.266,-4.095,-3.48,-5.034,-4.168,-4.935,-4.138,-5.178,-5.889,-4.19,-3.959,-4.501,-4.35,-3.705,-5.336
OptTAR_Fixed_ligprep_20260117_0.5.maegz:500,-5.549,-3.816,-4.802,-4.085,-5.528,-5.301,-4.323,-3.859,-4.87,-4.814,-4.956,-3.471,-3.95,-3.586,-3.869,-3.424,-3.847,-4.143,-4.624,-5.077,-4.243,-4.596,-6.55,-3.534,-5.04,-4.701,-4.882,-5.819,-4.34,-4.446,-4.152,-3.943,-5.386,-6.129,-6.272,-6.186,-4.353,-4.385,-4.885,-3.943,-3.578,-3.85,-5.799,-6.412,-4.623,-4.112,-4.465,-5.671,-4.035,-4.206
OptTAR_Fixed_ligprep_20260117_0.5.maegz:501,-5.092,-4.005,-3.658,-3.819,-3.68,-4.27,-3.879,-2.874,-4.899,-4.442,-4.459,-3.364,-3.206,-4.074,-4.056,-4.43,-2.852,-4.515,-3.521,-3.987,-3.986,-4.176,-6.867,-3.828,-3.154,-4.566,-4.074,-6.236,-3.952,-4.175,-4.567,-4.065,-5.772,-5.571,-5.377,-4.487,-4.376,-4.302,-3.723,-3.979,-3.441,-5.173,-3.956,-5.272,-4.039,-3.923,-4.71,-5.776,-4.568,-4.676
OptTAR_Fixed_ligprep_20260117_0.5.maegz:502,-6.23,-4.711,-4.655,-4.524,-5.283,-6.208,-5.18,-4.31,-4.506,-5.644,-6.104,-4.516,-4.872,-3.728,-5.608,-5.628,-4.524,-5.725,-5.829,-6.158,-4.67,-4.434,-6.609,-4.756,-5.458,-6.402,-5.38,-5.881,-5.265,-5.118,-5.982,-5.488,-5.193,-5.247,-6.334,-5.316,-5.668,-4.805,-6.338,-5.176,-4.602,-4.922,-6.232,-6.558,-4.903,-4.598,-4.997,-6.025,-5.839,-5.486
OptTAR_Fixed_ligprep_20260117_0.5.maegz:503,-6.443,-3.787,-4.33,-4.775,-5.127,-5.764,-5.609,-4.897,-5.589,-5.36,-5.454,-4.329,-3.674,-4.076,-4.795,-4.053,-4.68,-5.582,-5.343,-6.285,-4.441,-4.104,-6.552,-4.816,-5.848,-5.72,-5.363,-5.679,-5.087,-4.636,-5.693,-5.405,-5.478,-6.456,-6.273,-5.98,-5.185,-3.661,-5.313,-5.175,-4.141,-4.701,-4.716,-6.095,-5.043,-4.285,-5.083,-5.071,-5.117,-4.655
OptTAR_Fixed_ligprep_20260117_0.5.maegz:504,-6.364,-4.981,-4.977,-4.796,-5.616,-5.487,-5.243,-4.63,-4.891,-6.322,-5.066,-5.634,-3.947,-5.212,-5.592,-5.296,-4.1,-5.76,-6.385,-6.206,-4.283,-4.974,-6.787,-5.267,-5.968,-6.008,-5.404,-6.511,-4.868,-4.691,-5.395,-6.149,-5.645,-5.935,-6.707,-6.073,-4.759,-4.58,-4.721,-5.055,-4.161,-4.649,-7.047,-6.076,-5.378,-4.866,-5.545,-5.965,-5.758,-5.511
OptTAR_Fixed_ligprep_20260117_0.5.maegz:505,-5.92,-5.363,-4.958,-4.726,-4.865,-4.713,-5.024,-4.686,-4.217,-5.295,-4.844,-4.649,-4.363,-4.618,-5.166,-5.229,-3.877,-5.35,-5.126,-6.189,-4.813,-4.125,-7.217,-4.51,-5.045,-4.198,-5.192,-6.195,-4.356,-4.963,-6.398,-5.412,-5.152,-6.252,-6.283,-5.227,-4.754,-3.647,-4.299,-5.175,-4.935,-4.655,-4.554,-6.951,-5.076,-4.612,-4.808,-5.353,-4.477,-5.027
OptTAR_Fixed_ligprep_20260117_0.5.maegz:506,-5.691,-3.854,-4.934,-4.725,-4.705,-4.422,-3.942,-3.511,-5.336,-4.925,-4.191,-3.72,-3.954,-3.486,-3.656,-3.983,-3.423,-4.035,-4.944,-4.687,-4.483,-4.017,-6.396,-3.903,-4.468,-5.252,-3.973,-5.75,-3.495,-4.27,-4.914,-3.805,-5.572,-5.863,-5.935,-4.965,-5.313,-3.293,-4.378,-3.908,-4.613,-5.065,-5.278,-5.987,-4.816,-3.943,-3.753,-5.601,-3.879,-4.676
OptTAR_Fixed_ligprep_20260117_0.5.maegz:507,-4.654,-3.669,-3.415,-3.536,-4.998,-4.543,-3.789,-3.624,-3.805,-5.444,-3.228,-3.74,-3.853,-3.968,-4.222,-3.815,-3.115,-1.74,-3.568,-4.525,-3.771,-3.524,-4.671,-3.266,-4.569,-4.072,-3.103,-5.157,-3.468,-4.505,-3.749,-4.165,-4.107,-3.913,-4.229,-2.964,-4.128,-3.174,-4.549,-3.766,-4.038,-3.369,-4.076,-5.703,-5.027,-3.47,-5.457,-4.429,-4.517,-3.664
OptTAR_Fixed_ligprep_20260117_0.5.maegz:508,-5.298,-3.022,-2.901,-2.994,-4.876,-3.384,-4.219,-2.886,-4.168,-4.841,-3.659,-3.771,-3.47,-2.623,-4.233,-3.213,-2.893,-3.449,-4.364,-4.377,-3.577,-3.78,-5.654,-3.684,-3.141,-3.555,-3.922,-5.134,-3.958,-3.694,-4.194,-2.318,-3.993,-4.945,-4.897,-3.4,-3.993,-4.204,-3.909,-3.949,-1.917,-2.51,-4.224,-4.449,-5.732,-3.72,-4.318,-5.287,-5.162,-4.493
OptTAR_Fixed_ligprep_20260117_0.5.maegz:509,-3.942,-4.657,-2.881,-4.583,-4.236,-5.478,-4.865,-3.954,-2.482,-4.27,-3.457,-3.995,-4.435,-3.492,-3.462,-3.598,-3.562,-2.646,-3.251,-3.943,-5.331,-4.495,-6.637,-3.704,-4.022,-4.753,-3.81,-5.298,-3.555,-3.785,-3.908,-2.715,-5.21,-3.959,-5.302,-5.998,-4.122,-4.352,-3.669,-3.583,-4.269,-3.108,-5.113,-4.102,-4.39,-3.746,-4.639,-3.894,-3.734,-3.484
OptTAR_Fixed_ligprep_20260117_0.5.maegz:510,-4.278,-2.279,-1.876,-3.86,-2.457,-3.699,-2.126,-2.407,-3.616,-4.653,-3.937,-3.839,-1.302,-1.911,-2.047,-0.7836,-3.466,-3.447,-5.192,-2.181,-1.751,-2.447,-6.304,-1.751,-3.036,-4.054,-3.456,-3.86,-2.435,-3.066,-1.412,-1.348,-2.937,-4.402,-5.979,-4.06,-3.711,-3.249,-3.551,-3.898,-1.346,-2.441,-4.555,-4.111,-0.6302,-3.434,-5.046,-4.738,-1.562,-1.8
OptTAR_Fixed_ligprep_20260117_0.5.maegz:511,-4.333,-4.145,-1.999,-3.054,-3.908,-3.736,-3.309,-3.865,-3.967,-3.471,-3.987,-4.416,-2.119,-2.676,-3.536,-3.019,-2.821,-3.16,-2.82,-3.51,-2.476,-2.822,-5.916,-2.963,-3.912,-4.434,-3.557,-4.053,-2.378,-2.634,-3.989,-2.434,-4.158,-4.788,-4.215,-4.331,-3.286,-3.749,-3.171,-1.57,-2.874,-3.591,-3.504,-4.12,-3.173,-3.203,-3.275,-3.227,-4.537,-3.229
OptTAR_Fixed_ligprep_20260117_0.5.maegz:512,-7.575,-5.855,-5.438,-5.294,-4.03,-4.563,-3.359,-4.656,-4.853,-3.497,-3.605,-4.55,-4.0,-3.661,-5.479,-4.741,-4.726,-4.646,-4.461,-3.798,-4.753,-4.792,-6.512,-4.535,-4.102,-4.859,-4.335,-3.972,-2.247,-5.018,-4.526,-3.544,-3.986,-3.989,-6.263,-4.218,-5.157,-5.09,-4.914,-2.503,-3.856,-3.907,-5.06,-5.377,-4.86,-3.098,-4.484,-4.571,-4.786,-4.751
OptTAR_Fixed_ligprep_20260117_0.5.maegz:513,-6.907,-5.962,-4.695,-4.508,-3.641,-4.612,-6.102,-3.684,-4.06,-3.835,-3.957,-4.84,-1.919,-4.459,-2.263,-2.79,-2.061,-1.687,-2.714,-2.894,-2.038,-4.956,-7.374,-3.953,-2.83,-6.344,-4.87,-4.271,-2.876,-4.784,-6.284,-2.717,-5.497,-5.5,-3.756,-3.213,-4.845,-5.068,-4.776,-4.491,-4.354,-5.249,-2.987,-2.238,-4.381,-4.56,-6.217,-6.874,-3.159,-5.785
OptTAR_Fixed_ligprep_20260117_0.5.maegz:514,-6.631,-5.43,-4.693,-5.008,-5.949,-4.992,-5.81,-4.279,-4.662,-5.712,-4.928,-5.214,-5.099,-4.164,-5.804,-4.731,-4.004,-4.216,-4.617,-5.344,-4.593,-4.732,-6.956,-5.245,-4.933,-4.277,-4.988,-5.997,-4.181,-5.45,-5.03,-5.01,-5.954,-6.868,-5.959,-5.536,-4.407,-5.26,-3.394,-3.694,-3.758,-4.684,-5.28,-5.533,-5.711,-4.5,-5.936,-6.574,-5.377,-4.799
OptTAR_Fixed_ligprep_20260117_0.5.maegz:515,-7.321,-6.002,-4.747,-4.632,-3.912,-4.481,-5.703,-4.621,-4.442,-5.186,-5.036,-5.008,-4.342,-3.804,-5.128,-4.324,-4.262,-3.549,-4.431,-4.027,-4.038,-5.087,-7.87,-3.632,-5.392,-6.422,-5.839,-5.501,-3.732,-4.078,-6.481,-4.262,-6.088,-5.471,-6.633,-3.833,-4.654,-4.665,-5.006,-3.625,-4.757,-5.114,-3.963,-5.896,-6.584,-5.26,-5.799,-5.425,-4.351,-5.285
OptTAR_Fixed_ligprep_20260117_0.5.maegz:516,-7.105,-4.757,-3.789,-4.31,-5.655,-4.636,-5.383,-4.003,-4.355,-5.414,-4.877,-3.724,-4.158,-3.709,-6.22,-4.832,-3.586,-3.464,-3.404,-4.297,-4.875,-4.995,-7.454,-4.498,-3.917,-3.384,-5.139,-4.935,-2.976,-3.979,-5.376,-4.16,-5.007,-4.707,-5.166,-4.627,-3.779,-4.468,-4.98,-4.752,-4.451,-4.075,-4.127,-5.887,-5.199,-3.748,-6.542,-5.911,-3.33,-5.002
OptTAR_Fixed_ligprep_20260117_0.5.maegz:517,-7.01,-4.924,-3.676,-4.471,-3.858,-4.107,-4.392,-2.611,-4.348,-5.005,-2.941,-5.346,-1.764,-3.27,-5.165,-3.662,-2.347,-3.335,-4.674,-3.702,-4.151,-3.832,-5.989,-3.633,-3.348,-3.96,-4.577,-5.699,-3.755,-5.45,-5.47,-4.705,-5.415,-6.147,-6.0,-4.864,-4.547,-5.157,-4.044,-3.702,-4.694,-3.212,-5.131,-4.559,-5.218,-4.465,-5.918,-5.841,-3.879,-5.029
OptTAR_Fixed_ligprep_20260117_0.5.maegz:518,-7.078,-5.125,-4.602,-2.46,-5.156,-2.391,-3.307,-3.549,-3.399,-4.851,-3.606,-4.7,-4.698,-3.453,-5.13,-4.36,-4.315,-4.213,-5.255,-4.815,-4.19,-4.808,-6.886,-4.218,-4.875,-5.278,-5.25,-6.906,-2.804,-5.496,-5.04,-2.507,-4.656,-5.932,-6.125,-3.646,-4.803,-3.417,-3.727,-4.679,-5.085,-4.857,-4.94,-4.888,-3.097,-3.18,-4.063,-6.234,-4.603,-5.067
OptTAR_Fixed_ligprep_20260117_0.5.maegz:519,-5.064,-4.4,-3.417,-3.613,-4.315,-5.803,-4.743,-4.783,-4.159,-4.23,-3.569,-2.729,-2.317,-4.968,-5.014,-3.98,-3.568,-4.491,-5.209,-4.617,-3.371,-5.263,-5.923,-3.785,-4.916,-4.989,-3.525,-4.678,-2.984,-4.741,-2.692,-4.774,-4.61,-3.947,-4.935,-4.17,-5.838,-4.533,-3.596,-3.953,-3.814,-3.739,-5.6,-5.011,-4.026,-2.029,-4.809,-4.142,-4.314,-3.135
OptTAR_Fixed_ligprep_20260117_0.5.maegz:520,-6.005,-5.312,-4.509,-4.54,-5.189,-6.012,-5.062,-4.252,-5.333,-4.727,-4.795,-3.89,-3.653,-4.151,-4.141,-5.093,-3.598,-4.743,-5.735,-4.769,-4.885,-4.944,-7.051,-3.532,-4.694,-5.092,-4.543,-5.36,-5.245,-4.537,-5.251,-4.484,-6.15,-6.346,-5.924,-4.964,-4.472,-4.76,-3.923,-5.757,-3.337,-4.77,-3.71,-5.491,-4.621,-4.084,-4.5,-5.881,-4.6,-5.95
OptTAR_Fixed_ligprep_20260117_0.5.maegz:521,-4.549,-2.909,-3.71,-3.727,-1.808,-4.153,-1.307,-4.452,-1.608,-3.181,-0.8304,-2.176,-3.115,-3.562,-1.752,-1.879,-1.801,-1.39,-2.951,-1.65,-3.596,-2.95,-6.783,-2.754,-4.288,-3.092,-3.464,-5.438,-2.118,-3.855,-3.763,-2.21,-5.407,-4.124,-5.217,-2.845,-2.128,-1.733,-3.822,-2.067,-1.423,-3.291,-4.76,-3.991,-4.768,-2.241,-3.284,-3.354,-1.451,-3.851
OptTAR_Fixed_ligprep_20260117_0.5.maegz:522,-6.254,-3.996,-0.7514,-2.064,-3.739,-2.562,-3.081,-4.0,-2.014,-2.496,-1.777,-4.474,-1.747,-2.079,-5.252,-2.06,-3.616,-3.541,-2.364,-2.054,-3.169,-4.662,-4.878,-3.52,-4.792,-4.669,-3.854,-4.443,-5.106,-4.212,-6.193,-2.714,-5.321,-4.909,-3.415,-4.748,-4.154,-3.038,-3.817,-3.997,-4.107,-2.394,-2.999,-6.333,-5.493,-3.634,-3.951,-3.729,-4.769,-2.629
OptTAR_Fixed_ligprep_20260117_0.5.maegz:523,-3.238,-3.408,-1.215,-4.627,-2.5,-2.481,-1.943,-2.85,-4.132,-2.526,-3.628,-4.184,-0.9113,-2.354,-2.381,-0.8612,-1.341,-4.526,-2.377,-4.465,-2.813,-3.954,-4.096,-2.935,-3.838,-2.013,-3.755,-5.288,-1.47,-2.084,-4.769,-2.989,-5.302,-5.927,-4.751,-2.09,-5.114,-3.838,-2.224,-2.596,-1.361,-4.558,-5.17,-5.857,-2.398,-4.167,-2.504,-3.054,-0.6181,-2.674
OptTAR_Fixed_ligprep_20260117_0.5.maegz:524,-7.513,-4.873,-4.412,-3.203,-4.021,-4.028,-2.801,-3.709,-3.473,-2.976,-4.247,-4.756,-3.232,-2.371,-4.725,-4.738,-2.674,-4.558,-5.136,-4.198,-4.013,-1.636,-6.368,-4.374,-4.127,-5.001,-3.374,-5.653,-4.045,-1.569,-4.228,-1.721,-4.611,-4.944,-4.514,-4.325,-4.64,-5.41,-4.392,-1.936,-3.129,-5.454,-4.849,-5.132,-4.724,-3.462,-5.815,-4.405,-5.334,-4.639
OptTAR_Fixed_ligprep_20260117_0.5.maegz:525,-6.427,-5.462,-5.253,-5.088,-6.004,-5.394,-5.552,-4.672,-5.711,-5.443,-4.474,-5.265,-5.819,-5.404,-4.893,-5.649,-3.844,-5.469,-5.946,-5.292,-5.381,-5.296,-7.038,-4.218,-5.403,-6.018,-4.807,-6.104,-4.858,-5.208,-5.44,-5.106,-5.694,-6.965,-6.629,-5.779,-5.365,-5.291,-4.831,-5.356,-5.728,-5.072,-5.614,-6.156,-5.18,-4.51,-4.696,-6.837,-4.688,-6.772
OptTAR_Fixed_ligprep_20260117_0.5.maegz:526,-4.502,-3.584,-3.52,-3.516,-4.716,-4.627,-2.252,-2.742,-4.346,-3.739,-2.956,-3.836,-3.427,-2.66,-4.564,-4.103,-1.556,-4.233,-4.245,-3.72,-1.901,-2.853,-5.99,-3.15,-4.455,-4.344,-3.99,-5.349,-3.871,-3.552,-3.675,-3.062,-4.181,-4.7,-3.238,-3.732,-4.468,-2.415,-4.242,-2.511,-1.819,-3.711,-4.126,-5.081,-4.619,-2.672,-4.548,-5.163,-3.464,-4.506
OptTAR_Fixed_ligprep_20260117_0.5.maegz:527,-4.901,-4.137,-2.284,-3.658,-4.565,-2.089,-3.635,-1.097,-2.347,-4.272,-1.992,-3.797,-0.9123,0.1722,-3.677,-3.502,-3.304,-4.009,-3.379,-3.572,-1.324,-2.328,-6.657,-3.098,-0.7305,-3.749,-2.406,-5.011,-3.935,-3.432,-4.064,-2.619,-4.306,-4.76,-3.995,-3.456,-5.617,-3.95,-3.046,-1.575,-3.453,-4.499,-3.534,-2.603,-5.143,-3.037,-1.528,-1.624,-4.355,-2.244
OptTAR_Fixed_ligprep_20260117_0.5.maegz:528,-4.288,-3.471,-2.177,-2.027,-2.449,-4.487,-4.148,-4.588,-5.363,-1.592,-4.279,-3.67,-1.746,-4.557,-4.894,-5.179,-0.9283,-4.722,-1.033,-3.031,-1.234,-3.044,-6.412,-2.374,-3.36,-1.097,-2.446,-6.392,-1.837,-3.433,-4.869,-3.767,-3.763,-1.845,-2.987,-1.552,-2.773,-1.582,-4.296,-1.555,-1.66,-4.986,-4.363,-3.951,-6.129,-3.175,-1.837,-4.182,-2.533,-4.736
OptTAR_Fixed_ligprep_20260117_0.5.maegz:529,-4.059,-4.792,-3.293,-2.466,-5.062,-4.268,-4.645,-4.469,-5.225,-5.305,-4.646,-4.311,-1.766,-3.3,-5.201,-4.983,-4.419,-2.306,-3.812,-4.261,-5.215,-4.421,-5.2,-4.634,-4.579,-3.193,-3.472,-4.781,-2.077,-3.871,-5.115,-4.884,-4.63,-3.316,-6.056,-2.691,-3.615,-2.499,-2.049,-2.643,-2.391,-4.24,-5.656,-4.795,-5.711,-4.332,-2.116,-4.764,-3.636,-4.016
OptTAR_Fixed_ligprep_20260117_0.5.maegz:530,-5.554,-2.284,-3.581,-3.859,-4.681,-3.447,-3.529,-2.621,-2.158,-4.5,-3.135,-4.156,-2.533,-2.017,-4.306,-3.03,-3.118,-2.645,-1.445,-3.99,-3.669,-5.477,-5.576,-2.257,-2.9,-3.041,-3.637,-5.131,-2.167,-2.548,-3.565,-4.909,-6.496,-5.091,-4.819,-3.947,-2.875,-3.58,-3.116,-5.384,-3.486,-4.575,-4.094,-2.901,-5.109,-3.519,-1.242,-3.809,-4.219,-3.038
OptTAR_Fixed_ligprep_20260117_0.5.maegz:531,-5.102,-2.228,-3.619,-3.777,-4.916,-5.271,-4.531,-4.672,-5.176,-4.816,-2.409,-1.957,-2.652,-2.86,-2.99,-3.38,-2.476,-3.666,-3.75,-2.322,-4.045,-5.174,-6.468,-4.348,-3.58,-4.028,-4.26,-4.359,-3.866,-3.763,-4.049,-4.792,-4.786,-6.134,-5.018,-3.574,-4.039,-3.868,-4.076,-5.347,-4.641,-3.692,-4.766,-4.068,-5.113,-3.713,-5.359,-5.622,-5.767,-4.688
OptTAR_Fixed_ligprep_20260117_0.5.maegz:532,-5.848,-4.049,-5.154,-5.873,-4.698,-6.42,-5.356,-4.914,-4.884,-5.685,-4.663,-5.589,-4.449,-5.474,-4.553,-4.162,-3.728,-5.506,-4.425,-4.803,-4.715,-4.697,-5.999,-3.868,-5.173,-5.324,-4.843,-6.752,-4.055,-4.76,-3.824,-5.335,-6.152,-6.619,-6.571,-7.401,-6.333,-4.201,-4.286,-5.125,-4.02,-4.628,-4.901,-3.721,-4.812,-4.634,-6.115,-6.234,-3.49,-3.932
OptTAR_Fixed_ligprep_20260117_0.5.maegz:533,-6.354,-3.862,-5.02,-5.388,-3.343,-4.679,-5.394,-4.145,-5.569,-5.126,-3.802,-4.268,-4.389,-3.947,-4.782,-4.704,-3.435,-4.977,-5.643,-5.881,-4.837,-4.651,-8.888,-4.306,-5.003,-4.608,-4.498,-7.417,-3.509,-5.101,-5.169,-4.941,-6.299,-6.055,-5.935,-4.739,-4.699,-5.097,-3.979,-5.065,-3.25,-4.085,-4.11,-7.005,-4.853,-4.254,-5.77,-5.931,-5.341,-5.535
OptTAR_Fixed_ligprep_20260117_0.5.maegz:534,-6.119,-5.016,-4.313,-5.598,-5.615,-5.918,-5.213,-4.739,-4.8,-5.042,-5.089,-4.917,-4.983,-4.725,-5.909,-5.819,-4.47,-5.808,-6.388,-5.593,-4.501,-4.64,-7.649,-4.707,-6.542,-5.983,-5.89,-6.698,-4.622,-5.95,-4.993,-4.962,-7.471,-6.681,-6.871,-5.64,-5.48,-5.104,-4.465,-5.385,-4.754,-5.608,-4.111,-6.133,-5.382,-5.054,-5.689,-6.712,-5.191,-5.486
OptTAR_Fixed_ligprep_20260117_0.5.maegz:535,-6.219,-4.75,-4.791,-4.896,-5.283,-5.992,-4.903,-3.0,-4.402,-6.039,-3.716,-3.264,-3.584,-3.862,-5.363,-4.384,-2.661,-4.25,-3.743,-4.689,-3.381,-4.563,-6.919,-4.364,-4.073,-3.924,-4.572,-4.929,-2.861,-5.363,-4.559,-3.023,-4.461,-6.112,-6.114,-5.927,-4.386,-3.744,-5.51,-3.651,-4.056,-4.674,-4.83,-5.227,-3.766,-4.1,-4.44,-3.825,-4.96,-4.854
OptTAR_Fixed_ligprep_20260117_0.5.maegz:536,-6.837,-5.135,-5.391,-4.635,-6.341,-4.885,-5.198,-4.883,-5.452,-6.272,-4.078,-4.607,-4.036,-5.54,-5.584,-5.296,-4.541,-5.513,-5.383,-4.731,-4.119,-6.071,-6.32,-4.963,-6.198,-5.611,-4.847,-6.094,-4.558,-5.194,-6.53,-5.634,-6.044,-7.04,-7.574,-5.097,-5.856,-5.092,-5.208,-4.252,-4.345,-4.9,-5.962,-5.009,-5.781,-5.452,-5.725,-6.357,-5.017,-4.566
OptTAR_Fixed_ligprep_20260117_0.5.maegz:537,-5.948,-4.875,-3.976,-4.626,-2.209,-4.274,-2.778,-4.082,-3.232,-2.158,-2.219,-2.829,-2.066,-1.515,-4.872,-2.69,-1.493,-2.713,-4.288,-4.658,-2.659,-4.007,-6.473,-4.7,-4.834,-4.641,-3.473,-6.03,-3.778,-3.278,-4.628,-1.885,-3.63,-5.459,-6.461,-5.329,-2.906,-3.282,-2.943,-2.523,-3.977,-3.461,-6.2,-4.965,-3.703,-2.353,-4.633,-3.373,-3.687,-4.315
OptTAR_Fixed_ligprep_20260117_0.5.maegz:538,-7.36,-3.969,-4.551,-4.767,-5.786,-6.374,-5.748,-4.514,-5.812,-5.336,-5.812,-4.921,-5.543,-4.121,-5.598,-6.052,-4.657,-5.022,-5.596,-5.548,-4.555,-5.689,-7.227,-4.946,-5.607,-5.554,-4.652,-6.388,-4.887,-4.968,-5.943,-4.401,-6.147,-5.32,-6.552,-6.061,-5.319,-5.141,-4.794,-5.937,-4.755,-5.742,-5.227,-7.028,-5.76,-5.321,-5.421,-6.855,-4.686,-5.634
OptTAR_Fixed_ligprep_20260117_0.5.maegz:539,-4.901,-3.318,-1.424,-3.299,-5.66,-3.167,-3.456,-4.005,-2.94,-4.532,-3.164,-3.514,-2.614,-3.449,-3.878,-3.042,-1.965,-3.655,-4.106,-4.31,-2.225,-2.965,-5.261,-3.035,-3.171,-2.316,-3.472,-4.374,-1.039,-3.499,-3.622,-1.35,-4.306,-4.39,-2.403,-3.131,-4.133,-2.988,-3.414,-2.546,-3.371,-3.232,-4.04,-4.977,-2.729,-3.419,-4.604,-5.0,-2.976,-4.494
OptTAR_Fixed_ligprep_20260117_0.5.maegz:540,-5.926,-5.048,-4.883,-4.341,-5.797,-5.293,-5.345,-4.124,-6.305,-5.636,-5.096,-5.096,-4.401,-4.898,-4.8,-4.854,-5.214,-4.348,-4.651,-5.426,-4.795,-4.666,-6.923,-4.558,-4.708,-4.985,-4.559,-6.537,-4.222,-4.307,-4.944,-4.816,-6.056,-6.336,-5.949,-6.449,-4.827,-5.593,-5.1,-4.667,-5.027,-4.819,-5.52,-6.661,-4.505,-5.426,-4.856,-5.092,-4.546,-5.165
OptTAR_Fixed_ligprep_20260117_0.5.maegz:541,-6.372,-4.08,-4.07,-4.421,-4.628,-6.109,-5.656,-3.939,-3.684,-5.077,-4.626,-4.395,-4.292,-4.275,-4.269,-3.274,-3.701,-4.858,-5.212,-5.032,-4.13,-3.947,-6.971,-4.224,-4.644,-5.679,-5.377,-6.403,-4.436,-4.214,-3.816,-4.521,-5.343,-6.067,-5.389,-5.16,-4.703,-4.871,-4.482,-4.653,-4.314,-5.097,-5.393,-6.153,-4.685,-4.243,-4.142,-5.524,-4.325,-5.168
OptTAR_Fixed_ligprep_20260117_0.5.maegz:542,-3.913,-4.175,-2.636,-3.178,-2.958,-4.13,-3.583,-3.661,-3.274,-4.562,-3.255,-3.42,-2.812,-3.51,-3.757,-3.047,-3.858,-3.903,-4.113,-4.005,-2.813,-4.268,-5.628,-3.006,-5.291,-4.018,-3.849,-4.197,-4.528,-4.066,-4.279,-4.57,-4.408,-5.9,-5.03,-4.942,-3.441,-4.475,-3.708,-3.495,-3.777,-3.079,-4.585,-3.853,-3.579,-4.576,-3.786,-3.645,-4.167,-3.963
OptTAR_Fixed_ligprep_20260117_0.5.maegz:543,-6.173,-4.311,-5.126,-4.806,-6.002,-5.424,-5.89,-4.867,-5.658,-5.154,-5.063,-5.748,-5.0,-6.962,-5.937,-5.266,-3.893,-5.716,-6.035,-6.62,-5.242,-5.341,-6.912,-4.717,-6.37,-6.466,-5.389,-6.742,-5.228,-5.282,-5.657,-4.821,-5.62,-6.271,-5.468,-5.945,-5.004,-4.402,-4.709,-5.631,-4.705,-5.703,-5.736,-6.667,-5.037,-4.495,-6.448,-7.199,-5.557,-4.847
OptTAR_Fixed_ligprep_20260117_0.5.maegz:544,-7.531,-5.775,-4.789,-5.176,-4.705,-5.187,-5.14,-4.424,-4.938,-6.371,-5.756,-5.626,-5.708,-4.101,-5.405,-5.636,-4.31,-6.239,-6.005,-5.279,-5.323,-6.049,-7.264,-4.246,-5.121,-5.517,-5.21,-5.7,-4.745,-4.879,-5.562,-5.051,-5.673,-7.465,-6.965,-7.102,-4.677,-4.676,-5.143,-6.408,-5.34,-6.018,-6.788,-6.522,-7.201,-5.072,-6.247,-6.632,-5.787,-5.733
OptTAR_Fixed_ligprep_20260117_0.5.maegz:545,-6.162,-4.944,-4.282,-4.812,-4.977,-5.593,-4.885,-4.675,-5.379,-4.627,-4.38,-5.157,-3.966,-4.849,-4.904,-5.052,-3.566,-5.736,-4.756,-5.166,-4.188,-5.451,-5.836,-4.173,-4.392,-5.167,-4.301,-5.558,-4.709,-4.607,-5.161,-4.737,-4.907,-6.235,-5.942,-5.337,-4.917,-3.893,-4.567,-3.947,-4.411,-4.606,-4.937,-6.125,-5.244,-4.174,-4.752,-5.386,-4.786,-5.588
OptTAR_Fixed_ligprep_20260117_0.5.maegz:546,-4.915,-4.742,-0.5794,-4.103,-5.069,-4.584,-5.284,-1.78,-5.529,-2.805,-3.312,-4.668,-2.334,-3.714,-4.195,-0.7302,-3.25,-3.055,-5.614,-6.862,-3.47,-4.465,-7.079,-1.75,-3.803,-5.32,-2.765,-6.309,-4.74,-4.359,-4.537,-4.205,-5.56,-5.858,-4.454,-4.017,-2.592,-3.814,-2.816,-3.294,-4.548,-2.839,-5.069,-6.258,-4.207,-4.106,-4.737,-5.05,-5.189,-5.134
OptTAR_Fixed_ligprep_20260117_0.5.maegz:547,-7.194,-4.848,-5.474,-3.982,-6.647,-4.767,-5.756,-4.792,-4.028,-4.844,-4.58,-5.282,-4.754,-4.298,-3.978,-4.022,-4.161,-4.389,-4.631,-4.971,-4.696,-5.262,-6.586,-4.677,-5.56,-4.285,-6.844,-6.265,-4.082,-5.561,-5.334,-4.359,-5.737,-5.767,-5.754,-5.172,-5.322,-3.597,-4.813,-4.66,-4.117,-4.43,-5.453,-4.929,-4.916,-4.909,-5.81,-5.63,-6.054,-5.581
OptTAR_Fixed_ligprep_20260117_0.5.maegz:548,-6.232,-1.401,-0.8828,-3.947,-2.313,-2.6,-4.63,-2.355,-3.772,-4.277,-3.131,-4.089,-4.782,-3.879,-2.445,-4.16,-3.27,-5.663,-4.739,-5.509,-4.823,-2.517,-3.275,-2.074,-3.766,-4.524,-4.288,-4.123,-4.931,-4.467,-4.985,-4.333,-5.545,-5.132,-5.73,-2.253,-5.876,-5.05,-5.196,-2.276,-3.422,-4.417,-4.183,-3.262,-4.48,-3.878,-2.061,-5.658,-3.694,-4.631
OptTAR_Fixed_ligprep_20260117_0.5.maegz:549,-5.685,-4.449,-3.13,-3.06,-4.819,-4.358,-2.471,-3.964,-5.261,-1.118,-1.055,-2.851,-2.546,-3.935,-4.774,-3.589,-2.463,-2.059,-3.269,-4.816,-5.407,-5.402,-5.272,-3.914,-4.626,-5.322,-2.871,-5.264,-1.944,-4.484,-3.355,-2.34,-5.138,-5.775,-5.65,-2.431,-5.008,-3.583,-4.504,-2.993,-1.456,-4.303,-2.18,-3.883,-1.724,-3.654,-5.007,-2.423,-5.799,-4.615
OptTAR_Fixed_ligprep_20260117_0.5.maegz:550,-5.884,-3.54,-4.35,-4.026,-7.004,-4.656,-4.736,-3.513,-4.934,-4.256,-3.233,-4.846,-3.509,-3.923,-5.137,-4.345,-3.427,-5.424,-6.428,-6.217,-4.893,-5.255,-5.931,-4.176,-4.777,-4.956,-4.609,-6.442,-4.321,-3.263,-4.973,-4.42,-4.352,-6.548,-6.516,-4.496,-4.001,-2.214,-4.327,-4.843,-4.701,-5.278,-4.749,-4.524,-4.775,-4.77,-4.174,-4.575,-5.099,-5.621
OptTAR_Fixed_ligprep_20260117_0.5.maegz:551,-5.844,-3.441,-4.482,-5.306,-5.348,-3.319,-3.901,-1.921,-4.449,-5.107,-3.602,-4.151,-2.969,-1.868,-4.069,-3.75,-1.973,-5.009,-4.406,-5.586,-4.676,-4.377,-6.273,-4.52,-4.298,-5.736,-4.196,-4.883,-4.434,-4.242,-4.579,-5.174,-3.375,-5.785,-5.743,-4.708,-5.433,-3.417,-4.202,-4.451,-3.366,-4.105,-4.375,-3.815,-4.881,-4.309,-6.174,-5.346,-3.567,-4.152
OptTAR_Fixed_ligprep_20260117_0.5.maegz:552,-6.326,-4.607,-3.71,-5.136,-5.498,-5.193,-4.813,-4.199,-5.19,-5.957,-4.147,-4.319,-3.599,-4.679,-4.934,-4.234,-3.412,-5.408,-4.928,-5.788,-4.707,-5.077,-6.432,-3.635,-4.955,-5.107,-4.334,-6.257,-3.47,-5.599,-4.984,-4.184,-5.694,-7.014,-5.717,-4.875,-4.199,-4.873,-5.419,-4.212,-3.812,-4.884,-5.079,-6.287,-5.43,-4.863,-4.584,-4.875,-4.715,-6.013
OptTAR_Fixed_ligprep_20260117_0.5.maegz:553,-6.363,-4.147,-4.317,-5.237,-6.031,-5.465,-5.373,-4.053,-5.73,-5.18,-5.068,-5.205,-4.482,-4.51,-5.469,-5.18,-4.208,-5.927,-5.349,-5.583,-4.892,-4.603,-6.347,-4.798,-5.263,-5.561,-5.773,-7.138,-4.767,-5.251,-6.352,-4.437,-5.603,-5.89,-5.556,-5.457,-5.927,-5.368,-4.974,-4.279,-4.179,-5.291,-4.768,-6.618,-4.343,-4.887,-4.746,-5.896,-4.764,-6.238
OptTAR_Fixed_ligprep_20260117_0.5.maegz:554,-6.049,-4.166,-5.493,-5.188,-5.797,-5.771,-5.562,-3.612,-5.061,-5.053,-4.379,-4.627,-4.357,-3.899,-5.151,-4.455,-3.987,-4.391,-5.575,-5.637,-5.79,-4.087,-6.303,-4.326,-4.741,-5.278,-4.83,-6.86,-3.846,-4.166,-5.885,-5.157,-6.733,-6.633,-6.024,-7.219,-5.132,-4.888,-4.355,-6.239,-4.896,-5.155,-4.739,-6.076,-5.012,-4.338,-5.588,-5.388,-5.381,-5.852
OptTAR_Fixed_ligprep_20260117_0.5.maegz:555,-6.032,-4.302,-4.624,-4.981,-5.339,-5.693,-5.57,-4.702,-5.278,-5.118,-5.024,-4.592,-4.392,-3.702,-5.526,-5.192,-4.352,-4.676,-5.469,-5.87,-5.438,-4.572,-6.437,-4.603,-4.466,-5.381,-5.689,-6.149,-4.274,-4.863,-5.121,-4.483,-5.644,-6.083,-6.001,-5.605,-6.148,-4.472,-4.265,-5.901,-3.88,-5.787,-5.325,-5.816,-4.879,-4.088,-5.294,-6.109,-5.508,-5.869
OptTAR_Fixed_ligprep_20260117_0.5.maegz:556,-6.556,-4.2,-4.886,-5.467,-5.845,-6.43,-5.368,-5.116,-5.358,-5.732,-4.868,-4.991,-4.376,-4.977,-5.11,-4.443,-4.646,-6.258,-5.994,-5.877,-4.921,-4.673,-7.561,-4.464,-6.355,-5.789,-5.204,-6.24,-4.98,-5.335,-5.183,-4.607,-6.633,-5.756,-6.28,-4.786,-5.056,-5.433,-4.984,-5.182,-4.39,-5.58,-5.889,-7.555,-5.098,-4.546,-5.669,-5.872,-5.165,-6.187
OptTAR_Fixed_ligprep_20260117_0.5.maegz:557,-6.981,-4.149,-5.18,-4.407,-6.049,-5.765,-5.708,-4.944,-6.149,-5.265,-5.357,-4.689,-5.2,-3.639,-4.762,-5.031,-4.98,-5.734,-5.319,-5.688,-4.177,-5.372,-6.958,-4.841,-5.166,-5.622,-5.114,-5.067,-4.586,-4.471,-5.549,-5.113,-6.204,-6.489,-5.42,-5.096,-4.702,-4.622,-4.912,-5.743,-5.024,-6.059,-5.903,-7.195,-5.743,-4.635,-6.051,-5.63,-5.525,-5.738
OptTAR_Fixed_ligprep_20260117_0.5.maegz:558,-7.132,-3.53,-5.192,-5.446,-5.449,-5.429,-5.13,-4.0,-4.603,-5.303,-4.171,-4.522,-4.212,-4.686,-4.731,-3.773,-3.773,-4.405,-5.506,-5.438,-4.441,-5.667,-7.445,-3.676,-5.563,-5.759,-3.956,-6.206,-3.929,-5.121,-4.919,-4.107,-5.525,-5.741,-6.604,-5.12,-4.494,-4.606,-4.247,-4.372,-3.764,-4.89,-5.242,-6.062,-4.693,-3.708,-4.697,-6.075,-3.969,-3.328
OptTAR_Fixed_ligprep_20260117_0.5.maegz:559,-6.981,-5.414,-5.955,-6.163,-6.245,-6.684,-5.855,-5.362,-6.639,-5.721,-6.296,-5.902,-5.264,-5.044,-5.792,-5.687,-4.901,-6.593,-7.164,-6.87,-5.149,-5.613,-8.062,-5.298,-6.394,-6.117,-5.906,-7.517,-5.027,-6.406,-6.237,-5.433,-7.413,-8.101,-7.454,-6.354,-5.584,-6.113,-6.298,-6.005,-5.267,-6.131,-6.641,-6.916,-6.437,-5.517,-6.365,-6.748,-5.801,-6.358
OptTAR_Fixed_ligprep_20260117_0.5.maegz:560,-7.272,-5.083,-5.094,-5.661,-6.081,-6.353,-6.52,-5.095,-6.347,-6.305,-5.927,-6.233,-4.816,-5.162,-5.156,-5.52,-4.939,-5.672,-6.97,-6.559,-5.514,-5.994,-7.982,-4.943,-6.213,-5.539,-6.089,-7.196,-5.122,-5.54,-6.678,-5.567,-6.672,-7.348,-7.327,-5.685,-5.784,-4.368,-6.183,-5.437,-5.547,-6.034,-7.581,-6.642,-6.185,-4.752,-5.285,-6.549,-6.076,-6.01
OptTAR_Fixed_ligprep_20260117_0.5.maegz:561,-6.812,-4.981,-5.464,-5.971,-5.965,-6.589,-6.353,-5.33,-6.915,-5.503,-6.341,-5.995,-4.834,-6.044,-5.895,-5.22,-5.077,-6.381,-7.076,-6.288,-5.166,-6.054,-8.172,-5.386,-6.558,-5.01,-6.045,-7.394,-5.062,-5.142,-6.365,-5.678,-7.342,-8.132,-7.098,-7.449,-5.629,-6.462,-5.691,-5.748,-5.325,-5.73,-6.634,-6.429,-5.809,-5.106,-4.716,-6.862,-5.977,-7.735
OptTAR_Fixed_ligprep_20260117_0.5.maegz:562,-7.141,-5.168,-5.457,-5.709,-6.259,-6.465,-6.103,-5.969,-6.468,-5.951,-6.016,-4.96,-4.822,-5.266,-5.645,-6.075,-4.884,-5.565,-6.608,-6.363,-5.497,-5.974,-7.825,-4.959,-6.321,-5.913,-5.496,-7.485,-4.913,-5.385,-6.545,-5.618,-7.346,-7.598,-7.208,-7.285,-5.275,-6.495,-6.727,-5.881,-5.312,-5.688,-5.335,-7.182,-5.826,-5.821,-5.223,-6.081,-6.174,-6.415
OptTAR_Fixed_ligprep_20260117_0.5.maegz:563,-7.103,-5.724,-5.336,-5.73,-6.315,-7.125,-6.33,-5.051,-5.431,-5.485,-5.75,-5.546,-4.565,-5.912,-5.511,-5.254,-4.838,-5.253,-6.222,-6.706,-5.985,-5.225,-8.498,-5.181,-5.623,-6.877,-5.528,-8.198,-5.41,-5.366,-6.25,-5.581,-7.151,-7.713,-7.9,-7.498,-6.502,-4.113,-6.055,-5.438,-5.511,-5.859,-5.533,-5.879,-5.789,-5.26,-5.422,-6.972,-6.133,-5.365
OptTAR_Fixed_ligprep_20260117_0.5.maegz:564,-6.563,-5.388,-4.361,-5.351,-5.503,-6.064,-5.404,-4.94,-5.706,-5.304,-4.847,-5.127,-4.818,-4.407,-5.519,-4.855,-4.461,-5.22,-5.434,-5.48,-4.489,-5.46,-8.016,-5.426,-5.26,-7.058,-5.239,-5.007,-5.07,-4.718,-5.122,-4.657,-5.629,-6.829,-6.548,-6.526,-5.055,-4.727,-4.896,-5.493,-4.841,-4.799,-5.425,-7.13,-4.944,-4.852,-5.488,-5.155,-4.706,-6.405
OptTAR_Fixed_ligprep_20260117_0.5.maegz:565,-5.826,-4.943,-4.091,-4.293,-3.62,-4.877,-2.686,-3.98,-4.777,-3.551,-2.84,-3.76,-0.9846,-2.049,-4.38,-2.673,-2.076,-5.133,-5.654,-4.334,-3.675,-3.381,-5.351,-4.103,-5.766,-5.213,-3.862,-5.627,-3.972,-4.788,-4.885,-4.242,-5.833,-5.422,-4.397,-4.542,-3.899,-2.485,-2.917,-4.276,-1.999,-3.333,-4.475,-4.094,-4.57,-4.464,-4.922,-5.177,-3.573,-4.102
OptTAR_Fixed_ligprep_20260117_0.5.maegz:566,-5.524,-3.444,-4.444,-4.161,-3.239,-4.672,-3.613,-3.798,-4.102,-4.529,-4.166,-3.428,-4.558,-3.62,-3.681,-3.919,-3.619,-3.795,-4.098,-3.903,-3.359,-3.398,-5.329,-4.035,-4.464,-4.29,-3.314,-4.783,-4.094,-3.298,-5.317,-3.438,-4.941,-5.985,-4.859,-5.056,-3.865,-3.481,-4.069,-3.687,-3.336,-3.5,-4.246,-5.613,-4.044,-3.742,-3.618,-4.807,-4.612,-5.21
OptTAR_Fixed_ligprep_20260117_0.5.maegz:567,-6.281,-5.472,-5.27,-4.659,-5.718,-5.234,-5.039,-4.15,-4.679,-5.412,-4.886,-4.647,-4.528,-4.462,-4.91,-5.003,-4.196,-5.638,-4.621,-5.597,-3.953,-4.366,-8.073,-4.554,-4.666,-5.021,-4.208,-5.691,-4.484,-4.815,-6.0,-5.081,-5.301,-5.61,-5.595,-5.126,-5.036,-4.711,-5.294,-5.0,-4.121,-4.457,-5.408,-5.872,-5.099,-4.855,-5.411,-5.443,-5.144,-5.191
OptTAR_Fixed_ligprep_20260117_0.5.maegz:568,-5.92,-4.152,-4.38,-4.237,-4.627,-4.145,-4.417,-3.792,-3.947,-5.022,-3.691,-3.972,-4.708,-3.257,-3.673,-4.626,-3.497,-3.648,-4.511,-4.491,-3.887,-4.891,-7.063,-4.137,-5.137,-4.866,-3.852,-4.28,-4.888,-3.859,-5.082,-4.586,-4.547,-5.713,-4.497,-4.222,-4.43,-4.785,-4.484,-4.093,-3.485,-3.925,-4.051,-5.16,-4.792,-3.355,-4.516,-4.413,-4.915,-4.339
OptTAR_Fixed_ligprep_20260117_0.5.maegz:569,-5.353,-3.987,-4.037,-3.886,-4.635,-4.609,-4.282,-4.466,-4.198,-4.366,-3.314,-3.968,-5.514,-3.987,-4.093,-4.401,-4.398,-4.529,-3.928,-4.473,-3.995,-3.971,-5.888,-3.898,-3.805,-3.827,-3.74,-4.453,-3.744,-3.849,-4.681,-3.573,-4.333,-5.393,-5.408,-5.16,-4.086,-4.274,-4.004,-4.028,-3.373,-4.024,-3.927,-5.899,-4.332,-3.503,-4.436,-4.961,-3.946,-5.034
OptTAR_Fixed_ligprep_20260117_0.5.maegz:570,-5.643,-4.275,-4.51,-4.023,-4.822,-4.33,-4.568,-4.8,-4.324,-4.652,-3.802,-4.465,-4.822,-4.689,-4.23,-5.075,-3.768,-5.125,-4.256,-5.104,-3.845,-5.031,-6.131,-4.847,-4.802,-5.026,-3.988,-4.868,-3.898,-4.241,-4.202,-4.723,-4.546,-5.916,-4.386,-5.277,-4.132,-5.928,-4.573,-4.171,-3.296,-4.621,-3.876,-5.249,-4.03,-4.284,-5.092,-4.604,-5.147,-5.259
OptTAR_Fixed_ligprep_20260117_0.5.maegz:571,-5.494,-3.66,-3.835,-3.782,-5.068,-4.464,-3.984,-5.036,-4.175,-4.653,-4.123,-4.247,-4.533,-3.172,-4.779,-4.103,-3.386,-4.229,-3.971,-5.068,-3.747,-4.197,-6.706,-3.493,-4.912,-4.425,-3.861,-4.287,-4.155,-4.575,-4.076,-4.556,-4.072,-6.208,-4.333,-4.959,-3.591,-4.654,-4.731,-5.085,-3.108,-4.25,-3.567,-4.692,-4.004,-4.147,-4.6,-5.018,-4.979,-4.578
OptTAR_Fixed_ligprep_20260117_0.5.maegz:572,-5.243,-3.951,-3.866,-4.711,-5.589,-4.179,-4.879,-3.409,-4.914,-4.985,-4.528,-5.207,-3.992,-4.161,-4.47,-4.428,-3.704,-4.68,-4.682,-5.075,-3.812,-4.696,-6.866,-4.078,-5.171,-5.858,-5.012,-5.432,-3.828,-4.481,-5.097,-4.311,-4.354,-5.983,-5.658,-4.466,-5.173,-4.735,-4.85,-4.451,-4.858,-4.329,-4.437,-5.762,-4.825,-3.996,-4.817,-6.358,-4.866,-4.968
OptTAR_Fixed_ligprep_20260117_0.5.maegz:573,-5.341,-4.156,-4.609,-4.13,-5.334,-4.846,-4.537,-4.44,-4.782,-5.493,-3.405,-4.583,-4.523,-3.828,-3.805,-4.676,-4.239,-5.139,-5.212,-5.536,-4.35,-4.04,-6.66,-4.64,-4.781,-5.075,-4.589,-6.639,-4.488,-4.038,-5.353,-4.31,-5.211,-6.218,-5.673,-6.293,-5.878,-4.081,-5.611,-4.221,-4.636,-4.962,-5.638,-3.936,-4.465,-3.971,-5.323,-6.159,-5.311,-6.508
OptTAR_Fixed_ligprep_20260117_0.5.maegz:574,-6.363,-5.235,-4.913,-4.671,-5.413,-5.039,-4.16,-4.4,-6.33,-6.141,-4.428,-4.449,-4.164,-3.972,-4.83,-5.693,-2.949,-5.122,-6.782,-5.526,-5.067,-5.451,-5.887,-4.155,-4.54,-5.817,-4.259,-7.59,-3.76,-5.322,-6.123,-4.683,-4.99,-6.746,-6.127,-4.198,-4.666,-3.439,-5.675,-4.609,-4.322,-4.288,-5.297,-6.026,-3.689,-4.895,-5.242,-5.711,-4.848,-4.697
OptTAR_Fixed_ligprep_20260117_0.5.maegz:575,-5.955,-4.839,-4.619,-4.421,-6.371,-5.89,-5.515,-4.344,-6.511,-5.411,-4.701,-5.435,-5.764,-4.966,-6.043,-5.21,-3.852,-5.269,-4.451,-5.978,-4.546,-5.746,-7.366,-4.692,-5.828,-5.21,-6.787,-6.248,-5.357,-5.06,-6.368,-4.943,-5.979,-6.302,-6.824,-6.378,-5.556,-5.172,-5.277,-4.807,-4.084,-5.437,-5.894,-4.844,-5.667,-5.141,-5.522,-6.918,-5.314,-4.769
OptTAR_Fixed_ligprep_20260117_0.5.maegz:576,-6.236,-4.233,-5.545,-4.656,-5.999,-6.422,-5.038,-4.567,-4.805,-4.942,-5.621,-5.224,-4.689,-4.997,-5.417,-4.976,-4.698,-6.002,-5.502,-5.078,-4.354,-4.336,-6.623,-5.213,-5.499,-5.116,-4.819,-6.434,-6.319,-5.04,-5.918,-5.452,-5.941,-7.075,-6.081,-5.151,-5.096,-5.06,-5.55,-5.434,-5.957,-5.567,-5.761,-6.194,-6.153,-4.251,-5.164,-5.364,-5.143,-5.148
OptTAR_Fixed_ligprep_20260117_0.5.maegz:577,-4.968,-1.83,-3.486,-3.689,-2.239,-4.335,-3.325,-2.227,-2.442,-3.628,-2.063,-2.657,-2.941,-1.98,-2.23,-1.089,-2.65,-3.011,-2.802,-4.59,-2.688,-1.371,-5.802,-2.258,-2.97,-2.36,-2.229,-4.738,-2.448,-2.739,-3.097,-3.045,-3.734,-3.903,-4.557,-3.862,-2.295,-2.855,-3.844,-2.197,-2.974,-3.073,-2.406,-3.658,-3.207,-2.903,-2.91,-3.959,-2.75,-3.248
OptTAR_Fixed_ligprep_20260117_0.5.maegz:578,-7.007,-4.116,-4.758,-4.394,-4.926,-5.173,-6.037,-4.894,-5.733,-4.834,-3.932,-4.616,-4.809,-4.461,-5.658,-5.106,-3.841,-6.463,-5.241,-4.98,-4.552,-4.755,-7.232,-4.222,-5.277,-4.349,-4.63,-5.995,-4.411,-4.691,-5.127,-4.324,-5.862,-6.073,-6.724,-4.505,-5.634,-3.731,-5.055,-4.62,-4.128,-5.217,-6.509,-6.73,-5.288,-4.36,-6.016,-4.737,-4.546,-5.12
OptTAR_Fixed_ligprep_20260117_0.5.maegz:579,-7.227,-4.043,-4.885,-4.587,-5.535,-5.379,-5.53,-4.902,-5.601,-3.968,-5.112,-4.755,-4.608,-4.56,-4.583,-5.269,-4.343,-3.085,-5.375,-5.506,-5.168,-5.056,-6.928,-4.474,-5.084,-5.687,-5.17,-6.581,-4.676,-4.737,-5.391,-4.572,-5.921,-6.388,-5.866,-4.346,-4.562,-4.217,-4.48,-4.366,-4.02,-6.012,-5.196,-6.542,-3.763,-3.561,-5.149,-5.064,-4.017,-4.024
OptTAR_Fixed_ligprep_20260117_0.5.maegz:580,-6.365,-5.158,-4.608,-4.704,-5.524,-5.357,-5.429,-5.165,-4.848,-5.161,-4.707,-4.355,-5.048,-5.656,-4.893,-4.822,-4.044,-5.018,-5.179,-5.416,-4.465,-5.321,-7.982,-4.298,-5.882,-5.897,-4.192,-6.206,-5.152,-4.215,-4.982,-4.98,-5.925,-5.716,-5.507,-4.761,-5.275,-5.817,-4.498,-4.618,-5.506,-4.194,-5.401,-6.128,-4.526,-4.44,-4.93,-6.169,-5.058,-5.824
OptTAR_Fixed_ligprep_20260117_0.5.maegz:581,-5.174,-4.188,-3.509,-3.574,-4.394,-3.864,-3.956,-3.065,-3.592,-4.98,-4.03,-3.543,-3.531,-2.976,-4.472,-4.126,-2.692,-3.541,-4.211,-4.303,-4.193,-4.033,-5.835,-1.556,-4.642,-4.664,-3.986,-5.344,-4.194,-3.622,-3.198,-4.276,-3.554,-4.188,-4.749,-3.721,-4.406,-4.352,-4.472,-3.218,-3.584,-4.063,-4.086,-5.787,-4.308,-3.383,-3.753,-4.88,-4.1,-3.568
OptTAR_Fixed_ligprep_20260117_0.5.maegz:582,-6.225,-3.356,-3.982,-4.325,-4.631,-4.262,-5.207,-3.487,-3.83,-4.173,-3.972,-3.936,-2.103,-4.219,-5.186,-3.895,-3.883,-3.753,-4.013,-4.869,-4.006,-4.873,-6.521,-4.027,-4.352,-2.964,-4.595,-6.156,-3.155,-4.321,-6.192,-5.198,-6.157,-5.958,-6.585,-4.78,-3.983,-3.487,-5.121,-5.381,-4.182,-5.442,-5.514,-5.184,-4.61,-4.348,-4.454,-4.937,-4.463,-5.677
OptTAR_Fixed_ligprep_20260117_0.5.maegz:583,-6.646,-3.878,-5.178,-4.901,-6.757,-6.017,-5.98,-5.467,-6.865,-5.91,-4.872,-5.28,-4.919,-5.093,-4.786,-5.025,-4.839,-5.482,-6.259,-5.653,-4.482,-5.08,-7.125,-4.369,-5.371,-6.571,-4.675,-5.958,-4.726,-4.5,-6.072,-4.907,-6.074,-7.132,-6.409,-5.661,-5.331,-5.992,-4.974,-6.613,-5.138,-6.131,-5.091,-5.508,-5.619,-5.5,-6.034,-6.165,-6.088,-5.869
OptTAR_Fixed_ligprep_20260117_0.5.maegz:584,-4.36,-4.84,-3.75,-4.234,-4.23,-4.291,-3.828,-2.535,-4.616,-3.763,-2.94,-4.274,-2.059,-3.651,-5.376,-4.598,-2.674,-4.327,-5.227,-5.548,-2.868,-4.025,-6.598,-3.598,-5.003,-5.54,-3.879,-6.012,-2.214,-3.049,-4.3,-3.563,-5.096,-5.947,-4.531,-4.618,-4.197,-4.187,-3.468,-4.128,-3.391,-3.253,-4.701,-5.304,-4.157,-3.622,-3.159,-3.4,-4.167,-4.693
OptTAR_Fixed_ligprep_20260117_0.5.maegz:585,-6.636,-5.05,-3.998,-4.925,-4.424,-5.009,-5.473,-4.523,-4.741,-5.627,-3.254,-4.61,-4.776,-3.676,-4.958,-5.572,-4.134,-3.643,-6.052,-5.46,-5.025,-3.422,-5.918,-4.301,-4.758,-4.875,-4.551,-4.821,-4.286,-4.853,-6.111,-3.171,-5.52,-5.243,-5.318,-5.496,-4.82,-4.715,-4.718,-4.819,-4.87,-4.572,-5.967,-5.8,-4.463,-4.015,-5.144,-5.169,-5.716,-5.773
OptTAR_Fixed_ligprep_20260117_0.5.maegz:586,-6.359,-4.377,-4.144,-4.799,-2.967,-4.848,-3.718,-3.926,-4.915,-5.067,-4.355,-5.158,-3.704,-3.222,-3.865,-5.068,-3.898,-3.964,-4.556,-5.428,-4.326,-4.519,-5.738,-3.127,-4.255,-5.114,-4.339,-5.969,-3.379,-3.052,-5.461,-3.614,-5.987,-6.395,-5.898,-5.578,-4.594,-4.433,-4.188,-3.813,-4.704,-4.43,-4.839,-5.705,-3.468,-4.516,-5.382,-4.631,-5.149,-5.872
OptTAR_Fixed_ligprep_20260117_0.5.maegz:587,-6.31,-3.267,-4.901,-4.161,-4.157,-3.854,-4.017,-4.093,-3.854,-4.312,-3.27,-4.554,-3.515,-3.349,-3.838,-3.749,-3.998,-5.161,-4.932,-5.078,-3.906,-4.16,-6.318,-3.858,-4.733,-4.7,-3.439,-5.543,-3.874,-4.19,-4.156,-4.502,-5.796,-5.692,-5.126,-4.404,-3.39,-4.12,-4.524,-3.708,-3.517,-4.718,-5.89,-4.606,-3.919,-4.253,-4.07,-4.57,-4.525,-6.104
OptTAR_Fixed_ligprep_20260117_0.5.maegz:588,-6.39,-2.948,-2.815,-5.634,-5.158,-4.214,-4.776,-3.1,-4.908,-4.898,-3.962,-4.652,-3.7,-3.17,-4.0,-3.906,-3.826,-5.084,-4.957,-5.05,-4.659,-4.22,-6.028,-3.5,-5.463,-4.981,-3.637,-5.908,-3.653,-4.697,-3.56,-4.666,-5.211,-5.464,-5.332,-4.407,-4.934,-3.656,-4.493,-3.179,-3.875,-4.409,-5.836,-4.83,-3.988,-3.981,-4.399,-5.606,-4.037,-5.341
OptTAR_Fixed_ligprep_20260117_0.5.maegz:589,-7.035,-4.773,-4.431,-5.428,-5.417,-4.978,-5.18,-3.579,-4.396,-4.619,-5.127,-4.621,-3.77,-3.796,-5.212,-4.536,-4.154,-5.005,-4.819,-5.051,-4.154,-4.452,-6.481,-4.337,-5.326,-6.248,-5.307,-6.263,-3.171,-5.399,-5.044,-3.125,-5.102,-4.879,-4.993,-5.043,-4.337,-4.855,-3.853,-5.586,-4.032,-4.339,-6.889,-5.497,-4.277,-4.618,-6.257,-5.945,-4.468,-4.737
OptTAR_Fixed_ligprep_20260117_0.5.maegz:590,-5.174,-4.925,-4.291,-5.481,-4.441,-4.079,-5.393,-3.912,-3.963,-4.535,-4.065,-5.333,-3.248,-4.292,-4.307,-3.849,-2.989,-4.277,-5.694,-4.516,-3.616,-4.987,-6.282,-3.668,-5.415,-4.933,-5.072,-5.328,-3.524,-4.643,-4.741,-3.343,-4.705,-5.86,-4.941,-4.281,-4.42,-6.26,-4.901,-5.122,-4.686,-3.908,-6.335,-4.713,-5.387,-3.816,-5.547,-6.036,-4.197,-6.349
OptTAR_Fixed_ligprep_20260117_0.5.maegz:591,-5.785,-4.074,-4.33,-5.45,-4.477,-4.876,-3.643,-4.449,-5.254,-5.186,-4.613,-4.781,-3.015,-3.482,-4.505,-3.984,-2.75,-5.368,-5.276,-5.229,-4.567,-4.205,-5.608,-4.251,-5.076,-3.953,-4.645,-5.712,-2.482,-4.697,-4.557,-2.828,-5.538,-4.263,-5.456,-3.641,-4.994,-4.425,-3.859,-4.555,-4.498,-4.394,-5.699,-4.124,-5.234,-4.212,-4.552,-4.902,-5.144,-4.969
OptTAR_Fixed_ligprep_20260117_0.5.maegz:592,-6.483,-3.569,-4.062,-5.093,-3.897,-5.429,-4.103,-3.825,-4.948,-4.122,-3.784,-4.071,-3.191,-3.871,-4.232,-4.134,-3.193,-3.738,-5.254,-4.532,-4.222,-4.585,-6.07,-4.222,-4.275,-5.405,-5.189,-5.392,-4.232,-4.849,-5.013,-3.415,-5.082,-6.176,-5.853,-3.266,-4.828,-4.748,-4.603,-3.899,-3.269,-4.325,-6.169,-5.475,-4.518,-3.279,-5.482,-5.045,-4.007,-5.838
OptTAR_Fixed_ligprep_20260117_0.5.maegz:593,-5.447,-5.774,-4.085,-4.751,-4.789,-4.766,-5.012,-4.538,-4.758,-5.713,-4.632,-5.079,-3.869,-3.898,-5.686,-4.289,-3.479,-5.05,-5.249,-5.562,-3.942,-4.286,-6.837,-3.514,-5.603,-5.071,-5.268,-5.582,-4.342,-4.326,-4.685,-4.091,-5.645,-6.547,-6.314,-4.308,-5.129,-4.853,-4.691,-4.416,-4.495,-5.474,-6.096,-5.564,-4.047,-4.548,-6.053,-5.407,-4.83,-6.103
OptTAR_Fixed_ligprep_20260117_0.5.maegz:594,-5.253,-4.798,-2.733,-3.477,-2.904,-3.229,-3.995,-3.267,-4.089,-3.897,-3.082,-3.701,-3.554,-3.945,-6.214,-2.208,-3.109,-4.279,-4.029,-4.499,-3.205,-5.045,-5.609,-4.709,-3.474,-4.679,-3.834,-3.557,-2.527,-3.935,-3.109,-3.336,-4.451,-5.2,-5.015,-5.114,-3.997,-4.221,-4.556,-3.136,-1.769,-2.516,-3.374,-5.081,-3.298,-4.074,-3.634,-4.523,-4.363,-4.791
OptTAR_Fixed_ligprep_20260117_0.5.maegz:595,-6.34,-4.137,-2.924,-5.375,-4.526,-4.359,-4.568,-3.85,-4.456,-4.668,-3.175,-3.644,-3.748,-4.313,-4.018,-4.736,-3.959,-3.681,-4.927,-5.108,-4.044,-3.921,-6.057,-4.343,-3.282,-6.082,-4.776,-6.556,-3.156,-4.017,-3.669,-4.121,-3.188,-5.293,-5.522,-3.678,-4.78,-3.133,-3.668,-4.827,-3.011,-3.879,-5.674,-4.323,-2.811,-3.047,-4.856,-4.606,-4.811,-4.315
OptTAR_Fixed_ligprep_20260117_0.5.maegz:596,-6.466,-4.216,-3.827,-4.961,-4.333,-5.604,-4.666,-3.201,-4.685,-4.203,-3.297,-3.888,-3.894,-3.567,-4.448,-3.908,-3.929,-4.112,-6.131,-5.84,-4.167,-3.587,-6.541,-3.764,-5.471,-6.205,-4.233,-5.831,-4.181,-3.98,-4.141,-3.414,-5.315,-5.008,-5.665,-4.496,-4.068,-3.556,-3.391,-3.498,-2.91,-4.919,-6.123,-3.86,-4.356,-3.607,-4.562,-4.965,-5.037,-4.887
OptTAR_Fixed_ligprep_20260117_0.5.maegz:597,-5.36,-4.747,-3.458,-5.051,-4.532,-5.332,-5.155,-3.793,-4.048,-4.394,-3.58,-5.313,-3.736,-4.406,-4.906,-3.615,-3.317,-5.163,-5.373,-5.238,-4.362,-4.516,-5.509,-3.618,-5.189,-5.0,-5.244,-6.022,-4.423,-4.907,-4.231,-4.468,-6.434,-5.8,-5.679,-3.913,-3.866,-5.451,-5.09,-4.504,-4.556,-4.703,-5.35,-5.551,-3.392,-4.414,-5.703,-5.338,-4.826,-4.897
OptTAR_Fixed_ligprep_20260117_0.5.maegz:598,-6.966,-4.535,-3.809,-4.899,-4.369,-5.355,-4.088,-4.13,-5.774,-4.454,-3.888,-4.692,-3.52,-3.403,-5.097,-3.986,-3.245,-4.305,-5.806,-4.982,-4.595,-5.693,-6.683,-4.354,-4.514,-5.397,-5.017,-6.384,-4.257,-4.982,-5.302,-4.551,-6.657,-6.696,-6.001,-4.506,-4.025,-4.523,-4.649,-4.389,-4.002,-4.603,-6.229,-5.508,-3.974,-4.303,-5.271,-5.589,-3.967,-5.764
OptTAR_Fixed_ligprep_20260117_0.5.maegz:599,-7.126,-4.574,-3.524,-3.223,-4.985,-5.124,-4.275,-3.62,-4.8,-4.248,-4.345,-3.837,-3.642,-4.035,-4.323,-3.054,-3.67,-4.751,-4.322,-4.137,-4.431,-3.882,-6.409,-4.592,-4.575,-5.954,-4.054,-6.315,-3.986,-4.14,-5.062,-4.113,-4.897,-7.24,-6.886,-4.675,-5.737,-5.301,-4.09,-3.722,-3.983,-4.242,-6.432,-5.68,-4.625,-4.852,-5.378,-6.09,-3.964,-5.255
OptTAR_Fixed_ligprep_20260117_0.5.maegz:600,-6.275,-3.488,-3.552,-4.571,-4.712,-4.781,-3.996,-4.37,-4.15,-5.044,-4.554,-4.773,-2.832,-5.276,-3.758,-3.595,-3.572,-4.98,-5.235,-6.388,-4.897,-4.719,-6.22,-4.547,-4.663,-5.852,-5.513,-5.834,-3.671,-4.239,-5.58,-4.756,-5.809,-5.622,-6.437,-5.342,-5.613,-5.037,-4.945,-4.127,-3.851,-4.709,-5.231,-5.347,-4.148,-4.685,-5.914,-4.835,-5.725,-6.458
OptTAR_Fixed_ligprep_20260117_0.5.maegz:601,-5.13,-3.649,-4.086,-4.251,-3.544,-4.753,-4.278,-3.421,-3.627,-3.823,-3.802,-3.232,-2.91,-5.043,-3.21,-3.727,-3.642,-3.318,-4.553,-4.748,-3.874,-3.934,-5.756,-4.604,-3.898,-4.543,-3.873,-4.541,-3.174,-4.02,-3.725,-4.318,-4.907,-4.673,-5.849,-4.311,-4.717,-3.318,-3.524,-4.032,-3.337,-4.555,-5.528,-4.282,-4.002,-3.462,-4.361,-4.653,-3.778,-4.748
OptTAR_Fixed_ligprep_20260117_0.5.maegz:602,-6.484,-4.787,-3.678,-3.99,-3.511,-4.761,-4.301,-4.264,-3.971,-2.776,-2.747,-3.916,-3.324,-4.588,-4.257,-3.71,-3.371,-3.733,-4.439,-4.688,-3.471,-4.514,-5.456,-2.937,-4.921,-5.319,-5.017,-5.404,-2.361,-4.166,-4.657,-3.827,-4.716,-5.83,-4.913,-4.024,-4.212,-3.889,-3.638,-3.759,-3.486,-4.715,-6.033,-5.641,-4.375,-3.265,-4.553,-5.346,-4.469,-6.798
OptTAR_Fixed_ligprep_20260117_0.5.maegz:603,-6.221,-4.215,-5.337,-3.842,-4.806,-3.85,-5.334,-3.886,-3.96,-4.281,-3.788,-4.545,-3.41,-4.824,-5.377,-5.56,-3.991,-3.502,-4.761,-5.924,-3.774,-6.267,-5.629,-3.694,-4.583,-6.165,-5.373,-6.393,-2.986,-5.147,-5.996,-4.45,-5.471,-5.87,-5.4,-4.257,-5.92,-3.942,-3.851,-5.357,-5.028,-4.149,-4.817,-5.042,-5.913,-4.619,-5.391,-6.383,-5.293,-5.134
OptTAR_Fixed_ligprep_20260117_0.5.maegz:604,-6.001,-3.758,-5.25,-4.872,-4.879,-5.423,-5.096,-3.913,-4.975,-4.777,-4.388,-5.094,-4.418,-4.266,-4.89,-4.498,-3.618,-4.655,-5.889,-5.064,-3.986,-4.468,-7.621,-4.508,-5.225,-5.017,-4.668,-5.752,-3.697,-4.858,-4.927,-4.902,-4.939,-5.971,-5.614,-6.501,-5.519,-5.124,-4.593,-4.851,-4.582,-4.625,-5.198,-5.808,-4.791,-4.275,-5.094,-5.264,-5.426,-5.012
OptTAR_Fixed_ligprep_20260117_0.5.maegz:605,-4.355,-4.64,-3.821,-3.392,-5.434,-5.32,-4.79,-4.007,-3.837,-3.926,-3.817,-2.898,-3.46,-3.299,-3.505,-5.163,-3.328,-3.131,-4.926,-3.879,-3.436,-5.339,-6.032,-2.718,-4.692,-3.818,-4.703,-5.532,-3.253,-4.2,-5.167,-3.28,-4.676,-6.484,-5.4,-3.081,-4.478,-4.576,-4.746,-4.069,-4.413,-3.776,-3.807,-5.533,-4.498,-4.064,-5.902,-6.116,-1.479,-1.71
OptTAR_Fixed_ligprep_20260117_0.5.maegz:606,-5.725,-4.62,-3.827,-3.861,-5.525,-3.655,-4.496,-3.314,-4.365,-5.577,-4.484,-4.408,-4.882,-4.224,-4.376,-4.576,-3.086,-4.342,-4.698,-5.05,-3.65,-4.798,-6.297,-4.197,-4.67,-5.439,-3.69,-5.95,-5.47,-5.684,-4.079,-4.28,-4.739,-5.086,-5.66,-5.178,-5.031,-2.497,-4.111,-4.814,-5.055,-4.651,-5.169,-6.356,-3.726,-4.432,-5.218,-3.631,-4.861,-5.153
OptTAR_Fixed_ligprep_20260117_0.5.maegz:607,-7.493,-4.203,-5.512,-5.01,-6.068,-5.509,-6.076,-5.069,-7.426,-6.289,-5.328,-5.311,-5.342,-5.416,-5.657,-4.991,-6.325,-6.118,-6.225,-6.441,-6.156,-5.377,-8.024,-4.9,-6.036,-6.008,-5.995,-6.835,-4.903,-5.08,-7.147,-6.247,-6.8,-6.399,-6.597,-5.215,-6.066,-5.478,-6.532,-5.834,-5.822,-6.245,-4.757,-7.332,-5.794,-5.107,-7.404,-6.906,-6.599,-6.605
OptTAR_Fixed_ligprep_20260117_0.5.maegz:608,-6.997,-6.069,-4.973,-5.413,-5.492,-5.829,-5.547,-4.846,-5.986,-5.919,-4.81,-4.821,-4.902,-5.255,-4.975,-4.791,-4.841,-5.352,-5.847,-6.976,-4.834,-5.265,-7.79,-4.149,-5.354,-5.532,-5.729,-6.266,-5.501,-5.175,-6.757,-5.059,-5.583,-7.084,-6.529,-6.131,-5.607,-4.289,-5.803,-5.24,-4.587,-4.91,-5.715,-6.714,-5.626,-4.721,-6.203,-5.428,-5.63,-6.135
OptTAR_Fixed_ligprep_20260117_0.5.maegz:609,-7.586,-5.758,-5.306,-5.635,-6.39,-6.889,-5.609,-5.689,-5.607,-5.805,-5.052,-5.203,-5.423,-4.935,-5.38,-5.998,-5.469,-5.942,-6.369,-5.485,-5.113,-5.508,-6.523,-5.53,-6.192,-6.346,-5.417,-6.676,-5.96,-5.674,-6.97,-5.621,-6.736,-6.017,-7.301,-6.344,-5.766,-6.121,-6.029,-5.355,-4.746,-5.353,-5.635,-6.57,-5.573,-5.128,-5.668,-5.701,-5.373,-6.626
SAM001246616,-5.717,-4.164,-5.047,-4.567,-4.686,-6.19,-5.567,-4.112,-5.222,-5.023,-4.021,-4.802,-3.936,-4.204,-4.596,-5.656,-3.302,-4.697,-6.105,-5.224,-4.151,-3.536,-5.017,-4.563,-4.529,-6.56,-4.408,-5.986,-2.489,-5.196,-4.272,-3.608,-5.116,-6.115,-5.147,-4.248,-3.375,-4.51,-4.637,-4.047,-2.914,-4.233,-5.257,-5.643,-3.96,-3.613,-4.178,-4.022,-4.656,-5.393
OptTAR_Fixed_ligprep_20260117_0.5.maegz:611,-5.534,-4.427,-4.052,-4.343,-4.44,-5.062,-4.237,-3.377,-4.042,-4.44,-4.907,-4.286,-4.554,-4.397,-4.349,-4.291,-3.633,-3.829,-4.669,-3.852,-3.882,-4.468,-5.87,-3.934,-4.606,-4.303,-4.194,-5.003,-4.482,-4.381,-4.803,-3.792,-6.023,-5.294,-4.803,-5.0,-4.481,-5.353,-4.482,-4.089,-3.964,-3.918,-4.576,-5.706,-4.505,-3.879,-4.049,-4.381,-4.672,-4.287
OptTAR_Fixed_ligprep_20260117_0.5.maegz:612,-6.851,-4.566,-3.93,-4.009,-4.409,-4.509,-4.25,-3.884,-4.885,-5.284,-3.927,-4.117,-3.992,-3.262,-4.404,-4.081,-3.429,-3.781,-4.359,-5.442,-3.113,-4.017,-6.354,-3.327,-4.386,-4.342,-5.162,-5.426,-3.601,-4.029,-4.366,-3.81,-5.202,-6.116,-5.145,-5.603,-3.844,-4.559,-4.341,-5.541,-4.89,-4.254,-5.301,-5.474,-4.427,-3.69,-4.862,-5.347,-6.34,-6.309
SAM001247105,-6.073,-5.308,-4.631,-4.399,-5.364,-5.162,-5.302,-3.954,-4.304,-5.886,-4.329,-4.257,-3.685,-3.793,-4.445,-3.366,-3.755,-4.686,-5.197,-4.302,-4.332,-4.899,-6.65,-4.103,-4.32,-5.339,-4.066,-6.147,-4.845,-4.048,-5.796,-4.872,-5.553,-5.266,-4.814,-4.374,-4.654,-3.903,-5.593,-4.976,-4.206,-4.421,-5.074,-5.793,-5.257,-4.006,-5.046,-4.666,-5.417,-5.656
147340,-6.37,-4.509,-4.464,-4.982,-4.718,-4.534,-5.273,-5.708,-5.779,-5.019,-4.907,-4.347,-3.767,-5.073,-4.805,-5.516,-3.9,-5.069,-4.845,-5.309,-4.543,-5.32,-6.843,-4.433,-4.966,-4.532,-5.288,-5.536,-4.777,-5.376,-5.572,-5.115,-5.375,-5.837,-4.903,-4.474,-5.431,-4.511,-4.567,-5.386,-4.666,-5.497,-5.589,-5.636,-5.216,-4.549,-5.853,-6.231,-5.123,-5.412
344036.cdx,-5.903,-4.137,-4.574,-5.546,-5.674,-5.387,-5.709,-4.936,-5.133,-4.721,-4.318,-4.301,-4.443,-4.382,-4.568,-4.819,-4.114,-5.056,-5.34,-5.169,-4.223,-4.891,-7.052,-4.832,-5.267,-6.486,-5.127,-6.429,-4.091,-4.247,-5.604,-4.813,-5.481,-6.607,-5.97,-5.448,-5.057,-6.316,-4.741,-5.713,-4.749,-5.251,-5.031,-5.703,-4.765,-4.378,-5.569,-6.618,-5.606,-5.216
OptTAR_Fixed_ligprep_20260117_0.5.maegz:616,-7.089,-5.765,-4.63,-4.845,-6.324,-5.473,-5.083,-4.938,-5.977,-5.481,-4.535,-5.868,-6.061,-4.715,-6.083,-4.728,-4.837,-5.37,-5.66,-5.91,-5.468,-4.864,-7.407,-4.226,-5.638,-6.552,-5.502,-5.49,-4.983,-5.257,-5.799,-4.313,-5.754,-5.857,-5.84,-6.546,-5.759,-4.345,-6.263,-5.202,-4.109,-5.384,-5.029,-6.703,-6.354,-4.846,-4.875,-6.687,-5.924,-6.212
OptTAR_Fixed_ligprep_20260117_0.5.maegz:617,-6.601,-4.953,-5.43,-5.553,-5.767,-6.158,-5.989,-5.124,-5.097,-6.197,-5.329,-5.073,-5.012,-4.81,-5.893,-5.279,-5.223,-5.773,-5.831,-5.867,-4.84,-5.336,-7.394,-5.392,-6.429,-6.189,-5.215,-6.056,-5.807,-5.093,-5.737,-5.77,-5.817,-6.09,-6.262,-5.45,-5.764,-5.314,-5.596,-6.655,-5.681,-5.496,-5.769,-6.057,-6.092,-4.95,-5.183,-5.449,-5.667,-5.525
OptTAR_Fixed_ligprep_20260117_0.5.maegz:618,-7.047,-4.814,-4.725,-5.707,-4.853,-6.08,-4.596,-4.701,-5.769,-4.354,-5.064,-5.701,-4.457,-5.403,-5.588,-4.942,-4.3,-5.58,-4.426,-4.398,-4.259,-2.917,-4.324,-5.021,-5.24,-4.329,-4.949,-6.219,-4.297,-5.308,-5.847,-5.429,-5.118,-6.349,-4.989,-5.186,-5.482,-4.992,-5.203,-4.333,-3.991,-4.3,-4.504,-5.494,-4.347,-4.819,-5.341,-6.068,-3.93,-4.818
13172.cdx,-5.909,-3.488,-4.338,-3.645,-5.151,-4.502,-4.25,-3.81,-5.779,-5.228,-4.264,-4.203,-3.432,-4.117,-4.414,-4.217,-3.345,-4.487,-3.193,-5.174,-2.631,-4.695,-6.652,-3.69,-4.728,-4.733,-5.091,-4.263,-4.117,-4.062,-4.465,-4.377,-4.004,-5.559,-3.368,-3.753,-4.791,-5.653,-4.74,-3.988,-4.742,-4.636,-4.903,-6.064,-4.498,-4.849,-5.441,-4.957,-4.828,-5.493
11926,-7.085,,-4.171,-4.88,-4.947,-5.591,-3.997,-3.835,-5.48,-4.622,-4.175,-4.062,-3.712,-3.336,-4.526,-3.649,-3.752,-4.495,-4.604,-4.628,-4.317,-4.32,-6.647,-3.788,-4.347,-5.743,-3.939,-4.843,-4.553,-4.466,-4.424,-3.428,-4.539,-5.243,-4.38,-5.18,-4.963,-4.25,-4.389,-4.334,-4.144,-3.886,-5.133,-5.905,-4.059,-3.977,-4.955,-5.159,-4.396,-4.608
PTERIN-6-CARBOXYLIC ACID,-6.024,-4.916,-4.542,-5.103,-5.252,-5.175,-4.962,-5.095,-5.194,-4.734,-5.439,-4.919,-4.655,-4.586,-5.452,-4.772,-4.592,-5.493,-5.252,-5.144,-5.071,-5.27,-6.111,-4.502,-5.491,-5.218,-4.926,-5.426,-3.891,-4.849,-5.977,-5.178,-4.704,-5.808,-5.726,-5.306,-5.578,-6.057,-5.822,-5.075,-4.234,-5.169,-5.495,-5.59,-4.796,-4.732,-6.166,-5.688,-5.127,-5.608
STROPHANTHIDIN SEMICARBAZIDE,-7.319,-5.627,-4.887,-5.505,-5.276,-4.836,-5.644,-5.454,-5.493,-5.581,-5.624,-4.138,-5.012,-5.006,-6.511,-5.453,-4.266,-6.525,-6.231,-7.906,-5.087,-4.909,-7.118,-4.849,-5.961,-5.526,-6.266,-5.875,-4.632,-5.586,-7.156,-6.251,-6.353,-7.624,-6.962,-5.157,-5.235,-5.426,-4.91,-4.574,-4.476,-6.353,-6.217,-5.627,-5.721,-5.2,-5.418,-5.35,-6.296,-7.29
BETAMETHASONE,-5.807,-4.673,-3.39,-4.575,-5.211,-4.827,-5.02,-3.453,-5.408,-4.201,-3.122,-3.697,-3.791,-3.783,-5.26,-5.297,-2.284,-5.543,-4.853,-4.835,-3.955,-3.491,-5.869,-3.408,-4.382,-5.82,-4.942,-6.311,-4.311,-4.61,-5.45,-4.55,-5.443,-4.768,-5.552,-5.707,-3.193,-4.482,-5.953,-4.799,-2.914,-5.467,-5.348,-5.227,-3.547,-4.697,-3.403,-4.177,-5.192,-6.003
METAPROTERENOL,-7.271,-6.098,-5.956,-4.809,-7.124,-5.384,-5.759,-4.921,-6.104,-5.914,-5.542,-5.822,-5.034,-5.425,-6.242,-6.025,-4.815,-5.927,-5.791,-6.297,-5.998,-5.477,-7.245,-5.546,-6.195,-6.722,-5.246,-5.108,-4.678,-5.567,-6.874,-5.637,-6.507,-6.364,-6.455,-6.389,-7.403,-5.445,-6.479,-5.446,-5.098,-6.636,-5.905,-6.499,-5.842,-5.201,-6.207,-5.898,-7.218,-7.928
CHLOROTHIAZIDE,-5.166,-4.138,-4.355,-4.236,-4.128,-4.211,-2.867,-3.575,-2.582,-3.052,-3.169,-3.284,-4.28,-3.698,-3.658,-3.893,-3.229,-2.509,-2.831,-3.816,-3.122,-3.523,-6.4,-3.705,-3.888,-1.938,-1.936,-4.795,-3.425,-3.227,-3.321,-3.233,-4.325,-4.621,-4.586,-3.399,-4.845,-4.065,-4.139,-1.359,-2.35,-4.076,-4.275,-5.63,-3.682,-2.477,-5.186,-3.505,-3.124,-3.888
SULFADIMETHOXINE,-5.076,-2.568,-2.562,-3.755,-4.018,-4.468,-4.16,-3.475,-3.453,-5.013,-3.201,-5.173,-4.531,-3.854,-3.93,-6.303,-2.394,-3.293,-4.007,-4.451,-3.238,-3.679,-5.62,-3.109,-4.937,-5.428,-4.023,-3.933,-3.257,-5.167,-3.404,-3.102,-6.646,-3.953,-6.277,-3.671,-4.191,-4.569,-3.831,-3.13,-3.729,-3.647,-5.347,-6.089,-3.633,-4.345,-2.648,-4.092,-5.016,-6.159
SULFAMETHOXYPYRIDAZINE,-5.418,-4.521,-4.319,-5.276,-5.108,-5.703,-5.48,-4.817,-4.585,-5.86,-4.503,-4.94,-4.787,-4.936,-5.174,-4.476,-4.492,-4.56,-4.963,-5.717,-4.147,-5.051,-6.868,-4.393,-5.509,-4.633,-4.145,-6.173,-4.767,-5.226,-5.046,-4.696,-5.731,-6.061,-5.671,-5.181,-5.395,-4.5,-5.221,-5.013,-4.847,-4.807,-5.324,-5.577,-5.254,-4.28,-5.087,-6.305,-5.286,-5.219
ALTHIAZIDE,-5.35,-4.731,-4.624,-2.597,-4.417,-5.094,-2.654,-2.139,-5.26,-4.922,-4.379,-4.395,-3.887,-4.002,-4.022,-3.569,-4.046,-5.453,-4.906,-4.408,-4.218,-4.912,-5.664,-4.088,-3.928,-4.545,-3.673,-4.91,-4.143,-4.163,-4.157,-4.347,-4.028,-6.959,-5.237,-2.822,-4.99,-4.332,-5.974,-3.374,-4.753,-5.489,-5.554,-5.326,-5.294,-3.691,-4.724,-4.982,-4.983,-5.516
OptTAR_Fixed_ligprep_20260117_0.5.maegz:629,-6.48,-4.914,-5.74,-5.545,-5.902,-7.73,-6.722,-6.133,-6.012,-6.451,-5.738,-5.101,-4.406,-5.188,-5.968,-6.083,-5.282,-6.094,-6.225,-5.925,-6.382,-6.165,-7.492,-5.898,-5.869,-5.91,-6.533,-7.207,-5.612,-6.139,-5.242,-6.66,-7.339,-7.566,-7.396,-6.223,-6.429,-5.775,-5.353,-6.532,-6.355,-6.555,-7.129,-7.617,-6.524,-5.357,-6.423,-7.129,-7.215,-6.348
OptTAR_Fixed_ligprep_20260117_0.5.maegz:630,-5.014,-2.629,-3.936,-3.61,-3.919,-4.587,-4.296,-3.659,-3.742,-5.055,-4.354,-3.914,-3.699,-3.553,-3.992,-4.04,-2.866,-4.889,-3.909,-4.148,-3.678,-4.621,-6.399,-4.282,-3.94,-3.725,-4.566,-5.62,-4.719,-4.624,-5.078,-4.282,-4.664,-5.235,-6.002,-4.806,-4.566,-3.52,-3.764,-4.504,-4.228,-5.05,-4.749,-4.92,-5.003,-3.614,-5.203,-4.758,-5.648,-4.929
PERICIAZINE,-8.305,-6.217,-5.731,-5.99,-5.25,-5.762,-6.405,-5.561,-6.361,-6.271,-5.43,-5.499,-4.917,-5.491,-5.995,-5.693,-5.43,-5.931,-5.924,-5.173,-5.673,-5.764,-7.601,-5.344,-5.971,-6.658,-6.353,-6.833,-4.997,-5.943,-6.299,-5.549,-6.988,-7.062,-7.169,-5.567,-5.764,-5.53,-5.887,-5.737,-5.048,-6.029,-6.0,-6.367,-6.231,-5.942,-6.889,-6.611,-5.788,-7.096
OptTAR_Fixed_ligprep_20260117_0.5.maegz:632,-6.748,-5.828,-6.127,-5.313,-5.931,-5.566,-6.527,-5.13,-5.867,-5.995,-6.695,-6.187,-5.269,-5.644,-6.336,-6.334,-4.905,-6.1,-6.097,-6.444,-6.653,-6.993,-6.973,-5.617,-5.796,-6.339,-5.944,-5.931,-5.918,-5.252,-7.032,-4.959,-6.413,-5.937,-5.692,-6.191,-6.743,-4.833,-6.643,-5.991,-6.083,-5.182,-5.124,-6.683,-5.963,-5.502,-6.66,-6.268,-7.374,-7.418
HALOPERIDOL,-7.212,-5.073,-4.991,-5.957,-6.125,-6.027,-6.026,-5.753,-5.583,-5.841,-5.234,-5.206,-5.435,-5.459,-6.008,-4.785,-5.283,-6.121,-7.127,-6.443,-5.673,-5.809,-8.339,-5.555,-5.928,-7.278,-5.977,-6.355,-4.963,-5.627,-6.084,-5.308,-6.66,-6.726,-7.032,-7.697,-5.135,-4.98,-5.276,-5.055,-4.599,-6.444,-6.009,-6.551,-6.155,-4.908,-6.049,-6.322,-5.33,-7.142
PREDNISOLONE ACETATE,-7.082,-6.025,-4.869,-5.257,-5.342,-5.373,-5.864,-5.031,-6.162,-5.855,-4.676,-4.922,-5.198,-4.845,-5.361,-6.281,-4.767,-4.307,-6.196,-4.882,-4.724,-4.705,-7.524,-5.268,-5.743,-6.641,-5.423,-6.066,-4.823,-5.033,-5.948,-4.665,-5.177,-7.318,-7.176,-6.2,-6.392,-4.946,-5.65,-4.73,-4.272,-5.323,-4.272,-5.478,-5.535,-5.024,-5.171,-5.63,-5.391,-6.832
SULFAMERAZINE,-5.36,-4.908,-4.604,-4.857,-4.995,-4.445,-4.828,-4.567,-4.454,-4.962,-3.977,-5.315,-4.437,-4.939,-4.669,-4.675,-4.221,-4.775,-5.183,-5.756,-4.348,-4.287,-6.946,-4.972,-4.733,-5.241,-5.011,-5.23,-4.858,-4.586,-4.85,-4.528,-4.857,-5.49,-5.523,-5.189,-5.084,-5.03,-4.615,-4.507,-4.305,-4.991,-4.712,-5.073,-5.116,-4.853,-5.01,-5.037,-5.118,-5.256
SULFAMETHIZOLE,-5.147,-3.415,-3.823,-3.791,-3.887,-4.751,-4.619,-3.671,-3.516,-5.087,-3.845,-3.494,-3.88,-3.537,-4.231,-3.937,-3.675,-4.472,-4.822,-4.832,-3.42,-4.226,-5.959,-3.892,-4.213,-4.582,-3.99,-4.812,-3.451,-3.754,-4.31,-4.429,-4.718,-5.487,-5.236,-5.231,-3.999,-3.816,-4.604,-3.836,-4.044,-4.254,-4.418,-4.976,-4.305,-3.682,-4.239,-4.627,-4.35,-4.179
OptTAR_Fixed_ligprep_20260117_0.5.maegz:637,-7.008,-5.916,-5.65,-5.723,-6.724,-5.716,-5.914,-5.212,-6.26,-6.457,-5.567,-5.908,-6.333,-5.879,-5.342,-5.675,-4.733,-6.765,-5.807,-5.828,-5.894,-5.647,-7.405,-5.381,-6.051,-6.951,-5.844,-6.766,-5.086,-5.423,-5.678,-5.739,-6.132,-6.812,-6.501,-6.777,-7.326,-5.364,-6.015,-5.565,-5.352,-5.747,-6.107,-6.343,-6.411,-5.282,-6.263,-6.533,-6.993,-6.352
BENDROFUMETHIAZIDE,-5.75,-4.155,-3.948,-3.835,-2.484,-5.495,-3.699,-4.198,-5.96,-4.478,-3.83,-4.708,-4.864,-3.29,-4.235,-4.314,-3.333,-4.728,-4.025,-4.079,-4.072,-3.82,-6.412,-4.064,-4.362,-3.792,-4.514,-4.29,-2.73,-5.151,-4.774,-4.102,-4.935,-4.984,-5.285,-6.261,-4.944,-5.181,-4.881,-3.771,-3.112,-5.338,-6.019,-4.742,-3.937,-4.293,-4.718,-5.568,-3.787,-5.454
SULFACHLORPYRIDAZINE,-4.986,-4.467,-3.099,-4.066,-4.115,-4.272,-4.775,-4.312,-3.553,-4.987,-3.8,-3.886,-4.497,-4.028,-3.97,-3.906,-4.7,-4.174,-4.385,-5.128,-3.275,-4.079,-6.071,-3.665,-4.427,-4.308,-3.67,-4.792,-4.166,-4.682,-5.204,-4.336,-4.846,-5.76,-5.271,-5.319,-4.587,-3.979,-4.551,-4.333,-4.277,-4.139,-4.745,-4.968,-4.592,-3.657,-5.567,-5.167,-4.407,-5.067
TRIAMCINOLONE,-7.148,-5.074,-4.608,-4.872,-5.417,-4.621,-5.12,-4.649,-5.188,-5.258,-4.936,-4.589,-4.419,-4.863,-5.599,-6.759,-4.541,-5.726,-4.973,-5.55,-3.931,-5.423,-6.8,-4.511,-5.111,-6.218,-5.173,-6.513,-4.793,-4.131,-5.637,-3.959,-5.257,-6.661,-5.794,-5.937,-4.93,-4.982,-4.968,-5.092,-4.446,-4.809,-4.929,-5.344,-5.042,-5.226,-5.432,-5.045,-4.195,-5.875
OptTAR_Fixed_ligprep_20260117_0.5.maegz:641,-6.298,-5.299,-4.708,-4.979,-4.562,-6.296,-5.177,-4.908,-4.92,-5.428,-4.857,-5.764,-5.605,-4.498,-5.021,-5.321,-4.776,-5.016,-4.719,-5.118,-5.657,-4.327,-6.161,-4.763,-5.691,-5.549,-5.661,-6.145,-4.15,-4.851,-6.132,-4.539,-6.569,-5.989,-5.989,-5.433,-5.135,-6.324,-5.522,-5.316,-4.63,-5.49,-6.371,-6.947,-5.137,-4.643,-5.733,-5.749,-6.202,-5.347
OptTAR_Fixed_ligprep_20260117_0.5.maegz:642,-7.686,-5.817,-4.934,-6.079,-5.63,-5.603,-5.976,-6.029,-5.706,-5.834,-5.071,-5.382,-4.509,-4.921,-5.478,-5.778,-5.344,-6.174,-6.315,-5.678,-5.057,-5.461,-6.957,-5.69,-6.507,-6.176,-5.295,-6.317,-4.865,-5.262,-6.787,-5.558,-5.847,-6.342,-7.412,-5.767,-5.005,-5.448,-5.067,-5.704,-4.832,-5.324,-5.511,-6.832,-5.308,-5.197,-5.103,-5.743,-5.316,-6.216
OptTAR_Fixed_ligprep_20260117_0.5.maegz:643,-7.79,-5.991,-6.26,-5.524,-6.529,-6.485,-6.734,-5.575,-6.934,-6.68,-6.254,-6.415,-5.82,-5.728,-6.302,-6.297,-6.277,-6.578,-7.143,-6.932,-6.197,-7.112,-7.701,-5.873,-6.326,-7.261,-7.06,-5.963,-5.588,-6.054,-6.658,-6.116,-7.329,-7.022,-6.949,-6.562,-6.525,-6.67,-6.891,-5.565,-6.574,-6.392,-6.707,-7.236,-6.772,-5.908,-7.089,-7.107,-8.166,-8.175
HYCANTHONE,-8.067,-4.616,-5.194,-5.395,-5.212,-5.777,-5.771,-5.253,-5.156,-6.327,-4.319,-5.5,-5.02,-4.417,-5.224,-4.874,-4.977,-5.815,-5.665,-5.737,-5.313,-6.681,-7.486,-4.935,-6.132,-5.726,-6.091,-6.08,-4.713,-5.722,-6.091,-5.21,-6.32,-5.571,-6.256,-5.079,-5.452,-5.21,-5.108,-5.817,-5.121,-6.017,-5.865,-6.61,-5.784,-5.273,-5.479,-6.383,-5.45,-5.655
MEGESTROL ACETATE,-4.734,-3.358,-3.819,-2.582,-3.384,-4.074,-4.654,-3.199,-3.292,-4.112,-4.249,-3.386,-2.062,-3.689,-2.27,-4.84,-2.994,-3.717,-3.613,-0.5926,-4.14,-3.068,-5.748,-4.486,-4.237,-3.256,-4.158,-4.281,-0.3249,-4.415,-4.286,-3.333,-4.644,-3.612,-5.558,-4.498,-4.349,-3.24,-3.021,-3.223,-3.549,-4.141,-3.781,-3.683,-4.314,-3.255,-3.938,-4.216,-3.909,-4.32
OptTAR_Fixed_ligprep_20260117_0.5.maegz:646,-7.166,-5.423,-5.368,-5.752,-6.293,-5.531,-5.701,-4.994,-5.515,-6.128,-5.81,-5.704,-5.752,-6.1,-5.555,-5.925,-5.23,-5.839,-4.809,-6.077,-5.632,-6.174,-7.501,-4.477,-5.346,-6.191,-5.95,-5.671,-5.211,-5.541,-6.264,-5.047,-6.698,-7.097,-6.026,-5.413,-7.002,-5.583,-6.158,-5.854,-5.118,-5.731,-5.178,-6.442,-5.768,-5.554,-6.993,-6.704,-7.257,-6.888
LEVONORDEFRIN,-7.79,-5.991,-6.26,-5.524,-6.529,-6.485,-6.734,-5.575,-6.934,-6.68,-6.254,-6.415,-5.82,-5.728,-6.302,-6.297,-6.277,-6.578,-7.143,-6.932,-6.197,-7.112,-7.701,-5.873,-6.326,-7.261,-7.06,-5.963,-5.588,-6.054,-6.658,-6.116,-7.329,-7.022,-6.949,-6.562,-6.525,-6.67,-6.891,-5.565,-6.574,-6.392,-6.707,-7.236,-6.772,-5.908,-7.089,-7.107,-8.166,-8.175
DEXAMETHASONE ACETATE,-6.788,-5.627,-4.89,-4.564,-5.585,-4.74,-5.036,-4.77,-5.672,-5.03,-4.588,-4.423,-4.854,-4.831,-5.157,-5.431,-4.119,-5.454,-5.865,-4.85,-5.546,-5.392,-7.241,-5.268,-5.735,-6.729,-5.9,-7.088,-4.782,-4.622,-4.838,-4.97,-5.573,-6.131,-5.632,-5.865,-5.296,-5.468,-5.039,-4.393,-4.111,-5.238,-4.264,-5.393,-5.388,-4.802,-5.379,-5.178,-4.904,-6.525
OptTAR_Fixed_ligprep_20260117_0.5.maegz:649,-4.02,-3.472,-3.777,-4.083,-4.907,-4.682,-4.239,-3.716,-4.125,-4.395,-4.917,-3.896,-3.179,-3.26,-3.81,-3.162,-3.224,-3.614,-4.146,-4.626,-3.838,-4.085,-5.561,-3.837,-4.3,-4.162,-3.889,-5.183,-3.607,-4.213,-4.036,-2.938,-5.136,-3.385,-4.852,-4.901,-4.313,-4.111,-3.36,-3.718,-3.714,-4.044,-5.171,-5.392,-3.91,-3.963,-3.736,-4.786,-3.37,-3.93
OptTAR_Fixed_ligprep_20260117_0.5.maegz:650,-7.911,-4.97,-5.116,-4.943,-5.551,-5.964,-4.937,-4.287,-5.312,-5.669,-4.344,-4.408,-4.178,-4.263,-4.666,-5.127,-3.995,-4.783,-4.42,-5.313,-5.031,-4.509,-6.872,-3.829,-5.276,-5.572,-5.355,-6.779,-4.771,-5.078,-6.152,-4.72,-5.601,-5.621,-5.78,-5.069,-6.193,-4.402,-4.777,-4.988,-4.012,-5.21,-4.43,-6.829,-4.525,-4.239,-5.196,-4.861,-5.437,-5.392
THIAMPHENICOL,-6.367,-5.192,-4.241,-4.348,-5.252,-4.946,-4.466,-4.322,-5.185,-5.002,-6.231,-3.877,-4.303,-4.306,-4.845,-4.721,-4.368,-5.081,-5.022,-5.217,-4.383,-5.479,-7.373,-4.038,-4.834,-4.939,-6.389,-6.343,-4.339,-5.066,-6.519,-4.433,-5.399,-6.142,-6.404,-6.148,-5.621,-4.63,-5.967,-4.597,-4.715,-4.195,-4.802,-5.139,-5.883,-4.473,-5.628,-4.52,-5.977,-6.077
OptTAR_Fixed_ligprep_20260117_0.5.maegz:88,,,-4.06,,-4.611,0.17,,,-3.549,-2.89,,,-4.436,,-1.719,,,-3.902,,-4.279,-4.232,,-5.854,-3.526,-4.247,,-4.482,-5.31,-3.59,-3.832,-5.945,,-5.486,-5.938,-5.987,-4.934,,-4.218,-4.579,-3.426,-3.743,-4.604,-3.46,-5.191,-4.514,,-3.972,-4.802,-4.548,-4.758
