title,receptor_1,receptor_2,receptor_3,receptor_4,receptor_5,receptor_6,receptor_7,receptor_8,receptor_9,receptor_10,receptor_11,receptor_12,receptor_13,receptor_14,receptor_15,receptor_16,receptor_17,receptor_18,receptor_19,receptor_20,receptor_21,receptor_22,receptor_23,receptor_24,receptor_25,receptor_26,receptor_27,receptor_28,receptor_29,receptor_30,receptor_31,receptor_32,receptor_33,receptor_34,receptor_35,receptor_36,receptor_37,receptor_38,receptor_39,receptor_40,receptor_41,receptor_42,receptor_43,receptor_44,receptor_45,receptor_46,receptor_47,receptor_48,receptor_49,receptor_50
Gatto_2009_11,-4.981,-5.562,-6.323,-5.047,-6.907,-5.647,-6.073,-6.125,-5.294,-5.874,-7.167,-5.956,-7.452,-4.521,-6.174,-5.674,-5.359,-5.576,-4.408,-5.513,-6.552,-5.743,-6.698,-4.643,-3.993,-4.358,-6.889,-5.927,-5.756,-5.476,-4.626,-5.189,-5.424,-5.189,-5.588,-4.224,-4.891,-5.422,-4.796,-6.007,-6.858,-6.996,-6.719,-7.507,-8.366,-7.582,-8.331,-6.134,-6.893,-5.383
Gatto_2009_5,-4.567,-8.574,-5.355,-5.202,-6.43,-5.81,-5.521,-6.253,-4.959,-5.749,-6.348,-6.319,-6.951,-5.073,-4.286,-5.981,-5.575,-4.852,-5.478,-5.832,-6.204,-5.623,-6.392,-5.216,-5.047,-4.96,-4.978,-5.52,-5.83,-6.075,-4.559,-5.52,-5.762,-5.519,-5.596,-4.862,-4.53,-5.295,-5.205,-5.197,-7.308,-6.859,-7.066,-7.648,-7.864,-7.573,-7.361,-5.933,-6.146,-5.144
Gatto_2009_9,-4.016,-4.675,-6.777,-5.228,-5.809,-5.217,-4.982,-5.885,-4.918,-6.137,-6.979,-6.342,-8.501,-4.364,-5.081,-5.599,-4.503,-5.031,-4.799,-5.638,-6.229,-6.304,-6.685,-4.667,-3.995,-4.073,-4.306,-5.863,-5.613,-5.692,-5.371,-3.843,-5.208,-5.0,-6.399,-5.261,-5.344,-4.337,-4.897,-5.84,-6.231,-7.458,-6.406,-6.585,-8.435,-7.606,-7.208,-5.63,-6.404,-6.177
6-aminoquinoline_1.mol,-3.842,-4.615,-5.804,-4.844,-6.092,-5.25,-5.144,-5.686,-5.654,-5.735,-5.839,-3.676,-5.6,-4.012,-3.882,-4.479,-4.776,-4.565,-3.927,-5.187,-5.227,-4.568,-5.633,-4.981,-4.597,-4.678,-4.375,-4.316,-4.75,-5.365,-4.337,-4.509,-3.951,-4.395,-7.019,-3.818,-4.528,-4.367,-3.86,-4.871,-5.194,-6.48,-5.315,-5.729,-6.156,-6.703,-5.711,-4.888,-5.337,-4.787
He_2005_1,-4.17,-5.779,-4.953,-4.523,-4.735,-5.061,-5.412,-4.088,-4.551,-4.771,-5.332,-5.107,-5.709,-4.03,-4.435,-4.671,-4.472,-4.91,-5.221,-4.887,-5.857,-6.052,-5.123,-4.379,-4.82,-4.739,-5.072,-5.118,-5.284,-4.975,-5.386,-4.716,-4.466,-4.83,-4.221,-4.871,-4.785,-4.69,-4.403,-4.843,-5.21,-5.609,-6.304,-6.072,-6.544,-5.542,-5.907,-5.241,-5.123,-4.735
joly_2010_3,-4.449,-4.676,-6.608,-6.748,-6.11,-6.212,-7.384,-6.139,-5.09,-6.168,-6.722,-6.443,-6.325,-4.469,-6.457,-6.063,-6.094,-6.462,-5.882,-5.809,-6.442,-7.054,-6.507,-5.2,-5.037,-5.785,-7.14,-5.946,-6.716,-6.824,-6.572,-5.641,-5.644,-5.572,-6.53,-5.363,-5.249,-5.339,-5.629,-5.449,-6.221,-6.877,-7.161,-8.054,-8.339,-6.835,-7.429,-6.53,-6.59,-5.831
OptTAR_Fixed_ligprep_20260117_0.5.maegz:7,-3.995,-5.871,-5.075,-5.244,-6.037,-5.363,-5.539,-4.776,-4.678,-5.897,-5.051,-5.112,-5.704,-4.542,-5.352,-5.373,-4.887,-4.85,-5.288,-4.373,-5.107,-6.064,-5.385,-4.735,-4.295,-4.413,-4.915,-5.424,-4.404,-5.093,-4.63,-5.842,-5.274,-4.547,-7.139,-6.374,-6.857,-4.957,-4.648,-4.557,-5.204,-6.65,-5.964,-6.42,-6.411,-6.446,-6.558,-5.082,-5.254,-4.972
C19H18ClN3,-4.775,-7.289,-5.929,-5.443,-6.091,-5.334,-6.961,-6.053,-4.701,-5.662,-6.786,-5.924,-5.795,-4.036,-5.147,-4.997,-4.945,-4.965,-6.103,-5.439,-5.397,-5.485,-6.547,-5.709,-5.003,-5.779,-6.142,-5.622,-5.051,-5.929,-5.765,-6.232,-5.642,-5.587,-8.203,-5.895,-6.496,-5.25,-5.35,-5.654,-5.617,-7.02,-6.361,-7.44,-8.328,-7.614,-6.33,-5.211,-5.532,-4.871
C16H12F3N3OS,-4.114,-6.434,-5.63,-5.001,-5.479,-6.339,-6.537,-5.864,-5.731,-6.018,-5.91,-5.539,-5.888,-4.716,-5.357,-5.078,-4.657,-5.057,-5.022,-4.367,-4.868,-5.531,-5.203,-4.193,-4.577,-4.706,-4.307,-5.715,-4.89,-5.223,-4.476,-5.216,-4.802,-4.269,-6.806,-5.222,-4.231,-5.393,-4.49,-5.101,-6.19,-6.413,-6.428,-6.439,-6.875,-6.452,-6.059,-5.286,-5.417,-4.517
C20H13F3N4OS,-4.966,-5.079,-6.584,-5.393,-6.135,-7.007,-7.333,-5.537,-5.727,-5.667,-6.722,-4.755,-6.463,-4.013,-4.33,-5.54,-5.472,-4.793,-5.355,-5.606,-5.061,-6.175,-5.335,-4.708,-4.544,-5.065,-4.448,-5.296,-4.928,-5.055,-5.048,-5.149,-5.414,-4.911,-7.448,-4.501,-4.476,-4.686,-4.963,-4.865,-6.483,-6.435,-5.653,-6.641,-7.876,-6.538,-6.558,-5.634,-6.166,-4.924
C22H21N5O5,-4.897,-6.229,-6.464,-6.418,-6.496,-6.305,-8.854,-5.736,-5.263,-5.214,-7.652,-6.361,-7.027,-5.657,-5.323,-5.953,-5.418,-6.012,-5.561,-5.464,-5.455,-7.04,-6.708,-6.547,-4.874,-5.104,-6.224,-5.607,-6.039,-6.687,-5.783,-6.647,-5.859,-5.574,-5.641,-6.445,-7.753,-6.12,-5.54,-5.574,-6.799,-6.184,-7.752,-7.488,-6.587,-5.444,-6.91,-6.108,-6.715,-5.759
C21H21N5O5,-6.126,-6.366,-7.538,-6.057,-6.002,-6.735,-8.132,-5.527,-6.316,-6.037,-7.178,-6.406,-6.903,-5.954,-5.77,-7.264,-5.73,-5.689,-5.696,-5.634,-6.027,-6.488,-7.164,-6.198,-5.813,-5.267,-6.772,-5.778,-6.365,-6.358,-6.536,-5.956,-5.968,-5.672,-7.117,-6.362,-7.997,-5.831,-5.467,-5.599,-7.231,-7.001,-7.295,-7.443,-8.334,-7.489,-7.38,-6.78,-6.617,-6.026
86577807extra_5,-4.991,-5.888,-5.809,-6.171,-5.721,-6.563,-7.54,-5.411,-5.399,-6.038,-6.739,-5.71,-7.012,-4.948,-5.122,-6.525,-5.906,-5.613,-5.614,-5.675,-5.782,-7.491,-4.504,-5.56,-5.039,-5.052,-5.492,-6.69,-5.945,-5.998,-6.075,-5.811,-5.393,-6.213,-6.896,-5.647,-5.974,-5.613,-5.51,-4.899,-6.001,-6.855,-5.614,-6.679,-8.76,-7.901,-5.95,-6.552,-6.242,-6.647
133994.cdx,-4.813,-7.034,-5.929,-6.0,-6.732,-6.968,-6.684,-5.83,-5.059,-6.217,-6.617,-5.654,-6.982,-4.499,-5.966,-5.463,-4.431,-5.014,-4.829,-6.263,-6.7,-4.581,-6.159,-5.226,-5.065,-5.856,-4.667,-4.129,-5.128,-5.668,-4.603,-5.554,-4.036,-5.164,-7.664,-5.907,-5.052,-5.374,-4.468,-5.962,-6.341,-6.873,-8.024,-7.798,-6.775,-6.888,-6.725,-6.331,-6.312,-5.549
OptTAR_Fixed_ligprep_20260117_0.5.maegz:15,-3.596,-5.558,-5.374,-4.414,-5.067,-6.493,-6.303,-5.432,-4.351,-5.817,-5.358,-4.722,-5.821,-3.966,-4.143,-4.9,-4.764,-4.554,-5.643,-5.144,-5.154,-5.756,-5.198,-3.996,-3.986,-4.674,-5.31,-4.676,-4.663,-4.294,-4.424,-4.536,-4.598,-4.479,-6.692,-5.965,-6.233,-4.647,-5.1,-4.383,-5.269,-6.191,-6.021,-5.745,-6.029,-5.765,-5.459,-4.829,-5.354,-5.02
OptTAR_Fixed_ligprep_20260117_0.5.maegz:16,-3.379,-4.977,-5.416,-4.496,-4.337,-6.168,-4.725,-3.976,-5.027,-5.119,-4.922,-2.912,-4.889,-3.442,-3.881,-3.87,-4.752,-4.527,-4.354,-4.503,-4.479,-4.022,-4.494,-4.671,-5.125,-5.551,-3.809,-2.758,-4.435,-4.729,-5.965,-4.856,-3.763,-3.632,-4.415,-4.317,-4.083,-5.489,-4.481,-4.757,-3.991,-5.98,-5.327,-5.777,-5.698,-4.194,-7.036,-3.908,-4.037,-3.376
OptTAR_Fixed_ligprep_20260117_0.5.maegz:17,-4.573,-5.328,-4.893,-4.135,-4.973,-5.296,-4.354,-5.355,-4.51,-5.545,-5.271,-5.347,-5.603,-3.922,-4.561,-4.873,-5.664,-4.373,-7.01,-4.606,-4.836,-4.439,-5.59,-4.981,-4.341,-4.886,-6.287,-5.31,-4.271,-4.864,-4.06,-5.087,-4.875,-4.274,-7.74,-4.401,-3.629,-4.932,-4.52,-4.682,-5.705,-6.339,-6.936,-7.124,-6.673,-5.352,-5.903,-4.814,-4.312,-4.606
OptTAR_Fixed_ligprep_20260117_0.5.maegz:18,-4.836,-6.551,-6.845,-5.154,-6.158,-5.905,-5.435,-5.513,-5.49,-6.197,-6.153,-5.837,-5.991,-5.274,-5.945,-5.767,-5.205,-4.548,-4.682,-5.711,-6.011,-6.257,-5.472,-6.248,-5.814,-6.463,-6.838,-5.12,-6.018,-5.445,-5.461,-5.774,-6.214,-4.723,-7.165,-5.29,-5.537,-5.432,-5.42,-5.15,-5.285,-6.646,-6.554,-7.082,-7.29,-6.792,-6.957,-5.682,-5.945,-5.67
OptTAR_Fixed_ligprep_20260117_0.5.maegz:19,-3.881,-7.077,-5.378,-4.749,-5.877,-5.754,-5.626,-5.6,-5.227,-5.569,-6.137,-4.508,-5.66,-3.906,-4.915,-4.785,-5.383,-4.588,-4.308,-4.807,-4.762,-5.145,-5.411,-5.134,-4.989,-5.113,-5.763,-4.508,-4.111,-5.264,-5.111,-6.031,-5.287,-4.924,-6.325,-4.679,-5.713,-4.936,-5.807,-5.195,-4.907,-6.529,-6.766,-7.106,-7.129,-5.58,-5.966,-4.876,-4.831,-5.133
OptTAR_Fixed_ligprep_20260117_0.5.maegz:20,-4.322,-5.949,-5.484,-4.56,-5.753,-5.194,-5.12,-5.586,-5.007,-4.214,-5.016,-4.63,-5.231,-5.291,-4.495,-4.741,-4.67,-3.804,-3.776,-4.889,-4.854,-4.543,-5.269,-4.825,-4.354,-4.71,-5.545,-4.833,-4.232,-4.371,-5.481,-4.217,-4.052,-3.95,-4.97,-4.405,-3.576,-5.244,-4.57,-4.629,-5.698,-4.171,-4.733,-5.322,-6.131,-5.521,-4.449,-4.73,-7.335,-5.629
OptTAR_Fixed_ligprep_20260117_0.5.maegz:21,-3.657,-6.289,-4.741,-4.491,-4.766,-5.353,-5.126,-4.822,-4.269,-5.168,-5.027,-5.447,-4.667,-3.997,-4.757,-4.528,-4.728,-4.169,-4.389,-4.472,-4.719,-4.448,-5.688,-4.411,-4.481,-4.327,-5.603,-4.37,-4.893,-5.279,-4.435,-5.613,-4.537,-4.617,-6.422,-4.766,-6.988,-4.039,-3.821,-4.018,-4.906,-6.556,-6.078,-6.975,-6.947,-5.452,-5.503,-4.173,-4.457,-4.409
OptTAR_Fixed_ligprep_20260117_0.5.maegz:22,-3.825,-6.035,-4.443,-3.78,-5.775,-4.793,-6.338,-5.225,-3.974,-4.868,-4.889,-4.703,-5.598,-4.323,-4.876,-5.675,-5.982,-4.616,-3.594,-4.368,-4.677,-4.725,-5.225,-5.212,-4.478,-4.867,-4.964,-3.866,-4.608,-5.01,-4.721,-4.801,-4.143,-3.778,-5.485,-4.5,-5.356,-4.13,-4.785,-4.917,-5.663,-5.986,-5.124,-6.172,-5.472,-4.386,-6.14,-4.282,-4.6,-4.327
OptTAR_Fixed_ligprep_20260117_0.5.maegz:23,-3.427,-4.264,-4.829,-4.636,-4.851,-5.075,-6.635,-4.453,-4.472,-4.435,-5.048,-5.613,-5.161,-3.86,-5.195,-5.127,-4.948,-5.41,-4.896,-5.322,-4.269,-4.867,-5.054,-4.776,-4.579,-5.041,-5.203,-4.388,-5.176,-4.56,-5.348,-5.057,-3.689,-3.941,-6.589,-5.078,-4.311,-4.631,-4.446,-4.782,-6.127,-6.295,-6.639,-4.674,-4.08,-5.974,-6.153,-5.05,-5.129,-4.754
OptTAR_Fixed_ligprep_20260117_0.5.maegz:24,-4.425,-6.982,-6.245,-5.644,-6.595,-5.903,-6.26,-5.451,-6.009,-6.048,-6.757,-5.665,-6.046,-5.114,-4.909,-5.573,-4.646,-5.73,-4.31,-5.639,-5.528,-5.193,-5.957,-4.523,-5.459,-5.312,-6.648,-5.484,-6.483,-5.233,-5.943,-5.628,-5.322,-5.189,-6.324,-5.938,-5.909,-5.271,-5.726,-4.736,-5.684,-6.43,-6.17,-7.129,-6.973,-6.563,-6.294,-5.494,-5.721,-5.8
OptTAR_Fixed_ligprep_20260117_0.5.maegz:25,1.07,-0.3415,-0.196,-2.148,-0.8277,-2.977,-2.8,-3.07,-2.4,-2.278,-3.358,-3.593,-3.867,-2.215,-0.7445,-3.36,-2.16,-1.515,-1.714,-3.598,-2.07,-2.113,-0.3514,0.08443,-0.2475,0.8369,-2.532,-2.754,0.3372,-0.4753,-0.05311,-2.806,0.8954,-2.204,-3.281,-2.518,-1.644,-2.571,-3.166,-2.995,-2.14,-4.171,-2.589,-3.332,-4.529,-3.34,-3.858,-2.715,-1.726,-1.606
OptTAR_Fixed_ligprep_20260117_0.5.maegz:26,-3.759,-4.536,-6.32,-5.022,-4.389,-6.713,-5.142,-6.109,-4.51,-5.02,-6.543,-5.577,-5.51,-4.034,-4.519,-4.553,-4.829,-4.228,-4.564,-4.606,-5.093,-5.124,-6.475,-3.623,-4.302,-3.976,-5.049,-4.252,-5.282,-5.385,-5.678,-4.962,-4.982,-4.871,-4.522,-5.526,-4.795,-4.546,-4.32,-4.428,-4.964,-4.493,-4.799,-4.548,-6.882,-6.432,-5.788,-5.029,-5.028,-5.067
OptTAR_Fixed_ligprep_20260117_0.5.maegz:27,-4.848,-6.218,-5.35,-4.777,-5.892,-4.795,-6.174,-4.908,-5.181,-4.396,-5.396,-4.63,-6.101,-3.68,-5.425,-5.457,-6.746,-4.775,-4.894,-4.886,-5.747,-4.836,-5.075,-3.854,-3.921,-3.773,-7.357,-4.736,-5.482,-4.501,-5.419,-6.249,-4.31,-5.079,-5.49,-4.918,-6.635,-4.219,-4.907,-4.823,-5.206,-4.926,-7.581,-5.439,-5.108,-5.952,-4.897,-5.295,-5.584,-4.88
OptTAR_Fixed_ligprep_20260117_0.5.maegz:28,-3.295,-5.911,-3.614,-4.376,-5.467,-5.208,-5.324,-4.959,-5.162,-4.221,-4.56,-5.667,-4.319,-4.012,-4.645,-5.321,-5.84,-4.654,-5.13,-5.367,-5.406,-4.842,-5.384,-4.178,-4.244,-3.599,-6.874,-5.531,-5.089,-3.242,-5.577,-6.523,-5.507,-4.534,-5.206,-4.815,-4.522,-4.344,-4.621,-4.198,-4.862,-6.401,-6.878,-5.946,-4.684,-5.255,-4.72,-4.992,-5.347,-4.713
OptTAR_Fixed_ligprep_20260117_0.5.maegz:29,-2.865,-5.319,-3.734,-3.344,-2.578,-0.9847,-3.483,-1.656,-2.232,-2.516,-4.811,-1.826,-2.911,-4.332,-3.003,-0.2916,-4.349,-0.8396,-3.218,-2.478,-3.93,-1.392,-0.9943,-3.49,-0.9492,0.4982,-1.125,-3.947,-2.771,-2.106,-3.194,-2.981,-1.969,-1.857,-5.817,0.3133,-6.285,-5.067,-1.404,-2.7,-2.388,-5.403,-2.868,-2.692,-3.872,-2.315,-3.161,-4.406,-2.48,-2.961
OptTAR_Fixed_ligprep_20260117_0.5.maegz:30,-0.7869,-3.763,-3.123,-3.906,-1.965,-5.418,-5.743,-2.583,-2.21,-1.366,-4.808,-4.115,-2.976,-1.342,-2.218,-3.537,-4.838,-1.045,-2.314,-2.746,-2.818,-1.384,-2.319,-3.543,-1.083,-2.11,-3.761,-2.382,-3.399,-2.609,-2.483,-1.309,-1.749,-1.079,-5.624,-2.371,-6.311,-2.309,-2.619,-1.514,-3.154,-7.583,-3.937,-3.724,-4.978,-2.31,-3.338,-3.54,-3.698,-1.372
OptTAR_Fixed_ligprep_20260117_0.5.maegz:31,-4.401,-8.061,-5.352,-5.438,-4.369,-6.132,-6.813,-5.485,-4.892,-5.408,-6.722,-5.583,-6.294,-4.819,-5.015,-5.638,-5.592,-4.8,-5.834,-4.515,-5.445,-4.992,-5.818,-4.538,-5.083,-4.758,-4.841,-4.999,-5.25,-5.183,-4.61,-6.331,-4.345,-4.892,-5.858,-5.799,-4.103,-4.934,-5.138,-5.133,-4.765,-7.316,-7.653,-7.158,-7.077,-6.486,-7.135,-5.256,-5.915,-5.146
OptTAR_Fixed_ligprep_20260117_0.5.maegz:32,-3.969,-4.988,-5.734,-4.843,-5.976,-6.331,-6.09,-5.484,-4.632,-5.766,-5.558,-5.168,-5.873,-4.115,-5.44,-5.638,-5.898,-4.742,-5.166,-5.021,-5.222,-4.92,-5.412,-4.203,-4.06,-4.515,-5.889,-6.063,-5.413,-5.354,-5.781,-4.61,-5.204,-5.104,-6.422,-5.625,-3.74,-6.161,-4.591,-4.952,-5.738,-5.993,-6.133,-7.214,-6.091,-5.156,-6.889,-5.362,-5.288,-5.124
OptTAR_Fixed_ligprep_20260117_0.5.maegz:33,-4.407,-5.117,-5.794,-4.649,-6.163,-6.019,-6.436,-5.284,-5.138,-5.825,-6.846,-5.489,-6.391,-4.925,-5.705,-5.088,-5.879,-4.802,-4.962,-5.438,-5.067,-5.579,-5.924,-4.845,-5.243,-4.713,-5.602,-5.264,-5.833,-5.26,-4.789,-5.534,-5.571,-5.347,-5.88,-5.915,-6.523,-5.36,-5.191,-4.995,-6.365,-7.329,-6.481,-7.403,-7.306,-7.336,-6.527,-5.89,-5.142,-4.957
OptTAR_Fixed_ligprep_20260117_0.5.maegz:34,-4.347,-4.368,-5.729,-4.914,-3.902,-6.042,-5.197,-6.664,-5.748,-6.359,-5.426,-4.948,-5.515,-3.643,-4.255,-4.322,-5.098,-5.664,-4.352,-3.876,-5.158,-4.633,-6.145,-4.466,-4.216,-3.874,-3.844,-3.857,-5.376,-5.997,-4.953,-5.478,-4.482,-4.566,-5.996,-3.808,-3.377,-4.425,-3.542,-4.231,-5.847,-6.425,-5.509,-6.445,-6.455,-5.229,-5.967,-4.296,-6.22,-4.52
OptTAR_Fixed_ligprep_20260117_0.5.maegz:35,-3.899,-5.483,-5.488,-4.239,-5.555,-5.501,-4.719,-4.424,-4.943,-5.178,-4.522,-4.377,-4.784,-3.868,-5.253,-5.312,-4.764,-4.302,-4.457,-4.935,-4.703,-5.613,-5.35,-4.272,-4.064,-4.139,-5.287,-5.009,-4.982,-4.518,-3.811,-5.751,-4.621,-3.671,-5.288,-4.436,-3.649,-5.069,-3.891,-4.64,-6.263,-6.244,-5.914,-6.142,-7.272,-5.511,-6.367,-4.768,-4.58,-4.843
OptTAR_Fixed_ligprep_20260117_0.5.maegz:36,-4.779,-7.432,-6.124,-5.53,-6.676,-6.601,-6.804,-6.527,-5.189,-5.837,-6.179,-5.322,-6.069,-4.644,-4.95,-6.091,-4.863,-5.623,-5.032,-4.459,-6.199,-6.074,-6.897,-7.239,-5.632,-5.278,-6.615,-5.028,-5.784,-5.421,-5.18,-6.308,-5.715,-5.383,-7.385,-5.0,-7.248,-5.164,-4.741,-5.082,-6.373,-6.86,-7.262,-7.022,-7.51,-7.96,-5.865,-5.497,-5.673,-4.786
OptTAR_Fixed_ligprep_20260117_0.5.maegz:37,-3.865,-5.91,-4.83,-4.365,-5.546,-5.212,-5.153,-5.457,-3.742,-5.293,-5.519,-4.638,-4.317,-3.903,-4.165,-4.579,-4.038,-4.234,-3.868,-4.635,-3.785,-4.453,-5.481,-4.291,-4.21,-4.291,-4.757,-3.642,-5.232,-4.668,-4.984,-4.543,-4.559,-4.362,-5.515,-4.644,-5.301,-4.628,-3.97,-4.144,-5.014,-5.952,-5.577,-5.591,-5.617,-4.962,-5.415,-4.676,-4.554,-4.965
OptTAR_Fixed_ligprep_20260117_0.5.maegz:38,-3.778,-5.747,-6.126,-5.274,-6.148,-5.632,-7.014,-4.458,-5.143,-5.893,-4.76,-5.28,-7.019,-3.752,-4.514,-5.416,-5.082,-5.464,-5.458,-4.878,-5.408,-5.483,-4.943,-5.795,-5.217,-4.992,-6.596,-5.501,-5.462,-5.324,-5.297,-4.64,-4.671,-4.329,-5.956,-5.621,-4.855,-4.289,-4.806,-5.036,-6.608,-5.983,-4.712,-5.604,-7.328,-4.825,-6.292,-5.383,-5.665,-4.983
OptTAR_Fixed_ligprep_20260117_0.5.maegz:39,-4.414,-3.982,-4.052,-3.157,-5.299,-3.357,-4.357,-4.623,-5.045,-3.415,-4.239,-3.605,-4.5,-4.546,-3.985,-4.104,-4.091,-4.158,-4.775,-4.857,-3.816,-3.503,-3.6,-3.297,-4.144,-3.088,-3.925,-3.914,-1.635,-3.727,-4.037,-1.719,-2.843,-1.394,-4.068,-3.523,-5.084,-3.915,-3.752,-3.418,-3.465,-3.139,-2.584,-3.252,-4.889,-3.413,-4.482,-3.929,-4.553,-4.453
OptTAR_Fixed_ligprep_20260117_0.5.maegz:40,-4.179,-4.156,-4.966,-3.437,-5.302,-4.877,-4.385,-2.79,-3.402,-2.201,-3.531,-4.002,-3.952,-4.524,-3.888,-4.089,-2.358,-3.892,-3.959,-3.023,-3.151,-4.55,-4.473,-1.923,-5.007,-3.073,-4.462,-4.128,-3.721,-4.148,-4.364,-3.24,-3.056,-1.872,-4.347,-3.57,-3.795,-2.731,-3.086,-3.719,-3.684,-5.393,-4.376,-4.774,-3.691,-3.443,-4.597,-2.329,-4.519,-5.539
OptTAR_Fixed_ligprep_20260117_0.5.maegz:41,-3.887,-6.052,-4.915,-5.169,-4.815,-5.051,-5.05,-4.708,-5.911,-4.685,-6.33,-5.16,-5.67,-3.809,-4.818,-5.945,-5.177,-4.343,-4.421,-4.557,-4.821,-4.48,-5.684,-4.277,-4.366,-4.93,-5.976,-5.111,-5.13,-4.014,-4.74,-5.405,-5.163,-4.548,-6.064,-5.352,-5.781,-4.319,-5.074,-4.468,-5.185,-5.589,-5.308,-5.337,-6.19,-5.39,-5.45,-4.317,-4.705,-4.793
OptTAR_Fixed_ligprep_20260117_0.5.maegz:42,-4.566,-5.19,-4.416,-2.994,-5.723,-5.554,-4.586,-5.16,-3.382,-5.609,-5.141,-5.102,-3.66,-3.723,-2.967,-4.748,-4.464,-4.614,-4.746,-3.779,-5.17,-5.125,-4.839,-4.52,-3.598,-2.913,-4.341,-4.666,-3.38,-4.954,-4.741,-4.413,-3.056,-3.028,-3.42,-5.314,-3.711,-3.59,-3.409,-4.229,-5.127,-5.12,-5.536,-3.358,-6.859,-5.269,-5.308,-4.322,-4.653,-5.027
OptTAR_Fixed_ligprep_20260117_0.5.maegz:43,-4.467,-6.392,-5.337,-4.513,-6.25,-6.91,-4.999,-5.848,-5.638,-5.067,-6.304,-5.468,-5.63,-3.584,-5.131,-5.312,-5.091,-5.288,-4.392,-4.859,-5.833,-6.155,-5.743,-4.612,-4.63,-4.548,-5.424,-3.956,-5.351,-6.052,-4.575,-5.131,-4.551,-4.347,-6.726,-4.515,-4.658,-5.199,-4.417,-4.58,-6.142,-6.594,-6.006,-7.505,-7.509,-7.504,-6.782,-6.01,-5.336,-4.145
OptTAR_Fixed_ligprep_20260117_0.5.maegz:44,-3.194,-5.708,-2.328,-4.769,-3.106,-4.828,-5.323,-4.776,-2.822,-5.572,-5.34,-2.337,-5.162,-1.001,-2.94,-4.847,-4.373,-3.44,-4.601,-3.149,-3.161,-4.52,-4.987,-4.16,-4.269,-4.166,-4.592,-3.102,-5.353,-5.867,-5.899,-2.726,-2.761,-2.896,-4.545,-5.088,-3.249,-4.348,-4.027,-4.665,-3.146,-5.941,-6.043,-6.191,-6.199,-2.983,-4.99,-4.946,-3.031,-4.022
OptTAR_Fixed_ligprep_20260117_0.5.maegz:45,-4.4,-3.122,-6.404,-4.618,-3.721,-4.592,-5.842,-2.091,-2.026,-3.165,-4.13,-4.607,-3.464,-3.599,-4.169,-2.044,-2.708,-4.806,-4.585,-1.978,-4.427,-5.882,-4.845,-3.132,-3.02,-3.921,-3.892,-3.876,-3.842,-3.661,-3.237,-2.332,-4.619,-4.471,-3.645,-4.412,-5.525,-3.296,-3.982,-2.935,-5.668,-6.011,-6.893,-4.675,-5.234,-5.002,-5.686,-4.049,-3.07,-4.21
OptTAR_Fixed_ligprep_20260117_0.5.maegz:46,-4.038,-5.914,-4.814,-4.554,-5.309,-5.41,-5.543,-4.711,-4.693,-5.588,-5.302,-5.233,-5.59,-3.741,-4.849,-5.491,-4.84,-4.186,-4.747,-4.533,-5.155,-5.087,-5.414,-4.518,-4.604,-4.048,-5.606,-4.204,-5.195,-3.806,-4.867,-4.99,-5.004,-4.216,-5.171,-5.126,-6.872,-4.69,-6.331,-4.781,-6.439,-6.694,-7.111,-6.794,-7.358,-6.745,-5.898,-5.183,-4.707,-4.52
OptTAR_Fixed_ligprep_20260117_0.5.maegz:47,-4.16,-7.732,-6.189,-5.3,-6.664,-5.963,-5.681,-4.237,-4.992,-4.92,-5.142,-5.057,-5.726,-3.853,-4.769,-5.981,-6.695,-6.051,-4.21,-4.931,-5.345,-5.457,-5.774,-3.858,-5.007,-4.317,-5.991,-4.685,-4.319,-4.269,-4.894,-4.779,-5.247,-4.033,-5.944,-5.452,-6.199,-4.607,-4.751,-5.001,-5.194,-6.486,-5.946,-5.566,-6.65,-6.286,-5.586,-4.917,-5.472,-4.36
OptTAR_Fixed_ligprep_20260117_0.5.maegz:48,-2.877,-4.486,-5.176,-4.253,-5.277,-5.718,-4.995,-5.046,-5.175,-4.959,-4.54,-5.174,-4.298,-3.816,-3.624,-4.32,-5.952,-3.665,-4.823,-3.999,-4.089,-4.504,-4.101,-4.404,-3.993,-4.712,-4.844,-3.992,-4.542,-3.435,-5.214,-5.023,-4.323,-3.465,-5.042,-4.897,-4.616,-4.557,-4.495,-4.001,-5.025,-4.634,-5.83,-4.775,-5.361,-5.132,-4.64,-4.917,-5.272,-4.662
OptTAR_Fixed_ligprep_20260117_0.5.maegz:49,-3.068,-3.246,-3.218,-3.232,-4.907,-5.179,-3.592,-3.369,-3.336,-3.502,-3.837,-4.019,-4.086,-3.043,-3.192,-3.271,-3.666,-3.182,-3.096,-3.788,-3.894,-2.529,-4.541,-3.35,-3.476,-3.011,-3.269,-3.163,-3.809,-3.987,-3.108,-4.347,-2.404,-3.602,-4.987,-3.459,-2.784,-3.29,-2.233,-2.749,-3.857,-4.375,-5.274,-6.086,-5.68,-5.625,-4.177,-2.797,-3.86,-2.864
OptTAR_Fixed_ligprep_20260117_0.5.maegz:50,-4.54,-6.497,-4.71,-4.79,-4.863,-5.786,-6.072,-4.567,-2.763,-6.237,-4.579,-3.837,-4.498,-3.401,-4.745,-4.32,-5.515,-4.375,-4.775,-5.815,-4.585,-4.982,-4.513,-3.446,-4.059,-3.777,-3.223,-3.38,-5.114,-3.799,-3.407,-5.81,-4.876,-2.624,-6.665,-3.647,-3.942,-5.661,-5.974,-4.599,-5.033,-5.741,-6.216,-6.984,-4.63,-6.474,-5.751,-4.34,-5.484,-4.011
OptTAR_Fixed_ligprep_20260117_0.5.maegz:51,-2.396,-3.145,-3.609,-3.851,-3.938,-4.324,-2.265,-3.118,-3.88,-4.169,-3.581,-4.939,-4.523,-1.994,-2.516,-1.843,-4.453,-3.108,-2.631,-3.147,-3.826,-3.98,-4.587,-2.726,-2.546,0.1565,-2.697,-2.02,-2.895,-5.676,-2.595,-5.582,-1.673,-1.774,-3.138,-1.311,-3.953,-4.261,-1.582,-2.966,-3.934,-4.946,-6.193,-6.689,-5.579,-3.586,-4.068,-4.598,-3.007,-3.562
OptTAR_Fixed_ligprep_20260117_0.5.maegz:52,-3.164,-4.852,-6.15,-3.807,-4.181,-4.763,-5.356,-3.825,-3.759,-3.607,-4.903,-3.75,-5.308,-2.809,-3.8,-4.071,-4.744,-4.026,-4.413,-4.187,-3.332,-4.276,-3.985,-3.899,-3.794,-4.08,-3.929,-3.586,-4.125,-4.671,-4.834,-4.789,-4.905,-3.616,-4.243,-4.057,-4.012,-3.888,-4.285,-4.593,-5.151,-5.012,-4.121,-4.213,-4.998,-4.41,-5.076,-4.754,-5.119,-3.779
OptTAR_Fixed_ligprep_20260117_0.5.maegz:53,-2.715,-5.729,-4.598,-3.614,-5.178,-5.639,-4.594,-2.725,-4.183,-3.668,-5.97,-4.214,-4.734,-3.517,-3.466,-4.294,-4.555,-3.428,-3.605,-3.318,-2.116,-5.08,-2.945,-3.614,-3.666,-3.489,-3.818,-4.105,-2.784,-2.062,-4.077,-4.465,-4.015,-3.784,-5.685,-4.214,-6.207,-3.778,-4.597,-5.191,-4.73,-4.239,-5.097,-3.879,-6.223,-3.505,-5.191,-4.118,-5.014,-3.858
OptTAR_Fixed_ligprep_20260117_0.5.maegz:54,-3.049,-3.989,-5.267,-4.085,-5.182,-5.922,-4.605,-3.147,-4.099,-5.159,-2.186,-4.509,-4.39,-2.598,-3.747,-4.712,-2.726,-4.217,-3.262,-4.506,-4.476,-4.084,-3.706,-1.471,-4.11,-3.825,-2.526,-3.03,-4.252,-5.097,-3.641,-4.521,-3.406,-3.252,-5.473,-3.325,-6.532,-3.628,-2.055,-4.062,-5.163,-3.312,-4.614,-6.225,-5.181,-5.659,-5.089,-4.344,-4.051,-4.236
OptTAR_Fixed_ligprep_20260117_0.5.maegz:55,-4.333,-4.958,-4.037,-3.77,-4.997,-5.601,-4.634,-3.561,-4.905,-4.782,-4.137,-4.656,-4.973,-3.968,-3.039,-3.181,-3.95,-4.136,-3.946,-5.334,-2.869,-4.141,-5.042,-3.186,-4.104,-2.276,-4.42,-3.887,-4.897,-5.333,-4.002,-4.815,-4.231,-3.315,-4.934,-4.094,-3.468,-3.484,-4.402,-3.241,-5.264,-3.588,-6.808,-5.854,-5.526,-6.602,-5.231,-4.612,-3.804,-4.666
OptTAR_Fixed_ligprep_20260117_0.5.maegz:56,-1.035,-5.656,-2.963,-3.295,-5.061,-3.334,-3.955,-4.107,-2.057,-2.288,-1.516,-1.784,-4.226,-4.128,-2.378,-4.281,-4.347,-3.546,-4.112,-4.358,-3.238,-3.827,-3.228,-3.263,-3.4,-3.067,-1.384,-4.138,-4.257,-3.61,-1.839,-2.005,-1.003,-3.815,-5.248,-3.919,-3.481,-3.407,-3.296,-3.213,-4.391,-2.227,-5.007,-6.065,-3.362,-3.107,-4.618,-4.283,-3.413,-3.645
OptTAR_Fixed_ligprep_20260117_0.5.maegz:57,-4.323,-4.326,-4.826,-4.078,-4.892,-4.994,-5.339,-3.802,-4.685,-4.743,-4.804,-4.235,-4.983,-3.803,-4.603,-4.632,-4.506,-3.988,-4.14,-3.931,-4.348,-3.983,-4.202,-3.277,-3.684,-3.851,-4.963,-4.225,-4.005,-4.206,-3.436,-3.681,-3.678,-3.395,-4.684,-4.849,-4.786,-3.891,-3.806,-3.716,-4.718,-3.462,-4.841,-4.675,-5.415,-4.968,-5.639,-4.565,-4.366,-4.432
OptTAR_Fixed_ligprep_20260117_0.5.maegz:58,-4.924,-6.751,-5.451,-4.666,-4.939,-5.931,-6.151,-5.898,-4.61,-5.09,-5.692,-5.294,-5.045,-3.953,-5.748,-5.122,-3.475,-4.501,-5.33,-6.284,-4.433,-4.874,-4.83,-4.613,-4.155,-5.212,-4.928,-3.865,-4.717,-5.168,-4.563,-4.998,-4.122,-4.925,-5.242,-4.454,-5.01,-4.917,-4.572,-3.955,-5.101,-6.547,-4.644,-5.903,-5.773,-5.445,-5.931,-4.805,-5.004,-4.592
OptTAR_Fixed_ligprep_20260117_0.5.maegz:59,-3.997,-5.734,-4.388,-3.946,-4.291,-5.347,-5.334,-4.381,-3.557,-4.199,-4.912,-4.763,-4.754,-3.821,-3.393,-4.876,-4.051,-3.696,-4.78,-4.808,-4.26,-4.781,-5.349,-3.979,-3.648,-3.664,-5.115,-4.387,-4.999,-4.195,-4.774,-4.696,-4.271,-4.106,-4.974,-4.608,-3.305,-4.005,-4.331,-4.364,-4.129,-5.529,-5.251,-4.4,-5.634,-4.882,-5.087,-4.466,-4.483,-4.496
OptTAR_Fixed_ligprep_20260117_0.5.maegz:60,-4.037,-6.673,-4.784,-4.274,-5.28,-5.818,-5.855,-4.897,-4.63,-5.095,-5.22,-5.846,-5.604,-4.412,-4.658,-4.771,-4.894,-4.738,-4.511,-4.609,-4.962,-4.177,-5.607,-4.161,-4.271,-3.957,-5.042,-4.684,-4.337,-5.706,-3.806,-4.913,-4.554,-4.741,-7.271,-6.049,-5.833,-3.787,-4.574,-4.542,-5.859,-6.384,-6.213,-5.548,-5.999,-5.002,-5.946,-4.99,-4.581,-4.511
OptTAR_Fixed_ligprep_20260117_0.5.maegz:61,-4.336,-6.29,-5.902,-4.998,-6.466,-5.997,-6.585,-5.136,-5.59,-6.195,-5.967,-6.186,-6.064,-4.877,-5.172,-5.35,-4.884,-4.432,-5.016,-5.18,-6.022,-5.67,-5.618,-5.748,-5.073,-4.515,-6.275,-4.936,-5.742,-5.558,-5.381,-5.941,-5.485,-4.559,-7.296,-5.411,-5.878,-5.435,-4.861,-4.855,-6.196,-6.908,-5.957,-6.917,-7.974,-6.874,-6.297,-4.77,-5.82,-4.895
OptTAR_Fixed_ligprep_20260117_0.5.maegz:62,-4.559,-4.875,-4.835,-3.776,-4.863,-4.211,-5.11,-4.785,-3.468,-4.524,-4.651,-3.991,-4.804,-4.273,-3.432,-3.232,-3.746,-3.2,-2.078,-4.374,-3.169,-4.269,-4.517,-3.994,-3.94,-3.938,-3.995,-4.341,-3.709,-4.721,-4.128,-3.679,-4.217,-4.186,-5.332,-4.299,-5.802,-3.147,-3.564,-5.045,-4.041,-5.721,-5.285,-2.872,-5.612,-4.282,-4.592,-4.63,-5.241,-2.916
OptTAR_Fixed_ligprep_20260117_0.5.maegz:63,-5.111,-6.108,-5.459,-4.367,-5.657,-7.138,-6.14,-5.396,-5.668,-5.547,-6.886,-5.978,-5.368,-4.786,-5.613,-5.35,-5.327,-4.869,-5.266,-5.237,-5.678,-6.558,-5.484,-4.726,-4.507,-4.893,-5.489,-5.453,-4.692,-5.643,-5.391,-5.215,-4.991,-5.393,-5.883,-5.895,-6.199,-6.798,-5.874,-5.486,-6.131,-5.768,-6.222,-7.047,-7.484,-6.15,-6.916,-5.166,-6.245,-4.605
OptTAR_Fixed_ligprep_20260117_0.5.maegz:64,-4.721,-6.289,-5.577,-4.472,-6.044,-5.563,-7.156,-4.967,-5.258,-6.076,-6.002,-6.173,-6.65,-4.653,-4.476,-4.904,-5.267,-4.779,-6.1,-4.795,-6.171,-4.86,-6.406,-4.493,-4.694,-4.015,-4.294,-5.056,-5.045,-5.798,-4.375,-5.274,-4.468,-4.606,-6.498,-5.205,-4.406,-5.184,-4.371,-5.114,-5.638,-7.075,-7.182,-7.111,-7.469,-6.526,-6.393,-5.153,-5.175,-4.562
OptTAR_Fixed_ligprep_20260117_0.5.maegz:65,-3.58,-6.279,-5.945,-4.216,-5.179,-5.734,-5.961,-4.82,-4.11,-4.805,-5.657,-3.784,-5.485,-4.366,-3.668,-5.139,-5.145,-4.046,-4.325,-3.881,-4.432,-5.092,-4.86,-3.587,-4.09,-4.548,-4.946,-3.4,-6.279,-3.331,-3.843,-4.562,-4.569,-4.368,-5.166,-4.632,-3.493,-4.056,-4.633,-4.555,-5.318,-5.362,-5.452,-5.927,-5.414,-5.074,-3.976,-4.809,-4.384,-4.069
OptTAR_Fixed_ligprep_20260117_0.5.maegz:66,-4.481,-5.558,-4.869,-4.479,-6.168,-5.578,-5.534,-5.466,-4.872,-4.844,-5.476,-6.553,-5.896,-4.442,-4.669,-5.151,-4.817,-4.844,-5.21,-5.292,-5.742,-4.853,-5.566,-5.617,-5.972,-5.206,-5.86,-5.462,-4.774,-5.028,-5.295,-4.954,-5.13,-4.706,-5.203,-6.586,-4.365,-4.83,-4.434,-4.983,-5.632,-6.583,-5.9,-6.99,-7.694,-6.639,-7.381,-5.322,-5.096,-5.087
OptTAR_Fixed_ligprep_20260117_0.5.maegz:67,-4.575,-6.918,-5.778,-5.173,-6.182,-5.997,-6.348,-6.204,-5.227,-6.439,-6.369,-5.583,-5.547,-4.596,-5.105,-4.356,-4.997,-5.356,-5.237,-5.065,-5.504,-5.585,-5.434,-5.079,-5.268,-5.724,-6.008,-5.157,-5.014,-5.201,-5.369,-6.016,-5.311,-4.87,-5.218,-5.485,-6.056,-5.549,-5.37,-4.588,-5.855,-7.185,-7.416,-6.28,-5.801,-6.222,-6.56,-5.49,-5.543,-5.201
OptTAR_Fixed_ligprep_20260117_0.5.maegz:68,-3.543,-4.603,-3.444,-1.239,-4.719,-3.542,-4.602,-4.81,-4.33,-3.489,-5.654,-4.173,-3.898,-2.433,-4.239,-2.223,-3.926,-3.866,-3.594,-3.894,-4.551,-4.557,-4.582,-3.101,-4.471,-1.99,-3.721,-4.655,-4.355,-4.767,-3.775,-4.213,-3.094,-2.827,-6.042,-2.749,-6.619,-3.867,-3.996,-3.318,-3.347,-6.234,-6.021,-6.344,-5.265,-4.387,-5.896,-4.507,-4.657,-3.313
OptTAR_Fixed_ligprep_20260117_0.5.maegz:69,-3.275,-4.544,-4.74,-4.846,-6.03,-5.33,-5.18,-5.299,-5.172,-5.269,-5.437,-4.843,-5.739,-3.672,-4.692,-5.035,-4.821,-4.305,-4.188,-5.263,-4.225,-4.227,-5.728,-3.52,-5.393,-3.545,-4.49,-4.452,-5.234,-4.922,-4.659,-4.568,-3.799,-4.04,-5.232,-4.344,-4.299,-4.113,-4.237,-4.301,-5.775,-5.91,-6.606,-6.561,-6.725,-5.3,-4.108,-4.989,-5.872,-4.328
OptTAR_Fixed_ligprep_20260117_0.5.maegz:70,-4.636,-5.911,-5.036,-5.592,-5.956,-6.126,-7.288,-5.272,-5.304,-5.184,-5.46,-5.497,-5.601,-4.924,-5.137,-5.296,-5.074,-4.524,-4.813,-4.936,-4.748,-5.302,-5.644,-5.344,-4.755,-6.198,-5.761,-5.559,-4.409,-4.509,-5.585,-5.992,-5.324,-4.608,-5.385,-5.99,-7.033,-4.589,-4.989,-4.809,-5.53,-6.576,-5.871,-6.747,-6.752,-5.836,-5.633,-5.286,-5.998,-5.225
OptTAR_Fixed_ligprep_20260117_0.5.maegz:71,-2.014,-6.127,-4.446,-2.65,-3.501,-4.705,-4.75,-4.213,-3.936,-5.248,-3.645,-3.134,-3.402,-3.281,-3.496,-3.485,-3.941,-3.206,-3.341,-4.234,-3.409,-2.892,-4.228,-4.394,-4.088,-1.73,-4.82,-1.89,-3.768,-3.696,-1.897,-3.591,-2.647,-2.364,-2.138,-4.414,-5.683,-3.085,-4.31,-3.135,-4.209,-6.088,-5.149,-3.625,-4.911,-5.443,-3.128,-4.094,-3.21,-3.315
OptTAR_Fixed_ligprep_20260117_0.5.maegz:72,-5.237,-6.467,-5.014,-5.369,-6.679,-5.648,-5.893,-5.793,-4.444,-5.148,-6.313,-5.056,-5.864,-4.721,-4.072,-4.402,-5.2,-4.61,-4.967,-5.24,-5.131,-5.331,-5.519,-4.555,-5.057,-4.326,-5.541,-5.147,-4.707,-5.801,-4.911,-6.159,-4.945,-4.216,-5.968,-4.068,-4.217,-4.56,-4.485,-4.771,-5.481,-5.665,-6.068,-6.485,-6.911,-5.495,-4.937,-5.468,-5.296,-4.558
OptTAR_Fixed_ligprep_20260117_0.5.maegz:73,-3.848,-5.537,-5.334,-5.134,-5.273,-5.819,-4.691,-4.924,-5.351,-4.86,-7.292,-5.051,-6.441,-4.834,-5.112,-4.482,-4.498,-3.942,-4.661,-5.142,-5.245,-4.553,-4.95,-4.096,-4.881,-3.551,-6.724,-5.088,-4.685,-4.582,-5.63,-5.244,-4.292,-4.608,-6.523,-5.204,-4.629,-5.023,-5.19,-5.119,-5.291,-7.348,-6.162,-6.711,-7.432,-7.757,-5.974,-5.532,-5.9,-4.407
OptTAR_Fixed_ligprep_20260117_0.5.maegz:74,-4.208,-8.16,-5.509,-5.047,-5.844,-5.321,-5.476,-4.756,-5.543,-5.214,-5.062,-5.012,-5.448,-3.508,-4.435,-4.42,-5.003,-4.482,-5.246,-4.825,-4.219,-4.28,-5.086,-4.291,-4.209,-4.112,-4.726,-4.305,-5.089,-6.055,-3.906,-4.644,-4.339,-4.481,-6.588,-4.027,-6.183,-4.62,-4.688,-3.783,-5.292,-6.209,-6.33,-5.885,-6.582,-6.635,-5.372,-4.027,-4.37,-4.331
OptTAR_Fixed_ligprep_20260117_0.5.maegz:75,-3.324,-5.099,-5.045,-4.337,-5.64,-4.979,-5.545,-5.124,-5.651,-5.444,-5.889,-5.409,-4.897,-4.477,-4.383,-5.322,-4.89,-3.822,-4.963,-4.75,-4.642,-5.576,-5.219,-4.476,-4.636,-4.688,-5.36,-4.677,-5.264,-4.852,-5.85,-5.514,-4.625,-3.749,-5.275,-3.557,-4.683,-4.423,-4.743,-4.387,-6.4,-5.852,-5.824,-6.622,-7.416,-7.547,-6.242,-4.944,-5.877,-4.062
OptTAR_Fixed_ligprep_20260117_0.5.maegz:76,-5.23,-6.269,-4.641,-4.597,-5.508,-5.395,-5.38,-5.023,-5.027,-5.413,-5.465,-5.245,-5.018,-4.028,-4.897,-4.723,-5.117,-4.461,-4.124,-4.149,-4.413,-5.519,-5.449,-5.451,-5.499,-5.054,-5.357,-4.606,-5.374,-4.561,-4.63,-5.419,-4.308,-5.054,-6.612,-5.158,-7.613,-4.683,-5.242,-5.001,-5.687,-6.355,-6.108,-6.864,-6.957,-6.112,-6.025,-4.285,-5.103,-5.746
OptTAR_Fixed_ligprep_20260117_0.5.maegz:77,-3.7,-4.861,-5.771,-3.919,-4.334,-5.952,-5.907,-5.148,-3.938,-4.557,-5.588,-4.982,-5.425,-4.618,-3.867,-5.251,-4.234,-4.195,-4.821,-4.991,-4.499,-5.102,-6.176,-4.842,-4.007,-3.669,-4.737,-4.351,-4.149,-5.528,-5.735,-4.709,-3.552,-4.198,-5.587,-5.297,-4.136,-4.856,-4.391,-5.105,-5.362,-6.604,-5.497,-4.918,-6.375,-4.792,-6.021,-4.999,-4.663,-4.834
OptTAR_Fixed_ligprep_20260117_0.5.maegz:78,-5.276,-4.405,-6.552,-5.385,-5.956,-6.556,-6.133,-5.824,-5.568,-5.901,-6.252,-5.706,-5.97,-4.483,-5.141,-6.01,-5.641,-5.236,-5.074,-5.175,-5.144,-4.84,-5.934,-6.256,-5.087,-4.977,-6.87,-5.004,-5.415,-5.183,-4.931,-5.119,-5.502,-5.063,-6.369,-5.623,-6.801,-5.567,-5.029,-5.226,-5.734,-6.302,-6.707,-6.922,-7.187,-6.716,-6.962,-5.394,-5.148,-5.415
OptTAR_Fixed_ligprep_20260117_0.5.maegz:79,-3.567,-1.119,-3.529,-3.859,-2.155,-3.069,-5.766,-3.798,-3.318,-2.256,-4.96,-5.335,-5.128,-1.55,-3.052,-4.5,-4.156,-3.333,-2.842,-4.646,-1.86,-2.346,-4.953,-2.292,-0.951,-4.194,-3.773,-4.468,-2.683,-4.445,-4.599,-2.074,-3.83,-4.407,-6.164,-4.876,-6.078,-2.838,-1.645,-1.448,-4.75,-6.473,-4.742,-6.319,-5.98,-3.092,-5.864,-4.436,-4.048,-4.329
OptTAR_Fixed_ligprep_20260117_0.5.maegz:80,-4.055,-5.847,-5.899,-4.737,-5.788,-5.311,-6.102,-4.639,-6.032,-5.842,-5.167,-4.952,-5.786,-4.323,-4.232,-4.676,-5.648,-6.305,-4.948,-5.025,-4.045,-5.418,-6.113,-4.584,-4.889,-4.709,-6.936,-5.102,-5.172,-5.625,-5.053,-4.535,-5.061,-3.964,-6.041,-5.026,-5.456,-5.065,-4.604,-5.085,-5.761,-5.315,-6.865,-5.56,-6.112,-6.181,-6.148,-5.207,-5.818,-4.904
OptTAR_Fixed_ligprep_20260117_0.5.maegz:81,-5.615,-6.823,-6.297,-5.836,-6.947,-6.899,-5.591,-5.825,-5.115,-6.331,-6.065,-4.875,-6.254,-4.73,-6.152,-5.145,-5.821,-4.569,-5.639,-5.565,-6.096,-5.557,-5.872,-4.639,-4.785,-5.255,-6.299,-5.244,-4.856,-5.563,-5.676,-5.842,-5.386,-6.137,-7.457,-5.849,-4.448,-4.674,-4.773,-5.154,-6.204,-6.702,-6.856,-7.288,-7.615,-7.386,-5.842,-5.513,-5.427,-6.148
OptTAR_Fixed_ligprep_20260117_0.5.maegz:82,-3.727,-6.181,-5.705,-4.155,-6.025,-5.519,-5.665,-5.183,-5.089,-6.043,-4.998,-5.525,-5.572,-4.496,-5.603,-5.663,-4.641,-4.975,-3.925,-4.887,-5.451,-4.674,-6.29,-4.145,-4.109,-3.825,-4.723,-3.812,-5.139,-5.439,-4.837,-5.853,-4.02,-5.06,-5.659,-4.681,-4.017,-4.727,-5.235,-4.559,-5.269,-5.478,-6.379,-6.539,-6.147,-6.635,-5.542,-4.924,-5.809,-3.862
OptTAR_Fixed_ligprep_20260117_0.5.maegz:83,-3.931,-6.635,-5.82,-4.887,-5.461,-5.861,-6.956,-5.315,-4.642,-5.746,-4.957,-5.149,-5.561,-4.093,-4.984,-4.745,-5.554,-5.01,-5.188,-4.449,-4.983,-5.406,-5.164,-4.847,-4.445,-5.491,-5.879,-5.456,-4.478,-4.928,-5.233,-5.363,-4.776,-4.875,-5.143,-5.185,-5.335,-4.918,-5.184,-4.949,-4.987,-6.287,-6.547,-6.404,-7.256,-5.773,-6.301,-4.878,-4.681,-4.999
OptTAR_Fixed_ligprep_20260117_0.5.maegz:84,-4.15,-6.236,-5.83,-4.679,-5.459,-5.587,-5.467,-5.874,-5.391,-6.309,-5.767,-5.966,-5.193,-3.874,-4.475,-4.938,-5.093,-5.975,-4.783,-5.197,-5.484,-5.094,-5.402,-4.755,-5.386,-4.848,-4.84,-4.401,-4.738,-5.485,-5.352,-5.3,-4.622,-4.776,-6.374,-5.411,-5.484,-4.791,-5.512,-4.528,-6.238,-6.853,-6.241,-6.24,-7.198,-7.313,-5.89,-5.572,-5.415,-4.953
OptTAR_Fixed_ligprep_20260117_0.5.maegz:85,-3.595,-4.638,-6.131,-3.409,-4.314,-4.87,-5.523,-4.238,-3.577,-4.561,-5.503,-4.47,-5.596,-3.142,-3.874,-4.034,-3.339,-3.652,-4.145,-3.805,-4.5,-4.093,-4.487,-2.941,-3.275,-3.562,-5.456,-4.492,-5.665,-4.26,-4.582,-4.398,-4.013,-4.015,-3.851,-3.817,-3.773,-4.252,-4.198,-4.226,-4.943,-4.914,-6.132,-6.842,-6.045,-5.466,-5.032,-4.603,-5.074,-5.108
OptTAR_Fixed_ligprep_20260117_0.5.maegz:86,-2.69,-6.219,-4.45,-3.221,-4.65,-5.644,-5.355,-3.831,-3.856,-4.791,-5.009,-4.239,-4.514,-2.761,-3.563,-4.021,-3.514,-3.691,-4.484,-3.667,-4.165,-3.507,-4.314,-2.708,-3.785,-2.784,-4.687,-3.831,-5.173,-3.52,-4.81,-3.874,-4.62,-4.379,-3.929,-4.811,-3.883,-3.892,-4.498,-4.118,-4.37,-5.014,-5.685,-5.795,-5.915,-2.993,-3.766,-4.163,-4.581,-4.212
OptTAR_Fixed_ligprep_20260117_0.5.maegz:87,-3.424,-5.499,-5.556,-4.56,-3.977,-6.247,-4.39,-3.177,-3.667,-3.526,-4.92,-4.504,-4.729,-4.233,-4.73,-2.59,-4.777,-2.511,-4.543,-5.056,-3.508,-4.127,-5.434,-4.498,-3.583,-2.672,-5.38,-3.927,-4.102,-3.085,-3.585,-3.833,-3.505,-4.275,-5.937,-4.958,-5.872,-4.201,-3.869,-2.604,-4.245,-5.499,-5.331,-6.239,-6.477,-3.115,-6.697,-3.857,-3.277,-4.133
OptTAR_Fixed_ligprep_20260117_0.5.maegz:88,-2.583,-5.678,-5.247,-3.69,-4.486,-5.879,-5.914,,,-2.905,-4.43,-5.097,-5.857,,,-2.03,-3.238,-4.931,-3.825,,-5.254,,,,-4.761,-3.044,-4.604,,-5.839,-5.687,,,,,,,-6.294,-2.598,-4.917,-4.219,-4.801,-4.275,,,-5.429,,,-5.03,-4.135,-4.829
OptTAR_Fixed_ligprep_20260117_0.5.maegz:89,-3.569,-6.315,-5.744,-4.363,-4.368,-4.983,-5.735,-4.429,-4.247,-4.097,-5.207,-4.059,-5.779,-3.53,-3.59,-5.319,-2.045,-4.334,-3.85,-4.441,-4.024,-4.392,-4.629,-3.756,-3.608,-4.368,-4.748,-3.83,-6.202,-3.178,-5.268,-4.089,-4.801,-3.452,-4.647,-6.094,-3.935,-4.152,-4.636,-3.757,-5.592,-4.18,-5.871,-5.844,-5.441,-5.519,-3.607,-4.656,-4.15,-4.393
OptTAR_Fixed_ligprep_20260117_0.5.maegz:90,-4.352,-5.396,-5.213,-4.25,-4.98,-5.306,-5.233,-4.729,-4.594,-5.309,-5.017,-4.783,-5.765,-3.919,-4.709,-4.714,-4.262,-5.362,-4.428,-4.788,-5.253,-4.533,-5.031,-5.687,-5.162,-4.296,-5.525,-4.304,-4.389,-5.372,-4.569,-5.431,-4.443,-4.304,-6.22,-4.52,-4.741,-4.291,-4.279,-4.25,-4.884,-6.2,-5.655,-5.79,-6.425,-5.658,-5.209,-4.636,-5.01,-4.096
OptTAR_Fixed_ligprep_20260117_0.5.maegz:91,-3.746,-4.427,-5.734,-3.977,-5.941,-5.796,-5.095,-4.564,-5.087,-3.394,-5.199,-3.97,-4.763,-4.031,-4.844,-3.884,-4.548,-4.385,-5.005,-4.107,-3.623,-4.665,-3.767,-5.913,-5.388,-4.778,-5.176,-5.321,-5.287,-4.631,-4.902,-4.225,-4.783,-4.321,-4.383,-4.182,-5.985,-4.644,-3.352,-3.211,-4.86,-6.112,-5.538,-5.724,-7.018,-5.841,-5.181,-4.952,-4.235,-3.99
OptTAR_Fixed_ligprep_20260117_0.5.maegz:92,-3.646,-5.105,-5.864,-4.582,-5.531,-5.91,-5.638,-4.217,-5.282,-5.798,-4.647,-5.047,-5.232,-3.736,-5.21,-5.288,-6.24,-4.168,-4.567,-4.37,-4.939,-5.391,-5.516,-5.216,-5.974,-5.381,-6.027,-4.99,-5.123,-6.184,-3.986,-5.602,-4.634,-4.965,-4.734,-5.503,-6.428,-5.236,-5.984,-4.425,-5.231,-5.678,-6.553,-6.253,-5.925,-6.66,-4.795,-5.574,-5.712,-4.698
OptTAR_Fixed_ligprep_20260117_0.5.maegz:93,-3.163,-2.936,-2.816,-2.159,-3.354,-2.409,-3.388,-2.78,-3.281,-2.277,-2.973,-3.249,-3.721,-2.958,-2.881,-2.98,-3.265,-2.532,-3.292,-3.031,-3.042,-2.553,-3.84,-0.4849,-2.044,-0.9323,-2.686,-2.976,-2.492,-2.801,-1.8,-2.449,-2.968,-2.365,-2.232,-2.823,-1.986,-2.622,-3.01,-0.7703,-3.589,-4.171,-1.636,-3.878,-3.942,-1.983,-1.553,-2.382,-2.578,-3.064
OptTAR_Fixed_ligprep_20260117_0.5.maegz:94,-3.412,-3.585,-3.539,-3.241,-3.427,-4.123,-3.965,-3.339,-3.375,-2.244,-4.051,-3.222,-4.341,-3.481,-4.646,-3.368,-3.408,-2.901,-1.837,-3.953,-3.143,-4.07,-4.897,-1.36,-3.633,-3.215,-4.491,-3.27,-3.809,-3.176,-3.903,-3.044,-3.445,-1.267,-4.63,-4.338,-4.491,-3.334,-2.408,-3.025,-3.495,-4.122,-4.186,-3.383,-3.597,-3.184,-3.291,-3.657,-3.854,-4.399
OptTAR_Fixed_ligprep_20260117_0.5.maegz:95,-3.051,-4.344,-4.243,-3.107,-4.099,-4.577,-4.46,-4.137,-4.636,-4.861,-4.024,-4.489,-5.151,-2.755,-3.891,-4.717,-3.677,-3.27,-3.621,-4.149,-4.166,-4.891,-4.172,-2.702,-3.07,-4.368,-3.759,-3.21,-4.928,-4.775,-4.571,-3.86,-4.039,-4.046,-5.507,-5.101,-5.153,-4.178,-3.795,-3.441,-4.545,-4.792,-4.679,-4.304,-5.427,-2.994,-4.562,-4.291,-4.416,-5.215
OptTAR_Fixed_ligprep_20260117_0.5.maegz:96,-4.068,-5.413,-4.22,-4.764,-6.029,-6.489,-5.7,-4.936,-4.708,-4.32,-6.427,-5.036,-5.854,-3.556,-6.165,-4.882,-5.43,-4.914,-5.581,-5.473,-6.235,-5.254,-4.461,-4.267,-5.903,-5.111,-6.4,-5.485,-3.495,-4.358,-5.32,-5.867,-4.648,-4.819,-5.106,-5.119,-5.516,-5.083,-4.144,-4.935,-5.808,-7.095,-5.549,-6.27,-7.653,-4.997,-7.31,-5.113,-4.966,-5.17
OptTAR_Fixed_ligprep_20260117_0.5.maegz:97,-4.136,-4.13,-4.229,-3.76,-4.629,-4.527,-3.958,-4.233,-4.846,-4.849,-5.319,-3.924,-4.794,-3.797,-4.203,-4.809,-3.848,-4.327,-4.301,-3.413,-4.633,-4.51,-5.13,-3.773,-4.305,-4.154,-4.171,-4.828,-4.128,-4.655,-4.047,-5.834,-4.637,-4.08,-5.011,-4.219,-4.022,-3.989,-3.145,-3.752,-4.246,-6.454,-6.111,-5.265,-7.036,-5.651,-5.596,-4.251,-5.473,-2.697
OptTAR_Fixed_ligprep_20260117_0.5.maegz:98,-3.17,-5.242,-4.827,-3.267,-4.074,-5.124,-3.897,-4.228,-4.405,-4.499,-4.281,-4.311,-4.927,-3.162,-3.815,-4.962,-4.744,-3.726,-4.215,-3.66,-3.925,-4.831,-4.399,-2.928,-4.098,-4.302,-5.847,-4.29,-4.39,-4.431,-4.225,-3.817,-3.9,-3.871,-4.022,-4.167,-3.967,-3.213,-4.248,-3.439,-3.602,-6.393,-4.763,-5.684,-5.15,-4.938,-6.791,-3.552,-4.829,-3.947
OptTAR_Fixed_ligprep_20260117_0.5.maegz:99,-4.228,-5.825,-5.485,-5.076,-5.66,-5.681,-5.593,-5.144,-5.113,-5.274,-4.852,-5.127,-4.891,-5.483,-4.772,-4.887,-5.411,-4.227,-4.993,-4.218,-4.961,-5.087,-4.727,-4.608,-4.737,-5.484,-4.906,-4.853,-5.318,-4.735,-5.263,-5.507,-4.807,-4.283,-5.664,-5.21,-6.298,-4.754,-4.917,-4.362,-5.24,-6.453,-5.583,-6.149,-5.998,-5.206,-6.159,-4.353,-5.006,-4.831
OptTAR_Fixed_ligprep_20260117_0.5.maegz:100,-4.558,-4.535,-5.516,-4.579,-5.512,-5.159,-4.641,-4.932,-5.326,-5.2,-4.761,-4.418,-4.883,-3.589,-4.0,-5.261,-4.834,-4.101,-4.16,-4.653,-4.516,-4.058,-5.687,-4.664,-4.244,-4.122,-4.444,-4.469,-4.142,-4.76,-4.316,-4.332,-4.751,-4.133,-4.336,-3.488,-3.81,-4.74,-4.016,-4.84,-4.528,-5.225,-5.518,-5.116,-5.798,-5.353,-5.47,-4.899,-4.477,-4.243
OptTAR_Fixed_ligprep_20260117_0.5.maegz:101,-5.815,-6.927,-6.066,-4.302,-6.392,-5.484,-6.538,-5.938,-4.632,-5.482,-5.621,-6.005,-6.497,-5.91,-5.875,-5.439,-5.049,-4.539,-4.485,-5.038,-5.109,-6.099,-5.883,-5.907,-4.398,-4.503,-6.692,-4.677,-6.145,-4.705,-5.612,-5.205,-5.05,-5.193,-5.796,-4.804,-6.36,-5.212,-5.446,-4.766,-5.984,-5.985,-6.119,-5.857,-6.575,-6.458,-6.186,-5.138,-6.085,-4.637
OptTAR_Fixed_ligprep_20260117_0.5.maegz:102,-4.02,-6.176,-4.911,-3.997,-5.57,-4.97,-4.929,-4.773,-4.635,-4.961,-4.808,-5.177,-5.107,-4.396,-4.552,-4.486,-5.241,-4.744,-3.881,-4.894,-4.911,-4.522,-4.591,-4.148,-3.518,-4.99,-5.13,-3.521,-4.016,-5.145,-3.648,-4.445,-3.408,-3.441,-5.371,-4.201,-4.546,-4.054,-4.009,-3.608,-4.241,-5.579,-5.725,-5.471,-6.328,-6.268,-5.525,-4.008,-4.425,-4.244
OptTAR_Fixed_ligprep_20260117_0.5.maegz:103,-3.309,-4.248,-3.757,-3.261,-4.36,-4.347,-4.04,-3.884,-2.868,-3.332,-3.626,-3.478,-4.538,-2.845,-3.645,-3.0,-3.609,-3.588,-3.043,-2.77,-3.646,-3.088,-2.757,-3.838,-2.421,-3.748,-3.136,-2.554,-3.282,-3.801,-3.18,-3.017,-3.29,-2.068,-5.14,-4.36,-3.688,-3.114,-3.259,-2.396,-3.522,-3.841,-4.565,-4.092,-4.147,-4.84,-4.114,-3.495,-4.066,-2.968
OptTAR_Fixed_ligprep_20260117_0.5.maegz:104,-4.511,-5.84,-5.439,-4.098,-5.701,-5.172,-6.759,-5.591,-5.463,-6.022,-5.165,-4.708,-5.425,-4.627,-5.282,-5.161,-4.865,-6.005,-5.357,-5.061,-5.111,-4.988,-5.462,-4.984,-4.278,-5.679,-4.847,-4.518,-4.983,-5.244,-4.173,-5.458,-4.527,-4.543,-6.052,-4.824,-4.136,-4.231,-5.299,-5.079,-5.196,-6.146,-6.747,-5.68,-6.372,-6.65,-5.527,-5.115,-4.92,-4.267
OptTAR_Fixed_ligprep_20260117_0.5.maegz:105,-4.379,-4.536,-4.888,-4.45,-5.397,-5.474,-6.015,-3.585,-4.721,-4.724,-4.481,-5.313,-5.619,-4.015,-4.829,-4.867,-4.563,-4.924,-4.307,-5.423,-4.699,-5.068,-5.021,-4.029,-4.89,-3.801,-5.112,-5.163,-4.696,-5.223,-5.07,-4.451,-4.804,-4.962,-6.54,-4.845,-5.686,-4.865,-4.403,-3.553,-4.784,-6.084,-6.432,-5.716,-6.556,-6.154,-5.438,-5.252,-4.539,-4.233
OptTAR_Fixed_ligprep_20260117_0.5.maegz:106,-3.278,-4.242,-3.038,-3.018,-3.524,-3.841,-3.484,-4.061,-2.241,-2.43,-1.492,-2.269,-4.123,-2.331,-2.678,-2.763,-2.612,-1.771,-2.297,-2.118,-3.297,-2.979,-3.167,-2.024,-1.621,-1.788,-2.791,-1.038,-1.972,-1.243,-1.985,-2.034,-1.533,-2.262,-3.34,-4.197,-4.916,-2.182,-1.459,-2.779,-2.722,-4.284,-5.16,-3.527,-5.33,-3.464,-3.937,-2.967,-2.003,-2.722
OptTAR_Fixed_ligprep_20260117_0.5.maegz:107,-4.322,-5.321,-4.749,-3.77,-5.044,-5.197,-4.343,-4.973,-5.543,-5.583,-5.204,-5.486,-5.065,-4.622,-4.667,-4.512,-5.249,-2.322,-5.143,-3.832,-4.526,-4.978,-5.083,-5.893,-4.914,-4.39,-4.791,-4.609,-4.626,-5.508,-4.561,-4.876,-3.042,-5.029,-4.608,-5.385,-3.398,-3.961,-4.42,-3.002,-5.199,-5.436,-5.019,-6.124,-4.295,-5.076,-2.793,-4.138,-5.473,-6.221
OptTAR_Fixed_ligprep_20260117_0.5.maegz:108,-3.872,-5.465,-4.714,-4.676,-5.598,-4.881,-5.284,-4.561,-4.894,-5.002,-4.79,-4.813,-5.34,-4.211,-4.397,-5.065,-5.05,-4.509,-4.389,-4.594,-4.656,-4.547,-5.907,-4.101,-4.657,-4.235,-5.897,-4.607,-4.461,-4.614,-4.832,-4.679,-4.351,-4.522,-5.254,-4.764,-6.167,-5.072,-4.112,-4.804,-4.667,-5.597,-5.843,-5.774,-7.297,-5.423,-5.293,-4.593,-4.694,-5.181
OptTAR_Fixed_ligprep_20260117_0.5.maegz:109,-4.655,-5.774,-4.461,-4.337,-5.172,-5.167,-5.688,-4.192,-4.468,-4.654,-5.299,-5.259,-5.144,-3.987,-3.26,-4.662,-5.564,-4.161,-4.247,-4.857,-3.843,-5.206,-5.442,-3.473,-3.898,-4.383,-3.936,-4.396,-4.406,-6.052,-3.8,-5.491,-3.294,-4.124,-4.845,-3.374,-4.929,-4.676,-4.311,-4.735,-4.593,-6.513,-7.248,-6.787,-7.175,-4.49,-5.643,-4.682,-5.428,-4.427
OptTAR_Fixed_ligprep_20260117_0.5.maegz:110,-3.879,-6.004,-5.158,-5.054,-6.6,-5.412,-6.736,-4.668,-5.285,-5.389,-5.074,-5.005,-5.677,-4.256,-4.509,-6.168,-5.011,-4.896,-5.272,-5.284,-5.084,-5.745,-5.67,-4.876,-4.905,-4.496,-4.97,-4.663,-4.549,-4.826,-5.023,-5.145,-4.943,-4.488,-7.724,-5.179,-6.527,-4.638,-5.633,-4.148,-5.532,-6.919,-5.843,-6.454,-7.343,-7.208,-5.719,-5.068,-5.408,-5.102
OptTAR_Fixed_ligprep_20260117_0.5.maegz:111,-4.834,-7.417,-6.62,-4.832,-5.959,-6.642,-7.03,-5.987,-6.221,-6.647,-5.977,-6.254,-6.539,-5.017,-6.387,-6.381,-6.224,-5.49,-6.112,-5.889,-5.391,-6.097,-6.591,-6.268,-5.684,-6.355,-6.649,-5.207,-6.169,-6.152,-6.294,-5.784,-5.415,-5.57,-5.876,-6.76,-6.869,-5.395,-5.287,-5.866,-6.752,-7.427,-7.404,-7.23,-7.049,-7.151,-6.227,-6.3,-5.876,-6.215
OptTAR_Fixed_ligprep_20260117_0.5.maegz:112,-3.844,-5.433,-4.921,-3.821,-5.963,-4.716,-4.802,-1.605,-5.226,-3.256,-4.45,-2.424,-4.865,-2.571,-3.665,-3.969,-3.839,-4.14,-4.109,-3.653,-4.422,-3.038,-3.928,-3.565,-2.892,-4.493,-4.595,-3.746,-4.121,-3.948,-4.259,-4.562,-2.026,-4.276,-6.567,-3.839,-3.966,-0.317,-3.383,-4.187,-3.479,-4.245,-6.188,-2.751,-6.621,-6.744,-5.934,-4.311,-4.807,-3.393
OptTAR_Fixed_ligprep_20260117_0.5.maegz:113,-4.396,-6.774,-3.825,-3.549,-4.802,-5.129,-5.926,-3.636,-5.388,-4.621,-4.174,-2.938,-4.16,-3.359,-4.123,-4.441,-4.35,-2.816,-2.316,-4.319,-4.523,-4.477,-4.537,-3.413,-1.432,-1.527,-4.274,-3.607,-3.578,-4.143,-4.651,-4.844,-4.523,-1.859,-5.972,-5.129,-5.258,-1.806,-3.581,-4.755,-4.617,-5.85,-5.474,-5.101,-6.164,-5.277,-5.463,-4.387,-3.599,-3.631
OptTAR_Fixed_ligprep_20260117_0.5.maegz:114,-4.272,-5.69,-5.106,-3.898,-4.513,-4.537,-5.308,-4.417,-4.322,-4.993,-4.835,-3.669,-4.507,-4.061,-4.393,-3.775,-4.865,-3.776,-4.01,-4.082,-3.957,-4.079,-4.313,-4.215,-3.825,-4.756,-4.401,-3.69,-4.072,-4.66,-4.709,-4.498,-4.136,-3.444,-4.135,-4.765,-5.352,-3.782,-4.172,-4.516,-5.018,-5.933,-4.552,-5.027,-5.688,-5.308,-4.662,-4.378,-3.936,-3.749
OptTAR_Fixed_ligprep_20260117_0.5.maegz:115,-2.169,-3.487,-3.713,-3.48,-4.338,-3.906,-3.715,-3.218,-2.798,-4.137,-3.104,-3.633,-4.056,-2.878,-3.647,-2.577,-2.615,-3.262,-2.887,-2.836,-3.126,-2.665,-3.047,-3.657,-2.686,-4.406,-2.662,-3.217,-3.97,-3.755,-3.506,-3.586,-2.97,-2.507,-3.312,-2.518,-2.66,-2.65,-2.628,-3.147,-3.718,-3.444,-4.172,-4.436,-3.73,-4.793,-4.759,-2.642,-4.205,-3.497
OptTAR_Fixed_ligprep_20260117_0.5.maegz:116,-5.131,-6.228,-6.668,-5.027,-6.944,-6.444,-7.373,-6.789,-5.534,-6.61,-7.033,-6.044,-6.231,-4.927,-5.571,-5.839,-4.811,-5.304,-5.269,-5.579,-6.729,-6.516,-6.685,-4.666,-4.888,-6.029,-6.466,-6.141,-5.25,-5.799,-5.673,-6.12,-4.878,-5.589,-7.487,-5.851,-7.316,-5.78,-5.111,-5.532,-6.655,-7.263,-7.337,-7.399,-7.784,-6.39,-7.581,-5.736,-6.302,-4.715
OptTAR_Fixed_ligprep_20260117_0.5.maegz:117,-3.704,-3.558,-6.416,-4.303,-6.187,-5.768,-6.075,-4.654,-4.767,-5.235,-4.498,-4.265,-5.354,-2.985,-3.734,-4.877,-6.692,-3.821,-3.888,-4.906,-4.183,-3.922,-5.636,-3.826,-3.529,-3.48,-5.837,-4.37,-4.785,-3.892,-4.122,-5.075,-3.884,-3.7,-5.689,-3.779,-4.042,-4.486,-3.434,-4.014,-5.831,-5.144,-5.348,-5.033,-6.243,-6.107,-5.061,-4.374,-4.869,-3.901
OptTAR_Fixed_ligprep_20260117_0.5.maegz:118,-5.645,-6.518,-5.917,-4.555,-6.891,-6.371,-7.523,-5.752,-5.531,-5.896,-5.848,-6.056,-7.453,-5.308,-5.378,-5.813,-5.143,-5.249,-4.705,-4.412,-5.6,-6.279,-5.484,-4.401,-4.961,-5.635,-6.127,-5.69,-5.498,-5.003,-5.865,-5.065,-4.956,-5.372,-6.442,-5.672,-4.644,-4.849,-5.296,-4.61,-6.85,-6.543,-7.22,-6.112,-7.801,-6.824,-6.934,-5.531,-5.575,-5.043
OptTAR_Fixed_ligprep_20260117_0.5.maegz:119,-4.855,-7.127,-4.846,-5.166,-6.806,-5.713,-6.695,-5.309,-4.917,-5.031,-5.862,-5.114,-5.728,-3.865,-5.325,-5.055,-5.051,-4.649,-4.397,-5.24,-5.624,-4.868,-5.413,-4.916,-4.682,-4.576,-4.554,-4.829,-4.611,-5.411,-5.207,-5.205,-4.935,-4.727,-4.931,-6.222,-6.786,-4.783,-5.8,-4.617,-5.551,-6.807,-6.799,-7.12,-6.653,-5.593,-5.484,-5.022,-5.119,-4.558
OptTAR_Fixed_ligprep_20260117_0.5.maegz:120,-3.246,-5.701,-3.906,-3.575,-3.976,-4.059,-4.427,-3.882,-3.441,-3.693,-5.203,-4.218,-4.696,-4.016,-4.528,-4.488,-5.272,-5.078,-4.664,-3.521,-3.779,-3.951,-4.339,-3.688,-3.4,-2.725,-5.33,-3.424,-4.594,-3.982,-2.979,-4.688,-3.926,-2.885,-6.242,-3.802,-5.522,-3.278,-2.455,-2.813,-2.643,-4.504,-5.228,-5.471,-4.262,-4.72,-4.122,-3.431,-4.072,-3.239
OptTAR_Fixed_ligprep_20260117_0.5.maegz:121,-4.785,-6.535,-5.529,-4.94,-6.201,-6.411,-5.342,-5.609,-5.3,-5.558,-5.298,-5.214,-5.334,-4.311,-5.087,-4.872,-4.675,-4.774,-4.785,-4.903,-5.762,-5.743,-5.991,-3.987,-4.774,-4.296,-5.535,-5.532,-5.593,-6.37,-4.175,-5.704,-5.083,-5.176,-6.595,-4.131,-4.317,-5.122,-5.135,-4.359,-6.449,-5.836,-6.352,-6.672,-6.799,-6.136,-5.789,-5.222,-5.444,-5.041
OptTAR_Fixed_ligprep_20260117_0.5.maegz:122,-4.772,-7.902,-6.525,-5.44,-6.615,-5.926,-5.957,-5.031,-5.811,-6.526,-5.755,-5.733,-6.531,-5.156,-6.032,-6.08,-5.173,-5.267,-4.995,-4.965,-6.318,-5.434,-6.993,-7.159,-5.2,-5.367,-6.383,-5.078,-5.487,-5.444,-5.68,-5.831,-5.085,-5.637,-5.713,-5.754,-5.222,-5.574,-5.335,-5.019,-6.41,-6.798,-6.882,-6.7,-6.937,-7.295,-7.148,-5.706,-6.437,-5.371
OptTAR_Fixed_ligprep_20260117_0.5.maegz:123,-3.515,-4.54,-4.929,-5.489,-5.908,-5.285,-6.231,-4.319,-4.286,-4.765,-5.621,-4.834,-5.307,-3.607,-4.589,-5.0,-5.531,-5.317,-4.913,-4.679,-4.824,-4.677,-5.568,-3.651,-4.968,-3.278,-5.92,-4.214,-6.112,-4.814,-5.115,-4.709,-4.977,-4.111,-5.656,-4.394,-3.137,-3.943,-4.636,-3.375,-4.606,-5.222,-5.951,-5.74,-5.621,-6.574,-5.015,-4.84,-4.244,-3.892
OptTAR_Fixed_ligprep_20260117_0.5.maegz:124,-4.254,-5.718,-6.348,-4.713,-5.574,-5.297,-4.332,-4.609,-4.725,-4.352,-5.408,-4.825,-4.429,-4.961,-4.879,-5.308,-4.847,-4.234,-5.122,-5.471,-6.087,-5.876,-5.482,-4.612,-4.928,-4.824,-4.825,-5.736,-5.505,-5.18,-6.228,-5.133,-5.163,-4.822,-6.114,-4.328,-4.661,-3.657,-4.656,-4.909,-6.166,-5.641,-6.303,-6.146,-6.049,-6.228,-5.747,-5.531,-5.414,-4.721
OptTAR_Fixed_ligprep_20260117_0.5.maegz:125,-2.623,-2.374,-1.537,-2.719,-4.497,-3.048,-3.474,-3.65,-1.811,-3.277,-4.819,-2.626,-3.992,-1.918,-3.605,-3.514,-2.692,-3.183,-2.007,-1.526,-0.3093,-2.281,-2.363,-1.093,-1.691,-5.347,-5.334,-3.405,-2.905,-2.609,-2.898,-2.535,-1.737,-1.74,-1.464,-4.02,-1.602,-2.583,-5.15,-3.86,-4.037,-5.006,-4.833,-3.224,-4.988,-3.905,-3.687,-2.263,-3.107,-1.335
OptTAR_Fixed_ligprep_20260117_0.5.maegz:126,-2.696,-2.295,-2.52,-4.386,-4.807,-3.874,-5.022,-2.284,-1.864,-2.408,-4.064,-2.596,-3.072,-2.367,-2.723,-1.629,-3.185,-1.89,-3.197,-1.712,-3.782,-1.654,-2.382,-3.506,-1.457,-4.759,-5.533,-4.383,-2.06,-1.917,-1.684,-2.04,-4.001,-1.507,-3.432,-2.485,-1.953,-0.5533,-5.657,-1.807,-4.233,-3.035,-3.765,-5.871,-3.833,-3.554,-3.136,-4.116,-1.747,-3.431
OptTAR_Fixed_ligprep_20260117_0.5.maegz:127,-4.122,-3.091,-1.428,-1.211,-1.928,-5.256,-5.284,-2.191,-2.727,-3.951,-2.473,-2.828,-3.087,-1.355,-2.249,-1.76,-2.885,-2.9,-5.146,-0.5718,-2.456,-2.012,-3.321,-2.012,-1.691,-3.914,-4.944,-2.449,-2.388,-2.844,-0.8303,-2.376,-1.881,-2.75,-2.989,-2.728,-3.484,-1.384,-3.638,-1.431,-3.259,-6.631,-4.494,-4.232,-3.89,-3.589,-2.591,-3.329,-2.947,-2.362
OptTAR_Fixed_ligprep_20260117_0.5.maegz:128,-4.019,-8.141,-6.373,-4.828,-4.121,-4.618,-4.989,-3.163,-3.386,-4.34,-6.724,-5.374,-4.465,-3.901,-4.557,-4.182,-5.722,-5.117,-2.822,-3.283,-6.272,-5.228,-3.995,-5.304,-3.306,-6.015,-4.926,-5.059,-4.235,-5.156,-3.57,-4.364,-4.241,-4.817,-6.953,-6.343,-4.694,-4.071,-3.424,-3.238,-5.49,-5.099,-3.839,-4.95,-7.941,-5.565,-4.386,-5.706,-5.789,-6.139
OptTAR_Fixed_ligprep_20260117_0.5.maegz:129,-3.438,-5.589,-4.205,-4.531,-4.714,-5.18,-4.47,-4.788,-5.183,-4.601,-5.436,-4.418,-3.207,-3.803,-4.118,-4.46,-5.18,-3.865,-4.283,-4.126,-4.73,-4.214,-4.697,-4.026,-3.768,-3.656,-4.855,-3.413,-3.99,-6.063,-4.081,-5.189,-4.235,-3.776,-5.626,-4.86,-3.494,-4.697,-4.399,-4.057,-5.076,-5.586,-5.713,-5.789,-6.299,-5.152,-4.752,-4.868,-5.336,-4.776
OptTAR_Fixed_ligprep_20260117_0.5.maegz:130,-4.09,-6.229,-4.23,-4.18,-5.582,-4.866,-4.673,-4.629,-4.372,-4.977,-4.617,-3.934,-5.068,-4.667,-3.783,-4.182,-4.19,-3.93,-3.473,-4.655,-4.344,-4.607,-4.892,-3.643,-3.891,-4.259,-5.292,-4.089,-4.832,-4.842,-4.334,-4.655,-3.542,-3.763,-4.669,-3.865,-3.96,-3.811,-3.808,-4.161,-5.832,-5.518,-5.297,-5.378,-6.28,-5.073,-6.134,-4.955,-5.075,-3.497
OptTAR_Fixed_ligprep_20260117_0.5.maegz:131,-4.021,-6.687,-4.583,-3.672,-4.659,-5.468,-6.014,-4.755,-4.162,-4.803,-5.117,-5.072,-4.22,-3.556,-4.271,-3.651,-4.891,-5.041,-3.744,-5.059,-4.431,-3.763,-5.134,-3.433,-3.979,-3.735,-3.6,-4.087,-4.132,-4.334,-3.833,-4.883,-3.872,-3.654,-5.118,-3.33,-3.606,-4.286,-3.847,-4.064,-4.656,-4.948,-5.585,-6.39,-6.001,-4.91,-4.936,-4.458,-4.521,-4.451
OptTAR_Fixed_ligprep_20260117_0.5.maegz:132,-3.482,-5.162,-4.548,-4.248,-5.102,-5.576,-5.149,-4.695,-4.294,-4.779,-5.298,-4.387,-4.904,-3.114,-4.149,-4.12,-4.955,-3.789,-3.845,-3.853,-5.004,-4.165,-4.194,-3.78,-3.355,-4.446,-4.937,-3.986,-4.286,-4.378,-4.091,-4.98,-4.261,-4.183,-4.288,-3.134,-4.9,-4.078,-3.543,-3.97,-5.957,-4.9,-6.091,-6.227,-6.009,-5.892,-5.002,-4.582,-4.836,-4.181
OptTAR_Fixed_ligprep_20260117_0.5.maegz:133,-4.92,-5.939,-6.776,-5.877,-5.472,-5.273,-5.225,-5.634,-5.651,-6.41,-7.177,-4.993,-7.353,-4.747,-5.407,-6.061,-5.807,-6.255,-4.84,-4.923,-4.838,-4.91,-5.851,-4.886,-4.878,-5.073,-4.334,-5.407,-6.501,-5.264,-4.614,-5.464,-5.434,-4.917,-7.668,-4.589,-4.03,-4.785,-5.748,-4.832,-5.536,-6.608,-7.284,-7.274,-7.089,-7.478,-7.066,-5.662,-5.18,-5.056
OptTAR_Fixed_ligprep_20260117_0.5.maegz:134,-4.472,-5.939,-5.59,-4.493,-5.706,-5.31,-6.696,-4.978,-5.564,-5.445,-5.677,-5.447,-5.264,-4.758,-5.106,-5.703,-5.007,-5.372,-5.066,-5.128,-5.372,-5.172,-5.778,-6.138,-4.786,-4.456,-5.738,-5.597,-5.673,-5.235,-5.945,-5.047,-4.916,-4.019,-5.172,-5.789,-4.9,-4.011,-4.779,-4.616,-5.553,-5.812,-5.761,-5.953,-5.883,-5.569,-5.951,-5.925,-5.357,-4.453
OptTAR_Fixed_ligprep_20260117_0.5.maegz:135,-4.571,-6.522,-5.504,-4.333,-5.502,-4.856,-5.218,-4.848,-4.793,-4.294,-5.649,-4.714,-4.906,-3.827,-3.968,-5.119,-5.279,-3.806,-4.159,-4.279,-4.461,-5.094,-4.222,-4.347,-4.703,-4.607,-4.734,-4.524,-4.196,-4.081,-3.772,-4.575,-4.888,-4.066,-5.809,-4.484,-6.443,-4.055,-3.831,-4.035,-5.222,-5.446,-5.488,-5.601,-6.391,-5.628,-6.162,-4.491,-5.162,-4.891
OptTAR_Fixed_ligprep_20260117_0.5.maegz:136,-4.019,-3.82,-3.863,-3.151,-3.146,-4.429,-4.263,-3.796,-5.01,-3.884,-4.759,-3.721,-4.073,-3.18,-3.531,-3.828,-2.783,-4.611,-3.163,-3.407,-3.434,-3.244,-3.152,-2.502,-3.841,-3.425,-4.414,-3.112,-3.945,-2.229,-3.163,-3.097,-2.254,-1.707,-4.44,-4.007,-4.15,-3.746,-3.442,-1.508,-4.696,-3.375,-4.296,-3.382,-5.33,-4.913,-5.471,-2.308,-4.3,-1.756
OptTAR_Fixed_ligprep_20260117_0.5.maegz:137,-3.239,-5.825,-3.627,-3.34,-5.26,-4.871,-5.194,-3.8,-4.621,-4.163,-3.898,-4.073,-5.142,-2.484,-4.615,-3.999,-4.143,-3.689,-3.846,-3.947,-3.984,-3.965,-4.247,-4.53,-3.493,-3.612,-5.105,-4.001,-3.418,-3.873,-3.853,-3.687,-3.546,-3.542,-4.064,-3.257,-5.743,-3.378,-3.863,-3.139,-4.091,-4.572,-4.686,-3.817,-5.244,-3.684,-4.49,-1.312,-4.364,-2.304
OptTAR_Fixed_ligprep_20260117_0.5.maegz:138,-2.366,-2.752,-1.245,-2.0,-3.761,-1.94,-3.983,-2.827,-2.173,-0.4943,-3.892,-2.946,-2.293,-1.979,-2.308,-1.317,-3.42,-0.931,-2.369,-2.172,-0.928,-2.911,-3.237,-3.134,-2.043,-1.715,-3.026,-2.212,-2.482,-2.001,-3.02,-0.9062,-1.075,-0.556,-3.071,-3.256,-1.374,-3.029,-2.575,-1.937,-3.268,-1.893,-3.028,-2.304,-2.839,-4.098,-2.989,-2.774,-3.132,-0.8989
OptTAR_Fixed_ligprep_20260117_0.5.maegz:139,-3.402,-2.985,-2.706,-4.031,-3.783,-4.127,-4.993,-0.152,-2.826,-2.278,-4.624,-3.901,-4.995,-2.746,-2.859,-3.669,-3.225,-3.411,-3.451,-0.2614,-4.272,-2.69,-3.329,-3.97,-2.661,-1.548,-3.624,-1.643,-0.5951,-1.378,-3.248,-0.8769,-2.746,-2.295,-3.462,-3.024,-4.556,-3.737,-2.418,-2.976,-4.13,-5.491,-4.708,-2.412,-3.024,-3.915,-4.2,-1.733,-0.7686,-0.6212
OptTAR_Fixed_ligprep_20260117_0.5.maegz:140,-4.528,-4.032,-3.555,-3.54,-5.007,-4.839,-6.142,-4.756,-4.731,-4.346,-4.542,-3.766,-4.737,-4.187,-3.874,-3.566,-4.247,-2.98,-4.129,-3.951,-4.334,-3.814,-4.161,-3.805,-4.043,-3.874,-3.803,-3.794,-3.967,-3.294,-3.537,-3.91,-3.103,-3.493,-4.032,-3.864,-5.058,-3.64,-3.539,-3.387,-4.522,-5.562,-4.403,-3.449,-4.622,-4.215,-3.249,-3.891,-4.322,-3.252
OptTAR_Fixed_ligprep_20260117_0.5.maegz:141,-1.523,-3.121,-3.158,-2.428,-3.068,-2.263,-2.006,-3.503,-1.51,-1.868,-3.656,-2.517,-2.948,-1.989,-2.35,-2.068,-0.7522,-2.464,-3.726,-3.718,-0.6504,-3.131,-3.817,-3.921,-2.135,-3.205,-3.522,-2.874,-2.793,-2.211,-2.433,-3.015,-1.653,-1.69,-3.0,-2.562,-1.764,-2.927,-2.687,-2.384,-3.392,-1.733,-4.194,-3.276,-3.175,-1.509,-3.334,-2.356,-3.307,-2.909
OptTAR_Fixed_ligprep_20260117_0.5.maegz:142,-3.027,-3.683,-3.427,-4.394,-4.287,-2.329,-3.787,-3.717,-2.915,-3.41,-3.428,-3.513,-4.049,-3.077,-3.326,-3.523,-3.813,-1.608,-3.443,-3.106,-3.822,-3.773,-3.966,-2.677,-3.934,-3.915,-4.68,-2.218,-3.933,-3.679,-3.04,-1.158,-3.937,-3.229,-3.707,-3.723,-5.447,-1.46,-3.872,-3.258,-4.184,-5.403,-3.541,-4.715,-3.881,-2.578,-1.708,-2.576,-2.906,-1.313
OptTAR_Fixed_ligprep_20260117_0.5.maegz:143,-4.98,-6.094,-5.234,-5.265,-5.474,-6.483,-5.709,-5.976,-4.737,-5.601,-6.271,-5.075,-4.789,-4.677,-5.053,-5.471,-5.7,-4.76,-5.169,-4.692,-5.249,-5.452,-5.31,-4.497,-4.503,-4.552,-5.304,-4.819,-5.644,-5.761,-6.212,-5.793,-5.106,-5.447,-5.582,-5.234,-5.294,-5.06,-4.764,-5.073,-5.613,-6.66,-6.72,-7.101,-7.376,-6.154,-7.172,-5.354,-5.488,-5.488
OptTAR_Fixed_ligprep_20260117_0.5.maegz:144,-4.541,-4.465,-4.084,-3.134,-5.528,-3.516,-4.132,-5.387,-3.514,-3.548,-4.048,-2.401,-3.409,-3.99,-3.75,-4.079,-3.4,-2.187,-2.909,-2.044,-3.266,-3.704,-4.111,-4.858,-3.393,-1.585,-4.319,-2.28,-3.699,-3.202,-4.064,-3.444,-2.816,-3.682,-4.278,-3.102,-2.936,-4.001,-2.071,-2.557,-3.852,-3.083,-4.853,-3.704,-6.389,-4.63,-3.461,-3.859,-3.494,-2.387
OptTAR_Fixed_ligprep_20260117_0.5.maegz:145,-3.205,-5.79,-5.244,-4.687,-5.694,-5.903,-4.695,-5.882,-4.109,-4.566,-4.906,-4.283,-4.963,-4.71,-4.935,-3.887,-3.488,-3.816,-4.456,-4.903,-4.354,-4.95,-5.25,-4.075,-4.179,-4.786,-4.711,-4.188,-3.76,-3.82,-3.092,-3.919,-2.479,-4.059,-4.246,-3.821,-3.819,-4.636,-4.812,-5.105,-5.587,-4.774,-5.308,-3.906,-3.474,-4.487,-5.66,-4.647,-4.24,-3.699
OptTAR_Fixed_ligprep_20260117_0.5.maegz:146,-5.163,-7.286,-5.857,-5.591,-5.838,-6.926,-7.396,-6.6,-5.8,-6.494,-5.899,-6.385,-6.379,-4.783,-6.553,-5.372,-5.311,-5.036,-5.421,-5.473,-5.849,-6.024,-6.817,-5.298,-4.971,-5.473,-5.513,-5.223,-6.366,-5.656,-5.099,-6.911,-5.225,-5.283,-6.281,-4.807,-5.805,-7.239,-5.516,-5.975,-6.307,-6.536,-7.721,-7.541,-8.147,-7.884,-7.447,-5.662,-5.63,-5.894
OptTAR_Fixed_ligprep_20260117_0.5.maegz:147,-3.314,-4.89,-3.381,-3.59,-4.16,-4.97,-4.48,-3.342,-1.885,-3.52,-3.468,-3.125,-4.072,-1.989,-2.983,-2.805,-1.836,-2.605,-3.29,-3.274,-3.561,-3.875,-3.851,-1.881,-4.834,-3.376,-4.056,-3.899,-3.251,-2.687,-3.426,-3.477,-2.742,-2.338,-3.194,-2.165,-3.75,-3.4,-2.74,-2.66,-4.012,-5.061,-4.236,-5.466,-5.198,-3.672,-3.595,-3.774,-2.712,-3.196
OptTAR_Fixed_ligprep_20260117_0.5.maegz:148,-2.203,-2.705,-0.6255,-2.717,-4.611,-4.401,-5.396,-3.817,-3.29,-3.405,-3.744,-3.824,-3.869,-2.369,-3.604,-3.118,-3.648,-3.583,-2.383,-3.97,-3.177,-2.503,-4.428,-2.515,-3.912,-4.77,-4.045,-4.063,-3.105,-2.196,-3.434,-4.645,-2.25,-2.774,-3.031,-3.96,-4.213,-3.478,-3.267,-3.806,-4.221,-5.288,-3.208,-2.332,-3.256,-4.055,-3.886,-3.477,-3.675,-3.666
OptTAR_Fixed_ligprep_20260117_0.5.maegz:149,-2.406,-3.689,-3.466,-3.54,-4.183,-5.035,-4.015,-4.644,-3.548,-4.022,-4.763,-2.103,-3.971,-3.355,-3.33,-3.76,-1.928,-3.446,-3.093,-3.608,-3.875,-4.239,-4.594,-4.167,-4.126,-2.298,-4.915,-2.607,-3.436,-2.428,-3.608,-3.593,-3.523,-2.165,-3.548,-3.258,-3.041,-2.924,-2.944,-3.379,-4.024,-5.701,-4.183,-4.44,-4.15,-4.287,-4.073,-4.381,-3.31,-3.477
OptTAR_Fixed_ligprep_20260117_0.5.maegz:150,-2.945,-4.183,-4.48,-1.789,-4.502,-3.812,-3.914,-4.138,-1.685,-3.557,-3.712,-3.307,-4.521,-3.013,-3.49,-3.651,-1.81,-3.309,-2.302,-3.462,-4.147,-3.71,-2.243,-4.429,-4.911,-3.981,-4.505,-1.837,-2.243,-3.414,-3.529,-2.344,-4.168,-2.837,-4.34,-4.485,-3.84,-3.747,-3.46,-3.658,-4.9,-5.986,-4.506,-4.16,-5.603,-3.975,-2.466,-4.216,-4.434,-3.959
OptTAR_Fixed_ligprep_20260117_0.5.maegz:151,-3.052,-4.563,-3.116,-3.612,-4.885,-4.269,-5.675,-5.163,-3.429,-4.531,-4.393,-3.341,-2.811,-1.968,-2.852,-1.788,-1.667,-2.755,-2.471,-2.378,-3.544,-4.118,-3.447,-4.3,-3.519,-3.935,-3.991,-3.383,-4.168,-2.387,-2.253,-3.859,-2.792,-3.355,-3.165,-3.954,-2.832,-3.11,-3.282,-2.265,-4.525,-4.861,-3.702,-4.196,-4.844,-4.468,-4.259,-3.276,-2.841,-3.577
OptTAR_Fixed_ligprep_20260117_0.5.maegz:152,-3.161,-3.497,-1.817,-3.58,-3.977,-3.476,-4.282,-3.308,-2.233,-3.334,-4.15,-3.777,-4.173,-3.114,-4.208,-3.087,-2.029,-3.452,-1.419,-3.603,-4.376,-4.085,-3.575,-3.121,-3.045,-0.7651,-1.551,-2.481,-3.238,-3.403,-2.964,-3.26,-3.396,-3.518,-3.61,-3.703,-2.604,-3.252,-3.337,-3.464,-5.117,-3.863,-1.38,-4.604,-4.129,-3.828,-4.334,-4.379,-4.174,-3.606
OptTAR_Fixed_ligprep_20260117_0.5.maegz:153,-3.177,-3.907,-2.468,-3.714,-4.051,-4.676,-4.822,-4.246,-3.175,-3.469,-3.667,-2.561,-3.685,-2.304,-2.184,-3.06,-0.7221,-2.26,-3.316,-1.676,-3.062,-3.337,-3.682,-1.004,-2.531,-2.289,-4.415,-1.085,-2.887,-3.304,-3.255,-3.865,-1.964,-1.827,-3.267,-3.691,-2.233,-2.521,-2.938,-2.823,-3.725,-5.056,-3.921,-5.4,-5.1,-4.211,-3.807,-4.387,-4.205,-1.59
OptTAR_Fixed_ligprep_20260117_0.5.maegz:154,-2.217,-3.239,-3.886,-2.689,-4.249,-5.095,-2.778,-4.027,-3.276,-3.15,-2.597,-3.436,-3.758,-3.219,-2.887,-2.025,-4.035,-2.971,-2.073,-3.392,-3.772,-3.897,-3.276,-3.859,-3.501,-4.157,-3.96,-2.972,-3.365,-3.596,-2.866,-3.497,-2.613,-3.101,-3.009,-3.742,-2.949,-3.197,-2.703,-3.519,-3.205,-2.878,-3.794,-4.525,-3.946,-4.286,-4.236,-3.801,-3.582,-3.553
OptTAR_Fixed_ligprep_20260117_0.5.maegz:155,-2.054,-4.74,-3.504,-3.573,-2.74,-5.199,-4.531,-4.071,-3.579,-3.777,-4.287,-3.598,-4.306,-3.131,-2.996,-3.671,-3.726,-3.001,-1.584,-3.47,-3.463,-4.04,-4.103,-2.513,-2.566,-3.103,-3.787,-3.43,-3.624,-3.92,-1.09,-3.824,-2.398,-1.712,-3.477,-2.405,-3.14,-3.213,-2.981,-2.723,-3.861,-5.048,-3.721,-4.118,-4.617,-4.624,-4.975,-4.231,-3.411,-3.865
OptTAR_Fixed_ligprep_20260117_0.5.maegz:156,-2.704,-4.837,-2.219,-3.421,-1.679,-3.848,-4.037,-5.102,-3.263,-4.063,-4.333,-4.008,-3.804,-2.975,-2.422,-4.444,-4.109,-2.386,-1.906,-3.949,-3.88,-4.085,-3.25,-3.27,-2.728,-3.402,-4.668,-3.476,-2.642,-2.982,-3.808,-4.014,-3.108,-3.061,-2.585,-4.442,-2.882,-4.205,-3.337,-3.98,-3.517,-5.11,-3.523,-4.358,-5.399,-4.66,-4.591,-2.96,-4.765,-3.445
OptTAR_Fixed_ligprep_20260117_0.5.maegz:157,-2.893,-4.243,-2.791,-3.216,-3.517,-4.292,-4.317,-3.54,-3.459,-3.661,-3.632,-2.858,-3.777,-2.44,-2.62,-3.73,-3.88,-2.516,-2.86,-1.821,-3.251,-2.972,-3.871,-3.275,-2.7,-2.628,-4.157,-3.621,-2.777,-3.677,-2.489,-3.856,-3.005,-1.774,-3.693,-3.834,-2.936,-3.126,-2.938,-2.58,-3.563,-5.005,-4.478,-3.816,-4.971,-4.385,-4.804,-4.37,-3.787,-3.483
OptTAR_Fixed_ligprep_20260117_0.5.maegz:158,-1.704,-4.827,-4.677,-3.456,-4.038,-4.764,-4.626,-4.918,-0.08179,-3.811,-4.121,-3.724,-4.604,-2.937,-4.019,-3.619,-2.709,-3.959,-3.368,-3.429,-3.127,-3.826,-4.09,-4.703,-2.853,-1.962,-3.864,-3.618,-3.975,-3.653,-3.989,-3.563,-4.374,-3.767,-2.658,-3.472,-5.544,-3.062,-3.542,-4.424,-5.037,-4.971,-5.67,-4.126,-6.119,-4.474,-4.553,-4.547,-4.576,-4.022
OptTAR_Fixed_ligprep_20260117_0.5.maegz:159,-3.392,-4.543,-4.513,-3.733,-4.608,-5.166,-3.484,-3.995,-3.783,-3.898,-4.285,-3.549,-3.84,-0.7461,-2.759,-1.966,-1.364,-3.243,-3.584,-2.867,-3.713,-3.813,-3.918,-3.509,-2.622,-2.434,-4.572,-3.226,-3.512,-3.532,-3.075,-3.37,-2.93,-1.818,-3.638,-3.403,-4.653,-3.128,-3.358,-2.238,-3.787,-5.295,-4.233,-5.191,-6.033,-4.9,-5.053,-4.165,-3.83,-3.755
OptTAR_Fixed_ligprep_20260117_0.5.maegz:160,-1.958,-4.836,-3.681,-2.949,-4.187,-3.201,-4.835,-4.365,-3.748,-3.173,-1.856,-3.729,-3.702,-2.437,-2.659,-3.161,-3.391,-2.906,-2.906,-3.913,-3.723,-2.917,-3.696,-3.008,-3.783,-2.658,-3.78,-2.84,-3.037,-3.613,-3.199,-4.577,-2.145,-3.181,-3.7,-4.13,-4.672,-3.917,-3.143,-3.182,-3.916,-5.618,-4.045,-4.626,-3.756,-3.48,-3.807,-3.911,-3.746,-3.341
OptTAR_Fixed_ligprep_20260117_0.5.maegz:161,-2.687,-4.766,-3.591,-3.772,-4.305,-4.348,-4.478,-3.993,-1.689,-3.884,-2.887,-3.031,-3.808,-3.6,-2.178,-1.982,-3.024,-2.525,-3.315,-3.622,-3.866,-3.832,-3.193,-2.114,-1.99,-3.502,-4.225,-3.584,-3.405,-3.066,-1.997,-4.043,-3.392,-2.687,-2.923,-4.373,-3.994,-3.786,-3.904,-3.095,-3.596,-4.302,-4.866,-5.587,-4.874,-4.563,-5.329,-3.522,-3.584,-2.644
OptTAR_Fixed_ligprep_20260117_0.5.maegz:162,-1.74,-3.058,-2.896,-3.382,-4.198,-4.302,-5.013,-4.57,-1.912,-2.987,-4.223,-3.418,-4.542,-2.905,-2.882,-3.898,-4.162,-3.363,-3.25,-2.772,-2.633,-3.313,-3.597,-3.063,-3.113,-3.33,-4.731,-3.825,-3.924,-3.005,-3.398,-3.965,-3.817,-2.961,-3.427,-3.942,-3.841,-3.466,-2.904,-3.433,-3.707,-5.239,-4.109,-4.239,-6.314,-4.109,-4.303,-3.877,-3.661,-3.338
OptTAR_Fixed_ligprep_20260117_0.5.maegz:163,-3.179,-4.929,-3.474,-3.513,-3.924,-3.945,-5.115,-3.694,-3.527,-2.849,-4.783,-2.661,-4.096,-3.235,-2.508,-3.252,-0.4859,-2.323,-3.851,-2.772,-0.7578,-1.785,-3.228,-2.334,-3.577,-3.132,-3.93,-3.309,-3.543,-2.635,-3.415,-3.647,-2.694,-3.374,-3.74,-2.925,-3.89,-3.943,-3.16,-2.744,-2.3,-4.545,-3.807,-3.706,-4.929,-3.186,-3.296,-2.758,-3.638,-2.365
OptTAR_Fixed_ligprep_20260117_0.5.maegz:164,-4.641,-6.854,-5.855,-4.724,-5.264,-5.705,-7.099,-5.112,-5.715,-6.202,-6.028,-5.089,-6.433,-4.981,-5.499,-5.708,-6.084,-4.652,-5.136,-5.226,-6.009,-4.875,-5.203,-5.543,-5.458,-5.884,-6.238,-5.087,-5.391,-5.343,-5.298,-5.397,-5.111,-4.735,-6.883,-5.147,-6.993,-5.176,-5.357,-5.039,-5.586,-6.439,-6.485,-6.805,-6.616,-5.903,-6.606,-4.959,-5.055,-6.125
OptTAR_Fixed_ligprep_20260117_0.5.maegz:165,-4.385,-6.138,-5.02,-5.078,-5.833,-7.233,-5.79,-6.462,-4.695,-5.351,-5.749,-5.526,-6.235,-4.389,-4.859,-5.65,-5.354,-4.34,-5.103,-5.15,-5.045,-5.021,-6.431,-4.373,-4.444,-4.628,-6.325,-4.747,-4.867,-5.536,-4.584,-6.026,-4.908,-5.049,-5.614,-5.053,-4.774,-5.255,-5.488,-4.811,-5.432,-7.903,-6.203,-5.261,-7.332,-7.01,-5.199,-4.663,-6.108,-5.414
OptTAR_Fixed_ligprep_20260117_0.5.maegz:166,-4.089,-4.893,-4.981,-4.36,-4.759,-4.532,-5.089,-5.193,-4.787,-4.618,-5.717,-4.732,-5.197,-3.703,-4.073,-4.879,-4.352,-5.498,-4.396,-4.923,-3.791,-4.579,-5.14,-3.678,-4.143,-4.457,-4.061,-4.192,-4.836,-5.23,-4.866,-5.083,-3.768,-4.373,-6.57,-4.432,-6.234,-3.825,-3.952,-4.469,-4.959,-6.095,-5.375,-5.816,-6.839,-4.813,-5.188,-4.402,-4.574,-4.288
OptTAR_Fixed_ligprep_20260117_0.5.maegz:167,-4.567,-5.669,-4.859,-4.916,-5.128,-6.276,-6.047,-5.723,-4.228,-6.123,-6.276,-5.091,-5.859,-4.78,-5.256,-5.298,-5.123,-4.274,-5.43,-4.931,-6.468,-4.989,-5.468,-4.345,-4.212,-4.102,-4.921,-5.139,-5.928,-5.931,-4.881,-5.542,-4.563,-5.522,-6.35,-4.513,-4.706,-4.402,-4.481,-4.869,-7.11,-6.321,-5.083,-7.503,-8.033,-7.152,-6.419,-5.585,-6.041,-5.421
OptTAR_Fixed_ligprep_20260117_0.5.maegz:168,-4.783,-4.635,-4.949,-5.195,-6.522,-4.166,-4.974,-4.99,-5.415,-4.344,-6.449,-5.355,-6.455,-4.233,-5.119,-4.607,-6.082,-5.511,-4.283,-5.42,-5.63,-4.969,-5.754,-4.117,-4.265,-3.329,-4.763,-4.544,-5.429,-6.073,-4.229,-4.685,-4.72,-4.53,-5.436,-5.599,-4.658,-4.383,-4.464,-5.904,-5.94,-5.059,-5.689,-5.767,-8.007,-7.074,-6.956,-5.248,-5.662,-4.887
OptTAR_Fixed_ligprep_20260117_0.5.maegz:169,-4.372,-6.484,-5.429,-5.106,-5.863,-5.452,-5.495,-4.667,-4.592,-5.069,-4.582,-4.551,-5.171,-3.854,-4.421,-5.604,-4.074,-5.34,-3.904,-4.869,-4.904,-4.383,-5.054,-5.728,-4.908,-3.76,-4.369,-5.216,-4.904,-5.284,-4.861,-5.408,-4.454,-3.993,-5.857,-4.312,-4.539,-4.537,-4.247,-4.755,-5.747,-6.066,-5.797,-5.852,-6.813,-5.838,-5.479,-4.854,-4.942,-4.32
OptTAR_Fixed_ligprep_20260117_0.5.maegz:170,-4.485,-5.99,-6.232,-5.26,-6.304,-6.431,-6.352,-5.527,-4.64,-4.905,-5.389,-5.255,-5.765,-4.38,-5.25,-5.039,-5.05,-5.173,-5.138,-5.791,-4.921,-6.482,-5.808,-5.913,-4.764,-4.489,-5.7,-5.259,-5.354,-5.001,-5.066,-5.362,-5.29,-5.028,-6.105,-5.1,-6.346,-5.277,-5.187,-5.246,-5.485,-6.709,-6.137,-4.724,-6.706,-5.151,-6.571,-5.104,-5.643,-4.72
OptTAR_Fixed_ligprep_20260117_0.5.maegz:171,-3.53,-5.026,-6.187,-4.609,-6.792,-4.9,-5.339,-4.887,-5.538,-5.419,-5.77,-5.475,-5.28,-3.564,-4.091,-5.016,-4.783,-4.832,-4.825,-5.502,-4.983,-5.343,-4.946,-4.448,-3.59,-4.265,-4.757,-4.303,-5.839,-4.67,-5.662,-5.61,-4.381,-2.869,-7.138,-4.166,-6.058,-4.433,-4.358,-4.987,-5.351,-6.674,-6.347,-6.002,-5.159,-6.553,-5.662,-4.771,-4.622,-4.763
OptTAR_Fixed_ligprep_20260117_0.5.maegz:172,-4.102,-4.289,-2.693,-2.877,-5.463,-4.902,-6.428,-6.028,-3.09,-2.062,-4.675,-6.019,-6.707,-1.241,-3.09,-3.715,-4.857,-2.403,-1.514,-4.719,-4.327,-4.877,-6.397,-3.77,-5.408,-1.574,-1.307,-5.054,-5.936,-4.811,-4.286,-3.183,-4.936,-3.816,-6.375,-4.302,-4.316,-5.585,-4.095,-5.014,-3.603,-7.646,-5.821,-6.354,-5.838,-4.324,-3.655,-5.551,-4.505,-3.041
OptTAR_Fixed_ligprep_20260117_0.5.maegz:173,-4.614,-7.001,-6.595,-4.986,-6.525,-6.092,-5.685,-5.167,-6.262,-5.753,-6.203,-5.987,-5.764,-4.458,-5.534,-4.888,-4.794,-4.827,-5.06,-5.286,-6.851,-6.186,-6.384,-5.935,-4.856,-3.798,-5.018,-5.725,-5.659,-5.627,-5.123,-5.669,-4.52,-4.863,-5.067,-5.256,-5.378,-6.0,-5.33,-5.887,-6.625,-6.583,-6.795,-6.525,-7.219,-6.439,-7.413,-5.833,-6.093,-4.848
OptTAR_Fixed_ligprep_20260117_0.5.maegz:174,-3.648,-6.565,-4.832,-4.462,-4.045,-5.069,-4.603,-4.875,-4.894,-4.981,-4.489,-4.913,-5.136,-3.544,-3.185,-5.24,-4.609,-4.36,-3.976,-4.142,-5.443,-4.872,-5.103,-3.325,-4.596,-3.766,-4.235,-4.786,-4.087,-4.135,-4.836,-3.863,-3.789,-4.431,-4.475,-3.243,-5.322,-5.036,-4.535,-4.385,-5.279,-5.904,-4.639,-6.49,-6.228,-6.832,-5.982,-4.462,-4.433,-3.651
OptTAR_Fixed_ligprep_20260117_0.5.maegz:175,-5.543,-5.826,-5.816,-5.551,-6.785,-7.447,-7.147,-5.818,-6.215,-5.859,-6.33,-6.683,-7.101,-5.213,-6.187,-7.265,-5.455,-4.668,-6.306,-5.803,-6.298,-5.718,-6.826,-5.164,-6.191,-4.999,-5.547,-5.294,-5.47,-5.188,-5.791,-5.365,-5.824,-4.796,-5.019,-4.937,-6.01,-6.685,-6.013,-6.486,-6.582,-6.975,-6.953,-7.243,-8.53,-7.033,-8.304,-6.053,-5.669,-5.288
OptTAR_Fixed_ligprep_20260117_0.5.maegz:176,-4.065,-4.63,-4.753,-5.11,-4.086,-5.855,-5.351,-5.256,-4.165,-5.462,-5.44,-5.515,-6.65,-3.778,-6.175,-5.837,-5.02,-4.432,-4.98,-4.468,-6.517,-5.11,-6.396,-3.863,-4.638,-4.493,-4.077,-5.458,-4.863,-5.27,-5.212,-4.535,-4.771,-4.508,-5.028,-5.804,-4.808,-5.185,-5.264,-5.232,-6.945,-6.03,-5.622,-6.585,-7.375,-6.054,-6.108,-4.718,-5.57,-4.496
OptTAR_Fixed_ligprep_20260117_0.5.maegz:177,-4.107,-5.519,-5.495,-4.822,-6.49,-6.271,-5.301,-5.91,-5.231,-5.285,-5.76,-5.162,-5.463,-4.184,-5.052,-4.728,-5.05,-4.672,-4.505,-5.197,-5.017,-5.14,-5.759,-4.332,-4.465,-4.374,-6.176,-4.696,-4.949,-5.406,-5.001,-6.496,-4.16,-4.603,-7.335,-4.658,-4.628,-4.954,-4.715,-4.755,-5.405,-6.82,-7.029,-6.97,-7.341,-5.117,-4.993,-5.253,-5.414,-4.941
OptTAR_Fixed_ligprep_20260117_0.5.maegz:178,-4.305,-4.552,-4.798,-4.278,-5.227,-5.347,-5.222,-4.65,-4.604,-4.94,-5.648,-5.298,-4.952,-4.46,-4.565,-4.685,-6.003,-4.051,-4.422,-4.344,-4.033,-4.171,-5.246,-4.136,-3.854,-3.801,-4.821,-4.594,-4.646,-5.108,-3.82,-5.461,-3.768,-4.361,-6.047,-2.97,-3.589,-3.852,-3.612,-3.731,-6.062,-5.901,-5.829,-4.986,-6.122,-5.4,-5.279,-4.721,-5.161,-4.146
OptTAR_Fixed_ligprep_20260117_0.5.maegz:179,-4.884,-4.982,-6.407,-4.919,-5.47,-5.393,-7.228,-5.248,-5.875,-6.817,-5.959,-5.112,-4.238,-4.527,-6.024,-5.388,-6.069,-5.693,-4.271,-5.072,-5.699,-4.901,-5.509,-4.243,-4.362,-4.366,-4.697,-4.951,-6.485,-5.702,-5.441,-4.95,-4.633,-4.718,-5.792,-4.152,-4.189,-4.905,-3.956,-4.512,-5.625,-5.955,-7.041,-6.6,-6.577,-6.425,-6.29,-4.998,-5.0,-5.869
OptTAR_Fixed_ligprep_20260117_0.5.maegz:180,-4.414,-7.542,-5.936,-4.988,-6.155,-6.182,-5.908,-5.897,-6.509,-6.147,-6.111,-6.119,-6.452,-4.601,-5.55,-5.701,-5.637,-6.522,-5.379,-5.321,-5.786,-5.488,-6.409,-6.824,-4.683,-5.752,-6.374,-5.667,-5.564,-6.208,-6.162,-6.013,-5.656,-5.38,-6.771,-6.577,-7.339,-5.627,-5.797,-5.246,-6.132,-7.153,-6.788,-6.901,-7.489,-7.683,-6.505,-5.797,-6.459,-5.833
OptTAR_Fixed_ligprep_20260117_0.5.maegz:181,-4.06,-5.769,-4.97,-4.243,-5.022,-4.806,-5.556,-5.41,-4.327,-5.057,-5.554,-4.494,-4.871,-4.623,-4.035,-4.457,-5.07,-6.087,-4.371,-4.939,-4.226,-4.488,-5.166,-4.2,-4.523,-4.672,-5.654,-4.258,-4.773,-4.79,-5.239,-5.247,-4.353,-4.787,-4.128,-4.592,-3.927,-4.48,-4.472,-4.051,-4.876,-7.171,-6.139,-5.524,-6.611,-4.918,-4.89,-4.646,-4.627,-3.876
OptTAR_Fixed_ligprep_20260117_0.5.maegz:182,-4.353,-5.948,-5.343,-4.943,-5.558,-5.921,-5.928,-5.09,-5.947,-5.597,-5.512,-4.339,-5.956,-4.341,-5.085,-4.623,-4.706,-4.422,-4.658,-5.272,-5.271,-4.752,-5.245,-4.385,-4.675,-3.741,-3.956,-4.88,-5.552,-4.456,-3.858,-4.283,-4.452,-5.42,-5.855,-4.054,-5.865,-4.791,-4.776,-4.988,-5.326,-5.262,-5.34,-5.816,-6.871,-5.754,-5.232,-4.973,-4.606,-4.345
OptTAR_Fixed_ligprep_20260117_0.5.maegz:183,-4.845,-5.611,-5.276,-4.42,-6.439,-5.076,-6.74,-5.054,-4.432,-6.196,-5.711,-4.856,-5.665,-3.842,-5.202,-4.426,-4.619,-5.021,-4.495,-4.865,-4.931,-4.321,-5.602,-3.897,-4.604,-4.88,-4.0,-3.422,-3.98,-5.091,-5.624,-5.156,-4.583,-4.231,-6.128,-4.534,-6.624,-4.863,-4.741,-3.718,-5.645,-5.954,-6.131,-6.666,-6.904,-6.291,-5.893,-5.24,-4.191,-4.833
OptTAR_Fixed_ligprep_20260117_0.5.maegz:184,-4.612,-5.159,-5.091,-5.219,-5.536,-6.487,-5.646,-6.122,-5.304,-5.19,-6.481,-4.954,-7.075,-4.506,-4.783,-5.256,-5.363,-5.783,-4.923,-5.324,-5.793,-5.499,-6.46,-4.667,-4.841,-4.426,-4.057,-4.662,-5.826,-6.651,-4.469,-6.331,-4.965,-4.474,-5.294,-4.146,-5.338,-5.198,-4.964,-4.091,-6.746,-6.356,-6.388,-6.694,-8.197,-7.324,-7.666,-6.33,-5.921,-5.229
OptTAR_Fixed_ligprep_20260117_0.5.maegz:185,-4.286,-4.451,-4.264,-4.633,-4.712,-5.649,-6.949,-5.371,-4.693,-5.162,-5.779,-4.55,-5.685,-3.514,-5.255,-4.768,-5.58,-5.147,-4.294,-4.721,-5.659,-5.594,-5.573,-3.786,-4.214,-3.678,-5.267,-4.921,-5.578,-5.634,-4.609,-4.865,-4.553,-4.071,-6.077,-4.323,-4.293,-4.39,-3.987,-4.104,-6.201,-6.283,-5.892,-6.049,-7.857,-6.881,-5.955,-5.372,-4.732,-4.176
OptTAR_Fixed_ligprep_20260117_0.5.maegz:186,-4.464,-5.378,-5.528,-5.302,-6.399,-6.253,-6.135,-5.516,-5.587,-5.644,-5.926,-4.96,-4.581,-4.114,-4.977,-4.966,-5.35,-5.147,-4.936,-5.187,-5.383,-5.281,-6.534,-4.051,-4.252,-5.04,-4.328,-4.644,-5.375,-5.73,-5.04,-6.93,-4.907,-4.817,-6.662,-4.466,-7.797,-4.822,-3.869,-4.716,-6.599,-6.569,-6.704,-6.575,-8.802,-7.099,-7.005,-5.612,-5.451,-4.363
OptTAR_Fixed_ligprep_20260117_0.5.maegz:187,-4.754,-5.823,-6.256,-5.027,-5.932,-6.231,-5.715,-5.485,-5.582,-5.18,-6.27,-5.581,-6.442,-4.36,-4.706,-5.398,-5.995,-5.149,-4.657,-5.859,-5.963,-4.867,-6.442,-4.27,-4.386,-4.201,-4.331,-4.773,-5.136,-5.427,-4.56,-4.79,-5.02,-4.43,-6.835,-4.147,-4.847,-5.21,-4.686,-4.37,-4.89,-6.802,-7.468,-6.571,-8.326,-7.631,-7.013,-6.575,-5.328,-4.801
OptTAR_Fixed_ligprep_20260117_0.5.maegz:188,-4.515,-5.813,-5.084,-4.631,-5.682,-6.08,-6.303,-6.085,-5.195,-5.488,-6.037,-5.536,-5.293,-4.153,-5.273,-5.475,-5.894,-4.707,-4.395,-5.277,-5.571,-4.48,-6.491,-4.691,-4.506,-4.864,-4.784,-4.908,-5.215,-5.697,-4.696,-4.567,-4.623,-4.316,-6.8,-4.188,-4.712,-5.463,-4.197,-3.963,-4.443,-6.48,-7.154,-6.594,-8.097,-8.217,-6.159,-5.686,-4.835,-4.301
OptTAR_Fixed_ligprep_20260117_0.5.maegz:189,-4.443,-5.918,-6.592,-5.317,-6.068,-6.038,-5.725,-5.692,-5.466,-5.946,-6.893,-5.12,-7.112,-4.772,-4.133,-5.81,-6.0,-4.76,-4.386,-5.604,-5.568,-5.111,-5.963,-4.549,-4.354,-4.968,-4.405,-5.365,-5.827,-5.974,-4.946,-5.575,-4.555,-4.045,-5.879,-4.728,-6.929,-5.065,-5.106,-4.504,-6.064,-6.363,-6.817,-7.583,-8.835,-6.889,-6.287,-6.208,-5.918,-4.633
OptTAR_Fixed_ligprep_20260117_0.5.maegz:190,-4.631,-4.647,-5.691,-4.889,-3.948,-6.071,-5.819,-5.94,-4.424,-5.311,-6.375,-4.682,-6.216,-4.187,-4.441,-4.622,-4.657,-4.645,-3.837,-5.232,-4.693,-5.234,-6.697,-3.817,-3.956,-4.122,-3.904,-4.404,-4.824,-5.975,-4.813,-5.589,-4.427,-4.143,-5.57,-3.847,-5.705,-5.346,-4.382,-4.093,-5.249,-6.501,-6.567,-7.904,-8.638,-6.352,-7.189,-4.598,-4.3,-4.73
OptTAR_Fixed_ligprep_20260117_0.5.maegz:191,-4.134,-4.1,-5.733,-4.229,-5.858,-5.982,-6.523,-5.172,-4.918,-4.853,-5.422,-4.946,-5.722,-3.643,-4.385,-5.586,-5.478,-4.71,-4.533,-5.201,-5.434,-4.399,-6.637,-4.314,-4.053,-4.847,-4.282,-4.611,-5.655,-5.629,-4.932,-4.839,-4.854,-5.233,-6.082,-4.33,-4.312,-5.2,-3.56,-4.781,-5.745,-6.508,-5.52,-7.057,-7.482,-6.421,-4.819,-5.346,-5.22,-5.298
OptTAR_Fixed_ligprep_20260117_0.5.maegz:192,-4.643,-5.944,-6.519,-4.558,-4.583,-5.65,-5.69,-6.014,-4.466,-5.582,-6.261,-5.111,-6.13,-4.616,-4.559,-5.382,-4.961,-4.815,-5.406,-5.486,-6.017,-5.977,-6.988,-4.921,-4.696,-4.16,-4.749,-5.825,-5.83,-5.941,-6.26,-4.389,-4.825,-4.721,-5.687,-5.063,-4.81,-5.432,-4.891,-5.392,-5.561,-6.354,-6.904,-6.144,-8.085,-6.518,-5.758,-5.334,-5.029,-4.934
OptTAR_Fixed_ligprep_20260117_0.5.maegz:193,-4.992,-5.08,-6.073,-4.575,-6.123,-5.809,-6.251,-5.886,-5.722,-4.646,-6.244,-5.443,-5.413,-4.744,-4.912,-5.835,-5.349,-5.796,-4.818,-4.45,-6.58,-5.612,-6.813,-4.918,-5.162,-4.415,-4.886,-5.143,-6.249,-6.042,-5.944,-5.185,-4.448,-5.583,-7.02,-4.552,-5.167,-4.807,-4.21,-5.3,-5.604,-5.478,-6.763,-7.041,-7.385,-7.204,-6.474,-5.992,-5.809,-4.958
OptTAR_Fixed_ligprep_20260117_0.5.maegz:194,-3.975,-4.933,-4.43,-4.96,-7.305,-6.255,-4.429,-5.405,-5.474,-5.783,-5.358,-5.389,-5.848,-3.788,-4.492,-5.342,-5.689,-4.834,-4.593,-4.916,-5.268,-5.187,-5.729,-4.24,-4.329,-3.947,-4.314,-4.521,-5.18,-5.175,-4.757,-5.31,-5.313,-4.528,-4.772,-3.89,-6.548,-4.705,-4.056,-4.576,-5.568,-5.483,-6.398,-6.164,-8.725,-7.097,-4.649,-5.786,-6.101,-4.446
OptTAR_Fixed_ligprep_20260117_0.5.maegz:195,-3.831,-4.765,-5.755,-4.868,-5.598,-5.452,-5.691,-6.039,-5.471,-4.582,-7.391,-5.099,-5.273,-4.241,-4.748,-5.491,-6.101,-4.938,-4.469,-3.989,-5.449,-6.855,-5.662,-4.502,-4.319,-4.675,-3.968,-4.578,-5.546,-5.831,-4.987,-4.316,-4.473,-4.626,-6.101,-4.128,-5.086,-4.704,-4.204,-4.332,-5.934,-5.741,-6.34,-6.36,-7.442,-6.651,-5.339,-5.489,-5.305,-5.69
OptTAR_Fixed_ligprep_20260117_0.5.maegz:196,-4.679,-4.285,-4.683,-4.534,-5.366,-5.457,-5.766,-4.619,-5.61,-4.253,-5.535,-4.581,-4.601,-3.909,-4.367,-5.063,-6.295,-4.174,-5.228,-4.945,-5.234,-5.578,-6.128,-4.356,-4.129,-4.372,-4.117,-5.171,-4.629,-5.576,-5.814,-4.424,-4.585,-4.352,-6.257,-3.695,-4.322,-5.599,-5.009,-4.111,-4.98,-5.521,-5.488,-5.397,-7.006,-6.204,-6.812,-5.724,-5.37,-5.309
OptTAR_Fixed_ligprep_20260117_0.5.maegz:197,-4.355,-4.318,-5.102,-5.089,-5.515,-4.596,-5.435,-5.545,-5.466,-6.666,-6.464,-4.831,-4.788,-4.785,-4.033,-5.183,-5.958,-4.401,-5.473,-4.63,-4.57,-4.811,-5.435,-4.64,-4.338,-4.761,-3.797,-4.086,-5.573,-5.791,-6.008,-4.388,-5.066,-3.837,-5.79,-4.647,-4.74,-5.895,-5.136,-4.521,-4.692,-5.201,-5.425,-6.298,-7.404,-6.947,-6.767,-4.689,-4.157,-5.695
OptTAR_Fixed_ligprep_20260117_0.5.maegz:198,-4.796,-3.62,-4.898,-4.925,-5.932,-5.214,-5.772,-5.604,-5.697,-5.072,-7.12,-4.113,-6.032,-3.595,-3.116,-3.956,-5.795,-4.805,-4.737,-3.661,-5.053,-5.03,-6.124,-4.489,-3.81,-3.756,-4.189,-3.845,-5.221,-6.025,-5.175,-4.864,-4.959,-3.525,-6.195,-3.92,-4.689,-5.241,-3.972,-4.187,-6.152,-5.687,-5.172,-6.32,-7.983,-5.668,-6.997,-5.614,-4.992,-4.11
OptTAR_Fixed_ligprep_20260117_0.5.maegz:199,-4.638,-4.75,-5.901,-4.851,-4.75,-5.925,-6.44,-5.089,-5.463,-5.029,-5.76,-4.901,-5.558,-3.756,-4.123,-5.473,-5.848,-5.124,-4.768,-4.515,-5.308,-5.143,-5.649,-4.321,-4.462,-3.632,-4.194,-4.42,-5.529,-5.757,-6.088,-4.988,-4.551,-3.8,-5.701,-5.278,-7.872,-3.308,-5.809,-5.347,-5.376,-5.999,-7.392,-5.583,-7.731,-6.477,-5.635,-5.704,-4.381,-4.196
OptTAR_Fixed_ligprep_20260117_0.5.maegz:200,-4.01,-4.445,-5.791,-3.987,-5.413,-3.482,-4.159,-4.654,-4.593,-4.991,-7.18,-4.697,-6.427,-4.781,-5.097,-4.976,-5.616,-4.082,-4.782,-3.632,-5.534,-5.405,-4.567,-4.239,-3.665,-4.429,-3.793,-3.205,-4.654,-5.662,-3.938,-3.907,-3.393,-4.624,-5.667,-3.283,-3.828,-5.339,-3.859,-4.377,-5.705,-6.127,-5.067,-5.69,-6.051,-6.473,-7.22,-5.568,-5.086,-3.854
OptTAR_Fixed_ligprep_20260117_0.5.maegz:201,-4.515,-3.785,-4.231,-4.767,-5.429,-3.788,-4.234,-5.186,-4.834,-5.281,-5.501,-5.098,-6.056,-4.737,-4.491,-4.667,-4.833,-4.035,-4.847,-4.546,-5.59,-3.647,-4.834,-4.203,-4.424,-4.4,-4.296,-4.262,-4.799,-4.693,-4.666,-4.897,-4.569,-4.636,-6.18,-4.354,-4.415,-3.955,-4.194,-4.681,-5.156,-6.726,-5.734,-5.305,-6.64,-6.553,-5.726,-4.845,-5.515,-3.586
OptTAR_Fixed_ligprep_20260117_0.5.maegz:202,-4.31,-3.669,-4.283,-4.055,-3.595,-5.169,-4.95,-4.691,-5.417,-4.998,-5.459,-5.06,-5.229,-4.302,-3.512,-4.485,-3.756,-5.292,-4.822,-4.593,-2.973,-4.988,-4.656,-3.767,-4.209,-4.083,-4.788,-4.815,-4.174,-4.685,-3.387,-5.113,-4.546,-4.486,-6.16,-3.832,-4.349,-4.505,-3.417,-4.534,-4.776,-5.745,-6.044,-6.445,-5.925,-6.115,-5.668,-4.535,-4.663,-4.454
OptTAR_Fixed_ligprep_20260117_0.5.maegz:203,-3.816,-5.069,-4.585,-4.514,-5.866,-4.912,-6.121,-4.244,-5.318,-4.975,-5.238,-4.394,-6.158,-4.448,-4.256,-5.409,-5.297,-4.389,-3.664,-3.636,-5.102,-4.303,-5.372,-3.919,-4.336,-4.28,-3.287,-4.341,-4.23,-5.629,-4.189,-4.07,-2.904,-4.543,-5.902,-5.174,-3.428,-5.287,-3.383,-4.549,-4.453,-5.922,-5.623,-6.581,-7.094,-4.991,-6.773,-4.493,-4.053,-3.894
OptTAR_Fixed_ligprep_20260117_0.5.maegz:204,-3.607,-4.119,-5.427,-5.374,-4.941,-6.123,-8.533,-6.805,-5.508,-5.732,-6.282,-6.191,-5.914,-4.344,-3.723,-5.711,-4.549,-4.243,-4.868,-4.835,-5.403,-4.649,-4.325,-3.932,-3.792,-4.165,-5.214,-4.206,-4.611,-4.853,-5.069,-4.142,-4.588,-4.803,-4.605,-4.799,-4.285,-4.731,-4.39,-5.222,-5.965,-5.824,-5.395,-6.402,-7.268,-6.53,-5.818,-6.317,-4.964,-4.641
OptTAR_Fixed_ligprep_20260117_0.5.maegz:205,-3.654,-5.617,-5.765,-4.687,-5.132,-5.829,-5.181,-3.898,-5.121,-4.426,-4.685,-4.675,-5.379,-4.629,-3.537,-4.19,-4.496,-5.733,-3.812,-4.681,-4.383,-4.041,-4.861,-4.044,-3.655,-3.729,-5.5,-5.528,-5.398,-4.43,-4.429,-3.828,-4.59,-4.308,-6.101,-3.613,-3.787,-3.665,-4.207,-3.788,-5.406,-5.694,-5.294,-6.126,-5.893,-5.6,-4.933,-4.775,-3.836,-4.338
OptTAR_Fixed_ligprep_20260117_0.5.maegz:206,-3.992,-6.82,-5.643,-5.099,-4.564,-5.772,-4.785,-4.186,-5.067,-4.991,-5.095,-4.801,-5.46,-4.37,-4.157,-4.048,-4.229,-4.126,-3.987,-4.399,-4.514,-4.652,-5.169,-4.555,-4.723,-4.665,-5.493,-4.224,-5.726,-4.941,-4.935,-4.668,-4.378,-4.449,-5.162,-4.571,-3.539,-3.601,-4.642,-4.253,-5.048,-5.587,-6.407,-6.215,-5.898,-6.173,-5.899,-4.318,-4.652,-3.823
OptTAR_Fixed_ligprep_20260117_0.5.maegz:207,-3.024,-4.833,-4.211,-4.395,-4.8,-5.928,-5.685,-5.611,-3.505,-4.03,-4.646,-4.516,-4.653,-3.764,-4.502,-4.123,-4.574,-3.893,-3.96,-4.126,-4.77,-3.833,-4.734,-3.811,-4.165,-4.218,-5.153,-3.541,-3.334,-3.492,-3.936,-4.856,-4.912,-3.538,-4.199,-4.624,-4.436,-3.677,-4.991,-4.242,-4.817,-5.166,-5.028,-5.398,-4.676,-5.027,-4.396,-4.365,-5.076,-3.94
OptTAR_Fixed_ligprep_20260117_0.5.maegz:208,-2.578,-4.575,-4.758,-4.075,-4.362,-6.377,-5.322,-5.258,-3.865,-3.789,-4.353,-3.152,-3.952,-2.812,-3.935,-4.483,-3.061,-4.268,-4.276,-4.082,-3.546,-4.019,-4.026,-3.931,-3.74,-3.668,-4.263,-3.484,-3.685,-4.15,-3.893,-4.332,-3.787,-4.097,-4.282,-4.366,-3.746,-4.86,-4.254,-3.629,-4.852,-4.171,-4.157,-4.754,-5.316,-4.131,-3.827,-3.71,-3.925,-4.04
OptTAR_Fixed_ligprep_20260117_0.5.maegz:209,-2.611,-6.428,-4.554,-3.951,-5.229,-3.464,-5.095,-4.512,-2.516,-4.764,-3.966,-4.873,-4.507,-1.971,-2.738,-4.076,-2.157,-3.532,-3.563,-0.8087,-5.464,-3.637,-1.976,-2.813,-2.688,-4.443,-3.507,-1.192,-2.449,-2.439,-4.666,-5.297,-3.027,-4.297,-3.702,-3.001,-5.015,-4.262,-2.87,-3.546,-3.922,-6.147,-4.39,-5.34,-5.859,-3.275,-3.363,-4.178,-3.426,-2.067
OptTAR_Fixed_ligprep_20260117_0.5.maegz:210,-4.291,-6.193,-4.711,-4.217,-5.568,-5.165,-5.844,-4.915,-4.77,-5.632,-5.137,-6.22,-5.205,-4.206,-5.227,-4.288,-4.888,-3.223,-4.879,-3.87,-5.885,-4.24,-4.713,-5.341,-4.707,-4.158,-4.765,-5.219,-5.019,-5.718,-5.308,-4.529,-4.453,-4.496,-5.619,-5.193,-3.73,-5.033,-5.115,-4.146,-5.492,-6.543,-6.53,-6.268,-6.365,-6.688,-5.217,-5.222,-4.621,-4.297
OptTAR_Fixed_ligprep_20260117_0.5.maegz:211,-4.052,-5.899,-4.423,-3.962,-5.726,-5.295,-5.263,-4.225,-4.386,-4.677,-4.358,-4.719,-4.893,-4.025,-3.588,-3.857,-4.571,-4.426,-4.447,-4.833,-4.794,-4.728,-5.111,-3.604,-3.537,-4.156,-3.465,-4.124,-4.52,-6.157,-4.067,-5.183,-3.402,-4.293,-6.067,-3.691,-4.902,-4.589,-4.254,-3.871,-4.707,-6.37,-5.756,-5.789,-6.501,-6.547,-6.791,-5.13,-5.115,-4.329
OptTAR_Fixed_ligprep_20260117_0.5.maegz:212,-3.194,-4.206,-5.134,-3.918,-4.473,-4.966,-5.477,-5.72,-4.043,-4.65,-4.765,-4.663,-5.13,-2.536,-4.625,-3.895,-4.252,-4.068,-3.934,-3.985,-4.916,-4.07,-4.579,-3.889,-3.769,-4.416,-3.907,-4.239,-4.77,-4.761,-3.611,-5.339,-4.111,-3.943,-4.926,-5.153,-4.262,-4.236,-3.655,-3.774,-5.439,-5.774,-5.297,-5.442,-5.983,-5.213,-5.045,-4.471,-5.265,-4.678
OptTAR_Fixed_ligprep_20260117_0.5.maegz:213,-2.797,-4.919,-3.668,-4.427,-5.566,-4.336,-4.445,-4.188,-4.86,-4.664,-4.172,-4.249,-4.823,-3.195,-4.482,-3.5,-4.564,-4.359,-3.232,-3.799,-3.713,-2.929,-4.145,-3.34,-3.025,-3.023,-3.529,-2.98,-3.479,-3.205,-3.747,-4.097,-3.233,-3.005,-3.715,-4.326,-2.584,-4.556,-3.191,-2.966,-4.228,-4.564,-5.116,-5.006,-6.619,-3.434,-4.917,-4.444,-4.816,-3.849
OptTAR_Fixed_ligprep_20260117_0.5.maegz:214,-3.351,-5.478,-4.303,-4.326,-5.393,-4.451,-4.846,-4.641,-4.328,-3.855,-4.629,-4.867,-5.454,-4.092,-3.58,-4.391,-4.071,-3.993,-4.166,-4.347,-4.038,-5.062,-4.846,-4.151,-4.801,-5.182,-5.4,-3.767,-4.353,-4.283,-3.883,-3.849,-4.181,-3.957,-5.09,-3.868,-5.464,-3.981,-4.414,-4.019,-4.563,-4.88,-5.493,-3.608,-4.908,-4.761,-4.829,-4.766,-5.049,-3.893
OptTAR_Fixed_ligprep_20260117_0.5.maegz:215,-4.853,-6.496,-6.257,-5.312,-6.165,-8.515,-7.558,-5.526,-6.011,-6.105,-6.93,-6.82,-6.656,-5.312,-5.744,-5.666,-5.788,-6.599,-5.333,-5.35,-6.416,-5.68,-6.288,-5.57,-5.134,-5.262,-6.059,-6.093,-6.412,-5.725,-6.245,-6.608,-6.229,-5.825,-7.382,-6.171,-5.986,-6.33,-6.07,-6.179,-6.511,-6.613,-6.642,-7.586,-7.093,-7.202,-6.244,-6.319,-6.61,-5.879
OptTAR_Fixed_ligprep_20260117_0.5.maegz:216,-5.686,-6.774,-6.348,-4.999,-5.79,-8.265,-7.506,-5.239,-5.821,-5.493,-6.746,-6.616,-6.827,-4.776,-5.557,-6.869,-5.387,-6.284,-5.527,-5.199,-6.172,-6.063,-6.567,-5.475,-5.285,-5.706,-5.884,-7.285,-5.912,-6.409,-5.928,-6.589,-5.895,-5.294,-6.244,-6.817,-6.118,-5.955,-5.621,-5.529,-7.337,-6.836,-7.257,-7.111,-7.491,-6.879,-6.104,-6.403,-6.785,-5.945
OptTAR_Fixed_ligprep_20260117_0.5.maegz:217,-3.962,-3.889,-4.523,-3.674,-3.888,-4.85,-5.319,-3.749,-3.986,-4.076,-4.262,-4.489,-4.733,-3.417,-3.872,-4.124,-4.359,-3.706,-4.434,-3.671,-4.003,-3.815,-4.882,-3.45,-3.872,-4.385,-4.371,-3.777,-3.745,-4.164,-4.065,-4.559,-3.838,-3.915,-4.187,-4.632,-5.322,-3.387,-3.943,-3.421,-5.068,-4.466,-4.375,-3.506,-4.91,-4.119,-4.889,-3.981,-4.058,-4.159
OptTAR_Fixed_ligprep_20260117_0.5.maegz:218,-4.648,-6.037,-4.363,-5.716,-5.877,-6.001,-5.543,-4.771,-4.647,-5.779,-5.177,-4.988,-5.922,-3.674,-5.032,-4.855,-4.859,-4.709,-4.739,-5.492,-5.277,-4.636,-5.515,-4.209,-6.444,-4.167,-5.916,-4.507,-4.884,-5.596,-4.716,-5.188,-4.723,-4.175,-4.849,-5.038,-4.33,-4.843,-4.263,-4.857,-5.461,-6.329,-6.77,-6.075,-7.746,-5.808,-6.152,-4.487,-4.726,-4.26
OptTAR_Fixed_ligprep_20260117_0.5.maegz:219,-3.775,-5.662,-5.617,-4.728,-5.401,-5.905,-6.17,-4.996,-4.784,-4.986,-5.278,-5.356,-5.777,-4.556,-3.942,-5.153,-4.871,-4.493,-4.706,-5.182,-5.674,-4.248,-5.572,-5.109,-4.678,-4.902,-5.0,-5.158,-4.895,-4.602,-4.469,-4.824,-5.069,-4.333,-6.909,-4.613,-6.519,-4.875,-5.039,-5.004,-5.714,-5.993,-5.853,-5.353,-7.499,-6.313,-5.463,-4.841,-5.424,-5.907
OptTAR_Fixed_ligprep_20260117_0.5.maegz:220,-3.785,-6.332,-5.912,-4.658,-5.776,-5.599,-6.764,-5.816,-5.206,-4.831,-5.686,-5.885,-5.226,-3.927,-4.048,-5.427,-4.864,-6.056,-5.099,-4.82,-5.211,-5.906,-5.888,-4.269,-4.308,-4.357,-5.056,-5.329,-5.483,-5.559,-4.864,-5.413,-5.061,-4.646,-6.716,-4.413,-6.421,-4.94,-5.201,-5.207,-5.912,-5.311,-6.635,-4.886,-7.108,-5.958,-6.096,-5.085,-5.864,-4.777
OptTAR_Fixed_ligprep_20260117_0.5.maegz:221,-4.547,-6.218,-5.669,-5.392,-6.479,-6.256,-7.142,-5.019,-5.066,-5.214,-5.753,-5.592,-5.903,-4.117,-5.444,-5.972,-5.033,-4.475,-5.0,-4.895,-5.259,-6.158,-5.703,-6.049,-4.812,-3.92,-6.133,-4.643,-5.989,-5.892,-5.801,-5.021,-4.669,-4.924,-6.222,-5.022,-5.135,-5.154,-5.06,-5.195,-6.018,-5.836,-6.28,-6.099,-7.073,-7.101,-7.357,-5.244,-5.293,-5.32
OptTAR_Fixed_ligprep_20260117_0.5.maegz:222,-4.43,-5.71,-5.613,-4.618,-5.376,-5.807,-7.026,-5.346,-4.891,-5.126,-5.173,-5.208,-5.693,-4.227,-4.821,-5.204,-5.612,-4.173,-5.318,-5.02,-4.714,-4.857,-4.387,-5.238,-4.045,-5.582,-5.434,-5.203,-4.266,-3.911,-5.277,-5.206,-4.425,-4.659,-6.499,-4.605,-4.835,-4.487,-4.382,-5.269,-5.358,-6.47,-6.523,-7.051,-6.751,-4.407,-6.174,-5.547,-5.2,-5.057
OptTAR_Fixed_ligprep_20260117_0.5.maegz:223,-3.976,-5.145,-5.594,-4.665,-5.49,-5.803,-6.091,-5.5,-4.849,-4.757,-5.004,-5.378,-5.599,-4.928,-4.125,-4.934,-5.086,-4.357,-4.808,-6.021,-4.843,-5.146,-5.327,-3.626,-4.616,-4.375,-5.383,-4.302,-4.527,-5.104,-4.876,-4.74,-4.855,-4.571,-6.667,-5.476,-4.682,-4.995,-4.041,-5.124,-5.812,-6.631,-6.707,-7.342,-6.597,-5.958,-5.43,-5.081,-5.112,-4.961
OptTAR_Fixed_ligprep_20260117_0.5.maegz:224,-3.76,-3.947,-4.743,-3.867,-4.767,-4.78,-4.118,-3.895,-3.038,-4.117,-4.805,-4.467,-4.423,-3.885,-3.59,-4.433,-4.073,-4.537,-3.602,-4.23,-3.594,-4.58,-4.086,-3.08,-2.927,-3.831,-5.237,-4.44,-4.027,-3.902,-3.732,-3.906,-4.145,-3.647,-4.155,-4.582,-3.799,-3.44,-3.777,-3.628,-4.212,-4.647,-4.34,-5.037,-5.567,-5.171,-4.966,-3.107,-4.077,-3.299
OptTAR_Fixed_ligprep_20260117_0.5.maegz:225,-4.158,-5.289,-5.722,-4.278,-4.958,-5.754,-6.272,-4.627,-5.138,-5.081,-5.21,-4.873,-5.455,-3.491,-4.843,-4.721,-4.982,-5.317,-5.521,-4.488,-4.608,-3.61,-5.529,-4.421,-3.617,-4.24,-4.31,-5.764,-5.316,-4.837,-5.008,-5.173,-4.595,-4.369,-5.723,-4.603,-5.831,-4.744,-4.677,-4.826,-4.906,-6.006,-6.043,-5.943,-6.286,-6.631,-4.967,-5.002,-4.921,-4.378
OptTAR_Fixed_ligprep_20260117_0.5.maegz:226,-4.009,-6.148,-3.913,-4.224,-6.241,-5.626,-4.626,-5.743,-4.667,-5.277,-5.06,-3.227,-4.675,-3.24,-4.625,-4.283,-4.567,-4.525,-3.787,-4.88,-5.023,-3.988,-5.225,-4.036,-4.086,-4.049,-4.123,-4.309,-4.218,-5.112,-4.581,-4.541,-3.741,-3.841,-4.013,-4.181,-4.995,-4.577,-4.033,-3.895,-5.304,-6.526,-5.455,-6.227,-6.73,-6.349,-4.622,-4.1,-5.34,-4.816
OptTAR_Fixed_ligprep_20260117_0.5.maegz:227,-4.643,-7.65,-6.367,-4.644,-6.02,-6.841,-7.347,-5.282,-5.567,-6.799,-5.869,-5.544,-6.02,-4.373,-5.381,-6.073,-6.578,-4.592,-4.657,-6.599,-4.63,-5.964,-5.666,-4.857,-5.004,-6.87,-6.321,-5.138,-5.268,-5.983,-6.408,-5.098,-4.872,-4.386,-6.57,-5.934,-6.407,-5.336,-4.753,-5.173,-6.216,-6.208,-6.038,-6.547,-5.664,-6.616,-7.106,-5.654,-6.109,-5.147
OptTAR_Fixed_ligprep_20260117_0.5.maegz:228,-3.116,-5.985,-3.951,-3.793,-5.329,-5.086,-5.246,-5.369,-4.231,-4.512,-4.378,-3.676,-4.016,-3.009,-4.589,-4.001,-4.349,-4.059,-3.763,-3.967,-3.748,-2.934,-3.625,-3.95,-3.292,-2.918,-5.286,-2.898,-3.647,-3.543,-4.988,-5.209,-3.19,-3.139,-3.783,-3.773,-3.821,-2.82,-2.99,-4.427,-4.271,-4.782,-4.595,-4.896,-6.899,-3.503,-3.313,-3.906,-4.51,-4.029
OptTAR_Fixed_ligprep_20260117_0.5.maegz:229,-2.57,-5.848,-4.673,-4.309,-4.932,-4.725,-5.189,-4.848,-3.835,-4.28,-5.186,-4.125,-4.047,-3.566,-4.448,-4.38,-4.298,-3.222,-3.611,-3.813,-3.92,-3.637,-3.987,-3.341,-4.414,-3.246,-5.491,-3.478,-3.802,-4.108,-4.66,-4.834,-2.571,-3.608,-3.196,-3.642,-5.152,-3.463,-3.482,-3.208,-5.015,-5.532,-6.658,-5.223,-4.335,-3.59,-3.746,-4.438,-4.779,-3.872
OptTAR_Fixed_ligprep_20260117_0.5.maegz:230,-3.178,-5.448,-4.967,-3.994,-4.692,-5.168,-6.065,-4.273,-3.879,-4.802,-5.083,-4.018,-4.277,-3.243,-5.267,-4.303,-4.135,-4.008,-4.255,-3.979,-4.475,-3.57,-3.754,-3.783,-4.762,-3.658,-4.941,-4.217,-4.319,-4.767,-5.067,-4.812,-3.6,-3.802,-4.721,-4.26,-3.613,-4.098,-4.828,-3.802,-4.325,-4.786,-5.407,-5.489,-5.264,-4.469,-4.76,-3.822,-4.558,-4.528
OptTAR_Fixed_ligprep_20260117_0.5.maegz:231,-2.701,-5.48,-4.981,-4.045,-4.634,-5.949,-6.388,-4.511,-3.131,-4.165,-4.411,-4.081,-4.036,-3.069,-4.004,-3.828,-3.853,-3.948,-4.063,-4.026,-4.243,-4.184,-4.55,-4.12,-3.241,-3.541,-4.795,-3.808,-3.243,-2.768,-3.119,-4.848,-4.407,-3.998,-4.129,-4.856,-3.75,-3.902,-4.144,-3.553,-5.063,-5.256,-4.9,-4.436,-5.647,-5.015,-3.772,-4.079,-4.28,-3.761
OptTAR_Fixed_ligprep_20260117_0.5.maegz:232,-2.796,-4.632,-3.218,-3.127,-3.604,-5.161,-3.926,-2.762,-3.384,-4.324,-3.559,-4.07,-4.088,-2.588,-3.786,-3.311,-4.6,-2.817,-2.723,-3.395,-3.352,-2.59,-3.506,-3.581,-2.813,-3.362,-3.362,-2.814,-3.76,-3.404,-4.381,-3.481,-2.871,-2.698,-3.855,-2.742,-3.81,-3.128,-3.798,-3.156,-3.497,-4.129,-4.161,-4.381,-4.272,-4.663,-3.957,-3.685,-3.931,-2.83
OptTAR_Fixed_ligprep_20260117_0.5.maegz:233,-4.345,-6.692,-5.496,-4.774,-6.35,-5.077,-6.028,-6.1,-3.701,-4.937,-4.762,-4.256,-5.116,-4.221,-5.334,-4.6,-4.57,-4.484,-4.342,-4.691,-4.986,-4.735,-4.262,-4.201,-4.149,-4.995,-6.049,-4.574,-4.738,-5.468,-5.59,-5.768,-4.175,-4.278,-6.252,-4.185,-3.912,-4.241,-5.089,-5.1,-5.18,-6.127,-5.611,-5.692,-7.236,-5.909,-5.806,-4.754,-5.519,-5.149
OptTAR_Fixed_ligprep_20260117_0.5.maegz:234,-4.31,-6.192,-5.749,-4.641,-5.124,-5.581,-6.551,-4.868,-5.415,-5.061,-5.445,-4.959,-5.513,-4.412,-4.296,-5.021,-4.961,-5.04,-4.468,-5.447,-5.141,-4.952,-5.418,-4.003,-4.85,-5.084,-4.693,-5.271,-5.083,-5.78,-5.512,-5.594,-4.57,-4.757,-6.557,-5.757,-5.943,-5.257,-4.87,-5.064,-5.017,-5.782,-6.006,-6.285,-7.067,-5.667,-5.971,-4.753,-5.638,-4.852
OptTAR_Fixed_ligprep_20260117_0.5.maegz:235,-3.88,-4.913,-5.02,-4.453,-4.888,-5.414,-5.45,-5.004,-4.489,-5.568,-5.088,-5.434,-4.927,-4.452,-3.879,-4.769,-4.573,-3.906,-4.066,-4.22,-4.405,-4.12,-4.622,-4.288,-3.896,-4.286,-4.7,-4.163,-3.918,-4.72,-4.069,-4.352,-3.486,-3.939,-5.993,-5.373,-6.017,-4.537,-4.292,-3.972,-5.062,-5.338,-6.817,-6.358,-5.64,-5.285,-5.049,-5.336,-3.742,-4.423
OptTAR_Fixed_ligprep_20260117_0.5.maegz:236,-4.327,-5.361,-6.082,-4.981,-5.681,-6.39,-5.74,-5.764,-5.534,-6.528,-6.955,-5.534,-6.95,-5.962,-5.48,-5.079,-5.325,-4.859,-5.335,-5.659,-6.857,-6.801,-5.836,-5.299,-5.52,-5.261,-6.691,-6.416,-6.508,-5.604,-5.687,-6.228,-5.402,-4.57,-5.468,-5.453,-5.314,-5.796,-5.518,-6.088,-7.076,-6.734,-7.811,-7.064,-7.333,-6.545,-7.93,-6.199,-5.922,-5.291
OptTAR_Fixed_ligprep_20260117_0.5.maegz:237,-3.057,-5.183,-4.388,-3.745,-4.957,-4.58,-5.52,-5.379,-3.793,-3.261,-4.752,-3.059,-4.653,-3.404,-4.308,-3.911,-4.847,-3.417,-3.339,-4.011,-5.419,-4.484,-3.22,-3.546,-3.389,-2.791,-4.175,-4.95,-4.952,-5.195,-4.24,-4.924,-3.734,-3.898,-4.881,-3.115,-3.879,-3.77,-4.542,-3.61,-4.765,-5.778,-5.414,-6.351,-5.916,-6.536,-5.794,-4.644,-4.945,-3.277
OptTAR_Fixed_ligprep_20260117_0.5.maegz:238,-3.874,-3.917,-4.937,-3.549,-5.867,-5.542,-4.877,-4.841,-4.182,-4.116,-5.043,-4.476,-5.268,-3.582,-3.659,-3.77,-4.182,-4.412,-5.003,-5.083,-4.475,-5.464,-5.232,-4.346,-4.221,-3.664,-3.414,-4.687,-5.056,-4.893,-4.423,-3.556,-4.402,-3.028,-6.002,-5.785,-5.96,-3.992,-4.409,-4.989,-4.858,-5.156,-6.77,-5.679,-6.124,-5.282,-5.079,-4.803,-5.351,-4.109
OptTAR_Fixed_ligprep_20260117_0.5.maegz:239,-4.019,-6.365,-5.552,-4.62,-5.826,-5.969,-6.161,-5.565,-5.118,-5.392,-5.709,-4.964,-4.889,-4.755,-4.45,-4.934,-5.329,-6.241,-4.695,-4.44,-4.856,-5.296,-5.636,-4.757,-5.483,-5.405,-6.218,-4.694,-5.113,-4.627,-4.939,-5.158,-4.671,-4.53,-6.897,-5.524,-7.052,-4.687,-4.819,-4.105,-4.777,-6.476,-5.807,-6.417,-7.216,-5.499,-6.338,-4.718,-4.511,-5.235
OptTAR_Fixed_ligprep_20260117_0.5.maegz:240,-4.484,-6.296,-5.404,-4.337,-5.403,-5.232,-4.9,-5.229,-4.884,-5.129,-5.329,-5.238,-4.844,-4.43,-4.645,-4.79,-4.61,-4.161,-4.208,-4.666,-4.165,-4.311,-5.765,-5.32,-4.799,-4.92,-5.96,-4.58,-4.112,-4.742,-4.94,-4.539,-4.94,-4.557,-5.894,-5.056,-6.071,-4.823,-5.208,-3.64,-4.348,-6.109,-6.406,-5.835,-6.811,-5.673,-6.508,-4.291,-4.762,-4.098
OptTAR_Fixed_ligprep_20260117_0.5.maegz:241,-3.864,-7.63,-5.239,-4.841,-5.3,-5.748,-6.728,-4.858,-5.181,-5.281,-5.319,-4.987,-5.252,-4.548,-5.176,-6.489,-4.367,-4.489,-4.498,-4.753,-5.215,-4.672,-5.458,-4.77,-4.711,-4.668,-5.107,-5.51,-5.071,-4.741,-5.2,-5.044,-5.22,-5.086,-7.599,-6.052,-6.703,-4.885,-4.003,-5.071,-5.186,-6.536,-6.815,-7.614,-7.36,-6.397,-6.604,-4.843,-5.055,-4.797
OptTAR_Fixed_ligprep_20260117_0.5.maegz:242,-4.738,-5.721,-1.609,-4.349,-4.188,-5.697,-4.043,-2.777,-2.683,-4.73,-4.409,-3.551,-4.316,-3.708,-3.427,-4.369,-3.481,-4.484,-2.724,-4.048,-3.772,-5.34,-4.9,-2.51,-2.095,-1.941,-3.866,-3.903,-4.655,-4.805,-4.548,-3.409,-4.09,-4.259,-4.791,-4.763,-3.932,-3.189,-4.196,-4.222,-4.922,-5.719,-5.154,-5.336,-6.031,-5.292,-5.293,-3.084,-5.188,-2.876
OptTAR_Fixed_ligprep_20260117_0.5.maegz:243,-4.254,-7.238,-5.484,-4.248,-6.721,-5.783,-4.977,-4.797,-4.234,-5.399,-5.407,-4.139,-5.479,-3.34,-5.116,-4.919,-6.787,-4.13,-4.265,-5.167,-4.842,-4.19,-5.548,-3.874,-4.342,-3.874,-4.374,-4.6,-5.103,-5.801,-4.696,-5.863,-4.725,-4.3,-5.64,-4.895,-5.14,-4.393,-3.355,-4.474,-5.102,-6.253,-6.585,-7.189,-6.718,-6.097,-6.212,-5.002,-4.515,-4.202
OptTAR_Fixed_ligprep_20260117_0.5.maegz:244,-3.653,-6.251,-4.585,-4.441,-5.157,-5.587,-5.882,-4.268,-4.544,-4.266,-4.5,-5.243,-5.336,-3.759,-3.538,-4.366,-5.348,-5.45,-5.134,-4.82,-4.275,-3.536,-5.784,-3.561,-3.755,-3.855,-3.718,-3.34,-4.439,-4.921,-3.575,-4.789,-4.692,-3.584,-5.446,-4.645,-3.492,-3.67,-4.666,-3.437,-4.729,-4.78,-6.517,-7.118,-6.859,-6.447,-4.769,-3.974,-4.221,-3.845
OptTAR_Fixed_ligprep_20260117_0.5.maegz:245,-5.101,-4.115,-5.933,-4.844,-4.704,-4.965,-4.875,-5.21,-4.636,-5.324,-5.341,-5.497,-6.191,-3.58,-4.896,-5.594,-5.318,-5.134,-4.078,-4.739,-5.117,-5.124,-5.131,-4.484,-4.167,-4.577,-5.936,-5.661,-4.865,-4.94,-5.31,-5.005,-4.694,-3.734,-6.496,-4.645,-5.723,-4.914,-5.428,-4.706,-5.808,-5.78,-5.119,-6.218,-6.625,-5.603,-6.419,-5.802,-5.399,-4.858
OptTAR_Fixed_ligprep_20260117_0.5.maegz:246,-3.946,-5.504,-4.471,-4.015,-4.382,-5.375,-4.036,-4.811,-4.988,-5.066,-5.554,-4.343,-6.302,-3.165,-3.634,-5.368,-4.235,-3.386,-3.972,-4.16,-4.783,-4.976,-3.667,-4.762,-3.875,-3.463,-4.078,-3.128,-5.0,-6.167,-3.88,-4.312,-4.968,-3.927,-5.456,-4.471,-6.137,-3.63,-4.154,-4.021,-4.96,-4.467,-5.228,-5.486,-5.983,-5.923,-5.626,-3.816,-4.783,-4.462
OptTAR_Fixed_ligprep_20260117_0.5.maegz:247,-3.498,-4.777,-3.855,-3.313,-4.88,-4.812,-5.177,-5.326,-4.183,-4.615,-5.403,-4.557,-4.36,-3.678,-3.346,-4.261,-4.893,-2.807,-3.48,-4.209,-4.171,-3.399,-4.547,-2.658,-3.565,-2.235,-4.218,-3.112,-3.217,-4.463,-3.123,-4.244,-3.122,-2.753,-5.21,-5.169,-4.264,-4.067,-3.777,-4.641,-4.41,-5.534,-5.004,-4.456,-4.035,-6.035,-4.974,-4.233,-3.889,-3.904
OptTAR_Fixed_ligprep_20260117_0.5.maegz:248,-2.163,-4.366,-3.565,-3.048,-3.69,-4.886,-4.533,-3.207,-3.682,-3.568,-4.5,-3.506,-4.734,-3.714,-3.472,-4.157,-3.945,-3.341,-3.315,-4.223,-3.937,-4.067,-4.859,-2.922,-3.296,-3.258,-4.997,-3.828,-3.399,-3.798,-3.364,-4.046,-4.089,-3.654,-5.802,-3.588,-5.263,-2.824,-4.143,-3.712,-5.339,-4.353,-4.578,-4.255,-4.448,-5.268,-2.633,-3.692,-3.627,-3.997
OptTAR_Fixed_ligprep_20260117_0.5.maegz:249,-1.33,-3.021,-3.008,-0.5096,-3.447,-3.641,-4.948,-2.543,-2.901,-4.144,-3.952,-3.549,-1.698,-2.545,-3.154,-3.626,-3.896,-2.909,-2.955,-3.525,-4.389,-2.424,-4.36,-3.211,-3.131,-2.893,-3.762,-3.423,-3.315,-3.816,-2.756,-4.001,-3.251,-2.85,-5.693,-3.701,-4.839,-3.955,-2.362,-3.471,-4.894,-5.001,-4.2,-4.201,-5.208,-4.025,-2.787,-2.639,-3.106,-3.384
OptTAR_Fixed_ligprep_20260117_0.5.maegz:250,-3.988,-6.406,-5.774,-5.115,-5.728,-6.034,-5.456,-4.792,-5.805,-5.65,-5.77,-5.279,-5.389,-4.68,-6.134,-4.401,-4.871,-3.889,-5.008,-4.595,-4.892,-5.4,-5.605,-4.537,-4.141,-3.682,-5.529,-4.613,-4.711,-4.494,-4.396,-5.538,-4.765,-4.534,-5.64,-5.072,-3.817,-5.018,-3.778,-3.968,-5.473,-5.549,-6.413,-6.364,-6.735,-6.155,-6.712,-5.261,-4.513,-4.489
OptTAR_Fixed_ligprep_20260117_0.5.maegz:251,-4.469,-5.714,-5.293,-4.045,-6.162,-5.115,-5.395,-4.621,-4.071,-4.869,-4.405,-4.687,-6.015,-4.062,-4.375,-4.767,-4.124,-4.136,-4.619,-4.46,-4.282,-4.691,-4.348,-4.407,-4.167,-4.091,-5.136,-4.523,-3.558,-4.546,-5.142,-4.622,-3.91,-3.947,-5.318,-4.428,-3.902,-3.439,-4.702,-4.284,-4.844,-5.848,-6.143,-5.133,-5.262,-4.787,-5.764,-5.513,-5.186,-3.954
OptTAR_Fixed_ligprep_20260117_0.5.maegz:252,-2.477,-4.609,-2.985,-3.346,-2.404,-5.36,-4.463,-3.607,-3.474,-4.489,-3.384,-4.179,-4.763,-1.402,-1.315,-4.335,-3.598,-2.592,-2.626,-3.363,-2.577,-1.493,-3.628,-1.464,-3.282,-1.634,-3.888,-2.028,-2.692,-3.236,-4.137,-3.291,-3.489,-0.9817,-3.5,-4.317,-2.393,-1.694,-1.72,-3.337,-3.53,-3.807,-3.298,-4.143,-4.273,-3.847,-3.276,-3.974,-3.001,-3.147
OptTAR_Fixed_ligprep_20260117_0.5.maegz:253,-3.531,-5.882,-5.454,-3.934,-5.347,-5.766,-6.603,-4.917,-4.351,-4.798,-5.212,-5.22,-5.685,-4.023,-4.468,-4.893,-4.517,-6.215,-5.655,-3.954,-5.154,-5.098,-5.172,-4.142,-4.003,-3.702,-5.914,-5.651,-4.968,-4.821,-5.174,-4.726,-4.114,-4.542,-7.493,-4.011,-7.039,-4.925,-4.971,-4.328,-6.307,-6.077,-5.885,-6.226,-6.968,-6.641,-6.701,-4.79,-4.607,-4.302
OptTAR_Fixed_ligprep_20260117_0.5.maegz:254,-3.243,-3.988,-5.614,-3.076,-5.651,-4.924,-6.309,-5.028,-4.072,-4.706,-5.438,-4.972,-6.239,-3.552,-4.43,-3.727,-5.047,-4.088,-4.833,-3.695,-4.217,-4.5,-5.625,-4.104,-4.675,-4.264,-4.322,-5.448,-5.452,-5.089,-4.033,-4.786,-4.002,-4.307,-6.707,-3.892,-7.288,-4.883,-4.542,-3.807,-5.726,-5.995,-5.597,-6.128,-6.95,-6.432,-6.593,-4.233,-4.823,-4.397
OptTAR_Fixed_ligprep_20260117_0.5.maegz:255,-3.844,-7.939,-5.973,-5.69,-5.767,-6.685,-5.832,-4.898,-6.083,-4.915,-6.247,-4.388,-5.965,-4.803,-4.082,-5.622,-6.387,-4.417,-4.393,-5.767,-4.429,-4.085,-6.361,-4.152,-3.941,-4.143,-5.407,-4.527,-4.3,-4.93,-4.146,-5.307,-4.672,-4.316,-5.404,-6.935,-6.5,-4.339,-4.567,-4.499,-6.337,-5.005,-6.695,-5.628,-6.862,-4.681,-5.624,-5.576,-6.601,-4.32
OptTAR_Fixed_ligprep_20260117_0.5.maegz:256,-3.854,-5.55,-4.658,-4.443,-5.241,-5.299,-5.02,-5.735,-4.455,-5.342,-5.378,-4.638,-5.62,-3.852,-4.757,-4.801,-4.431,-5.013,-5.301,-4.385,-4.469,-4.429,-3.986,-4.006,-4.205,-5.461,-5.373,-4.18,-4.728,-5.596,-4.985,-5.302,-3.968,-4.42,-5.263,-5.358,-4.288,-4.198,-4.381,-4.549,-5.775,-6.178,-6.378,-5.99,-7.483,-6.167,-5.752,-5.0,-5.368,-4.499
OptTAR_Fixed_ligprep_20260117_0.5.maegz:257,-4.232,-5.903,-4.454,-4.959,-4.723,-6.541,-5.612,-5.761,-5.868,-5.288,-5.71,-5.12,-4.851,-4.665,-4.385,-5.297,-4.117,-6.123,-4.626,-4.893,-4.776,-5.944,-5.482,-5.002,-4.842,-4.749,-6.244,-5.876,-5.254,-5.627,-4.322,-6.074,-4.089,-4.496,-6.279,-6.518,-5.095,-5.521,-5.06,-5.324,-5.6,-6.614,-6.107,-6.755,-7.179,-5.859,-5.295,-5.118,-5.351,-4.589
OptTAR_Fixed_ligprep_20260117_0.5.maegz:258,-4.078,-3.557,-4.455,-4.64,-4.499,-3.87,-5.246,-4.589,-4.359,-3.874,-4.53,-4.922,-4.53,-3.667,-4.369,-4.746,-2.815,-4.111,-4.338,-2.752,-4.262,-4.053,-4.944,-4.16,-3.734,-3.796,-3.496,-4.072,-4.016,-3.877,-4.071,-3.778,-3.619,-3.435,-3.256,-3.667,-3.262,-3.034,-3.61,-3.569,-3.972,-4.409,-4.476,-5.105,-5.093,-3.818,-5.466,-3.651,-3.715,-3.947
OptTAR_Fixed_ligprep_20260117_0.5.maegz:259,-3.406,-4.355,-3.735,-4.674,-5.698,-5.072,-3.963,-4.567,-5.056,-4.69,-4.485,-4.382,-5.136,-3.763,-3.949,-4.209,-4.055,-5.741,-4.755,-4.012,-3.829,-5.254,-4.739,-3.14,-4.113,-3.064,-3.804,-4.348,-4.467,-4.898,-3.543,-4.701,-3.689,-4.198,-4.405,-3.199,-3.63,-3.605,-4.075,-4.097,-5.478,-4.892,-6.249,-4.923,-5.653,-5.985,-5.37,-3.951,-5.009,-4.662
OptTAR_Fixed_ligprep_20260117_0.5.maegz:260,-3.509,-5.619,-4.695,-4.647,-4.778,-5.87,-4.062,-5.079,-3.764,-4.674,-4.648,-3.77,-4.797,-4.393,-4.784,-4.582,-4.182,-4.151,-4.49,-4.491,-4.205,-4.155,-5.838,-4.168,-5.736,-5.263,-4.459,-3.826,-4.167,-4.756,-3.912,-5.259,-4.744,-3.98,-4.128,-4.069,-3.32,-3.661,-3.446,-4.007,-5.337,-5.123,-5.021,-6.402,-6.284,-5.94,-4.637,-4.737,-4.742,-4.417
OptTAR_Fixed_ligprep_20260117_0.5.maegz:261,-3.838,-6.526,-3.998,-4.696,-4.481,-4.158,-5.092,-4.328,-5.055,-4.501,-4.791,-3.654,-4.902,-4.04,-3.921,-4.524,-4.043,-3.731,-4.766,-4.076,-4.637,-4.335,-5.509,-3.222,-4.12,-3.115,-3.808,-2.986,-4.706,-4.855,-3.509,-2.774,-3.396,-3.475,-6.245,-3.173,-3.65,-3.495,-3.215,-3.556,-4.94,-4.805,-5.519,-7.083,-6.835,-4.097,-5.592,-4.243,-4.42,-3.528
OptTAR_Fixed_ligprep_20260117_0.5.maegz:262,-2.501,-3.663,-3.455,-4.645,-4.105,-4.862,-4.897,-4.861,-4.521,-3.895,-4.432,-2.599,-4.989,-2.826,-3.36,-3.804,-4.047,-4.37,-2.924,-3.667,-4.278,-4.077,-4.282,-3.052,-3.285,-3.573,-5.205,-4.08,-3.298,-4.014,-3.918,-3.409,-4.073,-4.099,-5.525,-2.883,-4.77,-3.852,-3.439,-3.429,-5.221,-4.548,-4.279,-4.985,-5.615,-6.123,-4.939,-3.556,-3.725,-4.728
OptTAR_Fixed_ligprep_20260117_0.5.maegz:263,-3.416,-6.338,-4.9,-4.238,-4.524,-5.261,-4.447,-5.102,-4.562,-4.81,-4.486,-4.129,-4.637,-2.939,-4.074,-4.088,-4.659,-3.452,-4.73,-3.634,-3.885,-4.107,-4.138,-4.413,-3.846,-3.674,-3.851,-4.236,-5.083,-4.987,-4.012,-5.151,-3.822,-4.002,-4.688,-3.313,-3.382,-4.008,-3.48,-3.687,-5.65,-5.245,-6.017,-5.666,-6.805,-4.976,-3.677,-3.527,-5.481,-4.196
OptTAR_Fixed_ligprep_20260117_0.5.maegz:264,-3.4,-5.66,-5.061,-4.724,-4.236,-4.872,-4.403,-4.324,-4.946,-4.62,-4.279,-3.695,-5.252,-3.615,-3.988,-4.498,-4.35,-3.853,-4.701,-5.246,-4.805,-4.129,-5.09,-3.184,-3.703,-3.392,-3.852,-3.113,-4.322,-4.969,-4.347,-5.22,-4.178,-3.938,-4.943,-5.943,-3.248,-3.986,-3.825,-3.812,-5.998,-5.13,-5.182,-7.255,-5.505,-6.027,-5.553,-3.842,-4.476,-4.679
OptTAR_Fixed_ligprep_20260117_0.5.maegz:265,-3.063,-5.491,-4.704,-4.518,-5.436,-5.385,-4.621,-5.185,-4.592,-4.931,-5.636,-4.512,-5.198,-2.849,-4.616,-4.366,-3.917,-3.553,-4.786,-4.667,-4.641,-4.773,-4.018,-3.781,-4.263,-4.216,-4.382,-4.038,-5.743,-5.066,-5.109,-5.511,-4.493,-3.709,-5.935,-3.958,-3.805,-4.59,-4.909,-5.201,-5.642,-5.287,-5.897,-6.27,-6.114,-5.736,-5.341,-4.584,-5.329,-4.854
OptTAR_Fixed_ligprep_20260117_0.5.maegz:266,-3.338,-5.385,-5.015,-4.673,-4.916,-4.447,-5.303,-4.625,-5.068,-4.347,-4.797,-4.091,-5.405,-3.925,-3.306,-4.913,-4.068,-4.407,-4.767,-3.834,-4.163,-5.182,-5.491,-3.218,-3.618,-3.618,-3.479,-3.718,-5.179,-3.946,-3.709,-4.836,-3.798,-4.492,-5.93,-3.211,-5.041,-3.908,-3.646,-4.073,-4.804,-4.82,-5.614,-6.316,-6.767,-6.273,-5.045,-4.019,-5.104,-3.759
OptTAR_Fixed_ligprep_20260117_0.5.maegz:267,-3.947,-5.534,-5.741,-4.799,-3.092,-5.724,-4.809,-5.288,-4.903,-5.005,-4.452,-5.063,-4.967,-4.182,-4.743,-5.158,-4.694,-2.451,-5.553,-3.366,-4.902,-4.523,-4.885,-3.372,-3.305,-3.284,-4.134,-4.031,-4.866,-4.933,-3.725,-3.95,-4.36,-4.243,-6.333,-3.768,-3.432,-3.555,-3.649,-4.028,-4.451,-5.436,-5.126,-3.774,-6.216,-5.143,-6.027,-3.746,-5.071,-3.327
OptTAR_Fixed_ligprep_20260117_0.5.maegz:268,-3.614,-5.637,-4.115,-4.15,-5.636,-5.83,-4.386,-5.801,-5.479,-4.679,-5.672,-4.842,-5.514,-3.747,-4.257,-4.388,-3.805,-4.315,-4.841,-4.291,-4.349,-4.985,-4.642,-4.109,-4.872,-4.167,-3.704,-3.62,-5.283,-5.381,-3.821,-4.768,-4.11,-4.103,-5.029,-5.243,-4.117,-4.584,-3.984,-4.494,-5.519,-4.993,-4.732,-5.98,-5.898,-5.58,-5.938,-4.514,-5.399,-4.223
OptTAR_Fixed_ligprep_20260117_0.5.maegz:269,-3.138,-5.016,-4.702,-4.856,-3.048,-3.881,-4.995,-4.62,-4.351,-4.461,-4.214,-5.238,-4.587,-3.915,-3.598,-4.669,-4.236,-3.993,-4.813,-4.766,-4.162,-3.577,-4.203,-2.715,-3.624,-3.891,-5.258,-4.022,-4.411,-4.103,-3.341,-4.022,-3.981,-4.266,-4.564,-3.121,-4.896,-3.596,-3.216,-4.116,-3.559,-4.796,-5.615,-4.765,-5.995,-6.042,-5.138,-4.576,-4.781,-4.614
OptTAR_Fixed_ligprep_20260117_0.5.maegz:270,-3.345,-6.871,-4.444,-4.749,-4.937,-5.5,-5.011,-5.056,-4.231,-4.934,-4.312,-3.319,-4.994,-3.853,-4.242,-4.395,-4.337,-4.229,-4.292,-4.152,-4.386,-4.148,-4.748,-3.744,-3.584,-3.725,-3.59,-4.121,-4.329,-5.66,-4.597,-5.047,-3.549,-3.559,-4.258,-5.059,-3.186,-4.435,-3.361,-4.264,-4.996,-4.669,-6.082,-5.986,-6.212,-6.5,-5.347,-5.054,-4.761,-4.4
OptTAR_Fixed_ligprep_20260117_0.5.maegz:271,-3.974,-5.03,-5.42,-5.282,-5.325,-6.566,-5.636,-5.658,-4.403,-5.213,-5.788,-5.652,-5.834,-4.949,-4.75,-5.211,-5.111,-4.958,-4.488,-4.763,-5.344,-6.015,-4.3,-4.136,-3.942,-5.434,-4.737,-4.686,-5.057,-4.944,-5.609,-5.54,-4.602,-4.733,-6.355,-4.209,-6.059,-4.319,-4.363,-4.148,-5.535,-5.752,-7.03,-6.186,-7.166,-5.612,-6.45,-5.019,-6.403,-4.592
OptTAR_Fixed_ligprep_20260117_0.5.maegz:272,-3.752,-4.243,-4.304,-4.656,-4.931,-5.315,-5.092,-5.307,-4.113,-4.791,-4.955,-4.098,-4.047,-3.464,-3.859,-5.286,-4.343,-4.576,-3.392,-4.746,-3.675,-3.712,-2.8,-4.178,-4.208,-2.769,-4.495,-3.724,-5.063,-4.241,-3.591,-4.568,-2.278,-4.064,-6.259,-4.517,-3.411,-3.813,-3.78,-3.579,-4.36,-5.752,-5.265,-5.006,-5.997,-5.821,-5.836,-4.814,-4.574,-4.119
OptTAR_Fixed_ligprep_20260117_0.5.maegz:273,-3.238,-5.468,-5.376,-4.687,-3.984,-6.253,-5.373,-5.287,-4.371,-5.767,-5.758,-4.613,-4.951,-4.391,-3.264,-4.98,-5.137,-4.109,-4.693,-4.264,-4.604,-5.806,-4.433,-3.897,-3.936,-4.182,-4.785,-4.131,-4.124,-5.552,-4.143,-5.681,-4.183,-3.974,-6.589,-3.657,-4.268,-4.867,-4.211,-4.204,-5.679,-5.553,-5.917,-7.203,-7.347,-6.57,-5.563,-5.93,-5.514,-5.458
OptTAR_Fixed_ligprep_20260117_0.5.maegz:274,-3.53,-5.919,-4.863,-5.026,-3.855,-5.225,-5.721,-5.666,-5.06,-4.833,-5.107,-4.526,-5.365,-3.983,-4.405,-3.706,-4.929,-4.601,-4.358,-4.94,-5.002,-4.626,-4.788,-4.099,-3.778,-4.44,-4.617,-3.628,-4.475,-5.508,-4.798,-5.082,-4.498,-4.349,-5.993,-3.752,-3.716,-4.82,-3.768,-4.417,-4.773,-5.149,-5.387,-5.793,-6.017,-5.567,-5.506,-4.723,-5.272,-4.541
OptTAR_Fixed_ligprep_20260117_0.5.maegz:275,-3.638,-3.928,-5.36,-4.612,-4.585,-5.338,-5.193,-4.474,-4.681,-5.017,-6.118,-4.371,-6.048,-4.241,-4.248,-4.765,-4.072,-3.955,-4.155,-3.519,-5.404,-5.285,-4.682,-4.54,-4.49,-3.931,-5.454,-4.433,-5.713,-4.045,-4.725,-3.776,-4.665,-4.351,-5.27,-3.791,-6.397,-4.398,-4.423,-4.117,-4.729,-5.318,-4.355,-5.258,-5.162,-5.602,-6.227,-4.769,-5.339,-4.254
OptTAR_Fixed_ligprep_20260117_0.5.maegz:276,-3.931,-6.036,-6.42,-4.317,-3.499,-5.413,-5.408,-4.395,-5.157,-5.141,-5.1,-4.812,-5.455,-3.912,-5.274,-5.591,-4.856,-3.834,-4.158,-4.898,-5.897,-5.03,-5.529,-3.937,-4.249,-4.425,-5.755,-5.727,-5.69,-4.918,-4.822,-4.765,-4.282,-3.939,-5.305,-3.925,-4.063,-3.498,-4.504,-3.926,-5.252,-5.521,-5.086,-6.838,-6.862,-5.796,-5.936,-5.119,-5.427,-4.147
OptTAR_Fixed_ligprep_20260117_0.5.maegz:277,-4.507,-5.026,-6.121,-5.069,-6.219,-6.651,-5.435,-5.724,-4.288,-5.485,-6.116,-5.606,-5.156,-4.637,-4.082,-4.671,-5.777,-5.026,-4.385,-5.669,-4.904,-4.688,-5.64,-4.287,-4.324,-4.453,-4.258,-4.718,-5.618,-5.876,-4.863,-4.778,-4.133,-4.944,-5.266,-4.314,-4.379,-4.701,-4.711,-4.825,-5.586,-6.212,-5.826,-6.017,-6.959,-7.045,-5.668,-4.93,-5.046,-4.708
OptTAR_Fixed_ligprep_20260117_0.5.maegz:278,-4.058,-4.61,-5.913,-4.855,-6.287,-5.425,-5.449,-4.581,-5.502,-4.37,-5.942,-4.695,-4.502,-4.194,-4.464,-5.691,-5.019,-4.77,-4.901,-5.208,-4.967,-4.964,-5.627,-3.863,-3.761,-4.151,-4.379,-3.062,-4.802,-4.97,-5.569,-3.952,-4.53,-4.331,-5.579,-5.151,-4.219,-4.581,-4.754,-4.191,-5.12,-5.562,-4.708,-6.111,-6.824,-7.095,-6.41,-5.179,-5.522,-4.785
OptTAR_Fixed_ligprep_20260117_0.5.maegz:279,-4.178,-4.708,-5.535,-4.997,-4.873,-6.468,-5.441,-5.123,-4.538,-5.452,-5.449,-5.28,-5.795,-4.228,-4.68,-5.119,-5.191,-5.024,-3.898,-4.927,-4.813,-4.365,-6.378,-4.278,-4.335,-4.469,-3.766,-4.373,-5.196,-5.077,-5.307,-4.664,-4.142,-4.445,-5.932,-4.189,-4.683,-4.057,-4.13,-4.867,-4.493,-5.556,-4.934,-6.147,-7.046,-6.491,-6.525,-5.142,-5.558,-4.401
OptTAR_Fixed_ligprep_20260117_0.5.maegz:280,-4.723,-6.15,-4.857,-5.654,-6.58,-6.441,-5.504,-5.882,-5.852,-5.704,-5.897,-4.908,-5.364,-5.309,-5.512,-5.312,-5.328,-5.63,-4.671,-6.152,-5.652,-4.84,-5.904,-4.674,-4.655,-5.367,-5.262,-5.878,-5.888,-6.525,-4.83,-5.238,-5.362,-5.514,-6.479,-5.111,-5.612,-5.05,-4.75,-5.103,-6.381,-6.483,-6.257,-6.992,-8.404,-7.33,-6.701,-5.83,-5.414,-5.394
OptTAR_Fixed_ligprep_20260117_0.5.maegz:281,-4.782,-4.4,-4.765,-5.465,-4.437,-5.83,-5.125,-4.749,-5.912,-4.788,-5.738,-5.08,-5.12,-3.888,-4.054,-4.949,-5.297,-4.517,-6.078,-5.095,-4.81,-4.676,-5.354,-4.054,-4.804,-4.527,-4.662,-4.45,-4.976,-4.712,-5.083,-4.27,-4.931,-4.936,-6.465,-4.537,-4.064,-4.584,-4.503,-5.221,-6.663,-5.802,-5.644,-6.032,-6.058,-6.59,-6.579,-4.607,-5.074,-5.313
OptTAR_Fixed_ligprep_20260117_0.5.maegz:282,-3.417,-4.394,-5.168,-4.984,-5.236,-5.993,-5.042,-4.665,-4.712,-4.686,-5.652,-5.258,-5.02,-4.217,-4.816,-4.831,-4.855,-6.29,-4.706,-4.088,-4.999,-4.012,-5.784,-4.613,-4.585,-3.86,-3.494,-4.917,-5.217,-5.194,-4.564,-4.242,-4.348,-4.585,-6.036,-4.647,-4.652,-4.984,-4.608,-4.665,-5.606,-6.145,-5.25,-5.605,-6.84,-6.813,-5.61,-5.157,-4.833,-4.232
OptTAR_Fixed_ligprep_20260117_0.5.maegz:283,-4.157,-6.649,-5.765,-5.759,-5.821,-5.806,-5.657,-5.392,-4.943,-5.627,-5.987,-5.512,-5.825,-5.319,-4.365,-5.258,-5.797,-5.281,-4.909,-6.455,-5.071,-4.853,-5.894,-5.812,-5.394,-4.892,-5.135,-5.713,-6.056,-5.965,-5.014,-5.071,-5.366,-5.135,-6.86,-4.879,-5.061,-5.748,-4.796,-5.781,-6.55,-6.093,-6.93,-7.072,-8.017,-7.377,-6.806,-5.637,-5.431,-5.259
OptTAR_Fixed_ligprep_20260117_0.5.maegz:284,-3.746,-3.851,-5.479,-4.543,-5.246,-4.703,-5.102,-5.183,-4.575,-4.679,-4.482,-4.034,-4.087,-4.196,-4.147,-4.456,-4.351,-6.157,-3.863,-3.979,-4.05,-4.141,-4.373,-4.054,-3.931,-3.849,-5.321,-3.707,-5.081,-3.963,-4.128,-5.359,-4.003,-3.29,-6.297,-3.864,-4.039,-4.469,-3.844,-4.121,-5.41,-5.861,-5.5,-4.871,-6.475,-5.8,-5.78,-4.467,-4.05,-4.136
OptTAR_Fixed_ligprep_20260117_0.5.maegz:285,-4.655,-5.649,-5.8,-5.514,-6.405,-5.431,-5.487,-5.455,-4.801,-4.929,-6.48,-4.707,-5.528,-4.391,-4.986,-4.862,-4.851,-5.038,-5.37,-5.806,-5.097,-5.636,-6.363,-4.74,-4.825,-4.501,-5.127,-5.234,-5.717,-6.052,-4.821,-5.406,-4.704,-4.815,-6.846,-4.809,-4.617,-5.903,-4.751,-5.145,-5.499,-6.814,-5.841,-7.815,-7.623,-7.54,-6.734,-6.035,-6.115,-5.071
OptTAR_Fixed_ligprep_20260117_0.5.maegz:286,-4.275,-5.306,-5.347,-5.252,-6.303,-6.457,-6.296,-6.214,-4.687,-5.427,-6.139,-5.107,-6.114,-5.089,-5.347,-5.276,-5.719,-6.281,-5.128,-4.902,-4.652,-5.457,-5.535,-4.753,-5.072,-5.365,-4.831,-4.985,-6.768,-5.575,-4.679,-5.55,-4.428,-5.623,-7.139,-4.851,-6.326,-5.758,-4.723,-5.015,-5.203,-6.597,-6.6,-6.821,-7.694,-7.475,-6.739,-5.41,-5.596,-4.998
OptTAR_Fixed_ligprep_20260117_0.5.maegz:287,-3.858,-6.462,-4.64,-4.142,-4.453,-5.579,-4.027,-5.336,-5.07,-4.785,-5.234,-5.001,-5.475,-4.659,-4.167,-4.873,-5.767,-4.431,-4.301,-4.714,-4.857,-4.781,-5.509,-4.494,-4.25,-4.437,-5.081,-5.065,-4.172,-4.376,-4.444,-4.928,-4.135,-3.771,-6.687,-4.29,-6.439,-5.15,-4.503,-4.309,-4.73,-6.154,-5.848,-5.559,-6.786,-5.014,-6.621,-4.536,-4.381,-5.096
OptTAR_Fixed_ligprep_20260117_0.5.maegz:288,-4.665,-4.703,-5.105,-5.089,-5.421,-4.413,-6.077,-5.458,-4.896,-4.933,-5.846,-4.989,-5.879,-4.106,-4.297,-4.961,-6.294,-5.205,-4.419,-5.427,-5.223,-4.799,-6.852,-3.822,-4.626,-5.163,-4.305,-3.907,-5.354,-5.811,-5.425,-5.085,-4.537,-4.417,-5.315,-3.859,-4.235,-4.065,-4.161,-4.824,-5.768,-6.08,-5.951,-5.65,-6.881,-6.5,-5.774,-5.227,-5.126,-5.39
OptTAR_Fixed_ligprep_20260117_0.5.maegz:289,-4.155,-4.2,-6.424,-5.266,-5.138,-3.697,-5.886,-5.474,-4.728,-4.607,-6.423,-3.864,-4.993,-4.407,-4.23,-6.082,-4.225,-4.535,-4.928,-3.891,-4.458,-3.951,-4.748,-4.324,-3.842,-4.488,-3.06,-3.574,-5.109,-5.121,-5.023,-4.612,-4.056,-3.64,-6.097,-4.64,-4.595,-4.98,-4.354,-3.746,-5.86,-5.163,-6.564,-4.706,-7.227,-6.683,-4.621,-3.789,-5.249,-5.118
OptTAR_Fixed_ligprep_20260117_0.5.maegz:290,-4.234,-4.108,-4.74,-4.82,-6.468,-5.514,-6.334,-5.501,-5.22,-5.291,-6.188,-4.923,-6.289,-4.115,-4.693,-5.098,-4.919,-6.707,-4.135,-5.636,-5.194,-4.128,-5.562,-4.712,-4.914,-4.642,-4.518,-4.526,-5.932,-6.472,-4.458,-5.089,-4.087,-4.931,-5.704,-3.953,-4.471,-4.749,-5.219,-4.732,-5.152,-5.903,-6.255,-6.608,-7.513,-6.52,-6.422,-5.171,-4.852,-4.527
OptTAR_Fixed_ligprep_20260117_0.5.maegz:291,-4.242,-4.795,-4.813,-4.295,-4.963,-4.955,-4.99,-4.885,-4.389,-5.341,-5.47,-4.43,-5.498,-4.338,-5.414,-5.43,-5.515,-4.97,-4.785,-5.325,-4.689,-4.734,-5.525,-4.021,-4.667,-3.775,-4.343,-5.352,-5.044,-5.372,-5.591,-4.941,-4.03,-3.758,-5.922,-5.201,-4.647,-4.345,-4.316,-3.923,-4.788,-5.734,-4.145,-5.62,-5.446,-6.807,-5.993,-4.742,-4.605,-4.748
OptTAR_Fixed_ligprep_20260117_0.5.maegz:292,-4.795,-4.651,-5.301,-5.525,-5.203,-5.774,-5.307,-5.546,-4.891,-6.097,-7.173,-6.292,-6.199,-4.648,-5.589,-5.962,-5.48,-4.975,-5.158,-5.47,-5.374,-5.177,-5.722,-4.757,-4.839,-4.645,-4.657,-4.85,-5.134,-5.355,-4.815,-5.347,-5.002,-4.867,-5.45,-4.837,-4.456,-5.093,-4.984,-4.782,-6.062,-6.126,-5.578,-7.293,-7.431,-6.792,-6.188,-5.354,-6.056,-5.398
OptTAR_Fixed_ligprep_20260117_0.5.maegz:293,-4.678,-5.66,-6.401,-5.452,-5.924,-6.672,-5.257,-5.812,-5.774,-6.409,-6.721,-5.746,-6.598,-4.955,-4.752,-5.194,-5.703,-4.56,-4.746,-5.5,-4.927,-5.113,-6.436,-4.446,-4.467,-4.869,-6.209,-5.183,-5.153,-5.548,-5.808,-4.899,-5.481,-5.069,-6.393,-5.115,-5.32,-5.12,-6.298,-4.786,-6.321,-6.709,-6.912,-6.414,-6.762,-7.256,-6.61,-6.312,-5.682,-4.941
OptTAR_Fixed_ligprep_20260117_0.5.maegz:294,-4.291,-5.134,-5.35,-5.041,-5.938,-5.677,-6.397,-4.95,-5.157,-5.099,-6.519,-4.972,-6.729,-4.86,-4.495,-5.545,-5.863,-4.637,-4.746,-5.357,-5.315,-4.842,-5.233,-4.396,-4.577,-4.438,-6.799,-4.69,-6.144,-6.042,-5.623,-5.49,-4.815,-4.049,-6.049,-4.704,-4.907,-5.247,-4.559,-4.568,-6.21,-6.453,-6.656,-6.638,-6.703,-6.198,-5.765,-5.657,-6.009,-4.964
OptTAR_Fixed_ligprep_20260117_0.5.maegz:295,-4.583,-5.755,-4.699,-4.793,-5.629,-5.754,-5.315,-5.34,-4.699,-6.079,-6.184,-5.91,-6.297,-3.797,-4.816,-5.436,-6.148,-4.789,-4.502,-5.036,-5.001,-5.647,-6.814,-4.24,-4.502,-4.223,-4.367,-3.61,-5.596,-5.977,-4.959,-4.743,-4.532,-5.158,-5.921,-4.537,-6.97,-4.382,-3.762,-4.118,-6.158,-6.43,-5.512,-6.419,-7.274,-6.439,-5.731,-5.71,-3.966,-4.778
OptTAR_Fixed_ligprep_20260117_0.5.maegz:296,-4.922,-6.057,-5.802,-5.117,-5.574,-6.254,-5.286,-5.697,-5.404,-6.319,-6.815,-5.354,-7.212,-4.578,-4.443,-5.935,-5.953,-5.967,-4.694,-5.498,-5.792,-5.201,-6.586,-4.598,-4.22,-4.574,-4.061,-5.228,-5.783,-5.802,-5.707,-5.661,-4.57,-4.37,-6.768,-5.498,-5.275,-5.515,-5.635,-5.169,-6.475,-6.202,-6.095,-6.319,-7.348,-6.938,-6.751,-5.756,-6.817,-4.679
OptTAR_Fixed_ligprep_20260117_0.5.maegz:297,-4.199,-3.996,-5.506,-5.448,-6.614,-6.211,-6.128,-5.951,-5.587,-5.818,-7.153,-5.882,-6.041,-4.612,-5.427,-5.971,-5.884,-4.418,-4.628,-5.902,-6.83,-6.808,-6.968,-5.437,-4.464,-4.582,-4.701,-5.484,-5.684,-5.804,-5.138,-5.777,-4.458,-5.612,-5.38,-4.838,-4.182,-4.99,-4.432,-5.545,-5.618,-6.768,-7.796,-7.051,-6.635,-6.42,-6.593,-6.009,-5.533,-5.039
OptTAR_Fixed_ligprep_20260117_0.5.maegz:298,-4.564,-6.105,-5.398,-5.053,-5.611,-6.048,-6.047,-5.246,-5.843,-3.679,-5.834,-5.447,-6.361,-4.333,-5.62,-4.971,-5.308,-4.788,-5.413,-5.269,-4.563,-4.416,-5.283,-4.181,-4.811,-4.283,-3.438,-3.992,-6.022,-5.968,-5.047,-6.006,-4.436,-4.702,-5.255,-3.798,-4.761,-5.975,-4.379,-5.7,-5.991,-6.124,-7.366,-5.52,-6.199,-6.065,-7.151,-5.695,-7.019,-4.414
OptTAR_Fixed_ligprep_20260117_0.5.maegz:299,-4.427,-6.491,-5.975,-4.704,-6.45,-5.521,-5.741,-4.697,-5.859,-6.378,-6.518,-5.313,-6.163,-4.637,-4.609,-6.173,-6.925,-4.632,-5.118,-5.227,-6.114,-4.637,-5.937,-3.48,-4.988,-4.887,-4.91,-5.36,-5.419,-5.655,-5.253,-4.625,-5.668,-4.927,-6.7,-3.821,-6.06,-5.1,-5.085,-5.57,-5.625,-7.123,-5.938,-6.483,-5.704,-6.597,-6.948,-5.426,-5.56,-5.514
OptTAR_Fixed_ligprep_20260117_0.5.maegz:300,-4.005,-6.084,-5.418,-4.257,-5.715,-6.302,-6.346,-6.363,-5.139,-5.463,-6.149,-4.923,-5.494,-4.278,-5.661,-5.177,-4.569,-5.343,-5.558,-4.221,-4.208,-6.446,-5.362,-4.931,-4.661,-4.573,-5.707,-5.62,-5.058,-5.355,-5.476,-5.981,-4.874,-5.166,-5.158,-3.667,-6.472,-5.245,-4.264,-5.062,-6.115,-5.995,-6.745,-6.41,-7.439,-6.183,-6.641,-5.185,-6.185,-4.322
OptTAR_Fixed_ligprep_20260117_0.5.maegz:301,-3.501,-5.587,-5.128,-4.228,-5.322,-5.54,-5.26,-4.955,-4.741,-5.675,-5.174,-4.872,-5.976,-3.428,-5.17,-5.281,-4.536,-4.655,-4.085,-4.831,-4.336,-5.177,-4.96,-4.508,-4.623,-4.337,-4.495,-4.997,-5.044,-5.671,-5.367,-5.475,-3.886,-5.032,-5.514,-4.354,-3.975,-4.967,-4.882,-5.271,-5.556,-6.861,-5.758,-5.666,-6.866,-5.898,-5.859,-5.621,-5.004,-4.625
OptTAR_Fixed_ligprep_20260117_0.5.maegz:302,-3.97,-4.203,-3.927,-3.783,-4.537,-2.947,-3.631,-3.713,-5.228,-1.059,-2.035,-3.426,-2.294,-4.504,-3.029,-4.644,-4.225,-3.82,-3.662,-3.581,-4.572,-2.366,-3.034,-4.235,-3.398,-3.86,-4.262,-2.004,-1.846,-1.459,-4.296,-1.741,-2.675,-4.254,-5.259,-2.944,-3.847,-4.181,-3.549,-3.425,-3.078,-5.41,-4.778,-4.703,-3.249,-2.994,-5.582,-3.916,-2.362,-3.608
OptTAR_Fixed_ligprep_20260117_0.5.maegz:303,-3.088,-6.112,-3.186,-2.913,-3.856,-4.197,-3.896,-3.209,-4.565,-2.537,-4.088,-3.531,-2.958,-2.716,-4.766,-3.661,-2.634,-3.454,-3.059,-4.682,-2.138,-3.007,-3.131,-2.866,-3.281,-2.997,-3.576,-2.594,-3.433,-3.326,-2.819,-3.414,-2.912,-3.977,-4.114,-3.478,-4.412,-3.956,-3.557,-3.198,-2.964,-5.347,-4.495,-4.671,-5.481,-4.768,-5.339,-3.755,-2.673,-3.823
OptTAR_Fixed_ligprep_20260117_0.5.maegz:304,-2.686,-5.391,-1.195,-2.574,-3.803,-3.973,-3.823,-3.727,-3.515,-3.972,-4.318,-4.752,-4.189,-3.47,-3.954,-2.927,-3.497,-1.257,-1.147,-2.87,-3.055,-3.233,-3.145,-3.549,-3.028,-2.622,-3.754,-2.721,-3.055,-3.4,-2.491,-3.179,-3.079,-3.032,-2.883,-3.088,-1.822,-2.378,-3.229,-1.991,-3.874,-5.384,-4.693,-4.367,-4.984,-5.006,-2.821,-3.586,-3.181,-4.301
OptTAR_Fixed_ligprep_20260117_0.5.maegz:305,-3.434,-3.28,-4.759,-3.169,-5.599,-5.663,-4.564,-4.128,-4.613,-4.782,-4.509,-4.84,-5.223,-4.192,-3.352,-3.381,-5.007,-4.051,-2.544,-2.848,-2.437,-4.154,-3.233,-3.866,-3.844,-4.747,-4.802,-4.071,-5.387,-4.141,-4.366,-4.108,-1.462,-5.356,-3.003,-3.238,-3.877,-3.086,-4.581,-3.465,-4.407,-5.68,-5.7,-5.694,-4.74,-5.33,-3.719,-3.888,-5.563,-4.167
OptTAR_Fixed_ligprep_20260117_0.5.maegz:306,-3.64,-4.914,-3.85,-4.173,-4.062,-6.404,-4.452,-4.811,-4.555,-4.214,-5.38,-4.273,-4.718,-3.954,-2.894,-4.402,-4.242,-4.049,-3.915,-3.837,-4.896,-4.366,-2.91,-4.07,-3.329,-3.813,-3.28,-2.286,-5.2,-5.11,-2.901,-6.122,-3.854,-3.509,-5.964,-3.625,-1.775,-1.816,-3.715,-3.725,-4.211,-4.767,-5.616,-5.804,-6.7,-6.01,-5.961,-3.768,-4.982,-4.15
OptTAR_Fixed_ligprep_20260117_0.5.maegz:307,-4.239,-6.665,-5.581,-4.488,-6.328,-6.151,-5.686,-5.065,-5.401,-5.222,-5.604,-5.449,-5.841,-4.243,-4.312,-4.818,-5.591,-4.775,-5.07,-4.797,-4.725,-5.016,-5.943,-5.487,-4.504,-5.549,-5.951,-4.511,-4.324,-5.411,-5.362,-5.448,-4.447,-4.694,-7.513,-5.914,-4.748,-5.226,-5.1,-5.347,-5.745,-6.476,-6.811,-6.464,-7.541,-6.107,-6.751,-4.811,-5.152,-4.461
OptTAR_Fixed_ligprep_20260117_0.5.maegz:308,-4.422,-5.005,-5.862,-5.474,-6.167,-6.055,-6.271,-5.486,-4.941,-5.371,-6.694,-6.144,-5.731,-4.182,-5.57,-5.578,-6.537,-4.806,-4.674,-5.313,-5.329,-5.766,-5.439,-6.258,-4.359,-4.339,-6.175,-5.589,-6.077,-5.889,-5.188,-5.597,-5.247,-5.027,-7.251,-5.307,-6.817,-5.025,-5.236,-4.946,-6.409,-6.356,-4.97,-6.873,-6.091,-7.041,-6.837,-5.374,-6.208,-6.539
OptTAR_Fixed_ligprep_20260117_0.5.maegz:309,-4.526,-5.816,-5.947,-4.52,-5.554,-6.587,-6.017,-4.367,-4.698,-5.095,-6.099,-4.453,-5.645,-4.116,-5.014,-4.827,-5.956,-3.916,-4.67,-4.703,-5.033,-4.592,-6.02,-5.545,-4.105,-5.658,-6.975,-5.323,-5.826,-6.02,-4.707,-5.155,-4.524,-4.869,-6.106,-5.493,-5.16,-4.675,-4.811,-4.237,-5.244,-5.691,-6.051,-6.384,-6.502,-6.403,-6.624,-5.301,-5.659,-4.41
OptTAR_Fixed_ligprep_20260117_0.5.maegz:310,-4.133,-5.558,-5.064,-2.845,-5.143,-5.681,-5.295,-5.136,-3.085,-5.918,-4.824,-3.171,-5.171,-2.973,-4.75,-4.82,-3.087,-5.642,-3.736,-4.026,-3.728,-4.19,-5.813,-5.289,-3.98,-2.327,-4.321,-4.726,-3.972,-3.922,-4.689,-4.2,-4.61,-4.181,-5.85,-1.65,-4.939,-4.323,-4.729,-4.81,-3.532,-5.567,-4.985,-5.947,-5.725,-6.196,-5.683,-4.72,-3.651,-4.081
OptTAR_Fixed_ligprep_20260117_0.5.maegz:311,-4.827,-6.547,-4.735,-4.18,-4.59,-3.869,-5.75,-5.483,-5.513,-5.753,-4.516,-4.084,-6.429,-4.527,-4.309,-3.697,-4.555,-3.544,-2.209,-3.069,-5.253,-6.483,-3.759,-4.322,-3.662,-4.572,-5.878,-3.876,-4.322,-3.74,-4.77,-4.701,-5.493,-4.338,-6.389,-5.733,-4.173,-3.773,-3.551,-3.534,-5.1,-6.073,-3.856,-4.825,-6.288,-5.069,-5.638,-4.457,-3.047,-4.473
OptTAR_Fixed_ligprep_20260117_0.5.maegz:312,-4.347,-5.354,-5.26,-4.195,-5.631,-6.045,-5.597,-3.896,-3.9,-4.558,-5.888,-5.465,-6.261,-3.516,-5.147,-4.545,-4.562,-3.204,-3.894,-5.008,-4.815,-4.703,-4.536,-3.998,-4.084,-4.187,-4.906,-4.192,-4.629,-3.838,-5.22,-5.387,-3.778,-3.956,-4.626,-4.967,-4.819,-4.579,-4.045,-4.861,-4.181,-6.428,-4.794,-4.976,-5.613,-5.654,-4.565,-4.649,-5.598,-4.463
OptTAR_Fixed_ligprep_20260117_0.5.maegz:313,-2.708,-4.922,-5.626,-3.715,-5.311,-5.511,-5.645,-4.418,-4.14,-5.11,-5.919,-4.563,-4.885,-3.8,-4.455,-4.452,-3.878,-4.883,-2.835,-5.375,-4.451,-4.622,-5.84,-4.267,-4.039,-4.162,-3.896,-3.385,-4.619,-4.67,-3.728,-4.51,-4.828,-4.169,-3.616,-4.155,-3.008,-4.469,-2.431,-4.06,-6.03,-3.266,-4.045,-4.757,-6.854,-6.032,-5.965,-4.572,-5.488,-6.204
OptTAR_Fixed_ligprep_20260117_0.5.maegz:314,-1.936,-3.238,-3.45,-4.821,-5.314,-3.875,-5.215,-3.458,-3.606,-1.777,-4.028,-3.97,-4.023,-3.284,-2.897,-4.617,-3.322,-2.601,-3.404,-2.204,-4.356,-3.977,-4.915,-3.869,-2.497,-2.166,-4.564,-2.666,-3.332,-4.713,-5.212,-4.68,-3.586,-2.809,-4.532,-4.425,-4.418,-3.459,-3.659,-3.726,-3.92,-4.785,-4.79,-4.973,-5.512,-3.597,-4.796,-5.034,-3.562,-3.032
OptTAR_Fixed_ligprep_20260117_0.5.maegz:315,-3.997,-5.889,-4.752,-5.52,-5.615,-5.076,-5.897,-4.729,-4.821,-5.145,-6.062,-5.749,-4.463,-4.017,-6.007,-5.825,-5.627,-4.322,-5.291,-4.56,-5.999,-5.356,-6.795,-4.944,-4.805,-5.025,-5.538,-4.599,-5.718,-5.379,-6.187,-5.612,-4.255,-5.53,-7.176,-5.48,-5.331,-5.739,-5.193,-4.634,-5.992,-7.036,-5.985,-7.515,-7.249,-3.82,-5.926,-5.791,-5.919,-4.515
OptTAR_Fixed_ligprep_20260117_0.5.maegz:316,-3.991,-5.432,-4.111,-4.635,-4.717,-5.231,-5.441,-4.777,-4.235,-5.563,-5.246,-5.112,-4.89,-4.911,-4.214,-4.26,-5.221,-6.123,-4.67,-5.583,-4.787,-6.075,-4.825,-3.84,-4.506,-5.108,-5.578,-4.471,-5.501,-5.898,-4.694,-5.81,-4.572,-3.863,-6.287,-3.831,-6.29,-4.315,-3.245,-3.293,-4.899,-5.94,-4.576,-7.376,-6.603,-3.586,-5.216,-3.833,-3.612,-3.762
OptTAR_Fixed_ligprep_20260117_0.5.maegz:317,-3.994,-4.509,-4.877,-2.315,-6.377,-6.21,-5.864,-6.015,-4.457,-5.2,-4.992,-5.464,-5.743,-4.762,-5.388,-5.112,-5.338,-3.341,-2.884,-3.939,-4.529,-5.387,-5.782,-3.094,-4.198,-1.943,-4.744,-4.883,-4.97,-5.128,-2.18,-3.883,-4.05,-3.861,-3.763,-4.108,-4.777,-2.34,-3.916,-4.064,-3.507,-5.533,-3.95,-5.619,-5.199,-4.489,-6.312,-5.664,-3.623,-4.787
OptTAR_Fixed_ligprep_20260117_0.5.maegz:318,-4.854,-5.918,-4.797,-5.072,-4.395,-5.309,-5.044,-2.797,-3.806,-3.806,-3.823,-4.199,-5.639,-3.918,-4.248,-5.136,-3.134,-3.995,-4.403,-3.492,-4.889,-4.414,-4.982,-3.93,-4.41,-3.708,-4.865,-3.636,-4.577,-4.982,-4.392,-4.658,-3.689,-4.454,-5.035,-2.533,-5.366,-4.572,-4.212,-4.087,-4.954,-4.909,-5.509,-4.704,-7.129,-5.403,-5.209,-4.325,-4.903,-2.685
OptTAR_Fixed_ligprep_20260117_0.5.maegz:319,-4.194,-6.988,-5.414,-4.688,-6.092,-6.323,-6.69,-5.524,-5.21,-6.169,-5.568,-5.557,-6.097,-4.982,-5.681,-5.73,-5.661,-4.833,-4.946,-4.855,-6.366,-6.525,-4.951,-5.038,-5.235,-5.978,-5.404,-5.725,-5.842,-5.875,-6.935,-6.154,-5.944,-4.957,-7.606,-5.055,-6.179,-5.858,-5.261,-4.556,-6.537,-6.87,-6.979,-7.049,-6.741,-6.873,-6.256,-5.654,-6.321,-5.393
OptTAR_Fixed_ligprep_20260117_0.5.maegz:320,-4.181,-6.185,-5.565,-4.472,-6.077,-5.853,-5.948,-5.39,-5.595,-5.976,-5.699,-5.716,-7.369,-4.986,-5.873,-5.588,-5.055,-4.686,-4.661,-5.264,-5.515,-6.275,-6.911,-5.487,-5.319,-4.544,-7.181,-5.207,-5.846,-5.604,-5.53,-5.559,-6.25,-5.001,-6.385,-4.288,-6.067,-6.135,-4.359,-5.513,-6.256,-5.941,-6.522,-6.885,-7.342,-7.262,-6.637,-5.421,-6.327,-5.61
OptTAR_Fixed_ligprep_20260117_0.5.maegz:321,-3.661,-7.564,-5.791,-4.301,-6.062,-5.285,-5.541,-5.395,-5.133,-5.197,-5.908,-5.771,-6.937,-3.727,-4.36,-5.008,-5.034,-4.338,-4.468,-4.88,-5.195,-5.278,-5.61,-4.971,-4.572,-4.537,-5.237,-5.169,-5.065,-5.975,-6.131,-5.664,-5.17,-4.7,-5.238,-4.594,-4.992,-4.863,-4.001,-5.032,-5.453,-6.781,-5.91,-5.427,-6.35,-5.651,-5.486,-4.587,-5.792,-5.026
OptTAR_Fixed_ligprep_20260117_0.5.maegz:322,-3.711,-6.412,-5.324,-4.399,-6.118,-5.252,-5.589,-4.995,-4.897,-5.598,-6.044,-5.034,-6.32,-3.885,-4.845,-4.54,-6.072,-4.704,-4.937,-4.469,-5.041,-5.151,-5.382,-4.909,-5.98,-5.882,-5.936,-4.539,-5.091,-4.531,-4.358,-5.798,-4.457,-4.573,-6.965,-5.305,-6.142,-4.626,-4.752,-4.456,-5.183,-6.645,-6.657,-6.787,-4.935,-5.436,-5.443,-4.336,-5.515,-4.474
OptTAR_Fixed_ligprep_20260117_0.5.maegz:323,-3.924,-6.14,-5.769,-5.858,-5.544,-6.522,-5.409,-4.996,-4.726,-5.837,-5.993,-5.59,-5.988,-4.816,-5.724,-5.439,-3.907,-4.592,-5.136,-5.231,-5.856,-6.416,-6.915,-4.552,-5.259,-4.5,-7.319,-5.523,-5.555,-5.321,-5.875,-6.207,-6.103,-4.337,-6.215,-4.827,-6.191,-4.536,-4.603,-5.427,-6.087,-5.894,-5.973,-7.03,-6.859,-6.639,-4.945,-5.965,-6.267,-5.338
OptTAR_Fixed_ligprep_20260117_0.5.maegz:324,-4.458,-6.036,-5.693,-5.099,-6.599,-5.761,-6.243,-6.645,-4.776,-5.756,-6.149,-5.592,-6.887,-4.384,-6.024,-6.177,-6.515,-5.471,-4.546,-5.143,-6.074,-6.386,-5.009,-5.057,-4.886,-5.015,-6.023,-5.497,-5.803,-5.49,-5.609,-6.316,-4.687,-4.862,-6.18,-5.484,-6.367,-4.656,-4.958,-5.396,-6.314,-7.021,-7.43,-6.83,-7.411,-7.043,-6.155,-5.484,-6.288,-5.223
OptTAR_Fixed_ligprep_20260117_0.5.maegz:325,-3.917,-6.056,-4.736,-4.568,-5.004,-4.808,-4.749,-6.061,-4.651,-5.215,-5.332,-5.238,-6.218,-4.331,-4.96,-4.757,-4.171,-4.264,-4.113,-5.517,-5.609,-5.845,-4.928,-5.127,-3.998,-3.61,-4.58,-3.646,-4.945,-5.371,-6.308,-5.341,-4.131,-4.466,-5.65,-4.516,-5.003,-3.689,-4.18,-4.714,-5.464,-6.23,-5.632,-6.199,-7.032,-5.892,-6.342,-4.973,-5.301,-2.605
OptTAR_Fixed_ligprep_20260117_0.5.maegz:326,-4.75,-5.606,-5.068,-5.035,-5.837,-5.456,-5.384,-5.074,-5.309,-5.386,-6.057,-5.564,-6.732,-4.199,-5.912,-5.519,-4.14,-4.714,-4.153,-5.645,-5.96,-6.271,-6.447,-4.894,-4.349,-4.562,-5.23,-5.545,-6.014,-5.635,-4.981,-5.211,-6.318,-4.576,-5.456,-5.571,-4.604,-4.989,-4.08,-5.889,-5.347,-5.866,-6.545,-5.504,-7.355,-7.331,-6.638,-5.1,-6.402,-4.723
OptTAR_Fixed_ligprep_20260117_0.5.maegz:327,-3.79,-5.019,-5.527,-5.107,-4.982,-6.196,-5.214,-5.292,-4.599,-5.573,-5.912,-5.245,-5.873,-3.468,-4.921,-5.44,-5.156,-5.17,-4.57,-5.362,-6.078,-4.577,-5.008,-4.016,-3.504,-4.016,-4.276,-4.389,-4.979,-5.042,-4.814,-5.233,-5.053,-4.161,-5.618,-4.315,-4.616,-4.994,-4.356,-5.213,-5.635,-6.18,-5.446,-5.859,-6.692,-6.088,-5.991,-5.147,-4.676,-5.059
OptTAR_Fixed_ligprep_20260117_0.5.maegz:328,-3.774,-4.368,-6.969,-4.473,-5.508,-5.462,-5.416,-4.811,-4.91,-5.471,-5.502,-5.068,-6.137,-4.096,-5.133,-4.709,-6.231,-4.549,-4.508,-4.41,-5.413,-5.945,-5.105,-4.477,-3.788,-4.184,-4.47,-5.636,-5.274,-5.636,-5.156,-4.526,-4.676,-5.005,-6.188,-3.625,-4.632,-4.284,-4.11,-4.52,-5.314,-6.346,-5.955,-5.173,-7.144,-4.885,-5.842,-4.903,-4.791,-4.351
OptTAR_Fixed_ligprep_20260117_0.5.maegz:329,-3.755,-5.454,-6.104,-4.858,-5.119,-6.322,-6.152,-5.172,-4.937,-6.386,-5.366,-4.875,-6.071,-4.362,-4.532,-4.588,-4.886,-4.754,-4.843,-4.922,-4.944,-5.408,-5.139,-4.196,-4.038,-4.008,-3.861,-5.631,-5.898,-5.241,-4.405,-4.248,-4.478,-4.307,-6.237,-4.946,-6.036,-4.996,-4.589,-4.417,-5.621,-5.794,-6.354,-6.606,-7.068,-6.15,-5.385,-5.223,-5.711,-5.165
OptTAR_Fixed_ligprep_20260117_0.5.maegz:330,-4.536,-6.061,-5.723,-4.542,-5.542,-5.931,-6.394,-5.396,-4.51,-5.231,-5.431,-4.904,-5.3,-4.364,-4.749,-4.922,-5.44,-5.145,-5.564,-4.375,-4.823,-4.884,-4.836,-5.737,-5.348,-5.233,-5.369,-4.296,-4.218,-4.843,-4.829,-5.295,-4.738,-4.644,-5.375,-5.711,-6.054,-4.249,-5.331,-5.239,-5.004,-6.654,-6.709,-6.192,-6.617,-6.53,-6.053,-4.539,-4.549,-4.268
OptTAR_Fixed_ligprep_20260117_0.5.maegz:331,-4.161,-5.679,-5.527,-5.11,-5.39,-6.216,-4.466,-4.652,-5.104,-5.587,-6.314,-4.793,-4.448,-4.655,-4.36,-4.297,-5.764,-4.781,-5.129,-5.219,-5.658,-5.713,-5.925,-4.397,-4.021,-3.922,-4.087,-3.775,-5.692,-5.977,-4.549,-4.121,-4.566,-4.171,-5.133,-4.121,-3.258,-5.333,-4.815,-4.477,-5.054,-5.608,-6.666,-5.727,-5.373,-5.741,-4.809,-6.497,-5.766,-2.824
OptTAR_Fixed_ligprep_20260117_0.5.maegz:332,-4.164,-6.871,-5.476,-5.125,-4.65,-3.815,-7.89,-4.787,-4.636,-3.577,-6.284,-4.326,-5.08,-4.075,-4.299,-5.123,-4.29,-2.754,-5.296,-3.304,-3.606,-5.931,-5.907,-3.941,-5.301,-2.749,-5.049,-3.069,-5.146,-5.936,-5.959,-5.32,-4.197,-5.579,-5.441,-5.056,-3.363,-3.609,-4.012,-5.555,-4.981,-5.21,-6.485,-7.09,-8.305,-6.001,-4.405,-5.06,-5.674,-4.791
OptTAR_Fixed_ligprep_20260117_0.5.maegz:333,-3.887,-4.862,-5.907,-4.393,-5.976,-5.621,-5.042,-5.626,-4.617,-6.117,-4.745,-5.598,-5.382,-3.316,-4.412,-3.637,-4.775,-3.794,-4.7,-4.177,-5.418,-5.187,-5.925,-4.779,-5.037,-5.138,-4.11,-4.34,-4.422,-3.698,-4.747,-5.105,-4.362,-4.188,-5.222,-4.043,-4.302,-2.105,-2.438,-3.681,-4.952,-6.576,-6.783,-6.26,-6.625,-6.22,-6.526,-5.7,-4.942,-4.1
OptTAR_Fixed_ligprep_20260117_0.5.maegz:334,-3.748,-5.706,-5.17,-6.156,-6.09,-5.12,-4.187,-5.868,-3.881,-5.273,-4.683,-2.565,-5.175,-3.731,-4.581,-2.731,-2.693,-1.823,-1.875,-1.717,-4.286,-5.016,-2.957,-3.749,-4.148,-4.329,-4.502,-4.498,-4.964,-4.198,-4.647,-2.034,-1.575,-3.704,-2.808,-1.758,-3.088,-4.329,-2.901,-4.074,-4.815,-5.54,-5.818,-7.436,-5.678,-6.278,-2.956,-4.499,-3.966,-4.453
OptTAR_Fixed_ligprep_20260117_0.5.maegz:335,-4.491,-5.11,-5.181,-4.302,-5.544,-4.628,-5.043,-5.22,-4.48,-6.039,-5.259,-4.19,-5.004,-3.771,-4.432,-3.442,-3.985,-4.644,-3.97,-4.481,-4.234,-5.385,-5.209,-1.155,-3.677,-3.128,-4.478,-1.592,-4.134,-5.392,-5.607,-5.675,-3.72,-4.093,-6.177,-4.466,-5.598,-3.483,-5.502,-5.531,-5.037,-3.874,-6.415,-7.176,-7.362,-7.851,-5.298,-3.907,-5.989,-3.063
OptTAR_Fixed_ligprep_20260117_0.5.maegz:336,-4.364,-5.174,-7.091,-5.354,-5.295,-5.53,-6.777,-2.288,-4.152,-5.332,-4.365,-2.099,-5.253,-1.344,-4.229,-5.081,-4.417,-4.324,-4.352,-5.617,-4.868,-5.039,-2.601,-4.454,-4.03,-0.4201,-4.722,-5.044,-4.323,-5.014,-4.781,-4.393,-4.977,-4.544,-5.186,-4.069,-3.609,-4.753,-4.235,-3.571,-4.871,-2.392,-5.96,-5.269,-8.495,-6.183,-2.711,-4.252,-6.052,-4.306
OptTAR_Fixed_ligprep_20260117_0.5.maegz:337,-3.35,-5.16,-4.457,-4.596,-5.154,-5.706,-6.397,-4.914,-3.972,-2.394,-5.584,-5.955,-5.645,-4.133,-3.749,-3.62,-4.303,-4.144,-4.497,-3.404,-4.72,-4.9,-5.572,-4.153,-4.075,-1.9,-4.749,-4.214,-4.998,-4.63,-4.552,-3.8,-2.314,-3.68,-5.675,-4.928,-6.459,-4.75,-4.298,-2.63,-5.587,-6.403,-5.552,-6.169,-4.732,-3.636,-6.493,-4.236,-4.918,-4.644
OptTAR_Fixed_ligprep_20260117_0.5.maegz:338,-1.902,-6.088,-3.059,-4.029,-5.337,-5.801,-5.233,-5.735,-4.498,-4.337,-5.174,-4.724,-5.001,-4.071,-4.769,-5.127,-4.614,-4.089,-4.208,-4.19,-3.455,-4.46,-4.684,-4.039,-3.485,-4.752,-5.046,-3.696,-5.156,-4.715,-5.078,-5.17,-4.463,-4.943,-3.816,-5.021,-4.553,-3.44,-3.912,-4.416,-5.179,-5.574,-4.521,-4.513,-6.931,-4.04,-4.65,-4.637,-5.204,-3.612
OptTAR_Fixed_ligprep_20260117_0.5.maegz:339,-4.299,-5.223,-5.926,-4.95,-6.864,-5.587,-5.228,-5.276,-4.92,-5.876,-5.756,-5.782,-6.348,-4.631,-5.247,-5.624,-5.739,-4.791,-4.114,-5.699,-5.974,-5.656,-5.803,-4.776,-4.715,-4.587,-5.248,-5.041,-5.752,-5.82,-5.454,-5.253,-4.65,-4.408,-6.855,-4.155,-7.678,-4.505,-4.167,-4.37,-5.567,-6.131,-6.007,-6.726,-7.143,-6.626,-6.862,-5.125,-5.346,-4.786
OptTAR_Fixed_ligprep_20260117_0.5.maegz:340,-4.046,-6.44,-5.906,-4.79,-6.291,-6.064,-4.925,-5.592,-5.193,-4.724,-5.669,-5.818,-6.855,-4.202,-5.423,-4.785,-4.834,-5.39,-4.57,-5.439,-6.222,-6.09,-4.748,-5.289,-4.448,-5.944,-5.746,-5.825,-5.923,-6.073,-4.608,-6.473,-4.492,-5.896,-6.461,-5.771,-4.163,-5.339,-4.858,-5.418,-5.651,-5.257,-5.784,-4.615,-5.915,-6.657,-6.49,-4.996,-5.872,-4.978
OptTAR_Fixed_ligprep_20260117_0.5.maegz:341,-4.241,-6.788,-6.017,-5.752,-5.64,-6.982,-6.217,-5.375,-5.578,-5.448,-6.112,-5.385,-6.152,-5.033,-4.572,-5.812,-4.638,-4.48,-4.805,-4.679,-5.422,-6.786,-6.353,-4.511,-4.69,-4.051,-5.578,-5.952,-5.839,-5.622,-6.23,-6.015,-5.143,-5.145,-6.143,-5.853,-6.069,-5.089,-5.033,-5.273,-5.734,-6.519,-7.137,-7.374,-7.561,-5.847,-6.886,-5.523,-5.652,-5.226
OptTAR_Fixed_ligprep_20260117_0.5.maegz:342,-3.979,-6.034,-4.997,-4.341,-4.697,-5.696,-6.539,-4.949,-5.54,-5.989,-5.53,-5.616,-5.445,-4.117,-5.239,-4.699,-4.343,-4.076,-4.811,-4.639,-4.976,-4.302,-5.0,-4.694,-4.792,-4.29,-4.239,-4.329,-5.1,-4.564,-4.229,-5.126,-4.669,-4.436,-7.05,-4.912,-5.265,-4.309,-4.803,-4.577,-6.668,-5.959,-6.557,-5.627,-6.896,-6.517,-6.649,-5.247,-4.545,-4.453
OptTAR_Fixed_ligprep_20260117_0.5.maegz:343,-3.643,-7.09,-5.356,-4.2,-4.448,-6.014,-6.121,-4.912,-4.857,-5.44,-5.635,-5.273,-4.608,-3.73,-3.266,-4.173,-4.549,-4.148,-4.876,-4.408,-5.13,-4.779,-5.136,-4.597,-4.726,-4.239,-5.027,-4.569,-4.752,-4.516,-4.053,-5.459,-4.521,-4.289,-6.418,-5.161,-5.429,-4.798,-5.079,-4.378,-6.233,-6.155,-6.124,-5.647,-7.469,-6.315,-6.49,-5.217,-4.879,-4.648
OptTAR_Fixed_ligprep_20260117_0.5.maegz:344,-3.794,-5.895,-5.703,-4.157,-6.04,-5.893,-5.612,-5.693,-5.105,-5.108,-6.08,-4.74,-5.888,-4.181,-3.88,-4.304,-5.346,-5.26,-3.914,-3.795,-4.645,-4.95,-6.047,-4.369,-4.72,-4.13,-4.388,-4.453,-4.938,-5.862,-4.289,-4.867,-4.088,-4.234,-6.735,-3.822,-5.057,-3.911,-4.197,-4.265,-6.199,-6.43,-6.279,-7.273,-7.348,-7.521,-6.523,-5.407,-5.369,-4.121
OptTAR_Fixed_ligprep_20260117_0.5.maegz:345,-5.163,-6.855,-7.125,-5.474,-6.359,-6.138,-7.076,-5.624,-6.355,-6.95,-7.067,-6.299,-6.521,-4.688,-5.847,-6.681,-6.125,-7.25,-6.031,-5.661,-6.384,-6.332,-6.762,-5.228,-5.057,-4.794,-5.337,-5.793,-6.656,-6.646,-5.884,-5.971,-5.771,-5.319,-6.099,-5.214,-7.861,-5.616,-5.822,-5.455,-5.772,-7.372,-7.201,-7.268,-8.46,-8.061,-7.207,-5.755,-6.04,-5.559
OptTAR_Fixed_ligprep_20260117_0.5.maegz:346,-4.337,-6.291,-5.466,-5.651,-5.983,-6.15,-6.402,-5.393,-5.146,-6.102,-5.727,-5.607,-5.939,-4.358,-4.996,-5.395,-5.015,-4.459,-4.159,-5.586,-5.578,-5.933,-6.96,-5.542,-4.684,-5.796,-5.925,-5.321,-5.253,-4.722,-3.888,-5.116,-5.431,-4.684,-6.788,-4.482,-6.746,-4.279,-4.827,-6.409,-6.506,-6.408,-6.653,-6.874,-7.262,-6.511,-5.849,-5.167,-6.463,-5.671
OptTAR_Fixed_ligprep_20260117_0.5.maegz:347,-3.658,-6.987,-5.709,-4.958,-5.861,-6.483,-5.679,-5.519,-4.867,-5.79,-6.341,-4.973,-6.532,-1.842,-5.306,-5.448,-4.561,-5.196,-5.169,-5.159,-5.289,-6.736,-4.987,-5.383,-5.764,-4.302,-5.641,-5.767,-5.24,-4.959,-5.306,-5.29,-5.025,-4.015,-5.767,-5.101,-6.081,-4.897,-5.319,-4.747,-5.9,-7.133,-5.876,-6.447,-8.152,-6.933,-5.752,-5.484,-6.711,-5.345
OptTAR_Fixed_ligprep_20260117_0.5.maegz:348,-4.01,-4.443,-5.242,-4.311,-5.675,-6.192,-4.045,-4.826,-4.825,-5.081,-5.368,-4.847,-4.946,-3.193,-4.356,-5.088,-4.248,-4.071,-4.545,-4.343,-5.435,-4.418,-5.918,-4.795,-4.232,-3.766,-6.862,-5.012,-4.745,-5.451,-4.369,-4.115,-4.666,-4.591,-6.244,-3.804,-3.938,-4.545,-3.787,-4.538,-5.063,-6.215,-6.296,-6.262,-6.689,-6.658,-6.586,-5.101,-4.767,-4.736
OptTAR_Fixed_ligprep_20260117_0.5.maegz:349,-3.639,-6.028,-6.042,-4.641,-5.507,-5.185,-5.653,-4.96,-5.415,-5.413,-5.359,-5.438,-4.884,-4.013,-4.796,-5.845,-3.92,-4.905,-5.239,-4.766,-5.708,-5.536,-6.629,-4.754,-4.782,-4.109,-4.486,-5.369,-4.891,-4.911,-4.769,-5.145,-5.002,-4.618,-6.539,-5.532,-6.702,-4.979,-4.992,-4.498,-5.421,-5.193,-6.308,-6.027,-7.187,-7.196,-5.652,-4.961,-5.139,-5.1
OptTAR_Fixed_ligprep_20260117_0.5.maegz:350,-4.065,-6.165,-4.426,-4.441,-5.701,-5.979,-5.582,-5.176,-5.694,-5.557,-5.606,-5.819,-5.203,-4.426,-4.408,-4.839,-4.911,-4.344,-5.124,-4.956,-5.405,-5.09,-5.715,-4.237,-4.5,-4.151,-4.612,-4.139,-5.021,-5.186,-4.757,-5.011,-4.285,-4.238,-6.505,-4.48,-6.694,-4.707,-4.918,-4.594,-5.274,-5.458,-6.146,-6.274,-6.723,-6.657,-4.548,-4.639,-5.435,-4.683
OptTAR_Fixed_ligprep_20260117_0.5.maegz:351,-3.493,-3.542,-2.931,-3.649,-4.743,-4.82,-4.519,-3.827,-3.155,-4.088,-4.342,-4.248,-4.328,-3.093,-1.734,-3.953,-2.991,-3.232,-3.076,-4.119,-3.499,-4.237,-4.982,-3.899,-3.998,-3.534,-4.608,-3.129,-3.717,-3.382,-4.217,-3.499,-2.749,-3.129,-4.658,-3.628,-3.478,-3.285,-2.806,-4.13,-3.947,-5.048,-4.726,-5.054,-5.183,-3.82,-3.571,-3.716,-4.144,-2.967
OptTAR_Fixed_ligprep_20260117_0.5.maegz:352,-4.124,-4.522,-3.732,-4.2,-4.046,-4.816,-4.687,-4.783,-4.077,-4.64,-4.425,-4.056,-4.135,-3.816,-2.914,-4.304,-4.045,-2.981,-4.328,-4.454,-4.088,-3.427,-3.659,-4.496,-3.056,-3.969,-4.373,-3.518,-4.203,-4.942,-2.816,-4.3,-3.427,-3.745,-5.031,-4.669,-3.566,-3.579,-3.439,-3.934,-5.091,-4.677,-5.697,-6.075,-6.434,-3.75,-5.43,-3.981,-3.954,-2.851
OptTAR_Fixed_ligprep_20260117_0.5.maegz:353,-3.458,-3.783,-3.691,-2.868,-3.01,-4.899,-4.363,-4.035,-3.964,-4.02,-4.485,-2.944,-3.602,-2.193,-2.724,-4.488,-4.484,-3.903,-4.194,-4.786,-3.086,-3.83,-4.389,-2.907,-2.053,-3.338,-4.342,-3.446,-4.15,-4.299,-2.625,-3.4,-2.706,-4.03,-5.783,-3.012,-1.744,-3.425,-3.284,-2.536,-3.546,-6.957,-3.467,-4.053,-5.773,-6.472,-5.216,-3.664,-3.891,-3.397
OptTAR_Fixed_ligprep_20260117_0.5.maegz:354,-3.898,-3.518,-2.454,-3.656,-3.756,-4.375,-3.552,-3.802,-3.242,-3.226,-3.258,-4.101,-4.305,-3.298,-3.41,-4.521,-4.651,-4.248,-3.615,-4.259,-2.801,-3.398,-4.281,-3.192,-4.112,-3.785,-3.762,-2.425,-3.964,-2.82,-3.067,-3.746,-2.375,-3.001,-3.509,-3.591,-3.415,-2.816,-4.097,-2.977,-3.971,-5.51,-3.834,-5.245,-4.72,-4.061,-3.589,-3.749,-3.326,-3.075
OptTAR_Fixed_ligprep_20260117_0.5.maegz:355,-3.072,-2.275,-3.25,-2.984,-3.783,-4.339,-4.926,-3.793,-2.756,-2.579,-1.888,-1.323,-4.024,-0.4911,-1.874,-2.809,-3.667,-1.126,-0.7553,-4.494,-1.56,-3.734,-2.135,-2.584,-3.164,-3.89,-4.577,-0.609,-0.8116,-2.341,-3.875,-2.065,-2.159,-1.35,-2.573,-3.748,-2.066,-1.101,-3.639,-2.716,-3.816,-6.029,-3.718,-4.222,-4.922,-2.7,-2.424,-3.874,-2.641,-1.999
OptTAR_Fixed_ligprep_20260117_0.5.maegz:356,-2.583,-3.378,-0.6712,-0.638,-4.094,-3.108,-3.919,-3.861,-3.818,-3.363,-2.688,-1.801,-1.853,-3.219,-1.886,-3.872,-0.2881,0.013,-1.223,-3.303,-3.368,-0.6555,-1.373,-2.72,-1.031,-0.2922,-3.457,-2.377,-2.978,-3.945,-3.122,-2.844,-3.858,-0.8463,-2.69,-3.403,-2.101,-4.369,-2.935,-2.639,-3.251,-1.95,-5.069,-2.767,-4.644,-4.583,-4.555,-3.097,-3.159,-1.43
OptTAR_Fixed_ligprep_20260117_0.5.maegz:357,-2.061,-3.503,-2.818,-3.481,-3.487,-2.169,-2.362,-2.794,-3.801,-2.188,-3.952,-2.095,-2.995,-3.466,-2.484,-3.002,-3.389,-3.829,-3.661,-4.281,-3.635,-2.289,-1.74,-0.4682,-3.187,-3.324,-3.902,-2.642,-1.242,-4.133,-3.473,-2.053,-2.114,-3.983,-3.092,-3.055,-1.791,-1.222,-3.163,-2.445,-3.247,-3.157,-3.967,-4.577,-3.465,-2.058,-2.438,-3.536,-1.521,-1.908
OptTAR_Fixed_ligprep_20260117_0.5.maegz:358,-3.073,-4.049,-1.78,-2.726,-2.818,-3.021,-3.874,-3.397,-2.422,-3.992,-4.041,-3.304,-3.744,-2.716,-3.089,-3.131,-2.818,-3.136,-2.467,-3.162,-2.984,-2.504,-4.057,-2.235,-2.747,-3.03,-3.945,-2.873,-2.09,-4.054,-2.765,-2.337,-2.011,-2.31,-2.78,-3.837,-4.292,-3.332,-3.166,-3.451,-3.244,-3.936,-3.769,-3.715,-4.478,-3.635,-3.595,-3.503,-2.88,-3.026
OptTAR_Fixed_ligprep_20260117_0.5.maegz:359,-3.665,-3.763,-3.734,-3.56,-4.029,-4.201,-3.953,-3.74,-3.461,-2.758,-4.677,-3.677,-3.318,-3.143,-2.809,-3.194,-3.616,-2.77,-3.025,-4.317,-4.304,-3.479,-4.367,-2.347,-3.438,-2.812,-4.01,-3.337,-4.274,-5.038,-3.04,-2.61,-2.665,-2.544,-5.948,-3.092,-4.689,-3.722,-3.255,-2.43,-4.208,-4.959,-4.606,-5.397,-6.347,-3.651,-4.16,-4.439,-3.849,-3.951
OptTAR_Fixed_ligprep_20260117_0.5.maegz:360,-2.364,-3.349,-4.667,-3.46,-5.488,-4.044,-4.805,-3.907,-3.476,-3.485,-3.385,-2.89,-4.277,-2.814,-3.262,-4.057,-3.549,-3.034,-3.563,-3.802,-3.602,-3.238,-5.467,-3.114,-3.532,-3.356,-4.347,-4.935,-3.155,-3.976,-4.246,-2.876,-3.422,-3.651,-2.894,-3.653,-4.796,-4.136,-3.487,-3.2,-3.674,-4.762,-4.673,-4.272,-5.758,-4.048,-4.948,-3.628,-3.787,-3.428
OptTAR_Fixed_ligprep_20260117_0.5.maegz:361,-3.141,-4.259,-3.821,-4.147,-2.716,-3.966,-3.847,-3.934,-3.51,-4.164,-5.735,-3.42,-3.642,-3.058,-3.014,-3.177,-3.979,-3.358,-3.426,-3.137,-4.373,-4.038,-5.28,-3.648,-4.349,-4.318,-4.591,-3.701,-3.597,-4.142,-1.831,-3.535,-2.988,-3.795,-3.3,-3.647,-3.662,-3.797,-4.095,-3.261,-3.046,-5.062,-4.453,-4.588,-5.636,-3.922,-4.42,-3.646,-3.379,-2.87
OptTAR_Fixed_ligprep_20260117_0.5.maegz:362,-3.189,-3.246,-4.552,-4.157,-4.505,-4.634,-3.475,-3.46,-3.231,-3.219,-4.222,-3.273,-5.057,-3.056,-2.631,-4.442,-2.981,-3.533,-3.512,-4.199,-2.99,-3.727,-5.405,-2.976,-3.535,-3.144,-4.671,-3.65,-3.3,-3.822,-4.369,-3.156,-3.264,-3.002,-4.443,-4.847,-3.435,-3.749,-3.98,-3.507,-4.004,-4.92,-4.762,-4.871,-5.94,-3.947,-4.175,-4.268,-4.273,-4.648
OptTAR_Fixed_ligprep_20260117_0.5.maegz:363,-3.765,-4.4,-5.235,-4.684,-5.298,-5.334,-4.068,-5.445,-5.212,-4.66,-5.051,-3.925,-4.617,-3.526,-4.467,-4.594,-5.278,-4.338,-3.706,-4.789,-3.827,-5.414,-4.764,-3.911,-3.377,-4.113,-4.051,-4.113,-4.92,-5.832,-3.232,-4.885,-4.43,-4.369,-5.581,-4.735,-3.393,-4.876,-3.686,-3.389,-5.175,-5.602,-5.409,-6.082,-6.53,-6.547,-5.069,-3.876,-4.214,-4.029
OptTAR_Fixed_ligprep_20260117_0.5.maegz:364,-4.755,-7.106,-5.764,-5.397,-6.122,-6.628,-6.869,-6.069,-5.317,-6.272,-6.323,-5.557,-6.383,-4.652,-5.647,-5.134,-5.336,-6.718,-4.852,-5.259,-5.595,-5.12,-6.245,-5.436,-4.938,-4.833,-6.462,-5.363,-5.704,-6.306,-5.326,-5.856,-5.281,-5.072,-7.097,-5.896,-4.726,-5.54,-5.691,-4.703,-6.333,-7.188,-6.615,-7.14,-8.228,-7.396,-6.825,-5.697,-6.376,-5.183
OptTAR_Fixed_ligprep_20260117_0.5.maegz:365,-3.342,-5.849,-4.584,-4.006,-4.78,-5.744,-5.776,-4.21,-4.818,-4.645,-4.551,-4.983,-4.538,-3.675,-4.356,-3.908,-4.56,-4.311,-4.756,-3.559,-5.622,-4.452,-5.026,-4.679,-4.167,-4.421,-3.933,-4.07,-4.39,-5.842,-3.917,-5.32,-4.904,-4.593,-5.908,-4.101,-3.083,-3.754,-4.353,-4.159,-5.81,-4.809,-6.839,-5.281,-5.704,-4.408,-5.632,-4.555,-4.808,-3.782
OptTAR_Fixed_ligprep_20260117_0.5.maegz:366,-4.166,-5.623,-5.473,-4.544,-5.979,-5.285,-6.36,-5.027,-4.382,-5.42,-5.871,-5.446,-5.505,-3.796,-5.566,-4.437,-4.833,-4.494,-4.921,-4.692,-4.929,-4.914,-5.154,-4.794,-4.607,-4.518,-4.751,-5.17,-4.139,-4.796,-4.469,-5.519,-4.563,-4.829,-7.198,-4.844,-4.505,-5.048,-4.795,-5.361,-5.075,-5.664,-6.336,-7.222,-7.535,-4.706,-5.727,-5.62,-4.438,-4.664
OptTAR_Fixed_ligprep_20260117_0.5.maegz:367,-4.036,-6.369,-5.41,-4.841,-5.727,-5.378,-5.176,-5.438,-5.318,-5.608,-5.268,-5.011,-4.831,-4.38,-5.176,-4.956,-5.041,-5.869,-4.624,-5.155,-4.739,-4.802,-6.326,-4.53,-4.421,-4.555,-6.014,-5.441,-4.315,-4.732,-4.679,-5.954,-4.627,-4.589,-7.567,-4.446,-7.31,-5.036,-5.651,-4.312,-5.542,-6.383,-6.404,-6.696,-7.405,-6.037,-5.857,-4.619,-4.961,-4.93
OptTAR_Fixed_ligprep_20260117_0.5.maegz:368,-0.9035,-2.404,-4.665,-3.115,-3.424,-5.455,-4.179,-3.308,-4.119,-4.578,-3.035,-3.216,-4.406,-3.354,-2.179,-4.272,-2.384,-3.395,-2.054,-2.109,-4.281,-3.02,-4.701,-3.449,-3.197,-2.798,-2.379,-3.207,-4.802,-4.013,-4.604,-2.638,-1.949,-3.522,-2.077,-3.102,-2.311,-1.243,-3.655,-3.136,-2.603,-6.217,-5.174,-4.861,-4.804,-4.403,-3.051,-4.068,-3.57,-4.235
OptTAR_Fixed_ligprep_20260117_0.5.maegz:369,-3.012,-3.307,-4.833,-1.101,-4.593,-4.169,-3.84,-4.485,-3.649,-4.103,-2.03,-3.257,-4.689,-1.824,-3.768,-1.435,-2.386,-3.449,-3.524,-1.996,-3.648,-2.918,-4.255,-4.432,-0.9535,-3.906,-4.551,-4.322,-2.1,-3.689,-3.938,-2.878,-2.733,-4.102,-2.093,-3.261,-1.923,-2.869,-1.897,-3.41,-2.905,-4.6,-5.984,-4.404,-5.367,-4.872,-3.197,-3.22,-2.987,-3.422
OptTAR_Fixed_ligprep_20260117_0.5.maegz:370,-1.207,-3.163,-5.712,-3.171,-3.17,-4.262,-3.493,-3.821,-3.73,-3.226,-3.755,-3.239,-4.622,-4.058,-3.044,-2.03,-2.529,-3.373,-1.966,-2.453,-2.328,-3.433,-3.564,-2.39,-1.205,-3.476,-3.345,-1.97,-3.552,-3.978,-4.164,-2.3,-3.329,-4.383,-2.613,-3.923,-3.744,-3.041,-1.908,-3.588,-4.008,-6.299,-6.226,-3.892,-4.956,-3.122,-4.221,-4.586,-3.531,-2.688
OptTAR_Fixed_ligprep_20260117_0.5.maegz:371,-2.34,-1.906,-4.555,-1.728,-3.463,-4.568,-3.577,-3.588,-3.926,-3.653,-2.258,-3.592,-3.956,0.1083,-3.197,-4.2,-4.832,-1.892,-3.792,-3.378,-3.924,-3.783,-3.836,-1.293,-2.943,-1.821,-1.782,-4.322,-2.27,-4.187,-2.627,-3.106,-2.737,-1.818,-2.803,-0.2587,-2.346,-1.965,-5.213,-2.415,-4.082,-6.475,-6.011,-4.74,-3.379,-2.754,-2.981,-2.4,-3.807,-2.471
OptTAR_Fixed_ligprep_20260117_0.5.maegz:372,-1.915,-3.775,-5.024,-3.418,-5.517,-4.672,-3.717,-3.452,-3.24,-2.787,-0.9126,-2.543,-4.312,-0.472,-1.288,-3.762,-2.852,-2.33,-4.595,-2.869,-0.7797,-1.697,-3.939,-1.696,-1.877,-3.268,-1.772,-2.018,-1.526,-4.112,-2.692,-2.221,-2.689,-0.7919,-1.964,-2.133,-1.353,-0.5965,-0.1311,-4.571,-5.607,-4.324,-4.789,-3.999,-3.39,-5.191,-3.475,-4.129,-2.43,-2.849
OptTAR_Fixed_ligprep_20260117_0.5.maegz:373,-3.362,-1.494,-3.553,-2.547,-4.692,-3.964,-5.264,-3.558,-4.023,-3.731,-3.794,-4.038,-5.824,-2.153,-2.118,-0.4319,-4.613,-3.178,-3.495,-2.25,-2.907,-2.907,-4.657,-2.22,-1.845,-0.9692,-3.844,-4.177,-1.624,-2.788,-4.356,-2.532,-1.924,-1.599,-2.25,-0.8544,-2.414,-3.094,-2.656,-4.721,-4.132,-3.541,-6.347,-1.838,-3.369,-2.65,-1.541,-4.261,-3.552,-2.068
OptTAR_Fixed_ligprep_20260117_0.5.maegz:374,-3.26,-2.983,-4.876,-2.509,-4.9,-3.481,-4.433,-1.713,-3.905,-3.4,-1.809,-4.337,-2.328,-1.786,-4.049,-4.378,-3.506,-2.068,-1.875,-2.93,-1.367,-3.312,-3.997,-3.241,-3.797,-2.452,-2.453,-2.48,-3.379,-4.325,-4.724,-4.468,-1.853,-3.036,-5.118,-1.032,-2.568,-3.772,-1.878,-3.767,-4.398,-4.976,-6.128,-3.62,-2.612,-5.119,-4.935,-4.121,-2.962,-3.458
OptTAR_Fixed_ligprep_20260117_0.5.maegz:375,-3.16,-5.559,-4.794,-4.193,-4.938,-4.501,-5.705,-4.114,-3.361,-4.521,-4.527,-4.417,-4.975,-3.147,-3.005,-4.02,-3.642,-3.422,-5.104,-5.511,-5.008,-4.253,-4.963,-3.686,-3.979,-2.195,-4.387,-4.327,-5.156,-4.366,-5.09,-5.497,-4.003,-2.341,-6.263,-3.354,-5.327,-3.247,-4.016,-3.859,-5.298,-5.417,-5.315,-4.085,-6.916,-3.816,-6.098,-4.848,-4.94,-4.787
OptTAR_Fixed_ligprep_20260117_0.5.maegz:376,-4.46,-4.975,-6.023,-5.249,-5.986,-5.47,-4.663,-4.662,-5.388,-5.449,-6.476,-5.19,-6.713,-4.36,-4.973,-5.288,-5.355,-4.651,-5.6,-5.843,-6.055,-6.625,-5.251,-4.162,-4.336,-4.003,-5.197,-5.815,-4.356,-5.25,-4.846,-5.324,-6.124,-4.652,-5.34,-4.362,-5.173,-4.764,-4.134,-5.05,-5.875,-6.828,-6.002,-6.222,-7.038,-6.728,-6.169,-5.918,-6.495,-5.38
OptTAR_Fixed_ligprep_20260117_0.5.maegz:377,-3.697,-5.673,-4.833,-4.422,-5.136,-4.838,-6.342,-5.809,-5.15,-4.154,-5.027,-5.179,-6.098,-3.946,-5.362,-4.815,-4.634,-5.793,-3.475,-4.269,-4.079,-5.207,-5.851,-4.104,-4.253,-3.868,-4.08,-4.304,-4.493,-4.924,-4.68,-4.783,-4.547,-3.891,-4.851,-3.936,-7.146,-5.075,-4.395,-4.675,-6.066,-5.774,-5.468,-6.04,-7.71,-6.378,-4.425,-5.104,-4.2,-4.399
OptTAR_Fixed_ligprep_20260117_0.5.maegz:378,-4.845,-4.976,-6.12,-5.276,-6.631,-5.854,-6.453,-6.134,-5.5,-4.431,-5.982,-5.261,-6.362,-3.242,-4.389,-4.975,-5.249,-4.815,-4.449,-4.374,-5.679,-4.829,-6.399,-4.617,-4.787,-4.049,-5.179,-4.93,-5.525,-6.115,-5.709,-6.566,-4.434,-4.29,-5.972,-5.503,-5.513,-4.916,-4.593,-4.717,-5.339,-6.383,-6.168,-6.824,-8.049,-8.385,-7.995,-5.27,-6.139,-4.461
OptTAR_Fixed_ligprep_20260117_0.5.maegz:379,-4.903,-5.196,-6.231,-5.175,-5.2,-5.521,-4.614,-6.537,-6.165,-4.826,-6.353,-4.629,-5.656,-3.725,-4.023,-4.999,-4.841,-4.895,-5.049,-5.12,-5.24,-4.739,-5.031,-4.031,-4.305,-3.757,-4.247,-4.333,-5.827,-5.028,-3.937,-4.423,-5.396,-4.021,-6.277,-5.415,-4.732,-4.426,-5.273,-4.832,-6.725,-7.372,-6.566,-6.509,-7.291,-7.294,-5.139,-4.609,-5.646,-4.548
OptTAR_Fixed_ligprep_20260117_0.5.maegz:380,-4.954,-6.512,-5.944,-5.518,-6.187,-5.995,-7.079,-5.664,-5.984,-6.993,-5.48,-5.373,-6.494,-4.919,-5.237,-5.615,-5.278,-5.828,-5.165,-5.264,-6.117,-5.623,-6.358,-4.51,-5.081,-4.695,-4.878,-4.646,-5.752,-5.778,-5.662,-4.568,-5.17,-4.906,-7.051,-5.164,-4.681,-5.765,-5.109,-5.254,-6.457,-6.392,-7.149,-6.886,-7.533,-6.767,-7.292,-5.232,-5.872,-4.999
OptTAR_Fixed_ligprep_20260117_0.5.maegz:381,-3.854,-5.677,-5.117,-5.043,-6.58,-5.916,-4.414,-5.711,-4.835,-4.565,-6.115,-5.242,-6.304,-3.804,-5.451,-4.763,-5.886,-5.069,-4.671,-4.373,-5.504,-4.921,-6.702,-5.08,-5.478,-4.77,-5.087,-4.834,-4.532,-5.285,-6.037,-5.089,-5.409,-4.176,-6.684,-4.006,-7.133,-5.243,-4.68,-4.543,-5.618,-5.859,-5.346,-5.855,-7.04,-6.861,-5.795,-5.58,-5.833,-5.042
OptTAR_Fixed_ligprep_20260117_0.5.maegz:382,-4.146,-5.856,-6.345,-5.33,-5.706,-5.679,-5.32,-6.41,-5.589,-5.35,-7.175,-5.203,-6.213,-4.262,-4.414,-6.011,-5.843,-5.436,-4.872,-5.037,-6.605,-5.878,-6.89,-4.685,-4.837,-4.143,-4.33,-4.601,-5.747,-6.954,-5.277,-5.323,-4.905,-4.717,-6.005,-5.344,-4.948,-6.317,-4.656,-5.647,-6.717,-6.799,-7.434,-7.573,-7.654,-6.731,-7.007,-6.455,-6.858,-5.077
OptTAR_Fixed_ligprep_20260117_0.5.maegz:383,-4.509,-7.039,-6.293,-4.749,-5.549,-5.862,-6.152,-6.173,-5.431,-6.036,-6.198,-5.406,-6.489,-4.66,-4.089,-5.838,-5.609,-5.006,-4.951,-5.728,-5.775,-5.854,-7.656,-5.054,-5.011,-5.044,-4.798,-5.193,-5.581,-6.252,-5.125,-5.122,-5.293,-4.273,-6.592,-5.205,-5.193,-4.963,-4.559,-5.44,-6.262,-5.952,-6.794,-7.958,-7.32,-6.33,-6.246,-6.161,-5.302,-4.803
OptTAR_Fixed_ligprep_20260117_0.5.maegz:384,-4.156,-5.292,-5.903,-4.681,-6.105,-5.963,-5.129,-5.279,-5.261,-4.264,-5.872,-4.74,-5.432,-4.119,-4.254,-4.268,-3.815,-4.446,-4.432,-3.931,-5.905,-5.586,-6.984,-4.24,-5.379,-4.077,-3.933,-4.294,-5.801,-5.969,-5.355,-4.771,-4.668,-5.029,-5.968,-4.85,-4.323,-4.657,-4.278,-5.07,-6.221,-5.943,-5.935,-5.184,-6.203,-6.635,-5.14,-4.71,-6.155,-5.049
OptTAR_Fixed_ligprep_20260117_0.5.maegz:385,-4.917,-5.49,-6.396,-4.805,-6.942,-6.273,-6.188,-5.796,-5.619,-6.241,-6.555,-5.467,-6.626,-4.741,-4.721,-5.315,-5.09,-5.235,-5.824,-5.682,-6.143,-5.099,-6.836,-5.091,-5.854,-4.413,-4.483,-5.433,-5.602,-6.109,-5.802,-6.329,-5.432,-5.199,-5.154,-5.195,-4.743,-5.93,-4.714,-5.26,-6.747,-6.484,-7.383,-6.755,-8.473,-5.572,-5.678,-5.068,-6.329,-5.344
OptTAR_Fixed_ligprep_20260117_0.5.maegz:386,-3.906,-5.836,-5.702,-5.8,-5.234,-5.771,-6.745,-5.344,-4.901,-5.745,-5.407,-5.416,-5.441,-3.668,-4.207,-4.814,-5.671,-4.706,-4.796,-4.847,-5.551,-4.55,-4.641,-4.357,-4.293,-4.158,-5.67,-4.227,-5.095,-5.315,-3.489,-5.229,-4.464,-4.902,-6.378,-4.674,-7.287,-5.139,-4.529,-5.226,-4.991,-6.051,-6.579,-6.626,-7.817,-7.141,-6.421,-5.028,-4.869,-5.008
OptTAR_Fixed_ligprep_20260117_0.5.maegz:387,-4.29,-5.535,-5.986,-4.897,-5.848,-5.303,-5.357,-5.048,-5.193,-5.017,-5.98,-5.341,-5.253,-4.082,-4.453,-5.311,-5.087,-5.573,-5.409,-5.084,-5.103,-5.041,-6.068,-4.634,-5.63,-5.331,-5.313,-5.442,-5.13,-5.128,-5.207,-5.202,-4.269,-4.431,-6.183,-4.62,-6.958,-4.477,-4.556,-3.902,-5.296,-6.18,-6.45,-7.137,-6.753,-6.564,-5.91,-4.727,-5.403,-4.578
OptTAR_Fixed_ligprep_20260117_0.5.maegz:388,-1.613,-2.701,-2.753,-3.33,-2.654,-2.175,-4.159,-0.5942,-2.535,-3.208,-2.647,-2.145,-4.547,-0.8796,-1.312,-2.148,-3.243,-2.033,-4.028,-2.052,-3.675,-0.7521,-2.618,0.2837,-1.71,-2.646,-2.512,-2.74,-3.935,-3.6,-2.311,-3.373,-3.113,-1.035,-2.334,-5.27,-1.618,-0.8784,-2.997,-2.18,-3.036,-2.8,-2.194,-4.407,-4.227,-2.868,-0.009745,-4.259,-3.144,-2.126
OptTAR_Fixed_ligprep_20260117_0.5.maegz:389,-0.2266,-3.506,-3.165,-2.89,-0.4004,-3.329,-4.229,-1.664,-2.879,-1.831,-2.755,-0.7241,-3.954,-0.7671,-2.452,-1.65,-2.415,-2.186,-1.91,-2.072,-4.018,-3.528,-2.667,-2.187,-1.935,-0.7798,-2.849,-0.5576,-1.819,-2.898,-0.5085,-3.091,-2.163,-3.175,-4.313,1.257,-2.718,-1.124,-2.321,-2.202,-4.496,-5.474,-2.526,-4.128,-1.88,-1.587,-2.105,-3.529,-4.345,-2.933
OptTAR_Fixed_ligprep_20260117_0.5.maegz:390,-0.8765,-2.002,1.201,-3.687,-2.293,-1.991,-1.483,-1.379,-0.6576,-2.764,-3.619,-3.099,-3.127,-1.198,-0.9372,0.6394,-2.772,-1.534,-0.05996,-1.321,-2.126,-2.998,-3.683,-0.9874,-0.4338,-1.414,-0.07845,-3.806,1.402,-2.349,-3.069,0.1416,-2.325,-0.9997,-3.643,1.751,0.1427,-0.7628,-1.412,-0.5764,-1.814,2.149,-4.389,-3.023,-3.988,-0.6765,-2.634,-2.295,-2.369,-0.274
OptTAR_Fixed_ligprep_20260117_0.5.maegz:391,-4.787,-6.936,-5.241,-5.139,-5.873,-4.269,-6.135,-5.223,-5.826,-4.668,-6.075,-5.207,-7.346,-3.947,-5.983,-5.257,-4.93,-4.478,-4.56,-5.03,-5.806,-5.997,-5.29,-4.73,-2.948,-4.641,-5.159,-4.933,-5.053,-5.789,-4.434,-5.613,-4.429,-4.577,-3.954,-5.121,-6.002,-5.202,-3.973,-4.318,-5.482,-6.896,-6.186,-7.121,-7.649,-6.329,-6.263,-4.302,-6.232,-3.546
OptTAR_Fixed_ligprep_20260117_0.5.maegz:392,-5.304,-6.706,-5.851,-5.008,-6.123,-6.552,-5.985,-4.604,-6.75,-5.415,-5.972,-5.253,-5.684,-5.692,-5.232,-5.793,-4.795,-5.62,-4.753,-5.434,-5.199,-4.857,-5.431,-4.98,-4.544,-5.517,-5.852,-6.086,-6.557,-5.821,-5.502,-5.255,-4.652,-5.042,-6.395,-6.466,-5.744,-4.626,-6.092,-4.831,-5.661,-6.637,-6.15,-6.251,-5.888,-6.461,-6.043,-5.998,-5.315,-6.098
OptTAR_Fixed_ligprep_20260117_0.5.maegz:393,-4.28,-6.362,-5.725,-6.011,-5.83,-6.018,-6.277,-4.937,-5.494,-5.503,-6.169,-6.065,-5.756,-5.531,-4.75,-5.852,-4.754,-4.942,-3.976,-5.729,-5.689,-5.281,-5.762,-5.333,-5.597,-5.045,-6.392,-5.904,-5.198,-5.628,-4.981,-5.676,-5.209,-4.806,-5.708,-6.411,-5.545,-4.492,-4.748,-4.914,-5.534,-4.393,-6.207,-6.113,-6.243,-6.015,-5.855,-5.542,-6.162,-5.095
OptTAR_Fixed_ligprep_20260117_0.5.maegz:394,-2.351,-5.004,-5.363,-2.936,-4.578,-2.726,-4.76,-3.322,-2.902,-4.748,-4.33,-4.459,-3.944,-2.761,-2.898,-2.815,-2.058,-3.369,-4.562,-3.859,-4.226,-4.583,-4.637,-3.648,-3.499,-2.972,-1.732,-2.63,-4.092,-4.924,-2.723,-1.653,-2.249,-1.236,-2.792,-4.039,-0.8503,-2.097,-3.767,-3.718,-3.41,-5.168,-5.029,-6.172,-6.477,-3.103,-3.713,-3.482,-3.906,-4.096
OptTAR_Fixed_ligprep_20260117_0.5.maegz:395,-1.864,-3.759,-4.53,-3.92,-4.996,-3.972,-4.653,-4.851,-4.456,-4.192,-4.567,-4.282,-4.016,-4.331,-3.154,-5.057,-4.954,-3.556,-3.497,-4.009,-3.71,-4.144,-4.858,-2.963,-3.196,-3.238,-3.85,-4.108,-3.893,-4.222,-3.706,-3.724,-3.853,-4.904,-5.065,-4.279,-4.194,-3.011,-2.873,-3.558,-3.911,-5.234,-5.251,-5.577,-6.173,-4.09,-6.303,-3.78,-4.569,-3.746
OptTAR_Fixed_ligprep_20260117_0.5.maegz:396,-3.692,-5.739,-5.734,-4.675,-6.349,-6.209,-6.792,-5.225,-5.365,-4.792,-5.39,-4.982,-6.165,-4.225,-4.878,-5.214,-4.426,-4.461,-5.118,-5.337,-5.507,-5.958,-5.656,-3.907,-5.239,-5.069,-5.7,-4.882,-5.394,-4.687,-5.457,-4.951,-5.142,-4.766,-7.074,-5.413,-6.382,-5.345,-5.117,-4.776,-5.905,-6.09,-6.16,-7.283,-7.695,-5.942,-6.697,-5.599,-5.283,-5.351
OptTAR_Fixed_ligprep_20260117_0.5.maegz:397,-4.258,-6.177,-5.654,-4.792,-6.715,-5.931,-7.466,-6.357,-5.315,-5.227,-6.567,-6.143,-6.232,-5.116,-5.238,-6.344,-6.943,-4.169,-5.182,-4.981,-5.745,-5.911,-6.883,-4.679,-5.257,-4.621,-5.378,-5.787,-5.285,-5.954,-5.053,-6.27,-5.12,-4.645,-7.282,-5.607,-7.344,-5.443,-5.568,-5.996,-5.864,-6.65,-7.618,-6.554,-7.301,-6.917,-7.653,-5.961,-6.492,-5.537
OptTAR_Fixed_ligprep_20260117_0.5.maegz:398,-4.989,-7.078,-6.618,-5.284,-6.768,-6.483,-7.399,-6.196,-5.066,-5.767,-6.583,-5.441,-5.922,-4.694,-6.107,-5.323,-6.608,-4.846,-5.366,-6.107,-6.124,-6.053,-6.363,-5.459,-5.442,-4.845,-5.033,-6.013,-5.895,-5.712,-4.425,-5.611,-5.174,-5.286,-7.884,-4.446,-5.298,-5.477,-5.549,-6.448,-6.399,-6.002,-7.506,-7.553,-8.188,-6.766,-7.676,-6.069,-5.712,-5.304
OptTAR_Fixed_ligprep_20260117_0.5.maegz:399,-4.363,-4.311,-6.058,-5.604,-6.415,-5.619,-5.796,-5.901,-5.084,-6.246,-6.654,-5.26,-5.791,-4.466,-5.497,-6.225,-6.588,-5.87,-5.189,-4.685,-5.192,-6.041,-6.02,-5.264,-4.939,-5.5,-4.469,-5.134,-4.831,-5.832,-4.799,-5.041,-5.289,-3.768,-6.754,-4.586,-6.113,-5.091,-4.957,-4.647,-5.396,-6.118,-6.11,-5.842,-6.905,-6.954,-6.926,-6.333,-6.034,-4.934
OptTAR_Fixed_ligprep_20260117_0.5.maegz:400,-3.598,-5.043,-4.65,-3.999,-5.087,-4.802,-3.996,-4.909,-3.866,-4.663,-4.868,-4.687,-3.562,-3.621,-3.688,-4.146,-4.737,-3.945,-4.168,-4.418,-4.867,-3.771,-4.76,-3.922,-3.932,-3.714,-4.831,-4.349,-4.744,-4.331,-4.395,-6.282,-4.024,-4.235,-6.204,-3.9,-3.85,-3.998,-4.291,-3.907,-3.858,-5.7,-5.323,-5.463,-6.684,-4.124,-5.848,-3.751,-4.163,-4.099
OptTAR_Fixed_ligprep_20260117_0.5.maegz:401,-5.246,-6.427,-5.729,-5.325,-6.241,-5.699,-5.428,-5.665,-4.706,-6.006,-6.342,-5.224,-5.125,-5.385,-5.011,-6.107,-6.106,-4.908,-5.18,-6.024,-5.277,-5.021,-5.682,-5.245,-5.091,-4.801,-4.898,-5.664,-6.277,-6.46,-4.916,-5.797,-4.699,-5.014,-6.335,-4.561,-4.635,-5.406,-4.894,-5.093,-5.629,-7.666,-6.19,-7.486,-8.039,-7.371,-6.144,-5.507,-5.291,-6.097
OptTAR_Fixed_ligprep_20260117_0.5.maegz:402,-4.285,-4.067,-5.805,-5.118,-4.32,-4.977,-5.068,-5.711,-4.155,-4.463,-6.176,-5.316,-5.483,-4.167,-4.422,-4.642,-5.043,-5.294,-5.055,-4.464,-4.128,-4.278,-6.3,-4.88,-4.393,-4.064,-4.144,-4.256,-5.127,-5.546,-4.956,-4.753,-4.937,-4.458,-6.418,-5.133,-5.388,-3.923,-4.364,-5.01,-5.267,-5.68,-5.78,-5.307,-6.457,-6.327,-6.225,-4.282,-4.842,-4.919
OptTAR_Fixed_ligprep_20260117_0.5.maegz:403,-3.819,-1.912,-4.55,-4.112,-4.143,-3.475,-4.274,-3.83,-1.602,-1.813,-5.324,-1.738,-4.123,-3.424,-3.714,-2.859,-4.036,-1.594,-3.822,-2.404,-2.429,-3.287,-2.244,-2.631,-3.955,-3.127,-3.897,-3.646,-1.18,-3.319,-3.386,-3.429,-3.841,-2.979,-6.373,-5.155,-4.457,-2.153,-2.829,-3.926,-3.544,-4.73,-2.754,-6.043,-6.977,-3.349,-3.847,-3.225,-4.274,-4.715
OptTAR_Fixed_ligprep_20260117_0.5.maegz:404,-1.438,-5.077,-4.919,-4.761,-5.132,-5.328,-5.027,-5.814,-4.429,-5.214,-5.631,-4.972,-5.218,-3.806,-5.974,-4.649,-5.31,-3.569,-4.596,-5.016,-4.297,-4.643,-3.76,-3.491,-5.01,-4.456,-3.937,-4.26,-5.125,-5.671,-5.055,-4.847,-3.923,-3.96,-5.723,-4.307,-3.931,-4.571,-4.799,-4.229,-4.683,-6.117,-5.251,-3.988,-6.496,-5.131,-4.185,-5.475,-4.902,-4.514
OptTAR_Fixed_ligprep_20260117_0.5.maegz:405,-3.984,-2.911,-4.981,-4.419,-5.997,-5.117,-5.524,-5.467,-4.162,-3.104,-5.062,-4.163,-5.775,-2.616,-4.256,-4.395,-4.235,-4.737,-4.243,-4.392,-5.023,-4.925,-4.934,-3.243,-4.314,-3.58,-3.876,-4.186,-4.626,-4.926,-4.561,-5.274,-3.685,-4.554,-6.098,-4.01,-5.691,-3.189,-4.189,-2.735,-4.204,-4.524,-5.471,-5.856,-6.169,-5.922,-6.842,-4.742,-4.641,-4.688
OptTAR_Fixed_ligprep_20260117_0.5.maegz:406,-1.985,-2.21,-2.57,-3.133,-3.31,-4.783,-4.508,-5.027,-2.801,-2.773,-4.209,-3.98,-3.829,-4.287,-3.103,-4.982,-4.867,-2.573,-2.611,-4.143,-4.443,-3.132,-5.096,-4.432,-2.522,-3.8,-3.654,-3.875,-2.004,-4.266,-4.428,-1.935,-2.855,-3.934,-7.23,-3.563,-6.004,-1.259,-4.569,-3.428,-4.357,-4.472,-5.455,-3.46,-6.211,-1.502,-1.982,-4.893,-4.283,-2.56
OptTAR_Fixed_ligprep_20260117_0.5.maegz:407,-1.995,-5.165,-3.045,-5.54,-4.589,-5.953,-5.885,-4.835,-3.857,-5.563,-5.629,-4.954,-4.892,-3.171,-3.323,-4.973,-4.467,-4.735,-3.78,-3.89,-4.577,-4.205,-5.272,-3.682,-3.969,-3.839,-3.667,-4.745,-4.978,-6.15,-4.339,-5.587,-4.565,-3.382,-5.093,-4.318,-4.79,-5.209,-5.893,-6.095,-4.325,-6.597,-7.188,-7.449,-5.611,-5.455,-4.039,-5.615,-6.05,-4.708
OptTAR_Fixed_ligprep_20260117_0.5.maegz:408,-3.722,-4.306,-4.045,-3.674,-5.096,-4.699,-4.175,-5.246,-4.876,-5.062,-4.613,-5.191,-3.867,-3.369,-4.225,-4.359,-4.625,-2.938,-2.888,-5.016,-3.991,-2.998,-2.917,-4.065,-3.987,-4.829,-3.596,-4.646,-5.135,-4.79,-3.401,-5.118,-3.808,-3.369,-5.176,-2.796,-2.898,-3.779,-4.159,-4.311,-4.789,-3.844,-4.656,-4.654,-6.721,-4.28,-4.881,-4.263,-4.646,-3.817
OptTAR_Fixed_ligprep_20260117_0.5.maegz:409,-4.086,-6.025,-4.473,-4.668,-5.561,-5.031,-4.978,-5.274,-4.051,-4.666,-4.904,-4.846,-5.522,-2.86,-4.437,-4.475,-4.453,-3.83,-3.643,-3.596,-4.328,-4.692,-4.897,-3.442,-3.904,-3.834,-3.577,-3.975,-4.518,-4.523,-4.121,-4.931,-4.232,-3.922,-5.396,-3.943,-6.278,-3.807,-4.627,-5.036,-4.503,-6.105,-5.035,-6.563,-6.368,-6.682,-5.783,-4.652,-3.936,-4.167
OptTAR_Fixed_ligprep_20260117_0.5.maegz:410,-3.914,-5.638,-3.778,-3.946,-5.24,-4.455,-5.319,-4.454,-4.41,-4.501,-6.273,-4.914,-6.579,-3.537,-5.016,-3.68,-5.592,-4.33,-3.576,-4.837,-5.078,-4.446,-4.95,-3.966,-4.068,-3.349,-4.796,-3.342,-4.521,-4.59,-5.592,-5.012,-4.235,-3.251,-4.62,-3.529,-3.924,-4.413,-4.073,-4.169,-4.595,-6.071,-5.402,-5.966,-6.938,-5.521,-5.153,-5.219,-5.007,-4.277
OptTAR_Fixed_ligprep_20260117_0.5.maegz:411,-4.891,-5.308,-5.597,-5.222,-5.93,-6.64,-5.493,-5.607,-4.956,-6.115,-5.709,-4.939,-6.096,-4.344,-5.622,-5.853,-5.686,-5.008,-5.25,-5.659,-6.218,-4.725,-5.654,-5.032,-4.529,-4.217,-5.476,-5.138,-4.925,-5.789,-4.706,-6.149,-4.193,-4.928,-6.908,-5.235,-5.133,-5.371,-5.513,-5.266,-5.532,-6.082,-7.151,-7.058,-6.618,-6.742,-5.858,-5.144,-5.941,-5.485
OptTAR_Fixed_ligprep_20260117_0.5.maegz:412,-4.74,-6.17,-6.009,-4.564,-5.108,-7.348,-4.891,-5.52,-4.934,-6.314,-5.313,-5.736,-7.056,-3.559,-5.836,-5.532,-5.467,-5.567,-4.013,-5.383,-5.613,-4.791,-5.534,-5.438,-3.359,-4.288,-6.007,-4.44,-4.891,-4.768,-4.437,-5.03,-4.841,-4.767,-5.548,-4.95,-6.109,-5.754,-3.15,-4.031,-6.468,-4.973,-7.132,-7.734,-7.396,-7.164,-6.325,-6.383,-6.589,-5.82
OptTAR_Fixed_ligprep_20260117_0.5.maegz:413,-2.663,-5.537,-5.206,-4.638,-5.444,-5.968,-6.68,-5.169,-4.937,-4.712,-5.673,-5.643,-6.644,-4.057,-5.866,-5.751,-5.006,-4.321,-4.925,-4.647,-6.192,-5.587,-5.747,-5.035,-4.244,-3.698,-4.978,-3.958,-4.526,-5.494,-4.459,-4.305,-3.656,-4.928,-7.23,-3.974,-3.796,-6.393,-5.933,-6.273,-5.306,-6.516,-7.744,-7.478,-7.952,-6.859,-6.2,-5.728,-6.206,-4.977
OptTAR_Fixed_ligprep_20260117_0.5.maegz:414,-4.999,-5.545,-5.638,-4.985,-4.788,-5.628,-5.457,-4.719,-2.835,-5.52,-6.587,-4.602,-6.742,-4.575,-4.845,-4.737,-5.346,-5.209,-4.646,-4.292,-5.719,-4.562,-3.867,-5.195,-4.018,-3.935,-3.532,-4.673,-5.253,-4.39,-4.407,-3.769,-4.591,-3.878,-5.581,-4.797,-3.778,-5.514,-5.486,-3.973,-5.316,-6.091,-6.774,-6.303,-6.308,-5.017,-5.393,-5.382,-4.466,-4.774
OptTAR_Fixed_ligprep_20260117_0.5.maegz:415,-1.849,-4.042,-4.695,-3.641,-4.784,-5.129,-5.822,-4.777,-3.161,-4.723,-6.106,-5.154,-6.897,-2.327,-4.123,-4.42,-4.52,-4.685,-4.312,-3.532,-3.536,-3.417,-3.027,-4.002,-3.868,-2.387,-1.314,-3.699,-4.561,-4.335,-4.483,-4.55,-4.188,-4.004,-3.728,-5.046,-2.267,-5.435,-3.667,-3.273,-4.667,-5.093,-5.483,-6.731,-8.556,-6.931,-6.297,-3.862,-4.825,-5.132
OptTAR_Fixed_ligprep_20260117_0.5.maegz:416,-4.147,-5.502,-5.548,-4.012,-5.869,-5.98,-5.902,-5.002,-5.084,-5.086,-6.521,-5.836,-5.812,-4.622,-5.692,-5.35,-4.808,-4.434,-4.537,-4.596,-5.558,-4.758,-4.691,-5.136,-4.13,-5.205,-5.483,-4.01,-4.39,-5.992,-4.29,-4.827,-4.341,-3.492,-5.815,-4.514,-4.161,-4.675,-4.294,-5.192,-5.292,-6.541,-6.314,-5.763,-5.814,-6.53,-4.753,-4.342,-5.479,-3.912
OptTAR_Fixed_ligprep_20260117_0.5.maegz:417,-5.203,-6.853,-5.426,-5.005,-5.836,-6.187,-7.838,-5.627,-6.136,-6.77,-6.44,-5.886,-5.92,-5.474,-5.905,-5.774,-5.481,-6.144,-5.89,-6.088,-6.144,-4.264,-6.456,-5.072,-5.348,-5.357,-5.317,-5.206,-6.601,-6.405,-5.626,-5.647,-5.418,-4.396,-6.736,-4.601,-4.994,-5.388,-4.873,-4.622,-6.434,-7.55,-6.351,-7.201,-7.732,-8.293,-7.067,-5.909,-6.35,-4.983
OptTAR_Fixed_ligprep_20260117_0.5.maegz:418,-1.412,-3.96,-4.938,-4.328,-3.525,-4.583,-4.806,-5.476,-4.24,-4.792,-5.92,-4.967,-4.232,-2.834,-5.038,-4.348,-4.665,-4.322,-4.444,-6.174,-4.739,-4.568,-5.458,-4.495,-4.238,-2.91,-3.299,-4.963,-5.245,-5.381,-4.393,-5.3,-4.173,-4.46,-5.21,-4.634,-3.932,-4.808,-4.395,-3.793,-5.785,-6.1,-6.253,-5.507,-6.536,-5.466,-6.53,-5.51,-4.98,-3.382
OptTAR_Fixed_ligprep_20260117_0.5.maegz:419,-4.129,-5.001,-4.789,-3.525,-5.588,-5.247,-5.955,-5.744,-3.878,-4.491,-5.625,-4.842,-4.507,-4.424,-3.175,-3.367,-4.239,-4.888,-4.395,-5.07,-5.093,-3.663,-5.364,-5.336,-3.846,-3.304,-3.516,-3.138,-5.245,-5.349,-4.569,-4.554,-3.582,-4.74,-5.247,-3.402,-3.729,-3.829,-5.026,-3.518,-5.267,-5.881,-6.686,-6.715,-5.054,-7.391,-5.956,-4.265,-4.422,-3.597
OptTAR_Fixed_ligprep_20260117_0.5.maegz:420,-4.335,-5.869,-4.861,-5.175,-5.092,-5.178,-6.446,-6.179,-4.24,-5.007,-5.979,-4.659,-4.501,-4.64,-4.046,-3.957,-4.571,-4.48,-3.871,-4.902,-5.006,-3.599,-4.45,-3.68,-3.467,-3.393,-5.03,-4.54,-5.613,-5.287,-4.836,-5.549,-3.423,-4.492,-5.682,-3.515,-6.391,-3.508,-4.181,-3.842,-5.521,-6.34,-6.703,-5.652,-7.532,-5.375,-6.63,-4.589,-4.59,-4.344
OptTAR_Fixed_ligprep_20260117_0.5.maegz:421,-4.196,-4.885,-5.753,-3.912,-4.52,-5.798,-5.703,-6.38,-4.663,-4.946,-5.083,-4.835,-6.055,-4.139,-4.72,-4.302,-4.138,-4.023,-3.587,-3.8,-5.101,-3.935,-5.068,-4.644,-3.782,-4.937,-5.443,-3.059,-5.396,-5.37,-4.8,-4.455,-2.597,-4.44,-6.029,-3.286,-3.531,-4.003,-3.992,-4.636,-5.471,-7.011,-6.617,-5.992,-4.918,-5.589,-5.847,-5.084,-4.425,-3.739
OptTAR_Fixed_ligprep_20260117_0.5.maegz:422,-4.144,-5.377,-5.194,-4.149,-5.783,-4.87,-4.357,-5.845,-3.658,-4.152,-5.874,-4.956,-5.407,-5.051,-3.942,-2.849,-5.483,-3.832,-3.569,-3.753,-5.098,-3.076,-5.166,-4.31,-4.102,-4.258,-5.224,-3.613,-5.213,-5.482,-5.085,-4.616,-3.919,-3.689,-5.172,-2.823,-4.408,-5.624,-4.563,-2.389,-3.582,-5.69,-5.858,-5.344,-6.801,-4.922,-6.599,-4.721,-4.665,-3.314
OptTAR_Fixed_ligprep_20260117_0.5.maegz:423,-4.402,-5.09,-4.441,-5.482,-4.719,-4.798,-5.663,-5.529,-4.325,-4.341,-6.244,-5.016,-5.713,-3.593,-4.437,-4.657,-5.922,-5.246,-4.637,-5.82,-4.778,-4.336,-5.118,-4.994,-5.196,-5.41,-4.098,-4.342,-6.742,-5.296,-3.987,-3.767,-4.96,-4.876,-6.404,-3.581,-6.604,-5.088,-3.871,-4.072,-7.156,-5.668,-4.943,-5.967,-5.754,-7.291,-4.457,-6.211,-5.318,-4.203
OptTAR_Fixed_ligprep_20260117_0.5.maegz:424,-3.055,-2.519,-4.813,-3.931,-5.562,-4.456,-5.924,-5.205,-4.196,-5.136,-4.761,-3.973,-4.804,-2.974,-3.23,-5.686,-4.538,-4.246,-2.424,-4.787,-3.553,-3.498,-5.228,-3.909,-3.959,-3.518,-1.614,-4.097,-4.885,-4.915,-4.017,-4.828,-4.928,-2.882,-3.35,-4.286,-6.419,-2.985,-3.416,-3.413,-5.309,-7.054,-4.549,-5.351,-6.184,-5.834,-4.98,-5.653,-4.663,-4.077
OptTAR_Fixed_ligprep_20260117_0.5.maegz:425,-3.077,-4.613,-3.857,-4.443,-4.262,-4.984,-4.407,-4.055,-4.584,-4.736,-4.155,-5.122,-5.372,-2.013,-3.808,-3.653,-3.855,-4.452,-3.973,-4.024,-3.579,-4.532,-4.454,-3.668,-1.907,-4.038,-1.917,-3.892,-4.546,-5.255,-4.888,-4.346,-4.316,-2.962,-4.811,-3.978,-4.2,-4.444,-1.576,-4.598,-5.869,-5.316,-5.406,-5.433,-4.973,-3.678,-6.046,-4.249,-5.281,-3.907
OptTAR_Fixed_ligprep_20260117_0.5.maegz:426,-2.633,-3.992,-3.727,-4.574,-4.345,-5.137,-5.151,-4.867,-2.819,-4.052,-4.551,-2.621,-5.292,-3.163,-4.635,-4.495,-4.277,-4.213,-4.283,-4.675,-4.806,-4.536,-5.594,-3.135,-3.086,-4.019,-4.383,-2.41,-4.249,-5.03,-5.004,-4.585,-4.505,-3.686,-3.927,-2.647,-3.85,-4.391,-3.974,-3.23,-4.655,-5.803,-5.525,-5.958,-5.449,-3.705,-3.98,-4.301,-5.033,-2.049
OptTAR_Fixed_ligprep_20260117_0.5.maegz:427,-4.512,-3.67,-4.794,-5.023,-5.529,-6.534,-5.796,-4.726,-4.785,-5.614,-5.837,-5.765,-5.226,-3.821,-5.175,-4.675,-4.4,-5.147,-4.569,-4.735,-5.386,-5.181,-5.199,-4.671,-4.123,-4.563,-5.107,-3.303,-5.21,-4.839,-4.478,-3.921,-5.32,-4.445,-5.359,-4.916,-4.751,-3.94,-4.636,-5.026,-5.601,-6.799,-5.776,-6.072,-6.909,-5.881,-5.788,-4.533,-5.78,-4.268
OptTAR_Fixed_ligprep_20260117_0.5.maegz:428,-4.416,-5.138,-2.72,-4.718,-6.308,-5.001,-4.499,-3.37,-4.731,-6.334,-5.389,-6.062,-6.239,-3.367,-5.771,-5.553,-5.256,-6.692,-4.015,-4.236,-4.308,-5.205,-5.233,-4.766,-2.577,-3.692,-4.476,-4.782,-3.805,-5.399,-5.543,-4.85,-3.786,-3.134,-4.777,-3.064,-4.932,-3.24,-4.191,-2.979,-5.44,-6.228,-5.616,-6.283,-7.475,-6.431,-4.937,-4.814,-5.818,-4.546
OptTAR_Fixed_ligprep_20260117_0.5.maegz:429,-4.183,-5.161,-4.629,-4.389,-6.034,-3.979,-5.608,-4.372,-4.238,-5.061,-4.895,-5.511,-7.376,-3.934,-5.143,-6.085,-3.011,-5.466,-4.86,-3.707,-5.753,-5.217,-6.61,-4.591,-3.732,-3.993,-3.661,-3.696,-4.246,-4.835,-5.709,-5.619,-5.136,-4.328,-6.718,-4.713,-4.369,-4.787,-4.459,-4.612,-5.959,-3.686,-5.414,-6.136,-7.964,-4.565,-6.543,-5.32,-5.385,-5.538
OptTAR_Fixed_ligprep_20260117_0.5.maegz:430,-5.239,-4.114,-5.303,-4.607,-5.648,-5.606,-5.082,-4.82,-5.288,-5.193,-5.533,-5.32,-5.761,-4.026,-4.191,-5.065,-4.811,-4.581,-4.348,-4.834,-4.803,-5.055,-5.908,-4.959,-4.789,-4.364,-3.919,-5.496,-4.349,-5.201,-4.107,-5.006,-4.146,-4.53,-4.863,-4.605,-4.584,-4.687,-4.534,-4.487,-5.796,-5.012,-4.966,-5.203,-6.892,-5.147,-5.827,-5.152,-5.362,-4.996
OptTAR_Fixed_ligprep_20260117_0.5.maegz:431,-4.185,-5.217,-6.07,-3.866,-6.668,-5.967,-5.61,-4.917,-5.138,-2.349,-4.859,-3.194,-6.749,-4.393,-3.562,-5.042,-5.747,-3.623,-3.27,-3.571,-5.002,-3.948,-5.97,-4.044,-4.064,-4.012,-5.598,-4.026,-4.832,-4.504,-4.214,-6.601,-1.6,-4.371,-5.621,-4.329,-4.327,-2.677,-3.597,-4.092,-5.607,-6.282,-6.446,-5.064,-6.515,-5.548,-6.255,-4.977,-2.862,-4.641
OptTAR_Fixed_ligprep_20260117_0.5.maegz:432,-3.996,-6.591,-4.453,-3.873,-5.422,-4.913,-5.354,-4.885,-5.366,-4.264,-5.156,-4.99,-4.787,-2.993,-4.583,-4.169,-4.537,-1.849,-3.69,-4.778,-4.125,-4.962,-6.326,-4.036,-4.387,-3.384,-4.995,-4.011,-4.566,-4.686,-4.803,-5.092,-3.947,-3.489,-3.243,-3.288,-5.878,-4.615,-3.099,-4.321,-4.487,-6.58,-5.129,-5.764,-5.862,-5.128,-5.413,-5.2,-4.759,-4.771
OptTAR_Fixed_ligprep_20260117_0.5.maegz:433,-4.076,-5.384,-5.767,-3.979,-4.85,-5.119,-4.704,-4.281,-4.651,-3.635,-5.093,-5.03,-5.255,-3.543,-3.61,-3.75,-4.245,-4.218,-1.612,-4.667,-4.047,-4.272,-4.575,-3.967,-2.877,-3.362,-2.253,-3.551,-5.37,-4.864,-2.031,-5.173,-1.805,-4.283,-5.034,-3.005,-4.553,-4.322,-4.757,-4.451,-4.668,-5.11,-5.25,-4.7,-6.052,-4.323,-5.307,-4.42,-3.833,-3.421
OptTAR_Fixed_ligprep_20260117_0.5.maegz:434,-3.7,-5.962,-4.856,-4.045,-5.642,-5.444,-6.73,-3.908,-4.275,-4.499,-6.063,-4.77,-7.156,-3.511,-5.498,-6.011,-5.758,-5.112,-3.877,-4.274,-4.82,-4.318,-4.796,-4.397,-3.739,-3.846,-5.692,-4.777,-5.914,-6.477,-4.765,-4.892,-4.648,-4.609,-6.32,-4.401,-6.036,-4.994,-6.09,-3.627,-5.435,-6.497,-5.374,-6.928,-5.607,-5.206,-5.864,-4.848,-5.075,-4.286
OptTAR_Fixed_ligprep_20260117_0.5.maegz:435,-1.918,-4.434,-4.578,-4.659,-4.641,-4.809,-3.781,-4.171,-4.402,-4.688,-2.849,-4.708,-4.546,-1.95,-2.925,-2.396,-4.893,-4.259,-1.247,-3.77,-4.927,-2.212,-4.259,-3.803,-3.607,-2.998,-3.532,-3.228,-5.739,-5.054,-4.569,-4.991,-3.445,-1.512,-4.307,-3.107,-4.379,-3.676,-3.859,-2.029,-4.695,-5.626,-3.045,-2.695,-3.276,-4.582,-4.964,-3.953,-5.153,-3.48
OptTAR_Fixed_ligprep_20260117_0.5.maegz:436,-2.342,-4.812,-3.625,-3.264,-4.575,-4.891,-3.953,-5.096,-4.169,-2.775,-4.798,-4.127,-5.13,-3.513,-5.273,-2.966,-3.79,-4.491,-5.082,-4.018,-2.812,-4.071,-5.083,-4.41,-4.144,-2.263,-3.896,-4.318,-5.474,-5.348,-5.022,-4.475,-4.641,-3.909,-3.052,-4.032,-5.186,-2.668,-5.734,-4.232,-5.036,-5.145,-5.661,-3.666,-4.162,-5.916,-4.918,-4.977,-5.268,-4.698
OptTAR_Fixed_ligprep_20260117_0.5.maegz:437,-4.279,-5.781,-5.182,-5.319,-5.316,-4.851,-6.326,-5.125,-5.34,-5.226,-6.526,-4.935,-5.103,-4.616,-5.278,-6.057,-4.704,-4.588,-4.741,-5.275,-5.461,-5.499,-6.05,-4.736,-4.654,-4.369,-6.298,-5.032,-5.64,-5.641,-5.053,-5.248,-4.935,-4.878,-5.861,-3.844,-5.546,-4.464,-4.601,-4.235,-5.934,-6.199,-6.255,-6.251,-7.133,-6.394,-5.052,-4.893,-5.575,-4.662
OptTAR_Fixed_ligprep_20260117_0.5.maegz:438,-3.92,-5.538,-5.466,-4.686,-5.522,-6.78,-7.492,-5.176,-5.571,-3.511,-6.176,-6.32,-4.889,-4.184,-4.329,-5.099,-5.446,-3.903,-5.264,-5.394,-5.747,-5.212,-6.192,-3.928,-4.042,-4.36,-6.372,-5.386,-5.067,-5.349,-4.979,-6.281,-5.425,-4.107,-6.223,-5.596,-4.225,-4.345,-4.931,-4.383,-5.787,-6.281,-7.762,-5.95,-7.368,-6.133,-6.267,-5.829,-5.669,-4.754
OptTAR_Fixed_ligprep_20260117_0.5.maegz:439,-3.462,-5.529,-4.485,-4.771,-6.043,-5.816,-5.821,-4.917,-5.231,-4.7,-6.149,-5.051,-5.912,-3.604,-4.015,-4.92,-5.541,-4.381,-4.339,-4.137,-4.571,-5.081,-5.563,-4.307,-4.65,-4.041,-4.438,-4.625,-3.847,-5.275,-5.513,-5.036,-3.794,-5.189,-5.942,-5.595,-6.18,-2.885,-4.085,-3.849,-5.589,-6.102,-6.344,-6.65,-6.532,-6.579,-6.132,-3.939,-5.064,-4.505
OptTAR_Fixed_ligprep_20260117_0.5.maegz:440,-4.402,-6.197,-5.814,-5.384,-6.137,-4.962,-7.143,-5.517,-5.442,-5.018,-8.258,-5.654,-6.122,-4.884,-5.631,-5.215,-6.349,-5.262,-5.64,-4.821,-6.68,-6.303,-6.733,-5.507,-5.619,-5.2,-5.04,-4.446,-5.813,-6.276,-6.024,-5.559,-5.222,-5.059,-6.258,-5.343,-5.572,-6.627,-5.388,-6.149,-6.813,-6.094,-6.662,-6.289,-7.927,-6.679,-7.083,-6.28,-6.816,-5.35
OptTAR_Fixed_ligprep_20260117_0.5.maegz:441,-4.405,-4.402,-4.639,-5.661,-3.944,-4.773,-5.582,-6.019,-4.589,-4.937,-5.045,-5.566,-6.049,-4.374,-4.185,-4.717,-4.989,-4.289,-4.941,-4.978,-4.183,-5.431,-5.738,-4.155,-4.321,-4.572,-6.142,-4.763,-4.512,-5.586,-4.651,-5.157,-4.664,-3.611,-5.088,-3.661,-5.085,-4.212,-4.782,-5.226,-5.567,-5.704,-6.256,-5.792,-7.166,-6.408,-6.258,-5.484,-5.725,-4.471
OptTAR_Fixed_ligprep_20260117_0.5.maegz:442,-4.9,-7.069,-4.506,-5.087,-5.677,-5.982,-5.656,-5.409,-4.882,-5.67,-5.545,-5.572,-5.476,-4.068,-4.386,-4.627,-4.147,-4.288,-5.255,-4.923,-5.201,-5.222,-5.476,-3.815,-4.264,-4.308,-6.366,-4.2,-4.724,-6.759,-5.29,-5.688,-4.253,-4.082,-6.149,-5.65,-4.327,-4.621,-5.361,-4.324,-5.197,-6.331,-5.83,-6.795,-6.768,-6.98,-6.431,-4.753,-5.151,-5.051
OptTAR_Fixed_ligprep_20260117_0.5.maegz:443,-2.653,-4.304,-2.99,-3.341,-4.136,-4.42,-3.98,-3.562,-1.849,-4.604,-4.417,-3.549,-4.026,-2.921,-3.092,-4.385,-3.72,-3.05,-3.263,-2.662,-3.227,-2.547,-4.711,-3.208,-2.862,-3.794,-4.07,-1.412,-3.498,-3.678,-3.598,-4.052,-3.043,-2.207,-3.262,-2.828,-4.299,-1.19,-2.667,-3.105,-4.432,-4.383,-4.521,-4.669,-5.33,-3.367,-4.069,-4.548,-3.562,-3.496
OptTAR_Fixed_ligprep_20260117_0.5.maegz:444,-2.976,-5.67,-3.66,-3.463,-3.965,-4.27,-4.931,-4.443,-3.727,-4.073,-4.196,-4.235,-4.171,-3.035,-3.191,-3.55,-3.273,-3.442,-3.018,-3.999,-2.848,-3.681,-3.384,-3.825,-3.798,-3.741,-4.666,-3.793,-2.343,-3.919,-3.534,-3.032,-4.135,-2.569,-4.603,-4.221,-4.039,-3.502,-3.557,-3.143,-4.399,-5.127,-4.684,-3.024,-4.943,-4.644,-5.351,-3.564,-3.428,-3.792
OptTAR_Fixed_ligprep_20260117_0.5.maegz:445,-4.247,-5.01,-5.099,-5.675,-4.606,-6.804,-5.577,-5.974,-5.326,-3.828,-5.102,-5.481,-6.337,-4.671,-4.901,-4.454,-5.383,-4.555,-4.25,-4.097,-5.436,-4.559,-6.006,-4.219,-4.395,-4.37,-4.091,-4.972,-5.777,-5.59,-5.628,-4.831,-4.504,-4.619,-5.471,-3.704,-3.433,-4.722,-4.355,-4.24,-5.252,-7.227,-6.942,-6.296,-7.501,-6.831,-6.157,-6.466,-4.586,-5.171
OptTAR_Fixed_ligprep_20260117_0.5.maegz:446,-4.699,-6.556,-5.057,-5.175,-4.684,-5.237,-4.986,-5.952,-5.453,-5.25,-5.014,-5.035,-5.073,-4.401,-3.927,-5.295,-6.029,-4.593,-5.055,-4.44,-5.676,-4.622,-6.414,-4.836,-4.837,-4.599,-3.872,-3.993,-5.171,-5.796,-6.093,-3.909,-4.455,-4.178,-6.086,-4.331,-4.404,-5.331,-4.597,-4.394,-6.082,-6.044,-6.203,-6.515,-8.151,-7.133,-5.879,-5.686,-4.814,-5.002
OptTAR_Fixed_ligprep_20260117_0.5.maegz:447,-4.861,-6.045,-4.988,-5.094,-5.666,-6.244,-5.373,-5.507,-5.404,-6.173,-6.695,-5.537,-5.899,-5.074,-4.086,-5.352,-6.997,-5.096,-5.021,-5.936,-5.088,-5.091,-6.167,-4.769,-4.276,-4.75,-4.334,-5.225,-4.904,-6.064,-4.902,-5.019,-4.937,-4.488,-6.324,-4.293,-4.835,-5.094,-4.631,-5.516,-6.022,-6.93,-7.522,-6.826,-8.023,-7.255,-7.051,-5.933,-4.573,-4.431
OptTAR_Fixed_ligprep_20260117_0.5.maegz:448,-2.959,-3.575,-5.5,-4.31,-4.634,-5.775,-6.381,-4.569,-4.98,-4.617,-5.737,-5.582,-5.099,-3.9,-5.35,-4.861,-4.82,-4.68,-4.063,-4.658,-5.097,-5.551,-5.848,-4.217,-3.863,-2.067,-4.482,-5.936,-4.709,-5.348,-5.815,-5.012,-5.076,-4.767,-5.269,-3.812,-3.558,-4.377,-1.442,-4.223,-5.342,-5.847,-5.418,-4.505,-6.606,-4.471,-5.039,-4.338,-5.12,-3.963
OptTAR_Fixed_ligprep_20260117_0.5.maegz:449,-3.686,-6.43,-4.93,-4.812,-5.891,-5.662,-6.284,-4.66,-4.854,-5.576,-4.548,-5.086,-5.269,-4.745,-4.1,-5.148,-5.644,-3.954,-4.363,-5.462,-4.878,-4.831,-5.668,-3.986,-5.486,-3.908,-6.127,-4.573,-4.338,-4.544,-4.599,-4.834,-4.729,-4.245,-6.119,-4.654,-6.069,-4.782,-4.671,-4.352,-4.826,-5.649,-5.349,-4.736,-5.301,-5.443,-5.451,-4.605,-5.065,-4.712
OptTAR_Fixed_ligprep_20260117_0.5.maegz:450,-3.537,-5.043,-4.475,-3.607,-4.717,-4.716,-4.447,-4.197,-4.58,-4.307,-4.3,-4.744,-5.634,-3.786,-4.037,-4.304,-4.188,-3.398,-4.413,-4.31,-3.927,-4.838,-4.122,-2.842,-3.646,-4.166,-3.743,-3.19,-4.756,-4.956,-4.918,-4.953,-3.191,-2.411,-4.682,-3.522,-3.17,-4.13,-4.677,-4.266,-5.158,-5.834,-4.696,-5.787,-6.077,-5.555,-5.634,-4.34,-4.716,-3.535
OptTAR_Fixed_ligprep_20260117_0.5.maegz:451,-3.8,-5.523,-5.85,-3.737,-5.204,-5.131,-5.51,-4.388,-3.742,-4.726,-5.189,-4.126,-4.937,-3.436,-4.148,-4.968,-4.199,-4.238,-3.76,-4.756,-4.759,-4.038,-5.384,-3.333,-4.075,-4.089,-5.847,-4.726,-4.72,-4.824,-4.412,-4.7,-3.428,-3.711,-5.286,-4.554,-5.585,-4.175,-3.04,-4.069,-4.828,-6.277,-6.001,-5.933,-5.298,-4.18,-4.96,-4.272,-4.873,-4.446
OptTAR_Fixed_ligprep_20260117_0.5.maegz:452,-3.712,-5.283,-4.303,-3.913,-4.228,-4.215,-5.134,-4.987,-4.338,-4.937,-4.913,-4.239,-5.256,-4.007,-3.463,-4.278,-4.452,-4.656,-3.087,-3.958,-3.663,-4.72,-4.108,-3.777,-3.964,-2.813,-4.828,-3.877,-4.502,-4.538,-3.965,-3.426,-3.396,-3.676,-4.482,-4.26,-4.177,-4.03,-4.161,-3.777,-4.793,-5.782,-5.013,-4.931,-6.474,-4.309,-5.077,-4.49,-5.064,-3.926
OptTAR_Fixed_ligprep_20260117_0.5.maegz:453,-4.313,-5.548,-5.025,-3.595,-4.983,-5.524,-5.548,-3.855,-5.259,-4.797,-5.816,-4.97,-5.98,-3.968,-3.722,-4.891,-3.653,-4.202,-4.114,-4.521,-4.883,-4.642,-4.707,-3.776,-4.047,-3.581,-4.54,-5.089,-4.66,-3.646,-4.879,-4.603,-3.534,-3.971,-5.382,-3.868,-5.292,-3.5,-4.527,-5.057,-4.092,-5.016,-4.812,-6.1,-6.502,-6.702,-5.286,-4.447,-4.939,-4.363
OptTAR_Fixed_ligprep_20260117_0.5.maegz:454,-4.34,-4.574,-5.841,-4.886,-5.406,-5.588,-5.801,-4.08,-4.951,-4.701,-6.064,-4.976,-6.022,-4.239,-5.401,-4.725,-5.033,-4.91,-4.177,-4.8,-5.265,-4.266,-5.598,-4.825,-4.603,-4.329,-4.192,-4.645,-4.458,-5.876,-4.365,-5.253,-4.143,-4.654,-4.596,-4.403,-4.587,-5.215,-4.53,-4.203,-6.983,-6.164,-6.238,-5.896,-6.607,-6.861,-6.988,-4.962,-4.268,-4.858
OptTAR_Fixed_ligprep_20260117_0.5.maegz:455,-4.209,-4.762,-5.747,-4.832,-5.553,-5.48,-4.865,-5.035,-5.26,-5.219,-5.737,-4.954,-6.128,-3.158,-3.786,-4.505,-4.156,-4.722,-4.585,-5.253,-5.373,-6.021,-5.322,-5.487,-4.501,-3.767,-4.485,-5.43,-5.038,-5.401,-4.898,-5.154,-4.654,-4.46,-5.054,-4.466,-4.663,-5.093,-3.881,-5.329,-5.676,-5.521,-6.176,-5.806,-7.122,-3.195,-5.544,-5.796,-5.121,-4.927
OptTAR_Fixed_ligprep_20260117_0.5.maegz:456,-4.267,-5.958,-6.873,-5.003,-6.252,-7.093,-6.565,-5.928,-5.144,-6.088,-6.577,-5.162,-7.049,-4.412,-4.803,-5.245,-5.933,-5.748,-4.838,-5.879,-6.168,-6.129,-7.186,-5.728,-4.526,-4.355,-4.967,-5.542,-6.17,-5.604,-5.272,-5.606,-5.077,-4.862,-7.339,-5.134,-6.72,-4.868,-4.661,-5.107,-5.382,-6.2,-7.429,-6.484,-6.974,-8.019,-6.626,-5.638,-4.91,-4.886
OptTAR_Fixed_ligprep_20260117_0.5.maegz:457,-3.616,-4.529,-4.57,-4.685,-5.753,-6.615,-5.587,-3.345,-4.24,-5.335,-5.352,-2.512,-2.645,-3.303,-3.59,-4.942,-4.322,-3.848,-5.05,-4.381,-3.583,-4.747,-3.702,-3.057,-4.099,-3.797,-3.87,-5.129,-4.141,-2.577,-4.369,-5.372,-4.916,-4.215,-4.924,-2.295,-4.938,-4.516,-3.969,-4.223,-5.123,-5.656,-4.65,-5.78,-4.849,-3.034,-5.643,-4.746,-3.679,-3.701
OptTAR_Fixed_ligprep_20260117_0.5.maegz:458,-4.015,-4.933,-6.296,-5.002,-4.985,-4.556,-5.319,-5.198,-4.668,-4.673,-5.009,-5.12,-4.356,-4.213,-4.314,-5.056,-4.143,-4.274,-4.055,-4.383,-5.247,-4.868,-6.217,-4.711,-5.123,-4.673,-6.058,-4.995,-5.053,-4.891,-3.878,-5.729,-4.565,-3.903,-4.214,-4.826,-4.044,-4.318,-4.23,-4.82,-4.733,-6.397,-5.674,-5.589,-6.845,-6.638,-5.891,-5.505,-4.441,-4.48
OptTAR_Fixed_ligprep_20260117_0.5.maegz:459,-3.859,-6.841,-4.838,-4.423,-5.882,-5.448,-6.133,-5.77,-4.868,-4.974,-6.234,-3.514,-5.733,-5.274,-5.649,-4.966,-5.62,-4.637,-5.569,-4.906,-5.066,-5.08,-4.274,-5.371,-4.262,-3.856,-4.457,-2.869,-2.637,-5.188,-3.9,-4.726,-4.284,-2.748,-4.142,-4.57,-5.409,-4.949,-4.53,-4.152,-4.692,-6.019,-6.186,-6.361,-5.873,-5.479,-5.058,-4.63,-5.348,-5.328
OptTAR_Fixed_ligprep_20260117_0.5.maegz:460,-4.416,-4.849,-4.928,-3.946,-5.292,-5.542,-5.948,-5.098,-4.735,-4.178,-5.696,-5.34,-6.036,-4.317,-4.438,-5.333,-4.737,-4.019,-4.204,-4.036,-5.687,-3.267,-6.231,-4.301,-4.824,-3.606,-5.503,-5.032,-5.109,-5.797,-5.272,-5.167,-5.516,-4.776,-3.635,-2.474,-3.182,-5.331,-4.06,-5.339,-6.237,-5.855,-6.475,-6.814,-5.149,-5.903,-5.751,-4.913,-6.344,-5.075
OptTAR_Fixed_ligprep_20260117_0.5.maegz:461,-4.288,-7.073,-5.661,-4.692,-6.393,-6.172,-5.691,-5.185,-5.294,-5.543,-5.457,-5.412,-5.752,-5.639,-4.534,-6.094,-5.055,-4.651,-4.609,-6.157,-5.427,-4.817,-6.904,-4.789,-5.122,-4.428,-6.488,-4.919,-5.645,-6.124,-5.183,-5.133,-4.522,-4.394,-5.447,-5.691,-5.543,-5.236,-4.963,-5.412,-5.446,-7.484,-6.078,-6.111,-7.211,-7.256,-7.338,-5.147,-5.592,-5.269
OptTAR_Fixed_ligprep_20260117_0.5.maegz:462,-4.789,-6.786,-5.163,-5.079,-7.543,-6.073,-4.924,-4.945,-6.097,-4.988,-4.469,-6.147,-5.899,-4.658,-5.633,-4.602,-5.467,-5.626,-4.724,-6.728,-4.936,-5.064,-6.762,-4.85,-5.867,-4.555,-4.591,-4.452,-6.779,-5.786,-4.788,-6.178,-3.195,-4.264,-6.085,-5.427,-5.733,-6.288,-5.365,-5.578,-6.879,-6.694,-6.726,-7.429,-8.081,-6.285,-6.543,-5.409,-4.501,-3.852
OptTAR_Fixed_ligprep_20260117_0.5.maegz:463,-4.554,-4.952,-6.494,-5.879,-7.045,-6.338,-7.417,-5.463,-5.777,-5.478,-6.201,-6.058,-5.889,-4.289,-4.726,-6.228,-5.783,-5.278,-5.177,-5.268,-6.517,-4.806,-5.389,-5.078,-4.515,-4.898,-5.011,-5.515,-5.041,-6.145,-4.961,-5.273,-5.319,-3.208,-5.727,-4.951,-5.307,-5.779,-4.946,-5.511,-7.058,-7.355,-7.061,-7.589,-8.322,-6.448,-7.157,-4.992,-5.952,-5.279
OptTAR_Fixed_ligprep_20260117_0.5.maegz:464,-4.504,-5.383,-4.637,-5.6,-4.926,-5.448,-5.264,-5.463,-5.182,-5.219,-5.922,-5.651,-5.629,-4.233,-4.342,-5.262,-4.515,-5.65,-5.819,-5.741,-5.972,-5.958,-4.824,-4.665,-3.549,-4.367,-5.618,-4.346,-5.371,-4.86,-5.668,-3.97,-4.752,-4.707,-4.74,-3.845,-4.484,-4.868,-2.974,-4.849,-5.373,-6.943,-5.763,-5.034,-7.375,-4.476,-6.721,-5.315,-4.548,-5.539
OptTAR_Fixed_ligprep_20260117_0.5.maegz:465,-4.476,-4.756,-7.223,-5.291,-5.105,-5.714,-6.027,-5.589,-5.305,-5.638,-6.009,-5.99,-6.311,-4.241,-4.571,-5.805,-5.27,-5.149,-5.079,-5.742,-6.088,-4.508,-5.91,-4.869,-4.623,-4.774,-5.098,-5.398,-6.698,-5.659,-5.82,-5.944,-5.184,-4.458,-6.763,-4.608,-6.659,-5.543,-4.238,-4.958,-6.381,-6.673,-8.152,-7.523,-7.659,-6.053,-6.552,-6.114,-5.4,-5.497
OptTAR_Fixed_ligprep_20260117_0.5.maegz:466,-5.07,-4.759,-7.096,-5.431,-6.677,-7.108,-6.282,-5.177,-5.859,-5.846,-5.762,-5.482,-6.622,-5.135,-4.761,-6.294,-5.215,-5.517,-5.018,-6.102,-5.014,-5.415,-6.812,-4.977,-4.679,-4.482,-6.09,-5.665,-5.156,-5.622,-5.71,-5.519,-5.276,-5.355,-7.767,-4.74,-7.19,-6.029,-5.813,-4.954,-6.326,-7.23,-8.051,-7.761,-7.155,-7.093,-7.652,-5.946,-5.564,-5.493
OptTAR_Fixed_ligprep_20260117_0.5.maegz:467,-4.807,-5.294,-6.655,-5.25,-5.544,-5.938,-6.184,-4.879,-6.687,-5.197,-6.486,-6.014,-6.116,-5.004,-5.534,-5.385,-5.768,-4.884,-5.008,-6.061,-5.874,-5.621,-7.098,-5.237,-4.579,-4.93,-5.078,-6.017,-6.185,-5.861,-5.467,-5.915,-5.179,-5.52,-6.633,-5.267,-4.326,-5.258,-4.931,-5.128,-6.11,-7.015,-6.816,-5.86,-7.179,-7.068,-6.404,-5.525,-6.413,-4.959
OptTAR_Fixed_ligprep_20260117_0.5.maegz:468,-3.699,-5.172,-5.094,-5.164,-6.62,-5.491,-5.905,-5.665,-5.592,-5.716,-5.647,-6.382,-6.564,-4.22,-4.761,-5.558,-6.095,-4.728,-4.89,-5.437,-5.943,-5.07,-7.737,-4.943,-4.627,-4.348,-4.788,-4.958,-6.605,-5.589,-5.435,-5.366,-4.851,-4.589,-6.66,-5.101,-4.843,-5.11,-4.668,-5.172,-6.543,-6.518,-5.538,-6.027,-6.801,-5.458,-5.735,-5.855,-5.34,-5.43
OptTAR_Fixed_ligprep_20260117_0.5.maegz:469,-5.098,-5.976,-6.716,-5.352,-6.339,-5.567,-5.715,-5.422,-5.447,-6.328,-6.365,-6.22,-6.577,-4.402,-5.101,-5.793,-6.004,-5.427,-5.092,-5.152,-6.154,-5.565,-6.937,-4.905,-5.418,-4.914,-4.745,-5.238,-6.277,-6.224,-5.867,-5.418,-5.828,-4.65,-5.811,-5.142,-4.594,-5.527,-5.344,-5.56,-6.048,-6.993,-6.321,-8.028,-6.745,-6.523,-7.618,-5.78,-6.239,-4.447
OptTAR_Fixed_ligprep_20260117_0.5.maegz:470,-4.277,-6.124,-6.655,-5.139,-6.728,-5.54,-5.788,-5.16,-5.416,-4.8,-5.596,-6.249,-7.058,-3.916,-5.521,-5.281,-5.115,-4.947,-5.098,-5.84,-5.9,-5.189,-6.834,-4.596,-4.472,-4.775,-5.857,-5.624,-5.648,-6.426,-6.245,-4.9,-5.297,-5.086,-7.409,-4.358,-4.113,-5.635,-4.621,-5.772,-5.689,-6.105,-6.729,-6.921,-6.86,-6.909,-5.352,-6.705,-6.045,-5.024
OptTAR_Fixed_ligprep_20260117_0.5.maegz:471,-3.469,-4.398,-5.459,-4.197,-4.225,-4.9,-6.114,-5.431,-4.658,-4.424,-5.521,-4.005,-5.663,-2.941,-4.626,-5.217,-4.0,-3.845,-3.626,-3.89,-3.855,-4.939,-5.269,-3.837,-3.306,-4.267,-3.915,-3.73,-4.936,-4.482,-3.733,-4.569,-3.866,-3.745,-4.321,-3.337,-4.802,-4.469,-3.581,-4.661,-5.495,-5.44,-5.588,-4.957,-6.601,-4.874,-4.284,-5.567,-4.15,-4.894
OptTAR_Fixed_ligprep_20260117_0.5.maegz:472,-4.71,-5.067,-4.256,-3.992,-4.11,-5.756,-5.032,-5.48,-5.331,-5.805,-5.871,-5.826,-5.583,-4.01,-4.964,-6.113,-5.663,-3.827,-4.341,-5.207,-6.434,-5.684,-5.105,-4.339,-4.383,-3.867,-4.147,-5.009,-6.187,-6.264,-5.917,-5.187,-4.655,-4.285,-7.293,-4.358,-4.557,-5.113,-4.391,-5.266,-5.76,-6.153,-5.644,-6.309,-8.125,-6.773,-6.364,-6.395,-5.139,-4.381
OptTAR_Fixed_ligprep_20260117_0.5.maegz:473,-4.893,-5.679,-5.127,-4.946,-4.361,-5.331,-5.776,-5.707,-4.699,-5.166,-5.607,-5.139,-6.526,-4.443,-4.264,-6.108,-5.905,-4.698,-5.13,-5.107,-6.291,-5.333,-6.242,-4.898,-4.038,-4.257,-5.107,-4.804,-6.178,-6.155,-4.956,-4.897,-3.96,-4.423,-7.273,-3.941,-4.03,-5.182,-3.934,-3.951,-6.232,-6.748,-6.227,-6.939,-8.044,-6.506,-6.697,-6.423,-4.53,-4.214
OptTAR_Fixed_ligprep_20260117_0.5.maegz:474,-4.313,-4.833,-5.306,-5.073,-5.718,-5.416,-6.496,-4.15,-5.002,-5.435,-6.946,-5.835,-6.363,-3.918,-4.458,-5.664,-5.129,-4.469,-3.616,-4.079,-5.758,-4.763,-6.345,-4.079,-3.961,-4.246,-4.754,-4.701,-5.91,-5.757,-5.446,-5.99,-5.08,-4.796,-6.47,-4.614,-5.495,-5.246,-4.594,-3.952,-6.325,-6.946,-5.096,-6.154,-5.647,-7.777,-4.997,-6.239,-5.294,-4.867
OptTAR_Fixed_ligprep_20260117_0.5.maegz:475,-4.85,-4.668,-4.921,-4.633,-4.616,-5.457,-4.836,-5.59,-5.47,-4.69,-5.47,-5.994,-6.783,-3.533,-5.2,-5.047,-5.388,-4.599,-5.003,-4.938,-5.0,-5.889,-6.47,-4.258,-4.515,-4.034,-4.544,-4.92,-6.16,-6.147,-4.964,-4.888,-4.657,-3.971,-6.515,-4.79,-5.336,-5.016,-4.124,-4.392,-5.254,-6.485,-5.801,-6.097,-7.42,-5.925,-6.645,-5.234,-6.228,-5.304
OptTAR_Fixed_ligprep_20260117_0.5.maegz:476,-3.949,-4.871,-6.707,-4.971,-5.722,-5.699,-5.672,-5.222,-5.229,-4.577,-6.173,-6.246,-5.901,-4.637,-4.923,-4.923,-6.029,-5.391,-4.401,-4.704,-5.855,-4.77,-5.244,-4.378,-4.979,-4.343,-4.789,-4.807,-4.818,-6.017,-5.179,-5.031,-4.939,-3.429,-6.847,-4.127,-5.114,-4.761,-4.742,-4.507,-5.889,-6.725,-5.445,-6.273,-7.443,-6.396,-5.215,-5.972,-5.255,-5.42
OptTAR_Fixed_ligprep_20260117_0.5.maegz:477,-4.779,-5.621,-6.02,-4.7,-6.078,-5.774,-6.721,-5.459,-5.465,-5.747,-6.67,-5.299,-6.189,-4.838,-4.511,-5.679,-5.356,-4.767,-4.172,-5.395,-5.215,-5.649,-6.248,-4.721,-4.473,-5.164,-4.507,-5.215,-5.327,-6.119,-5.223,-5.439,-4.615,-4.198,-7.487,-4.16,-4.916,-4.859,-6.023,-4.61,-5.399,-6.027,-6.4,-7.032,-7.887,-5.951,-6.986,-6.331,-5.426,-4.934
OptTAR_Fixed_ligprep_20260117_0.5.maegz:478,-2.39,-4.171,-3.167,-3.339,-4.277,-4.301,-5.43,-3.221,-3.371,-3.528,-3.571,-3.53,-3.007,-4.134,-3.101,-3.616,-3.489,-3.576,-3.883,-4.593,-2.428,-3.686,-4.29,-2.366,-2.481,-4.534,-4.312,-3.192,-2.41,-3.442,-3.673,-3.588,-2.615,-2.936,-3.101,-4.508,-2.165,-2.584,-3.356,-2.595,-2.305,-4.929,-5.125,-2.804,-4.727,-3.529,-3.414,-3.868,-2.378,-3.933
OptTAR_Fixed_ligprep_20260117_0.5.maegz:479,-4.007,-6.107,-4.402,-4.044,-4.653,-6.499,-4.79,-4.747,-4.496,-3.874,-4.822,-5.172,-3.416,-4.018,-3.562,-4.488,-5.182,-3.621,-4.147,-4.471,-5.049,-3.916,-4.886,-3.788,-3.989,-3.621,-1.986,-3.806,-4.437,-4.448,-4.273,-6.25,-3.629,-4.661,-4.544,-3.049,-4.129,-3.352,-3.867,-3.674,-4.317,-4.669,-5.998,-6.423,-7.479,-6.867,-5.788,-4.039,-4.246,-4.143
OptTAR_Fixed_ligprep_20260117_0.5.maegz:480,-2.673,-4.339,-2.955,-3.495,-5.053,-5.139,-4.487,-4.149,-4.759,-3.272,-4.957,-3.93,-4.87,-2.038,-4.572,-3.731,-3.563,-3.331,-3.349,-3.47,-2.768,-4.879,-3.553,-3.459,-2.555,-2.683,-4.009,-3.712,-3.533,-4.424,-4.177,-5.24,-4.071,-2.404,-4.778,-4.005,-5.935,-3.645,-4.306,-3.74,-3.894,-4.081,-5.772,-4.933,-6.175,-4.026,-4.781,-3.846,-5.251,-3.094
OptTAR_Fixed_ligprep_20260117_0.5.maegz:481,-2.706,-4.755,-3.591,-3.946,-5.211,-4.035,-5.478,-3.576,-3.767,-4.945,-4.795,-4.137,-4.387,-3.591,-4.008,-3.941,-4.227,-4.915,-3.93,-3.808,-2.517,-4.386,-3.635,-2.873,-3.329,-4.098,-5.237,-4.327,-3.131,-4.135,-4.642,-4.067,-1.672,-3.528,-5.258,-4.255,-5.366,-4.515,-3.679,-4.151,-4.038,-6.096,-6.047,-5.806,-5.381,-4.329,-5.671,-3.596,-4.825,-3.453
OptTAR_Fixed_ligprep_20260117_0.5.maegz:482,-2.841,-4.533,-3.308,-3.278,-3.449,-3.838,-4.146,-3.681,-2.606,-1.281,-4.442,-2.17,-4.125,-2.892,-2.299,-2.234,-3.74,-3.142,-2.936,-3.277,-4.351,-3.364,-0.9657,-2.908,-3.297,-2.188,-4.254,-3.512,-3.858,-2.937,-3.329,-2.757,-2.811,-2.264,-4.733,-2.748,-4.294,-3.291,-3.149,-3.052,-4.133,-3.957,-5.308,-4.425,-5.43,-4.142,-5.736,-2.749,-2.934,-1.839
OptTAR_Fixed_ligprep_20260117_0.5.maegz:483,-2.7,-4.657,-3.949,-4.558,-5.226,-3.859,-2.164,-4.626,-2.345,-5.549,-5.17,-3.411,-3.311,-1.106,-2.995,-4.21,-3.978,-3.771,-3.462,-3.675,-2.637,-3.851,-2.891,-3.889,-4.119,-4.53,-3.86,-4.13,-3.39,-3.31,-2.761,-2.527,-4.206,-3.184,-7.116,-3.781,-4.037,-4.383,-5.072,-2.054,-4.676,-5.359,-5.775,-4.094,-6.37,-3.93,-3.737,-4.556,-3.515,-3.323
OptTAR_Fixed_ligprep_20260117_0.5.maegz:484,-4.693,-4.862,-4.865,-4.363,-4.932,-5.547,-6.028,-5.051,-5.082,-5.647,-4.894,-5.289,-6.329,-4.132,-5.142,-5.644,-5.841,-4.374,-4.965,-5.071,-5.149,-4.17,-6.22,-4.501,-5.042,-4.278,-4.89,-4.717,-5.38,-5.343,-4.324,-5.111,-4.477,-4.455,-6.008,-6.015,-4.352,-5.413,-3.363,-5.313,-5.756,-5.993,-6.39,-7.18,-6.599,-7.09,-6.977,-4.002,-5.98,-3.551
OptTAR_Fixed_ligprep_20260117_0.5.maegz:485,-4.351,-4.699,-5.248,-4.86,-5.95,-5.641,-6.667,-5.739,-5.515,-5.861,-6.613,-5.317,-6.515,-4.594,-5.566,-6.079,-5.567,-5.151,-5.175,-5.539,-6.585,-6.673,-5.659,-4.441,-4.535,-5.504,-4.981,-5.444,-5.205,-5.496,-5.157,-5.205,-4.907,-5.048,-6.672,-5.35,-6.157,-5.566,-6.152,-5.448,-5.508,-6.501,-6.534,-6.093,-7.386,-6.698,-6.504,-5.312,-5.817,-4.854
OptTAR_Fixed_ligprep_20260117_0.5.maegz:486,-4.342,-3.997,-5.944,-4.911,-5.662,-5.898,-6.967,-5.834,-4.751,-5.258,-5.563,-5.79,-5.376,-4.168,-5.068,-5.455,-4.858,-4.688,-5.436,-5.176,-5.964,-6.194,-5.811,-4.239,-5.028,-4.175,-4.851,-5.726,-5.808,-5.875,-4.726,-4.914,-5.278,-4.585,-5.475,-4.948,-4.382,-4.695,-4.248,-4.932,-5.55,-5.907,-6.531,-5.708,-6.51,-5.18,-5.867,-5.351,-6.182,-5.109
OptTAR_Fixed_ligprep_20260117_0.5.maegz:487,-4.28,-6.727,-5.857,-6.055,-6.315,-7.021,-5.917,-5.582,-5.336,-6.175,-6.462,-6.3,-5.888,-4.917,-5.102,-5.618,-6.239,-5.286,-5.307,-5.563,-7.0,-6.421,-6.717,-5.465,-5.28,-5.017,-5.139,-6.343,-6.112,-5.058,-5.888,-6.056,-5.612,-5.279,-5.912,-5.656,-7.329,-5.42,-5.177,-5.857,-6.275,-6.341,-7.588,-6.792,-7.663,-7.538,-6.709,-6.357,-6.531,-5.656
OptTAR_Fixed_ligprep_20260117_0.5.maegz:488,-4.522,-4.611,-5.936,-4.492,-5.646,-6.319,-5.679,-5.444,-5.178,-5.917,-6.073,-5.878,-6.368,-5.189,-4.462,-5.502,-5.323,-5.314,-5.258,-5.429,-5.828,-6.202,-6.333,-4.745,-5.274,-5.15,-5.425,-5.644,-5.684,-5.511,-6.27,-4.687,-4.821,-4.869,-6.281,-5.886,-7.249,-4.932,-4.756,-5.465,-5.791,-6.978,-5.567,-6.406,-6.331,-6.512,-6.476,-5.563,-6.862,-5.022
OptTAR_Fixed_ligprep_20260117_0.5.maegz:489,-4.658,-6.046,-6.417,-6.21,-6.272,-6.4,-5.821,-5.827,-5.374,-5.142,-7.381,-6.191,-6.684,-6.301,-7.118,-5.505,-6.339,-4.934,-5.018,-5.565,-5.853,-7.165,-6.602,-4.68,-5.504,-5.547,-6.897,-5.95,-5.795,-5.506,-6.224,-6.35,-5.638,-5.54,-6.424,-5.958,-7.1,-5.489,-5.641,-4.862,-6.254,-6.036,-7.558,-6.694,-7.779,-6.37,-6.639,-6.207,-6.316,-5.679
OptTAR_Fixed_ligprep_20260117_0.5.maegz:490,-4.289,-5.729,-6.12,-4.638,-6.131,-5.402,-7.376,-5.355,-5.195,-5.484,-6.342,-5.808,-6.648,-4.346,-4.453,-5.436,-6.045,-5.124,-4.498,-5.442,-6.514,-6.484,-5.997,-4.797,-5.416,-4.874,-5.39,-5.335,-4.396,-6.185,-5.644,-5.429,-4.686,-4.998,-6.563,-6.237,-7.414,-5.398,-4.59,-5.162,-5.533,-5.473,-7.143,-6.493,-6.163,-5.869,-5.995,-6.108,-6.288,-5.502
OptTAR_Fixed_ligprep_20260117_0.5.maegz:491,-4.705,-4.553,-4.911,-5.187,-5.776,-5.608,-5.647,-4.952,-5.068,-5.13,-5.757,-5.692,-5.31,-4.087,-4.964,-5.609,-5.056,-5.084,-4.357,-4.744,-6.113,-6.306,-5.64,-4.984,-5.093,-4.919,-4.713,-5.391,-6.164,-5.786,-5.734,-4.882,-4.965,-4.314,-6.996,-4.416,-4.722,-5.342,-4.666,-5.469,-5.857,-6.0,-6.405,-6.518,-7.033,-5.705,-6.142,-5.264,-4.725,-4.331
OptTAR_Fixed_ligprep_20260117_0.5.maegz:492,-3.877,-3.677,-4.927,-4.977,-5.09,-5.447,-6.256,-5.675,-4.605,-6.076,-5.574,-5.677,-4.858,-3.81,-5.426,-5.022,-5.025,-4.591,-4.173,-4.371,-5.184,-6.034,-5.845,-5.008,-4.393,-4.129,-4.743,-4.737,-5.657,-5.703,-5.447,-5.017,-4.234,-4.81,-5.116,-4.587,-6.562,-4.818,-4.321,-4.809,-5.732,-6.487,-5.999,-5.806,-6.828,-5.788,-6.336,-5.538,-5.459,-5.003
OptTAR_Fixed_ligprep_20260117_0.5.maegz:493,-4.061,-5.366,-5.543,-4.411,-5.931,-6.302,-5.401,-5.087,-4.511,-5.992,-5.608,-4.973,-5.824,-3.863,-5.304,-5.479,-6.223,-5.638,-5.265,-5.079,-5.851,-6.301,-5.867,-4.645,-4.402,-4.471,-5.605,-5.525,-5.585,-5.909,-5.565,-5.218,-4.926,-4.674,-5.423,-5.529,-7.11,-5.439,-5.284,-5.563,-5.814,-6.072,-6.408,-6.303,-6.564,-7.118,-6.444,-5.168,-6.301,-5.008
OptTAR_Fixed_ligprep_20260117_0.5.maegz:494,-3.72,-3.688,-3.389,-3.599,-1.72,-5.502,-5.454,-4.54,-4.476,-3.215,-4.335,-4.037,-4.664,-2.966,-2.829,-3.529,-3.985,-1.481,-4.014,-3.507,-2.475,-2.258,-4.998,-2.686,-3.459,-2.789,-2.384,-4.349,-2.079,-4.172,-4.254,-5.24,-1.828,-4.249,-6.16,-4.655,-2.528,-1.912,-4.22,-4.682,-5.115,-3.337,-5.723,-6.142,-5.904,-4.187,-5.067,-3.645,-4.515,-3.368
OptTAR_Fixed_ligprep_20260117_0.5.maegz:495,-3.469,-5.639,-5.857,-4.684,-5.5,-5.567,-4.86,-4.949,-5.124,-4.697,-4.601,-4.78,-4.485,-3.394,-3.863,-4.862,-4.111,-5.016,-4.33,-4.569,-4.492,-4.757,-4.725,-4.434,-4.634,-4.233,-4.778,-4.472,-4.557,-5.044,-5.147,-5.151,-3.567,-4.173,-5.457,-4.379,-3.657,-4.296,-3.676,-4.894,-5.01,-5.077,-5.02,-5.787,-5.981,-6.307,-5.298,-4.86,-4.794,-4.205
OptTAR_Fixed_ligprep_20260117_0.5.maegz:496,-3.473,-4.162,-5.854,-3.741,-4.146,-5.394,-4.947,-5.317,-4.957,-4.776,-4.338,-4.901,-4.531,-3.926,-4.03,-5.269,-3.772,-4.235,-4.487,-4.1,-3.908,-4.845,-4.791,-4.401,-4.739,-3.914,-5.027,-4.769,-4.53,-5.182,-3.444,-4.75,-3.841,-4.001,-4.555,-5.331,-3.428,-3.884,-3.902,-4.922,-4.753,-5.994,-5.633,-5.973,-5.635,-5.628,-5.9,-5.064,-4.11,-4.114
OptTAR_Fixed_ligprep_20260117_0.5.maegz:497,-3.348,-5.257,-4.23,-3.629,-4.937,-5.241,-5.001,-5.228,-4.617,-5.009,-5.065,-4.148,-4.413,-3.687,-4.043,-4.699,-5.029,-3.721,-4.31,-4.881,-3.848,-4.23,-4.62,-3.91,-4.477,-3.502,-5.551,-3.905,-4.0,-4.223,-4.763,-4.6,-3.292,-3.379,-4.305,-4.484,-3.589,-3.55,-3.312,-4.83,-4.809,-4.939,-5.317,-5.458,-6.278,-5.432,-5.33,-4.098,-4.602,-3.787
OptTAR_Fixed_ligprep_20260117_0.5.maegz:498,-3.499,-4.767,-5.844,-4.144,-5.451,-4.638,-5.153,-5.482,-4.898,-4.724,-4.537,-3.901,-5.305,-3.738,-4.434,-4.911,-4.434,-3.957,-3.804,-4.683,-5.905,-5.178,-4.686,-3.752,-4.407,-3.583,-5.306,-4.528,-5.259,-4.972,-3.805,-4.82,-3.598,-4.314,-5.128,-3.465,-3.389,-4.3,-4.879,-4.873,-6.045,-5.838,-5.194,-6.463,-5.881,-5.919,-5.447,-4.489,-3.704,-4.658
OptTAR_Fixed_ligprep_20260117_0.5.maegz:499,-2.854,-4.015,-4.803,-4.352,-5.852,-4.971,-4.702,-5.463,-5.037,-5.145,-4.759,-4.093,-4.451,-3.527,-5.296,-4.818,-4.602,-3.533,-4.391,-4.206,-5.961,-4.5,-4.929,-3.494,-3.88,-3.503,-4.893,-4.56,-3.814,-4.828,-5.287,-4.669,-3.611,-3.721,-5.615,-4.187,-3.634,-4.422,-4.957,-4.908,-5.9,-5.219,-5.387,-5.047,-6.109,-6.597,-5.231,-4.367,-5.186,-4.115
OptTAR_Fixed_ligprep_20260117_0.5.maegz:500,-3.533,-5.863,-5.897,-4.492,-5.348,-4.745,-5.214,-4.339,-4.946,-4.661,-4.246,-4.253,-5.019,-4.176,-5.321,-5.081,-4.335,-3.989,-4.217,-4.536,-5.673,-4.425,-5.05,-4.352,-4.35,-5.067,-4.519,-4.514,-4.23,-4.234,-3.528,-4.788,-3.652,-4.023,-5.717,-5.16,-4.661,-4.374,-4.11,-4.767,-4.976,-5.162,-5.328,-6.18,-6.097,-5.612,-5.253,-4.798,-4.701,-4.114
OptTAR_Fixed_ligprep_20260117_0.5.maegz:501,-3.152,-5.578,-4.501,-3.99,-5.48,-5.148,-3.976,-5.256,-4.623,-4.724,-5.109,-4.447,-4.602,-4.068,-3.67,-4.871,-5.431,-3.724,-3.749,-4.839,-5.978,-4.629,-4.432,-5.489,-3.766,-4.467,-5.909,-2.413,-4.438,-4.521,-3.469,-4.502,-4.173,-4.191,-4.069,-3.632,-3.988,-4.082,-3.903,-3.552,-5.26,-5.82,-6.316,-5.494,-5.777,-5.054,-5.759,-4.721,-4.839,-3.771
OptTAR_Fixed_ligprep_20260117_0.5.maegz:502,-4.443,-6.222,-4.76,-4.636,-5.483,-5.837,-5.386,-5.335,-5.18,-5.158,-5.712,-5.434,-5.774,-3.768,-4.98,-4.86,-5.047,-4.602,-4.86,-4.941,-5.088,-4.853,-5.721,-4.593,-4.52,-4.656,-5.036,-5.573,-4.957,-4.681,-5.573,-5.501,-3.678,-3.891,-5.162,-5.104,-4.188,-4.811,-4.616,-4.586,-5.184,-6.505,-6.098,-5.291,-6.778,-6.468,-6.108,-5.88,-5.53,-5.267
OptTAR_Fixed_ligprep_20260117_0.5.maegz:503,-4.169,-5.387,-4.799,-4.466,-5.564,-5.262,-4.8,-5.747,-5.784,-4.183,-5.115,-4.909,-5.456,-3.708,-4.619,-4.968,-5.058,-4.083,-4.002,-4.065,-4.76,-5.461,-5.331,-4.655,-4.77,-3.792,-5.11,-4.515,-4.554,-4.158,-5.012,-5.78,-4.489,-4.136,-5.994,-4.865,-4.867,-4.203,-4.377,-5.142,-5.755,-6.157,-5.416,-5.964,-6.607,-6.539,-6.01,-5.396,-5.079,-4.671
OptTAR_Fixed_ligprep_20260117_0.5.maegz:504,-4.489,-6.132,-5.14,-4.377,-6.23,-5.942,-6.398,-5.179,-5.274,-5.93,-5.028,-4.858,-5.866,-4.28,-5.049,-5.778,-5.712,-4.327,-5.661,-4.283,-5.206,-5.239,-5.785,-4.633,-4.547,-4.819,-5.592,-6.283,-5.334,-5.255,-5.891,-5.214,-4.978,-4.942,-7.332,-4.979,-3.942,-4.886,-4.937,-5.031,-5.884,-6.261,-5.409,-6.967,-6.771,-6.867,-5.986,-6.06,-5.66,-5.045
OptTAR_Fixed_ligprep_20260117_0.5.maegz:505,-3.863,-5.377,-5.904,-4.434,-5.873,-5.606,-5.892,-5.38,-5.101,-5.008,-5.807,-4.896,-5.074,-3.932,-4.632,-4.876,-5.238,-5.278,-4.896,-4.679,-5.001,-5.056,-4.654,-4.043,-4.989,-4.538,-5.578,-4.39,-5.793,-5.185,-4.868,-5.065,-4.223,-4.386,-5.281,-4.29,-3.628,-4.746,-5.228,-4.322,-5.532,-5.691,-5.682,-5.38,-6.149,-5.66,-6.433,-5.328,-5.651,-4.297
OptTAR_Fixed_ligprep_20260117_0.5.maegz:506,-3.21,-4.91,-5.338,-3.58,-5.804,-4.67,-4.644,-4.784,-4.507,-4.515,-4.58,-4.56,-3.35,-3.861,-4.651,-4.623,-3.688,-5.061,-4.139,-4.621,-5.823,-4.315,-4.901,-3.546,-4.405,-3.091,-5.484,-4.362,-4.07,-5.071,-3.829,-4.344,-3.99,-4.146,-4.743,-2.995,-3.516,-3.624,-3.983,-3.569,-5.882,-4.105,-5.071,-6.012,-5.886,-5.241,-5.595,-5.319,-4.72,-4.546
OptTAR_Fixed_ligprep_20260117_0.5.maegz:507,-3.195,-6.512,-5.02,-3.274,-4.671,-4.322,-4.511,-4.546,-1.979,-4.096,-4.178,-3.276,-3.962,-3.584,-3.924,-4.445,-2.839,-2.679,-5.262,-2.636,-3.788,-4.295,-4.912,-3.695,-3.217,-2.769,-4.43,-3.589,-4.627,-4.166,-3.901,-3.567,-3.167,-4.089,-5.689,-4.42,-3.467,-3.474,-3.15,-3.786,-4.049,-4.644,-4.998,-5.882,-6.156,-3.927,-4.117,-3.748,-4.471,-3.977
OptTAR_Fixed_ligprep_20260117_0.5.maegz:508,-2.288,-5.933,-5.066,-3.583,-4.537,-3.259,-3.665,-4.756,-3.923,-3.384,-4.992,-3.191,-3.759,-4.144,-3.466,-4.073,-3.356,-1.353,-3.401,-4.631,-4.611,-3.224,-3.964,-2.914,-4.097,-3.516,-4.639,-3.611,-4.565,-5.14,-4.274,-4.255,-3.199,-3.125,-4.835,-4.458,-4.173,-3.492,-2.644,-3.703,-3.551,-4.357,-5.592,-4.614,-4.398,-4.873,-4.028,-4.431,-4.561,-3.671
OptTAR_Fixed_ligprep_20260117_0.5.maegz:509,-4.156,-4.815,-3.942,-2.815,-4.501,-3.931,-3.586,-4.986,-2.802,-3.413,-3.954,-3.719,-3.95,-4.516,-4.382,-3.799,-3.463,-4.723,-3.694,-5.032,-3.649,-3.797,-4.082,-4.165,-4.111,-3.018,-5.7,-2.396,-2.746,-3.813,-4.417,-2.554,-2.851,-3.818,-3.96,-3.022,-4.599,-2.482,-3.063,-4.039,-2.599,-5.963,-6.583,-4.395,-4.235,-3.05,-3.107,-3.509,-4.427,-4.188
OptTAR_Fixed_ligprep_20260117_0.5.maegz:510,-2.637,-4.608,-3.037,-3.814,-4.745,-3.568,-3.277,-2.136,-3.579,-1.757,-3.257,-4.036,-3.177,-3.547,-1.305,-4.182,-4.028,-3.91,-1.848,-2.463,-3.776,-1.45,-4.077,-1.626,-1.708,-3.272,-0.8117,-2.73,-3.584,-4.211,-3.248,-1.21,-2.256,-0.4002,-3.572,-1.645,-3.744,-1.36,-1.824,-1.659,-3.946,-5.363,-5.915,-4.658,-5.253,-4.011,-3.733,-4.073,-3.806,-0.6249
OptTAR_Fixed_ligprep_20260117_0.5.maegz:511,-3.107,-5.305,-3.436,-4.49,-2.181,-4.634,-4.03,-3.706,-2.944,-4.491,-3.539,-2.674,-4.909,-2.807,-2.32,-4.67,-3.967,-3.583,-4.006,-3.22,-3.23,-2.737,-3.456,-2.647,-4.236,-3.408,-3.222,-2.606,-2.598,-3.801,-2.408,-2.376,-3.353,-2.174,-4.526,-4.087,-3.254,-2.176,-3.624,-2.939,-3.497,-4.1,-5.496,-3.923,-5.61,-3.809,-3.075,-3.263,-2.714,-2.503
OptTAR_Fixed_ligprep_20260117_0.5.maegz:512,-4.207,-4.672,-5.229,-4.391,-4.769,-6.137,-5.348,-4.054,-3.858,-3.856,-5.303,-3.771,-4.381,-2.225,-3.331,-3.766,-4.681,-5.086,-3.811,-3.989,-4.142,-4.294,-4.137,-2.871,-4.753,-5.357,-4.156,-4.725,-5.296,-5.043,-4.561,-5.867,-2.712,-2.046,-4.642,-5.407,-4.324,-3.651,-4.565,-4.103,-3.36,-6.462,-4.397,-6.17,-5.302,-6.735,-6.297,-5.177,-4.952,-5.59
OptTAR_Fixed_ligprep_20260117_0.5.maegz:513,-3.957,-4.101,-5.188,-3.204,-3.273,-6.042,-5.17,-5.825,-5.543,-4.663,-4.921,-5.33,-2.86,-1.803,-4.577,-2.59,-3.769,-4.971,-4.626,-4.54,-5.723,-4.595,-5.341,-2.418,-4.68,-4.313,-4.133,-4.272,-5.147,-3.489,-4.415,-2.126,-5.279,-4.035,-5.711,-4.435,-4.046,-2.171,-4.145,-4.179,-4.295,-6.645,-6.287,-6.688,-4.285,-3.339,-4.33,-5.395,-5.778,-4.496
OptTAR_Fixed_ligprep_20260117_0.5.maegz:514,-4.313,-4.041,-5.889,-3.67,-5.105,-5.334,-5.891,-6.158,-4.74,-5.291,-5.262,-4.094,-4.751,-4.559,-4.347,-4.217,-4.465,-3.435,-3.974,-5.498,-5.773,-4.35,-4.923,-4.596,-3.906,-4.646,-5.514,-3.512,-5.14,-5.062,-5.836,-4.819,-4.254,-3.35,-7.252,-3.539,-3.566,-4.308,-5.424,-3.766,-5.314,-5.595,-6.926,-6.453,-4.802,-7.11,-6.019,-4.094,-5.382,-3.912
OptTAR_Fixed_ligprep_20260117_0.5.maegz:515,-4.041,-6.375,-5.139,-4.469,-4.699,-3.506,-5.721,-5.149,-4.795,-5.169,-4.21,-4.422,-5.075,-3.252,-4.193,-3.715,-4.278,-4.722,-2.273,-4.04,-5.468,-4.826,-2.937,-3.559,-4.192,-4.029,-3.468,-3.606,-5.859,-5.441,-4.314,-6.04,-4.286,-4.502,-5.307,-3.749,-4.346,-5.342,-3.809,-4.284,-4.136,-4.402,-6.969,-6.167,-5.841,-7.818,-5.728,-4.975,-5.907,-4.082
OptTAR_Fixed_ligprep_20260117_0.5.maegz:516,-3.749,-6.227,-5.995,-4.435,-4.693,-5.218,-6.453,-4.661,-4.047,-4.602,-4.48,-4.687,-4.887,-4.158,-4.174,-5.998,-4.125,-3.497,-4.367,-3.041,-4.02,-4.685,-5.415,-4.661,-4.31,-4.94,-3.019,-3.414,-3.935,-5.143,-4.536,-4.384,-4.152,-4.171,-4.987,-4.388,-4.431,-2.616,-4.304,-4.466,-4.306,-3.98,-6.164,-7.195,-6.234,-6.85,-5.02,-4.696,-4.272,-4.351
OptTAR_Fixed_ligprep_20260117_0.5.maegz:517,-1.564,-5.973,-3.015,-4.511,-5.056,-5.216,-5.731,-5.668,-5.235,-4.609,-5.392,-3.49,-5.28,-3.607,-4.008,-4.044,-5.496,-3.681,-4.942,-3.945,-4.11,-3.951,-4.229,-2.317,-4.329,-4.227,-2.989,-3.353,-4.784,-4.566,-3.686,-6.245,-1.621,-3.388,-4.106,-4.637,-5.152,-3.93,-6.142,-4.531,-4.475,-4.858,-3.897,-6.434,-5.375,-4.77,-4.005,-4.146,-5.517,-4.27
OptTAR_Fixed_ligprep_20260117_0.5.maegz:518,-3.28,-6.507,-2.493,-3.904,-5.167,-4.847,-5.753,-3.966,-5.161,-5.795,-3.962,-4.489,-5.016,-3.295,-2.524,-3.438,-4.12,-4.642,-4.032,-4.94,-5.662,-4.829,-4.588,-3.804,-2.307,-4.072,-3.993,-3.325,-4.017,-5.015,-5.615,-3.465,-3.962,-3.0,-3.682,-3.125,-3.17,-3.237,-4.311,-4.089,-5.282,-5.715,-6.033,-6.949,-5.439,-6.979,-5.251,-4.882,-4.792,-4.494
OptTAR_Fixed_ligprep_20260117_0.5.maegz:519,-4.214,-5.261,-4.17,-2.488,-3.561,-5.151,-4.284,-4.417,-4.239,-4.385,-4.53,-4.53,-3.838,-3.925,-3.786,-4.05,-4.278,-3.68,-4.509,-4.206,-3.982,-3.945,-4.696,-2.927,-3.454,-3.45,-3.235,-2.069,-3.708,-4.873,-4.709,-3.675,-4.248,-3.794,-4.566,-3.162,-3.031,-3.972,-4.318,-3.52,-5.377,-7.058,-6.004,-5.942,-4.527,-4.908,-5.76,-4.867,-4.793,-4.301
OptTAR_Fixed_ligprep_20260117_0.5.maegz:520,-3.302,-5.208,-4.964,-3.892,-5.693,-5.312,-4.967,-5.023,-4.652,-4.079,-5.096,-4.351,-5.084,-3.793,-3.979,-4.744,-4.304,-4.295,-3.713,-4.796,-4.792,-4.553,-4.376,-3.521,-4.587,-2.792,-5.266,-4.132,-4.201,-4.768,-5.293,-4.75,-4.194,-3.999,-4.181,-5.812,-5.324,-4.953,-4.34,-4.488,-4.998,-5.749,-5.434,-6.271,-7.093,-5.445,-6.083,-4.518,-4.909,-5.139
OptTAR_Fixed_ligprep_20260117_0.5.maegz:521,-0.8429,-4.346,-4.113,-4.407,-2.305,-5.762,-2.704,-4.862,-4.468,-4.165,-3.045,-2.413,-3.286,-1.157,-3.566,-2.371,-2.4,-2.929,-3.51,-4.256,-1.117,-4.169,-4.137,-2.025,-2.088,-4.265,-3.593,-2.019,-3.627,-3.988,-3.472,-3.414,-2.059,-3.034,-5.973,-2.361,-3.826,-3.521,-2.988,-1.369,-3.094,-4.435,-4.758,-3.441,-5.428,-3.653,-3.474,-2.969,-4.692,-3.292
OptTAR_Fixed_ligprep_20260117_0.5.maegz:522,-4.619,-4.785,-3.788,-1.744,-4.782,-5.107,-2.77,-3.581,-2.617,-2.583,-5.987,-1.676,-2.531,-2.575,-2.121,-3.316,-5.647,-4.08,-2.667,-4.738,-4.158,-4.934,-2.54,-3.578,-4.193,-4.17,-4.358,-2.3,-5.07,-4.345,-4.761,-4.204,-3.671,-3.047,-2.689,-3.919,-4.658,-3.87,-3.953,-2.47,-3.313,-5.986,-6.055,-6.475,-4.868,-3.431,-5.982,-3.674,-4.075,-2.397
OptTAR_Fixed_ligprep_20260117_0.5.maegz:523,-0.9601,-3.536,-2.673,-4.862,-1.982,-4.759,-3.532,-5.202,-2.355,-1.536,-4.875,-4.461,-3.915,-0.4566,-4.369,-4.427,-2.943,-0.9515,-4.148,-2.176,-2.92,-4.439,-1.815,-1.522,-2.015,-2.684,-2.532,-2.323,-2.95,-4.609,-2.636,-2.38,-3.593,-2.384,-2.164,-0.3274,-2.223,-2.421,-1.178,-4.602,-5.316,-5.281,-2.388,-2.31,-4.853,-6.13,-5.455,-2.038,-4.651,-3.831
OptTAR_Fixed_ligprep_20260117_0.5.maegz:524,-4.003,-5.876,-4.74,-3.556,-5.932,-4.511,-4.694,-4.249,-3.675,-2.672,-4.868,-2.675,-3.505,-4.105,-4.492,-1.424,-3.648,-3.189,-2.057,-3.944,-3.667,-4.508,-2.493,-4.543,-3.866,-3.691,-5.258,-2.267,-4.844,-4.932,-3.641,-1.445,-4.759,-3.572,-5.649,-3.874,-2.013,-3.855,-3.101,-3.58,-4.352,-5.446,-5.566,-5.426,-7.86,-5.893,-5.767,-5.495,-4.021,-4.249
OptTAR_Fixed_ligprep_20260117_0.5.maegz:525,-4.995,-6.16,-5.545,-5.476,-6.322,-5.965,-5.888,-4.864,-5.399,-5.837,-5.879,-5.726,-6.183,-4.794,-5.944,-4.373,-5.574,-5.683,-4.922,-5.921,-5.673,-5.221,-5.37,-5.823,-5.611,-5.194,-6.605,-5.699,-5.836,-4.525,-5.416,-5.449,-4.974,-4.781,-6.752,-5.455,-6.651,-4.564,-5.59,-4.974,-6.205,-6.609,-6.186,-6.227,-6.851,-7.115,-7.02,-5.842,-5.561,-5.497
OptTAR_Fixed_ligprep_20260117_0.5.maegz:526,-3.452,-4.398,-4.849,-3.958,-2.141,-3.22,-4.408,-4.476,-2.391,-4.051,-4.869,-3.891,-3.359,-3.791,-1.351,-3.293,-5.207,-2.55,-3.642,-3.894,-3.654,-2.768,-2.22,-2.672,-1.516,-0.9637,-1.337,-3.234,-3.28,-3.682,-2.609,-3.873,-1.373,-2.402,-3.214,-3.157,-4.02,-3.947,-3.415,-2.753,-3.62,-4.191,-5.488,-4.863,-4.923,-5.003,-2.939,-1.599,-2.253,-2.467
OptTAR_Fixed_ligprep_20260117_0.5.maegz:527,-3.183,-1.73,-4.528,-3.663,-3.781,-4.598,-3.556,-4.534,-0.917,-4.299,-3.599,-3.548,-2.455,-3.149,-1.809,-3.975,-5.582,-2.959,-0.665,-3.793,-3.464,-4.536,-2.843,-0.6747,-2.261,-1.226,-2.951,-4.099,-4.499,-4.715,-3.874,-3.375,-1.52,-3.021,-2.822,-3.556,-3.053,-3.166,-1.414,-1.86,-2.615,-4.387,-4.958,-3.513,-5.387,-3.362,-2.556,-3.337,-0.472,-2.21
OptTAR_Fixed_ligprep_20260117_0.5.maegz:528,-3.554,-2.013,-1.413,-3.851,-2.126,-5.207,-2.366,-4.111,-2.684,-3.553,-4.694,-1.819,-2.346,-3.765,-1.637,-3.504,-6.67,-1.705,-1.311,-4.017,-2.723,-0.2117,-3.92,-0.8663,-0.9518,-2.156,-1.488,-3.834,-4.088,-2.983,-3.542,-0.6055,-1.439,-0.9387,-2.301,-4.862,-1.147,-2.903,-3.37,-0.7942,-5.433,-2.809,-3.407,-3.759,-3.645,-2.959,-3.189,-2.843,-4.458,-3.387
OptTAR_Fixed_ligprep_20260117_0.5.maegz:529,-1.758,-4.549,-3.918,-2.01,-2.967,-2.681,-2.268,-4.558,-2.624,-3.741,-4.694,-5.077,-4.751,-4.022,-3.804,-1.767,-4.249,-5.048,-4.191,-4.079,-4.849,-4.119,-4.455,-2.821,-3.457,-4.124,-2.973,-2.054,-5.451,-3.332,-3.765,-0.6967,-1.806,-2.81,-2.617,-5.186,-1.827,-3.081,-3.4,-3.999,-3.584,-5.959,-6.444,-4.384,-5.801,-5.051,-1.826,-4.544,-4.186,-3.749
OptTAR_Fixed_ligprep_20260117_0.5.maegz:530,-2.125,-1.822,-2.966,-2.729,-4.788,-5.287,-4.618,-5.819,-3.429,-3.826,-2.286,-2.553,-3.749,-1.75,-2.601,-1.274,-4.288,-3.109,-4.274,-3.898,-2.943,-2.421,-4.059,-2.276,-2.875,-1.965,-1.241,-2.033,-3.046,-3.394,-4.297,-4.835,-1.733,-3.33,-1.125,-3.377,-3.14,-0.917,-3.518,-3.395,-4.154,-4.689,-4.828,-5.756,-5.159,-5.999,-4.775,-4.766,-3.555,-3.443
OptTAR_Fixed_ligprep_20260117_0.5.maegz:531,-4.478,-5.789,-4.841,-4.206,-3.151,-3.267,-4.835,-2.943,-4.566,-4.451,-4.728,-4.834,-4.705,-3.367,-3.411,-3.749,-3.945,-2.942,-1.589,-4.554,-4.587,-4.498,-4.915,-4.166,-0.9886,-3.57,-4.148,-4.012,-4.594,-5.088,-4.158,-4.44,-4.57,-4.518,-5.855,-3.82,-2.218,-2.72,-3.566,-2.946,-4.57,-4.973,-5.715,-5.078,-6.573,-2.676,-5.347,-5.0,-5.123,-3.402
OptTAR_Fixed_ligprep_20260117_0.5.maegz:532,-4.711,-5.111,-4.931,-4.439,-5.502,-5.205,-6.693,-5.56,-4.727,-3.332,-6.156,-5.615,-6.743,-4.057,-4.881,-5.265,-5.345,-4.822,-4.837,-5.418,-4.373,-5.012,-5.759,-5.077,-4.493,-3.37,-4.556,-5.081,-5.811,-5.452,-5.753,-3.78,-5.071,-3.297,-4.989,-2.643,-5.32,-4.423,-4.26,-4.476,-6.13,-6.363,-7.129,-6.093,-7.087,-6.796,-5.829,-4.532,-5.018,-4.126
OptTAR_Fixed_ligprep_20260117_0.5.maegz:533,-5.233,-4.426,-5.034,-4.008,-4.952,-5.434,-6.548,-4.8,-4.541,-4.378,-5.668,-4.985,-6.269,-4.085,-5.16,-5.153,-4.441,-4.864,-4.55,-5.718,-4.507,-5.567,-4.593,-4.575,-4.289,-4.302,-4.168,-4.617,-5.296,-5.027,-5.377,-3.815,-5.436,-4.57,-4.872,-4.242,-4.376,-4.417,-4.472,-4.985,-6.601,-5.683,-6.217,-6.248,-6.601,-5.604,-5.968,-5.005,-6.121,-4.754
OptTAR_Fixed_ligprep_20260117_0.5.maegz:534,-4.993,-3.582,-4.785,-5.765,-5.944,-5.917,-6.285,-5.383,-4.424,-5.656,-4.389,-5.449,-5.775,-4.435,-4.587,-5.322,-5.634,-5.649,-5.005,-5.022,-6.043,-5.751,-6.588,-4.657,-4.023,-4.624,-5.551,-5.819,-5.554,-5.98,-5.137,-6.337,-5.793,-4.383,-4.382,-3.395,-5.158,-6.471,-4.78,-4.683,-5.368,-6.805,-6.302,-7.318,-6.888,-7.363,-6.548,-5.58,-5.65,-4.241
OptTAR_Fixed_ligprep_20260117_0.5.maegz:535,-3.007,-6.424,-4.926,-4.012,-4.281,-6.161,-5.202,-5.187,-3.482,-3.089,-4.251,-4.666,-4.737,-3.786,-2.99,-5.072,-3.472,-4.344,-2.791,-4.204,-3.972,-4.18,-5.4,-3.874,-3.996,-3.557,-4.388,-3.79,-5.073,-3.367,-4.356,-5.088,-2.912,-2.677,-5.214,-5.425,-5.143,-2.572,-3.515,-3.831,-5.158,-6.027,-5.894,-5.454,-7.476,-4.932,-5.532,-4.463,-3.85,-3.159
OptTAR_Fixed_ligprep_20260117_0.5.maegz:536,-4.377,-6.082,-4.341,-5.16,-5.039,-6.463,-5.137,-5.259,-4.321,-4.865,-5.395,-5.149,-6.296,-3.635,-5.689,-5.237,-4.788,-4.936,-4.211,-4.943,-5.73,-5.794,-6.153,-5.571,-3.224,-3.935,-4.155,-4.728,-5.783,-5.672,-4.745,-6.185,-3.448,-4.406,-6.61,-3.817,-4.502,-5.396,-3.613,-4.219,-5.234,-6.847,-6.614,-6.657,-6.181,-7.03,-6.426,-4.721,-5.199,-4.108
OptTAR_Fixed_ligprep_20260117_0.5.maegz:537,-3.077,-3.926,-4.552,-3.976,-4.686,-5.006,-4.88,-5.252,-4.382,-2.492,-3.641,-5.507,-4.167,-3.217,-3.704,-5.03,-4.831,-2.022,-3.352,-5.639,-4.866,-4.077,-4.662,-3.31,-2.831,-5.043,-5.107,-3.346,-2.756,-4.544,-3.826,-5.459,-0.6968,-4.196,-3.445,-2.2,-2.716,-4.134,-3.062,-2.577,-4.619,-5.513,-6.167,-2.676,-4.41,-3.733,-3.764,-5.119,-5.091,-4.19
OptTAR_Fixed_ligprep_20260117_0.5.maegz:538,-4.112,-6.661,-5.877,-4.825,-6.143,-6.026,-7.154,-5.152,-5.146,-5.176,-5.939,-5.196,-5.823,-4.146,-4.248,-4.973,-5.074,-4.423,-5.704,-4.796,-4.093,-4.714,-5.6,-3.942,-6.113,-5.358,-6.66,-6.034,-5.028,-5.18,-4.931,-5.772,-4.728,-4.684,-6.198,-5.354,-6.425,-4.398,-4.823,-4.764,-5.298,-7.278,-5.845,-7.026,-7.416,-6.551,-5.631,-4.723,-4.95,-4.56
OptTAR_Fixed_ligprep_20260117_0.5.maegz:539,-2.815,-6.069,-2.615,-3.661,-4.611,-4.571,-3.121,-3.144,-3.737,-1.657,-3.762,-3.482,-4.101,-3.775,-1.055,-3.767,-3.335,-1.163,-3.264,-4.788,-2.896,-3.385,-2.324,-4.088,-1.949,-3.378,-4.636,-1.642,-2.901,-3.786,-3.725,-1.888,-2.384,-3.691,-5.258,-4.413,-4.181,-4.022,-3.245,-3.161,-3.818,-5.015,-3.958,-5.909,-4.184,-3.995,-3.102,-3.792,-2.145,-3.116
OptTAR_Fixed_ligprep_20260117_0.5.maegz:540,-5.187,-6.173,-6.036,-4.768,-4.676,-6.239,-6.335,-4.632,-3.983,-4.842,-5.279,-5.294,-5.436,-3.675,-5.138,-5.363,-5.343,-4.849,-4.898,-5.273,-4.813,-4.738,-5.628,-4.822,-4.041,-5.522,-5.449,-5.016,-4.866,-4.766,-4.934,-4.996,-4.885,-4.91,-6.465,-4.842,-6.132,-5.033,-4.093,-5.081,-5.212,-5.117,-5.823,-5.508,-7.223,-6.89,-5.889,-4.341,-4.754,-4.727
OptTAR_Fixed_ligprep_20260117_0.5.maegz:541,-3.379,-5.337,-4.293,-4.154,-4.671,-5.34,-4.734,-4.67,-4.463,-4.775,-4.649,-4.26,-4.437,-3.747,-3.622,-4.401,-4.425,-4.311,-4.335,-4.719,-4.23,-4.493,-5.357,-3.377,-4.142,-3.975,-5.225,-4.16,-3.504,-4.072,-3.96,-5.012,-3.913,-3.927,-4.779,-5.483,-3.713,-4.423,-3.722,-4.171,-4.729,-5.974,-5.534,-5.786,-6.946,-4.311,-4.147,-4.78,-4.307,-4.22
OptTAR_Fixed_ligprep_20260117_0.5.maegz:542,-4.316,-2.428,-3.202,-3.493,-5.194,-3.789,-5.081,-4.032,-4.118,-2.534,-4.066,-3.915,-4.199,-3.743,-3.998,-3.848,-5.709,-3.19,-2.934,-3.539,-4.023,-3.903,-4.36,-4.53,-4.039,-2.886,-4.867,-4.106,-2.955,-2.551,-3.599,-3.742,-3.821,-3.998,-3.259,-4.395,-4.902,-4.053,-3.699,-4.359,-4.763,-4.761,-4.453,-2.869,-5.512,-4.484,-5.164,-4.039,-4.968,-2.775
OptTAR_Fixed_ligprep_20260117_0.5.maegz:543,-3.743,-5.194,-5.207,-5.23,-5.788,-6.39,-5.191,-5.292,-5.992,-5.642,-5.517,-5.755,-7.226,-4.299,-5.824,-5.524,-6.694,-5.018,-4.566,-5.938,-5.51,-5.623,-5.352,-4.323,-4.605,-7.2,-6.668,-5.288,-5.74,-6.089,-4.859,-4.68,-4.707,-5.406,-5.767,-5.068,-4.792,-4.935,-4.169,-4.386,-6.545,-6.554,-6.456,-6.646,-7.206,-6.312,-6.565,-5.12,-6.373,-5.355
OptTAR_Fixed_ligprep_20260117_0.5.maegz:544,-5.268,-6.062,-6.917,-5.244,-5.798,-5.854,-5.97,-6.07,-5.264,-6.078,-6.07,-4.407,-5.663,-4.668,-5.618,-5.764,-6.128,-4.66,-4.648,-4.897,-6.091,-6.509,-6.499,-4.776,-5.52,-4.832,-6.794,-4.833,-6.045,-5.592,-4.148,-5.036,-3.667,-5.924,-5.135,-5.952,-4.71,-4.842,-4.999,-4.481,-6.656,-7.935,-6.82,-7.579,-7.747,-6.107,-6.422,-6.072,-5.994,-4.978
OptTAR_Fixed_ligprep_20260117_0.5.maegz:545,-4.026,-5.333,-4.871,-3.764,-4.831,-6.27,-5.383,-5.085,-4.477,-5.038,-5.274,-5.07,-5.177,-3.623,-5.026,-4.249,-4.635,-4.266,-4.437,-4.255,-5.151,-5.036,-4.904,-3.689,-4.546,-4.652,-6.441,-5.518,-4.62,-5.435,-5.307,-5.125,-3.904,-3.807,-5.703,-6.728,-5.99,-4.678,-4.279,-4.473,-5.376,-6.573,-5.674,-5.794,-7.471,-5.588,-6.415,-4.467,-4.494,-4.855
OptTAR_Fixed_ligprep_20260117_0.5.maegz:546,-4.181,-2.2,-6.223,-3.616,-6.107,-4.634,-3.798,-4.949,-3.253,-2.514,-3.325,-3.992,-4.864,-4.084,-1.863,-4.142,-2.785,-4.518,-2.458,-3.404,-3.033,-2.441,-3.472,-4.255,-3.358,-3.198,-2.752,-3.767,-4.378,-4.351,-4.847,-4.022,-4.701,-1.806,-6.131,-3.608,-6.482,-2.46,-3.309,-4.131,-5.474,-4.597,-6.735,-6.718,-5.126,-5.114,-4.6,-4.81,-4.17,-3.922
OptTAR_Fixed_ligprep_20260117_0.5.maegz:547,-4.099,-4.683,-5.141,-4.876,-5.218,-5.986,-5.904,-5.137,-5.341,-5.322,-5.816,-4.816,-5.587,-4.268,-4.443,-4.998,-5.414,-4.95,-4.286,-5.446,-5.124,-4.878,-4.934,-4.31,-3.027,-4.312,-5.052,-4.973,-5.523,-4.656,-3.914,-5.947,-4.276,-4.053,-6.486,-5.407,-4.422,-3.926,-4.101,-5.199,-5.216,-6.25,-5.602,-6.166,-6.488,-7.379,-6.352,-4.855,-5.582,-4.667
OptTAR_Fixed_ligprep_20260117_0.5.maegz:548,-4.561,-2.148,-4.83,-3.342,-6.093,-6.324,-7.521,-3.391,-3.127,-2.861,-5.397,-4.902,-2.094,-3.226,-2.833,-4.412,-5.288,-3.011,-3.843,-3.122,-2.037,-2.067,-5.092,-3.395,-3.568,-3.329,-3.747,-1.576,-4.896,-5.151,-4.934,-4.346,-3.022,-2.237,-5.748,-3.935,-4.089,-4.527,-4.517,-3.657,-5.813,-5.234,-5.006,-4.465,-3.922,-3.819,-6.443,-3.955,-3.371,-4.509
OptTAR_Fixed_ligprep_20260117_0.5.maegz:549,-3.53,-4.699,-4.126,-3.835,-3.124,-4.695,-5.65,-3.924,-3.909,-1.557,-2.697,-4.167,-4.717,-2.043,-3.542,-4.348,-3.234,-2.861,-3.163,-4.701,-1.991,-3.465,-2.187,-2.791,-3.679,-2.907,-3.759,-2.078,-1.785,-3.598,-1.035,-2.023,-3.221,-1.991,-6.079,-3.278,-4.017,-1.8,-2.133,-2.926,-2.791,-4.532,-3.539,-4.818,-6.886,-1.779,-5.552,-4.377,-5.15,-3.773
OptTAR_Fixed_ligprep_20260117_0.5.maegz:550,-3.807,-5.659,-6.003,-4.693,-5.894,-5.084,-3.255,-4.592,-5.571,-4.307,-5.59,-5.209,-5.126,-3.251,-3.896,-4.327,-4.703,-4.466,-4.678,-4.851,-4.327,-4.399,-4.664,-4.437,-3.056,-1.925,-4.533,-3.517,-2.091,-5.286,-3.958,-5.119,-3.771,-4.969,-5.476,-3.011,-3.425,-4.702,-4.255,-3.29,-4.273,-4.595,-6.888,-6.46,-6.006,-6.906,-5.277,-4.204,-6.403,-4.591
OptTAR_Fixed_ligprep_20260117_0.5.maegz:551,-4.074,-3.381,-1.713,-5.02,-4.675,-4.728,-4.872,-4.717,-3.436,-4.429,-5.296,-3.013,-5.488,-3.617,-3.299,-1.593,-3.922,-2.543,-4.901,-4.585,-2.642,-4.302,-3.672,-4.005,-3.695,-2.932,-3.683,-4.818,-4.994,-5.373,-3.774,-3.077,-4.167,-4.009,-6.311,-4.107,-3.451,-3.454,-4.044,-4.207,-3.38,-5.279,-5.183,-6.769,-4.514,-4.646,-5.054,-5.057,-5.271,-4.402
OptTAR_Fixed_ligprep_20260117_0.5.maegz:552,-4.355,-5.052,-4.688,-4.889,-5.899,-5.506,-5.202,-5.889,-4.35,-4.344,-5.086,-5.222,-4.787,-4.225,-4.473,-4.912,-4.786,-4.22,-5.112,-4.094,-4.509,-4.775,-5.466,-4.44,-4.338,-5.604,-6.241,-4.341,-4.735,-5.353,-4.813,-4.505,-4.208,-4.351,-4.661,-6.241,-5.898,-4.111,-4.256,-4.011,-5.941,-5.996,-5.854,-5.28,-6.029,-4.9,-6.012,-5.285,-4.752,-3.672
OptTAR_Fixed_ligprep_20260117_0.5.maegz:553,-3.392,-6.554,-5.265,-4.959,-6.12,-5.75,-6.793,-4.984,-4.844,-5.776,-5.376,-4.73,-6.238,-4.954,-5.745,-4.249,-4.939,-3.975,-4.932,-4.431,-5.571,-5.366,-4.92,-4.235,-5.044,-4.122,-6.658,-4.844,-5.878,-4.795,-5.402,-4.832,-4.948,-4.594,-6.034,-4.55,-4.928,-4.87,-5.787,-4.546,-6.102,-6.576,-6.987,-6.95,-7.14,-5.912,-5.827,-6.015,-5.506,-4.961
OptTAR_Fixed_ligprep_20260117_0.5.maegz:554,-3.803,-5.674,-5.351,-4.996,-5.355,-4.056,-6.341,-4.825,-4.767,-5.466,-6.479,-4.997,-4.931,-4.638,-4.482,-5.686,-4.651,-4.194,-5.649,-4.76,-5.09,-5.507,-5.869,-4.184,-4.388,-5.856,-6.469,-5.097,-5.845,-4.646,-5.616,-5.151,-5.493,-3.803,-5.168,-5.347,-4.159,-5.725,-4.922,-4.645,-5.247,-6.304,-6.746,-6.033,-7.352,-6.257,-5.525,-5.454,-5.503,-5.285
OptTAR_Fixed_ligprep_20260117_0.5.maegz:555,-3.694,-6.263,-5.273,-5.413,-5.271,-5.711,-5.881,-4.849,-5.393,-3.851,-5.347,-5.706,-5.141,-4.709,-5.617,-5.036,-5.881,-4.382,-5.238,-4.82,-5.483,-5.341,-4.711,-5.476,-4.309,-5.265,-5.771,-4.811,-4.492,-5.736,-5.348,-5.147,-5.206,-4.043,-5.191,-4.986,-4.384,-5.376,-3.657,-4.834,-5.457,-5.703,-6.478,-5.843,-6.875,-5.465,-5.664,-5.103,-5.928,-5.23
OptTAR_Fixed_ligprep_20260117_0.5.maegz:556,-4.635,-6.948,-5.32,-5.514,-4.686,-6.667,-6.354,-4.87,-5.461,-5.226,-5.555,-5.753,-5.853,-4.389,-5.197,-5.478,-5.13,-4.454,-4.611,-4.739,-5.686,-5.487,-6.326,-4.386,-4.752,-4.177,-5.147,-4.772,-5.309,-5.534,-4.7,-5.225,-5.033,-4.513,-6.766,-5.578,-7.018,-5.804,-4.294,-5.189,-5.344,-5.572,-6.292,-6.13,-7.728,-6.658,-5.97,-5.066,-5.111,-5.059
OptTAR_Fixed_ligprep_20260117_0.5.maegz:557,-4.389,-6.156,-4.799,-4.99,-4.801,-6.297,-6.888,-5.456,-4.838,-5.915,-6.256,-5.705,-5.383,-4.118,-4.335,-5.071,-4.974,-4.615,-4.764,-4.387,-5.139,-5.841,-6.204,-4.374,-4.826,-4.504,-6.555,-4.929,-5.772,-4.616,-5.154,-5.061,-4.199,-4.875,-7.818,-5.511,-7.015,-5.783,-4.958,-5.409,-5.405,-6.53,-6.616,-7.468,-7.302,-6.196,-5.871,-5.697,-5.783,-4.729
OptTAR_Fixed_ligprep_20260117_0.5.maegz:558,-4.101,-5.952,-5.494,-4.794,-5.639,-5.632,-6.701,-4.783,-4.72,-4.872,-4.76,-5.008,-5.591,-4.094,-4.519,-4.601,-4.296,-4.273,-4.111,-4.638,-5.311,-5.578,-5.01,-3.998,-4.642,-3.588,-5.458,-4.835,-4.879,-5.254,-4.159,-3.139,-5.395,-4.248,-5.147,-2.426,-5.367,-4.114,-4.488,-4.465,-5.752,-6.569,-6.744,-6.751,-6.657,-5.905,-5.877,-4.497,-5.424,-4.14
OptTAR_Fixed_ligprep_20260117_0.5.maegz:559,-5.456,-7.08,-5.378,-4.94,-6.121,-6.418,-6.645,-5.233,-5.466,-6.368,-6.224,-5.967,-6.418,-5.047,-5.878,-4.885,-5.914,-5.101,-5.235,-5.588,-5.509,-7.147,-6.878,-5.3,-5.117,-7.508,-6.748,-5.85,-5.345,-5.648,-6.033,-6.401,-5.211,-5.5,-7.199,-5.025,-7.141,-6.155,-5.8,-5.363,-6.963,-6.947,-7.149,-7.093,-7.715,-6.688,-7.436,-5.785,-5.644,-5.541
OptTAR_Fixed_ligprep_20260117_0.5.maegz:560,-4.497,-6.583,-6.42,-4.983,-5.77,-5.624,-7.559,-5.197,-6.048,-5.279,-6.297,-6.115,-6.069,-5.02,-5.558,-5.145,-6.132,-4.349,-4.946,-5.491,-6.652,-5.475,-5.744,-5.431,-5.484,-4.258,-5.029,-6.277,-5.288,-5.9,-4.74,-6.11,-5.226,-5.256,-7.179,-4.946,-6.806,-5.639,-5.188,-5.107,-6.798,-6.988,-7.159,-7.422,-7.221,-7.193,-6.9,-5.772,-6.257,-5.178
OptTAR_Fixed_ligprep_20260117_0.5.maegz:561,-4.464,-6.023,-5.751,-5.487,-6.225,-6.685,-7.183,-5.656,-5.383,-5.953,-6.992,-6.688,-6.314,-4.738,-5.144,-5.654,-6.197,-6.405,-5.505,-5.384,-5.55,-7.102,-6.546,-5.464,-5.797,-6.716,-6.756,-6.725,-5.285,-5.504,-5.928,-6.195,-4.847,-5.466,-7.177,-5.333,-6.959,-5.264,-5.732,-4.748,-6.445,-6.549,-7.088,-6.556,-7.351,-6.913,-7.054,-5.495,-6.233,-5.638
OptTAR_Fixed_ligprep_20260117_0.5.maegz:562,-4.364,-8.368,-5.602,-5.6,-6.254,-6.054,-7.959,-5.003,-5.539,-5.996,-6.203,-6.336,-6.38,-4.075,-5.816,-5.452,-5.653,-6.144,-5.413,-4.299,-6.723,-6.72,-5.88,-5.783,-5.748,-6.111,-6.397,-5.653,-5.744,-4.625,-6.216,-5.162,-5.276,-5.444,-7.02,-6.064,-6.655,-5.522,-6.218,-5.431,-6.219,-6.705,-7.481,-7.872,-7.568,-6.812,-7.171,-5.775,-6.084,-5.207
OptTAR_Fixed_ligprep_20260117_0.5.maegz:563,-4.672,-5.871,-6.361,-5.169,-6.904,-6.675,-6.22,-6.079,-6.031,-6.654,-6.844,-6.646,-7.0,-5.26,-5.801,-5.486,-5.865,-4.787,-4.641,-5.251,-5.902,-5.578,-6.934,-5.952,-4.521,-4.703,-6.167,-5.657,-5.967,-6.283,-5.844,-6.512,-5.24,-5.621,-6.766,-5.766,-5.555,-5.761,-4.781,-5.081,-6.722,-6.862,-7.472,-6.826,-8.436,-8.17,-7.729,-5.776,-6.612,-5.816
OptTAR_Fixed_ligprep_20260117_0.5.maegz:564,-4.869,-5.62,-5.195,-4.815,-5.439,-5.758,-6.24,-5.487,-4.811,-6.008,-4.095,-5.611,-7.125,-5.358,-4.34,-5.333,-4.797,-5.248,-4.727,-4.892,-5.108,-5.185,-5.43,-4.425,-4.569,-4.79,-6.326,-5.559,-5.221,-5.419,-5.001,-5.559,-4.767,-6.033,-6.518,-4.425,-5.028,-4.918,-5.536,-4.79,-5.716,-6.384,-6.409,-5.598,-6.518,-6.454,-5.001,-4.743,-5.177,-4.672
OptTAR_Fixed_ligprep_20260117_0.5.maegz:565,-4.548,-3.443,-4.004,-4.033,-4.001,-5.725,-4.312,-2.809,-2.809,-4.735,-4.979,-3.668,-4.747,-3.725,-2.474,-4.475,-2.122,-3.297,-4.226,-3.505,-3.547,-4.002,-4.69,-2.677,-3.049,-3.477,-3.355,-4.501,-0.971,-5.578,-4.211,-5.316,-2.682,-1.412,-5.844,-5.285,-6.833,-4.767,-2.878,-4.34,-4.985,-5.495,-5.399,-5.308,-5.575,-4.103,-5.693,-4.793,-4.382,-3.757
OptTAR_Fixed_ligprep_20260117_0.5.maegz:566,-2.905,-5.468,-4.213,-3.877,-4.205,-4.546,-4.286,-4.491,-3.784,-4.239,-3.445,-3.705,-3.748,-2.708,-3.126,-3.774,-4.152,-3.567,-3.775,-4.658,-3.365,-3.821,-4.948,-4.281,-4.365,-4.367,-4.731,-3.109,-4.057,-3.118,-4.49,-4.302,-3.723,-3.326,-4.956,-4.323,-5.002,-3.986,-3.131,-3.514,-4.608,-5.858,-5.922,-4.779,-6.736,-5.692,-4.048,-3.819,-4.264,-3.811
OptTAR_Fixed_ligprep_20260117_0.5.maegz:567,-4.508,-6.399,-6.062,-5.054,-6.131,-5.273,-6.052,-4.733,-5.033,-4.949,-6.619,-4.811,-5.405,-4.649,-5.117,-5.517,-5.13,-5.209,-4.595,-4.393,-5.328,-5.555,-5.26,-4.9,-4.444,-5.308,-5.634,-4.247,-4.657,-4.374,-4.492,-4.397,-5.494,-4.574,-6.146,-5.32,-6.185,-4.214,-4.13,-4.864,-4.811,-6.337,-4.9,-5.865,-6.252,-5.429,-6.114,-5.017,-5.205,-5.058
OptTAR_Fixed_ligprep_20260117_0.5.maegz:568,-3.781,-4.907,-4.422,-3.235,-4.588,-4.324,-4.385,-4.931,-5.089,-4.513,-5.211,-4.153,-4.789,-3.618,-3.735,-4.954,-4.865,-4.148,-3.794,-4.302,-3.942,-4.322,-4.687,-4.8,-4.147,-4.019,-4.357,-4.578,-4.308,-3.769,-3.872,-4.341,-4.795,-4.189,-5.226,-3.968,-5.991,-3.299,-4.11,-3.918,-3.945,-4.901,-4.863,-4.983,-6.126,-5.105,-6.123,-4.026,-3.78,-4.521
OptTAR_Fixed_ligprep_20260117_0.5.maegz:569,-3.376,-5.206,-5.205,-4.348,-4.897,-4.189,-5.219,-4.606,-4.734,-4.088,-4.796,-3.912,-4.71,-3.588,-3.91,-4.341,-4.974,-3.745,-3.989,-4.262,-3.901,-4.928,-4.236,-4.269,-3.833,-3.765,-5.151,-4.298,-4.578,-4.619,-4.383,-4.914,-4.24,-3.991,-4.379,-4.276,-5.71,-4.945,-4.452,-4.262,-4.693,-5.648,-4.657,-4.787,-5.803,-5.025,-4.439,-3.98,-4.638,-4.071
OptTAR_Fixed_ligprep_20260117_0.5.maegz:570,-3.715,-5.585,-5.182,-4.229,-4.828,-5.165,-4.947,-4.901,-4.908,-4.785,-6.044,-4.561,-4.708,-3.543,-4.904,-4.816,-5.078,-4.125,-4.138,-4.301,-4.521,-4.465,-5.215,-5.057,-4.849,-3.726,-5.543,-4.409,-4.36,-4.167,-4.522,-5.018,-4.318,-4.106,-6.265,-5.166,-5.712,-4.057,-4.208,-4.281,-4.473,-5.726,-4.831,-4.979,-5.006,-5.448,-5.139,-3.779,-5.122,-4.867
OptTAR_Fixed_ligprep_20260117_0.5.maegz:571,-5.02,-5.525,-4.812,-3.743,-4.69,-4.809,-3.919,-4.262,-4.677,-4.362,-4.493,-4.356,-5.513,-4.062,-3.863,-4.435,-5.148,-3.766,-5.019,-4.209,-3.886,-5.256,-4.624,-4.098,-4.781,-4.532,-4.878,-3.978,-4.404,-4.643,-4.932,-4.264,-4.257,-4.383,-5.85,-4.121,-5.778,-4.195,-3.605,-4.064,-4.842,-5.641,-4.194,-4.88,-5.094,-5.164,-5.386,-4.248,-4.834,-4.873
OptTAR_Fixed_ligprep_20260117_0.5.maegz:572,-3.805,-6.675,-4.232,-4.255,-5.161,-5.131,-4.601,-5.063,-5.554,-5.466,-4.826,-4.198,-5.353,-4.056,-4.326,-4.658,-4.384,-5.268,-4.431,-4.649,-4.353,-4.765,-4.949,-4.279,-4.853,-3.429,-4.631,-4.487,-3.911,-5.887,-4.407,-4.913,-4.757,-3.838,-6.413,-5.337,-4.0,-5.148,-4.847,-4.024,-4.156,-5.94,-5.41,-5.237,-5.999,-6.156,-5.295,-4.582,-4.636,-4.098
OptTAR_Fixed_ligprep_20260117_0.5.maegz:573,-3.93,-5.392,-5.345,-4.693,-5.517,-5.395,-5.197,-4.992,-5.166,-4.491,-5.056,-4.931,-5.074,-4.436,-3.282,-4.936,-5.379,-4.432,-3.569,-4.393,-5.304,-3.345,-6.179,-4.269,-3.619,-4.217,-4.671,-4.678,-4.887,-4.855,-4.233,-4.971,-4.028,-4.481,-6.078,-3.824,-4.205,-4.072,-3.88,-3.674,-5.876,-5.443,-5.866,-5.687,-6.463,-5.49,-5.198,-4.492,-4.531,-4.89
OptTAR_Fixed_ligprep_20260117_0.5.maegz:574,-4.839,-4.077,-5.716,-5.171,-5.844,-6.168,-4.996,-6.298,-5.595,-5.374,-5.852,-4.543,-4.54,-4.868,-4.301,-5.334,-6.052,-5.035,-5.529,-4.89,-4.777,-4.606,-5.086,-4.619,-4.12,-3.32,-3.816,-3.985,-4.838,-4.171,-4.208,-4.713,-4.798,-4.965,-5.802,-3.832,-2.828,-4.199,-4.581,-4.105,-6.119,-5.004,-5.623,-5.717,-7.776,-6.517,-5.306,-4.474,-4.521,-4.073
OptTAR_Fixed_ligprep_20260117_0.5.maegz:575,-3.828,-3.773,-6.156,-5.043,-6.657,-6.421,-6.892,-5.623,-5.347,-4.906,-5.016,-5.702,-5.96,-5.058,-6.291,-5.643,-5.611,-5.242,-4.878,-4.678,-5.178,-5.348,-6.347,-4.728,-4.225,-4.642,-5.578,-3.974,-5.759,-6.043,-5.385,-5.474,-5.233,-4.221,-6.742,-4.912,-6.809,-5.191,-4.625,-4.707,-6.224,-6.663,-6.746,-7.022,-6.705,-7.394,-6.824,-4.785,-5.553,-4.794
OptTAR_Fixed_ligprep_20260117_0.5.maegz:576,-4.23,-5.47,-5.645,-5.256,-5.306,-5.47,-5.164,-4.729,-4.878,-5.883,-6.454,-5.124,-6.326,-4.717,-5.301,-5.183,-4.416,-4.886,-4.579,-5.784,-5.882,-5.019,-5.611,-4.037,-4.679,-4.102,-4.889,-5.16,-4.483,-6.035,-5.794,-4.662,-4.025,-5.866,-6.001,-4.843,-5.859,-4.959,-4.63,-5.062,-5.509,-5.37,-6.61,-6.426,-7.142,-6.888,-6.468,-5.657,-5.771,-5.024
OptTAR_Fixed_ligprep_20260117_0.5.maegz:577,-1.898,-3.341,-2.741,-3.084,-1.941,-3.092,-3.512,-4.404,-1.648,-5.232,-2.763,-3.383,-3.514,-0.5187,-2.363,-3.651,-3.65,-2.156,-3.252,-4.521,-2.971,-2.983,-2.755,-0.7099,-1.45,-2.931,-3.476,0.6495,-1.671,-3.953,-2.457,-2.521,-2.784,-4.503,-3.078,-3.707,-1.088,-3.206,-2.227,-2.45,-4.092,-3.62,-4.657,-1.531,-5.172,-3.801,-2.886,-3.63,-3.721,-2.938
OptTAR_Fixed_ligprep_20260117_0.5.maegz:578,-3.735,-5.615,-6.528,-5.306,-5.544,-5.568,-5.784,-4.942,-4.959,-5.912,-5.808,-4.386,-6.127,-4.063,-4.126,-4.896,-6.021,-4.259,-4.335,-4.079,-5.69,-4.971,-5.854,-4.174,-4.71,-4.304,-4.358,-5.122,-6.251,-6.308,-5.255,-5.289,-4.839,-4.408,-5.651,-5.538,-5.83,-5.036,-4.176,-4.046,-6.102,-6.445,-5.316,-6.502,-7.049,-6.364,-5.958,-5.139,-5.39,-4.301
OptTAR_Fixed_ligprep_20260117_0.5.maegz:579,-3.952,-5.069,-5.285,-5.0,-5.468,-5.409,-5.478,-4.904,-4.187,-5.382,-6.276,-5.194,-5.414,-4.015,-4.638,-5.088,-6.902,-4.848,-3.875,-4.309,-4.835,-5.508,-5.017,-4.296,-4.769,-4.317,-4.357,-5.158,-6.02,-5.564,-4.737,-5.269,-4.461,-5.48,-5.36,-5.413,-3.819,-4.491,-4.459,-4.099,-4.909,-5.876,-6.691,-5.495,-6.177,-5.689,-5.731,-4.192,-4.972,-4.242
OptTAR_Fixed_ligprep_20260117_0.5.maegz:580,-4.109,-5.155,-5.96,-4.41,-5.217,-5.875,-4.991,-5.184,-4.817,-5.705,-5.144,-4.566,-5.743,-3.688,-4.402,-4.253,-3.959,-4.686,-5.235,-4.802,-4.399,-4.982,-5.92,-4.793,-3.785,-3.656,-5.857,-3.732,-4.374,-4.161,-5.185,-5.768,-4.644,-4.925,-6.273,-4.179,-3.965,-4.749,-4.253,-4.18,-4.911,-6.357,-6.137,-6.005,-7.314,-6.835,-6.505,-4.263,-5.111,-4.59
OptTAR_Fixed_ligprep_20260117_0.5.maegz:581,-3.37,-6.382,-3.817,-3.56,-4.19,-4.766,-3.823,-3.51,-2.686,-2.664,-4.714,-3.491,-4.241,-3.011,-3.834,-4.118,-4.406,-3.251,-4.259,-4.434,-3.14,-3.825,-4.845,-4.916,-4.369,-2.767,-3.433,-2.633,-3.735,-3.837,-3.073,-4.23,-3.743,-4.163,-3.747,-4.519,-4.928,-2.971,-4.092,-3.721,-3.874,-4.89,-4.656,-5.128,-5.38,-5.163,-4.553,-3.699,-4.381,-4.18
OptTAR_Fixed_ligprep_20260117_0.5.maegz:582,-4.013,-5.739,-4.96,-4.264,-5.508,-5.381,-5.355,-4.334,-4.338,-4.069,-3.292,-3.978,-5.033,-3.567,-4.608,-4.859,-5.138,-4.243,-4.313,-4.851,-4.698,-4.398,-5.091,-4.414,-2.804,-3.224,-4.13,-3.021,-5.283,-5.462,-5.181,-4.461,-4.004,-4.599,-4.085,-2.669,-4.758,-4.396,-4.17,-2.967,-5.29,-5.428,-4.467,-6.833,-6.323,-6.456,-4.429,-4.021,-5.0,-4.079
OptTAR_Fixed_ligprep_20260117_0.5.maegz:583,-4.637,-7.107,-5.259,-4.484,-5.445,-5.931,-6.346,-5.071,-4.446,-4.865,-5.724,-5.885,-5.485,-4.75,-4.943,-6.455,-5.625,-5.364,-4.689,-5.841,-5.829,-4.862,-5.836,-4.773,-4.308,-4.173,-5.66,-5.732,-5.763,-5.583,-4.235,-5.794,-6.367,-5.092,-5.108,-6.204,-6.511,-6.08,-5.011,-6.573,-5.561,-6.451,-6.613,-6.504,-7.291,-5.924,-7.041,-5.809,-5.211,-5.615
OptTAR_Fixed_ligprep_20260117_0.5.maegz:584,-2.605,-5.786,-3.124,-2.98,-3.144,-5.869,-4.29,-3.902,-3.984,-5.446,-4.901,-3.266,-3.746,-3.396,-4.093,-3.737,-3.785,-3.097,-2.518,-3.829,-5.293,-3.985,-3.721,-3.322,-3.31,-3.237,-4.137,-3.111,-4.719,-2.796,-3.642,-3.777,-4.166,-3.093,-3.947,-3.727,-3.573,-4.285,-3.649,-4.119,-4.139,-3.904,-4.346,-5.241,-3.83,-4.805,-3.368,-3.733,-3.957,-3.406
OptTAR_Fixed_ligprep_20260117_0.5.maegz:585,-0.345,-3.993,-5.092,-5.078,-5.632,-6.057,-5.94,-5.479,-3.855,-4.564,-5.723,-4.708,-5.754,-3.814,-4.145,-4.373,-5.326,-4.495,-4.53,-4.782,-4.926,-3.927,-4.784,-3.323,-4.527,-4.141,-5.159,-4.373,-5.725,-4.568,-5.232,-4.64,-5.013,-3.756,-4.11,-5.447,-5.695,-4.981,-3.366,-4.732,-5.866,-5.913,-6.034,-5.436,-5.663,-4.906,-4.479,-4.907,-4.348,-4.852
OptTAR_Fixed_ligprep_20260117_0.5.maegz:586,-3.889,-5.336,-6.054,-3.601,-4.24,-5.385,-4.921,-4.549,-3.149,-4.362,-5.08,-5.14,-5.959,-3.613,-3.873,-4.625,-4.899,-3.447,-3.392,-5.05,-5.3,-4.18,-4.037,-4.369,-3.297,-4.033,-4.392,-3.742,-3.772,-4.317,-4.59,-4.668,-3.755,-4.747,-4.194,-4.36,-5.2,-5.628,-4.442,-5.067,-5.45,-6.039,-5.302,-5.161,-5.633,-4.4,-4.05,-4.246,-5.286,-4.086
OptTAR_Fixed_ligprep_20260117_0.5.maegz:587,-3.908,-4.227,-4.664,-3.643,-4.254,-4.543,-5.22,-5.022,-3.467,-4.38,-4.374,-4.682,-5.188,-3.286,-3.782,-4.128,-4.325,-3.695,-3.802,-4.285,-4.107,-3.63,-4.173,-3.623,-3.819,-3.082,-2.797,-3.772,-4.194,-4.739,-4.243,-3.406,-3.841,-3.592,-4.353,-3.971,-3.887,-3.943,-3.177,-5.047,-4.645,-4.656,-5.434,-5.63,-5.889,-5.427,-5.15,-4.375,-3.468,-4.159
OptTAR_Fixed_ligprep_20260117_0.5.maegz:588,-3.717,-3.379,-5.01,-4.091,-3.395,-5.159,-5.033,-3.946,-3.858,-4.406,-4.946,-4.333,-5.149,-3.731,-5.099,-3.554,-3.6,-3.591,-3.472,-4.851,-5.39,-3.871,-3.878,-3.462,-4.762,-3.035,-3.477,-4.138,-4.518,-3.87,-3.797,-3.808,-3.888,-4.162,-4.338,-3.892,-4.18,-3.718,-4.248,-4.805,-4.628,-5.077,-6.119,-6.42,-5.982,-5.101,-5.615,-4.533,-4.6,-4.125
OptTAR_Fixed_ligprep_20260117_0.5.maegz:589,-3.056,-6.007,-5.069,-4.463,-4.667,-5.271,-5.168,-4.775,-4.419,-5.497,-4.326,-5.35,-5.481,-3.5,-3.847,-4.73,-4.607,-4.14,-5.029,-4.289,-6.045,-4.601,-4.446,-3.252,-3.727,-3.978,-4.856,-4.066,-4.722,-4.575,-3.86,-4.824,-4.036,-4.014,-5.248,-3.524,-5.627,-4.792,-3.949,-4.27,-5.386,-6.041,-5.431,-5.267,-7.184,-6.417,-5.442,-4.265,-4.691,-3.538
OptTAR_Fixed_ligprep_20260117_0.5.maegz:590,-3.526,-6.832,-5.465,-4.46,-3.886,-5.297,-4.72,-4.988,-4.645,-4.691,-5.065,-4.137,-4.902,-3.651,-4.549,-3.469,-4.116,-3.212,-4.333,-4.256,-4.848,-4.143,-4.61,-3.474,-4.08,-3.601,-3.633,-4.076,-4.556,-5.045,-4.224,-4.153,-4.421,-3.946,-5.704,-4.385,-5.51,-3.885,-4.454,-4.279,-5.184,-5.981,-6.548,-5.927,-5.367,-5.836,-5.905,-4.824,-4.625,-3.882
OptTAR_Fixed_ligprep_20260117_0.5.maegz:591,-3.892,-4.467,-3.996,-4.439,-5.051,-5.237,-4.883,-4.301,-3.053,-4.105,-3.624,-4.43,-4.731,-3.509,-4.29,-3.318,-4.699,-3.167,-3.952,-4.059,-5.928,-4.068,-4.274,-3.985,-2.623,-2.683,-3.89,-3.941,-3.995,-5.016,-5.162,-3.313,-3.737,-4.438,-6.249,-3.185,-4.321,-3.278,-6.083,-3.137,-4.423,-5.252,-5.777,-5.443,-6.457,-6.558,-5.581,-4.313,-5.268,-2.55
OptTAR_Fixed_ligprep_20260117_0.5.maegz:592,-3.452,-4.153,-4.169,-3.646,-4.025,-4.294,-4.848,-4.454,-3.601,-4.104,-4.429,-4.09,-5.395,-3.624,-4.202,-3.499,-4.599,-3.112,-3.481,-5.227,-4.4,-3.538,-3.556,-2.939,-3.603,-3.771,-3.001,-3.382,-4.302,-4.412,-4.416,-4.439,-3.148,-3.539,-5.034,-3.066,-3.34,-4.196,-4.534,-3.259,-4.144,-5.986,-4.846,-4.609,-6.052,-5.843,-4.131,-3.71,-4.903,-4.213
OptTAR_Fixed_ligprep_20260117_0.5.maegz:593,-3.321,-5.325,-4.855,-4.498,-5.746,-5.688,-5.371,-4.463,-4.167,-4.599,-5.039,-4.579,-5.991,-3.971,-3.685,-4.613,-4.87,-3.856,-4.006,-5.624,-5.535,-4.203,-4.294,-4.378,-3.493,-4.38,-4.35,-4.16,-4.058,-5.126,-3.993,-4.031,-3.872,-4.613,-4.309,-4.751,-6.592,-4.356,-4.001,-4.976,-5.457,-5.259,-6.064,-6.089,-6.437,-4.77,-4.11,-5.148,-5.063,-4.658
OptTAR_Fixed_ligprep_20260117_0.5.maegz:594,-2.857,-2.701,-3.69,-4.526,-2.395,-4.934,-4.837,-4.122,-3.246,-2.778,-4.633,-3.02,-5.477,-2.967,-4.251,-3.399,-3.249,-2.59,-2.722,-2.945,-4.412,-3.609,-4.318,-1.826,-3.445,-2.282,-1.914,-2.036,-2.498,-3.746,-4.403,-4.36,-4.272,-3.04,-2.729,-4.372,-3.848,-3.918,-3.678,-3.726,-3.583,-5.504,-4.853,-3.41,-4.282,-4.639,-4.333,-3.26,-3.872,-2.579
OptTAR_Fixed_ligprep_20260117_0.5.maegz:595,-2.475,-5.138,-3.862,-3.044,-4.429,-4.864,-4.794,-4.308,-5.374,-2.396,-4.52,-5.047,-4.616,-3.801,-3.689,-4.472,-4.116,-3.77,-4.043,-5.222,-4.868,-2.253,-3.398,-4.062,-2.81,-2.465,-2.001,-4.041,-4.246,-3.186,-2.949,-3.83,-3.096,-2.355,-4.625,-2.571,-2.664,-3.741,-2.872,-3.861,-3.685,-5.112,-5.497,-5.476,-5.327,-5.195,-5.493,-4.384,-2.922,-3.382
OptTAR_Fixed_ligprep_20260117_0.5.maegz:596,-3.306,-3.906,-4.552,-3.841,-4.068,-5.494,-4.952,-4.918,-4.392,-4.24,-5.339,-4.313,-5.498,-2.905,-3.127,-4.608,-4.408,-3.466,-3.347,-3.7,-4.55,-4.285,-3.591,-4.403,-3.651,-4.088,-3.713,-4.488,-4.675,-4.376,-3.66,-3.756,-4.111,-3.745,-4.919,-3.878,-3.685,-4.191,-3.9,-3.457,-5.224,-4.677,-4.27,-5.175,-6.606,-5.203,-6.079,-3.986,-4.893,-4.392
OptTAR_Fixed_ligprep_20260117_0.5.maegz:597,-3.715,-5.327,-5.057,-3.919,-5.017,-5.788,-4.901,-4.406,-4.417,-4.474,-4.511,-4.792,-4.945,-3.188,-4.983,-4.436,-3.797,-4.776,-4.218,-5.44,-5.471,-3.821,-3.402,-2.492,-3.789,-3.336,-5.93,-3.706,-4.378,-4.921,-4.296,-4.221,-3.819,-4.45,-4.541,-3.67,-4.173,-5.241,-4.459,-3.805,-5.057,-6.408,-6.61,-6.145,-6.259,-7.146,-5.274,-4.349,-4.41,-4.709
OptTAR_Fixed_ligprep_20260117_0.5.maegz:598,-3.362,-5.237,-5.482,-4.597,-4.27,-5.795,-6.253,-5.203,-5.052,-5.488,-4.752,-4.537,-5.429,-3.026,-4.369,-3.447,-3.208,-3.68,-4.429,-4.831,-3.978,-4.716,-4.395,-3.729,-3.58,-2.859,-4.271,-4.515,-5.131,-5.312,-4.031,-4.413,-3.613,-4.825,-5.007,-2.895,-3.939,-4.985,-3.309,-4.292,-4.179,-5.386,-5.931,-4.839,-7.265,-6.474,-6.277,-4.136,-4.971,-5.105
OptTAR_Fixed_ligprep_20260117_0.5.maegz:599,-3.106,-5.68,-4.637,-4.754,-4.873,-5.557,-4.802,-5.184,-4.824,-5.104,-3.609,-5.077,-3.73,-3.562,-3.905,-4.706,-5.21,-3.358,-4.481,-3.955,-5.607,-3.67,-4.208,-3.726,-4.529,-3.265,-4.103,-3.906,-4.02,-4.043,-4.952,-4.05,-4.464,-4.46,-4.442,-5.696,-3.953,-4.389,-4.169,-4.653,-4.097,-5.849,-5.162,-5.556,-5.7,-5.873,-5.184,-4.707,-4.624,-4.396
OptTAR_Fixed_ligprep_20260117_0.5.maegz:600,-4.005,-4.638,-4.782,-4.118,-4.986,-5.622,-6.355,-4.054,-4.364,-5.227,-5.232,-5.136,-5.752,-4.155,-3.925,-4.084,-4.576,-4.591,-3.657,-4.561,-5.459,-4.248,-5.006,-3.688,-3.665,-2.935,-4.152,-4.344,-4.343,-5.152,-5.086,-5.287,-4.13,-4.956,-6.281,-4.742,-4.128,-5.143,-3.731,-4.983,-4.751,-5.692,-5.319,-6.262,-5.506,-5.262,-5.061,-3.994,-5.718,-3.832
OptTAR_Fixed_ligprep_20260117_0.5.maegz:601,-3.448,-4.805,-3.369,-3.764,-3.635,-4.336,-5.18,-4.552,-3.942,-3.638,-4.903,-4.356,-6.187,-3.716,-3.345,-2.779,-3.741,-3.921,-3.584,-3.456,-4.086,-3.315,-5.124,-3.353,-4.225,-2.866,-2.365,-3.063,-4.102,-4.648,-3.662,-3.124,-3.087,-3.149,-3.046,-3.41,-3.401,-3.558,-4.44,-3.631,-5.214,-4.979,-4.605,-5.033,-4.244,-5.124,-5.369,-4.083,-3.869,-3.966
OptTAR_Fixed_ligprep_20260117_0.5.maegz:602,-3.909,-4.716,-5.232,-4.055,-3.521,-5.59,-4.501,-4.39,-3.663,-3.663,-4.709,-4.247,-5.494,-3.689,-3.968,-3.532,-4.547,-3.955,-4.344,-3.659,-5.277,-4.239,-3.42,-3.858,-3.519,-2.818,-3.328,-3.979,-4.512,-4.485,-3.384,-3.312,-3.81,-3.632,-4.288,-4.656,-4.051,-3.469,-5.157,-3.869,-4.674,-5.867,-5.948,-5.163,-5.692,-6.153,-4.256,-4.261,-3.11,-3.3
OptTAR_Fixed_ligprep_20260117_0.5.maegz:603,-4.295,-5.483,-4.33,-4.115,-4.107,-4.633,-6.252,-4.131,-4.033,-4.001,-5.092,-3.757,-5.831,-3.097,-4.001,-4.572,-4.28,-4.063,-4.186,-3.363,-4.336,-4.013,-4.125,-3.703,-2.454,-4.321,-4.967,-4.649,-3.962,-4.052,-4.147,-5.316,-3.545,-2.706,-4.897,-4.23,-3.906,-4.359,-3.822,-3.076,-5.769,-5.684,-6.485,-4.885,-5.456,-5.892,-5.484,-4.629,-5.015,-4.156
OptTAR_Fixed_ligprep_20260117_0.5.maegz:604,-4.352,-4.437,-5.504,-4.338,-5.058,-5.345,-6.076,-5.035,-4.756,-5.295,-5.296,-4.656,-5.634,-4.013,-4.343,-4.692,-4.29,-4.765,-4.348,-4.199,-5.172,-5.51,-5.431,-3.632,-4.558,-4.757,-5.363,-4.356,-4.911,-5.324,-5.111,-4.539,-4.348,-4.937,-6.312,-4.372,-6.153,-5.727,-4.608,-4.084,-5.675,-5.025,-5.442,-5.875,-6.499,-5.671,-5.9,-5.423,-4.309,-4.078
OptTAR_Fixed_ligprep_20260117_0.5.maegz:605,-4.35,-6.74,-4.403,-3.118,-5.663,-4.702,-5.246,-4.276,-5.758,-4.418,-4.385,-3.85,-4.166,-4.26,-3.875,-4.934,-2.835,-2.212,-4.257,-3.183,-4.473,-4.473,-4.797,-4.332,-3.526,-4.237,-5.174,-2.322,-4.722,-5.406,-4.346,-3.684,-3.117,-2.878,-5.293,-5.259,-3.482,-3.387,-3.534,-4.164,-4.741,-4.706,-4.968,-4.907,-6.007,-6.51,-5.142,-2.523,-3.617,-1.725
OptTAR_Fixed_ligprep_20260117_0.5.maegz:606,-3.954,-5.265,-4.82,-4.734,-5.51,-5.011,-4.449,-4.38,-5.078,-5.252,-4.009,-3.544,-5.6,-4.621,-4.508,-4.524,-4.972,-4.542,-3.075,-4.114,-5.008,-3.972,-4.448,-4.483,-2.621,-5.015,-3.712,-3.809,-4.273,-5.17,-4.122,-4.575,-4.333,-3.343,-3.936,-2.126,-5.441,-4.331,-3.283,-3.895,-4.131,-4.784,-4.444,-4.273,-7.057,-4.975,-4.013,-3.867,-3.873,-4.65
OptTAR_Fixed_ligprep_20260117_0.5.maegz:607,-5.34,-7.591,-6.137,-5.33,-6.233,-6.721,-6.798,-6.231,-4.641,-6.79,-5.868,-5.443,-7.022,-5.417,-5.735,-5.892,-6.616,-5.242,-5.451,-5.507,-6.184,-5.921,-5.804,-6.554,-4.791,-5.724,-6.381,-6.324,-5.479,-5.177,-5.408,-5.604,-5.32,-5.617,-6.894,-4.372,-5.561,-5.527,-5.659,-6.661,-6.118,-6.425,-6.903,-7.074,-7.127,-6.962,-6.332,-5.513,-6.064,-6.459
OptTAR_Fixed_ligprep_20260117_0.5.maegz:608,-4.617,-7.387,-6.146,-4.7,-6.133,-5.966,-5.995,-6.022,-5.01,-5.243,-5.193,-4.941,-5.179,-4.257,-4.617,-5.484,-6.315,-4.83,-4.658,-5.476,-6.13,-5.245,-5.623,-5.08,-4.353,-4.912,-5.973,-4.838,-4.986,-4.484,-5.104,-5.624,-4.651,-5.378,-5.218,-5.466,-6.825,-5.142,-4.87,-5.384,-5.642,-7.145,-6.94,-6.731,-7.314,-6.65,-6.232,-5.523,-5.29,-4.784
OptTAR_Fixed_ligprep_20260117_0.5.maegz:609,-4.2,-6.766,-6.148,-5.124,-5.969,-6.263,-6.852,-6.088,-5.509,-5.798,-6.266,-5.62,-5.989,-5.099,-5.69,-5.461,-5.68,-5.196,-6.054,-5.146,-6.097,-5.327,-6.002,-5.879,-5.708,-5.622,-5.928,-5.548,-5.78,-6.018,-5.82,-6.259,-5.564,-4.476,-6.817,-5.759,-6.205,-5.54,-5.386,-5.653,-6.463,-7.883,-6.44,-6.696,-7.296,-7.601,-6.581,-5.846,-6.033,-5.774
SAM001246616,-3.725,-5.794,-5.058,-4.24,-5.687,-5.71,-4.975,-4.839,-3.488,-4.603,-6.417,-4.527,-5.792,-3.727,-3.303,-4.684,-4.81,-3.433,-4.11,-3.634,-4.617,-4.697,-5.163,-3.621,-4.483,-4.375,-5.575,-4.177,-4.583,-5.681,-5.474,-4.433,-5.203,-3.867,-4.883,-3.739,-5.571,-4.362,-4.912,-4.728,-5.42,-5.166,-4.732,-4.365,-7.658,-4.733,-5.234,-4.431,-5.077,-4.298
OptTAR_Fixed_ligprep_20260117_0.5.maegz:611,-4.061,-5.099,-4.519,-4.095,-4.969,-4.849,-5.058,-4.827,-4.722,-4.84,-4.895,-3.942,-4.202,-3.93,-3.963,-4.424,-5.185,-4.054,-5.098,-5.317,-3.999,-3.895,-4.276,-4.534,-3.865,-4.031,-4.346,-3.745,-4.175,-4.495,-4.451,-3.816,-4.307,-4.022,-5.052,-4.368,-4.049,-4.081,-4.447,-3.546,-4.307,-5.035,-5.586,-5.479,-5.734,-4.667,-4.638,-4.011,-4.154,-4.167
OptTAR_Fixed_ligprep_20260117_0.5.maegz:612,-3.408,-5.908,-4.119,-4.126,-5.636,-5.497,-4.859,-4.961,-4.237,-4.907,-4.514,-3.551,-5.011,-3.46,-3.836,-4.109,-4.346,-3.574,-4.363,-4.98,-4.544,-4.3,-5.136,-3.323,-4.089,-3.666,-3.389,-4.863,-4.095,-4.106,-4.513,-4.469,-4.077,-4.081,-4.267,-4.489,-5.264,-4.237,-3.429,-3.693,-5.09,-5.933,-5.588,-5.912,-7.21,-3.805,-5.188,-4.348,-4.571,-4.334
SAM001247105,-3.579,-6.286,-4.528,-4.426,-5.792,-4.79,-5.375,-6.049,-4.253,-5.423,-5.188,-5.086,-5.456,-4.353,-4.018,-4.721,-5.642,-4.129,-4.004,-4.376,-4.521,-3.657,-4.408,-4.561,-4.351,-5.452,-5.658,-3.618,-4.15,-4.823,-3.777,-5.155,-4.022,-4.216,-6.641,-3.446,-5.244,-3.862,-4.108,-4.553,-4.864,-7.157,-6.133,-6.171,-4.334,-4.065,-5.39,-4.861,-4.504,-4.274
147340,-4.101,-6.637,-4.828,-4.545,-5.862,-5.096,-4.972,-5.021,-5.742,-6.303,-5.673,-4.902,-5.582,-4.374,-4.579,-5.471,-5.287,-5.016,-4.229,-5.316,-5.549,-4.916,-5.737,-4.234,-4.916,-4.687,-4.949,-4.852,-4.28,-5.69,-4.359,-5.318,-4.637,-6.118,-5.922,-4.434,-3.82,-4.828,-5.017,-4.889,-5.436,-6.334,-5.684,-4.726,-6.454,-4.841,-5.681,-5.382,-5.483,-5.138
344036.cdx,-4.718,-7.215,-5.626,-5.299,-6.045,-5.994,-5.291,-5.07,-4.745,-5.311,-5.277,-5.561,-5.056,-4.849,-4.906,-5.21,-4.907,-5.14,-4.169,-4.753,-5.039,-4.433,-6.227,-4.009,-4.514,-4.077,-5.518,-5.415,-5.907,-6.384,-4.92,-4.82,-4.962,-4.988,-6.313,-4.909,-4.23,-4.835,-4.857,-4.741,-5.884,-5.654,-6.295,-6.547,-6.022,-5.692,-6.882,-5.038,-5.418,-5.124
OptTAR_Fixed_ligprep_20260117_0.5.maegz:616,-3.865,-6.126,-5.94,-5.286,-6.577,-5.72,-6.072,-5.393,-5.636,-5.562,-5.426,-5.449,-6.368,-4.635,-4.933,-5.783,-5.289,-5.17,-5.052,-5.095,-5.627,-5.134,-6.154,-5.059,-4.815,-6.049,-5.79,-5.112,-5.22,-4.649,-5.285,-5.469,-4.693,-4.526,-5.225,-6.047,-5.015,-4.392,-4.636,-5.497,-5.702,-6.999,-6.754,-7.083,-7.308,-7.396,-6.347,-5.65,-4.744,-3.948
OptTAR_Fixed_ligprep_20260117_0.5.maegz:617,-5.103,-7.246,-5.534,-4.811,-5.947,-5.955,-6.097,-5.824,-5.151,-5.716,-5.861,-6.028,-6.094,-4.836,-5.07,-5.877,-5.196,-5.055,-4.687,-5.581,-5.44,-5.241,-6.166,-4.855,-4.596,-4.585,-5.957,-4.58,-5.262,-5.658,-5.517,-5.27,-5.971,-5.084,-6.524,-5.9,-5.63,-5.161,-4.754,-4.852,-6.085,-6.693,-6.092,-6.611,-7.276,-5.78,-6.387,-5.459,-6.167,-5.018
OptTAR_Fixed_ligprep_20260117_0.5.maegz:618,-3.464,-4.507,-4.173,-4.411,-4.1,-4.673,-4.91,-5.117,-5.57,-4.941,-5.107,-5.373,-5.713,-4.598,-4.569,-5.263,-5.083,-3.907,-4.529,-3.033,-4.923,-4.494,-5.54,-5.572,-3.316,-3.866,-3.993,-5.519,-5.733,-4.782,-4.772,-4.763,-3.745,-3.983,-3.795,-4.717,-3.919,-5.404,-4.268,-3.029,-5.657,-6.134,-4.053,-5.184,-5.811,-5.398,-3.823,-4.732,-6.155,-5.849
13172.cdx,-2.496,-6.286,-4.569,-4.142,-5.638,-5.154,-5.079,-5.304,-4.148,-4.826,-5.46,-5.274,-4.357,-4.069,-4.993,-4.642,-4.132,-4.948,-4.075,-5.61,-4.541,-3.502,-4.655,-4.557,-3.168,-4.266,-5.129,-4.04,-4.619,-4.481,-4.727,-4.096,-4.774,-3.742,-5.612,-4.2,-4.145,-3.736,-3.696,-3.108,-5.477,-5.0,-5.719,-6.186,-4.981,-5.373,-5.813,-4.243,-4.365,-4.514
PTERIN-6-CARBOXYLIC ACID,-4.191,-6.183,-5.259,-4.956,-5.119,-5.879,-6.087,-5.313,-4.48,-5.764,-5.588,-4.912,-5.256,-5.275,-5.166,-5.389,-5.407,-5.228,-5.174,-4.76,-5.27,-5.189,-4.974,-4.893,-4.544,-5.447,-5.291,-5.155,-5.6,-5.351,-5.414,-4.525,-4.488,-4.707,-6.722,-5.071,-5.638,-5.244,-4.855,-5.2,-5.57,-5.346,-6.131,-4.977,-6.029,-5.103,-5.364,-4.842,-5.172,-4.941
STROPHANTHIDIN SEMICARBAZIDE,-4.154,-6.402,-7.109,-4.824,-5.319,-6.084,-6.538,-6.913,-5.202,-5.666,-6.537,-5.655,-5.819,-3.812,-5.529,-5.565,-5.984,-5.192,-5.31,-5.831,-6.354,-5.512,-5.704,-5.649,-5.061,-3.72,-4.955,-5.486,-5.527,-5.549,-6.427,-4.794,-6.348,-4.67,-5.475,-5.074,-4.878,-4.595,-4.103,-5.686,-6.581,-7.135,-5.525,-4.522,-7.679,-5.336,-4.707,-6.923,-6.478,-5.696
BETAMETHASONE,-3.82,-5.624,-4.909,-5.139,-5.866,-5.855,-5.013,-4.911,-3.004,-3.888,-5.646,-4.748,-5.811,-3.748,-3.741,-4.561,-5.079,-3.145,-3.695,-3.962,-4.832,-5.957,-5.514,-3.262,-4.139,-3.116,-5.05,-4.356,-4.06,-4.624,-5.684,-5.139,-5.179,-3.337,-3.933,-5.3,-4.804,-3.649,-4.35,-4.837,-4.941,-5.909,-4.475,-5.306,-7.785,-6.464,-4.582,-4.587,-4.973,-4.453
METAPROTERENOL,-5.317,-7.01,-6.486,-6.177,-6.249,-7.227,-7.177,-6.017,-5.401,-6.53,-6.156,-6.103,-6.474,-5.509,-5.272,-6.245,-5.922,-6.433,-5.435,-6.366,-5.453,-5.765,-5.718,-6.418,-4.897,-5.801,-6.147,-5.604,-5.833,-5.865,-5.713,-6.624,-5.802,-5.272,-5.444,-5.059,-5.835,-5.965,-5.943,-5.866,-6.417,-7.313,-7.251,-6.098,-7.234,-6.419,-6.751,-5.91,-6.028,-6.225
CHLOROTHIAZIDE,-3.106,-3.549,-4.058,-3.333,-4.099,-3.832,-4.516,-3.49,-3.559,-3.454,-2.768,-3.624,-3.943,-2.8,-3.509,-4.291,-4.236,-3.657,-2.493,-4.463,-4.027,-4.16,-3.804,-4.341,-3.845,-3.66,-3.547,-3.51,-2.534,-3.554,-3.376,-3.322,-2.076,-3.702,-3.931,-3.162,-3.489,-3.388,-3.877,-1.933,-4.082,-3.487,-3.043,-5.199,-4.463,-2.9,-4.76,-3.271,-3.646,-3.366
SULFADIMETHOXINE,-2.915,-4.024,-5.424,-3.628,-3.714,-4.65,-4.417,-3.005,-3.532,-3.969,-6.726,-5.425,-4.213,-5.363,-4.995,-3.315,-4.173,-4.495,-3.417,-4.029,-3.68,-3.811,-5.842,-4.11,-6.407,-5.653,-6.806,-3.666,-4.51,-3.252,-3.219,-3.76,-3.201,-3.494,-3.367,-6.146,-6.452,-5.037,-4.859,-5.265,-3.74,-4.126,-7.365,-4.305,-5.066,-5.336,-4.018,-5.059,-3.889,-5.952
SULFAMETHOXYPYRIDAZINE,-4.599,-5.838,-5.165,-5.089,-4.709,-6.317,-5.978,-4.797,-4.962,-5.795,-5.072,-4.757,-5.509,-4.992,-5.342,-4.638,-4.616,-5.62,-4.978,-5.033,-4.995,-4.986,-5.982,-5.155,-3.907,-5.325,-5.748,-5.29,-5.412,-5.467,-4.971,-5.092,-5.155,-4.96,-5.368,-5.274,-5.429,-5.225,-4.933,-4.713,-4.186,-6.144,-5.787,-5.196,-6.615,-5.702,-5.966,-4.63,-5.011,-5.276
ALTHIAZIDE,-4.287,-4.041,-5.1,-3.855,-4.919,-5.151,-6.115,-3.353,-3.936,-3.656,-4.509,-4.444,-5.437,-3.431,-4.17,-3.186,-4.163,-4.795,-2.962,-2.777,-5.218,-2.807,-3.387,-3.572,-2.942,-3.664,-5.241,-4.474,-3.765,-6.072,-3.357,-5.617,-3.979,-3.703,-7.31,-4.109,-3.759,-4.02,-5.039,-3.855,-4.611,-4.954,-6.714,-6.758,-6.598,-5.714,-4.16,-3.523,-4.296,-2.118
OptTAR_Fixed_ligprep_20260117_0.5.maegz:629,-5.033,-7.585,-6.084,-5.741,-6.322,-6.399,-6.768,-5.873,-6.223,-6.973,-6.509,-6.71,-5.876,-5.642,-6.569,-5.926,-4.737,-5.185,-5.922,-6.386,-5.608,-5.166,-5.729,-6.607,-4.659,-4.909,-6.939,-5.806,-5.991,-6.291,-6.3,-5.696,-5.143,-6.072,-6.178,-5.781,-5.474,-5.562,-5.148,-5.16,-6.206,-6.243,-7.242,-6.276,-8.107,-6.704,-7.305,-5.856,-6.01,-6.412
OptTAR_Fixed_ligprep_20260117_0.5.maegz:630,-3.046,-5.598,-4.119,-3.941,-4.912,-4.566,-4.154,-4.241,-4.461,-4.84,-4.771,-4.805,-5.517,-3.833,-3.215,-4.18,-2.669,-3.651,-3.549,-4.089,-4.333,-3.991,-4.46,-3.264,-3.535,-3.014,-3.617,-4.317,-4.77,-4.176,-4.546,-4.338,-3.727,-3.894,-4.577,-2.886,-2.946,-3.351,-3.382,-2.937,-5.245,-4.779,-4.702,-4.436,-6.252,-5.554,-4.216,-3.492,-4.483,-4.399
PERICIAZINE,-5.111,-6.933,-6.017,-5.107,-6.131,-6.237,-6.779,-6.073,-5.629,-5.627,-6.011,-5.503,-5.901,-4.508,-4.851,-5.775,-6.23,-5.47,-5.674,-5.735,-6.429,-6.239,-6.011,-5.153,-5.27,-5.093,-5.679,-5.407,-6.189,-5.624,-5.888,-7.193,-4.428,-5.431,-7.831,-6.485,-6.427,-5.99,-5.752,-5.42,-5.746,-7.148,-7.464,-7.946,-8.237,-6.74,-7.214,-6.606,-5.621,-5.565
OptTAR_Fixed_ligprep_20260117_0.5.maegz:632,-5.112,-7.724,-5.82,-4.636,-6.925,-7.926,-7.421,-6.487,-6.46,-7.173,-6.822,-6.095,-5.947,-5.455,-5.585,-6.436,-5.316,-5.826,-5.691,-5.771,-5.957,-6.149,-5.992,-6.385,-4.994,-5.818,-5.883,-6.137,-6.088,-6.817,-7.04,-5.213,-6.184,-5.741,-6.221,-5.133,-6.353,-5.537,-6.06,-6.339,-5.899,-6.207,-7.054,-6.898,-7.097,-7.74,-6.986,-5.578,-5.506,-6.771
HALOPERIDOL,-4.882,-7.561,-6.247,-4.729,-6.143,-5.59,-7.541,-5.928,-5.434,-6.521,-6.041,-5.87,-5.797,-4.95,-6.002,-5.502,-5.426,-4.712,-5.071,-5.148,-5.368,-4.96,-6.558,-5.396,-4.777,-4.584,-4.887,-4.959,-6.03,-6.559,-5.554,-6.264,-4.861,-4.958,-6.484,-5.287,-4.637,-4.885,-4.65,-5.687,-6.181,-7.146,-6.99,-7.133,-8.31,-7.802,-6.261,-5.578,-5.656,-5.429
PREDNISOLONE ACETATE,-5.538,-6.349,-4.532,-5.113,-6.009,-5.812,-6.013,-5.341,-5.636,-5.64,-5.684,-5.274,-5.965,-5.052,-5.287,-5.796,-6.014,-4.789,-5.311,-5.302,-4.729,-4.835,-5.732,-3.908,-3.833,-5.248,-5.047,-5.004,-5.228,-5.157,-5.378,-5.585,-4.958,-5.564,-6.048,-5.392,-4.338,-4.516,-5.862,-5.901,-6.959,-6.875,-6.453,-6.91,-7.433,-6.73,-4.875,-5.561,-6.122,-4.208
SULFAMERAZINE,-4.61,-5.741,-4.01,-4.405,-4.908,-5.174,-5.11,-5.147,-4.534,-5.325,-4.361,-4.682,-5.424,-4.161,-5.327,-4.626,-3.9,-5.12,-4.831,-4.455,-5.143,-5.33,-4.924,-4.317,-5.086,-4.915,-4.261,-5.274,-4.436,-5.385,-4.869,-5.597,-4.924,-4.862,-5.403,-5.143,-5.915,-4.705,-4.561,-4.641,-5.544,-5.096,-5.283,-5.185,-6.137,-5.029,-5.6,-4.66,-5.508,-4.648
SULFAMETHIZOLE,-3.948,-5.475,-4.292,-4.281,-4.216,-5.224,-5.199,-4.134,-3.533,-5.387,-3.984,-4.384,-4.781,-4.208,-3.806,-4.199,-4.504,-4.004,-4.841,-4.489,-4.553,-4.663,-4.554,-4.683,-3.272,-4.006,-5.032,-4.276,-4.397,-4.815,-4.023,-3.769,-4.641,-3.638,-4.787,-4.242,-3.953,-4.6,-4.352,-4.259,-4.145,-5.204,-4.91,-4.51,-4.82,-4.861,-4.958,-4.395,-4.066,-4.371
OptTAR_Fixed_ligprep_20260117_0.5.maegz:637,-4.849,-7.378,-5.484,-5.516,-6.347,-6.048,-6.916,-6.156,-5.665,-6.689,-5.647,-5.612,-6.336,-5.577,-5.431,-5.582,-5.515,-6.523,-6.624,-6.446,-5.775,-6.413,-5.184,-6.378,-4.631,-5.264,-6.32,-5.872,-6.143,-5.66,-6.296,-6.347,-5.395,-4.99,-8.072,-4.783,-6.881,-6.048,-5.809,-5.789,-5.777,-6.837,-7.407,-7.404,-7.442,-7.123,-6.943,-6.136,-6.541,-5.882
BENDROFUMETHIAZIDE,-3.592,-5.612,-3.831,-4.387,-5.196,-5.013,-4.3,-5.103,-3.221,-5.301,-4.924,-5.087,-5.051,-3.006,-4.112,-4.657,-4.443,-3.588,-3.83,-3.935,-4.116,-4.169,-4.186,-3.548,-3.17,-4.458,-5.01,-3.734,-4.718,-5.084,-4.104,-4.274,-4.492,-5.219,-4.505,-4.349,-6.617,-3.489,-3.937,-3.884,-3.887,-5.835,-6.05,-7.823,-5.058,-6.13,-5.294,-3.807,-3.992,-4.378
SULFACHLORPYRIDAZINE,-3.982,-5.624,-4.377,-4.417,-4.205,-5.368,-5.566,-4.33,-4.526,-5.236,-4.087,-4.542,-4.923,-4.2,-3.991,-4.013,-3.916,-5.035,-4.078,-4.341,-4.475,-4.697,-5.362,-3.589,-3.518,-3.747,-5.148,-4.441,-4.025,-4.118,-4.526,-4.668,-4.46,-3.987,-5.003,-4.511,-4.522,-4.486,-4.428,-4.21,-3.987,-5.522,-5.37,-4.744,-5.333,-4.769,-5.304,-4.038,-4.965,-4.831
TRIAMCINOLONE,-3.638,-6.207,-5.927,-5.063,-5.654,-4.916,-5.448,-4.533,-4.341,-5.787,-5.56,-5.191,-6.046,-4.203,-5.464,-4.779,-5.19,-3.84,-5.445,-5.473,-4.826,-4.896,-5.148,-5.595,-4.784,-5.265,-4.781,-5.545,-6.039,-5.228,-5.27,-5.446,-5.35,-5.994,-4.516,-5.851,-5.421,-5.649,-5.134,-5.658,-5.536,-6.888,-5.314,-4.773,-7.212,-4.591,-6.074,-4.943,-5.237,-4.399
OptTAR_Fixed_ligprep_20260117_0.5.maegz:641,-4.238,-6.252,-5.865,-4.719,-5.604,-5.77,-5.661,-6.259,-5.158,-4.866,-6.194,-5.044,-6.051,-5.236,-4.723,-4.95,-5.291,-5.801,-4.741,-5.751,-5.292,-4.881,-6.119,-5.371,-5.255,-5.459,-6.109,-4.982,-4.659,-5.469,-4.832,-5.166,-4.708,-4.696,-6.441,-5.074,-5.595,-4.613,-5.114,-5.13,-5.778,-6.022,-6.292,-5.715,-6.606,-6.375,-6.964,-5.333,-5.132,-5.595
OptTAR_Fixed_ligprep_20260117_0.5.maegz:642,-5.168,-6.197,-6.349,-5.138,-5.778,-6.352,-8.811,-6.298,-5.361,-5.38,-6.13,-5.426,-6.059,-5.113,-5.636,-5.788,-5.979,-5.479,-5.64,-5.261,-6.009,-6.392,-5.847,-5.345,-5.429,-5.882,-6.233,-4.862,-4.974,-5.332,-5.274,-6.424,-5.434,-5.26,-6.214,-6.346,-6.268,-5.772,-5.359,-5.505,-5.327,-7.54,-6.985,-6.9,-7.267,-7.26,-6.951,-5.637,-5.523,-5.301
OptTAR_Fixed_ligprep_20260117_0.5.maegz:643,-5.486,-8.098,-6.686,-6.87,-7.241,-7.216,-7.74,-6.486,-6.577,-7.378,-7.074,-6.508,-6.451,-6.155,-6.495,-7.258,-6.541,-6.168,-6.417,-6.688,-6.434,-6.79,-6.444,-6.659,-6.329,-6.632,-7.434,-6.579,-6.873,-7.133,-6.93,-6.683,-6.232,-6.357,-6.764,-6.411,-7.47,-6.277,-6.192,-7.188,-6.17,-7.889,-7.39,-7.347,-7.431,-7.357,-6.516,-6.132,-7.145,-6.89
HYCANTHONE,-5.347,-7.421,-5.122,-5.648,-4.881,-6.146,-8.016,-4.85,-5.682,-5.526,-5.911,-6.273,-5.797,-4.263,-5.694,-5.766,-5.133,-4.957,-4.862,-5.407,-5.798,-4.863,-5.656,-5.036,-4.74,-4.651,-4.875,-5.353,-5.764,-5.584,-6.09,-5.468,-4.906,-5.18,-7.836,-5.567,-5.682,-5.337,-4.985,-5.503,-5.648,-5.886,-6.966,-6.703,-7.59,-7.239,-7.258,-5.837,-5.132,-4.833
MEGESTROL ACETATE,-3.382,-3.781,-3.46,-4.242,-3.767,-4.883,-5.765,-3.416,-4.412,-3.29,-4.757,-4.32,-3.683,-2.809,-4.126,-5.425,-3.774,-4.295,-4.553,-4.206,-3.963,-4.34,-4.06,-3.244,-4.719,-3.046,-3.87,-3.455,-3.863,-4.342,-4.29,-3.618,-3.448,-3.804,-4.302,-3.057,-4.147,-2.868,-3.124,-4.827,-5.42,-3.752,-3.256,-4.447,-3.391,-3.622,-3.306,-3.355,-3.493,-3.776
OptTAR_Fixed_ligprep_20260117_0.5.maegz:646,-5.332,-6.933,-5.954,-6.295,-6.524,-6.53,-6.492,-4.85,-5.0,-6.497,-5.309,-5.855,-6.232,-6.775,-5.888,-5.815,-6.131,-5.797,-5.181,-6.109,-6.375,-5.641,-5.153,-6.373,-5.392,-6.16,-6.785,-5.315,-5.702,-6.293,-6.122,-5.43,-5.554,-5.353,-5.636,-5.831,-6.754,-5.74,-6.348,-6.433,-6.288,-5.984,-7.206,-6.14,-6.774,-7.276,-6.834,-5.54,-5.861,-6.522
LEVONORDEFRIN,-5.486,-8.098,-6.686,-6.87,-7.241,-7.216,-7.74,-6.486,-6.577,-7.378,-7.074,-6.508,-6.451,-6.155,-6.495,-7.258,-6.541,-6.168,-6.417,-6.688,-6.434,-6.79,-6.444,-6.659,-6.329,-6.632,-7.434,-6.579,-6.873,-7.133,-6.93,-6.683,-6.232,-6.357,-6.764,-6.411,-7.47,-6.277,-6.192,-7.188,-6.17,-7.889,-7.39,-7.347,-7.431,-7.357,-6.516,-6.132,-7.145,-6.89
DEXAMETHASONE ACETATE,-4.018,-6.142,-6.016,-4.559,-6.61,-5.303,-5.651,-4.812,-4.838,-4.987,-5.377,-6.036,-6.422,-4.348,-5.711,-5.895,-6.79,-4.287,-4.918,-4.903,-4.831,-4.974,-5.154,-4.146,-3.932,-4.786,-5.282,-5.323,-5.172,-6.028,-5.927,-5.728,-5.977,-4.574,-4.456,-5.092,-3.898,-4.763,-4.269,-5.362,-6.666,-5.595,-5.467,-4.416,-7.752,-5.105,-5.396,-5.157,-6.828,-4.43
OptTAR_Fixed_ligprep_20260117_0.5.maegz:649,-2.77,-4.434,-3.481,-3.872,-4.95,-4.547,-5.32,-3.866,-3.907,-4.775,-4.167,-4.121,-4.398,-2.805,-3.355,-3.713,-3.545,-3.799,-3.185,-3.473,-3.656,-4.305,-4.16,-3.8,-3.684,-3.68,-3.688,-2.95,-4.135,-4.599,-4.18,-4.202,-3.81,-3.402,-3.738,-4.501,-2.386,-3.702,-3.997,-4.421,-4.923,-5.508,-4.235,-4.933,-5.164,-4.355,-4.9,-4.506,-4.434,-4.323
OptTAR_Fixed_ligprep_20260117_0.5.maegz:650,-4.278,-6.331,-5.133,-4.176,-6.352,-5.902,-5.474,-5.634,-4.893,-5.113,-6.278,-4.679,-5.492,-4.265,-5.102,-4.544,-4.851,-4.365,-4.13,-4.79,-5.461,-5.073,-5.439,-4.546,-4.793,-4.097,-5.897,-5.34,-5.147,-5.102,-4.423,-5.58,-4.633,-5.078,-5.93,-5.441,-5.575,-4.732,-4.642,-3.846,-5.519,-7.01,-7.369,-6.181,-5.081,-5.874,-4.785,-4.943,-5.146,-4.71
THIAMPHENICOL,-3.627,-5.77,-4.677,-5.487,-6.033,-5.63,-5.529,-4.484,-5.544,-4.778,-5.817,-4.716,-4.988,-3.722,-4.584,-5.758,-5.343,-4.533,-4.226,-3.946,-5.006,-5.586,-4.273,-4.829,-3.825,-4.442,-5.303,-4.836,-4.667,-5.442,-5.709,-6.012,-5.187,-4.341,-5.886,-3.501,-4.156,-4.302,-5.023,-3.061,-4.941,-5.59,-6.258,-6.204,-7.244,-6.116,-7.202,-5.203,-4.181,-5.906
11926,,-5.85,-4.489,-5.131,-5.404,-4.934,-5.036,-4.409,-3.351,-4.789,-5.572,-4.508,-4.987,,-4.537,-4.307,-4.914,-3.919,-4.055,-3.853,-4.607,-4.388,-5.458,-4.938,-4.501,-3.352,-5.232,-4.04,-4.2,-4.738,-4.801,-4.745,-4.218,-3.795,-6.407,-4.721,-6.731,-4.621,-4.059,-3.926,-4.576,-5.784,-5.421,-6.416,-6.603,-5.686,-5.927,-4.156,-4.599,-4.508
