title,receptor_1,receptor_2,receptor_3,receptor_4,receptor_5,receptor_6,receptor_7,receptor_8,receptor_9,receptor_10,receptor_11,receptor_12,receptor_13,receptor_14,receptor_15,receptor_16,receptor_17,receptor_18,receptor_19,receptor_20,receptor_21,receptor_22,receptor_23,receptor_24,receptor_25,receptor_26,receptor_27,receptor_28,receptor_29,receptor_30,receptor_31,receptor_32,receptor_33,receptor_34,receptor_35,receptor_36,receptor_37,receptor_38,receptor_39,receptor_40,receptor_41,receptor_42,receptor_43,receptor_44,receptor_45,receptor_46,receptor_47,receptor_48,receptor_49,receptor_50
Gatto_2009_11,-4.677,-6.405,-4.873,-6.254,-7.721,-5.507,-6.436,-7.95,-7.437,-7.184,-7.009,-6.081,-7.949,-6.655,-6.702,-6.132,-6.334,-4.623,-5.425,-7.526,-6.278,-6.111,-6.121,-6.051,-6.036,-5.747,-7.515,-6.141,-6.739,-5.421,-6.26,-6.011,-6.199,-5.997,-5.81,-5.351,-5.477,-6.792,-5.896,-5.742,-6.409,-5.604,-5.1,-5.805,-6.379,-6.629,-6.073,-5.613,-6.333,-6.629
Gatto_2009_5,-5.257,-4.796,-5.222,-5.369,-7.417,-4.935,-5.339,-8.038,-7.632,-6.984,-6.227,-5.139,-7.605,-6.176,-5.876,-5.159,-8.51,-4.822,-4.858,-6.339,-6.003,-6.495,-7.301,-6.431,-5.792,-6.754,-7.097,-6.093,-6.681,-6.057,-6.199,-6.889,-5.421,-5.134,-5.406,-5.412,-4.416,-4.549,-5.061,-5.367,-6.368,-5.365,-5.697,-4.915,-5.621,-5.437,-6.166,-5.5,-5.566,-6.837
Gatto_2009_9,-5.176,-5.589,-4.932,-6.353,-6.671,-6.129,-6.433,-8.632,-7.365,-7.275,-6.335,-5.705,-4.412,-5.85,-6.588,-5.99,-6.271,-5.942,-4.984,-7.569,-5.883,-5.966,-6.664,-6.203,-6.99,-5.733,-7.92,-7.03,-7.067,-5.256,-6.107,-5.681,-5.651,-4.578,-5.44,-5.232,-6.079,-5.383,-4.093,-4.955,-5.919,-5.188,-5.347,-6.367,-6.502,-6.019,-6.874,-5.551,-6.015,-6.51
6-aminoquinoline_1.mol,-4.372,-5.719,-5.103,-4.004,-6.793,-4.609,-5.71,-6.335,-6.78,-6.387,-5.939,-6.002,-6.31,-6.514,-5.895,-5.131,-4.569,-5.065,-4.339,-4.225,-4.627,-4.952,-4.998,-4.737,-6.191,-6.303,-7.217,-5.007,-5.415,-4.935,-4.894,-4.98,-4.84,-5.384,-4.965,-3.742,-4.77,-4.964,-3.804,-4.216,-5.539,-4.638,-5.317,-5.373,-5.923,-5.276,-4.639,-5.984,-5.056,-5.376
He_2005_1,-4.936,-4.272,-4.679,-4.895,-5.4,-5.252,-4.909,-6.83,-5.963,-5.816,-5.944,-4.608,-4.961,-5.54,-4.742,-5.525,-6.178,-4.89,-4.776,-4.925,-5.073,-5.693,-5.26,-4.843,-5.301,-6.047,-5.565,-5.867,-5.212,-5.767,-5.069,-4.61,-4.77,-4.485,-3.848,-4.601,-5.125,-4.637,-4.641,-5.847,-3.773,-4.804,-4.883,-5.076,-5.35,-4.935,-4.921,-5.135,-4.969,-5.393
joly_2010_3,-5.86,-5.142,-5.207,-5.605,-6.763,-5.629,-5.717,-8.019,-8.336,-7.397,-7.101,-6.914,-7.039,-6.322,-6.114,-5.608,-8.247,-5.845,-5.598,-7.236,-6.164,-6.571,-6.417,-7.253,-5.725,-5.682,-8.167,-6.921,-6.351,-6.475,-7.883,-6.672,-5.095,-6.69,-5.808,-5.764,-5.695,-5.2,-4.838,-7.493,-6.453,-5.985,-5.815,-6.312,-6.26,-7.072,-5.864,-5.883,-6.523,-7.362
OptTAR_Fixed_ligprep_20260117_0.5.maegz:7,-4.296,-4.866,-4.979,-4.65,-6.345,-5.402,-5.698,-6.56,-6.301,-5.896,-5.508,-5.15,-5.848,-6.223,-6.025,-5.267,-5.503,-4.86,-4.966,-5.191,-5.106,-5.505,-5.335,-5.384,-5.086,-6.663,-5.733,-5.441,-6.024,-4.627,-5.01,-5.167,-5.131,-4.396,-4.907,-4.712,-5.644,-4.837,-4.521,-5.675,-5.11,-4.31,-4.589,-4.835,-5.627,-5.326,-5.278,-4.649,-4.688,-5.483
C19H18ClN3,-5.683,-6.238,-5.724,-6.05,-7.186,-6.488,-6.3,-7.468,-6.477,-7.295,-6.761,-6.921,-7.436,-5.555,-5.493,-5.466,-7.199,-5.199,-6.1,-6.158,-7.267,-5.796,-5.782,-5.799,-6.635,-6.528,-6.952,-6.117,-7.031,-5.745,-5.947,-5.543,-5.224,-5.186,-5.117,-5.021,-5.251,-4.785,-5.045,-6.5,-6.387,-5.12,-5.174,-5.208,-6.349,-5.606,-5.114,-5.261,-5.491,-5.551
C16H12F3N3OS,-5.468,-3.594,-4.168,-3.948,-6.209,-4.9,-6.28,-7.474,-6.578,-7.06,-5.888,-4.96,-6.556,-6.302,-4.728,-5.193,-6.833,-3.973,-3.92,-5.659,-6.6,-5.937,-5.41,-5.493,-4.884,-5.217,-6.879,-5.412,-6.362,-4.995,-5.699,-5.817,-4.929,-4.821,-3.864,-4.615,-5.727,-3.908,-4.247,-5.537,-4.591,-4.964,-4.417,-5.241,-5.039,-5.074,-5.121,-4.749,-4.699,-5.86
C20H13F3N4OS,-4.726,-3.876,-4.262,-3.953,-6.066,-5.667,-5.157,-7.024,-6.787,-6.58,-6.073,-4.119,-6.514,-5.543,-4.891,-5.784,-7.775,-4.994,-4.021,-5.568,-6.167,-5.55,-5.101,-5.481,-5.536,-5.327,-7.074,-5.655,-6.445,-6.266,-5.664,-5.524,-4.331,-5.033,-5.364,-3.96,-4.415,-3.976,-3.895,-5.185,-5.504,-4.926,-5.646,-6.103,-4.943,-5.001,-5.514,-6.164,-4.841,-5.68
C22H21N5O5,-5.42,-5.205,-5.488,-4.786,-7.087,-5.64,-6.659,-7.84,-6.974,-6.985,-6.463,-5.803,-6.992,-6.568,-6.442,-6.129,-6.74,-4.648,-4.652,-6.58,-6.132,-6.513,-6.734,-6.309,-6.65,-8.131,-6.577,-6.3,-7.055,-6.127,-6.09,-6.072,-6.193,-5.133,-5.228,-5.421,-5.961,-6.48,-5.188,-6.306,-6.427,-5.497,-6.194,-6.228,-5.981,-6.041,-5.623,-5.977,-5.874,-7.057
C21H21N5O5,-6.353,-5.16,-5.619,-5.278,-6.373,-7.253,-6.541,-8.124,-7.943,-7.871,-6.445,-4.852,-7.295,-7.063,-6.755,-6.358,-8.573,-5.384,-5.036,-6.35,-6.446,-6.456,-6.581,-6.114,-6.532,-6.637,-7.444,-7.43,-7.913,-6.106,-6.5,-6.392,-5.237,-4.76,-5.495,-5.776,-6.635,-5.711,-4.885,-6.516,-6.261,-6.453,-6.244,-6.396,-6.702,-6.92,-5.772,-6.176,-5.772,-7.07
86577807extra_5,-5.857,-5.759,-4.534,-5.447,-7.083,-5.937,-5.761,-6.648,-6.984,-6.142,-7.227,-7.115,-6.522,-6.147,-5.383,-6.707,-6.806,-5.732,-4.314,-4.48,-5.913,-6.143,-5.971,-5.964,-6.021,-6.355,-7.38,-6.559,-6.245,-6.952,-6.257,-6.335,-4.859,-4.837,-4.665,-4.021,-6.067,-6.201,-4.432,-7.495,-6.339,-6.152,-5.846,-5.803,-5.466,-5.86,-6.243,-6.204,-5.144,-6.483
133994.cdx,-5.9,-5.817,-5.404,-5.939,-6.86,-5.012,-7.058,-8.515,-7.051,-6.101,-6.655,-5.292,-6.228,-6.403,-7.307,-5.413,-6.104,-4.436,-4.385,-5.188,-6.796,-5.793,-6.447,-6.646,-7.008,-6.91,-6.217,-5.942,-6.959,-6.121,-5.665,-5.632,-3.963,-5.934,-5.237,-5.131,-4.916,-4.193,-4.033,-4.923,-6.499,-5.433,-5.551,-5.394,-5.973,-5.345,-5.421,-6.343,-5.811,-6.299
OptTAR_Fixed_ligprep_20260117_0.5.maegz:15,-4.82,-5.083,-5.59,-4.107,-6.199,-5.372,-5.866,-6.448,-6.122,-6.29,-5.246,-5.717,-5.789,-5.414,-5.033,-5.221,-6.285,-4.724,-5.866,-5.376,-5.259,-5.142,-4.092,-4.737,-5.423,-5.041,-4.68,-6.083,-4.765,-5.109,-5.011,-5.639,-4.262,-4.412,-4.496,-4.391,-4.812,-5.086,-4.424,-5.513,-4.789,-4.592,-4.167,-4.914,-5.762,-4.61,-5.789,-4.676,-4.324,-4.898
OptTAR_Fixed_ligprep_20260117_0.5.maegz:16,-3.876,-4.518,-4.036,-1.854,-5.597,-5.025,-6.55,-5.677,-4.294,-3.302,-5.947,-5.789,-4.871,-5.362,-5.013,-3.673,-6.979,-4.24,-2.956,-3.241,-6.43,-5.284,-4.571,-4.166,-4.892,-4.72,-4.305,-3.978,-5.932,-4.394,-4.963,-5.322,-3.673,-4.627,-5.103,-4.487,-2.815,-1.793,-2.752,-4.879,-3.459,-4.884,-4.647,-4.434,-4.812,-4.674,-3.47,-2.891,-1.066,-4.356
OptTAR_Fixed_ligprep_20260117_0.5.maegz:17,-5.464,-5.068,-5.419,-4.39,-7.01,-5.402,-6.176,-7.194,-7.096,-5.823,-5.657,-5.922,-6.471,-5.914,-5.547,-5.35,-5.785,-4.882,-4.386,-4.801,-5.929,-5.211,-5.104,-4.696,-5.28,-4.723,-5.933,-7.218,-5.837,-4.845,-5.68,-4.81,-4.249,-4.845,-4.939,-4.832,-4.57,-4.722,-4.58,-5.387,-5.873,-4.514,-3.775,-4.917,-5.396,-4.721,-5.14,-4.455,-4.846,-5.84
OptTAR_Fixed_ligprep_20260117_0.5.maegz:18,-5.956,-6.043,-5.55,-5.577,-6.173,-5.362,-5.627,-7.677,-6.726,-7.567,-6.07,-6.095,-6.832,-6.26,-5.977,-5.569,-6.303,-5.32,-5.209,-7.433,-6.653,-6.453,-5.373,-5.576,-6.719,-6.558,-6.652,-6.631,-6.524,-5.897,-6.191,-5.907,-4.25,-5.721,-5.112,-4.858,-5.517,-5.326,-5.535,-4.816,-5.532,-5.627,-5.58,-5.396,-5.914,-5.706,-6.624,-5.552,-5.547,-6.417
OptTAR_Fixed_ligprep_20260117_0.5.maegz:19,-6.041,-5.471,-4.795,-5.217,-6.682,-6.343,-7.004,-7.71,-7.607,-6.522,-7.231,-6.592,-6.73,-6.454,-6.233,-5.068,-6.981,-4.827,-4.159,-4.66,-6.159,-6.529,-5.629,-5.958,-6.286,-6.256,-5.943,-6.966,-6.135,-6.202,-5.097,-5.153,-4.033,-4.449,-4.765,-4.719,-4.916,-4.909,-4.366,-5.017,-6.67,-4.914,-5.425,-4.898,-5.454,-5.09,-5.15,-4.511,-4.489,-5.393
OptTAR_Fixed_ligprep_20260117_0.5.maegz:20,-4.262,-3.74,-4.538,-3.958,-5.408,-4.059,-5.036,-5.497,-6.078,-5.995,-4.862,-6.091,-6.456,-4.831,-6.073,-4.881,-5.533,-4.538,-4.833,-5.845,-4.574,-3.566,-5.435,-3.736,-5.0,-4.766,-5.095,-4.289,-5.755,-5.271,-4.765,-5.295,-3.798,-5.696,-3.973,-4.855,-5.864,-4.477,-4.454,-5.29,-5.618,-4.888,-4.711,-4.526,-4.683,-4.416,-5.465,-4.423,-4.507,-6.166
OptTAR_Fixed_ligprep_20260117_0.5.maegz:21,-5.224,-5.092,-5.207,-5.243,-7.396,-6.242,-6.729,-7.192,-6.673,-6.374,-6.192,-5.643,-6.829,-6.129,-6.128,-4.432,-5.832,-4.311,-4.247,-5.171,-4.915,-5.728,-5.357,-5.864,-5.962,-6.195,-5.514,-5.889,-5.662,-4.849,-5.312,-4.575,-4.046,-4.508,-4.235,-3.945,-5.527,-4.465,-4.202,-4.769,-5.828,-3.985,-4.999,-4.416,-4.869,-5.197,-4.648,-4.99,-4.046,-5.347
OptTAR_Fixed_ligprep_20260117_0.5.maegz:22,-4.045,-3.62,-3.667,-4.255,-5.027,-4.516,-5.929,-5.013,-6.582,-5.63,-4.987,-5.05,-6.734,-4.543,-4.842,-4.671,-5.578,-4.089,-5.178,-5.6,-5.581,-5.569,-5.288,-4.336,-3.808,-3.858,-5.332,-5.896,-4.357,-4.747,-4.77,-3.501,-3.146,-5.31,-4.924,-3.918,-4.365,-4.044,-4.308,-4.577,-5.878,-4.141,-3.894,-4.376,-4.862,-4.348,-4.579,-4.601,-4.437,-4.613
OptTAR_Fixed_ligprep_20260117_0.5.maegz:23,-4.239,-4.338,-4.554,-4.997,-5.499,-4.849,-5.515,-6.591,-6.691,-6.21,-5.276,-6.41,-6.424,-5.469,-4.194,-5.012,-4.324,-3.902,-3.379,-4.668,-4.819,-4.897,-4.813,-4.438,-5.511,-4.557,-6.004,-4.101,-5.786,-5.02,-5.487,-5.045,-3.508,-3.794,-4.264,-3.892,-5.823,-4.724,-3.826,-7.195,-5.045,-5.173,-5.534,-5.435,-5.223,-4.638,-5.107,-4.557,-3.744,-4.089
OptTAR_Fixed_ligprep_20260117_0.5.maegz:24,-5.379,-5.256,-5.964,-6.357,-5.332,-5.176,-5.69,-6.247,-6.956,-6.758,-5.833,-6.274,-6.822,-5.74,-5.885,-6.025,-7.215,-5.225,-5.385,-6.047,-5.972,-5.616,-5.785,-5.482,-5.443,-5.527,-5.93,-5.94,-5.868,-5.632,-6.132,-6.086,-6.235,-5.454,-5.575,-4.754,-6.274,-5.008,-6.297,-5.677,-5.415,-5.325,-5.875,-5.455,-5.382,-5.621,-4.816,-5.481,-5.237,-5.185
OptTAR_Fixed_ligprep_20260117_0.5.maegz:25,-1.268,0.3741,-2.097,-2.566,-3.276,-2.581,-4.31,-5.01,-5.038,-4.766,-2.407,-1.808,-2.224,-3.84,-3.553,-0.5677,-3.924,-2.11,0.3008,-0.2274,-2.487,-3.675,-2.601,-2.181,-3.306,-2.956,-4.497,1.752,-2.573,-2.505,-2.174,0.01651,-2.068,-2.289,0.8056,-1.875,0.9667,-2.696,0.4563,-3.427,-3.262,-2.463,-2.043,-2.331,-2.915,-3.174,-3.895,-3.194,-2.774,-2.592
OptTAR_Fixed_ligprep_20260117_0.5.maegz:26,-4.717,-3.942,-4.306,-3.874,-6.085,-4.66,-4.24,-7.098,-6.691,-6.501,-5.066,-5.375,-6.219,-5.827,-6.019,-4.915,-6.364,-3.921,-3.862,-4.091,-4.334,-6.498,-4.966,-5.703,-5.102,-5.951,-6.814,-4.455,-5.244,-5.391,-4.521,-5.044,-4.516,-4.13,-4.196,-4.209,-4.169,-4.853,-3.957,-6.44,-4.815,-4.45,-4.757,-5.035,-5.173,-5.662,-4.716,-4.715,-4.915,-5.704
OptTAR_Fixed_ligprep_20260117_0.5.maegz:27,-6.085,-4.419,-5.121,-5.132,-5.878,-4.209,-5.962,-7.214,-7.282,-6.439,-5.953,-4.014,-4.81,-6.071,-6.103,-6.07,-6.844,-4.532,-5.388,-4.792,-5.182,-6.677,-5.174,-4.835,-6.667,-5.641,-6.146,-5.618,-6.224,-4.9,-5.937,-5.34,-3.787,-4.659,-4.249,-3.58,-4.025,-4.555,-4.684,-5.836,-6.868,-5.321,-4.359,-5.399,-4.808,-5.319,-4.69,-5.219,-4.637,-5.667
OptTAR_Fixed_ligprep_20260117_0.5.maegz:28,-4.557,-5.201,-4.291,-5.83,-5.683,-4.61,-4.761,-7.473,-5.526,-5.734,-6.184,-6.675,-5.245,-6.624,-6.403,-4.468,-6.679,-4.755,-4.807,-5.816,-5.216,-6.227,-5.721,-5.522,-5.672,-5.831,-7.297,-4.762,-6.011,-5.23,-5.007,-4.819,-4.245,-5.333,-3.908,-4.882,-4.022,-4.618,-2.852,-5.562,-4.839,-4.595,-6.379,-4.775,-6.222,-5.601,-5.351,-4.387,-5.038,-5.458
OptTAR_Fixed_ligprep_20260117_0.5.maegz:29,-4.953,-4.752,-4.274,-1.5,-2.21,-1.996,-2.019,-4.068,-4.507,-6.379,-6.013,-1.212,-4.215,-2.38,-5.635,-3.133,-3.482,-2.884,-1.987,-1.581,-2.906,-4.048,-4.601,-5.029,-3.246,-4.523,-4.541,-4.177,-4.2,-3.679,-4.702,-2.642,-0.4677,-1.514,-1.667,-0.4843,-3.057,-1.717,-1.443,-4.331,-0.9164,-4.81,-3.318,-3.867,-2.426,-2.818,-2.593,-5.441,-1.568,-2.264
OptTAR_Fixed_ligprep_20260117_0.5.maegz:30,-3.938,-2.432,-3.523,-1.705,-3.246,-2.989,-3.834,-4.325,-5.526,-4.413,-3.968,-3.213,-6.31,-2.844,-3.718,-2.492,-3.752,-4.302,-3.254,-5.408,-4.815,-2.244,-2.134,-1.885,-3.217,-3.873,-1.681,-2.693,-3.436,-4.112,-5.483,-1.95,-0.9292,-2.984,-2.529,-1.121,-1.272,-1.344,-1.296,-5.713,-1.714,-2.743,-2.011,-4.057,-1.518,-3.93,-4.341,-3.721,-1.654,-3.462
OptTAR_Fixed_ligprep_20260117_0.5.maegz:31,-4.38,-5.002,-5.744,-5.402,-6.219,-5.082,-6.549,-7.764,-6.889,-6.856,-6.785,-5.663,-7.214,-5.233,-5.413,-5.336,-5.054,-4.844,-4.371,-6.138,-4.954,-7.112,-6.156,-6.521,-5.674,-7.594,-7.035,-7.448,-7.444,-6.136,-5.918,-5.907,-4.506,-5.666,-5.067,-4.566,-5.812,-4.435,-5.283,-4.705,-5.913,-5.536,-4.794,-5.564,-5.54,-5.528,-4.552,-4.928,-4.88,-6.539
OptTAR_Fixed_ligprep_20260117_0.5.maegz:32,-5.004,-5.587,-5.02,-5.051,-6.12,-5.014,-7.73,-7.772,-6.75,-6.531,-5.827,-5.197,-5.714,-5.252,-4.981,-5.138,-6.452,-4.649,-5.459,-4.76,-5.393,-4.828,-6.582,-6.649,-6.132,-5.653,-7.306,-7.266,-6.695,-5.735,-5.133,-5.584,-4.793,-5.242,-4.693,-4.675,-4.084,-4.268,-4.453,-6.382,-6.61,-5.108,-5.358,-4.984,-5.605,-5.017,-5.241,-4.466,-5.232,-5.572
OptTAR_Fixed_ligprep_20260117_0.5.maegz:33,-4.684,-4.626,-4.376,-5.213,-6.999,-5.738,-5.708,-7.525,-6.612,-6.771,-6.805,-6.916,-6.405,-5.794,-5.406,-5.084,-5.003,-5.056,-5.208,-5.894,-6.387,-6.158,-6.011,-6.561,-6.436,-6.671,-7.182,-6.862,-6.706,-5.999,-5.635,-5.309,-4.353,-5.412,-4.896,-4.306,-4.161,-4.068,-4.505,-5.477,-6.095,-5.14,-5.74,-5.465,-5.412,-5.663,-4.964,-5.575,-5.284,-5.646
OptTAR_Fixed_ligprep_20260117_0.5.maegz:34,-3.104,-3.118,-3.498,-3.791,-6.149,-5.274,-4.432,-8.193,-5.733,-6.592,-5.468,-6.532,-6.101,-5.259,-4.603,-4.151,-7.666,-4.636,-3.843,-4.293,-4.703,-4.67,-6.607,-6.18,-5.973,-6.328,-6.095,-5.251,-6.776,-5.569,-5.752,-5.301,-4.747,-4.341,-4.712,-4.879,-4.595,-4.79,-4.569,-5.602,-4.008,-5.103,-4.885,-5.258,-5.561,-5.5,-5.534,-4.973,-5.657,-6.118
OptTAR_Fixed_ligprep_20260117_0.5.maegz:35,-5.248,-4.969,-4.598,-4.733,-5.738,-6.09,-5.853,-6.324,-5.948,-6.848,-5.758,-6.023,-6.042,-6.802,-5.139,-4.691,-5.643,-4.081,-4.402,-5.336,-5.088,-6.261,-5.19,-4.618,-5.55,-5.184,-6.026,-5.527,-5.58,-4.968,-5.584,-4.905,-4.18,-4.377,-5.243,-5.064,-4.813,-4.605,-4.222,-5.209,-5.172,-3.991,-4.195,-4.749,-6.015,-5.497,-4.304,-4.466,-4.854,-5.336
OptTAR_Fixed_ligprep_20260117_0.5.maegz:36,-6.017,-5.895,-5.654,-6.236,-6.543,-5.554,-5.405,-7.382,-6.666,-6.699,-6.545,-7.641,-7.194,-7.266,-6.1,-6.215,-7.13,-5.988,-4.364,-6.575,-6.032,-5.85,-6.282,-7.289,-6.514,-6.77,-7.365,-6.694,-6.585,-6.286,-6.957,-5.742,-5.125,-5.884,-4.934,-5.533,-6.712,-5.44,-5.738,-5.78,-6.387,-5.142,-5.37,-5.232,-5.478,-6.035,-5.647,-6.054,-5.765,-6.373
OptTAR_Fixed_ligprep_20260117_0.5.maegz:37,-4.731,-4.534,-5.509,-5.962,-6.681,-5.733,-6.671,-7.612,-4.891,-6.704,-5.473,-5.599,-6.551,-5.891,-6.105,-4.909,-5.445,-3.853,-4.609,-4.681,-5.202,-5.104,-5.099,-4.98,-4.848,-5.146,-5.767,-6.16,-5.641,-4.965,-5.702,-4.61,-3.357,-4.456,-3.986,-3.221,-5.585,-4.241,-3.347,-3.82,-5.362,-4.393,-4.455,-4.008,-5.107,-4.435,-4.36,-4.996,-4.825,-5.755
OptTAR_Fixed_ligprep_20260117_0.5.maegz:38,-5.402,-4.116,-5.52,-4.939,-6.017,-5.448,-5.116,-6.818,-6.881,-7.882,-5.489,-4.088,-3.267,-5.333,-5.363,-4.928,-6.651,-4.459,-4.315,-5.258,-4.975,-7.021,-5.319,-5.833,-5.355,-5.753,-6.996,-6.361,-5.885,-5.232,-6.481,-5.717,-4.759,-4.376,-4.229,-4.426,-5.507,-4.421,-4.184,-7.556,-5.107,-5.346,-4.695,-5.09,-5.191,-5.422,-5.286,-4.955,-5.311,-5.796
OptTAR_Fixed_ligprep_20260117_0.5.maegz:39,-2.16,-3.962,-4.071,-4.249,-3.546,-3.703,-2.459,-5.674,-4.953,-3.352,-3.512,-5.832,-4.938,-4.558,-3.395,-2.731,-4.555,-3.26,-4.05,-5.023,-3.072,-4.199,-4.67,-3.775,-4.21,-3.631,-3.827,-3.952,-4.795,-4.832,-4.471,-5.107,-3.233,-4.406,-4.145,-4.142,-4.952,-5.173,-3.293,-4.249,-4.022,-4.326,-3.499,-4.554,-3.298,-3.944,-4.264,-4.115,-3.729,-3.618
OptTAR_Fixed_ligprep_20260117_0.5.maegz:40,-4.451,-3.237,-4.016,-4.818,-5.614,-4.99,-6.019,-4.559,-5.213,-5.347,-4.871,-4.273,-5.102,-4.642,-5.365,-4.352,-4.211,-2.983,-3.319,-3.825,-3.469,-4.804,-4.019,-3.809,-4.163,-3.832,-3.108,-2.469,-6.337,-3.975,-3.848,-4.262,-3.843,-2.65,-3.184,-3.967,-4.055,-4.931,-4.143,-5.244,-4.275,-4.322,-4.233,-3.505,-3.419,-3.754,-3.805,-3.584,-3.936,-4.683
OptTAR_Fixed_ligprep_20260117_0.5.maegz:41,-4.251,-4.781,-4.951,-4.663,-5.947,-5.751,-6.414,-5.731,-6.241,-6.017,-5.693,-6.171,-6.773,-5.928,-5.384,-5.104,-5.637,-3.803,-4.908,-5.415,-5.183,-5.437,-4.824,-4.818,-5.345,-4.985,-6.022,-5.306,-5.54,-4.995,-4.596,-4.429,-3.487,-4.093,-3.489,-4.408,-5.594,-4.441,-4.576,-5.502,-5.097,-4.173,-4.415,-4.482,-5.633,-5.056,-4.615,-5.238,-4.913,-4.89
OptTAR_Fixed_ligprep_20260117_0.5.maegz:42,-4.301,-5.203,-4.354,-4.79,-5.872,-5.25,-6.603,-6.714,-5.721,-4.635,-4.103,-5.559,-5.146,-5.547,-4.436,-5.232,-6.54,-3.822,-5.727,-5.075,-5.34,-5.192,-5.055,-5.369,-4.034,-5.264,-4.388,-4.749,-6.085,-5.198,-4.496,-5.037,-3.08,-4.877,-3.921,-5.179,-4.999,-3.386,-4.088,-4.557,-4.777,-4.318,-3.339,-4.573,-5.326,-5.288,-4.172,-4.043,-4.136,-4.216
OptTAR_Fixed_ligprep_20260117_0.5.maegz:43,-5.382,-5.922,-4.938,-5.184,-6.57,-5.187,-5.217,-8.139,-7.343,-6.895,-6.244,-6.531,-6.308,-6.238,-5.643,-4.737,-6.849,-4.96,-4.652,-6.131,-6.375,-5.342,-4.894,-5.365,-6.057,-6.55,-7.177,-6.826,-6.944,-6.09,-6.219,-6.153,-4.506,-5.476,-5.138,-5.304,-4.724,-4.301,-5.069,-4.501,-5.492,-4.777,-5.241,-5.329,-4.857,-5.833,-5.7,-4.625,-5.678,-6.507
OptTAR_Fixed_ligprep_20260117_0.5.maegz:44,-3.411,-4.212,-4.54,-5.038,-5.588,-5.904,-6.015,-6.474,-6.572,-5.491,-3.228,-3.545,-7.124,-5.286,-6.607,-2.524,-4.153,-3.371,-3.425,-3.306,-5.632,-5.406,-4.423,-2.38,-4.82,-5.024,-5.611,-5.682,-5.628,-4.531,-3.913,-4.833,-4.779,-5.215,-2.067,-3.185,-4.378,-1.999,-2.239,-5.007,-5.387,-3.684,-3.036,-5.377,-4.026,-4.213,-5.098,-4.922,-4.168,-2.199
OptTAR_Fixed_ligprep_20260117_0.5.maegz:45,-3.499,-4.446,-3.981,-3.352,-5.581,-3.965,-3.863,-7.16,-5.132,-6.142,-2.97,-5.793,-3.407,-5.208,-4.992,-2.518,-3.869,-3.51,-4.266,-4.481,-3.785,-4.021,-5.403,-5.277,-5.172,-3.93,-5.775,-5.273,-6.394,-5.884,-4.084,-4.373,-1.913,-1.885,-3.865,-1.329,-3.326,-3.979,-2.835,-3.812,-4.521,-5.165,-3.874,-4.549,-4.78,-5.287,-4.705,-4.044,-4.271,-5.834
OptTAR_Fixed_ligprep_20260117_0.5.maegz:46,-5.875,-4.853,-4.389,-4.105,-6.735,-6.063,-5.483,-7.441,-6.676,-6.05,-5.528,-5.799,-5.948,-5.759,-5.769,-5.7,-7.093,-3.734,-3.978,-4.231,-3.768,-5.249,-5.155,-5.478,-6.269,-6.188,-6.193,-6.007,-6.294,-4.856,-5.22,-5.165,-4.368,-5.401,-4.636,-4.895,-5.295,-4.412,-4.069,-5.871,-4.2,-4.56,-4.605,-4.642,-5.485,-5.742,-5.115,-5.44,-4.951,-5.325
OptTAR_Fixed_ligprep_20260117_0.5.maegz:47,-4.427,-3.796,-4.395,-3.677,-6.858,-4.888,-5.424,-6.987,-5.555,-6.338,-6.121,-5.309,-5.204,-6.094,-5.547,-6.743,-6.656,-4.186,-3.693,-5.881,-4.042,-5.438,-5.438,-4.502,-4.723,-4.983,-5.939,-5.518,-5.189,-5.221,-5.136,-5.007,-4.706,-4.342,-4.267,-4.253,-4.101,-4.572,-3.848,-6.585,-4.989,-4.632,-4.05,-4.965,-5.551,-5.715,-5.089,-5.523,-4.331,-6.074
OptTAR_Fixed_ligprep_20260117_0.5.maegz:48,-4.617,-4.756,-5.534,-4.962,-6.143,-4.935,-6.154,-6.416,-5.788,-6.004,-5.974,-5.239,-5.974,-4.569,-4.735,-4.784,-4.498,-3.522,-3.68,-3.335,-3.923,-5.657,-5.249,-5.373,-4.447,-5.0,-5.374,-4.85,-6.029,-4.917,-4.295,-4.424,-3.099,-3.679,-4.923,-4.501,-3.83,-4.417,-2.727,-5.659,-5.46,-4.397,-4.308,-4.351,-4.688,-4.337,-4.128,-4.168,-3.931,-4.778
OptTAR_Fixed_ligprep_20260117_0.5.maegz:49,-2.575,-2.523,-2.625,-2.48,-3.808,-3.245,-3.344,-5.561,-5.714,-5.427,-4.662,-4.58,-5.359,-3.419,-3.526,-4.455,-3.009,-3.53,-2.635,-3.895,-4.276,-3.452,-3.805,-4.329,-4.324,-4.035,-4.322,-5.202,-4.631,-3.865,-3.681,-4.957,-2.368,-3.662,-3.674,-3.643,-3.38,-2.197,-2.599,-3.76,-4.04,-2.867,-3.815,-3.424,-3.857,-3.032,-3.824,-3.944,-2.82,-4.85
OptTAR_Fixed_ligprep_20260117_0.5.maegz:50,-5.291,-5.423,-5.161,-5.817,-5.724,-3.521,-7.051,-8.551,-6.383,-7.058,-6.012,-6.137,-4.254,-5.373,-5.643,-5.322,-4.512,-3.839,-4.231,-5.578,-5.433,-5.445,-6.016,-4.0,-6.324,-5.563,-6.59,-7.032,-6.823,-5.341,-5.354,-4.614,-3.632,-4.941,-5.248,-5.319,-5.244,-3.096,-3.697,-5.619,-7.263,-5.052,-4.625,-4.374,-4.861,-4.95,-4.507,-6.559,-3.584,-4.931
OptTAR_Fixed_ligprep_20260117_0.5.maegz:51,-1.995,-1.299,-3.755,-3.724,-5.397,-4.631,-4.878,-6.284,-5.57,-3.589,-4.12,-1.656,-4.077,-3.514,-2.305,-1.877,-3.745,-4.763,-2.749,-3.249,-3.621,-0.9931,-4.006,-4.82,-6.664,-6.607,-6.034,-3.79,-1.935,-4.392,-2.781,-3.97,-0.5061,-2.767,-2.17,-3.32,-1.227,-2.606,-0.5468,-4.475,-5.058,-3.568,-3.842,-3.443,-5.081,-1.327,-4.02,-5.101,-5.56,-6.139
OptTAR_Fixed_ligprep_20260117_0.5.maegz:52,-3.215,-3.255,-4.603,-3.28,-5.684,-4.187,-4.675,-5.782,-5.258,-4.553,-5.122,-4.911,-4.396,-3.607,-4.375,-5.02,-5.048,-2.763,-3.653,-4.756,-3.726,-5.133,-4.855,-4.038,-3.955,-4.47,-6.147,-4.716,-4.515,-4.975,-4.293,-4.398,-4.508,-4.147,-4.384,-3.71,-3.104,-2.491,-2.946,-4.808,-4.999,-4.418,-3.79,-3.639,-3.644,-4.146,-4.169,-3.782,-3.847,-4.809
OptTAR_Fixed_ligprep_20260117_0.5.maegz:53,-3.959,-3.524,-4.834,-4.646,-4.75,-3.396,-5.454,-6.952,-6.868,-5.266,-3.49,-3.643,-4.895,-5.043,-5.0,-4.155,-4.509,-3.308,-3.864,-3.818,-4.571,-5.283,-4.811,-4.042,-5.278,-5.054,-3.657,-2.101,-4.655,-4.853,-3.904,-4.233,-3.706,-3.926,-5.123,-3.145,-4.26,-1.649,-3.945,-6.437,-4.598,-4.238,-4.767,-3.487,-2.54,-4.156,-3.797,-4.638,-3.901,-5.177
OptTAR_Fixed_ligprep_20260117_0.5.maegz:54,-3.563,-4.211,-4.375,-3.685,-6.012,-3.259,-5.309,-7.097,-6.548,-5.447,-2.841,-1.753,-3.628,-5.288,-5.006,-4.467,-6.106,-3.041,-2.906,-4.099,-3.562,-5.758,-2.573,-4.069,-4.915,-3.905,-3.642,-1.707,-4.066,-3.779,-3.472,-2.322,-2.822,-4.72,-3.176,-3.976,-2.402,0.3022,-3.0,-5.392,-5.443,-3.799,-3.295,-3.788,-2.977,-5.124,-4.434,-2.578,-5.125,-4.4
OptTAR_Fixed_ligprep_20260117_0.5.maegz:55,-3.794,-4.264,-4.389,-4.279,-5.514,-4.461,-6.838,-6.79,-6.869,-6.059,-4.118,-4.537,-3.89,-6.458,-4.606,-4.761,-4.27,-3.055,-3.423,-3.773,-5.063,-4.961,-5.599,-4.461,-4.07,-5.344,-5.18,-4.086,-5.263,-3.136,-4.438,-4.74,-3.088,-3.974,-3.826,-4.056,-5.405,-3.618,-3.697,-4.29,-5.168,-4.319,-4.961,-5.069,-4.779,-5.727,-4.567,-3.973,-4.934,-3.911
OptTAR_Fixed_ligprep_20260117_0.5.maegz:56,-3.383,-4.655,-3.586,-4.767,-4.845,-4.161,-6.923,-6.613,-5.857,-5.712,-5.849,-3.784,-3.026,-5.077,-2.438,-4.166,-4.121,-2.752,-3.63,-4.396,-3.365,-4.061,-2.633,-1.225,-4.444,-4.432,-5.556,-4.686,-3.748,-3.692,-4.233,-3.826,-2.543,-3.387,-3.432,-3.436,-4.066,-2.807,-3.646,-0.8824,-4.295,-4.01,-3.345,-3.667,-4.692,-3.551,-2.859,-3.55,-3.168,-3.106
OptTAR_Fixed_ligprep_20260117_0.5.maegz:57,-3.664,-3.365,-3.604,-4.161,-5.349,-4.2,-4.682,-5.931,-5.133,-5.655,-3.477,-4.781,-4.925,-5.266,-4.247,-4.158,-5.55,-3.959,-3.542,-3.556,-4.08,-4.344,-4.596,-3.973,-4.506,-4.061,-5.051,-4.416,-5.484,-4.586,-4.602,-5.285,-3.403,-3.869,-3.559,-3.326,-3.625,-4.132,-4.14,-5.489,-4.613,-3.803,-4.486,-4.478,-3.805,-4.577,-4.469,-4.735,-4.212,-4.68
OptTAR_Fixed_ligprep_20260117_0.5.maegz:58,-5.652,-5.265,-4.587,-4.61,-5.268,-4.177,-6.14,-6.503,-6.021,-6.026,-5.802,-5.634,-6.242,-6.191,-6.422,-4.267,-6.998,-4.378,-5.081,-5.582,-5.634,-4.81,-5.64,-5.689,-5.73,-5.797,-6.202,-5.843,-6.191,-4.972,-5.176,-5.019,-4.14,-5.66,-5.198,-5.136,-5.043,-4.266,-4.465,-5.469,-5.341,-4.324,-5.739,-5.002,-5.04,-4.397,-3.448,-5.113,-4.59,-4.888
OptTAR_Fixed_ligprep_20260117_0.5.maegz:59,-3.183,-3.397,-3.676,-3.351,-4.693,-4.349,-4.265,-4.86,-6.018,-5.496,-4.614,-4.149,-5.386,-4.333,-4.491,-4.363,-5.547,-4.479,-3.929,-4.346,-4.582,-4.712,-4.538,-4.792,-4.149,-4.311,-5.109,-4.492,-4.851,-4.401,-4.197,-4.153,-3.582,-4.046,-3.405,-4.013,-5.297,-3.763,-3.723,-4.451,-4.884,-4.045,-4.04,-4.068,-4.242,-4.247,-4.909,-3.878,-4.562,-4.347
OptTAR_Fixed_ligprep_20260117_0.5.maegz:60,-4.496,-2.968,-3.95,-3.895,-5.287,-4.382,-4.767,-5.89,-5.555,-5.992,-4.511,-4.229,-4.772,-5.305,-4.059,-4.905,-5.504,-4.45,-4.64,-5.865,-5.082,-5.321,-5.24,-4.291,-6.112,-5.466,-6.42,-5.331,-6.499,-5.137,-6.547,-5.204,-4.884,-4.786,-4.704,-4.799,-4.453,-4.841,-4.421,-5.075,-4.63,-3.938,-5.526,-4.784,-5.5,-4.575,-4.856,-4.563,-4.85,-5.277
OptTAR_Fixed_ligprep_20260117_0.5.maegz:61,-5.318,-5.305,-4.473,-5.007,-5.649,-4.996,-5.201,-7.379,-7.572,-6.458,-6.691,-6.715,-6.864,-5.274,-4.937,-5.477,-6.709,-5.13,-4.459,-5.663,-5.729,-6.513,-6.107,-6.462,-6.709,-5.947,-6.825,-6.503,-5.381,-5.654,-7.244,-6.309,-5.654,-4.788,-4.905,-4.614,-4.174,-5.535,-5.391,-6.241,-5.858,-4.763,-5.275,-4.749,-5.566,-5.228,-4.99,-5.407,-5.475,-6.389
OptTAR_Fixed_ligprep_20260117_0.5.maegz:62,-3.823,-2.707,-4.326,-3.398,-4.608,-3.798,-4.039,-5.131,-4.91,-4.097,-3.921,-5.152,-5.133,-4.544,-3.937,-3.618,-5.504,-4.289,-4.004,-4.9,-3.586,-4.969,-4.955,-4.166,-3.653,-4.336,-3.724,-3.011,-5.407,-4.308,-5.226,-3.967,-1.76,-3.467,-3.345,-4.297,-4.287,-3.353,-2.968,-4.687,-5.031,-4.018,-4.258,-4.442,-4.799,-4.06,-3.969,-3.48,-4.6,-4.514
OptTAR_Fixed_ligprep_20260117_0.5.maegz:63,-5.021,-4.764,-5.11,-5.16,-6.072,-6.224,-6.367,-8.148,-7.272,-6.835,-6.312,-5.981,-6.886,-5.799,-5.406,-5.351,-6.707,-4.364,-4.199,-5.727,-5.717,-6.42,-5.638,-5.263,-6.202,-6.192,-6.317,-5.5,-5.996,-5.226,-5.297,-6.045,-4.54,-5.104,-5.162,-5.043,-5.473,-4.454,-4.418,-6.279,-5.926,-4.978,-5.163,-4.548,-5.182,-6.14,-5.287,-6.336,-5.323,-6.173
OptTAR_Fixed_ligprep_20260117_0.5.maegz:64,-5.344,-4.836,-4.317,-4.796,-6.008,-5.124,-6.189,-7.124,-6.458,-6.076,-6.469,-5.748,-6.062,-5.555,-6.097,-4.603,-6.757,-5.128,-4.995,-6.278,-6.312,-6.338,-5.096,-5.723,-5.581,-5.517,-6.637,-6.683,-6.212,-6.057,-6.118,-5.159,-4.292,-5.621,-5.028,-5.095,-4.284,-4.39,-4.345,-4.311,-5.464,-5.408,-5.249,-4.836,-5.072,-5.068,-5.026,-4.958,-5.045,-5.997
OptTAR_Fixed_ligprep_20260117_0.5.maegz:65,-4.599,-4.966,-5.472,-4.844,-5.385,-4.459,-6.211,-6.208,-5.713,-5.833,-5.452,-5.425,-5.406,-5.364,-5.555,-4.679,-5.452,-4.006,-4.348,-5.258,-5.899,-5.813,-4.343,-3.78,-4.92,-5.216,-5.469,-4.089,-5.168,-4.622,-4.552,-4.993,-3.713,-3.928,-3.883,-4.144,-4.868,-4.823,-3.583,-5.118,-4.478,-4.497,-4.918,-4.994,-5.365,-4.532,-4.765,-4.913,-4.237,-3.603
OptTAR_Fixed_ligprep_20260117_0.5.maegz:66,-5.699,-5.037,-5.312,-5.326,-6.318,-6.801,-6.829,-7.333,-6.336,-6.547,-5.714,-5.814,-6.213,-6.393,-6.35,-5.247,-5.521,-5.331,-5.264,-6.173,-5.497,-5.545,-6.302,-5.491,-5.687,-5.691,-5.71,-5.3,-5.917,-4.615,-5.622,-4.725,-4.415,-4.193,-5.146,-4.397,-5.625,-4.835,-4.23,-6.125,-4.999,-4.784,-5.42,-5.161,-5.694,-4.862,-5.387,-5.031,-4.921,-5.838
OptTAR_Fixed_ligprep_20260117_0.5.maegz:67,-6.179,-5.819,-6.652,-6.465,-7.481,-7.43,-7.728,-7.89,-7.713,-7.633,-6.773,-6.326,-7.931,-6.525,-6.831,-6.228,-5.591,-5.749,-5.651,-6.077,-6.459,-6.454,-5.611,-6.022,-5.713,-5.765,-6.018,-7.011,-6.628,-5.72,-5.701,-5.788,-4.974,-5.017,-5.23,-4.884,-4.796,-4.789,-4.24,-6.271,-7.546,-4.936,-5.157,-5.0,-6.011,-5.28,-5.172,-5.684,-5.453,-6.266
OptTAR_Fixed_ligprep_20260117_0.5.maegz:68,-3.961,-4.254,-3.412,-4.47,-5.59,-4.518,-4.492,-7.387,-5.073,-4.789,-5.416,-4.77,-5.993,-1.02,-4.712,-3.218,-4.136,-3.952,-3.831,-3.194,-3.848,-3.974,-5.355,-4.179,-4.166,-5.38,-5.645,-2.854,-4.522,-3.069,-4.287,-3.934,-3.963,-2.149,-4.077,-3.619,-3.022,-1.975,-2.604,-5.31,-4.814,-4.384,-3.456,-3.131,-3.48,-4.234,-3.213,-3.532,-3.818,-3.829
OptTAR_Fixed_ligprep_20260117_0.5.maegz:69,-5.201,-5.197,-3.944,-4.865,-5.962,-4.282,-4.02,-6.514,-6.168,-6.345,-4.299,-3.996,-3.818,-6.207,-5.934,-5.368,-5.704,-4.708,-3.653,-4.754,-5.789,-5.894,-5.411,-4.951,-5.634,-5.241,-7.268,-4.889,-5.09,-5.224,-5.344,-4.729,-3.684,-4.227,-5.076,-3.956,-3.753,-3.363,-4.53,-3.971,-5.838,-4.605,-4.934,-4.408,-5.147,-4.732,-4.472,-4.643,-4.518,-5.111
OptTAR_Fixed_ligprep_20260117_0.5.maegz:70,-4.447,-5.333,-5.416,-5.312,-6.636,-6.226,-5.35,-7.521,-7.519,-7.417,-5.796,-6.337,-6.969,-6.524,-6.475,-5.032,-6.596,-4.69,-3.925,-5.623,-5.122,-6.188,-5.643,-5.197,-5.638,-5.472,-5.615,-6.274,-6.38,-5.852,-5.556,-5.182,-3.896,-3.762,-5.179,-3.855,-5.763,-5.064,-4.037,-6.455,-5.014,-4.461,-4.332,-4.119,-4.801,-5.112,-4.649,-6.152,-5.046,-6.148
OptTAR_Fixed_ligprep_20260117_0.5.maegz:71,-3.144,-3.289,-4.551,-4.43,-5.3,-2.837,-6.412,-6.089,-4.219,-5.292,-5.05,-4.034,-3.777,-3.802,-4.781,-3.793,-5.209,-2.327,-3.357,-3.899,-4.233,-4.879,-4.425,-3.754,-4.724,-4.082,-5.596,-4.652,-5.042,-3.95,-4.509,-3.393,-2.916,-3.236,-1.563,-3.406,-3.867,-3.439,-2.61,-4.256,-5.579,-3.923,-4.345,-3.829,-4.267,-3.829,-3.614,-3.383,-4.096,-3.619
OptTAR_Fixed_ligprep_20260117_0.5.maegz:72,-5.402,-4.309,-5.275,-5.008,-6.573,-4.945,-6.125,-7.498,-6.629,-7.076,-6.638,-5.839,-5.844,-5.963,-6.377,-4.717,-6.861,-5.607,-5.575,-5.867,-6.137,-5.286,-6.123,-4.894,-5.401,-5.444,-6.755,-5.953,-6.98,-5.884,-4.325,-4.87,-4.544,-4.947,-4.874,-5.93,-5.598,-4.085,-4.393,-6.008,-5.888,-5.051,-4.825,-5.428,-6.094,-5.441,-5.08,-5.807,-5.431,-6.549
OptTAR_Fixed_ligprep_20260117_0.5.maegz:73,-5.607,-5.165,-5.459,-5.077,-6.865,-4.463,-6.836,-7.078,-7.15,-7.033,-6.063,-6.441,-5.699,-5.872,-6.452,-4.552,-5.669,-4.275,-5.163,-5.913,-5.069,-5.184,-4.794,-5.37,-5.548,-6.2,-5.704,-4.962,-5.552,-5.102,-4.467,-4.648,-3.728,-4.561,-4.22,-4.335,-4.707,-4.498,-4.704,-5.767,-5.883,-5.212,-5.059,-4.919,-6.752,-5.216,-4.821,-4.619,-4.946,-6.67
OptTAR_Fixed_ligprep_20260117_0.5.maegz:74,-4.587,-4.534,-4.612,-4.208,-6.165,-5.936,-5.969,-7.512,-6.074,-6.601,-6.274,-5.789,-6.763,-5.238,-5.703,-4.943,-6.381,-3.419,-4.063,-5.532,-5.398,-5.659,-5.723,-4.957,-5.3,-5.51,-5.602,-6.215,-6.149,-4.509,-5.716,-5.083,-4.26,-4.188,-4.245,-4.366,-4.436,-4.011,-4.065,-4.549,-5.11,-4.041,-4.458,-4.624,-5.458,-5.353,-5.645,-5.482,-5.472,-5.403
OptTAR_Fixed_ligprep_20260117_0.5.maegz:75,-5.217,-4.302,-5.656,-4.284,-5.233,-4.077,-5.051,-6.879,-5.657,-5.667,-5.389,-4.552,-6.461,-4.88,-5.162,-5.147,-7.809,-3.675,-3.767,-5.135,-4.743,-5.385,-5.201,-5.587,-5.665,-5.37,-5.365,-5.396,-5.528,-4.708,-5.545,-4.462,-3.775,-5.209,-4.788,-4.289,-2.384,-4.436,-3.544,-4.372,-4.967,-4.124,-3.839,-4.477,-4.596,-5.108,-5.005,-5.012,-4.595,-5.436
OptTAR_Fixed_ligprep_20260117_0.5.maegz:76,-4.993,-5.482,-4.937,-4.525,-6.391,-5.778,-5.568,-6.737,-6.605,-6.513,-5.311,-5.536,-6.19,-6.164,-5.823,-5.083,-6.981,-4.078,-4.748,-5.456,-5.949,-4.594,-5.315,-5.123,-5.385,-5.159,-5.431,-5.423,-5.654,-4.819,-5.271,-4.616,-5.114,-4.582,-4.833,-4.764,-5.212,-4.378,-4.459,-6.222,-5.108,-4.33,-4.338,-5.118,-4.159,-4.962,-4.837,-5.313,-4.781,-4.703
OptTAR_Fixed_ligprep_20260117_0.5.maegz:77,-5.294,-3.927,-4.985,-4.69,-6.776,-5.01,-4.478,-7.091,-5.547,-6.961,-5.832,-5.997,-5.13,-5.701,-6.089,-4.857,-5.076,-4.306,-4.393,-5.028,-4.876,-6.671,-5.629,-4.616,-5.661,-4.783,-5.216,-5.618,-5.765,-5.885,-4.399,-4.438,-4.165,-3.744,-4.508,-3.867,-3.404,-4.021,-4.28,-5.888,-5.161,-4.576,-5.827,-4.247,-5.463,-5.193,-4.524,-5.317,-4.237,-5.181
OptTAR_Fixed_ligprep_20260117_0.5.maegz:78,-4.777,-5.035,-4.723,-5.077,-5.477,-5.365,-5.992,-6.664,-7.832,-6.587,-6.638,-6.822,-5.866,-5.419,-5.548,-5.019,-6.969,-5.675,-4.2,-6.365,-5.996,-6.172,-6.928,-5.764,-5.546,-5.973,-6.628,-6.6,-6.809,-5.41,-5.875,-6.015,-4.411,-5.018,-5.365,-4.938,-4.69,-4.542,-4.65,-7.072,-6.239,-5.079,-5.327,-5.206,-4.672,-5.595,-5.754,-5.44,-5.415,-6.272
OptTAR_Fixed_ligprep_20260117_0.5.maegz:79,-3.983,-1.962,-4.49,-3.396,-2.882,-3.985,-5.347,-4.198,-5.794,-5.843,-4.09,-5.076,-3.613,-4.473,-3.505,-4.908,-6.442,-3.334,-3.638,-1.624,-3.92,-6.097,-4.622,-4.871,-4.466,-3.988,-4.389,-5.338,-5.089,-3.93,-1.123,-3.726,-1.456,-3.002,-3.977,-1.84,-3.171,-4.142,-1.989,-4.779,-2.458,-3.163,-1.803,-3.692,-4.923,-4.495,-3.795,-2.129,-1.279,-3.855
OptTAR_Fixed_ligprep_20260117_0.5.maegz:80,-4.28,-4.772,-4.059,-3.984,-5.873,-4.469,-5.918,-6.293,-7.567,-6.006,-5.83,-5.945,-5.432,-4.997,-5.374,-5.226,-7.002,-3.896,-3.778,-5.419,-4.255,-4.851,-5.986,-5.162,-5.173,-4.979,-5.984,-5.57,-5.85,-5.185,-5.318,-4.871,-4.044,-4.359,-4.299,-5.484,-4.548,-5.495,-4.153,-6.054,-5.832,-4.24,-4.571,-4.231,-4.193,-5.324,-4.196,-4.623,-4.643,-5.381
OptTAR_Fixed_ligprep_20260117_0.5.maegz:81,-5.889,-5.125,-5.533,-6.158,-7.028,-5.26,-6.688,-8.254,-7.745,-7.6,-6.309,-6.717,-8.232,-6.412,-6.136,-5.794,-7.099,-5.618,-4.778,-6.386,-5.694,-6.763,-5.271,-6.793,-6.422,-7.029,-7.702,-6.406,-6.786,-5.937,-6.65,-5.484,-4.677,-5.135,-5.001,-5.46,-5.491,-5.207,-5.199,-5.761,-6.917,-5.214,-5.077,-5.529,-5.728,-5.585,-5.711,-5.712,-5.674,-5.666
OptTAR_Fixed_ligprep_20260117_0.5.maegz:82,-4.932,-3.697,-3.643,-5.425,-6.151,-4.449,-5.924,-6.87,-6.091,-6.387,-6.232,-6.43,-6.198,-5.822,-4.809,-5.089,-5.291,-4.522,-4.359,-5.394,-6.002,-6.534,-6.081,-5.53,-5.861,-5.3,-6.281,-5.866,-5.121,-5.661,-5.876,-5.119,-3.76,-4.873,-4.876,-5.221,-5.383,-4.783,-4.53,-4.43,-4.802,-4.354,-4.468,-4.762,-4.733,-5.756,-4.521,-4.821,-4.87,-5.808
OptTAR_Fixed_ligprep_20260117_0.5.maegz:83,-5.192,-5.155,-5.425,-4.797,-7.004,-6.023,-5.28,-8.721,-6.466,-6.822,-6.646,-5.103,-6.537,-6.263,-6.667,-5.088,-7.473,-4.729,-5.924,-5.158,-4.963,-6.139,-5.414,-5.512,-5.601,-5.808,-6.772,-5.885,-5.711,-6.004,-5.606,-4.765,-4.039,-4.297,-4.748,-4.866,-5.663,-4.978,-4.654,-6.552,-6.744,-5.027,-4.682,-5.015,-5.342,-5.716,-6.214,-4.366,-4.89,-5.513
OptTAR_Fixed_ligprep_20260117_0.5.maegz:84,-5.728,-5.483,-5.101,-5.032,-6.485,-6.702,-7.822,-7.523,-7.416,-7.37,-5.948,-5.841,-7.098,-6.151,-6.224,-5.756,-5.887,-4.296,-4.279,-4.088,-4.751,-7.076,-5.317,-6.058,-6.619,-6.056,-5.807,-5.81,-6.395,-5.469,-5.032,-5.602,-3.957,-5.357,-4.798,-4.544,-5.062,-5.242,-4.633,-4.869,-5.999,-4.404,-4.324,-4.434,-5.142,-5.279,-5.376,-5.531,-4.933,-5.59
OptTAR_Fixed_ligprep_20260117_0.5.maegz:85,-4.185,-4.564,-4.357,-4.841,-4.752,-4.572,-3.917,-6.87,-5.439,-5.466,-4.308,-4.167,-5.511,-4.992,-5.315,-4.677,-4.739,-3.951,-4.029,-4.183,-3.901,-5.146,-4.87,-4.522,-5.378,-4.938,-4.856,-4.591,-4.102,-3.99,-4.257,-3.979,-4.17,-2.952,-3.763,-3.023,-4.79,-4.406,-3.177,-3.586,-4.323,-4.181,-5.156,-4.872,-5.102,-3.705,-3.996,-4.671,-4.37,-4.849
OptTAR_Fixed_ligprep_20260117_0.5.maegz:86,-3.793,-4.872,-4.271,-4.8,-5.274,-5.132,-3.584,-6.4,-5.16,-5.322,-4.611,-3.385,-5.598,-4.47,-5.042,-4.649,-4.358,-3.195,-4.677,-4.217,-3.717,-5.261,-4.29,-4.636,-4.069,-4.178,-4.464,-4.557,-4.441,-3.339,-4.038,-4.419,-3.49,-3.445,-3.669,-3.535,-3.88,-4.759,-3.05,-5.041,-4.727,-3.463,-3.229,-4.125,-3.929,-4.46,-4.4,-4.687,-4.112,-4.372
OptTAR_Fixed_ligprep_20260117_0.5.maegz:87,-4.32,-3.147,-4.717,-3.103,-4.014,-4.056,-6.061,-4.37,-6.27,-4.79,-3.742,-4.59,-5.209,-5.056,-3.348,-3.565,-5.838,-3.143,-0.6291,-3.453,-4.57,-4.375,-3.88,-3.138,-5.276,-3.695,-4.47,-4.358,-4.431,-4.23,-4.403,-5.058,-3.055,-4.19,-4.092,-3.744,-4.983,-1.741,-4.361,-6.543,-4.09,-3.865,-3.423,-3.291,-4.936,-3.628,-3.252,-4.631,-3.009,-5.274
OptTAR_Fixed_ligprep_20260117_0.5.maegz:89,-4.052,-4.463,-4.369,-3.917,-4.899,-4.962,-6.775,-6.075,-4.544,-5.44,-4.199,-4.799,-5.581,-4.687,-5.808,-5.273,-5.501,-3.972,-4.489,-6.314,-6.012,-4.985,-4.87,-4.409,-4.876,-4.738,-6.217,-4.941,-4.919,-4.346,-4.261,-4.741,-4.489,-4.181,-4.023,-4.138,-3.699,-4.662,-3.93,-5.548,-5.082,-4.729,-4.822,-4.726,-5.189,-4.557,-4.27,-5.941,-4.55,-4.644
OptTAR_Fixed_ligprep_20260117_0.5.maegz:90,-4.778,-4.926,-4.007,-4.81,-5.513,-4.789,-5.711,-6.321,-5.651,-6.307,-5.73,-5.14,-6.286,-5.85,-5.251,-4.737,-5.808,-5.193,-4.412,-5.121,-4.649,-5.702,-5.05,-4.599,-5.732,-5.165,-5.867,-5.528,-4.88,-5.124,-5.518,-5.172,-5.129,-4.203,-4.035,-4.397,-5.151,-4.299,-4.356,-5.956,-5.616,-4.225,-4.617,-4.264,-5.179,-4.817,-4.863,-4.309,-4.463,-4.967
OptTAR_Fixed_ligprep_20260117_0.5.maegz:91,-5.004,-4.597,-4.629,-4.541,-5.977,-4.824,-5.321,-6.374,-5.745,-6.247,-5.904,-4.803,-5.062,-5.346,-4.281,-4.25,-5.19,-4.058,-4.068,-4.956,-5.336,-5.437,-5.355,-5.054,-5.032,-5.755,-5.875,-6.044,-5.279,-5.176,-5.035,-4.639,-4.725,-4.146,-4.11,-3.497,-3.159,-4.047,-4.46,-4.311,-5.248,-4.343,-5.213,-4.974,-5.058,-4.216,-4.411,-4.915,-4.648,-5.247
OptTAR_Fixed_ligprep_20260117_0.5.maegz:92,-4.754,-4.339,-3.948,-3.862,-6.436,-5.343,-5.512,-6.096,-5.037,-5.953,-6.308,-4.759,-5.543,-6.268,-5.608,-6.044,-6.989,-5.059,-5.42,-6.232,-5.46,-4.738,-5.047,-5.028,-4.707,-5.11,-6.771,-5.661,-5.869,-4.971,-5.36,-6.673,-4.115,-4.771,-3.758,-4.833,-5.745,-4.086,-3.723,-4.494,-5.143,-5.22,-4.767,-5.254,-5.293,-5.321,-5.278,-4.598,-4.15,-5.873
OptTAR_Fixed_ligprep_20260117_0.5.maegz:93,-2.706,-2.555,-2.415,-3.117,-4.362,-4.416,-4.845,-4.295,-4.539,-4.351,-2.785,-3.205,-4.109,-3.664,-4.114,-3.901,-4.001,-2.454,-2.334,-2.884,-3.581,-3.232,-3.076,-4.307,-3.796,-2.402,-3.556,-0.5031,-2.665,-1.355,-0.6677,-0.7528,-3.154,-0.3098,-1.234,-1.259,-2.224,-1.913,-0.5667,-3.713,-3.88,-3.834,-3.019,-3.062,-2.292,-1.674,-0.5757,-3.218,-2.551,-3.177
OptTAR_Fixed_ligprep_20260117_0.5.maegz:94,-3.201,-2.562,-3.349,-3.752,-4.534,-2.663,-4.875,-4.34,-4.855,-4.746,-3.416,-3.601,-5.177,-3.685,-4.418,-3.677,-4.523,-3.111,-3.36,-4.103,-3.114,-3.96,-4.204,-3.023,-3.615,-3.787,-3.509,-4.391,-4.269,-3.34,-4.108,-4.927,-2.279,-2.755,-3.241,-2.867,-3.029,-2.617,-2.971,-3.924,-3.221,-3.037,-2.628,-3.054,-3.89,-3.481,-3.156,-2.909,-3.174,-3.599
OptTAR_Fixed_ligprep_20260117_0.5.maegz:95,-3.855,-3.696,-3.596,-3.87,-4.235,-3.947,-5.204,-5.453,-5.616,-5.898,-4.819,-4.435,-4.232,-3.336,-3.329,-4.363,-5.289,-4.04,-3.053,-4.196,-4.114,-3.868,-4.883,-4.487,-4.065,-4.427,-4.813,-4.06,-5.402,-4.924,-4.234,-4.146,-3.742,-3.338,-3.297,-3.438,-3.058,-4.279,-4.452,-4.189,-4.461,-3.561,-4.781,-3.631,-3.656,-3.87,-4.933,-4.264,-3.871,-3.782
OptTAR_Fixed_ligprep_20260117_0.5.maegz:96,-4.904,-5.558,-5.683,-4.944,-6.357,-4.999,-7.066,-7.451,-5.074,-6.643,-5.838,-4.384,-6.0,-6.461,-6.4,-4.551,-6.139,-4.65,-5.245,-5.279,-6.539,-5.804,-5.925,-5.311,-4.815,-6.03,-6.137,-5.111,-5.723,-5.389,-5.269,-5.015,-4.397,-3.997,-3.709,-3.157,-4.71,-4.14,-3.638,-5.733,-5.756,-4.842,-5.41,-5.046,-6.255,-5.025,-4.692,-5.183,-5.179,-5.444
OptTAR_Fixed_ligprep_20260117_0.5.maegz:97,-4.217,-5.46,-5.082,-5.404,-5.259,-4.159,-4.864,-6.643,-6.96,-6.318,-5.787,-5.664,-7.292,-5.772,-4.646,-4.831,-4.843,-3.181,-3.994,-2.212,-5.678,-6.146,-5.964,-4.617,-5.359,-4.357,-5.881,-6.489,-5.567,-4.823,-4.561,-4.574,-3.137,-4.051,-4.366,-4.308,-3.399,-3.848,-4.456,-4.745,-5.217,-4.745,-4.534,-4.739,-5.6,-4.243,-4.697,-4.673,-3.597,-2.721
OptTAR_Fixed_ligprep_20260117_0.5.maegz:98,-4.455,-3.737,-2.866,-4.258,-4.5,-3.834,-4.049,-4.802,-5.462,-5.348,-5.11,-4.167,-5.454,-4.143,-5.754,-3.972,-4.101,-2.474,-3.595,-3.814,-5.085,-4.265,-4.556,-5.334,-3.729,-4.064,-5.235,-3.717,-4.785,-4.619,-4.816,-4.12,-3.918,-4.308,-4.268,-3.53,-3.296,-3.26,-3.822,-4.565,-5.104,-4.53,-4.187,-4.458,-5.322,-4.508,-4.59,-4.898,-3.422,-4.594
OptTAR_Fixed_ligprep_20260117_0.5.maegz:99,-5.011,-4.889,-4.737,-4.911,-5.624,-5.498,-6.355,-6.153,-5.629,-5.78,-5.123,-5.782,-6.172,-5.275,-4.846,-4.732,-6.221,-4.664,-4.573,-5.588,-5.726,-4.9,-4.694,-4.963,-5.349,-4.965,-6.672,-5.379,-4.982,-4.711,-5.46,-5.492,-5.235,-4.595,-4.243,-4.331,-4.944,-4.484,-4.366,-5.048,-5.268,-4.719,-4.886,-4.6,-4.977,-4.895,-5.462,-4.933,-4.649,-5.09
OptTAR_Fixed_ligprep_20260117_0.5.maegz:100,-4.041,-3.661,-4.185,-3.696,-6.223,-4.041,-3.95,-6.188,-5.369,-5.875,-4.861,-5.658,-6.557,-5.419,-4.032,-4.458,-4.801,-4.417,-4.364,-5.476,-5.415,-5.191,-4.993,-4.855,-4.589,-4.336,-5.544,-4.865,-4.909,-4.731,-5.364,-5.011,-3.691,-4.153,-3.933,-4.249,-4.543,-3.877,-3.825,-4.22,-4.223,-4.23,-4.053,-4.718,-5.033,-4.225,-4.616,-4.86,-4.485,-4.814
OptTAR_Fixed_ligprep_20260117_0.5.maegz:101,-5.264,-3.995,-5.542,-4.547,-6.093,-5.332,-4.839,-5.897,-6.358,-6.54,-5.698,-6.181,-5.796,-5.547,-5.805,-6.101,-6.541,-4.313,-5.211,-5.696,-5.872,-5.361,-5.863,-5.32,-4.896,-4.971,-6.239,-5.944,-6.264,-5.994,-5.545,-6.078,-4.028,-5.271,-4.216,-5.886,-6.79,-5.937,-5.016,-6.308,-5.225,-4.3,-5.041,-4.257,-5.578,-4.989,-5.494,-4.593,-5.282,-6.373
OptTAR_Fixed_ligprep_20260117_0.5.maegz:102,-4.751,-4.861,-4.606,-3.743,-5.366,-4.488,-5.03,-6.077,-5.369,-6.11,-4.731,-5.062,-6.104,-4.996,-4.906,-4.818,-5.483,-4.126,-3.671,-5.909,-4.743,-5.043,-4.145,-5.341,-4.624,-4.882,-5.985,-5.016,-5.422,-4.743,-4.771,-3.588,-3.892,-4.538,-3.498,-4.178,-4.77,-3.564,-4.512,-4.554,-4.115,-4.208,-3.962,-3.983,-5.111,-4.182,-4.478,-4.164,-3.709,-5.014
OptTAR_Fixed_ligprep_20260117_0.5.maegz:103,-3.198,-2.593,-2.924,-4.327,-3.497,-2.499,-4.35,-4.364,-4.929,-4.753,-3.883,-4.301,-4.457,-3.354,-3.238,-3.312,-4.329,-3.01,-3.035,-3.266,-3.708,-3.787,-4.181,-3.423,-4.265,-3.568,-3.916,-4.351,-5.063,-3.623,-6.002,-4.506,-3.093,-3.678,-3.936,-3.508,-3.24,-3.43,-2.33,-3.96,-3.67,-3.043,-3.029,-2.948,-3.446,-3.378,-3.493,-3.976,-2.86,-3.436
OptTAR_Fixed_ligprep_20260117_0.5.maegz:104,-4.74,-4.429,-4.48,-4.656,-5.553,-5.274,-5.313,-6.742,-5.855,-6.142,-5.929,-7.048,-6.758,-5.624,-5.375,-5.021,-6.294,-5.904,-3.716,-5.875,-5.977,-5.314,-5.173,-5.584,-5.775,-4.888,-6.074,-5.762,-5.588,-5.215,-5.17,-5.941,-4.277,-5.09,-5.542,-4.673,-5.047,-4.269,-5.354,-5.534,-5.409,-4.568,-4.585,-4.267,-5.007,-4.792,-4.933,-4.532,-4.588,-4.972
OptTAR_Fixed_ligprep_20260117_0.5.maegz:105,-4.535,-4.57,-5.596,-4.713,-5.556,-5.063,-5.42,-5.922,-7.252,-6.389,-5.941,-5.643,-5.768,-4.647,-5.553,-4.776,-6.407,-3.825,-3.478,-5.746,-5.331,-5.494,-6.256,-4.434,-5.241,-4.886,-6.497,-5.49,-5.534,-5.576,-4.359,-5.119,-4.377,-4.333,-4.083,-4.557,-4.499,-3.79,-3.571,-3.95,-5.456,-4.568,-4.967,-4.388,-5.318,-5.248,-5.731,-5.017,-5.392,-5.316
OptTAR_Fixed_ligprep_20260117_0.5.maegz:106,-3.038,-2.355,-2.297,-1.714,-3.977,-4.979,-4.22,-4.809,-5.795,-6.082,-3.506,-3.683,-5.549,-2.31,-4.47,-3.415,-4.789,-2.453,-2.859,-2.018,-2.944,-3.784,-1.415,-4.143,-3.645,-3.192,-3.894,-4.706,-4.994,-3.622,-2.842,-3.776,-0.9434,-0.7758,-1.876,-1.778,-3.113,-1.964,-0.6287,-1.757,-3.721,-2.575,-1.592,-1.739,-4.116,-3.363,-3.375,-3.68,-2.455,-2.076
OptTAR_Fixed_ligprep_20260117_0.5.maegz:107,-4.8,-5.972,-4.724,-3.92,-4.402,-4.57,-5.723,-6.365,-5.772,-5.706,-4.637,-5.899,-5.294,-5.595,-5.486,-5.659,-4.047,-5.487,-5.118,-4.668,-5.434,-4.631,-4.427,-5.151,-3.397,-2.477,-6.248,-4.645,-2.986,-6.2,-4.55,-5.086,-3.973,-5.062,-3.898,-3.481,-5.071,-3.559,-5.498,-4.467,-4.905,-4.048,-4.187,-5.432,-5.198,-4.218,-4.19,-3.089,-4.506,-3.447
OptTAR_Fixed_ligprep_20260117_0.5.maegz:108,-5.098,-5.453,-4.489,-5.011,-5.827,-5.055,-5.121,-6.302,-6.929,-5.32,-4.999,-5.932,-5.977,-5.387,-5.089,-4.938,-6.156,-4.369,-4.687,-5.501,-4.932,-5.583,-5.534,-4.976,-4.717,-5.195,-6.131,-4.685,-4.992,-4.892,-4.909,-4.878,-4.315,-4.056,-4.521,-4.382,-5.7,-4.578,-3.454,-4.958,-4.382,-4.205,-4.012,-4.247,-5.499,-4.867,-4.988,-4.396,-5.053,-5.485
OptTAR_Fixed_ligprep_20260117_0.5.maegz:109,-5.881,-5.06,-5.516,-5.647,-6.321,-4.366,-6.129,-7.181,-7.047,-6.602,-6.199,-4.389,-6.1,-5.921,-5.922,-4.463,-5.613,-4.335,-3.629,-5.18,-4.683,-5.547,-4.988,-3.968,-4.851,-5.201,-5.525,-5.564,-5.489,-4.825,-5.025,-4.582,-4.537,-3.944,-4.61,-4.526,-4.176,-3.571,-3.823,-4.62,-6.463,-4.374,-4.904,-3.663,-5.557,-5.097,-4.193,-4.724,-5.21,-4.809
OptTAR_Fixed_ligprep_20260117_0.5.maegz:110,-5.051,-4.605,-5.516,-4.643,-6.237,-5.72,-4.816,-7.234,-7.525,-6.784,-5.816,-6.101,-6.873,-6.148,-5.636,-4.473,-5.208,-3.911,-3.977,-5.818,-4.9,-6.203,-6.431,-5.812,-5.704,-5.065,-6.458,-5.431,-6.313,-6.027,-5.297,-4.92,-4.265,-5.084,-5.215,-4.662,-4.877,-5.088,-3.81,-6.79,-4.758,-4.567,-5.482,-5.003,-5.998,-5.28,-5.038,-5.717,-5.775,-6.371
OptTAR_Fixed_ligprep_20260117_0.5.maegz:111,-5.846,-6.138,-6.129,-6.161,-7.161,-6.043,-6.825,-7.316,-6.78,-6.653,-6.404,-6.726,-7.132,-6.702,-6.243,-5.827,-7.438,-6.043,-5.349,-6.415,-7.13,-6.455,-5.526,-5.952,-5.708,-5.464,-6.934,-6.321,-6.917,-5.792,-6.281,-6.219,-5.191,-5.437,-5.566,-5.806,-5.77,-6.095,-4.905,-5.728,-5.61,-5.267,-5.358,-5.206,-5.463,-5.633,-5.551,-5.811,-5.248,-5.581
OptTAR_Fixed_ligprep_20260117_0.5.maegz:112,-3.623,-2.056,-4.268,-4.161,-6.459,-4.348,-3.961,-4.444,-6.528,-4.514,-2.73,-5.081,-5.209,-5.039,-4.936,-3.951,-3.23,-2.703,-3.442,-5.391,-4.097,-4.883,-3.881,-3.52,-4.986,-4.5,-5.82,-5.587,-4.831,-4.922,-3.715,-3.381,-3.367,-4.547,-2.501,-3.834,-3.846,-4.181,-3.185,-4.249,-5.092,-3.44,-3.633,-4.091,-4.608,-4.229,-3.189,-3.597,-3.136,-4.322
OptTAR_Fixed_ligprep_20260117_0.5.maegz:113,-4.714,-4.561,-4.173,-4.603,-3.782,-4.401,-5.689,-5.967,-6.396,-3.238,-2.196,-4.741,-6.676,-5.421,-5.316,-1.273,-5.67,-3.879,-3.345,-4.446,-5.02,-5.226,-5.251,-2.969,-4.634,-4.0,-5.434,-2.025,-6.249,-4.299,-3.234,-4.987,-4.2,-2.312,-4.199,-3.124,-5.305,-5.113,-4.037,-5.209,-4.306,-3.945,-2.159,-3.075,-5.874,-4.565,-3.67,-4.112,-4.822,-2.47
OptTAR_Fixed_ligprep_20260117_0.5.maegz:114,-4.428,-4.052,-4.188,-4.045,-6.63,-4.975,-6.319,-6.293,-5.854,-4.842,-5.023,-4.559,-4.309,-5.22,-5.603,-4.362,-4.589,-3.491,-3.717,-4.326,-4.232,-5.389,-4.834,-4.146,-4.195,-4.01,-5.839,-4.635,-5.232,-4.001,-3.773,-4.213,-3.331,-3.597,-3.9,-5.197,-4.701,-3.577,-3.182,-4.861,-4.889,-3.994,-4.268,-3.945,-4.315,-4.543,-3.627,-4.344,-4.033,-3.984
OptTAR_Fixed_ligprep_20260117_0.5.maegz:115,-2.867,-3.388,-2.542,-2.786,-3.439,-2.963,-2.99,-4.501,-3.715,-5.091,-4.494,-3.697,-4.497,-3.854,-3.149,-4.152,-4.313,-2.768,-2.898,-3.979,-4.14,-3.193,-3.905,-2.758,-2.87,-3.454,-3.95,-3.58,-4.015,-3.9,-4.018,-4.933,-2.977,-3.394,-3.086,-2.851,-3.274,-2.759,-1.803,-3.177,-3.017,-3.448,-4.354,-2.971,-2.899,-3.328,-3.903,-3.811,-2.772,-3.45
OptTAR_Fixed_ligprep_20260117_0.5.maegz:116,-5.249,-4.489,-4.071,-4.362,-7.086,-5.483,-5.593,-7.666,-7.376,-6.656,-6.695,-5.808,-6.852,-6.211,-5.854,-6.438,-6.889,-4.962,-4.804,-5.757,-5.284,-6.003,-6.13,-6.062,-6.143,-5.635,-7.028,-5.831,-6.556,-6.521,-6.188,-6.117,-4.621,-4.671,-5.024,-5.493,-5.071,-5.798,-4.397,-6.868,-6.088,-5.142,-5.467,-5.41,-6.574,-5.871,-4.736,-5.032,-4.983,-6.912
OptTAR_Fixed_ligprep_20260117_0.5.maegz:117,-4.075,-4.065,-3.07,-4.768,-5.526,-4.308,-4.349,-5.721,-5.465,-6.776,-4.879,-4.248,-4.739,-5.543,-4.785,-4.897,-5.033,-3.253,-3.626,-5.123,-5.353,-4.871,-4.094,-4.744,-4.755,-4.555,-6.763,-5.289,-5.659,-4.812,-5.191,-4.177,-3.716,-4.296,-4.379,-3.946,-4.195,-4.053,-3.864,-4.626,-4.66,-4.013,-4.314,-4.03,-4.335,-4.233,-4.676,-4.536,-4.323,-4.51
OptTAR_Fixed_ligprep_20260117_0.5.maegz:118,-4.711,-3.86,-4.808,-5.367,-6.878,-5.737,-5.953,-7.63,-6.597,-6.884,-6.349,-5.629,-5.696,-6.104,-6.209,-6.051,-6.519,-5.384,-5.31,-5.895,-5.073,-5.767,-6.256,-4.96,-5.779,-5.705,-6.567,-5.903,-6.102,-6.119,-5.431,-6.252,-4.466,-5.892,-5.159,-4.762,-6.425,-5.173,-4.687,-5.232,-5.849,-4.888,-5.324,-5.214,-6.387,-5.85,-5.322,-4.882,-4.894,-6.027
OptTAR_Fixed_ligprep_20260117_0.5.maegz:119,-4.507,-4.931,-4.886,-5.154,-6.765,-4.926,-4.859,-7.915,-5.778,-7.065,-5.953,-6.946,-8.091,-6.151,-6.347,-4.811,-6.497,-4.557,-3.957,-6.191,-5.149,-6.652,-5.419,-5.705,-6.162,-6.149,-7.536,-5.287,-6.27,-6.545,-5.174,-5.142,-4.872,-4.52,-4.505,-4.251,-5.567,-4.241,-4.098,-5.704,-5.262,-5.619,-4.822,-5.24,-5.574,-5.436,-5.603,-5.521,-4.996,-6.735
OptTAR_Fixed_ligprep_20260117_0.5.maegz:120,-3.609,-4.329,-3.631,-3.832,-5.842,-4.856,-4.792,-5.52,-5.648,-5.116,-4.499,-4.732,-5.073,-5.629,-4.646,-4.882,-4.487,-2.5,-1.786,-4.798,-3.463,-4.155,-4.176,-3.653,-3.618,-3.389,-4.449,-1.819,-3.968,-4.548,-4.062,-3.763,-3.819,-4.32,-3.652,-3.385,-4.009,-4.401,-2.989,-4.8,-3.615,-4.15,-3.144,-4.152,-2.5,-3.029,-2.78,-3.443,-3.247,-4.451
OptTAR_Fixed_ligprep_20260117_0.5.maegz:121,-5.259,-5.613,-4.888,-5.359,-6.178,-6.151,-6.642,-7.136,-6.977,-6.884,-6.657,-6.543,-6.397,-6.412,-6.079,-4.756,-5.261,-5.819,-4.079,-5.856,-5.494,-5.677,-5.973,-5.164,-6.289,-6.134,-6.088,-6.032,-6.686,-5.35,-5.462,-5.83,-4.359,-4.907,-4.728,-4.826,-5.198,-4.692,-3.92,-5.313,-5.084,-5.101,-4.298,-4.906,-5.158,-5.233,-5.18,-4.704,-4.665,-5.889
OptTAR_Fixed_ligprep_20260117_0.5.maegz:122,-5.635,-5.422,-4.568,-4.435,-6.686,-5.932,-6.486,-6.707,-7.61,-5.615,-6.309,-7.043,-6.755,-6.1,-5.625,-5.663,-7.086,-5.025,-4.598,-6.368,-5.667,-6.123,-5.217,-6.378,-6.13,-5.36,-6.97,-6.116,-5.85,-5.576,-5.732,-6.057,-4.43,-5.003,-5.284,-5.208,-6.422,-5.384,-4.636,-6.365,-5.494,-5.823,-5.921,-4.809,-5.447,-5.4,-5.385,-5.364,-5.618,-6.74
OptTAR_Fixed_ligprep_20260117_0.5.maegz:123,-3.721,-4.757,-5.273,-4.978,-5.039,-4.222,-4.174,-6.096,-6.044,-6.316,-5.666,-4.984,-6.304,-4.157,-5.401,-4.902,-5.831,-6.005,-3.594,-4.636,-4.985,-5.765,-4.428,-5.018,-5.07,-5.059,-5.881,-5.047,-6.106,-5.177,-4.575,-4.81,-3.876,-4.183,-5.55,-3.247,-5.397,-5.314,-3.28,-4.71,-4.571,-4.627,-4.782,-4.339,-4.985,-5.562,-4.536,-4.879,-5.205,-5.63
OptTAR_Fixed_ligprep_20260117_0.5.maegz:124,-5.13,-4.887,-4.556,-4.049,-5.537,-5.212,-5.27,-6.802,-6.594,-6.08,-4.633,-5.428,-6.493,-5.533,-4.901,-5.318,-7.456,-5.06,-3.896,-6.145,-4.557,-5.622,-5.959,-4.885,-6.35,-5.62,-6.3,-6.481,-5.417,-5.097,-4.699,-5.491,-4.938,-4.312,-4.647,-5.298,-5.083,-4.252,-4.225,-4.593,-5.436,-4.757,-4.94,-4.652,-4.555,-5.475,-4.533,-5.193,-5.175,-5.545
OptTAR_Fixed_ligprep_20260117_0.5.maegz:125,-3.633,-2.251,-3.788,0.3058,-2.852,-1.525,-4.744,-5.322,-5.783,-3.576,-2.154,-5.114,-4.757,-3.48,-4.346,-1.802,-2.662,-2.371,-4.04,-2.4,-2.416,-3.306,-1.915,-3.939,-4.192,-2.251,-3.067,-3.535,-4.863,-2.449,-3.422,-3.765,0.07016,-1.864,-3.822,-3.419,-1.329,-2.775,-2.814,-1.537,-5.289,-1.766,-2.097,-4.422,-4.033,-1.076,-1.766,-4.162,-3.092,-3.088
OptTAR_Fixed_ligprep_20260117_0.5.maegz:126,-3.021,-4.442,-4.316,-3.824,-4.71,-5.384,-4.613,-6.229,-6.516,-5.576,-5.634,-5.088,-5.804,-6.333,-3.442,-1.255,-3.28,-2.999,-1.48,-4.659,-4.253,-3.017,-3.958,-5.089,-4.617,-1.853,-4.71,-5.1,-5.956,-4.625,-3.222,-1.246,-1.423,-4.613,-1.604,-1.675,-2.029,-0.7325,-1.332,-3.32,-4.689,-4.143,-3.893,-3.87,-4.529,-1.436,-2.499,-2.938,-3.832,-4.208
OptTAR_Fixed_ligprep_20260117_0.5.maegz:127,-1.913,-2.401,-1.633,-2.312,-4.135,-2.267,-4.504,-6.821,-3.049,-1.99,-5.451,-3.003,-1.565,-4.045,-4.403,-1.326,-2.177,-2.641,-2.898,-3.991,-3.303,-2.918,-2.827,-4.491,-3.589,-1.521,-4.265,-3.021,-2.591,-4.18,-4.132,-2.636,-1.955,-3.579,-3.691,-2.748,-3.369,-1.594,-2.008,-3.206,-4.553,-2.858,-4.215,-3.907,-3.633,-2.03,-2.455,-2.138,-2.91,-4.408
OptTAR_Fixed_ligprep_20260117_0.5.maegz:128,-3.557,-3.702,-5.261,-3.234,-4.733,-6.258,-6.552,-7.171,-6.202,-4.436,-4.929,-3.929,-7.08,-5.521,-4.796,-5.375,-5.776,-5.776,-6.131,-6.005,-6.503,-5.723,-3.811,-4.966,-5.996,-5.11,-6.875,-5.922,-7.125,-5.146,-6.306,-3.454,-3.552,-4.257,-3.048,-3.981,-4.645,-3.896,-3.647,-5.362,-6.289,-6.039,-4.879,-5.963,-3.93,-3.86,-5.167,-3.563,-4.54,-5.182
OptTAR_Fixed_ligprep_20260117_0.5.maegz:129,-3.987,-4.095,-3.655,-3.548,-5.882,-5.567,-5.916,-6.29,-6.95,-5.332,-5.346,-6.373,-5.847,-4.907,-4.949,-5.065,-4.885,-4.945,-3.389,-3.511,-4.357,-4.63,-4.609,-4.643,-4.352,-4.362,-5.47,-4.09,-6.174,-4.568,-5.161,-4.376,-4.026,-4.213,-3.77,-3.361,-4.113,-4.115,-3.941,-4.809,-4.433,-4.368,-4.471,-4.431,-4.887,-4.649,-5.002,-4.624,-4.473,-4.994
OptTAR_Fixed_ligprep_20260117_0.5.maegz:130,-4.65,-4.718,-5.081,-4.822,-5.76,-6.2,-6.682,-7.281,-6.363,-6.215,-5.075,-5.255,-6.245,-5.449,-5.099,-4.138,-4.385,-4.386,-4.282,-4.541,-5.16,-4.404,-4.833,-4.621,-4.778,-3.821,-5.724,-5.087,-5.762,-4.908,-4.821,-4.864,-3.298,-3.792,-3.364,-4.758,-5.427,-4.389,-3.538,-4.279,-5.879,-4.583,-3.839,-4.105,-4.755,-4.558,-3.75,-4.905,-3.954,-4.755
OptTAR_Fixed_ligprep_20260117_0.5.maegz:131,-4.322,-4.247,-3.523,-3.928,-5.772,-5.428,-5.869,-6.213,-6.081,-6.497,-6.028,-4.647,-5.724,-6.056,-5.275,-4.433,-5.398,-3.479,-3.387,-4.473,-4.931,-4.469,-4.762,-4.783,-5.419,-4.87,-5.495,-4.812,-5.593,-4.156,-4.732,-4.287,-3.294,-4.181,-4.18,-4.065,-4.593,-4.668,-3.557,-5.562,-4.45,-3.329,-4.251,-4.141,-4.585,-3.925,-3.792,-4.037,-3.34,-4.343
OptTAR_Fixed_ligprep_20260117_0.5.maegz:132,-4.465,-5.045,-3.488,-4.419,-6.01,-5.109,-5.563,-6.118,-5.136,-5.539,-5.387,-5.542,-4.604,-5.664,-5.042,-4.241,-6.613,-3.976,-3.64,-4.988,-4.926,-5.025,-4.685,-5.107,-5.159,-4.81,-5.523,-5.884,-4.685,-5.24,-5.26,-4.784,-3.654,-3.556,-3.704,-4.243,-4.534,-4.194,-3.5,-5.049,-4.413,-4.146,-4.108,-4.219,-3.984,-3.852,-5.15,-3.992,-4.068,-4.788
OptTAR_Fixed_ligprep_20260117_0.5.maegz:133,-5.497,-4.411,-4.501,-4.924,-6.004,-4.738,-4.879,-7.074,-7.16,-7.527,-5.64,-5.815,-5.456,-5.09,-5.45,-5.186,-5.664,-4.785,-4.923,-6.673,-5.808,-6.388,-5.868,-5.826,-6.367,-6.011,-6.568,-6.42,-6.233,-5.976,-6.793,-5.515,-4.612,-5.43,-4.735,-4.453,-5.332,-3.877,-4.949,-6.885,-6.235,-5.23,-5.216,-5.375,-5.955,-5.733,-5.714,-5.181,-5.819,-6.084
OptTAR_Fixed_ligprep_20260117_0.5.maegz:134,-5.407,-4.057,-4.733,-4.547,-6.113,-4.969,-6.235,-5.952,-5.24,-6.21,-5.485,-5.152,-6.815,-6.526,-5.535,-5.108,-5.198,-4.59,-3.922,-6.974,-6.409,-6.503,-6.084,-5.65,-5.605,-6.441,-6.477,-5.989,-6.074,-4.776,-6.421,-4.953,-4.625,-4.803,-4.317,-3.957,-5.287,-6.55,-4.285,-6.154,-5.141,-5.347,-5.215,-4.631,-5.558,-5.448,-5.317,-5.055,-4.823,-6.042
OptTAR_Fixed_ligprep_20260117_0.5.maegz:135,-4.502,-4.627,-4.616,-4.113,-5.494,-5.672,-5.936,-6.146,-6.519,-5.667,-5.678,-5.434,-6.456,-5.863,-5.464,-5.146,-5.565,-4.422,-5.052,-5.066,-4.999,-5.03,-4.563,-4.779,-4.959,-5.008,-5.29,-5.181,-5.409,-5.273,-4.293,-3.827,-3.938,-3.948,-3.247,-3.716,-5.158,-3.981,-4.071,-5.253,-4.755,-4.149,-4.326,-4.305,-5.221,-4.763,-4.641,-4.572,-4.726,-5.632
OptTAR_Fixed_ligprep_20260117_0.5.maegz:136,-4.421,-3.285,-1.938,-2.028,-4.501,-4.536,-4.208,-5.747,-5.184,-4.389,-2.702,-5.235,-5.912,-5.082,-5.115,-2.803,-3.701,-2.896,-2.331,-4.487,-4.413,-2.81,-4.176,-1.964,-4.042,-4.132,-4.087,-4.779,-4.194,-5.344,-3.276,-4.07,-3.818,-3.631,-3.813,-3.473,-2.108,-3.077,-3.275,-6.065,-3.511,-4.513,-4.004,-3.716,-2.327,-2.794,-3.967,-4.525,-3.955,-2.89
OptTAR_Fixed_ligprep_20260117_0.5.maegz:137,-4.502,-3.518,-3.749,-4.617,-5.459,-3.589,-4.66,-3.585,-5.472,-5.219,-4.079,-4.501,-5.128,-4.519,-4.393,-3.308,-4.469,-3.042,-2.919,-4.184,-3.575,-4.558,-3.758,-4.414,-4.162,-4.12,-4.323,-5.0,-5.408,-4.084,-4.161,-4.464,-3.292,-4.235,-2.451,-2.657,-4.25,-3.36,-3.242,-5.067,-3.607,-3.772,-3.936,-3.485,-4.212,-3.608,-4.477,-3.789,-4.079,-3.157
OptTAR_Fixed_ligprep_20260117_0.5.maegz:138,-1.318,-0.9831,-3.047,-2.111,-3.259,-2.642,-4.768,-4.005,-4.325,-2.746,-3.167,-2.519,-2.321,-3.313,-3.594,-3.08,-1.826,-1.57,-2.148,-1.512,-2.31,-1.574,-3.269,-2.969,-1.215,-0.6987,-2.63,-1.078,-5.003,-2.657,-3.551,-3.538,-2.276,-0.3091,-1.309,-2.289,-3.652,-3.066,-2.321,-2.394,-2.089,-0.8384,-3.209,-2.597,-1.551,-2.836,-1.619,-0.8274,-2.066,-1.506
OptTAR_Fixed_ligprep_20260117_0.5.maegz:139,-3.966,-3.093,-3.868,-4.258,-3.55,-5.298,-4.734,-6.103,-5.258,-5.047,-3.64,-3.932,-2.681,-4.026,-5.532,-4.057,-4.334,-3.023,-3.483,-3.718,-3.323,-4.117,-3.728,-3.396,-3.823,-2.626,-3.981,-3.446,-3.423,-2.453,-2.377,-3.915,-0.4009,-1.918,-3.647,-2.972,-4.457,-3.48,-2.6,-2.988,-4.795,-3.082,-4.032,-3.823,-2.868,-3.515,-2.619,-4.322,-1.609,-1.875
OptTAR_Fixed_ligprep_20260117_0.5.maegz:140,-3.594,-3.728,-4.241,-4.256,-4.777,-4.865,-2.039,-5.805,-5.311,-5.199,-2.977,-4.984,-3.953,-4.112,-4.583,-3.809,-2.862,-3.195,-3.786,-4.324,-3.407,-2.911,-4.668,-3.865,-3.784,-4.045,-3.907,-3.571,-4.838,-4.525,-3.878,-4.239,-3.242,-4.072,-3.972,-4.091,-4.914,-3.93,-2.497,-6.512,-4.458,-3.964,-3.793,-3.316,-4.671,-4.114,-4.235,-3.728,-4.335,-2.943
OptTAR_Fixed_ligprep_20260117_0.5.maegz:141,-2.226,-1.307,-1.642,-2.5,-3.889,-2.775,-4.731,-4.885,-2.916,-4.152,-3.062,-2.286,-3.47,-3.32,-3.912,-3.627,-4.212,-3.334,-1.601,-1.58,-2.885,-1.9,-2.338,-2.08,-2.454,-2.939,-2.159,-1.754,-4.815,-2.518,-4.106,-3.845,-1.502,0.7374,-0.2621,-2.518,-0.8406,-1.632,-2.551,-3.532,-1.986,-2.708,-2.675,-2.645,-1.008,-2.58,-1.829,-1.15,-2.552,-3.578
OptTAR_Fixed_ligprep_20260117_0.5.maegz:142,-4.172,-3.62,-3.644,-3.724,-2.753,-3.116,-3.556,-4.088,-3.551,-3.511,-2.264,-3.911,-5.996,-4.529,-3.858,-2.678,-3.45,-3.76,-1.479,-2.383,-2.889,-3.665,-4.647,-3.74,-1.167,-3.22,-4.281,-4.397,-4.502,-2.367,-3.89,-2.349,-3.93,-3.382,-1.506,-2.203,-4.589,-3.89,-3.501,-3.671,-3.921,-4.65,-3.954,-3.847,-4.015,-3.816,-2.322,-4.55,-3.228,-3.236
OptTAR_Fixed_ligprep_20260117_0.5.maegz:143,-5.303,-5.695,-5.773,-5.668,-6.489,-6.224,-7.051,-7.321,-6.335,-7.154,-6.708,-6.037,-7.5,-6.398,-6.373,-5.286,-7.021,-5.42,-4.145,-7.117,-4.612,-6.578,-6.178,-5.988,-6.156,-5.897,-6.558,-6.338,-5.727,-5.413,-5.637,-5.68,-4.718,-5.287,-4.975,-4.448,-4.628,-4.573,-4.456,-5.744,-6.485,-5.412,-5.412,-5.014,-6.069,-5.286,-5.384,-5.03,-5.53,-6.18
OptTAR_Fixed_ligprep_20260117_0.5.maegz:144,-4.598,-3.672,-3.87,-5.263,-5.689,-5.172,-5.199,-3.518,-5.464,-5.396,-2.367,-4.423,-5.391,-4.53,-5.389,-2.443,-5.271,-3.379,-3.44,-4.719,-3.274,-4.401,-4.313,-4.288,-3.6,-3.475,-3.684,-4.477,-3.873,-2.048,-3.563,-4.325,-3.136,-1.237,-3.934,-3.105,-2.663,-2.033,-3.139,-2.464,-3.766,-3.672,-3.911,-4.193,-3.614,-3.89,-3.613,-3.068,-4.59,-3.145
OptTAR_Fixed_ligprep_20260117_0.5.maegz:145,-4.061,-4.715,-4.15,-3.856,-5.514,-4.121,-5.835,-5.263,-4.673,-5.668,-4.005,-4.613,-4.939,-4.564,-4.773,-3.912,-5.28,-5.512,-3.451,-4.041,-3.587,-4.769,-4.088,-5.141,-6.063,-4.37,-5.513,-4.178,-4.587,-3.966,-4.453,-3.831,-3.8,-4.698,-3.407,-4.296,-5.226,-4.614,-3.154,-4.571,-5.044,-4.503,-3.86,-3.738,-4.572,-3.877,-3.682,-3.954,-3.49,-4.807
OptTAR_Fixed_ligprep_20260117_0.5.maegz:146,-5.7,-6.15,-5.639,-6.119,-7.021,-6.35,-7.411,-8.975,-7.578,-7.639,-7.547,-6.925,-7.782,-7.141,-6.797,-5.437,-6.661,-5.88,-5.505,-6.676,-5.554,-6.538,-5.894,-6.62,-6.299,-7.194,-7.745,-6.896,-6.848,-5.943,-5.848,-5.769,-5.727,-5.525,-5.678,-5.48,-5.861,-5.661,-4.831,-6.178,-6.658,-4.962,-5.809,-5.439,-5.915,-6.142,-6.052,-5.471,-5.532,-6.823
OptTAR_Fixed_ligprep_20260117_0.5.maegz:147,-4.419,-4.671,-3.903,-4.253,-6.222,-3.457,-4.506,-5.972,-3.819,-5.472,-4.476,-3.036,-4.312,-4.473,-5.911,-3.377,-4.298,-2.986,-2.112,-3.767,-2.418,-3.073,-3.856,-4.495,-4.747,-2.711,-4.087,-4.421,-4.475,-3.577,-3.899,-4.2,-2.375,-2.564,-2.904,-2.414,-3.948,-3.792,-2.173,-5.187,-3.709,-3.086,-3.603,-3.957,-3.767,-3.571,-3.523,-3.858,-3.185,-3.657
OptTAR_Fixed_ligprep_20260117_0.5.maegz:148,-2.725,-3.602,-4.411,-4.576,-5.682,-5.039,-5.625,-4.693,-2.33,-5.1,-4.484,-3.379,-4.342,-4.654,-3.999,-3.694,-3.836,-4.172,-3.739,-3.424,-3.77,-3.951,-4.644,-4.364,-4.444,-4.029,-5.631,-4.775,-5.08,-3.352,-3.826,-3.277,-2.764,-2.894,-2.839,-2.738,-4.006,-3.494,-2.728,-4.302,-4.974,-3.877,-3.541,-2.943,-4.346,-3.362,-3.154,-4.218,-3.286,-1.018
OptTAR_Fixed_ligprep_20260117_0.5.maegz:149,-2.745,-4.141,-3.684,-4.263,-6.214,-4.152,-4.282,-5.928,-3.997,-5.605,-4.807,-5.819,-2.789,-5.376,-5.162,-3.374,-4.957,-3.024,-2.648,-3.808,-2.347,-4.029,-4.146,-3.836,-4.611,-4.161,-5.419,-4.959,-5.189,-3.64,-4.868,-4.321,-2.707,-2.509,-2.719,-3.321,-4.284,-3.626,-1.342,-4.574,-4.99,-3.577,-3.867,-4.003,-3.943,-3.694,-3.9,-3.429,-3.503,-3.029
OptTAR_Fixed_ligprep_20260117_0.5.maegz:150,-3.022,-4.372,-2.303,-3.464,-4.742,-3.292,-5.861,-5.355,-3.705,-4.464,-6.081,-4.738,-5.208,-5.086,-4.522,-2.338,-3.878,-4.787,-3.034,-4.356,-4.157,-3.133,-4.852,-3.439,-4.253,-4.254,-4.569,-3.032,-4.746,-4.468,-1.496,-3.888,-2.837,-3.17,-3.314,-3.317,-3.129,-3.742,-3.777,-3.36,-3.575,-3.941,-3.97,-3.934,-3.299,-3.794,-2.33,-4.016,-3.632,-3.412
OptTAR_Fixed_ligprep_20260117_0.5.maegz:151,-3.497,-4.37,-4.105,-3.05,-6.294,-4.992,-5.285,-5.76,-3.14,-5.53,-4.161,-4.082,-4.441,-4.365,-5.22,-2.95,-4.515,-2.99,-2.968,-3.702,-3.763,-3.214,-4.297,-3.887,-4.809,-4.163,-5.008,-4.407,-5.299,-3.699,-3.004,-3.408,-2.786,-2.212,-2.733,-2.576,-3.261,-2.497,-3.199,-5.31,-3.937,-3.613,-3.693,-3.727,-3.992,-3.603,-3.867,-3.098,-4.636,-3.273
OptTAR_Fixed_ligprep_20260117_0.5.maegz:152,-3.48,-1.842,-2.96,-4.011,-5.212,-3.519,-4.407,-4.876,-4.988,-3.534,-4.121,-4.345,-0.9989,-5.566,-4.738,-4.29,-5.124,-1.562,-4.288,-4.005,-4.142,-3.343,-3.977,-4.196,-4.74,-3.926,-5.16,-3.204,-5.021,-3.076,-2.654,-2.896,-0.6081,-3.324,-0.6833,-1.205,-3.811,-1.463,-2.949,-4.004,-4.009,-3.888,-4.052,-2.228,-4.414,-3.467,-1.548,-3.787,-2.873,-3.62
OptTAR_Fixed_ligprep_20260117_0.5.maegz:153,-3.888,-3.424,-3.836,-3.404,-4.645,-2.889,-5.512,-4.703,-5.358,-4.747,-4.383,-2.846,-2.958,-5.033,-4.778,-3.321,-2.195,-2.574,-1.746,-3.607,-2.286,-4.764,-4.64,-3.034,-3.752,-4.269,-5.058,-4.143,-4.307,-3.506,-3.927,-4.103,-2.395,-2.24,-3.028,-2.778,-3.629,-0.7264,-2.198,-4.985,-4.02,-4.63,-3.837,-3.777,-3.064,-3.478,-2.838,-3.296,-3.201,-2.858
OptTAR_Fixed_ligprep_20260117_0.5.maegz:154,-3.318,-3.413,-3.256,-3.544,-4.933,-4.112,-4.993,-4.498,-5.349,-4.173,-5.056,-5.099,-4.208,-4.376,-4.756,-2.592,-3.673,-2.955,-2.011,-2.629,-3.21,-4.219,-3.699,-3.72,-4.567,-3.331,-5.795,-2.546,-4.659,-3.339,-3.53,-2.291,-3.329,-3.913,-3.215,-3.023,-3.886,-3.927,-3.121,-3.535,-4.439,-4.212,-4.191,-3.731,-3.831,-3.829,-3.636,-3.492,-3.629,-3.5
OptTAR_Fixed_ligprep_20260117_0.5.maegz:155,-3.821,-3.177,-3.023,-3.3,-5.368,-3.191,-3.58,-5.196,-5.614,-4.978,-4.338,-4.024,-3.964,-3.615,-4.256,-3.077,-3.117,-2.567,-2.515,-3.201,-3.891,-4.044,-4.929,-3.639,-4.179,-3.359,-5.667,-4.82,-5.168,-0.8503,-4.058,-3.567,-2.767,-2.388,-2.754,-4.104,-3.785,-2.567,-2.963,-3.243,-4.065,-4.393,-4.263,-2.717,-3.318,-3.672,-3.401,-4.018,-3.476,-4.129
OptTAR_Fixed_ligprep_20260117_0.5.maegz:156,-4.395,-4.586,-2.916,-4.549,-5.428,-4.938,-4.571,-3.441,-4.011,-4.695,-4.959,-3.309,-3.896,-4.383,-4.874,-4.192,-4.193,-3.994,-2.175,-3.258,-3.82,-3.672,-5.147,-4.359,-3.898,-4.0,-5.698,-4.718,-5.272,-3.866,-3.382,-3.26,-3.087,-1.439,-3.071,-3.316,-3.203,-3.546,-3.581,-5.207,-4.764,-4.218,-4.232,-3.918,-3.518,-3.863,-3.577,-3.975,-4.356,-3.41
OptTAR_Fixed_ligprep_20260117_0.5.maegz:157,-3.503,-3.658,-3.41,-1.819,-5.435,-5.143,-5.396,-4.853,-5.272,-5.634,-4.409,-5.237,-4.66,-4.769,-5.28,-2.971,-3.71,-3.553,-3.229,-3.452,-3.94,-4.143,-3.598,-3.479,-3.728,-3.787,-5.445,-4.702,-4.709,-4.051,-4.071,-3.221,-2.996,-3.102,-3.574,-3.313,-2.677,-2.136,-1.735,-4.204,-4.123,-4.507,-3.981,-4.317,-3.263,-4.232,-3.37,-4.046,-3.511,-3.289
OptTAR_Fixed_ligprep_20260117_0.5.maegz:158,-3.039,-3.951,-3.201,-2.589,-5.721,-5.71,-4.735,-5.282,-5.26,-2.809,-4.401,-2.695,-5.413,-4.557,-4.417,-4.088,-4.054,-4.425,-4.036,-3.938,-4.084,-3.503,-4.835,-3.502,-4.211,-4.797,-5.4,-4.483,-5.578,-4.014,-3.972,-3.163,-2.792,-2.966,-0.9471,-1.473,-4.629,-3.774,-3.263,-4.731,-4.307,-5.206,-4.742,-4.295,-3.773,-3.904,-3.845,-4.339,-3.813,-3.492
OptTAR_Fixed_ligprep_20260117_0.5.maegz:159,-4.555,-3.697,-3.993,-4.376,-6.578,-5.349,-4.688,-5.695,-4.454,-4.729,-4.433,-5.06,-5.005,-4.148,-4.066,-4.96,-2.399,-2.55,-3.323,-3.502,-3.89,-4.215,-4.609,-4.876,-3.693,-3.196,-5.435,-4.739,-4.743,-3.948,-4.249,-3.746,-3.159,-2.981,-3.212,-3.378,-3.608,-2.015,-2.237,-3.817,-4.225,-4.842,-4.233,-4.032,-3.364,-4.44,-3.452,-3.387,-3.064,-2.947
OptTAR_Fixed_ligprep_20260117_0.5.maegz:160,-3.035,-3.964,-2.847,-2.796,-5.85,-4.564,-6.592,-4.372,-3.169,-4.667,-4.698,-4.654,-5.106,-5.121,-4.949,-3.218,-3.323,-4.367,-3.678,-0.8946,-2.995,-4.031,-4.33,-3.641,-4.333,-3.6,-4.946,-3.952,-4.735,-3.736,-3.965,-2.863,-2.778,-3.408,-2.379,-3.675,-3.577,-2.432,-3.434,-3.997,-4.455,-4.018,-3.752,-3.425,-3.852,-3.434,-3.809,-3.743,-3.594,-3.685
OptTAR_Fixed_ligprep_20260117_0.5.maegz:161,-3.548,-3.201,-3.589,-3.435,-6.303,-4.467,-4.127,-5.176,-3.892,-5.419,-3.911,-3.035,-4.166,-5.705,-5.618,-3.54,-4.215,-2.805,-1.575,-4.008,-2.901,-4.216,-4.082,-4.068,-3.477,-3.932,-2.506,-3.118,-4.759,-3.542,-3.944,-4.136,-2.806,-2.855,-1.459,-2.996,-3.314,-3.692,-3.172,-4.66,-3.719,-2.384,-3.657,-3.736,-4.687,-3.592,-3.657,-4.308,-4.93,-3.406
OptTAR_Fixed_ligprep_20260117_0.5.maegz:162,-3.571,-3.645,-3.644,-3.168,-6.245,-4.758,-4.544,-4.941,-4.217,-4.708,-5.136,-3.668,-4.006,-5.092,-5.663,-2.812,-3.467,-2.377,-3.263,-3.934,-3.219,-3.831,-4.324,-4.612,-4.865,-2.486,-5.887,-4.675,-3.268,-2.554,-4.119,-3.183,-2.471,-2.653,-2.515,-3.027,-4.273,-3.04,-1.808,-4.739,-4.405,-3.244,-2.68,-3.473,-3.094,-4.039,-4.219,-4.149,-3.034,-3.268
OptTAR_Fixed_ligprep_20260117_0.5.maegz:163,-3.49,-3.741,-4.097,-3.595,-6.371,-2.833,-4.012,-5.171,-3.868,-4.597,-4.082,-4.003,-4.5,-4.529,-5.923,-3.563,-4.506,-3.8,-2.079,-3.503,-4.287,-2.833,-3.617,-3.591,-4.941,-3.698,-4.161,-4.355,-5.071,-3.605,-4.296,-4.186,-2.286,-2.658,-2.499,-3.171,-3.975,-3.855,-3.104,-4.47,-3.227,-3.248,-3.431,-2.915,-3.873,-3.756,-4.221,-4.863,-3.402,-2.383
OptTAR_Fixed_ligprep_20260117_0.5.maegz:164,-5.295,-4.9,-5.16,-5.233,-6.38,-5.316,-6.117,-6.728,-6.291,-6.488,-6.007,-6.511,-6.444,-6.122,-5.92,-5.277,-6.486,-4.923,-5.223,-5.069,-5.251,-5.517,-5.185,-5.132,-5.816,-5.094,-5.973,-5.204,-5.976,-4.901,-5.771,-5.096,-5.208,-5.197,-5.321,-4.562,-5.163,-5.841,-5.778,-6.141,-5.247,-5.51,-4.614,-5.232,-6.083,-5.594,-5.159,-5.275,-5.174,-4.986
OptTAR_Fixed_ligprep_20260117_0.5.maegz:165,-4.733,-5.873,-5.512,-6.235,-7.089,-4.609,-4.815,-5.854,-6.647,-6.161,-6.108,-5.971,-4.072,-7.434,-6.182,-4.785,-5.151,-4.347,-3.879,-5.984,-4.394,-6.098,-5.481,-5.749,-5.527,-6.11,-7.875,-5.66,-5.088,-6.217,-5.676,-5.457,-4.457,-4.679,-4.757,-4.802,-4.559,-4.986,-4.22,-6.0,-6.488,-5.105,-5.053,-5.467,-5.823,-4.632,-5.159,-5.827,-5.804,-5.668
OptTAR_Fixed_ligprep_20260117_0.5.maegz:166,-4.075,-3.802,-3.878,-3.848,-5.508,-5.195,-4.375,-6.546,-6.331,-6.339,-5.671,-5.284,-3.431,-4.966,-5.673,-4.805,-4.486,-4.444,-3.539,-4.852,-4.524,-4.857,-5.174,-5.042,-5.343,-4.483,-6.182,-5.343,-5.456,-4.741,-4.886,-5.016,-3.647,-3.497,-4.463,-4.184,-3.892,-3.65,-3.55,-4.617,-5.353,-4.291,-4.629,-4.63,-5.108,-5.407,-4.397,-4.803,-4.834,-4.325
OptTAR_Fixed_ligprep_20260117_0.5.maegz:167,-5.49,-5.34,-6.09,-5.547,-6.138,-4.562,-4.376,-7.586,-6.871,-7.382,-6.562,-6.715,-7.573,-6.385,-7.112,-5.975,-4.678,-4.824,-4.904,-6.671,-4.961,-5.805,-5.705,-6.868,-6.703,-6.151,-7.058,-5.841,-6.974,-5.446,-5.364,-5.78,-4.614,-4.662,-5.012,-4.322,-3.791,-3.536,-4.409,-5.427,-7.291,-5.661,-4.885,-5.659,-5.813,-5.299,-5.182,-5.459,-4.785,-6.403
OptTAR_Fixed_ligprep_20260117_0.5.maegz:168,-4.33,-5.294,-5.337,-4.133,-5.903,-4.78,-5.533,-6.999,-6.308,-6.671,-5.02,-5.133,-5.615,-5.081,-4.899,-5.066,-3.319,-3.851,-3.588,-4.158,-5.138,-5.456,-5.834,-5.91,-6.083,-6.047,-6.3,-6.811,-6.315,-4.357,-4.676,-5.072,-4.735,-4.695,-4.029,-4.716,-4.145,-3.829,-4.753,-6.504,-4.937,-4.44,-4.432,-6.251,-5.537,-5.21,-5.022,-5.725,-5.001,-5.706
OptTAR_Fixed_ligprep_20260117_0.5.maegz:169,-4.931,-3.672,-5.017,-3.671,-5.71,-4.153,-5.384,-6.515,-5.702,-6.459,-5.731,-5.094,-5.052,-5.339,-5.128,-4.593,-7.428,-4.854,-4.972,-5.554,-4.871,-6.031,-5.24,-5.514,-5.052,-4.857,-5.558,-5.288,-5.229,-5.12,-5.238,-5.483,-4.073,-4.534,-4.234,-4.125,-4.489,-4.08,-3.898,-5.112,-5.258,-4.649,-4.445,-4.431,-4.896,-5.734,-4.678,-4.772,-5.27,-5.191
OptTAR_Fixed_ligprep_20260117_0.5.maegz:170,-4.49,-5.535,-4.818,-4.248,-6.573,-4.346,-5.948,-6.737,-7.051,-6.764,-6.232,-5.617,-5.864,-5.65,-6.172,-4.649,-6.704,-4.343,-5.275,-5.568,-5.884,-5.911,-5.491,-5.061,-5.373,-5.984,-6.321,-6.044,-6.012,-5.728,-5.507,-5.481,-4.04,-4.391,-4.882,-4.798,-4.006,-5.391,-4.257,-5.504,-4.729,-4.868,-5.05,-4.265,-4.8,-5.367,-5.381,-4.971,-4.815,-5.624
OptTAR_Fixed_ligprep_20260117_0.5.maegz:171,-4.278,-3.721,-2.856,-4.925,-4.872,-4.423,-4.741,-6.698,-6.258,-6.665,-5.517,-5.879,-6.598,-4.58,-3.954,-5.397,-5.494,-3.93,-3.718,-5.539,-5.02,-6.21,-5.469,-5.625,-5.256,-5.546,-5.517,-5.172,-5.849,-5.004,-5.516,-5.757,-4.684,-4.932,-4.093,-4.336,-4.425,-3.997,-4.036,-4.992,-5.042,-4.529,-5.207,-2.643,-5.838,-4.571,-6.087,-5.087,-5.412,-6.431
OptTAR_Fixed_ligprep_20260117_0.5.maegz:172,-4.52,-3.906,-3.002,-2.902,-5.235,-4.623,-6.102,-4.572,-3.802,-5.865,-6.42,-3.341,-3.745,-5.081,-4.047,-5.107,-5.132,-4.614,-4.057,-6.157,-4.462,-6.363,-4.842,-5.484,-6.095,-5.226,-5.512,-6.033,-5.482,-5.512,-5.357,-5.719,-1.519,-4.284,-3.482,-1.555,-4.007,-3.995,-5.015,-6.384,-3.222,-4.705,-5.099,-5.048,-2.533,-4.462,-5.239,-4.745,-4.47,-5.273
OptTAR_Fixed_ligprep_20260117_0.5.maegz:173,-5.322,-6.186,-5.48,-5.458,-6.739,-5.508,-5.93,-7.296,-6.492,-6.324,-5.473,-4.961,-6.633,-6.898,-5.837,-5.921,-7.437,-4.574,-4.987,-6.369,-5.547,-6.002,-5.562,-5.704,-6.362,-7.187,-6.381,-6.976,-7.126,-5.948,-5.799,-5.579,-5.498,-5.298,-5.262,-4.935,-5.295,-4.611,-5.256,-6.3,-6.068,-5.978,-5.268,-5.727,-5.648,-5.91,-6.237,-7.018,-6.53,-6.062
OptTAR_Fixed_ligprep_20260117_0.5.maegz:174,-4.432,-4.174,-3.886,-4.381,-5.445,-5.012,-7.034,-5.95,-5.969,-6.295,-5.598,-5.821,-6.064,-4.849,-4.8,-4.141,-3.717,-4.262,-3.701,-4.732,-4.139,-4.986,-5.316,-4.087,-4.433,-4.827,-5.968,-5.414,-5.753,-5.177,-5.563,-4.569,-3.996,-4.382,-3.416,-3.817,-4.211,-3.372,-3.74,-5.074,-5.106,-4.731,-4.12,-3.938,-5.15,-4.437,-4.473,-4.755,-4.289,-4.508
OptTAR_Fixed_ligprep_20260117_0.5.maegz:175,-6.359,-5.537,-6.125,-6.399,-6.074,-5.372,-5.686,-8.035,-7.447,-7.26,-6.437,-4.318,-7.692,-6.257,-5.99,-5.746,-5.837,-5.895,-4.364,-5.595,-5.704,-6.732,-6.675,-6.241,-7.185,-6.476,-7.694,-8.024,-7.666,-5.932,-5.405,-5.916,-5.273,-5.344,-5.285,-5.79,-6.228,-5.751,-4.905,-5.604,-6.212,-5.825,-5.089,-5.258,-6.605,-5.917,-5.913,-6.069,-6.116,-6.715
OptTAR_Fixed_ligprep_20260117_0.5.maegz:176,-5.336,-5.733,-4.947,-5.285,-6.264,-5.073,-7.027,-7.813,-6.586,-5.965,-5.817,-6.221,-7.459,-6.137,-5.258,-5.43,-5.402,-3.98,-4.24,-5.492,-3.917,-4.654,-6.332,-4.994,-5.357,-5.07,-6.75,-5.78,-6.9,-5.383,-6.42,-5.917,-4.957,-4.705,-4.781,-5.397,-5.853,-4.591,-4.399,-6.295,-5.341,-4.722,-5.193,-4.88,-5.43,-4.52,-5.213,-5.697,-5.448,-5.963
OptTAR_Fixed_ligprep_20260117_0.5.maegz:177,-4.631,-5.153,-4.857,-5.011,-5.982,-6.002,-6.52,-8.124,-7.65,-7.541,-6.126,-6.23,-6.89,-5.874,-6.476,-5.68,-6.762,-4.363,-4.348,-5.551,-5.438,-5.967,-5.6,-5.259,-5.424,-5.989,-6.069,-6.361,-6.368,-5.162,-5.152,-5.35,-3.999,-4.777,-4.966,-4.406,-5.068,-4.661,-4.31,-4.492,-5.291,-5.358,-4.277,-4.633,-5.174,-5.106,-5.071,-5.322,-4.672,-6.17
OptTAR_Fixed_ligprep_20260117_0.5.maegz:178,-5.095,-3.186,-3.6,-4.362,-5.959,-4.12,-5.953,-6.993,-6.171,-6.311,-6.115,-3.777,-3.772,-5.951,-5.608,-5.263,-3.255,-3.701,-3.785,-5.856,-4.913,-5.632,-5.387,-4.484,-4.894,-5.561,-6.087,-5.665,-5.329,-5.1,-5.552,-3.902,-3.71,-4.478,-4.093,-4.05,-3.232,-3.843,-4.198,-4.162,-5.3,-4.284,-4.259,-4.242,-3.93,-4.655,-4.358,-4.475,-3.727,-5.71
OptTAR_Fixed_ligprep_20260117_0.5.maegz:179,-5.092,-5.63,-3.902,-5.196,-4.678,-3.654,-6.243,-6.609,-6.268,-6.437,-6.134,-4.61,-6.133,-5.493,-4.928,-5.885,-6.0,-5.032,-4.883,-6.804,-5.593,-5.193,-5.812,-5.166,-4.804,-6.228,-5.78,-6.566,-7.033,-4.983,-5.37,-5.257,-5.008,-4.752,-5.275,-5.085,-5.336,-5.062,-4.375,-4.749,-6.049,-4.839,-5.68,-5.111,-4.461,-4.994,-4.696,-5.004,-5.385,-6.18
OptTAR_Fixed_ligprep_20260117_0.5.maegz:180,-5.699,-5.441,-5.264,-5.474,-6.582,-6.33,-6.678,-7.342,-6.868,-7.074,-6.573,-6.116,-6.56,-6.281,-5.828,-5.95,-7.14,-4.951,-5.773,-5.852,-6.317,-6.687,-6.452,-6.399,-7.314,-7.101,-6.929,-6.38,-5.533,-5.943,-6.247,-5.632,-5.191,-5.268,-5.286,-5.132,-5.685,-5.295,-4.469,-7.549,-6.304,-5.518,-5.824,-5.383,-5.52,-5.987,-5.604,-5.509,-5.307,-6.41
OptTAR_Fixed_ligprep_20260117_0.5.maegz:181,-5.432,-5.012,-5.374,-5.654,-6.265,-5.888,-6.429,-6.794,-6.386,-6.034,-6.33,-6.138,-5.517,-5.583,-6.058,-4.574,-5.496,-5.018,-5.608,-4.59,-5.025,-5.59,-4.79,-5.139,-5.405,-4.784,-5.474,-5.391,-5.155,-4.704,-5.155,-4.564,-4.065,-3.657,-4.122,-4.053,-4.901,-3.869,-4.588,-4.556,-5.664,-4.766,-4.367,-4.503,-5.816,-4.587,-4.999,-4.455,-4.529,-4.6
OptTAR_Fixed_ligprep_20260117_0.5.maegz:182,-5.784,-5.761,-5.269,-5.509,-5.252,-4.237,-4.081,-8.344,-6.254,-6.885,-6.081,-6.595,-5.251,-5.801,-6.79,-5.452,-4.405,-5.197,-4.422,-5.485,-5.646,-6.063,-5.269,-5.649,-6.019,-5.511,-6.065,-5.902,-6.54,-6.137,-4.754,-5.302,-3.598,-4.012,-4.204,-4.635,-3.932,-3.418,-4.251,-5.018,-6.207,-4.772,-5.075,-5.427,-5.204,-5.095,-5.014,-5.343,-5.623,-5.354
OptTAR_Fixed_ligprep_20260117_0.5.maegz:183,-5.349,-5.925,-5.034,-5.344,-5.834,-4.644,-6.288,-7.831,-7.262,-5.912,-5.83,-5.42,-6.359,-5.927,-5.29,-4.936,-4.889,-4.327,-4.778,-5.342,-4.046,-6.451,-6.893,-5.921,-5.654,-6.212,-6.385,-5.909,-6.237,-4.909,-4.688,-5.292,-3.702,-4.759,-4.137,-4.732,-5.088,-5.149,-4.045,-5.278,-6.014,-4.948,-5.126,-4.979,-5.401,-6.207,-5.755,-4.857,-4.82,-4.778
OptTAR_Fixed_ligprep_20260117_0.5.maegz:184,-4.985,-5.291,-5.697,-5.403,-6.254,-5.556,-5.165,-7.385,-6.63,-6.112,-6.225,-7.329,-6.739,-5.778,-6.154,-5.437,-6.953,-4.914,-4.676,-5.665,-5.258,-6.06,-6.762,-6.362,-6.029,-6.37,-7.255,-6.936,-6.438,-7.348,-7.055,-6.402,-4.241,-5.779,-5.865,-5.213,-5.245,-5.139,-4.496,-5.504,-5.818,-5.763,-5.603,-5.244,-5.055,-5.267,-6.276,-5.795,-5.622,-6.538
OptTAR_Fixed_ligprep_20260117_0.5.maegz:185,-5.35,-4.942,-4.766,-5.239,-6.084,-4.854,-5.794,-7.512,-6.653,-5.922,-5.233,-6.226,-6.897,-5.295,-5.24,-4.263,-5.468,-4.511,-3.566,-4.401,-4.942,-5.43,-5.298,-5.405,-6.441,-5.731,-6.795,-5.701,-5.984,-5.583,-5.69,-6.116,-3.882,-4.286,-3.383,-3.99,-4.92,-4.103,-4.002,-4.634,-4.903,-4.37,-6.069,-4.821,-4.95,-5.066,-5.676,-4.581,-5.025,-5.644
OptTAR_Fixed_ligprep_20260117_0.5.maegz:186,-5.595,-5.352,-5.002,-5.271,-6.411,-5.281,-5.107,-8.039,-6.6,-7.073,-7.188,-7.013,-6.178,-6.061,-5.85,-5.365,-6.922,-4.807,-4.446,-5.716,-4.981,-5.171,-6.319,-5.98,-5.951,-6.008,-6.661,-6.274,-6.091,-6.287,-6.979,-5.885,-4.673,-4.702,-4.606,-3.801,-4.857,-4.236,-4.419,-5.572,-5.528,-5.331,-4.996,-5.361,-5.117,-5.786,-5.721,-5.447,-5.677,-5.828
OptTAR_Fixed_ligprep_20260117_0.5.maegz:187,-4.659,-5.416,-4.946,-5.381,-7.052,-5.169,-7.069,-8.222,-6.322,-7.109,-6.543,-6.837,-6.402,-5.936,-5.848,-5.207,-6.034,-4.983,-4.66,-6.361,-5.631,-5.698,-5.742,-6.329,-6.939,-6.367,-7.047,-6.129,-6.771,-6.399,-5.675,-6.015,-4.448,-4.986,-4.567,-5.58,-5.493,-5.236,-4.29,-5.124,-5.844,-4.919,-5.785,-5.234,-5.078,-5.723,-5.973,-5.083,-5.421,-6.226
OptTAR_Fixed_ligprep_20260117_0.5.maegz:188,-5.399,-4.455,-4.08,-4.082,-6.463,-5.063,-4.856,-6.802,-6.778,-6.397,-5.462,-7.206,-7.236,-5.653,-6.136,-4.903,-4.365,-4.645,-4.331,-5.112,-5.457,-5.526,-6.524,-5.435,-5.449,-5.614,-6.357,-6.23,-6.696,-4.665,-6.204,-5.592,-4.244,-4.06,-4.632,-5.206,-4.614,-3.821,-4.237,-6.181,-6.441,-4.912,-4.792,-5.417,-6.157,-5.482,-5.319,-5.029,-4.666,-5.02
OptTAR_Fixed_ligprep_20260117_0.5.maegz:189,-4.621,-5.33,-4.83,-5.245,-6.754,-5.182,-5.313,-8.608,-6.637,-7.122,-6.663,-6.906,-6.036,-5.541,-5.626,-5.506,-7.605,-4.783,-4.312,-6.09,-5.649,-5.836,-5.644,-6.278,-7.785,-6.227,-6.541,-7.154,-6.587,-5.906,-6.544,-6.406,-4.353,-4.876,-4.545,-5.24,-4.774,-4.178,-4.181,-6.269,-6.374,-5.35,-5.937,-5.299,-5.396,-6.069,-5.439,-5.408,-5.237,-6.918
OptTAR_Fixed_ligprep_20260117_0.5.maegz:190,-4.656,-4.93,-4.019,-4.601,-5.638,-5.391,-4.193,-7.11,-6.442,-6.675,-5.989,-4.587,-6.321,-5.159,-5.211,-5.535,-6.16,-4.31,-4.602,-6.321,-4.293,-4.554,-5.309,-5.794,-6.31,-6.379,-6.369,-5.592,-5.09,-5.9,-4.667,-4.675,-4.467,-4.461,-3.843,-3.889,-4.429,-3.951,-4.136,-4.977,-4.729,-4.728,-5.886,-4.736,-5.69,-5.462,-5.635,-5.661,-4.713,-5.763
OptTAR_Fixed_ligprep_20260117_0.5.maegz:191,-5.07,-4.052,-4.829,-5.31,-5.481,-4.008,-4.777,-8.014,-6.493,-6.274,-6.843,-5.388,-5.682,-5.402,-5.394,-5.317,-5.487,-3.616,-3.674,-5.252,-4.803,-5.803,-5.8,-5.561,-6.13,-5.473,-6.992,-6.351,-6.687,-4.941,-6.361,-5.089,-4.423,-4.191,-4.593,-4.536,-4.069,-4.811,-3.805,-4.647,-5.072,-5.576,-5.073,-4.779,-5.133,-5.129,-5.136,-4.709,-5.289,-5.231
OptTAR_Fixed_ligprep_20260117_0.5.maegz:192,-5.503,-4.23,-4.521,-5.773,-5.7,-6.201,-4.607,-8.245,-7.957,-6.231,-6.108,-5.475,-5.782,-5.62,-6.094,-4.804,-6.525,-4.323,-4.402,-4.875,-5.027,-5.926,-6.347,-5.624,-5.676,-6.049,-6.939,-6.793,-6.489,-5.467,-6.581,-5.354,-4.579,-4.567,-5.472,-4.876,-4.109,-4.693,-4.536,-5.105,-4.941,-5.083,-5.416,-5.514,-5.239,-6.183,-5.422,-5.134,-6.182,-6.593
OptTAR_Fixed_ligprep_20260117_0.5.maegz:193,-5.608,-4.26,-4.538,-5.382,-6.666,-5.572,-7.267,-8.117,-7.89,-6.961,-6.062,-6.305,-6.566,-5.367,-6.023,-6.005,-6.572,-5.638,-4.711,-5.785,-4.881,-6.033,-6.66,-6.123,-5.756,-5.915,-7.328,-6.696,-6.494,-6.073,-6.586,-5.724,-5.053,-5.099,-4.709,-5.022,-4.721,-4.979,-4.03,-5.391,-5.146,-5.902,-5.637,-5.546,-5.892,-6.081,-5.066,-5.262,-5.688,-6.681
OptTAR_Fixed_ligprep_20260117_0.5.maegz:194,-4.392,-4.761,-5.368,-4.085,-6.178,-5.464,-4.735,-7.566,-7.071,-7.105,-5.027,-3.872,-4.606,-5.487,-5.941,-5.828,-4.142,-4.493,-4.116,-4.382,-4.965,-5.452,-5.249,-5.648,-6.461,-6.225,-6.193,-5.645,-5.77,-5.621,-4.838,-5.498,-4.274,-4.392,-4.25,-4.31,-4.462,-4.235,-4.27,-4.396,-3.885,-6.225,-5.576,-5.222,-5.635,-5.138,-5.074,-5.543,-5.751,-6.026
OptTAR_Fixed_ligprep_20260117_0.5.maegz:195,-5.396,-4.641,-4.93,-5.633,-4.342,-4.594,-4.133,-7.472,-6.724,-6.249,-4.924,-4.218,-5.684,-5.299,-5.701,-4.499,-6.266,-5.066,-4.837,-4.475,-5.222,-5.597,-6.094,-5.934,-6.515,-6.649,-7.481,-6.153,-6.276,-5.455,-6.246,-5.824,-4.483,-4.883,-4.102,-4.533,-4.8,-4.098,-5.179,-4.735,-5.031,-5.068,-5.451,-4.508,-5.125,-5.873,-5.883,-4.873,-5.574,-5.912
OptTAR_Fixed_ligprep_20260117_0.5.maegz:196,-3.613,-4.705,-3.484,-3.989,-6.269,-4.91,-4.79,-7.618,-5.034,-6.297,-4.339,-3.235,-3.699,-4.787,-4.478,-3.825,-7.471,-3.837,-3.625,-4.763,-4.739,-5.819,-5.937,-6.018,-5.295,-6.615,-6.3,-5.366,-5.022,-5.381,-5.478,-5.016,-4.252,-4.406,-3.5,-3.858,-4.515,-3.913,-4.334,-4.823,-5.35,-4.327,-5.307,-5.02,-5.672,-4.747,-5.682,-4.797,-5.305,-5.557
OptTAR_Fixed_ligprep_20260117_0.5.maegz:197,-3.88,-4.804,-5.381,-5.562,-6.86,-5.395,-6.146,-7.083,-6.332,-6.364,-6.346,-6.527,-6.943,-5.027,-5.009,-5.839,-4.769,-4.682,-4.634,-5.491,-5.111,-4.941,-6.307,-5.821,-5.638,-5.742,-7.485,-6.107,-6.417,-5.773,-6.142,-5.601,-4.31,-4.842,-5.633,-4.995,-5.418,-3.705,-4.068,-6.202,-6.404,-5.189,-6.648,-4.353,-5.669,-5.356,-5.564,-4.938,-5.316,-6.289
OptTAR_Fixed_ligprep_20260117_0.5.maegz:198,-4.774,-5.093,-5.649,-6.139,-6.595,-4.443,-4.145,-7.245,-6.524,-6.481,-5.407,-3.454,-5.403,-5.893,-6.616,-5.192,-5.231,-5.13,-5.299,-4.102,-4.259,-5.745,-6.025,-5.88,-5.854,-5.461,-7.091,-5.773,-5.651,-5.532,-5.438,-5.715,-4.39,-4.501,-4.506,-4.319,-5.188,-4.682,-4.122,-4.401,-5.867,-5.032,-5.038,-5.221,-5.523,-5.504,-4.892,-5.097,-5.515,-5.508
OptTAR_Fixed_ligprep_20260117_0.5.maegz:199,-4.464,-4.496,-4.946,-5.941,-6.388,-5.331,-5.44,-7.431,-5.91,-6.645,-5.815,-3.949,-6.1,-6.171,-5.006,-4.973,-4.748,-4.342,-3.925,-4.798,-5.122,-5.467,-5.97,-5.764,-6.233,-6.257,-6.431,-6.539,-6.963,-5.339,-5.607,-6.352,-4.806,-4.2,-4.879,-4.882,-4.43,-4.372,-4.134,-4.692,-6.074,-5.273,-5.622,-5.442,-5.898,-4.505,-5.577,-5.101,-4.635,-5.539
OptTAR_Fixed_ligprep_20260117_0.5.maegz:200,-3.0,-4.435,-4.188,-4.932,-6.316,-5.789,-4.524,-6.639,-7.064,-5.411,-6.215,-5.61,-6.036,-4.67,-5.974,-4.809,-6.141,-4.109,-3.961,-4.563,-5.233,-5.257,-5.422,-6.479,-6.317,-5.771,-7.59,-6.239,-6.682,-4.802,-4.873,-4.578,-4.865,-4.367,-2.578,-5.332,-4.837,-3.784,-4.584,-4.06,-5.527,-5.232,-5.336,-5.478,-4.854,-4.42,-4.627,-4.735,-3.931,-4.977
OptTAR_Fixed_ligprep_20260117_0.5.maegz:201,-4.243,-4.693,-2.952,-3.555,-6.203,-3.743,-4.678,-6.566,-6.263,-5.644,-6.283,-5.385,-5.788,-5.327,-4.441,-4.871,-7.882,-3.613,-4.736,-4.984,-5.074,-4.981,-5.479,-5.939,-5.816,-5.653,-6.047,-5.796,-5.68,-4.206,-5.051,-4.272,-4.71,-4.671,-3.72,-3.802,-3.591,-3.579,-4.59,-4.289,-5.26,-4.866,-3.819,-5.027,-3.876,-5.425,-4.76,-4.23,-5.049,-5.858
OptTAR_Fixed_ligprep_20260117_0.5.maegz:202,-3.567,-3.867,-2.035,-4.433,-4.967,-5.554,-5.648,-6.624,-7.568,-5.392,-6.036,-5.246,-6.539,-4.573,-4.644,-5.153,-7.808,-3.675,-3.212,-3.561,-4.224,-4.648,-5.587,-5.975,-5.688,-5.887,-6.441,-5.797,-6.035,-4.903,-4.461,-4.598,-4.428,-4.914,-4.624,-5.152,-5.165,-3.777,-4.229,-4.896,-5.426,-4.963,-5.01,-4.622,-4.942,-4.057,-5.117,-4.098,-3.858,-5.495
OptTAR_Fixed_ligprep_20260117_0.5.maegz:203,-4.06,-4.968,-3.654,-5.008,-5.528,-3.67,-5.872,-7.65,-5.557,-6.128,-6.66,-6.133,-7.21,-4.988,-4.664,-5.517,-5.972,-4.335,-3.492,-4.209,-4.23,-5.954,-5.599,-5.724,-5.275,-5.473,-6.568,-6.326,-6.522,-3.957,-5.489,-4.424,-4.817,-4.192,-4.241,-3.722,-4.302,-3.125,-3.293,-4.282,-5.484,-4.35,-4.751,-4.529,-4.502,-4.902,-4.17,-4.373,-4.289,-5.632
OptTAR_Fixed_ligprep_20260117_0.5.maegz:204,-4.622,-4.675,-4.977,-4.193,-5.774,-5.09,-5.382,-7.329,-6.718,-5.57,-4.972,-3.673,-4.962,-5.814,-5.36,-4.543,-4.526,-4.337,-3.922,-5.469,-4.939,-5.497,-7.794,-5.872,-6.617,-6.849,-6.021,-5.729,-6.968,-5.936,-4.664,-6.073,-3.94,-3.992,-4.591,-3.548,-3.462,-4.358,-3.736,-5.65,-6.193,-4.562,-4.904,-5.359,-6.654,-4.532,-5.152,-4.783,-4.853,-6.947
OptTAR_Fixed_ligprep_20260117_0.5.maegz:205,-3.852,-3.801,-4.2,-3.729,-4.266,-4.241,-4.476,-4.122,-5.605,-6.013,-5.707,-3.682,-4.917,-4.87,-4.058,-3.593,-4.871,-4.017,-4.207,-5.618,-5.267,-6.154,-5.097,-4.149,-4.728,-4.85,-4.979,-5.89,-5.581,-5.883,-5.179,-4.441,-4.097,-5.054,-4.41,-4.631,-4.637,-5.206,-3.918,-4.318,-5.121,-4.298,-5.305,-4.267,-4.129,-4.131,-4.616,-4.041,-4.437,-5.16
OptTAR_Fixed_ligprep_20260117_0.5.maegz:206,-5.066,-4.18,-4.186,-4.667,-5.305,-4.839,-4.732,-5.27,-5.822,-6.29,-5.669,-4.783,-5.516,-5.101,-5.063,-4.979,-5.191,-5.076,-4.146,-4.165,-4.85,-5.173,-4.563,-4.307,-5.14,-5.021,-5.044,-5.607,-5.116,-6.169,-5.219,-5.044,-4.113,-4.991,-4.153,-4.794,-4.784,-4.484,-4.711,-4.356,-4.788,-4.662,-5.382,-4.086,-4.768,-4.391,-4.713,-4.529,-4.485,-5.259
OptTAR_Fixed_ligprep_20260117_0.5.maegz:207,-5.041,-5.208,-5.404,-5.268,-6.719,-3.652,-6.294,-6.806,-6.333,-6.442,-6.179,-4.286,-5.74,-6.234,-5.813,-4.727,-5.694,-4.321,-4.872,-4.206,-4.431,-4.618,-4.088,-4.583,-4.792,-5.314,-4.989,-4.785,-5.224,-4.121,-4.707,-3.591,-3.341,-3.688,-3.639,-4.158,-4.083,-3.725,-3.599,-4.524,-5.438,-4.211,-4.039,-4.372,-4.478,-4.836,-4.683,-4.427,-4.098,-4.225
OptTAR_Fixed_ligprep_20260117_0.5.maegz:208,-4.549,-4.981,-5.124,-4.244,-5.002,-5.688,-5.736,-6.7,-5.04,-4.997,-4.742,-4.148,-4.725,-4.364,-5.324,-4.652,-4.816,-4.57,-4.54,-4.115,-4.456,-5.774,-5.367,-4.763,-5.647,-4.877,-5.545,-3.75,-4.506,-3.767,-4.263,-3.916,-3.546,-3.475,-3.812,-4.326,-3.479,-2.561,-3.143,-4.964,-6.039,-4.622,-3.991,-3.989,-5.13,-4.656,-4.483,-4.079,-4.598,-3.676
OptTAR_Fixed_ligprep_20260117_0.5.maegz:209,-5.43,-4.631,-4.995,-4.871,-4.077,-2.448,-5.337,-6.58,-3.918,-6.343,-4.364,-3.963,-4.137,-4.138,-5.508,-4.945,-5.702,-4.453,-4.568,-5.866,-5.676,-5.454,-3.221,-4.813,-5.948,-4.036,-5.955,-5.538,-4.582,-4.287,-4.915,-3.593,-3.437,-2.82,-1.677,-1.803,-2.307,-1.058,-1.066,-3.339,-5.107,-4.463,-4.364,-2.097,-4.583,-4.575,-5.114,-4.076,-4.179,-2.858
OptTAR_Fixed_ligprep_20260117_0.5.maegz:210,-5.296,-5.777,-5.087,-5.83,-5.97,-6.294,-7.058,-6.941,-7.65,-7.129,-5.85,-6.456,-7.358,-6.176,-6.039,-3.842,-6.288,-5.3,-5.168,-5.273,-5.696,-5.827,-5.346,-4.715,-5.464,-5.876,-6.716,-5.67,-6.157,-4.702,-5.416,-4.018,-3.808,-4.842,-4.442,-5.201,-4.95,-5.015,-3.688,-4.736,-6.259,-4.81,-4.638,-4.638,-5.82,-5.459,-4.517,-5.153,-4.496,-5.699
OptTAR_Fixed_ligprep_20260117_0.5.maegz:211,-4.888,-5.205,-5.431,-5.191,-5.452,-6.618,-6.783,-8.205,-5.533,-6.806,-6.04,-5.103,-7.697,-7.118,-6.094,-4.468,-5.785,-5.041,-4.791,-4.361,-5.444,-5.208,-6.251,-4.357,-5.062,-4.972,-5.977,-6.39,-5.162,-4.334,-5.312,-4.726,-3.791,-4.95,-4.333,-3.478,-4.818,-3.542,-3.908,-6.45,-4.86,-4.919,-4.486,-5.313,-4.468,-4.775,-4.705,-4.76,-3.433,-5.318
OptTAR_Fixed_ligprep_20260117_0.5.maegz:212,-6.346,-4.885,-5.019,-5.098,-6.755,-2.106,-6.74,-7.178,-6.48,-6.542,-5.372,-5.151,-4.066,-5.656,-5.719,-4.131,-4.436,-4.13,-4.046,-3.372,-5.581,-5.241,-5.212,-5.085,-4.944,-5.071,-6.013,-5.782,-5.292,-4.972,-4.093,-3.938,-3.527,-4.302,-4.411,-4.72,-4.938,-3.592,-3.368,-4.527,-5.434,-4.178,-4.729,-4.996,-5.573,-4.515,-4.963,-3.919,-4.048,-5.587
OptTAR_Fixed_ligprep_20260117_0.5.maegz:213,-4.181,-5.621,-4.44,-4.227,-3.43,-3.402,-5.036,-6.121,-5.427,-5.234,-4.842,-3.396,-3.705,-4.407,-5.51,-3.011,-3.645,-2.665,-4.646,-4.616,-4.471,-5.967,-4.19,-4.441,-3.66,-5.102,-5.249,-4.804,-4.807,-3.209,-4.163,-4.059,-2.535,-3.767,-3.226,-3.223,-2.905,-3.98,-3.086,-3.827,-5.149,-3.588,-4.448,-4.049,-4.472,-4.064,-4.355,-3.516,-3.492,-3.99
OptTAR_Fixed_ligprep_20260117_0.5.maegz:214,-4.43,-3.596,-4.036,-3.86,-4.738,-4.399,-4.365,-5.213,-5.303,-5.144,-5.025,-4.746,-5.077,-4.438,-4.818,-4.094,-5.623,-3.71,-3.195,-3.716,-4.601,-4.36,-4.381,-4.122,-4.381,-3.699,-4.61,-4.326,-3.835,-4.478,-4.822,-4.414,-3.62,-3.512,-4.161,-3.907,-3.511,-3.459,-4.027,-5.36,-3.607,-3.65,-4.383,-4.166,-4.5,-4.222,-3.785,-4.459,-4.004,-4.853
OptTAR_Fixed_ligprep_20260117_0.5.maegz:215,-5.365,-5.374,-5.494,-5.544,-6.542,-6.41,-6.832,-6.439,-8.163,-7.011,-6.522,-7.049,-7.004,-6.865,-5.688,-6.636,-6.849,-5.796,-6.186,-7.559,-7.301,-6.537,-6.595,-6.812,-6.53,-6.989,-7.051,-7.946,-6.838,-5.841,-6.663,-5.383,-5.594,-6.336,-6.024,-5.878,-6.363,-5.986,-5.586,-6.843,-6.704,-6.169,-6.342,-6.017,-7.42,-6.048,-6.425,-6.498,-6.766,-6.271
OptTAR_Fixed_ligprep_20260117_0.5.maegz:216,-5.213,-5.134,-5.507,-5.208,-6.875,-6.318,-6.089,-7.208,-7.74,-6.915,-6.515,-7.195,-7.276,-7.017,-6.198,-5.671,-7.108,-6.227,-6.017,-7.493,-7.21,-6.267,-6.008,-5.613,-5.843,-6.676,-7.564,-6.739,-6.736,-5.858,-6.356,-5.993,-6.463,-6.239,-5.467,-5.701,-6.355,-5.698,-5.673,-5.602,-6.432,-6.205,-5.745,-6.135,-6.957,-6.098,-5.549,-6.306,-6.041,-6.249
OptTAR_Fixed_ligprep_20260117_0.5.maegz:217,-3.453,-3.684,-3.889,-3.481,-4.799,-3.919,-4.23,-4.504,-5.405,-4.853,-3.137,-4.087,-4.539,-5.019,-3.206,-4.386,-6.083,-3.655,-3.404,-3.957,-3.864,-4.414,-5.072,-3.906,-4.254,-3.92,-4.377,-4.241,-5.24,-4.77,-4.495,-4.934,-3.647,-3.784,-3.438,-3.481,-3.052,-4.607,-4.165,-5.2,-3.618,-3.695,-4.209,-3.765,-4.685,-4.166,-4.164,-3.97,-3.807,-3.76
OptTAR_Fixed_ligprep_20260117_0.5.maegz:218,-4.726,-5.338,-5.194,-5.089,-6.404,-5.565,-5.047,-6.767,-7.413,-6.953,-5.962,-6.135,-5.113,-5.807,-5.684,-4.644,-4.877,-4.188,-3.883,-4.159,-4.671,-6.304,-5.384,-5.034,-5.662,-5.926,-6.557,-5.594,-5.802,-5.382,-4.895,-5.339,-4.304,-3.927,-4.29,-4.464,-4.852,-4.416,-3.918,-5.573,-5.98,-5.054,-4.391,-5.236,-5.61,-5.655,-5.407,-5.613,-4.838,-5.174
OptTAR_Fixed_ligprep_20260117_0.5.maegz:219,-4.629,-4.228,-4.195,-4.279,-7.179,-4.713,-4.995,-6.238,-5.932,-6.711,-4.95,-5.42,-7.149,-6.371,-5.669,-5.051,-5.793,-4.273,-4.082,-4.535,-4.575,-5.492,-4.815,-5.623,-5.664,-4.778,-6.689,-6.264,-6.072,-5.26,-4.973,-6.679,-4.077,-4.152,-4.415,-4.42,-4.881,-4.404,-4.096,-5.828,-5.646,-4.769,-4.469,-5.067,-6.121,-5.83,-5.866,-5.07,-5.309,-6.506
OptTAR_Fixed_ligprep_20260117_0.5.maegz:220,-4.375,-4.122,-4.868,-4.04,-6.592,-5.221,-4.855,-6.895,-5.151,-6.756,-5.515,-6.618,-4.501,-5.55,-5.925,-5.797,-6.149,-4.268,-4.223,-5.817,-5.683,-5.562,-5.42,-6.152,-5.797,-5.982,-6.814,-6.295,-5.93,-5.898,-5.741,-5.406,-4.246,-4.125,-4.461,-4.212,-4.129,-4.839,-4.163,-6.177,-4.635,-4.803,-4.651,-4.866,-5.677,-5.317,-5.37,-5.915,-5.5,-6.162
OptTAR_Fixed_ligprep_20260117_0.5.maegz:221,-4.655,-4.943,-4.415,-5.032,-6.126,-5.595,-5.615,-6.842,-6.703,-6.534,-5.741,-6.261,-6.946,-5.189,-5.888,-5.831,-7.551,-4.498,-5.193,-6.425,-5.694,-5.843,-5.854,-5.641,-5.183,-6.086,-6.301,-6.655,-5.891,-6.029,-6.27,-6.257,-4.536,-4.589,-4.76,-6.203,-5.917,-4.822,-4.711,-6.131,-5.577,-4.893,-4.855,-5.044,-6.109,-5.85,-5.744,-4.997,-5.432,-5.533
OptTAR_Fixed_ligprep_20260117_0.5.maegz:222,-5.318,-4.936,-4.392,-4.568,-6.559,-5.938,-6.305,-7.732,-6.616,-6.238,-6.234,-5.718,-6.972,-6.404,-6.62,-4.448,-6.886,-4.437,-5.004,-6.126,-4.639,-5.434,-4.927,-4.676,-6.377,-4.935,-6.089,-6.645,-7.435,-5.855,-4.511,-4.799,-4.513,-4.409,-5.114,-4.766,-5.279,-4.525,-4.318,-5.512,-5.646,-4.996,-4.869,-4.58,-5.835,-4.187,-4.817,-5.199,-4.157,-5.184
OptTAR_Fixed_ligprep_20260117_0.5.maegz:223,-4.787,-5.114,-4.877,-4.759,-6.688,-6.206,-6.254,-7.608,-6.621,-6.565,-5.151,-4.599,-6.479,-6.124,-6.55,-4.629,-5.784,-4.217,-4.507,-5.259,-4.754,-5.704,-4.846,-5.1,-6.24,-4.348,-5.221,-6.818,-7.098,-5.365,-5.097,-5.073,-4.332,-3.836,-4.678,-4.626,-5.714,-5.099,-4.179,-5.737,-6.093,-4.573,-3.967,-4.609,-6.627,-5.45,-5.108,-5.283,-4.505,-5.188
OptTAR_Fixed_ligprep_20260117_0.5.maegz:224,-3.419,-3.299,-3.15,-4.189,-4.867,-3.721,-3.56,-5.481,-4.737,-5.171,-4.634,-4.371,-5.532,-4.404,-3.86,-3.878,-5.41,-5.342,-3.261,-3.269,-4.246,-4.591,-4.322,-3.839,-3.592,-4.156,-4.648,-4.001,-4.474,-3.932,-4.374,-4.449,-3.29,-3.374,-3.974,-2.998,-3.245,-3.134,-4.36,-4.753,-5.117,-4.138,-3.657,-4.272,-4.765,-4.386,-4.006,-4.177,-4.174,-4.636
OptTAR_Fixed_ligprep_20260117_0.5.maegz:225,-5.279,-4.801,-4.067,-4.825,-6.15,-4.462,-5.464,-6.083,-5.912,-5.55,-5.75,-5.43,-5.384,-5.598,-5.743,-4.542,-5.245,-4.424,-4.469,-5.457,-5.005,-5.908,-4.433,-5.117,-4.477,-4.842,-5.306,-5.248,-5.759,-6.153,-6.489,-5.888,-3.913,-5.048,-4.431,-3.868,-4.524,-4.303,-4.085,-4.44,-4.262,-4.356,-3.899,-4.118,-5.421,-4.341,-5.17,-4.318,-3.963,-4.516
OptTAR_Fixed_ligprep_20260117_0.5.maegz:226,-4.769,-5.507,-5.182,-5.454,-7.323,-3.672,-4.95,-6.627,-7.089,-5.624,-5.782,-5.044,-5.869,-5.777,-5.359,-4.165,-4.526,-4.412,-3.858,-4.961,-5.795,-5.529,-5.569,-5.746,-5.475,-5.257,-5.707,-5.68,-5.489,-5.54,-4.519,-3.919,-4.29,-4.412,-4.162,-4.037,-4.27,-4.099,-3.934,-4.693,-5.432,-5.198,-4.749,-5.112,-5.882,-4.53,-4.83,-4.182,-4.461,-5.243
OptTAR_Fixed_ligprep_20260117_0.5.maegz:227,-5.249,-5.148,-4.7,-4.554,-6.024,-5.498,-6.927,-6.915,-6.247,-7.572,-5.744,-5.925,-5.037,-5.236,-5.317,-6.964,-6.244,-4.627,-4.526,-6.07,-6.089,-5.65,-5.207,-5.362,-6.044,-6.116,-7.002,-6.326,-6.683,-6.015,-6.686,-5.487,-4.909,-4.669,-5.311,-5.121,-4.816,-5.533,-4.696,-6.811,-5.164,-5.236,-4.92,-4.815,-5.393,-5.486,-5.111,-6.208,-4.876,-6.342
OptTAR_Fixed_ligprep_20260117_0.5.maegz:228,-4.465,-4.814,-5.299,-5.268,-5.241,-3.023,-6.073,-5.843,-4.31,-5.593,-5.568,-4.95,-6.097,-5.676,-5.574,-3.493,-4.536,-3.82,-4.214,-3.861,-4.544,-6.015,-3.337,-5.039,-5.507,-4.931,-5.467,-4.636,-4.67,-4.141,-4.434,-4.543,-3.044,-2.425,-3.332,-2.728,-3.515,-3.483,-2.523,-4.256,-6.032,-3.637,-4.073,-3.914,-4.572,-3.755,-3.997,-4.344,-4.866,-4.702
OptTAR_Fixed_ligprep_20260117_0.5.maegz:229,-3.907,-4.54,-5.553,-4.905,-6.313,-3.581,-5.692,-5.291,-4.514,-5.9,-6.358,-4.861,-6.468,-5.979,-5.895,-3.727,-4.272,-3.838,-3.044,-4.273,-4.202,-5.15,-4.67,-4.809,-5.212,-4.201,-6.525,-4.308,-4.69,-3.585,-4.292,-3.743,-3.84,-3.771,-3.432,-2.344,-4.153,-3.045,-2.925,-4.018,-5.792,-4.261,-4.188,-3.934,-4.202,-3.998,-4.019,-4.194,-4.614,-3.678
OptTAR_Fixed_ligprep_20260117_0.5.maegz:230,-5.333,-5.113,-4.869,-5.032,-5.923,-4.882,-5.739,-6.1,-5.526,-6.076,-5.065,-4.969,-5.571,-5.246,-6.048,-3.706,-5.319,-4.249,-4.986,-4.705,-4.174,-5.068,-4.41,-5.22,-5.453,-4.24,-5.223,-5.626,-5.754,-4.136,-4.586,-4.108,-3.283,-3.393,-3.521,-2.904,-4.593,-3.621,-3.102,-4.764,-5.313,-3.842,-3.498,-4.499,-5.641,-3.828,-4.339,-4.311,-3.571,-4.583
OptTAR_Fixed_ligprep_20260117_0.5.maegz:231,-4.611,-4.758,-4.677,-4.534,-5.093,-5.817,-5.691,-6.611,-4.893,-5.605,-4.265,-4.099,-5.844,-4.467,-5.774,-4.739,-4.633,-3.374,-4.617,-3.627,-4.936,-4.754,-5.375,-4.535,-4.334,-4.248,-5.896,-5.237,-4.306,-4.18,-4.492,-4.362,-3.567,-2.948,-4.113,-3.28,-3.663,-3.865,-3.388,-4.419,-5.384,-4.773,-4.172,-3.842,-4.689,-3.807,-4.315,-4.02,-4.684,-3.825
OptTAR_Fixed_ligprep_20260117_0.5.maegz:232,-3.291,-3.328,-4.204,-2.132,-2.845,-3.246,-3.216,-4.006,-5.237,-4.453,-4.378,-4.107,-4.709,-3.299,-3.567,-3.769,-4.191,-2.951,-3.11,-3.793,-3.344,-3.624,-3.825,-3.507,-2.676,-3.716,-4.162,-3.972,-3.942,-3.858,-4.324,-4.473,-3.188,-3.151,-3.146,-2.851,-2.993,-2.732,-3.288,-2.736,-2.854,-3.616,-4.731,-2.98,-3.119,-3.478,-3.334,-3.905,-3.263,-3.266
OptTAR_Fixed_ligprep_20260117_0.5.maegz:233,-5.446,-5.706,-5.724,-6.021,-6.528,-5.763,-7.728,-7.894,-4.934,-6.101,-6.125,-6.116,-7.085,-5.195,-6.611,-4.513,-6.633,-4.434,-5.789,-5.153,-5.537,-5.232,-5.493,-5.533,-5.06,-6.526,-7.376,-5.82,-5.603,-5.101,-5.064,-4.861,-3.729,-3.986,-3.937,-4.214,-4.976,-4.547,-3.945,-5.278,-6.463,-4.718,-4.915,-4.851,-5.19,-4.55,-3.907,-4.951,-4.965,-5.328
OptTAR_Fixed_ligprep_20260117_0.5.maegz:234,-5.39,-4.548,-4.776,-4.643,-6.339,-5.84,-6.598,-6.912,-5.99,-6.666,-6.084,-5.777,-5.6,-5.827,-5.489,-4.909,-5.701,-5.546,-5.54,-5.058,-6.227,-5.654,-4.675,-5.598,-5.543,-5.597,-6.546,-5.803,-5.886,-5.658,-5.781,-4.962,-4.527,-4.277,-4.676,-3.949,-4.939,-4.14,-4.437,-4.645,-5.75,-4.539,-4.029,-4.436,-6.185,-4.83,-5.373,-4.422,-5.305,-5.372
OptTAR_Fixed_ligprep_20260117_0.5.maegz:235,-4.751,-4.706,-4.68,-5.848,-6.268,-3.802,-7.109,-6.948,-7.546,-5.612,-5.551,-5.268,-6.52,-5.022,-6.039,-4.76,-5.663,-4.145,-4.322,-4.927,-5.248,-6.132,-4.196,-5.252,-5.106,-5.159,-5.337,-5.527,-7.082,-4.29,-5.227,-4.809,-4.244,-4.445,-3.66,-4.079,-4.168,-4.018,-4.146,-4.725,-5.629,-4.068,-5.167,-4.735,-4.646,-5.927,-4.308,-4.374,-4.155,-4.387
OptTAR_Fixed_ligprep_20260117_0.5.maegz:236,-5.518,-5.857,-5.284,-5.508,-6.501,-5.66,-4.839,-7.287,-7.283,-6.114,-5.746,-6.423,-5.226,-6.59,-5.896,-5.56,-6.845,-5.369,-5.456,-6.785,-6.426,-7.049,-6.118,-5.209,-5.11,-5.98,-7.074,-6.261,-5.875,-5.731,-6.241,-6.821,-5.386,-6.371,-5.522,-5.371,-5.391,-4.347,-5.556,-6.17,-5.451,-5.134,-5.235,-5.192,-5.958,-5.725,-6.447,-5.727,-5.709,-6.024
OptTAR_Fixed_ligprep_20260117_0.5.maegz:237,-4.927,-4.053,-5.186,-5.358,-5.567,-4.106,-4.535,-6.285,-5.268,-4.51,-6.497,-4.66,-5.736,-6.203,-4.647,-3.857,-3.162,-3.429,-3.363,-3.746,-4.536,-5.026,-4.374,-5.433,-5.133,-4.522,-5.516,-5.073,-5.689,-5.32,-4.147,-4.262,-3.488,-3.018,-4.008,-3.048,-4.741,-4.223,-3.468,-4.651,-3.897,-3.93,-4.036,-3.638,-3.573,-4.078,-3.907,-4.383,-3.82,-4.19
OptTAR_Fixed_ligprep_20260117_0.5.maegz:238,-3.436,-3.997,-4.437,-4.958,-6.418,-4.582,-5.685,-6.869,-6.388,-4.713,-5.357,-5.095,-6.593,-6.363,-5.882,-5.074,-4.665,-3.843,-4.056,-3.604,-4.651,-3.921,-5.115,-5.264,-5.171,-4.829,-4.111,-4.853,-4.56,-4.149,-4.564,-4.787,-3.831,-4.21,-5.208,-4.05,-5.394,-3.29,-4.096,-5.091,-4.54,-4.505,-4.722,-5.157,-4.81,-5.346,-4.836,-5.575,-4.253,-5.077
OptTAR_Fixed_ligprep_20260117_0.5.maegz:239,-5.637,-4.905,-5.357,-4.912,-6.525,-5.905,-5.604,-6.858,-6.344,-7.154,-5.717,-6.066,-6.956,-5.731,-5.797,-4.753,-6.549,-4.558,-5.368,-4.064,-5.944,-4.574,-4.705,-5.202,-4.93,-4.461,-6.226,-5.609,-5.968,-5.002,-5.534,-4.648,-4.757,-4.736,-5.049,-4.317,-5.498,-5.038,-5.091,-6.508,-5.836,-4.682,-4.649,-5.361,-5.147,-5.525,-5.056,-4.845,-4.542,-5.053
OptTAR_Fixed_ligprep_20260117_0.5.maegz:240,-5.209,-5.023,-4.898,-4.817,-6.098,-5.343,-6.081,-6.837,-6.52,-6.371,-5.448,-6.317,-6.43,-5.6,-5.065,-4.873,-6.592,-4.738,-5.234,-5.907,-6.033,-5.519,-5.48,-5.029,-6.206,-5.778,-5.972,-6.078,-6.06,-5.061,-5.514,-5.091,-4.275,-4.68,-4.24,-5.18,-5.221,-4.802,-4.781,-4.562,-4.363,-4.54,-4.904,-4.253,-5.792,-4.336,-4.797,-4.415,-4.613,-5.178
OptTAR_Fixed_ligprep_20260117_0.5.maegz:241,-5.309,-5.746,-4.53,-5.827,-6.049,-6.05,-5.577,-7.03,-6.676,-6.351,-6.187,-6.017,-6.313,-6.164,-6.107,-5.023,-5.369,-4.913,-4.265,-4.441,-5.663,-6.208,-5.141,-5.262,-5.483,-6.042,-5.971,-5.866,-5.562,-5.52,-4.958,-4.643,-4.333,-4.214,-4.448,-4.752,-4.495,-4.363,-4.321,-6.2,-5.459,-4.541,-4.884,-5.143,-5.357,-5.432,-4.237,-4.697,-5.129,-5.179
OptTAR_Fixed_ligprep_20260117_0.5.maegz:242,-3.973,-3.782,-4.205,-4.024,-5.746,-4.208,-5.025,-6.174,-5.568,-5.182,-5.135,-3.829,-5.909,-3.811,-5.275,-4.051,-4.846,-4.093,-3.911,-4.906,-3.427,-5.725,-3.594,-4.057,-5.241,-4.946,-7.135,-4.038,-5.163,-4.781,-4.599,-4.523,-3.376,-4.631,-3.068,-4.315,-4.227,-3.396,-2.436,-3.032,-5.007,-4.263,-3.972,-3.542,-4.337,-4.778,-2.968,-5.64,-4.65,-3.458
OptTAR_Fixed_ligprep_20260117_0.5.maegz:243,-4.629,-4.198,-4.239,-4.507,-5.413,-4.995,-5.643,-6.852,-7.012,-6.915,-6.204,-5.292,-5.978,-5.25,-5.318,-4.908,-4.54,-4.357,-4.051,-4.985,-5.356,-4.741,-6.207,-5.428,-5.237,-5.397,-6.39,-6.105,-5.646,-5.16,-5.049,-4.844,-4.168,-4.514,-4.006,-3.858,-5.42,-4.123,-3.313,-4.592,-5.463,-4.345,-5.216,-4.415,-4.868,-4.841,-4.941,-4.583,-4.734,-5.448
OptTAR_Fixed_ligprep_20260117_0.5.maegz:244,-4.031,-4.464,-4.199,-4.732,-5.532,-3.469,-6.337,-6.547,-6.402,-6.337,-5.692,-5.334,-5.505,-5.097,-4.695,-5.321,-4.443,-4.645,-3.852,-5.338,-5.129,-4.845,-4.496,-4.645,-4.706,-4.953,-5.944,-4.468,-5.776,-4.99,-5.333,-4.684,-3.557,-4.443,-4.063,-4.987,-4.326,-4.03,-3.633,-3.92,-4.2,-3.898,-4.139,-4.136,-4.428,-4.329,-4.199,-4.024,-4.307,-4.912
OptTAR_Fixed_ligprep_20260117_0.5.maegz:245,-4.403,-5.103,-4.409,-5.443,-6.149,-5.191,-5.613,-7.269,-5.887,-6.457,-5.382,-3.605,-7.198,-5.391,-6.225,-4.062,-5.702,-4.939,-5.103,-4.474,-5.219,-5.662,-4.797,-5.285,-6.582,-5.476,-6.7,-5.088,-5.849,-5.915,-4.875,-4.459,-4.351,-4.564,-4.142,-4.798,-4.555,-5.156,-5.306,-5.047,-5.729,-4.74,-4.962,-5.115,-4.818,-5.588,-5.472,-5.152,-5.213,-6.034
OptTAR_Fixed_ligprep_20260117_0.5.maegz:246,-5.089,-4.158,-4.334,-3.52,-5.555,-4.878,-6.017,-6.003,-5.744,-5.59,-5.522,-3.883,-6.755,-4.801,-6.54,-4.383,-4.346,-4.208,-3.845,-3.989,-4.544,-5.793,-4.855,-5.566,-5.31,-5.69,-6.934,-5.434,-5.812,-4.431,-5.167,-4.65,-3.881,-4.582,-3.354,-3.861,-5.512,-4.45,-3.914,-4.666,-4.564,-5.437,-4.085,-3.88,-4.515,-5.022,-5.311,-4.185,-5.118,-4.623
OptTAR_Fixed_ligprep_20260117_0.5.maegz:247,-2.765,-3.137,-3.593,-2.986,-6.163,-2.253,-4.257,-6.25,-6.505,-4.968,-5.256,-2.886,-5.137,-4.731,-5.159,-3.687,-4.59,-4.409,-4.814,-3.006,-4.363,-5.372,-3.443,-3.55,-2.848,-4.095,-6.004,-4.69,-4.152,-5.023,-4.301,-4.579,-3.511,-2.363,-3.969,-3.12,-4.266,-3.867,-3.085,-4.424,-5.151,-3.441,-3.512,-4.118,-4.634,-3.843,-4.515,-4.017,-3.544,-4.176
OptTAR_Fixed_ligprep_20260117_0.5.maegz:248,-3.895,-2.918,-3.112,-3.468,-4.58,-4.394,-4.632,-4.476,-5.39,-3.973,-4.642,-4.34,-4.534,-3.681,-4.119,-4.747,-5.408,-1.726,-1.266,-3.871,-4.135,-4.362,-4.504,-4.017,-4.055,-3.969,-4.868,-3.64,-4.3,-4.226,-3.705,-3.579,-3.59,-1.781,-3.915,-3.047,-0.8474,-2.08,-1.99,-3.839,-3.755,-4.64,-4.191,-2.832,-4.04,-4.778,-3.909,-4.213,-3.524,-3.438
OptTAR_Fixed_ligprep_20260117_0.5.maegz:249,-3.563,-2.826,-2.823,-3.097,-3.92,-5.236,-4.365,-4.773,-5.138,-4.859,-5.578,-2.41,-4.09,-3.397,-3.719,-3.786,-5.06,-2.976,-2.879,-4.029,-3.152,-4.345,-3.962,-3.263,-3.806,-3.293,-3.804,-3.581,-4.31,-3.774,-4.182,-4.153,-2.283,-2.486,-2.698,-2.97,-2.638,-2.151,-2.685,-3.463,-3.501,-3.829,-3.936,-3.502,-3.508,-2.144,-3.756,-3.158,-3.552,-3.526
OptTAR_Fixed_ligprep_20260117_0.5.maegz:250,-4.994,-5.048,-4.95,-4.85,-5.969,-4.64,-5.176,-6.768,-6.6,-6.971,-5.236,-5.229,-5.783,-6.616,-5.189,-5.068,-6.519,-4.481,-3.922,-5.329,-4.881,-5.314,-6.002,-5.293,-5.283,-5.116,-6.316,-5.986,-5.704,-5.167,-5.516,-5.039,-3.981,-5.199,-4.345,-4.137,-4.32,-5.617,-3.296,-6.409,-5.501,-4.864,-4.831,-4.267,-5.499,-5.39,-4.648,-4.403,-4.445,-5.765
OptTAR_Fixed_ligprep_20260117_0.5.maegz:251,-4.655,-5.176,-4.517,-4.636,-5.946,-5.504,-6.195,-7.499,-5.834,-5.572,-6.157,-4.738,-5.549,-5.83,-5.76,-3.674,-5.63,-3.368,-3.484,-4.636,-4.212,-3.841,-4.157,-6.053,-6.754,-5.972,-6.705,-5.404,-4.149,-4.78,-4.321,-4.686,-3.396,-4.83,-3.881,-4.397,-5.984,-4.93,-3.591,-6.376,-4.806,-3.96,-4.699,-4.583,-4.847,-4.523,-4.784,-5.41,-4.607,-5.36
OptTAR_Fixed_ligprep_20260117_0.5.maegz:252,-2.412,-3.281,-2.884,-3.335,-4.396,-3.928,-4.188,-6.081,-5.397,-4.114,-5.004,-1.86,-2.343,-4.713,-3.689,-2.466,-4.526,-1.882,-1.206,-4.003,-3.179,-5.349,-2.684,-4.328,-4.646,-4.883,-4.524,-4.163,-3.009,-3.814,-3.968,-3.502,-2.947,-4.218,-3.697,-2.765,-4.551,-3.43,-2.832,-2.229,-4.47,-3.729,-3.553,-3.74,-3.27,-4.145,-4.354,-3.367,-3.659,-3.737
OptTAR_Fixed_ligprep_20260117_0.5.maegz:253,-4.834,-4.263,-3.903,-3.844,-5.767,-5.087,-4.592,-7.471,-5.954,-6.779,-6.084,-5.671,-6.815,-5.661,-5.047,-5.116,-6.139,-4.682,-3.973,-5.502,-4.632,-5.85,-5.326,-5.731,-5.843,-5.737,-5.946,-5.388,-5.176,-5.396,-5.462,-5.26,-3.97,-4.752,-3.842,-4.199,-4.771,-5.778,-5.23,-6.203,-4.152,-4.265,-4.851,-4.026,-4.717,-5.059,-5.044,-4.28,-5.167,-5.503
OptTAR_Fixed_ligprep_20260117_0.5.maegz:254,-5.321,-5.145,-5.0,-4.675,-6.239,-5.501,-6.267,-6.889,-6.833,-5.944,-6.05,-5.653,-6.812,-5.326,-5.097,-4.534,-5.717,-4.904,-4.549,-5.37,-3.889,-5.711,-4.807,-4.791,-5.809,-5.302,-6.75,-4.661,-5.004,-5.13,-5.286,-5.671,-3.48,-5.491,-4.568,-3.876,-5.144,-3.993,-3.539,-6.053,-4.939,-3.831,-3.529,-4.368,-5.15,-4.932,-5.351,-4.258,-5.381,-5.922
OptTAR_Fixed_ligprep_20260117_0.5.maegz:255,-4.324,-4.386,-4.214,-4.418,-6.916,-5.784,-6.197,-6.478,-6.297,-6.488,-5.31,-4.79,-5.74,-5.683,-5.319,-6.956,-7.115,-3.668,-3.727,-5.292,-4.646,-5.706,-5.646,-5.705,-5.569,-6.078,-6.837,-5.52,-6.246,-5.387,-4.955,-6.036,-4.088,-4.437,-4.363,-4.072,-4.138,-4.45,-4.709,-6.749,-5.47,-4.489,-5.194,-5.258,-5.299,-5.997,-5.982,-5.203,-4.793,-5.929
OptTAR_Fixed_ligprep_20260117_0.5.maegz:256,-4.688,-5.375,-5.405,-5.054,-6.517,-5.032,-6.129,-8.072,-4.709,-6.597,-5.88,-4.951,-6.383,-5.393,-5.925,-4.391,-6.195,-4.003,-5.55,-4.849,-4.747,-5.723,-5.3,-4.782,-5.195,-4.879,-5.668,-5.539,-4.95,-4.432,-4.877,-4.778,-3.817,-4.769,-4.162,-4.567,-4.594,-4.971,-3.682,-4.52,-6.061,-4.238,-4.535,-4.954,-3.971,-4.219,-5.198,-4.628,-4.414,-4.96
OptTAR_Fixed_ligprep_20260117_0.5.maegz:257,-5.029,-5.079,-5.151,-5.904,-6.368,-5.219,-6.255,-6.324,-6.989,-6.432,-5.883,-6.063,-5.77,-5.405,-5.566,-5.257,-5.886,-4.508,-4.619,-5.373,-5.909,-6.479,-6.531,-4.852,-5.261,-4.953,-6.346,-6.221,-4.785,-4.374,-5.043,-5.156,-4.527,-5.694,-5.631,-5.415,-5.445,-3.648,-4.52,-4.416,-5.375,-4.841,-4.047,-5.048,-5.121,-6.088,-5.843,-4.999,-4.583,-5.075
OptTAR_Fixed_ligprep_20260117_0.5.maegz:258,-4.791,-5.545,-4.761,-5.147,-4.931,-3.447,-5.181,-5.047,-5.218,-5.662,-4.166,-2.549,-4.792,-2.832,-6.153,-5.003,-3.063,-3.143,-4.57,-5.214,-4.209,-3.618,-3.933,-4.758,-4.569,-3.206,-4.861,-4.566,-4.743,-3.91,-5.128,-4.641,-3.483,-3.312,-3.004,-3.09,-3.344,-2.921,-3.128,-4.007,-3.966,-4.3,-3.062,-4.187,-4.116,-4.3,-4.33,-3.678,-4.665,-5.689
OptTAR_Fixed_ligprep_20260117_0.5.maegz:259,-4.071,-4.627,-4.31,-4.245,-5.462,-5.09,-4.866,-7.24,-5.4,-6.314,-5.649,-5.276,-5.969,-4.709,-6.006,-6.339,-5.063,-3.03,-3.359,-4.701,-4.441,-4.292,-4.39,-4.651,-5.745,-5.058,-5.521,-5.074,-6.137,-4.374,-5.606,-3.831,-3.624,-3.833,-3.6,-3.645,-4.078,-3.705,-3.477,-4.296,-5.087,-4.059,-4.078,-4.075,-5.596,-4.866,-4.624,-4.594,-3.743,-5.31
OptTAR_Fixed_ligprep_20260117_0.5.maegz:260,-4.378,-4.788,-4.494,-4.768,-5.319,-5.333,-5.884,-6.597,-5.765,-5.675,-5.253,-4.435,-3.96,-5.517,-5.892,-4.269,-3.475,-3.221,-3.625,-4.5,-3.801,-6.126,-4.512,-4.94,-5.12,-4.739,-6.862,-4.953,-5.619,-4.089,-4.165,-4.773,-4.354,-3.304,-3.779,-2.968,-5.46,-3.572,-3.101,-4.076,-4.925,-4.307,-3.691,-4.275,-4.542,-4.921,-4.214,-4.507,-4.408,-5.171
OptTAR_Fixed_ligprep_20260117_0.5.maegz:261,-5.172,-4.954,-3.314,-5.458,-5.601,-4.218,-3.683,-6.818,-5.871,-5.168,-5.293,-4.555,-5.808,-5.025,-5.922,-3.596,-4.425,-3.509,-3.054,-4.181,-3.734,-5.262,-4.261,-5.574,-4.776,-4.741,-5.48,-6.149,-5.827,-4.523,-5.422,-5.922,-3.879,-4.477,-4.364,-3.774,-4.528,-3.273,-2.976,-4.574,-4.382,-4.122,-4.204,-4.279,-4.37,-5.318,-4.818,-4.39,-4.374,-6.166
OptTAR_Fixed_ligprep_20260117_0.5.maegz:262,-5.372,-4.96,-3.633,-5.087,-5.111,-3.498,-5.745,-5.32,-6.665,-5.566,-4.045,-4.824,-3.88,-3.798,-6.189,-4.802,-3.522,-3.176,-3.486,-4.446,-4.447,-5.215,-4.852,-3.998,-5.349,-5.12,-5.713,-4.71,-5.328,-4.826,-4.936,-3.897,-3.3,-3.974,-3.228,-4.506,-5.592,-3.417,-2.589,-4.277,-4.468,-3.809,-4.141,-4.332,-4.224,-5.123,-4.714,-4.743,-4.667,-6.101
OptTAR_Fixed_ligprep_20260117_0.5.maegz:263,-5.01,-4.21,-4.915,-4.7,-5.822,-3.246,-5.806,-6.739,-6.275,-5.908,-6.006,-4.782,-5.167,-4.929,-5.416,-4.61,-4.04,-4.974,-3.459,-5.012,-4.717,-5.228,-4.923,-3.707,-4.772,-5.086,-6.159,-5.455,-6.231,-4.299,-5.173,-4.947,-3.603,-5.261,-4.938,-4.582,-3.356,-3.494,-3.766,-3.917,-4.734,-3.966,-4.011,-4.602,-5.017,-4.606,-4.228,-4.281,-5.126,-5.176
OptTAR_Fixed_ligprep_20260117_0.5.maegz:264,-4.663,-5.088,-4.346,-4.76,-5.287,-4.909,-5.732,-6.669,-6.322,-5.914,-5.455,-4.629,-5.337,-4.512,-6.18,-5.302,-3.935,-3.457,-3.746,-3.863,-5.105,-5.925,-5.047,-5.523,-4.776,-5.076,-5.257,-6.008,-4.591,-4.249,-5.009,-4.322,-3.467,-3.592,-4.64,-4.731,-4.553,-3.598,-3.223,-4.128,-3.603,-3.655,-4.909,-4.859,-5.69,-5.601,-4.439,-5.025,-4.571,-5.008
OptTAR_Fixed_ligprep_20260117_0.5.maegz:265,-4.94,-4.955,-4.9,-4.736,-5.674,-4.301,-4.5,-6.908,-6.499,-6.027,-4.554,-6.188,-6.134,-5.416,-5.104,-4.411,-3.796,-3.78,-4.47,-4.564,-5.751,-5.658,-4.63,-4.752,-4.83,-5.133,-6.092,-4.769,-4.948,-4.491,-5.286,-4.64,-4.155,-4.283,-4.846,-4.478,-5.48,-2.823,-3.862,-4.245,-5.357,-4.067,-4.73,-4.052,-5.249,-4.667,-4.606,-4.945,-5.248,-5.112
OptTAR_Fixed_ligprep_20260117_0.5.maegz:266,-5.116,-5.626,-4.266,-5.435,-5.674,-3.939,-5.521,-7.113,-6.63,-6.013,-5.713,-4.301,-4.894,-4.539,-5.896,-4.166,-4.752,-4.405,-3.738,-4.888,-4.173,-5.306,-4.431,-5.46,-5.252,-4.545,-5.895,-6.061,-5.887,-4.915,-6.1,-5.391,-3.799,-4.549,-3.531,-4.801,-5.082,-3.195,-3.451,-4.089,-4.793,-4.462,-5.078,-4.25,-4.294,-4.977,-4.661,-4.373,-4.575,-4.206
OptTAR_Fixed_ligprep_20260117_0.5.maegz:267,-5.001,-4.995,-4.073,-5.736,-5.524,-4.635,-5.581,-6.29,-7.716,-6.323,-4.174,-4.911,-3.567,-6.144,-6.337,-5.218,-4.299,-4.12,-4.051,-4.877,-5.096,-3.823,-5.208,-5.048,-5.335,-4.535,-7.467,-3.766,-5.952,-5.317,-3.892,-5.581,-3.749,-3.875,-2.854,-5.148,-3.672,-3.527,-3.422,-4.716,-5.457,-4.983,-4.593,-4.538,-4.81,-5.176,-5.636,-4.033,-4.369,-4.497
OptTAR_Fixed_ligprep_20260117_0.5.maegz:268,-4.406,-5.251,-4.581,-5.237,-5.743,-5.053,-4.923,-6.815,-5.837,-5.961,-5.535,-4.612,-5.312,-5.313,-4.652,-6.3,-5.637,-3.739,-2.944,-4.455,-4.559,-5.076,-5.074,-4.915,-5.61,-5.389,-5.77,-5.247,-6.144,-4.092,-6.2,-5.329,-3.583,-4.167,-3.579,-3.248,-3.141,-3.546,-3.297,-4.451,-5.139,-4.542,-4.607,-3.953,-4.904,-4.973,-4.807,-4.461,-4.313,-5.157
OptTAR_Fixed_ligprep_20260117_0.5.maegz:269,-4.921,-5.292,-5.055,-5.063,-4.866,-4.343,-4.883,-6.185,-4.95,-5.829,-5.654,-6.209,-5.594,-5.533,-3.983,-4.399,-4.968,-5.288,-3.296,-4.759,-4.829,-5.215,-5.5,-5.139,-4.28,-5.699,-5.688,-6.271,-5.618,-4.617,-4.765,-5.915,-3.359,-4.138,-3.752,-4.621,-3.53,-3.57,-3.006,-3.974,-4.367,-4.108,-4.25,-4.366,-4.653,-4.358,-4.665,-3.789,-4.519,-4.549
OptTAR_Fixed_ligprep_20260117_0.5.maegz:270,-4.684,-4.397,-4.504,-4.705,-5.509,-4.671,-4.532,-6.25,-6.817,-5.592,-5.138,-5.617,-5.523,-5.064,-5.575,-4.167,-5.621,-5.009,-3.487,-3.932,-4.243,-5.434,-5.149,-4.887,-5.096,-4.217,-5.876,-4.89,-5.527,-4.702,-5.208,-4.535,-4.601,-4.982,-3.873,-4.19,-3.881,-2.938,-3.742,-5.33,-5.13,-3.777,-4.061,-4.428,-5.067,-4.713,-5.596,-4.402,-4.032,-4.961
OptTAR_Fixed_ligprep_20260117_0.5.maegz:271,-4.662,-5.062,-5.637,-4.817,-6.284,-5.148,-4.7,-7.049,-6.004,-5.664,-6.048,-5.997,-6.487,-5.895,-4.235,-5.3,-4.669,-5.168,-4.929,-4.836,-6.685,-5.164,-5.066,-5.473,-5.588,-5.289,-6.183,-5.485,-5.775,-5.017,-5.072,-5.935,-4.547,-5.468,-4.379,-4.726,-5.647,-4.075,-4.211,-5.034,-5.738,-5.132,-5.511,-5.131,-5.416,-4.987,-5.151,-5.186,-4.895,-5.307
OptTAR_Fixed_ligprep_20260117_0.5.maegz:272,-3.841,-3.693,-3.432,-5.328,-5.628,-3.132,-4.494,-6.143,-5.755,-5.194,-5.259,-5.424,-3.933,-4.377,-4.563,-4.015,-3.731,-4.756,-3.448,-4.232,-5.066,-4.871,-4.964,-5.289,-5.032,-4.925,-5.928,-5.262,-5.283,-4.588,-5.204,-5.22,-3.692,-3.561,-4.512,-4.146,-4.906,-3.784,-3.852,-4.286,-4.774,-3.912,-4.767,-4.296,-5.134,-3.943,-4.305,-4.136,-3.773,-4.308
OptTAR_Fixed_ligprep_20260117_0.5.maegz:273,-4.787,-5.931,-5.409,-5.467,-6.329,-5.895,-5.283,-7.276,-5.994,-5.985,-5.895,-6.246,-6.64,-6.192,-5.594,-4.75,-5.814,-4.299,-4.059,-4.77,-5.422,-5.82,-6.017,-5.292,-5.531,-5.904,-5.45,-6.019,-6.184,-5.636,-4.689,-5.515,-3.955,-5.04,-5.134,-5.316,-5.168,-4.076,-4.157,-5.4,-6.21,-5.216,-5.317,-5.077,-5.099,-4.75,-4.302,-4.623,-5.197,-5.59
OptTAR_Fixed_ligprep_20260117_0.5.maegz:274,-3.786,-5.183,-4.307,-3.778,-4.296,-4.743,-4.776,-6.98,-5.127,-5.835,-5.725,-6.31,-5.076,-5.059,-5.134,-4.57,-4.62,-3.995,-3.916,-4.703,-4.846,-5.111,-5.028,-5.067,-4.61,-5.216,-5.68,-4.754,-5.688,-4.613,-5.638,-4.529,-3.343,-4.7,-4.348,-4.517,-4.316,-3.894,-3.926,-4.531,-5.084,-4.54,-4.76,-4.393,-5.657,-4.294,-3.667,-5.26,-5.012,-4.976
OptTAR_Fixed_ligprep_20260117_0.5.maegz:275,-3.542,-3.485,-3.299,-3.631,-4.05,-4.367,-4.543,-6.178,-5.308,-5.356,-4.62,-4.55,-4.15,-5.064,-4.255,-3.98,-4.846,-3.456,-3.412,-5.486,-4.185,-6.225,-5.552,-5.428,-4.861,-5.075,-5.297,-4.332,-4.479,-5.042,-4.925,-5.203,-3.651,-4.67,-4.041,-3.412,-3.968,-3.817,-3.444,-4.376,-4.143,-3.888,-4.342,-4.347,-3.939,-4.35,-4.304,-4.946,-4.631,-5.43
OptTAR_Fixed_ligprep_20260117_0.5.maegz:276,-4.099,-3.302,-4.707,-3.617,-4.79,-4.848,-5.16,-6.359,-4.481,-6.054,-5.604,-4.215,-4.433,-5.776,-3.867,-5.854,-5.704,-4.68,-3.445,-5.435,-4.947,-5.509,-5.093,-5.207,-4.78,-5.881,-5.461,-5.729,-4.795,-5.447,-5.319,-5.284,-4.192,-3.912,-4.185,-4.52,-6.727,-3.839,-4.195,-4.34,-5.611,-4.838,-4.004,-4.453,-4.512,-5.205,-4.212,-5.06,-4.983,-5.238
OptTAR_Fixed_ligprep_20260117_0.5.maegz:277,-5.386,-4.944,-4.485,-4.397,-6.379,-3.912,-5.68,-7.145,-6.236,-7.454,-6.205,-5.738,-5.674,-5.609,-5.272,-4.614,-5.54,-5.494,-4.64,-5.797,-6.653,-5.145,-6.822,-6.531,-6.64,-5.442,-6.554,-6.099,-5.933,-5.654,-5.146,-5.345,-4.362,-4.667,-4.198,-5.132,-5.863,-5.32,-5.87,-4.969,-5.872,-4.939,-5.081,-5.14,-5.973,-5.085,-4.639,-4.962,-5.253,-6.438
OptTAR_Fixed_ligprep_20260117_0.5.maegz:278,-4.672,-3.749,-4.224,-4.303,-4.772,-3.772,-4.687,-6.962,-5.665,-7.025,-5.177,-3.823,-4.771,-5.616,-4.843,-4.741,-5.119,-4.004,-4.642,-4.489,-4.761,-6.217,-6.016,-5.41,-6.381,-5.851,-7.129,-5.35,-6.108,-5.161,-4.731,-5.188,-4.212,-4.854,-5.309,-5.388,-4.197,-4.795,-4.28,-4.904,-5.632,-5.083,-5.096,-5.338,-4.916,-5.136,-5.122,-5.054,-5.296,-6.697
OptTAR_Fixed_ligprep_20260117_0.5.maegz:279,-4.411,-4.293,-4.462,-4.88,-5.662,-4.317,-5.594,-7.284,-6.34,-6.336,-5.489,-4.694,-4.735,-5.896,-5.136,-5.949,-5.294,-3.78,-4.436,-4.996,-4.315,-6.777,-5.476,-5.955,-5.614,-5.197,-7.407,-5.484,-5.708,-5.248,-4.884,-4.794,-4.468,-4.108,-3.967,-3.505,-4.173,-3.849,-4.44,-4.673,-4.834,-5.51,-5.841,-5.395,-5.675,-5.377,-5.379,-5.175,-5.177,-5.583
OptTAR_Fixed_ligprep_20260117_0.5.maegz:280,-5.514,-5.658,-5.16,-4.798,-6.403,-6.226,-6.225,-7.79,-6.515,-6.728,-6.104,-5.722,-6.83,-6.258,-5.741,-6.098,-5.373,-5.841,-4.715,-5.968,-6.381,-6.715,-6.818,-6.19,-7.069,-6.35,-7.716,-6.337,-6.973,-6.201,-6.545,-6.227,-5.11,-5.368,-5.266,-4.554,-5.089,-4.583,-4.902,-5.657,-5.157,-5.706,-5.216,-5.499,-5.901,-6.383,-6.083,-5.219,-5.694,-5.952
OptTAR_Fixed_ligprep_20260117_0.5.maegz:281,-4.209,-3.847,-4.065,-5.07,-6.293,-4.524,-5.271,-6.011,-6.368,-6.341,-6.151,-4.214,-5.784,-5.655,-5.237,-4.576,-4.744,-4.125,-4.409,-4.038,-4.45,-6.205,-5.975,-5.826,-6.61,-6.031,-7.203,-5.441,-6.022,-5.772,-5.479,-6.022,-3.969,-5.431,-4.488,-5.149,-4.999,-4.075,-3.931,-4.667,-5.308,-4.884,-4.538,-5.438,-5.831,-6.051,-5.058,-5.358,-4.907,-5.6
OptTAR_Fixed_ligprep_20260117_0.5.maegz:282,-4.612,-4.33,-4.554,-4.863,-5.741,-4.108,-5.75,-6.629,-5.99,-6.266,-4.501,-4.133,-5.115,-5.157,-5.603,-4.953,-5.149,-4.043,-4.377,-5.283,-5.533,-5.128,-6.499,-5.053,-6.714,-6.401,-6.377,-5.821,-5.874,-5.502,-4.879,-4.981,-3.604,-4.746,-4.152,-5.096,-4.413,-4.336,-4.407,-5.492,-5.935,-5.341,-4.017,-5.008,-5.287,-5.261,-5.915,-5.078,-5.335,-5.478
OptTAR_Fixed_ligprep_20260117_0.5.maegz:283,-6.21,-6.338,-5.02,-5.973,-6.85,-4.745,-5.399,-7.59,-6.925,-7.414,-7.509,-4.84,-5.751,-6.174,-5.876,-5.953,-6.056,-6.224,-4.666,-5.509,-6.604,-6.053,-5.919,-6.921,-5.453,-7.357,-7.034,-6.053,-6.941,-6.953,-5.987,-4.97,-5.48,-5.918,-5.092,-5.122,-4.477,-5.126,-4.92,-5.813,-5.06,-6.18,-5.668,-5.5,-5.299,-5.554,-5.82,-5.547,-5.685,-5.733
OptTAR_Fixed_ligprep_20260117_0.5.maegz:284,-4.782,-4.878,-3.483,-4.404,-6.314,-5.469,-5.231,-6.542,-6.198,-5.42,-5.174,-6.082,-5.479,-6.319,-5.001,-3.927,-5.722,-4.162,-3.378,-5.277,-3.808,-4.194,-4.893,-5.273,-4.469,-4.415,-5.898,-4.867,-5.818,-4.828,-4.706,-4.822,-4.02,-3.589,-3.812,-3.947,-3.879,-3.333,-4.11,-4.236,-3.27,-3.692,-3.954,-4.165,-4.055,-4.337,-4.334,-4.377,-4.119,-5.352
OptTAR_Fixed_ligprep_20260117_0.5.maegz:285,-5.598,-4.153,-4.274,-4.378,-5.399,-5.15,-6.944,-7.861,-7.344,-6.566,-6.315,-4.398,-6.236,-5.222,-6.425,-5.341,-5.627,-4.889,-4.426,-4.953,-5.676,-6.313,-5.552,-6.035,-5.974,-5.926,-8.121,-5.978,-6.999,-6.005,-6.197,-6.465,-5.077,-4.679,-5.174,-4.876,-4.462,-4.344,-4.389,-5.351,-5.235,-5.229,-5.074,-5.254,-6.007,-5.974,-5.213,-5.489,-5.0,-7.115
OptTAR_Fixed_ligprep_20260117_0.5.maegz:286,-5.749,-6.129,-5.789,-5.399,-6.524,-6.769,-6.371,-7.403,-7.588,-6.776,-7.009,-7.506,-6.819,-6.3,-6.157,-5.078,-5.316,-4.784,-4.804,-5.826,-6.71,-6.524,-6.596,-6.798,-6.551,-6.038,-7.464,-6.125,-5.991,-6.268,-5.602,-5.83,-5.299,-6.23,-5.068,-5.182,-5.845,-4.724,-4.962,-5.6,-5.539,-5.153,-5.719,-5.556,-6.683,-6.101,-5.495,-5.608,-5.449,-6.833
OptTAR_Fixed_ligprep_20260117_0.5.maegz:287,-4.654,-5.54,-5.175,-5.11,-6.281,-5.199,-5.353,-6.285,-6.242,-6.862,-5.393,-5.625,-5.939,-6.952,-5.367,-3.993,-5.724,-4.247,-4.577,-4.584,-4.309,-5.712,-4.536,-4.982,-5.982,-5.567,-5.866,-5.421,-5.192,-5.401,-5.831,-5.418,-4.233,-4.397,-4.53,-4.594,-3.552,-4.425,-4.589,-4.309,-5.721,-4.637,-4.387,-4.777,-6.068,-5.216,-3.993,-3.948,-4.743,-5.58
OptTAR_Fixed_ligprep_20260117_0.5.maegz:288,-5.744,-3.816,-4.219,-4.599,-6.449,-5.162,-4.715,-6.706,-6.344,-7.118,-7.055,-4.615,-5.301,-5.202,-5.804,-4.988,-4.83,-3.947,-4.98,-4.775,-5.022,-6.273,-5.611,-5.151,-5.485,-6.473,-6.179,-5.889,-6.034,-5.776,-5.345,-4.991,-4.112,-4.496,-4.09,-4.781,-4.645,-4.509,-4.381,-4.923,-5.791,-4.456,-5.057,-5.449,-5.547,-5.965,-5.546,-5.283,-5.383,-6.381
OptTAR_Fixed_ligprep_20260117_0.5.maegz:289,-3.402,-4.003,-3.935,-4.49,-6.046,-4.526,-3.943,-7.355,-6.101,-5.965,-3.571,-3.862,-3.747,-5.511,-5.364,-3.68,-4.547,-3.636,-4.363,-5.078,-4.976,-5.469,-6.813,-5.371,-5.797,-5.344,-6.556,-6.265,-5.644,-4.992,-4.401,-4.988,-3.833,-4.213,-4.765,-4.555,-4.171,-4.715,-4.525,-5.157,-5.517,-5.464,-4.37,-4.486,-5.64,-4.916,-4.845,-4.885,-5.435,-6.377
OptTAR_Fixed_ligprep_20260117_0.5.maegz:290,-4.801,-4.054,-4.512,-4.209,-5.256,-4.839,-6.711,-7.024,-7.226,-6.403,-6.033,-5.943,-5.686,-5.525,-4.76,-5.045,-5.425,-4.574,-3.737,-5.025,-5.999,-6.036,-5.684,-5.532,-6.14,-5.679,-6.499,-6.032,-5.998,-5.938,-5.335,-6.209,-4.806,-5.2,-4.489,-4.776,-4.933,-4.704,-4.567,-5.029,-4.919,-4.966,-4.611,-5.453,-5.75,-5.776,-4.545,-5.349,-5.357,-6.515
OptTAR_Fixed_ligprep_20260117_0.5.maegz:291,-4.21,-3.995,-4.523,-4.172,-5.731,-3.645,-4.219,-6.149,-6.661,-6.895,-4.67,-4.049,-5.017,-4.88,-4.42,-5.202,-4.138,-4.069,-4.308,-3.977,-5.672,-6.022,-5.611,-5.505,-5.481,-4.918,-6.932,-6.463,-5.48,-5.715,-6.154,-5.974,-4.065,-4.41,-5.198,-5.108,-5.492,-4.607,-4.272,-4.593,-5.175,-4.577,-4.441,-4.66,-4.476,-5.433,-5.639,-4.088,-5.358,-5.153
OptTAR_Fixed_ligprep_20260117_0.5.maegz:292,-4.827,-4.444,-3.88,-4.866,-7.108,-4.637,-6.122,-7.338,-6.867,-6.725,-5.669,-4.932,-5.089,-5.864,-5.507,-5.459,-5.711,-4.93,-4.529,-5.512,-5.28,-6.531,-6.256,-6.093,-6.751,-5.843,-7.347,-5.59,-6.764,-6.573,-6.136,-6.596,-4.891,-4.973,-5.152,-4.413,-5.249,-5.089,-4.517,-5.397,-5.469,-5.191,-5.891,-5.76,-6.111,-5.889,-6.09,-5.77,-5.484,-7.039
OptTAR_Fixed_ligprep_20260117_0.5.maegz:293,-6.072,-4.797,-5.395,-5.055,-6.77,-5.455,-6.113,-7.483,-6.82,-6.361,-7.8,-6.501,-6.923,-5.948,-6.218,-6.368,-6.885,-5.096,-4.756,-6.083,-5.253,-5.804,-5.929,-5.945,-6.905,-5.914,-6.701,-6.545,-5.43,-5.821,-5.396,-6.34,-4.569,-5.739,-4.516,-5.267,-5.377,-5.439,-4.69,-5.395,-6.909,-5.445,-5.366,-5.176,-5.365,-5.633,-5.58,-5.467,-6.277,-6.007
OptTAR_Fixed_ligprep_20260117_0.5.maegz:294,-4.17,-3.885,-4.53,-5.558,-6.816,-5.981,-5.357,-7.718,-7.343,-6.844,-6.205,-6.316,-4.321,-4.751,-4.536,-6.119,-5.797,-4.934,-4.717,-5.248,-5.715,-5.525,-6.182,-6.246,-7.451,-6.194,-7.441,-5.941,-6.535,-6.253,-5.525,-6.181,-4.704,-4.335,-5.027,-3.244,-4.426,-4.242,-4.278,-5.952,-4.724,-5.42,-5.344,-5.167,-6.098,-5.451,-5.139,-5.314,-5.039,-5.945
OptTAR_Fixed_ligprep_20260117_0.5.maegz:295,-4.049,-4.155,-4.064,-4.52,-6.341,-5.346,-4.586,-7.143,-6.881,-5.828,-6.16,-6.242,-6.311,-6.577,-6.94,-5.062,-6.564,-4.156,-4.347,-5.217,-5.188,-4.683,-6.052,-5.698,-5.972,-6.36,-8.011,-5.912,-4.87,-6.205,-5.922,-6.59,-4.139,-4.593,-4.812,-4.029,-4.351,-6.382,-4.361,-4.779,-5.259,-5.327,-4.584,-5.247,-5.641,-5.32,-6.152,-5.188,-6.069,-5.526
OptTAR_Fixed_ligprep_20260117_0.5.maegz:296,-4.506,-4.88,-5.694,-6.069,-7.123,-5.179,-5.234,-7.373,-7.805,-7.582,-7.768,-7.145,-6.626,-5.266,-5.248,-6.683,-6.426,-5.078,-5.244,-6.155,-5.171,-5.517,-5.802,-6.085,-5.952,-5.852,-6.662,-6.435,-6.447,-6.436,-6.634,-6.064,-4.679,-4.327,-5.258,-4.139,-5.347,-4.086,-4.827,-5.833,-5.712,-5.559,-5.327,-5.128,-6.238,-5.637,-6.25,-5.181,-5.285,-6.324
OptTAR_Fixed_ligprep_20260117_0.5.maegz:297,-4.71,-4.242,-4.864,-4.427,-5.22,-5.337,-6.077,-7.81,-5.119,-6.152,-6.364,-6.801,-6.612,-5.365,-5.57,-5.571,-7.055,-5.115,-3.584,-4.431,-5.298,-6.112,-6.967,-6.336,-7.056,-6.363,-6.975,-7.003,-6.674,-5.29,-6.034,-5.776,-5.237,-5.2,-5.306,-4.941,-4.189,-4.33,-4.405,-4.719,-5.141,-4.716,-5.389,-5.253,-5.447,-6.022,-5.487,-6.249,-5.168,-6.596
OptTAR_Fixed_ligprep_20260117_0.5.maegz:298,-4.246,-3.737,-4.764,-4.026,-4.899,-5.728,-4.735,-7.161,-6.952,-6.352,-7.592,-5.837,-6.426,-5.381,-5.651,-4.498,-5.087,-5.89,-4.695,-4.595,-5.206,-6.032,-6.484,-6.349,-6.548,-6.518,-6.398,-6.837,-5.797,-6.033,-6.734,-5.324,-5.065,-4.917,-4.676,-5.038,-4.743,-4.456,-5.244,-4.629,-5.294,-5.183,-6.7,-4.72,-4.508,-5.361,-5.221,-5.861,-4.843,-6.088
OptTAR_Fixed_ligprep_20260117_0.5.maegz:299,-4.341,-4.584,-4.931,-4.613,-6.648,-5.524,-4.484,-6.438,-8.953,-6.772,-5.368,-5.802,-5.831,-5.875,-4.81,-5.684,-4.226,-5.263,-4.201,-5.872,-5.124,-5.966,-5.552,-5.441,-5.856,-5.539,-6.869,-7.279,-6.428,-6.262,-5.539,-6.634,-4.428,-4.2,-5.398,-4.367,-4.988,-4.889,-4.586,-5.703,-5.855,-5.179,-6.013,-5.336,-5.307,-6.041,-5.263,-5.835,-5.943,-5.121
OptTAR_Fixed_ligprep_20260117_0.5.maegz:300,-5.309,-5.243,-4.816,-5.378,-6.144,-4.533,-6.044,-6.8,-6.866,-6.734,-5.724,-6.069,-5.688,-5.807,-5.862,-5.598,-6.097,-4.407,-4.759,-5.667,-5.046,-5.381,-5.666,-4.809,-5.591,-5.195,-6.252,-6.07,-5.858,-5.322,-5.216,-5.219,-4.6,-4.582,-5.005,-4.998,-4.981,-4.756,-4.017,-6.18,-5.572,-4.481,-4.976,-4.528,-5.644,-5.373,-4.753,-5.529,-5.252,-5.619
OptTAR_Fixed_ligprep_20260117_0.5.maegz:301,-4.654,-4.053,-4.57,-4.068,-6.037,-5.26,-6.838,-6.462,-5.787,-6.061,-5.274,-5.918,-6.52,-5.565,-5.441,-5.074,-5.606,-4.401,-4.207,-5.529,-5.401,-5.138,-5.846,-5.775,-5.53,-5.207,-5.811,-5.72,-5.54,-5.496,-5.335,-5.637,-3.766,-4.549,-3.575,-3.461,-4.223,-5.037,-4.189,-6.259,-4.741,-4.976,-4.426,-4.307,-4.839,-5.609,-4.739,-5.056,-4.901,-5.316
OptTAR_Fixed_ligprep_20260117_0.5.maegz:302,-4.555,-1.387,-4.004,-4.603,-3.828,-3.854,-5.905,-5.66,-5.894,-3.958,-4.555,-4.643,-4.851,-2.764,-2.79,-1.335,-4.37,-2.834,-2.849,-2.226,-2.248,-4.148,-1.313,-1.857,-4.567,-3.72,-2.995,-4.494,-3.434,-1.462,-1.296,-2.499,-0.5634,-2.621,-3.947,-4.559,-2.953,-2.115,-1.651,-3.594,-2.769,-4.842,-2.092,-2.464,-4.392,-3.322,-4.061,-3.572,-3.717,-1.764
OptTAR_Fixed_ligprep_20260117_0.5.maegz:303,-4.012,-4.483,-4.257,-4.998,-5.101,-3.761,-3.907,-5.118,-4.961,-3.982,-3.491,-5.299,-6.26,-3.852,-3.286,-3.125,-5.633,-3.124,-3.033,-3.728,-3.836,-4.734,-3.557,-3.679,-3.565,-3.716,-3.838,-4.876,-4.002,-2.969,-3.556,-3.748,-2.283,-2.454,-3.223,-3.76,-2.747,-2.937,-2.988,-3.944,-3.926,-4.589,-3.516,-3.641,-4.181,-3.909,-4.046,-3.38,-2.82,-3.326
OptTAR_Fixed_ligprep_20260117_0.5.maegz:304,-3.44,-3.965,-3.418,-3.359,-4.56,-3.9,-2.539,-5.825,-4.315,-4.086,-4.384,-4.141,-4.701,-4.567,-4.374,-3.069,-3.558,-1.686,-2.794,-3.465,-3.27,-3.378,-3.893,-3.286,-3.674,-2.866,-4.504,-3.883,-1.95,-3.251,-3.675,-2.678,-2.966,-2.177,-3.496,-2.435,-4.28,-1.267,-3.687,-2.993,-4.225,-2.936,-2.69,-3.423,-3.527,-4.269,-3.232,-3.967,-3.496,-2.585
OptTAR_Fixed_ligprep_20260117_0.5.maegz:305,-4.088,-4.842,-3.649,-4.961,-4.801,-3.528,-6.063,-6.23,-6.29,-5.274,-5.148,-5.39,-5.413,-4.387,-3.325,-3.394,-4.652,-3.696,-3.438,-4.322,-4.272,-5.166,-4.599,-3.36,-4.577,-5.028,-5.265,-5.631,-5.423,-4.34,-3.965,-5.46,-3.808,-4.059,-3.422,-4.286,-4.604,-4.811,-4.391,-3.83,-4.534,-3.865,-4.934,-4.118,-4.919,-4.572,-4.135,-3.484,-4.738,-5.219
OptTAR_Fixed_ligprep_20260117_0.5.maegz:306,-4.684,-4.209,-4.073,-4.399,-5.575,-4.694,-6.453,-6.172,-6.914,-6.013,-5.978,-5.219,-4.382,-6.088,-4.787,-4.006,-3.642,-3.616,-4.15,-3.859,-5.369,-5.087,-5.782,-4.419,-5.434,-5.824,-5.819,-5.898,-6.037,-4.929,-4.085,-4.127,-3.978,-3.976,-4.426,-4.402,-4.753,-3.566,-3.845,-5.505,-3.972,-3.936,-2.801,-4.059,-3.859,-4.798,-5.552,-4.843,-3.944,-3.31
OptTAR_Fixed_ligprep_20260117_0.5.maegz:307,-5.511,-5.444,-5.395,-4.744,-6.756,-4.766,-4.978,-8.035,-6.857,-6.515,-5.821,-6.349,-6.926,-5.65,-5.72,-5.105,-7.242,-5.114,-5.369,-6.755,-6.365,-5.928,-6.036,-5.815,-6.046,-6.111,-6.68,-5.639,-6.241,-5.423,-4.946,-5.063,-4.068,-4.755,-5.277,-5.177,-5.68,-4.468,-4.352,-5.968,-5.865,-5.425,-4.509,-5.658,-5.248,-5.333,-4.699,-5.387,-4.452,-5.293
OptTAR_Fixed_ligprep_20260117_0.5.maegz:308,-4.034,-4.43,-4.553,-4.821,-6.312,-5.793,-5.82,-6.387,-6.798,-5.196,-6.123,-6.715,-6.251,-5.446,-5.535,-7.093,-6.321,-4.805,-4.594,-5.719,-5.999,-6.126,-5.333,-5.518,-5.595,-5.803,-6.404,-6.648,-6.473,-5.978,-6.552,-5.972,-5.344,-6.33,-5.721,-5.627,-4.843,-5.846,-4.607,-6.354,-5.911,-5.0,-6.286,-5.16,-5.171,-5.158,-5.105,-5.436,-4.947,-6.166
OptTAR_Fixed_ligprep_20260117_0.5.maegz:309,-4.705,-3.719,-4.214,-4.561,-5.652,-5.323,-4.84,-5.83,-5.913,-5.693,-5.864,-4.56,-6.315,-4.549,-4.531,-6.391,-6.634,-6.053,-4.568,-5.529,-5.432,-5.962,-4.643,-4.881,-5.323,-4.944,-6.385,-5.139,-6.042,-5.414,-5.418,-5.485,-4.655,-5.342,-4.755,-4.546,-4.818,-4.456,-3.609,-6.287,-4.405,-4.809,-5.174,-4.958,-5.549,-5.297,-5.187,-5.588,-4.833,-5.446
OptTAR_Fixed_ligprep_20260117_0.5.maegz:310,-4.559,-4.491,-4.301,-3.598,-3.7,-4.727,-4.88,-6.652,-6.335,-5.17,-4.67,-4.921,-5.472,-5.79,-5.446,-5.482,-6.873,-5.548,-5.439,-5.191,-5.325,-5.138,-4.385,-4.249,-4.246,-4.519,-4.711,-6.905,-5.711,-4.375,-3.524,-5.374,-4.746,-3.632,-3.879,-2.61,-4.274,-3.297,-4.567,-3.883,-4.73,-5.18,-3.456,-3.867,-6.172,-4.23,-4.991,-4.927,-4.607,-5.386
OptTAR_Fixed_ligprep_20260117_0.5.maegz:311,-4.822,-4.345,-4.862,-5.142,-5.522,-4.591,-5.327,-6.888,-6.857,-5.288,-3.84,-3.328,-6.379,-4.4,-5.229,-5.347,-7.273,-6.011,-5.877,-3.786,-4.401,-5.336,-5.341,-5.201,-4.103,-4.692,-5.914,-5.398,-4.392,-4.524,-3.249,-5.324,-3.945,-1.995,-4.555,-5.054,-5.147,-3.582,-3.611,-4.704,-4.973,-3.662,-3.353,-4.373,-2.435,-4.225,-3.421,-2.745,-4.397,-3.899
OptTAR_Fixed_ligprep_20260117_0.5.maegz:312,-4.812,-3.115,-4.35,-4.546,-5.308,-5.912,-3.515,-6.205,-5.336,-5.875,-4.924,-5.6,-5.498,-5.595,-4.995,-3.699,-5.977,-4.662,-4.123,-5.137,-4.688,-5.387,-5.282,-5.28,-6.117,-5.447,-6.238,-4.435,-4.66,-4.943,-3.444,-4.412,-3.331,-4.095,-4.487,-4.049,-5.745,-4.094,-3.579,-5.254,-5.285,-4.834,-3.792,-4.372,-5.665,-5.173,-5.328,-4.993,-4.747,-4.771
OptTAR_Fixed_ligprep_20260117_0.5.maegz:313,-4.357,-4.688,-4.955,-4.761,-5.578,-5.139,-4.451,-4.849,-4.247,-4.55,-5.128,-5.707,-5.656,-5.051,-4.406,-6.159,-4.717,-4.095,-3.69,-5.839,-4.424,-4.838,-6.012,-6.113,-5.639,-5.639,-5.932,-4.771,-5.802,-5.574,-4.17,-4.755,-2.859,-5.308,-4.273,-3.886,-5.931,-5.373,-4.243,-4.574,-5.745,-5.315,-4.586,-4.51,-4.566,-4.04,-4.725,-5.171,-3.665,-4.923
OptTAR_Fixed_ligprep_20260117_0.5.maegz:314,-4.769,-2.984,-3.339,-3.711,-6.06,-5.251,-3.983,-6.658,-5.676,-4.856,-4.152,-4.076,-6.953,-5.713,-5.011,-1.433,-5.268,-3.293,-3.221,-4.584,-3.553,-4.637,-4.172,-2.777,-3.552,-4.379,-4.749,-3.96,-4.822,-1.167,-3.486,-4.266,-3.303,-2.493,-1.882,-3.376,-2.747,-2.983,-2.541,-5.247,-3.894,-2.502,-3.125,-3.046,-5.023,-3.93,-2.114,-2.949,-4.309,-3.813
OptTAR_Fixed_ligprep_20260117_0.5.maegz:315,-5.599,-6.18,-5.34,-4.732,-6.132,-5.818,-4.695,-6.498,-7.464,-5.862,-5.987,-5.728,-7.236,-6.966,-6.335,-4.903,-7.477,-5.298,-4.795,-5.134,-5.366,-5.835,-5.39,-4.701,-6.524,-6.047,-6.138,-6.208,-6.199,-5.442,-5.733,-5.996,-3.037,-4.907,-3.313,-4.622,-4.679,-4.369,-4.869,-5.365,-5.527,-5.281,-5.391,-5.907,-5.818,-4.802,-4.771,-4.936,-5.571,-5.46
OptTAR_Fixed_ligprep_20260117_0.5.maegz:316,-5.537,-5.325,-5.74,-5.832,-6.741,-4.764,-6.027,-7.2,-7.356,-5.946,-5.744,-5.236,-6.89,-6.404,-5.469,-3.469,-8.163,-4.373,-3.944,-4.149,-4.675,-6.338,-4.417,-4.746,-5.741,-5.157,-5.152,-6.803,-5.103,-4.682,-4.431,-4.765,-3.9,-3.97,-4.306,-5.046,-4.535,-3.854,-3.346,-4.734,-5.193,-3.772,-3.924,-3.863,-5.071,-4.875,-5.235,-5.091,-4.678,-4.947
OptTAR_Fixed_ligprep_20260117_0.5.maegz:317,-3.155,-5.138,-5.595,-6.445,-6.995,-3.852,-4.413,-7.844,-5.582,-4.939,-5.976,-3.34,-6.095,-4.502,-5.369,-2.641,-3.565,-4.358,-4.165,-5.949,-5.425,-4.307,-5.301,-2.623,-5.508,-3.408,-6.705,-5.537,-5.956,-4.871,-4.425,-5.825,-4.697,-5.041,-5.531,-3.303,-3.729,-1.011,-2.443,-5.473,-5.391,-3.826,-4.518,-5.133,-5.153,-3.396,-4.873,-2.323,-5.447,-3.269
OptTAR_Fixed_ligprep_20260117_0.5.maegz:318,-4.183,-2.892,-3.544,-4.841,-5.573,-4.289,-4.425,-6.397,-7.64,-5.811,-6.37,-2.611,-3.933,-2.737,-6.078,-4.137,-5.354,-4.201,-3.819,-5.01,-5.056,-4.183,-4.797,-5.025,-4.361,-3.358,-6.058,-5.26,-6.108,-5.609,-5.742,-4.443,-3.543,-4.676,-4.658,-4.045,-3.966,-4.952,-3.992,-5.455,-4.725,-5.384,-4.688,-3.554,-6.114,-4.438,-4.712,-5.071,-4.019,-4.296
OptTAR_Fixed_ligprep_20260117_0.5.maegz:319,-5.688,-5.522,-5.86,-4.902,-6.166,-5.584,-6.72,-6.981,-6.452,-6.444,-6.135,-6.03,-7.777,-6.333,-6.181,-5.406,-6.488,-4.098,-4.987,-5.763,-6.205,-5.115,-5.42,-6.412,-6.347,-5.647,-6.39,-6.099,-5.832,-5.687,-5.167,-5.858,-4.983,-6.274,-4.517,-4.946,-6.113,-5.036,-5.21,-5.924,-6.084,-5.38,-5.37,-5.233,-5.649,-5.289,-5.201,-5.867,-5.05,-6.719
OptTAR_Fixed_ligprep_20260117_0.5.maegz:320,-5.474,-5.372,-5.409,-5.254,-5.92,-5.055,-5.641,-6.879,-7.799,-6.563,-5.648,-6.257,-7.847,-5.773,-5.43,-5.599,-5.613,-6.185,-3.777,-4.811,-5.71,-5.874,-5.491,-5.715,-5.724,-5.588,-6.47,-7.043,-5.809,-5.773,-5.185,-5.359,-5.084,-6.236,-5.337,-5.348,-5.568,-5.391,-5.306,-5.485,-5.607,-5.956,-5.431,-5.157,-4.951,-5.256,-5.689,-4.583,-5.614,-6.224
OptTAR_Fixed_ligprep_20260117_0.5.maegz:321,-4.326,-4.795,-5.551,-4.27,-5.661,-5.558,-5.966,-7.152,-5.987,-6.017,-5.555,-4.761,-7.246,-5.514,-5.69,-4.661,-4.244,-5.402,-4.502,-4.701,-5.241,-5.521,-6.108,-5.392,-5.97,-5.888,-5.926,-4.55,-5.731,-5.026,-4.627,-5.164,-4.865,-4.712,-4.339,-4.202,-4.677,-4.911,-4.847,-5.429,-6.449,-4.543,-4.555,-4.955,-5.182,-4.681,-6.228,-4.916,-4.646,-4.428
OptTAR_Fixed_ligprep_20260117_0.5.maegz:322,-4.317,-3.997,-4.95,-4.653,-5.278,-5.017,-6.115,-6.791,-7.608,-6.029,-5.455,-4.043,-4.979,-5.067,-5.797,-4.029,-5.174,-3.741,-3.842,-4.77,-4.829,-5.066,-5.61,-4.402,-6.034,-5.502,-5.509,-6.33,-6.183,-6.96,-5.013,-5.881,-4.25,-4.942,-4.541,-4.575,-5.167,-5.187,-5.048,-4.788,-5.03,-4.212,-4.729,-4.892,-4.889,-4.726,-5.197,-4.802,-3.931,-5.736
OptTAR_Fixed_ligprep_20260117_0.5.maegz:323,-5.671,-5.965,-5.792,-4.07,-5.515,-4.671,-5.669,-6.973,-8.429,-6.493,-6.272,-6.373,-7.097,-6.668,-6.119,-4.675,-6.197,-4.286,-4.086,-5.18,-5.379,-5.139,-6.185,-5.898,-5.935,-5.699,-6.713,-5.642,-7.125,-5.749,-4.972,-5.208,-4.531,-4.842,-5.19,-4.523,-4.449,-4.606,-5.101,-5.268,-5.875,-4.956,-4.526,-4.632,-4.878,-5.292,-4.893,-5.0,-5.543,-6.261
OptTAR_Fixed_ligprep_20260117_0.5.maegz:324,-5.53,-5.886,-5.434,-5.84,-6.493,-5.833,-5.399,-6.674,-7.86,-6.446,-5.86,-6.215,-8.093,-5.824,-5.744,-5.142,-5.299,-5.145,-4.602,-5.608,-5.847,-5.606,-5.424,-5.542,-5.969,-5.819,-6.23,-6.536,-5.878,-6.185,-5.886,-6.715,-4.906,-5.348,-5.535,-6.118,-6.604,-5.694,-5.997,-5.471,-5.72,-5.817,-5.113,-5.084,-5.551,-5.401,-4.976,-4.524,-4.784,-6.457
OptTAR_Fixed_ligprep_20260117_0.5.maegz:325,-5.019,-4.862,-5.057,-5.401,-6.57,-5.401,-5.884,-6.948,-7.455,-5.148,-6.025,-5.45,-7.167,-5.555,-5.387,-5.111,-5.935,-3.612,-4.531,-4.819,-6.279,-5.133,-5.497,-5.089,-5.461,-4.954,-6.504,-4.649,-5.974,-5.637,-5.233,-4.93,-4.423,-4.637,-4.874,-5.215,-5.144,-4.676,-4.422,-5.213,-5.457,-4.281,-4.88,-4.701,-3.768,-4.949,-4.61,-5.296,-5.11,-5.296
OptTAR_Fixed_ligprep_20260117_0.5.maegz:326,-5.268,-5.414,-4.169,-3.875,-6.036,-6.021,-6.407,-7.254,-7.71,-6.742,-5.685,-5.732,-6.054,-5.311,-5.549,-6.318,-6.559,-3.031,-4.234,-5.152,-5.759,-4.552,-6.118,-5.712,-6.282,-5.642,-6.475,-5.644,-6.073,-4.803,-4.223,-5.903,-4.384,-4.843,-4.59,-4.838,-3.516,-4.849,-4.432,-4.931,-5.947,-5.867,-4.991,-5.142,-5.317,-4.639,-4.814,-4.967,-5.561,-5.517
OptTAR_Fixed_ligprep_20260117_0.5.maegz:327,-4.706,-4.09,-4.826,-5.024,-5.595,-4.454,-4.89,-7.779,-5.836,-7.132,-6.562,-4.587,-5.496,-5.492,-5.183,-4.687,-4.178,-4.471,-4.319,-4.853,-5.438,-5.657,-5.822,-4.869,-5.496,-5.641,-6.808,-6.592,-5.837,-4.689,-5.772,-5.41,-4.286,-4.603,-4.236,-4.155,-3.706,-3.619,-3.822,-5.126,-6.568,-5.273,-5.937,-4.613,-5.093,-5.199,-5.145,-5.291,-4.972,-5.848
OptTAR_Fixed_ligprep_20260117_0.5.maegz:328,-5.109,-5.17,-4.893,-4.782,-5.717,-4.727,-6.791,-7.418,-5.865,-6.879,-7.092,-5.606,-5.967,-5.25,-4.393,-5.562,-3.894,-4.657,-4.553,-5.5,-5.011,-5.206,-5.185,-5.221,-6.777,-5.883,-6.949,-6.812,-6.307,-5.403,-4.106,-5.15,-3.785,-4.045,-4.25,-4.478,-4.058,-3.774,-4.09,-4.164,-6.27,-5.117,-5.471,-4.83,-4.608,-5.117,-5.169,-5.329,-5.135,-5.712
OptTAR_Fixed_ligprep_20260117_0.5.maegz:329,-4.86,-4.207,-4.622,-4.924,-5.774,-5.006,-4.634,-7.627,-5.743,-6.397,-6.337,-3.703,-5.914,-5.363,-5.309,-5.993,-4.177,-4.359,-5.009,-5.09,-4.482,-5.439,-5.762,-5.836,-6.415,-5.846,-7.125,-6.469,-5.8,-5.109,-5.223,-5.009,-4.136,-4.734,-3.943,-4.268,-3.705,-4.521,-3.934,-5.619,-5.706,-5.075,-4.826,-4.301,-5.271,-4.859,-4.517,-5.04,-4.577,-5.739
OptTAR_Fixed_ligprep_20260117_0.5.maegz:330,-5.569,-5.178,-5.055,-5.021,-5.94,-5.813,-6.732,-6.814,-6.977,-5.9,-5.964,-6.508,-6.589,-6.036,-5.401,-5.004,-7.031,-4.755,-4.616,-5.556,-6.159,-5.555,-4.723,-5.573,-5.788,-5.646,-6.511,-5.69,-5.611,-5.156,-4.955,-5.21,-4.406,-4.74,-4.543,-4.492,-5.172,-4.632,-4.498,-5.445,-6.02,-4.227,-4.824,-4.388,-4.807,-4.998,-4.902,-4.601,-4.286,-5.752
OptTAR_Fixed_ligprep_20260117_0.5.maegz:331,-4.576,-4.441,-4.338,-4.089,-6.559,-4.894,-5.011,-8.141,-5.58,-5.718,-6.063,-5.204,-7.183,-5.475,-4.752,-5.252,-4.378,-4.424,-2.952,-6.078,-4.997,-6.125,-5.651,-5.833,-5.842,-6.253,-5.993,-6.036,-5.503,-4.666,-6.327,-4.461,-3.854,-4.438,-4.161,-4.594,-4.051,-4.046,-4.249,-4.226,-6.009,-6.131,-4.605,-4.911,-5.772,-5.621,-5.127,-6.284,-4.239,-6.044
OptTAR_Fixed_ligprep_20260117_0.5.maegz:332,-3.466,-2.761,-4.814,-5.2,-4.515,-5.064,-5.894,-8.68,-4.86,-6.754,-6.736,-7.057,-6.005,-5.362,-5.776,-5.229,-5.597,-4.535,-4.196,-4.839,-4.544,-3.64,-5.273,-4.055,-3.934,-4.676,-5.596,-5.569,-4.641,-5.825,-5.449,-5.268,-1.769,-3.16,-4.653,-3.789,-4.12,-2.553,-4.351,-7.398,-6.367,-5.325,-5.317,-5.154,-6.23,-5.469,-4.934,-5.295,-5.582,-6.284
OptTAR_Fixed_ligprep_20260117_0.5.maegz:333,-5.046,-5.163,-2.806,-4.002,-6.43,-3.724,-7.285,-7.184,-4.976,-4.825,-4.284,-4.769,-4.391,-6.043,-5.881,-5.195,-5.518,-3.364,-4.122,-3.843,-4.472,-5.437,-5.165,-4.09,-6.039,-5.435,-7.547,-4.884,-5.9,-6.486,-4.253,-4.778,-3.979,-4.289,-2.208,-4.731,-4.183,-1.564,-1.135,-5.189,-5.806,-4.799,-4.906,-4.069,-2.135,-5.862,-5.052,-6.015,-4.214,-6.02
OptTAR_Fixed_ligprep_20260117_0.5.maegz:334,-5.362,-4.617,-4.553,-4.54,-3.295,-4.182,-3.024,-8.396,-4.58,-3.65,-4.34,-5.416,-4.481,-3.919,-5.803,-4.86,-6.979,-4.073,-2.89,-4.868,-3.88,-5.505,-4.835,-2.063,-3.195,-5.819,-5.608,-4.455,-4.68,-5.018,-5.145,-4.176,-3.972,-2.498,-3.614,-1.487,-3.093,-2.692,-2.131,-3.522,-6.133,-4.142,-1.895,-3.252,-4.843,-3.559,-5.048,-5.749,-3.805,-4.342
OptTAR_Fixed_ligprep_20260117_0.5.maegz:335,-4.67,-3.705,-4.696,-2.855,-6.061,-4.81,-4.465,-7.513,-5.085,-6.891,-5.522,-6.758,-6.118,-5.11,-4.431,-4.897,-4.653,-3.222,-3.998,-3.071,-3.867,-5.725,-4.551,-5.532,-4.209,-4.87,-6.316,-3.741,-4.372,-5.301,-4.239,-2.843,-4.442,-3.315,-3.957,-4.087,-3.567,-3.563,-4.22,-3.966,-6.434,-5.261,-5.357,-5.203,-3.855,-4.781,-3.529,-4.949,-4.128,-5.533
OptTAR_Fixed_ligprep_20260117_0.5.maegz:336,-5.282,-4.86,-4.577,-4.861,-5.991,-3.941,-3.687,-7.459,-4.822,-6.052,-5.952,-5.736,-6.902,-5.858,-4.991,-4.518,-4.724,-3.699,-3.84,-2.749,-3.744,-5.438,-2.667,-5.146,-4.659,-3.473,-6.335,-5.124,-4.465,-5.826,-5.367,-5.857,-3.917,-3.875,-3.618,-3.904,-1.787,-1.523,-2.575,-3.721,-5.361,-4.34,-2.352,-2.602,-5.333,-5.428,-5.061,-4.508,-5.147,-6.142
OptTAR_Fixed_ligprep_20260117_0.5.maegz:337,-4.988,-2.457,-4.782,-4.751,-4.569,-4.854,-5.775,-7.219,-6.749,-6.057,-3.367,-4.138,-6.993,-6.262,-5.46,-4.698,-4.467,-2.038,-2.634,-5.59,-5.854,-5.673,-4.844,-4.927,-5.366,-4.324,-5.66,-4.613,-4.046,-5.031,-5.422,-4.709,-3.916,-3.842,-4.345,-1.973,-4.736,-2.423,-2.901,-5.166,-5.583,-4.06,-4.435,-4.549,-5.669,-5.277,-3.911,-5.378,-5.304,-4.111
OptTAR_Fixed_ligprep_20260117_0.5.maegz:338,-3.119,-3.715,-4.316,-5.47,-5.47,-4.875,-3.863,-6.471,-6.636,-5.863,-5.478,-4.363,-5.885,-5.054,-6.583,-4.273,-6.577,-4.242,-3.506,-4.072,-5.444,-3.227,-5.624,-4.553,-4.143,-4.023,-6.625,-4.564,-3.713,-3.921,-4.21,-5.649,-3.865,-4.947,-3.97,-5.011,-4.067,-3.266,-3.662,-6.93,-4.856,-4.736,-3.324,-4.048,-5.106,-5.109,-4.734,-5.18,-5.289,-5.323
OptTAR_Fixed_ligprep_20260117_0.5.maegz:339,-4.606,-4.881,-5.217,-5.671,-6.776,-5.829,-5.884,-7.513,-7.563,-6.114,-5.953,-5.452,-7.055,-5.621,-5.232,-4.83,-5.672,-4.76,-3.803,-5.413,-5.621,-5.87,-5.988,-5.421,-6.223,-5.777,-7.593,-6.482,-6.396,-5.378,-6.828,-5.219,-4.408,-3.7,-5.263,-4.999,-4.659,-5.344,-3.856,-5.791,-6.542,-4.933,-4.459,-4.374,-5.498,-5.309,-5.454,-5.57,-4.798,-6.006
OptTAR_Fixed_ligprep_20260117_0.5.maegz:340,-5.532,-5.764,-4.827,-5.214,-5.99,-6.487,-5.127,-7.574,-7.713,-7.201,-7.039,-4.901,-5.373,-5.263,-5.376,-6.636,-5.193,-5.302,-5.04,-5.543,-4.739,-5.885,-6.512,-4.996,-5.673,-5.158,-7.912,-5.892,-6.219,-5.614,-5.75,-4.849,-4.251,-4.464,-4.426,-4.72,-3.912,-4.419,-4.876,-6.601,-6.808,-4.259,-5.632,-4.861,-6.141,-5.731,-5.463,-6.581,-5.683,-5.292
OptTAR_Fixed_ligprep_20260117_0.5.maegz:341,-4.538,-5.205,-4.928,-5.099,-6.218,-4.817,-5.033,-7.426,-6.996,-7.328,-5.468,-6.788,-7.046,-5.796,-6.281,-4.866,-6.355,-4.515,-3.967,-6.232,-5.598,-5.504,-5.931,-5.275,-5.107,-6.547,-6.22,-6.144,-6.156,-4.9,-6.49,-6.096,-4.383,-5.685,-4.592,-4.9,-5.355,-6.165,-4.889,-5.656,-5.483,-5.017,-5.327,-5.025,-5.683,-5.467,-5.572,-4.888,-5.283,-6.301
OptTAR_Fixed_ligprep_20260117_0.5.maegz:342,-5.933,-4.984,-4.957,-4.669,-5.77,-4.201,-7.077,-7.357,-6.307,-6.742,-6.244,-5.907,-6.083,-5.988,-6.331,-5.366,-7.008,-5.055,-5.16,-5.969,-5.694,-6.527,-4.675,-6.053,-6.229,-6.243,-5.796,-5.651,-5.802,-5.756,-5.057,-4.581,-3.919,-4.475,-5.08,-4.23,-4.786,-4.667,-4.384,-5.457,-5.533,-4.523,-4.758,-4.827,-4.61,-5.556,-6.112,-5.02,-4.997,-5.69
OptTAR_Fixed_ligprep_20260117_0.5.maegz:343,-5.518,-5.324,-5.201,-4.681,-6.859,-5.509,-7.13,-7.436,-6.426,-5.776,-6.598,-6.084,-6.532,-5.967,-5.428,-5.06,-6.176,-4.958,-4.637,-5.866,-5.541,-6.249,-4.808,-5.839,-5.999,-5.898,-5.862,-6.607,-5.716,-5.557,-5.73,-4.409,-4.049,-4.592,-5.12,-4.215,-5.12,-4.781,-4.667,-5.709,-5.7,-4.557,-4.467,-4.47,-4.706,-5.388,-4.746,-4.554,-5.128,-5.916
OptTAR_Fixed_ligprep_20260117_0.5.maegz:344,-5.568,-5.241,-5.12,-3.873,-6.004,-4.591,-5.161,-7.277,-7.063,-6.537,-6.432,-6.054,-6.19,-5.48,-5.092,-4.717,-6.261,-6.002,-5.668,-5.629,-5.354,-5.982,-4.897,-5.921,-5.135,-6.195,-6.556,-5.923,-6.127,-6.17,-6.315,-5.63,-4.568,-4.892,-4.599,-4.814,-4.925,-3.852,-4.451,-5.741,-5.351,-4.848,-4.402,-5.027,-5.186,-4.524,-5.405,-4.611,-4.468,-6.433
OptTAR_Fixed_ligprep_20260117_0.5.maegz:345,-5.131,-5.801,-4.965,-5.19,-6.564,-5.82,-6.715,-8.31,-7.573,-7.708,-7.091,-7.923,-6.973,-7.168,-6.804,-6.373,-8.753,-4.908,-4.868,-6.559,-6.708,-6.994,-6.631,-5.849,-6.954,-7.055,-7.018,-7.151,-7.122,-6.884,-6.786,-6.021,-4.981,-5.312,-4.785,-5.199,-5.185,-5.246,-5.189,-5.361,-6.686,-5.625,-5.538,-5.321,-5.775,-6.987,-5.822,-7.102,-6.363,-7.206
OptTAR_Fixed_ligprep_20260117_0.5.maegz:346,-4.999,-5.8,-5.717,-4.916,-5.793,-5.539,-5.085,-6.888,-7.24,-6.109,-6.37,-6.154,-7.491,-5.998,-6.298,-4.878,-6.329,-5.341,-4.581,-6.076,-6.299,-6.416,-5.07,-6.545,-5.998,-6.02,-6.555,-6.26,-6.398,-6.277,-5.735,-6.16,-4.914,-5.226,-5.198,-6.58,-5.936,-5.544,-5.796,-5.976,-5.382,-5.25,-4.984,-4.748,-5.443,-5.946,-5.552,-5.79,-4.754,-5.934
OptTAR_Fixed_ligprep_20260117_0.5.maegz:347,-5.554,-5.051,-5.827,-5.735,-7.253,-5.284,-5.571,-7.16,-6.591,-5.64,-5.902,-6.136,-7.233,-6.736,-5.587,-4.893,-6.429,-4.68,-5.283,-5.725,-5.291,-5.527,-5.91,-5.743,-6.629,-6.388,-5.867,-6.184,-5.482,-6.181,-5.573,-5.253,-5.862,-5.342,-4.87,-4.84,-5.646,-5.567,-5.947,-6.018,-5.997,-5.522,-5.974,-4.949,-5.558,-4.949,-5.46,-4.927,-4.866,-6.394
OptTAR_Fixed_ligprep_20260117_0.5.maegz:348,-3.978,-4.764,-4.509,-5.279,-5.603,-4.756,-5.697,-6.805,-7.381,-6.937,-5.848,-6.093,-5.595,-5.62,-6.16,-4.462,-4.959,-5.607,-4.316,-5.692,-4.343,-5.746,-5.408,-5.047,-5.548,-5.598,-6.402,-4.909,-5.363,-4.734,-5.522,-5.078,-3.936,-3.622,-4.275,-4.184,-4.989,-3.517,-3.968,-5.128,-4.893,-3.806,-4.574,-4.495,-5.072,-4.927,-5.351,-4.731,-4.674,-5.745
OptTAR_Fixed_ligprep_20260117_0.5.maegz:349,-5.04,-4.504,-4.554,-4.597,-4.927,-4.95,-6.5,-5.667,-6.656,-6.028,-6.516,-5.867,-6.121,-5.31,-5.194,-5.072,-7.117,-4.963,-3.916,-6.511,-6.354,-5.46,-4.698,-4.858,-4.864,-4.981,-6.946,-5.544,-6.63,-4.63,-5.569,-5.153,-4.109,-5.192,-4.375,-4.084,-5.275,-4.165,-4.736,-5.414,-4.472,-4.181,-4.82,-4.666,-6.058,-5.008,-5.884,-4.378,-4.913,-5.365
OptTAR_Fixed_ligprep_20260117_0.5.maegz:350,-5.351,-4.495,-4.577,-4.557,-5.746,-5.064,-6.47,-6.644,-6.232,-6.914,-6.279,-5.414,-5.867,-5.044,-5.939,-4.242,-7.007,-4.238,-3.928,-5.036,-5.419,-5.389,-4.571,-5.715,-4.588,-5.585,-7.163,-5.545,-6.142,-4.826,-5.569,-5.021,-3.862,-4.439,-4.969,-4.662,-4.842,-4.191,-4.528,-5.659,-5.055,-4.853,-4.8,-5.009,-6.511,-4.663,-4.465,-4.747,-4.105,-5.332
OptTAR_Fixed_ligprep_20260117_0.5.maegz:351,-2.843,-4.054,-3.104,-3.063,-4.199,-4.571,-4.685,-5.922,-5.517,-3.985,-3.933,-3.913,-4.731,-5.074,-3.842,-2.757,-4.275,-3.987,-4.036,-4.275,-4.159,-3.995,-2.619,-4.359,-4.947,-4.163,-5.534,-3.519,-4.335,-3.394,-3.383,-4.098,-3.616,-2.69,-1.639,-2.754,-4.422,-2.891,-3.846,-3.838,-4.561,-3.371,-3.368,-2.899,-3.353,-3.644,-3.739,-3.326,-2.993,-3.025
OptTAR_Fixed_ligprep_20260117_0.5.maegz:352,-2.827,-3.356,-4.199,-4.326,-5.386,-1.048,-4.506,-4.421,-6.171,-6.185,-4.091,-3.722,-5.81,-5.891,-4.672,-1.695,-3.906,-4.106,-3.38,-3.439,-4.22,-4.35,-5.039,-4.649,-4.811,-4.982,-4.667,-4.523,-4.068,-2.042,-3.54,-3.862,-3.669,-3.757,-4.017,-2.787,-3.994,-2.568,-3.36,-3.214,-3.211,-4.396,-3.561,-3.686,-4.345,-3.899,-3.066,-3.736,-1.371,-3.243
OptTAR_Fixed_ligprep_20260117_0.5.maegz:353,-4.407,-3.952,-4.423,-2.121,-6.048,-4.735,-5.11,-5.329,-5.511,-3.829,-5.491,-3.004,-3.28,-4.188,-5.493,-1.914,-3.165,-2.39,-1.972,-2.388,-3.462,-3.427,-3.882,-4.137,-3.768,-3.978,-4.415,-4.887,-4.215,-3.629,-2.486,-4.403,-2.73,-3.47,-3.899,-3.401,-2.608,-2.973,-1.471,-3.353,-3.445,-2.821,-3.088,-3.194,-3.91,-3.604,-2.706,-3.542,-3.392,-4.804
OptTAR_Fixed_ligprep_20260117_0.5.maegz:354,-3.827,-3.905,-3.272,-3.936,-5.422,-4.304,-4.791,-6.092,-2.916,-2.073,-4.358,-3.427,-4.663,-4.552,-4.795,-2.85,-6.241,-4.01,-2.783,-4.863,-3.538,-3.652,-4.513,-3.775,-3.977,-4.195,-3.957,-3.729,-3.176,-3.935,-3.627,-3.322,-3.755,-0.9413,-2.492,-3.345,-2.184,-3.061,-3.367,-4.073,-3.253,-3.565,-3.128,-2.523,-4.263,-2.792,-1.438,-3.224,-3.691,-3.034
OptTAR_Fixed_ligprep_20260117_0.5.maegz:355,-2.602,-3.523,-3.349,-3.57,-2.522,-5.632,-4.864,-5.44,-5.522,-4.73,-3.982,-3.083,-3.492,-3.968,-4.299,-3.239,-5.121,-3.588,-2.642,-4.531,-2.217,-1.847,-3.707,-2.813,-4.535,-2.771,-4.653,-2.31,-4.385,-3.308,-2.102,-2.164,-2.265,-1.672,-0.9072,-3.94,-4.343,-3.425,-2.921,-4.903,-3.17,-3.324,-3.341,-2.964,-3.881,-2.616,-3.551,-3.616,-3.062,-1.587
OptTAR_Fixed_ligprep_20260117_0.5.maegz:356,-2.804,-3.845,-3.582,-3.413,-5.216,-4.483,-4.944,-5.301,-3.494,-4.016,-4.608,-4.673,-5.7,-3.297,-3.728,-0.4631,-3.328,-2.837,-3.769,-1.11,-1.173,-3.7,-3.228,-2.298,-1.281,-3.697,-3.408,0.6297,-4.817,-0.6534,-2.612,-2.063,-0.193,-1.285,-3.447,-4.046,-0.9254,-3.439,-3.125,-3.172,-3.54,-1.565,-0.1103,-3.173,-4.177,-4.083,-4.131,-3.317,-3.167,-3.918
OptTAR_Fixed_ligprep_20260117_0.5.maegz:357,-3.939,-3.337,-3.357,-3.455,-2.507,-1.56,-6.193,-3.101,-5.072,-5.029,-2.282,-2.174,-2.956,-4.335,-2.358,-4.119,-4.366,-2.94,-1.018,-4.746,-4.358,-3.345,-3.665,-3.189,-3.028,-2.046,-3.669,-2.985,-3.865,-4.217,-5.106,-2.387,-2.844,-1.349,-1.872,-3.398,-3.886,-4.016,-0.6605,-3.335,-4.475,-3.157,-1.817,-1.44,-3.701,-3.373,-3.99,-1.74,-3.574,-1.554
OptTAR_Fixed_ligprep_20260117_0.5.maegz:358,-3.165,-3.193,-2.8,-4.044,-4.642,-3.218,-4.3,-5.421,-5.105,-3.934,-4.682,-3.387,-4.488,-3.197,-3.47,-3.696,-2.798,-2.518,-2.878,-2.904,-4.115,-3.449,-3.344,-2.899,-3.621,-3.17,-3.534,-3.41,-4.059,-2.873,-3.347,-2.8,-2.527,-2.469,-3.217,-2.423,-3.4,-2.912,-2.98,-4.032,-3.205,-2.152,-3.351,-2.47,-3.593,-2.94,-2.979,-3.707,-2.548,-3.078
OptTAR_Fixed_ligprep_20260117_0.5.maegz:359,-3.904,-3.997,-3.734,-3.891,-4.893,-4.939,-5.363,-5.71,-5.094,-5.131,-4.367,-5.442,-4.373,-4.435,-5.162,-4.412,-3.692,-2.355,-3.188,-3.4,-2.65,-4.605,-3.693,-3.855,-4.243,-3.838,-4.458,-3.246,-3.193,-3.579,-3.831,-3.641,-2.42,-3.842,-3.359,-3.285,-3.932,-1.874,-2.967,-4.274,-4.359,-3.654,-3.478,-3.412,-3.099,-3.834,-4.236,-4.205,-3.072,-3.721
OptTAR_Fixed_ligprep_20260117_0.5.maegz:360,-3.505,-3.392,-2.375,-3.584,-5.39,-3.498,-3.64,-6.502,-5.047,-5.028,-4.31,-3.242,-4.696,-4.796,-4.714,-3.749,-5.516,-2.811,-2.817,-3.205,-4.002,-4.205,-3.435,-4.57,-3.722,-3.858,-5.448,-3.88,-3.61,-4.391,-4.482,-3.638,-3.137,-3.417,-3.57,-3.646,-4.265,-2.815,-2.343,-4.851,-4.813,-3.343,-3.557,-3.089,-3.927,-3.838,-3.932,-3.49,-4.1,-4.438
OptTAR_Fixed_ligprep_20260117_0.5.maegz:361,-3.708,-3.532,-3.335,-3.977,-4.515,-2.136,-2.59,-6.485,-5.097,-3.886,-4.184,-4.155,-4.695,-4.85,-4.207,-3.998,-6.366,-2.709,-2.539,-3.432,-3.941,-4.137,-3.767,-3.9,-4.929,-3.388,-5.207,-4.275,-2.714,-4.195,-3.266,-3.143,-2.687,-3.328,-3.946,-4.453,-3.755,-4.861,-3.433,-5.279,-4.241,-3.781,-2.454,-3.299,-3.044,-3.958,-3.685,-3.425,-2.589,-4.729
OptTAR_Fixed_ligprep_20260117_0.5.maegz:362,-4.224,-3.382,-3.117,-3.447,-4.742,-1.64,-2.289,-6.78,-5.258,-5.376,-4.572,-3.259,-4.209,-5.039,-4.04,-3.088,-5.43,-3.377,-3.076,-5.096,-3.887,-4.43,-3.921,-4.638,-3.521,-3.48,-4.254,-3.301,-4.202,-4.17,-3.744,-4.276,-3.013,-3.597,-3.217,-2.943,-4.15,-4.242,-3.129,-5.269,-4.577,-3.812,-3.618,-3.824,-3.246,-3.857,-4.101,-3.946,-3.252,-4.444
OptTAR_Fixed_ligprep_20260117_0.5.maegz:363,-5.57,-5.664,-4.978,-5.628,-5.524,-5.502,-5.938,-6.222,-7.318,-6.379,-5.899,-6.114,-6.955,-5.147,-6.203,-4.829,-4.71,-3.848,-4.109,-4.162,-4.83,-4.789,-5.29,-5.022,-5.357,-5.368,-5.526,-5.223,-5.021,-4.613,-5.05,-4.045,-3.575,-3.947,-3.517,-4.03,-4.174,-3.529,-3.669,-4.56,-4.995,-4.226,-4.597,-3.809,-4.596,-4.728,-4.403,-3.935,-4.846,-4.876
OptTAR_Fixed_ligprep_20260117_0.5.maegz:364,-5.554,-5.696,-5.011,-5.548,-6.546,-6.408,-6.865,-7.615,-7.153,-7.036,-6.696,-5.551,-7.207,-6.214,-6.325,-5.578,-7.078,-5.109,-6.071,-6.333,-6.267,-6.173,-6.019,-6.25,-6.658,-6.465,-6.67,-6.089,-5.421,-5.962,-5.68,-5.669,-5.268,-6.025,-4.891,-4.979,-5.772,-5.735,-5.284,-6.573,-6.367,-5.255,-5.729,-5.806,-5.216,-5.856,-5.814,-5.369,-5.696,-5.883
OptTAR_Fixed_ligprep_20260117_0.5.maegz:365,-5.181,-4.456,-4.458,-4.221,-6.064,-4.927,-5.752,-4.774,-6.012,-6.1,-5.398,-5.504,-5.743,-5.75,-5.222,-4.187,-7.141,-4.238,-3.877,-4.346,-4.468,-5.563,-4.749,-5.038,-5.615,-5.372,-5.499,-5.348,-5.52,-4.381,-5.16,-4.99,-3.653,-4.52,-4.275,-3.981,-4.653,-3.385,-3.451,-3.644,-5.293,-3.924,-3.845,-4.955,-5.04,-5.478,-4.698,-4.692,-4.709,-5.085
OptTAR_Fixed_ligprep_20260117_0.5.maegz:366,-5.354,-5.666,-4.655,-5.334,-6.089,-5.693,-6.004,-6.596,-7.433,-6.523,-6.038,-6.298,-6.73,-6.347,-5.355,-4.968,-4.108,-4.744,-3.91,-4.735,-5.382,-5.77,-5.736,-5.091,-5.992,-5.485,-5.458,-6.358,-6.048,-4.277,-5.301,-4.667,-4.347,-4.358,-4.649,-5.157,-5.687,-4.307,-3.875,-5.865,-5.472,-4.871,-4.78,-5.365,-6.249,-5.322,-4.776,-5.067,-5.739,-5.031
OptTAR_Fixed_ligprep_20260117_0.5.maegz:367,-5.159,-5.161,-4.816,-4.851,-6.296,-6.383,-6.832,-6.94,-6.986,-6.937,-6.222,-6.451,-6.721,-6.4,-5.756,-4.986,-6.877,-4.321,-4.662,-6.261,-5.933,-5.468,-5.527,-5.059,-5.565,-5.891,-6.343,-6.259,-6.412,-4.485,-5.74,-4.839,-4.574,-4.474,-3.813,-4.504,-4.739,-4.472,-4.169,-6.059,-4.904,-4.958,-5.344,-5.19,-5.282,-5.295,-5.52,-5.099,-5.819,-5.442
OptTAR_Fixed_ligprep_20260117_0.5.maegz:368,-3.218,-3.032,-2.87,-3.948,-3.647,-3.351,-3.406,-6.061,-4.114,-2.963,-4.024,-1.604,-6.173,-2.378,-2.414,-4.897,-3.553,-2.639,-0.3348,-4.532,-2.579,-3.814,-5.211,-3.81,-2.601,-5.059,-4.905,-3.452,-3.244,-3.27,-4.181,-4.462,-0.7833,-2.364,0.3891,-3.145,-3.456,-2.124,-1.884,-2.864,-3.756,-4.543,-3.522,-3.55,-4.266,-3.753,-2.131,-4.074,-3.287,-4.586
OptTAR_Fixed_ligprep_20260117_0.5.maegz:369,-4.264,-3.837,-2.695,-3.043,-5.616,-3.006,-4.747,-6.439,-5.212,-3.657,-5.017,-1.531,-6.477,-5.659,-2.959,-3.417,-4.183,-2.368,-3.384,-5.221,-4.45,-4.224,-4.176,-3.166,-4.177,-2.872,-3.531,-5.046,-4.104,-5.005,-2.785,-4.464,-2.801,-4.303,-3.911,-2.672,-3.958,-3.422,-4.257,-2.272,-3.863,-4.752,-2.883,-3.292,-2.685,-3.729,-3.941,-4.117,-2.927,-2.921
OptTAR_Fixed_ligprep_20260117_0.5.maegz:370,-1.972,-5.085,-3.518,-3.2,-4.139,-3.567,-3.338,-6.373,-3.594,-5.614,-5.789,-2.92,-5.64,-3.621,-5.104,-3.024,-5.106,-3.695,-0.7815,-4.803,-2.84,-3.679,-3.672,-3.993,-5.724,-4.506,-5.102,-4.014,-3.735,0.1353,-3.613,-2.207,-3.778,-3.86,-3.081,-3.15,-0.7632,-2.733,-3.079,-4.64,-3.812,-4.492,-3.561,-5.15,-4.44,-3.811,-3.811,-3.765,-3.512,-2.05
OptTAR_Fixed_ligprep_20260117_0.5.maegz:371,-3.98,-2.535,-4.464,-2.88,-2.007,-1.794,-3.268,-5.834,-3.849,-5.015,-4.358,-3.828,-4.202,-4.344,-2.922,-4.162,-5.4,-4.304,-3.004,-4.118,-3.405,-2.869,-4.554,-3.327,-4.085,-3.816,-1.82,-3.317,-1.585,-4.45,-3.548,-2.485,-3.1,-2.743,-2.564,-3.053,-1.962,-3.004,-3.408,-3.375,-2.386,-4.35,-1.846,-3.396,-4.357,-3.342,-2.927,-3.747,-2.998,-4.616
OptTAR_Fixed_ligprep_20260117_0.5.maegz:372,-1.24,-3.463,-2.958,-2.63,-3.826,-1.985,-4.988,-5.907,-3.069,-1.847,-2.704,-0.3782,-6.471,-3.459,-2.72,-1.795,-3.542,-2.633,-2.059,-5.323,-4.09,-3.556,-4.541,-3.73,-4.033,-4.379,-4.683,-1.99,-4.716,-4.573,-3.233,-2.616,-2.673,-3.552,-3.714,-2.529,-0.7035,-2.209,-2.008,-4.021,-2.631,-4.694,-4.624,-3.202,-4.443,-3.137,-3.894,-3.324,-3.757,-4.113
OptTAR_Fixed_ligprep_20260117_0.5.maegz:373,-1.335,-3.64,-3.094,-1.975,-3.844,-0.2622,-3.355,-5.283,-4.386,-4.473,-2.809,-2.8,-3.159,-3.268,-3.833,-2.141,-2.732,-3.094,-2.466,-5.079,-3.945,-3.52,-3.986,-3.354,-2.571,-3.977,-5.097,-2.473,-3.958,-4.786,-3.272,-3.727,-2.458,-1.708,-2.605,-1.945,-3.544,-2.204,-0.7345,-3.102,-2.599,-4.092,-3.005,-3.869,-1.986,-4.182,-3.662,-5.061,-1.231,-3.653
OptTAR_Fixed_ligprep_20260117_0.5.maegz:374,-2.469,-3.498,-2.992,-2.285,-3.283,-4.033,-4.269,-3.777,-4.166,-3.945,-4.954,-2.246,-6.315,-2.915,-5.326,-1.755,-1.445,-3.307,-1.232,-2.206,-2.275,-3.958,-5.76,-1.739,-3.727,-4.516,-3.005,-3.096,-4.431,-4.037,-3.399,-3.95,-3.346,-1.382,-2.407,-1.143,-3.898,-3.731,-2.057,-4.151,-3.533,-4.353,-4.217,-3.015,-4.297,-3.997,-4.06,-4.305,-2.431,-3.873
OptTAR_Fixed_ligprep_20260117_0.5.maegz:375,-4.106,-5.274,-3.828,-4.928,-4.088,-4.17,-6.16,-6.369,-4.525,-5.478,-2.969,-5.559,-3.139,-4.395,-4.669,-5.349,-6.544,-4.269,-4.704,-5.717,-5.905,-3.792,-4.338,-5.311,-4.885,-5.747,-5.79,-4.172,-5.504,-4.661,-5.034,-4.346,-3.514,-5.703,-5.718,-4.649,-5.22,-3.084,-3.508,-4.908,-5.262,-4.419,-3.772,-4.651,-4.674,-5.06,-4.421,-3.563,-4.369,-3.944
OptTAR_Fixed_ligprep_20260117_0.5.maegz:376,-5.431,-5.555,-5.715,-5.823,-6.257,-4.371,-7.071,-7.225,-7.606,-6.137,-6.21,-5.813,-6.894,-5.762,-5.538,-6.217,-7.363,-5.065,-4.254,-5.067,-5.888,-5.303,-5.735,-6.407,-5.833,-5.762,-6.213,-5.386,-6.156,-5.676,-5.055,-5.817,-4.799,-3.744,-4.438,-4.157,-3.921,-3.354,-3.937,-5.159,-5.24,-4.905,-5.781,-4.354,-5.628,-5.502,-5.836,-6.31,-5.355,-5.803
OptTAR_Fixed_ligprep_20260117_0.5.maegz:377,-4.149,-4.235,-4.43,-6.048,-6.069,-5.329,-5.504,-6.764,-5.167,-6.405,-5.699,-6.613,-6.579,-5.309,-4.612,-4.026,-5.988,-3.811,-3.659,-3.981,-4.076,-5.273,-5.956,-5.337,-5.1,-5.115,-5.698,-5.529,-5.203,-4.411,-4.453,-5.09,-4.039,-3.766,-4.406,-4.246,-3.477,-5.059,-4.916,-4.636,-5.079,-4.096,-4.224,-4.134,-4.192,-4.403,-4.608,-4.657,-4.421,-5.998
OptTAR_Fixed_ligprep_20260117_0.5.maegz:378,-4.359,-4.157,-3.818,-3.984,-5.946,-4.873,-5.25,-7.26,-7.421,-6.101,-5.392,-6.416,-6.096,-5.053,-5.472,-5.272,-4.493,-5.129,-4.783,-4.978,-5.382,-4.808,-5.993,-6.032,-6.34,-5.757,-7.399,-5.853,-6.544,-5.671,-5.992,-5.838,-4.125,-4.799,-4.701,-4.904,-4.388,-4.723,-4.367,-4.672,-5.596,-4.606,-5.757,-5.053,-5.731,-4.982,-6.502,-5.033,-5.312,-5.421
OptTAR_Fixed_ligprep_20260117_0.5.maegz:379,-3.812,-4.145,-5.185,-5.16,-5.587,-4.632,-4.741,-6.895,-6.607,-6.626,-6.112,-3.773,-5.517,-6.062,-5.029,-6.385,-4.055,-3.888,-4.232,-4.234,-4.631,-4.96,-5.858,-5.153,-6.892,-5.857,-6.309,-4.91,-5.543,-5.687,-6.19,-5.738,-4.76,-4.967,-5.007,-3.787,-4.138,-7.066,-4.723,-4.255,-6.192,-4.697,-6.033,-5.251,-4.564,-5.898,-5.55,-5.311,-4.993,-5.456
OptTAR_Fixed_ligprep_20260117_0.5.maegz:380,-4.904,-5.271,-5.051,-4.758,-5.953,-5.105,-5.193,-7.4,-6.962,-6.829,-6.235,-6.253,-6.308,-5.854,-6.282,-5.987,-7.861,-4.564,-4.283,-7.244,-5.59,-6.687,-6.8,-6.856,-6.488,-6.885,-7.528,-6.16,-7.191,-5.621,-6.586,-6.55,-5.207,-5.164,-5.282,-5.067,-5.047,-4.432,-5.141,-6.909,-6.337,-5.222,-6.308,-5.877,-5.936,-5.804,-6.207,-5.653,-5.558,-7.03
OptTAR_Fixed_ligprep_20260117_0.5.maegz:381,-4.634,-4.988,-4.212,-4.991,-6.149,-4.42,-4.553,-7.715,-6.678,-6.472,-5.053,-5.163,-5.007,-5.369,-5.934,-4.779,-6.153,-4.214,-4.473,-4.6,-5.225,-6.083,-4.974,-5.53,-7.061,-6.396,-7.377,-6.697,-5.849,-6.42,-5.323,-5.28,-4.602,-3.998,-4.151,-4.151,-4.465,-4.427,-3.618,-4.92,-5.536,-6.268,-5.377,-4.664,-5.733,-5.448,-5.483,-5.312,-5.271,-6.075
OptTAR_Fixed_ligprep_20260117_0.5.maegz:382,-5.163,-5.311,-4.608,-5.593,-6.088,-5.466,-5.151,-7.63,-7.329,-7.437,-6.245,-5.837,-5.585,-6.638,-6.533,-6.238,-6.638,-5.02,-5.332,-5.337,-5.251,-6.426,-6.431,-6.284,-7.072,-6.227,-7.516,-6.921,-6.936,-5.857,-6.523,-6.819,-4.967,-5.6,-5.103,-4.818,-6.85,-5.21,-4.564,-5.09,-5.636,-5.167,-5.647,-5.744,-6.516,-6.372,-6.527,-5.4,-5.675,-7.066
OptTAR_Fixed_ligprep_20260117_0.5.maegz:383,-5.051,-4.71,-4.773,-4.715,-6.588,-4.958,-4.924,-7.815,-6.256,-6.354,-7.007,-6.463,-5.714,-5.917,-5.407,-4.457,-6.583,-4.536,-4.978,-5.236,-5.981,-6.037,-6.387,-6.312,-6.379,-5.99,-7.449,-6.439,-6.644,-5.729,-6.618,-6.05,-4.969,-5.166,-4.462,-4.826,-4.764,-4.682,-4.951,-6.408,-6.348,-4.961,-5.559,-5.306,-5.716,-5.956,-5.604,-5.59,-5.789,-6.816
OptTAR_Fixed_ligprep_20260117_0.5.maegz:384,-4.523,-4.42,-4.479,-4.867,-5.449,-4.766,-4.848,-7.781,-7.798,-6.84,-5.147,-3.639,-4.858,-5.679,-5.79,-5.29,-5.994,-4.653,-4.252,-6.0,-6.281,-5.877,-5.897,-6.168,-6.253,-5.876,-7.717,-6.182,-6.381,-5.734,-6.609,-7.044,-4.23,-5.486,-6.1,-4.482,-4.781,-4.271,-4.724,-5.177,-6.007,-6.042,-5.185,-4.522,-5.938,-4.503,-4.72,-5.017,-5.543,-6.259
OptTAR_Fixed_ligprep_20260117_0.5.maegz:385,-5.834,-5.407,-4.179,-5.075,-6.498,-6.006,-5.267,-7.948,-7.472,-6.447,-6.187,-6.274,-5.734,-5.628,-5.894,-4.997,-7.078,-5.268,-4.642,-6.467,-5.94,-6.273,-6.744,-6.067,-7.451,-6.898,-7.397,-6.852,-6.529,-6.558,-7.203,-5.835,-5.14,-5.144,-4.622,-4.335,-4.252,-4.814,-4.418,-5.87,-5.624,-6.233,-5.626,-5.164,-5.872,-5.682,-5.969,-5.479,-5.914,-6.203
OptTAR_Fixed_ligprep_20260117_0.5.maegz:386,-5.443,-5.481,-4.852,-6.03,-6.624,-4.399,-6.249,-8.3,-7.75,-6.781,-6.338,-6.741,-6.742,-6.105,-5.776,-4.717,-6.584,-4.158,-6.032,-5.349,-5.992,-5.879,-5.453,-5.323,-6.578,-5.948,-6.883,-5.866,-6.572,-5.736,-5.773,-5.158,-4.435,-4.911,-4.885,-4.556,-4.811,-5.209,-4.481,-5.195,-5.635,-4.172,-5.211,-4.408,-4.62,-4.476,-4.451,-4.986,-5.682,-5.645
OptTAR_Fixed_ligprep_20260117_0.5.maegz:387,-4.578,-5.059,-4.424,-4.643,-5.617,-5.25,-6.082,-7.199,-6.362,-6.593,-6.232,-5.84,-6.062,-6.434,-5.973,-4.754,-6.465,-4.383,-4.067,-4.914,-5.12,-6.009,-5.954,-5.486,-5.575,-6.217,-6.722,-6.24,-5.982,-5.05,-5.364,-5.143,-4.414,-4.78,-4.668,-4.832,-5.093,-4.169,-4.344,-5.984,-4.807,-4.568,-4.364,-4.584,-6.086,-5.296,-5.032,-5.321,-5.053,-4.67
OptTAR_Fixed_ligprep_20260117_0.5.maegz:388,-2.534,-3.826,-1.533,-1.577,-3.288,-2.528,-2.32,-4.486,-3.614,-2.779,-3.003,0.5536,-4.648,-2.89,-4.393,-3.118,-2.092,-0.3895,-2.816,-3.539,-2.202,-4.525,-5.019,-2.743,-4.246,-2.766,-1.884,-0.2613,-2.541,-0.9896,-3.701,-3.224,-1.354,-0.3421,-1.362,-1.121,-3.122,-2.722,-1.96,-4.696,-4.674,-3.164,-1.472,-0.3018,-2.694,-2.314,-3.011,-2.738,-2.644,-1.808
OptTAR_Fixed_ligprep_20260117_0.5.maegz:389,-2.277,-2.323,-0.787,-3.903,-2.338,-3.871,-2.131,-3.223,-3.366,-3.445,-1.735,-2.186,-3.682,-2.355,-2.578,-1.041,-2.03,-0.4356,-2.493,-3.01,-2.385,-2.043,-1.104,-3.536,-1.476,-2.702,-3.439,-1.7,-5.456,-4.583,-3.98,-4.817,-0.3979,-3.458,-2.401,-2.732,-0.6131,-1.084,-1.325,-3.214,-2.017,-4.127,-1.903,-2.757,-3.912,-2.213,-1.526,-2.894,-2.391,-2.981
OptTAR_Fixed_ligprep_20260117_0.5.maegz:390,-1.666,-3.985,0.1611,-2.187,-2.19,-2.753,-1.165,-3.011,-3.453,-4.45,0.2896,-2.021,-1.757,-3.303,-2.711,-0.4685,-2.279,-2.359,-2.012,-2.041,-1.591,0.5362,-2.72,-1.318,-2.402,-4.353,-1.445,-4.029,-1.41,-0.5091,-1.93,-1.693,0.7223,-0.5297,0.6948,1.544,0.7134,-2.481,-0.411,-2.241,-2.376,-1.256,-3.65,-2.239,-2.543,-3.449,-3.612,-2.024,-2.143,-3.332
OptTAR_Fixed_ligprep_20260117_0.5.maegz:391,-4.104,-5.377,-4.362,-4.511,-5.919,-5.879,-5.654,-7.874,-7.201,-6.585,-6.575,-5.801,-6.545,-5.917,-6.032,-4.959,-5.517,-4.456,-4.552,-5.554,-5.798,-6.277,-5.098,-6.225,-6.516,-6.105,-6.416,-7.098,-6.339,-5.071,-5.663,-5.068,-4.252,-5.466,-4.186,-4.018,-5.374,-4.122,-4.65,-5.536,-4.387,-4.458,-4.836,-5.937,-4.067,-5.475,-4.67,-5.202,-3.858,-5.169
OptTAR_Fixed_ligprep_20260117_0.5.maegz:392,-4.949,-4.63,-5.231,-5.368,-6.174,-5.272,-5.707,-6.673,-5.968,-6.43,-5.547,-6.286,-5.89,-5.899,-6.253,-5.378,-5.788,-6.158,-4.942,-5.608,-6.732,-6.257,-5.99,-5.885,-6.695,-5.718,-5.68,-5.432,-5.905,-5.699,-5.99,-5.674,-5.098,-5.236,-5.371,-4.767,-4.911,-5.997,-4.862,-7.068,-5.713,-5.327,-6.043,-5.459,-5.434,-5.231,-5.151,-5.471,-5.072,-5.422
OptTAR_Fixed_ligprep_20260117_0.5.maegz:393,-4.815,-5.422,-5.506,-4.968,-4.521,-5.374,-6.145,-5.955,-5.487,-6.667,-5.955,-6.199,-6.936,-4.991,-5.767,-4.77,-5.647,-5.227,-4.789,-4.984,-6.447,-5.75,-5.912,-5.79,-5.481,-6.045,-6.032,-6.554,-6.516,-5.549,-6.328,-5.295,-5.272,-5.469,-4.478,-4.353,-6.037,-5.211,-4.608,-5.046,-5.267,-5.164,-5.426,-5.983,-5.778,-5.525,-5.671,-5.289,-5.037,-4.373
OptTAR_Fixed_ligprep_20260117_0.5.maegz:394,-3.739,-2.187,-3.568,-5.167,-5.426,-1.806,-5.514,-6.338,-6.19,-6.384,-2.596,-3.101,-2.686,-4.614,-5.488,-2.4,-5.824,-3.761,-1.904,-4.467,-4.731,-5.257,-4.973,-4.486,-3.624,-4.306,-4.352,-3.116,-2.755,-5.117,-3.7,-4.823,-0.8332,-4.371,-1.541,-3.177,-2.386,-3.789,-3.458,-3.702,-4.42,-4.08,-1.746,-3.794,-4.687,-5.146,-1.702,-4.44,-2.982,-4.756
OptTAR_Fixed_ligprep_20260117_0.5.maegz:395,-4.268,-2.88,-4.252,-4.395,-5.146,-5.116,-4.193,-6.405,-5.702,-5.034,-6.359,-4.589,-6.204,-3.232,-4.141,-4.149,-5.819,-3.414,-3.499,-4.561,-4.55,-4.395,-4.634,-3.809,-5.888,-4.158,-5.038,-4.61,-5.208,-5.144,-4.597,-4.294,-3.747,-4.377,-4.094,-3.944,-4.4,-4.33,-3.681,-4.307,-4.386,-4.163,-5.412,-3.94,-5.029,-4.147,-3.36,-4.049,-3.873,-3.146
OptTAR_Fixed_ligprep_20260117_0.5.maegz:396,-4.746,-4.485,-4.439,-4.874,-5.511,-4.735,-4.61,-7.862,-5.978,-6.18,-5.516,-5.471,-6.721,-6.221,-6.035,-4.602,-6.652,-4.294,-4.491,-5.903,-4.511,-5.486,-5.565,-5.633,-6.357,-5.645,-6.059,-4.845,-5.6,-5.422,-5.569,-4.628,-4.91,-4.96,-5.231,-4.994,-5.611,-5.397,-4.221,-6.177,-5.147,-4.227,-4.829,-4.748,-5.415,-5.376,-4.611,-5.251,-4.766,-6.232
OptTAR_Fixed_ligprep_20260117_0.5.maegz:397,-4.394,-4.872,-4.552,-4.62,-6.215,-6.653,-6.112,-7.802,-5.967,-7.087,-6.973,-6.9,-7.134,-5.384,-6.709,-6.101,-5.863,-4.873,-4.26,-6.343,-5.647,-5.717,-6.268,-6.294,-6.068,-5.619,-7.076,-6.579,-6.126,-6.105,-7.244,-5.739,-5.098,-6.369,-5.623,-5.291,-5.3,-6.248,-4.917,-5.042,-5.613,-4.366,-5.568,-5.445,-5.568,-6.206,-5.985,-5.559,-5.58,-6.873
OptTAR_Fixed_ligprep_20260117_0.5.maegz:398,-4.746,-4.725,-5.264,-4.841,-6.8,-5.813,-5.941,-7.686,-7.797,-5.979,-6.59,-6.594,-5.991,-6.853,-7.379,-6.661,-7.262,-5.046,-4.765,-6.564,-5.266,-6.265,-6.365,-6.976,-6.164,-5.801,-6.71,-7.351,-6.357,-6.286,-6.017,-5.97,-4.673,-5.382,-4.98,-4.495,-5.179,-3.8,-4.139,-5.493,-6.817,-5.518,-5.871,-5.806,-5.496,-6.237,-6.157,-6.757,-5.078,-6.944
OptTAR_Fixed_ligprep_20260117_0.5.maegz:399,-4.944,-5.22,-4.909,-5.809,-7.19,-5.899,-5.244,-7.581,-5.975,-6.812,-6.231,-5.603,-5.612,-5.036,-4.871,-4.787,-6.345,-4.434,-5.094,-6.156,-5.632,-6.207,-6.047,-7.034,-7.193,-7.246,-7.004,-6.09,-6.774,-6.169,-5.731,-5.708,-4.803,-4.672,-3.804,-4.851,-4.112,-3.926,-3.808,-6.894,-5.303,-4.738,-6.164,-6.18,-4.603,-5.507,-5.438,-4.957,-4.852,-6.058
OptTAR_Fixed_ligprep_20260117_0.5.maegz:400,-5.081,-4.861,-4.821,-4.286,-5.662,-5.58,-6.38,-5.759,-6.017,-6.512,-5.655,-4.586,-5.449,-6.68,-5.164,-4.219,-4.925,-4.067,-3.971,-5.687,-3.567,-5.661,-4.24,-5.581,-5.353,-4.65,-5.55,-5.086,-5.17,-5.092,-5.01,-4.512,-4.196,-4.664,-4.845,-4.317,-4.58,-4.214,-4.293,-4.504,-4.424,-3.791,-3.806,-3.95,-5.326,-4.437,-4.41,-4.72,-4.097,-4.263
OptTAR_Fixed_ligprep_20260117_0.5.maegz:401,-5.401,-4.811,-5.272,-5.753,-6.072,-5.136,-6.941,-8.007,-6.449,-7.053,-5.48,-6.076,-6.478,-5.138,-6.234,-5.624,-5.046,-6.091,-4.797,-6.518,-7.27,-6.047,-5.948,-5.959,-5.844,-6.716,-7.375,-6.239,-6.841,-6.222,-5.696,-5.561,-5.16,-5.199,-4.976,-6.221,-5.967,-6.534,-4.879,-5.481,-5.663,-6.021,-5.429,-5.438,-5.174,-5.154,-6.069,-5.668,-5.404,-6.724
OptTAR_Fixed_ligprep_20260117_0.5.maegz:402,-4.267,-3.539,-4.217,-5.411,-5.051,-4.629,-5.193,-7.678,-6.358,-5.316,-4.232,-5.746,-4.109,-6.049,-4.648,-4.533,-4.391,-3.892,-4.008,-4.272,-4.934,-6.139,-6.32,-6.347,-6.393,-5.863,-6.99,-5.67,-5.319,-6.219,-6.259,-5.47,-4.322,-4.565,-4.952,-4.693,-5.076,-4.985,-4.099,-4.51,-5.523,-5.303,-4.984,-5.34,-6.058,-6.073,-4.912,-5.022,-4.463,-5.371
OptTAR_Fixed_ligprep_20260117_0.5.maegz:403,-4.127,-4.478,-4.5,-3.896,-3.515,-4.542,-5.854,-7.242,-6.034,-4.818,-4.826,-5.309,-5.65,-3.296,-3.212,-3.698,-3.204,-2.173,-3.103,-3.74,-3.191,-5.048,-3.822,-4.034,-3.01,-4.171,-3.94,-4.946,-2.281,-1.532,-4.135,-1.415,-1.64,-2.036,-2.607,-2.416,-2.989,-3.033,-3.107,-3.202,-4.553,-4.595,-3.787,-3.492,-5.337,-4.205,-4.404,-3.741,-2.666,-1.712
OptTAR_Fixed_ligprep_20260117_0.5.maegz:404,-3.748,-5.55,-5.149,-5.615,-5.929,-4.715,-5.976,-6.707,-6.673,-5.953,-4.884,-2.446,-7.648,-6.004,-5.771,-4.977,-4.639,-4.97,-4.327,-5.507,-5.067,-4.849,-5.235,-5.307,-4.466,-4.757,-6.381,-5.335,-5.526,-3.896,-3.954,-5.6,-3.461,-4.287,-4.502,-3.2,-4.75,-4.739,-3.827,-4.873,-5.304,-4.472,-4.416,-4.742,-5.09,-5.112,-5.606,-4.332,-5.357,-4.727
OptTAR_Fixed_ligprep_20260117_0.5.maegz:405,-3.554,-3.481,-4.325,-5.062,-6.891,-5.183,-8.204,-7.626,-5.86,-6.001,-5.081,-3.897,-5.63,-4.413,-4.422,-4.338,-4.099,-4.368,-3.642,-4.006,-4.667,-4.807,-5.092,-3.339,-4.475,-5.134,-6.054,-5.574,-4.448,-4.607,-6.668,-3.596,-4.257,-3.181,-4.178,-4.283,-3.567,-4.322,-4.45,-4.477,-5.554,-4.531,-4.709,-4.414,-4.168,-4.678,-4.808,-3.867,-4.638,-6.024
OptTAR_Fixed_ligprep_20260117_0.5.maegz:406,-3.947,-2.679,-4.823,-3.437,-5.827,-3.165,-3.93,-8.172,-5.501,-6.155,-6.24,-3.332,-3.457,-3.756,-4.024,-3.875,-3.619,-2.682,-3.317,-2.378,-4.687,-4.241,-4.347,-4.258,-2.292,-5.038,-4.837,-5.153,-3.599,-2.321,-3.345,-4.111,-3.53,-3.222,-3.384,-3.918,-2.308,-3.204,-3.721,-4.447,-4.472,-3.431,-3.821,-4.71,-4.174,-3.199,-5.214,-4.762,-3.959,-2.857
OptTAR_Fixed_ligprep_20260117_0.5.maegz:407,-3.234,-5.454,-4.834,-5.72,-5.319,-4.209,-6.062,-7.459,-6.319,-4.748,-6.279,-6.121,-7.775,-5.833,-5.654,-3.499,-4.668,-5.37,-3.822,-6.15,-6.145,-5.12,-5.014,-5.731,-5.915,-5.306,-7.17,-6.609,-5.724,-5.726,-5.153,-6.136,-4.122,-5.426,-4.781,-4.234,-4.711,-5.122,-3.837,-5.559,-5.162,-4.788,-4.621,-4.579,-5.867,-6.312,-5.879,-4.069,-4.553,-5.853
OptTAR_Fixed_ligprep_20260117_0.5.maegz:408,-4.058,-4.807,-4.523,-4.277,-4.921,-3.92,-6.002,-6.98,-6.219,-5.936,-5.703,-5.212,-4.808,-6.175,-4.825,-3.428,-4.891,-3.642,-3.47,-4.288,-4.002,-4.37,-5.581,-4.851,-4.349,-5.691,-5.976,-4.206,-4.1,-4.395,-4.949,-4.266,-3.865,-4.167,-3.768,-3.605,-2.899,-2.534,-2.983,-3.268,-4.886,-3.576,-4.0,-3.788,-3.259,-4.607,-3.866,-3.997,-4.232,-4.581
OptTAR_Fixed_ligprep_20260117_0.5.maegz:409,-4.781,-3.98,-5.178,-4.825,-6.166,-4.109,-5.058,-6.779,-6.225,-6.548,-6.286,-4.178,-5.243,-5.417,-6.112,-3.56,-3.221,-4.932,-3.472,-6.461,-4.632,-5.528,-5.632,-5.89,-5.818,-5.566,-6.654,-5.644,-5.365,-4.18,-5.585,-4.977,-3.653,-3.938,-3.496,-3.594,-3.257,-3.792,-3.607,-5.831,-5.041,-4.208,-4.577,-4.834,-4.02,-4.677,-4.647,-4.917,-4.848,-5.595
OptTAR_Fixed_ligprep_20260117_0.5.maegz:410,-5.69,-4.081,-5.726,-5.024,-6.97,-4.417,-5.788,-6.717,-7.492,-5.577,-6.141,-4.38,-5.798,-5.786,-5.335,-4.459,-3.615,-4.768,-3.469,-5.307,-5.221,-4.21,-5.117,-4.512,-5.815,-5.36,-5.82,-5.076,-5.618,-4.083,-5.089,-5.305,-4.499,-4.26,-4.161,-4.514,-4.327,-3.455,-3.907,-5.155,-5.209,-4.023,-4.294,-3.573,-5.397,-4.562,-4.288,-4.179,-4.788,-4.242
OptTAR_Fixed_ligprep_20260117_0.5.maegz:411,-4.971,-5.518,-5.476,-5.288,-7.191,-4.359,-6.044,-7.709,-6.962,-6.673,-6.193,-5.469,-6.56,-6.075,-5.279,-5.088,-5.585,-5.175,-4.86,-4.509,-5.003,-5.895,-6.299,-5.602,-5.8,-5.794,-7.397,-7.652,-7.492,-6.031,-5.973,-5.438,-5.364,-4.853,-4.913,-4.393,-4.971,-3.995,-4.509,-5.996,-6.237,-5.214,-5.361,-5.39,-6.099,-5.65,-5.474,-6.027,-5.205,-5.929
OptTAR_Fixed_ligprep_20260117_0.5.maegz:412,-5.698,-5.627,-5.632,-6.246,-6.264,-7.078,-7.056,-6.775,-7.834,-6.752,-7.854,-6.087,-7.78,-5.362,-5.815,-4.725,-6.045,-5.081,-3.775,-4.951,-6.064,-5.91,-5.348,-5.759,-4.978,-5.563,-6.777,-6.243,-6.114,-5.897,-6.892,-5.901,-3.751,-5.015,-5.383,-5.463,-5.401,-3.25,-4.416,-5.685,-5.399,-4.699,-4.946,-5.582,-5.041,-5.717,-4.392,-6.223,-4.486,-4.596
OptTAR_Fixed_ligprep_20260117_0.5.maegz:413,-4.921,-5.943,-5.691,-4.803,-5.788,-6.138,-5.606,-7.282,-7.283,-6.932,-5.704,-6.936,-7.065,-6.112,-6.986,-5.305,-5.033,-4.778,-4.266,-6.176,-6.225,-5.046,-5.717,-5.92,-6.288,-6.152,-7.236,-5.868,-7.131,-5.384,-5.547,-6.419,-3.733,-5.708,-5.287,-4.506,-5.252,-3.719,-3.584,-5.275,-5.282,-5.666,-5.17,-4.478,-6.072,-5.097,-4.584,-4.663,-5.29,-4.342
OptTAR_Fixed_ligprep_20260117_0.5.maegz:414,-5.293,-5.681,-5.179,-4.74,-5.552,-5.321,-5.847,-7.166,-6.427,-7.014,-4.907,-5.216,-4.827,-5.27,-5.638,-4.076,-5.992,-4.475,-4.348,-5.617,-4.888,-5.674,-5.431,-7.215,-5.928,-6.127,-6.467,-7.104,-7.589,-5.745,-6.09,-5.736,-3.404,-5.752,-5.542,-4.2,-4.935,-4.154,-2.471,-5.292,-4.585,-4.925,-5.174,-6.15,-4.053,-6.444,-5.461,-4.572,-5.332,-6.382
OptTAR_Fixed_ligprep_20260117_0.5.maegz:415,-4.811,-4.172,-4.752,-5.415,-6.179,-4.731,-5.478,-5.651,-5.292,-5.386,-6.747,-4.885,-5.704,-4.909,-5.671,-4.792,-3.923,-4.365,-4.838,-3.82,-4.611,-4.922,-4.51,-6.149,-5.731,-6.137,-6.529,-6.083,-5.669,-6.009,-5.433,-3.93,-2.688,-4.095,-4.577,-4.273,-2.622,-1.734,-3.888,-4.913,-2.944,-4.44,-4.639,-4.721,-4.523,-5.166,-4.401,-4.974,-4.242,-5.486
OptTAR_Fixed_ligprep_20260117_0.5.maegz:416,-4.91,-5.719,-5.617,-5.996,-6.772,-5.788,-5.557,-6.7,-6.629,-6.994,-6.474,-4.105,-5.399,-6.575,-4.855,-5.056,-8.622,-4.037,-6.311,-4.086,-6.632,-5.833,-5.319,-5.519,-5.843,-5.53,-5.399,-5.587,-4.822,-4.708,-6.58,-5.287,-4.802,-5.47,-4.081,-5.463,-5.07,-4.715,-3.761,-4.719,-5.389,-5.965,-5.375,-4.865,-4.924,-4.41,-4.637,-4.955,-4.902,-4.852
OptTAR_Fixed_ligprep_20260117_0.5.maegz:417,-5.452,-5.828,-5.268,-5.968,-6.986,-6.518,-5.732,-8.093,-7.446,-6.957,-6.789,-7.335,-8.25,-6.321,-6.689,-5.619,-6.128,-4.012,-4.125,-7.104,-7.24,-5.945,-5.626,-6.793,-7.678,-6.729,-7.521,-6.746,-8.103,-6.159,-5.281,-6.631,-4.97,-6.493,-5.781,-5.442,-5.604,-5.984,-4.408,-5.788,-6.508,-5.643,-5.446,-5.63,-5.179,-6.001,-6.265,-5.454,-5.414,-6.34
OptTAR_Fixed_ligprep_20260117_0.5.maegz:418,-4.841,-4.046,-5.329,-2.905,-5.852,-4.144,-4.89,-6.511,-5.644,-7.134,-5.493,-4.864,-3.75,-5.121,-2.966,-5.047,-3.977,-4.597,-3.871,-6.128,-5.398,-3.016,-5.961,-4.873,-3.081,-5.684,-7.386,-5.869,-6.09,-3.59,-6.146,-5.173,-4.563,-2.53,-4.344,-4.478,-3.573,-4.754,-2.41,-6.328,-5.763,-5.562,-4.848,-5.322,-4.817,-4.7,-5.725,-3.521,-4.267,-5.702
OptTAR_Fixed_ligprep_20260117_0.5.maegz:419,-5.517,-3.636,-3.91,-4.971,-5.638,-4.55,-4.371,-6.286,-5.307,-6.763,-6.452,-5.803,-6.372,-5.262,-5.169,-4.427,-4.526,-4.402,-3.315,-5.121,-5.08,-4.446,-5.838,-4.43,-5.213,-5.322,-6.351,-6.309,-5.919,-4.752,-5.195,-5.047,-3.361,-4.279,-4.133,-5.045,-4.757,-4.111,-4.935,-4.294,-5.707,-4.902,-4.258,-5.254,-4.658,-4.215,-4.326,-4.622,-4.94,-4.911
OptTAR_Fixed_ligprep_20260117_0.5.maegz:420,-5.479,-4.136,-5.361,-6.037,-6.064,-2.925,-5.915,-5.926,-5.46,-5.162,-5.245,-5.622,-6.149,-5.989,-5.361,-4.142,-4.506,-3.934,-4.327,-4.906,-6.381,-5.306,-5.28,-4.647,-5.425,-5.518,-5.208,-6.435,-6.284,-5.062,-5.303,-5.206,-4.189,-4.238,-4.066,-4.847,-4.734,-3.335,-5.146,-3.948,-4.759,-4.135,-4.346,-4.373,-5.7,-3.764,-4.734,-4.314,-4.238,-5.805
OptTAR_Fixed_ligprep_20260117_0.5.maegz:421,-5.361,-4.96,-4.423,-5.812,-5.529,-4.473,-3.446,-6.257,-5.771,-7.09,-7.468,-6.554,-6.699,-5.146,-5.699,-5.108,-5.614,-4.515,-4.562,-5.611,-5.363,-4.63,-5.511,-5.748,-5.857,-5.631,-6.505,-6.906,-6.21,-5.29,-6.318,-3.642,-2.469,-4.389,-4.339,-4.185,-6.162,-3.99,-3.455,-4.357,-5.153,-4.488,-4.868,-5.149,-5.004,-4.43,-4.436,-4.063,-3.57,-6.141
OptTAR_Fixed_ligprep_20260117_0.5.maegz:422,-5.191,-3.901,-4.464,-4.293,-6.099,-4.355,-4.951,-6.155,-5.706,-5.879,-6.187,-4.483,-5.658,-4.616,-3.775,-5.037,-4.091,-3.282,-4.383,-5.474,-5.049,-4.958,-4.798,-4.938,-5.339,-5.473,-5.766,-6.074,-5.79,-5.359,-4.485,-4.212,-4.757,-4.192,-3.561,-4.373,-3.215,-3.193,-3.951,-4.834,-5.251,-3.878,-4.816,-4.092,-6.025,-5.0,-4.735,-4.026,-4.092,-5.291
OptTAR_Fixed_ligprep_20260117_0.5.maegz:423,-4.825,-4.355,-3.216,-4.275,-5.548,-4.285,-4.431,-7.871,-5.564,-6.541,-4.5,-4.234,-4.666,-6.042,-4.607,-5.443,-5.716,-3.753,-3.872,-5.383,-4.5,-4.981,-5.562,-4.833,-3.5,-5.415,-6.042,-6.416,-5.445,-5.816,-4.848,-5.247,-3.745,-4.483,-4.22,-4.2,-3.77,-3.411,-4.031,-3.907,-4.516,-4.11,-4.371,-4.908,-4.805,-3.647,-4.673,-5.452,-4.793,-5.449
OptTAR_Fixed_ligprep_20260117_0.5.maegz:424,-3.99,-4.313,-3.741,-4.307,-5.665,-4.4,-2.65,-7.204,-6.03,-5.757,-5.152,-5.464,-4.275,-3.249,-3.792,-5.032,-5.781,-4.238,-2.492,-3.725,-4.986,-5.355,-5.089,-3.737,-4.878,-4.699,-6.137,-4.779,-4.735,-3.799,-2.794,-3.882,-3.474,-4.308,-1.986,-3.907,-1.714,-3.649,-4.425,-5.052,-5.325,-4.496,-5.216,-4.158,-3.62,-4.35,-4.177,-4.156,-5.146,-3.826
OptTAR_Fixed_ligprep_20260117_0.5.maegz:425,-4.103,-4.529,-3.488,-4.417,-3.15,-4.399,-4.257,-6.429,-4.716,-5.043,-4.708,-4.48,-3.482,-4.042,-4.897,-4.344,-4.06,-2.829,-4.047,-4.065,-4.601,-3.75,-4.753,-4.397,-3.837,-5.281,-4.623,-5.587,-3.757,-2.634,-5.053,-4.639,-3.919,-3.69,-3.848,-2.367,-3.638,-1.011,-3.787,-5.384,-3.882,-3.85,-4.391,-4.788,-6.112,-4.819,-3.298,-4.051,-3.89,-4.991
OptTAR_Fixed_ligprep_20260117_0.5.maegz:426,-4.547,-4.777,-3.324,-4.398,-5.732,-4.221,-6.379,-5.924,-5.896,-6.746,-4.036,-6.59,-2.577,-4.674,-5.529,-3.926,-6.429,-4.414,-2.116,-3.681,-3.426,-4.837,-5.326,-3.46,-4.494,-4.616,-6.05,-4.752,-5.229,-3.01,-5.243,-3.931,-4.021,-3.703,-3.759,-3.617,-3.564,-2.157,-3.838,-5.072,-4.802,-3.979,-4.552,-4.6,-5.013,-4.508,-4.356,-4.149,-4.311,-4.081
OptTAR_Fixed_ligprep_20260117_0.5.maegz:427,-4.701,-6.017,-4.566,-4.691,-5.597,-4.999,-5.142,-6.964,-5.598,-5.593,-5.836,-5.253,-5.299,-5.383,-4.683,-4.961,-4.602,-5.464,-4.828,-4.768,-4.904,-5.038,-5.577,-4.814,-5.546,-5.458,-7.485,-5.75,-6.569,-4.667,-7.101,-5.849,-4.465,-4.121,-4.074,-4.956,-5.352,-3.387,-4.048,-5.586,-4.794,-4.767,-3.939,-4.87,-6.315,-4.831,-4.905,-5.249,-4.853,-5.024
OptTAR_Fixed_ligprep_20260117_0.5.maegz:428,-5.103,-5.857,-4.289,-4.338,-6.568,-4.674,-6.068,-7.097,-6.547,-6.03,-6.099,-5.49,-4.781,-4.884,-5.877,-5.268,-5.772,-4.578,-3.668,-5.418,-5.923,-5.611,-5.447,-4.328,-5.414,-4.614,-6.074,-5.719,-5.75,-5.51,-5.642,-4.638,-3.851,-4.319,-3.631,-3.921,-4.698,-3.862,-4.353,-5.719,-4.94,-5.379,-5.263,-5.137,-5.722,-5.396,-4.744,-2.531,-3.39,-5.151
OptTAR_Fixed_ligprep_20260117_0.5.maegz:429,-4.861,-4.173,-3.31,-2.459,-5.871,-4.229,-5.581,-6.425,-6.738,-6.291,-5.736,-3.083,-5.235,-5.282,-4.945,-4.244,-4.607,-4.203,-4.375,-5.702,-5.173,-5.158,-4.252,-6.067,-5.59,-6.102,-5.741,-6.062,-5.812,-4.044,-2.847,-3.816,-4.911,-4.307,-4.422,-4.507,-4.268,-3.847,-3.947,-5.086,-5.823,-5.516,-5.067,-4.739,-5.386,-4.789,-6.267,-5.731,-5.145,-6.137
OptTAR_Fixed_ligprep_20260117_0.5.maegz:430,-4.875,-5.612,-4.734,-4.58,-7.264,-4.501,-5.882,-7.907,-6.407,-6.176,-5.65,-5.476,-6.299,-6.559,-6.169,-5.296,-4.706,-4.115,-4.204,-4.862,-4.964,-4.915,-5.078,-5.058,-6.615,-6.11,-6.5,-5.516,-5.889,-4.714,-5.356,-5.638,-4.624,-4.294,-3.868,-4.499,-4.631,-4.041,-4.159,-6.178,-5.255,-5.01,-4.75,-4.018,-5.383,-5.32,-4.997,-5.31,-4.529,-5.425
OptTAR_Fixed_ligprep_20260117_0.5.maegz:431,-3.602,-3.705,-5.273,-3.633,-5.098,-4.331,-4.482,-7.023,-7.325,-7.003,-5.116,-5.48,-7.078,-6.093,-4.078,-4.446,-5.56,-4.701,-1.714,-4.491,-3.504,-5.657,-5.554,-4.135,-6.794,-4.921,-6.66,-6.014,-6.299,-5.656,-5.262,-5.614,-2.288,-3.173,-4.285,-4.808,-3.723,-3.415,-5.66,-5.407,-4.005,-4.558,-3.592,-4.388,-5.371,-5.67,-4.745,-4.562,-3.616,-4.74
OptTAR_Fixed_ligprep_20260117_0.5.maegz:432,-4.413,-5.077,-4.433,-4.93,-5.63,-4.05,-4.646,-5.284,-7.272,-6.05,-6.079,-4.775,-5.4,-3.976,-6.12,-5.226,-5.348,-3.288,-3.651,-4.918,-5.883,-4.558,-4.912,-5.209,-6.201,-4.578,-6.279,-5.025,-2.836,-5.051,-5.265,-5.438,-3.979,-3.862,-2.694,-4.461,-3.785,-2.472,-4.294,-5.031,-4.262,-4.448,-4.47,-4.416,-4.28,-3.975,-4.984,-3.955,-4.471,-3.758
OptTAR_Fixed_ligprep_20260117_0.5.maegz:433,-4.192,-3.177,-4.388,-5.416,-4.51,-4.261,-5.556,-5.714,-6.612,-6.434,-3.141,-4.572,-5.408,-5.039,-5.212,-2.664,-4.408,-3.707,-3.891,-5.489,-4.038,-4.914,-4.77,-4.561,-3.96,-4.601,-5.38,-5.451,-4.837,-4.699,-4.09,-4.055,-4.29,-4.79,-5.369,-2.191,-5.074,-2.361,-3.701,-5.371,-5.084,-3.605,-3.961,-3.977,-4.243,-3.405,-4.086,-5.34,-4.779,-4.596
OptTAR_Fixed_ligprep_20260117_0.5.maegz:434,-4.734,-4.161,-4.563,-5.223,-5.809,-5.23,-4.472,-5.516,-6.84,-6.353,-6.585,-5.522,-5.69,-4.988,-5.245,-4.365,-4.749,-5.907,-4.573,-5.768,-5.741,-4.621,-5.386,-6.006,-5.144,-6.032,-5.712,-6.443,-6.119,-4.704,-5.27,-5.024,-3.944,-4.811,-3.284,-4.966,-5.957,-5.087,-3.826,-4.045,-5.288,-4.494,-5.219,-4.562,-4.676,-4.849,-5.04,-4.621,-4.559,-5.11
OptTAR_Fixed_ligprep_20260117_0.5.maegz:435,-5.032,-4.059,-3.876,-3.594,-3.449,-4.559,-2.401,-6.275,-6.534,-4.56,-3.163,-3.089,-2.307,-4.337,-3.983,-3.262,-3.585,-3.203,-1.925,-4.42,-6.016,-5.355,-5.205,-4.071,-7.104,-6.985,-5.695,-4.155,-6.023,-4.863,-1.851,-5.293,-4.288,-3.545,-3.221,-4.018,-4.105,-2.889,-4.101,-3.94,-5.107,-3.08,-4.362,-2.196,-3.039,-4.07,-2.894,-2.477,-5.108,-3.98
OptTAR_Fixed_ligprep_20260117_0.5.maegz:436,-4.241,-4.301,-4.338,-4.721,-5.058,-5.085,-5.48,-6.302,-6.779,-5.818,-4.922,-5.474,-2.158,-4.784,-4.755,-5.405,-4.398,-4.405,-4.195,-6.594,-6.144,-4.77,-4.669,-5.746,-3.724,-5.099,-3.958,-4.82,-5.773,-4.472,-4.836,-4.963,-4.136,-5.311,-4.757,-4.302,-3.76,-4.462,-3.082,-6.146,-4.536,-3.839,-4.555,-4.641,-4.275,-4.256,-4.437,-4.63,-4.692,-5.041
OptTAR_Fixed_ligprep_20260117_0.5.maegz:437,-5.441,-4.581,-4.154,-5.988,-5.599,-4.778,-5.129,-7.35,-7.469,-6.736,-6.915,-6.25,-6.305,-5.49,-5.399,-4.903,-7.403,-4.039,-4.473,-5.405,-4.737,-6.082,-5.224,-5.742,-5.566,-5.673,-6.562,-5.638,-5.641,-5.498,-4.706,-6.156,-4.591,-4.647,-4.176,-4.175,-3.82,-3.657,-3.608,-5.682,-5.406,-4.664,-5.15,-5.234,-5.893,-5.631,-5.196,-6.137,-4.48,-5.823
OptTAR_Fixed_ligprep_20260117_0.5.maegz:438,-4.618,-3.975,-3.643,-4.194,-5.24,-5.23,-5.183,-6.727,-6.377,-6.853,-7.074,-5.284,-6.629,-5.192,-4.759,-6.02,-8.284,-3.975,-4.256,-5.018,-5.98,-6.209,-5.886,-5.54,-5.496,-5.653,-7.59,-4.793,-4.836,-5.95,-5.26,-5.735,-5.02,-3.99,-4.276,-4.946,-3.78,-5.252,-3.938,-5.602,-5.533,-5.321,-4.31,-4.711,-5.311,-5.57,-5.025,-6.283,-5.577,-4.83
OptTAR_Fixed_ligprep_20260117_0.5.maegz:439,-4.346,-3.487,-4.202,-4.666,-6.839,-5.781,-7.261,-7.077,-7.78,-5.528,-5.997,-5.29,-5.568,-5.448,-4.898,-4.447,-5.217,-3.584,-3.62,-5.646,-4.402,-5.887,-5.696,-5.105,-5.866,-6.279,-5.915,-5.037,-5.992,-5.566,-4.791,-4.588,-3.839,-5.161,-4.423,-4.412,-5.372,-4.99,-4.297,-6.692,-5.888,-3.731,-4.435,-4.89,-4.54,-4.898,-4.598,-4.904,-4.861,-5.363
OptTAR_Fixed_ligprep_20260117_0.5.maegz:440,-4.177,-4.839,-5.619,-4.548,-6.143,-5.098,-6.536,-8.367,-6.983,-7.787,-6.24,-5.223,-6.091,-6.008,-5.295,-5.249,-7.689,-4.856,-4.656,-5.847,-5.694,-7.159,-6.695,-6.653,-7.982,-6.261,-7.3,-6.504,-6.326,-6.588,-6.721,-6.103,-4.991,-4.776,-4.963,-5.872,-5.226,-5.622,-4.456,-6.129,-5.64,-6.102,-5.154,-5.223,-4.655,-6.053,-5.693,-5.697,-5.888,-5.609
OptTAR_Fixed_ligprep_20260117_0.5.maegz:441,-4.416,-4.545,-4.915,-5.395,-6.478,-5.571,-6.074,-7.263,-6.508,-5.628,-4.818,-5.228,-6.42,-5.443,-5.871,-6.084,-6.071,-5.857,-5.38,-4.794,-4.378,-5.078,-5.711,-5.723,-6.036,-5.592,-7.536,-5.908,-6.178,-4.851,-5.45,-4.831,-4.798,-4.269,-4.389,-4.856,-4.856,-5.581,-3.666,-6.427,-5.649,-5.509,-5.077,-4.84,-5.057,-5.585,-5.333,-4.57,-5.306,-5.608
OptTAR_Fixed_ligprep_20260117_0.5.maegz:442,-5.462,-5.46,-6.04,-5.072,-5.871,-5.715,-6.223,-7.629,-6.197,-6.639,-6.08,-7.421,-6.275,-6.763,-5.699,-4.668,-6.394,-3.967,-4.81,-5.125,-5.458,-6.078,-4.891,-5.976,-5.916,-5.802,-6.375,-4.772,-6.912,-5.991,-4.667,-5.813,-4.445,-5.252,-5.556,-4.66,-6.238,-4.667,-4.266,-5.757,-6.723,-4.517,-4.786,-5.064,-5.864,-5.268,-5.081,-4.965,-5.078,-5.007
OptTAR_Fixed_ligprep_20260117_0.5.maegz:443,-3.729,-3.559,-3.348,-3.442,-4.505,-3.868,-5.235,-5.935,-4.895,-4.349,-4.554,-4.322,-5.124,-4.306,-3.502,-3.956,-3.872,-3.333,-2.52,-3.511,-3.652,-3.575,-3.654,-4.039,-3.839,-3.717,-4.295,-5.143,-5.616,-3.292,-4.085,-4.156,-3.331,-3.336,-3.0,-4.147,-3.337,-2.632,-2.485,-3.862,-3.889,-3.619,-3.916,-2.957,-3.601,-4.166,-3.406,-3.38,-3.324,-3.401
OptTAR_Fixed_ligprep_20260117_0.5.maegz:444,-2.791,-2.79,-3.669,-3.933,-5.576,-4.024,-5.618,-6.795,-5.993,-5.405,-4.859,-4.9,-4.721,-4.943,-4.295,-3.794,-4.836,-3.665,-3.057,-3.681,-4.933,-4.57,-4.327,-4.668,-3.478,-4.644,-5.041,-3.752,-5.273,-3.627,-3.702,-3.985,-2.948,-3.139,-3.107,-2.658,-3.744,-2.67,-3.061,-4.214,-4.735,-4.3,-3.769,-4.089,-4.222,-4.224,-3.788,-3.539,-3.028,-4.317
OptTAR_Fixed_ligprep_20260117_0.5.maegz:445,-4.672,-3.626,-4.331,-5.706,-5.244,-4.499,-4.506,-7.393,-7.054,-6.201,-4.795,-5.66,-6.081,-6.032,-5.672,-4.639,-6.044,-5.085,-4.621,-4.702,-5.302,-6.251,-5.969,-5.556,-6.302,-5.164,-6.361,-6.033,-5.167,-6.272,-6.903,-6.247,-4.339,-5.134,-4.314,-4.664,-4.382,-4.933,-3.958,-3.538,-5.17,-4.913,-4.955,-5.127,-5.393,-4.607,-5.575,-4.822,-5.522,-4.41
OptTAR_Fixed_ligprep_20260117_0.5.maegz:446,-4.275,-4.634,-3.87,-4.795,-5.685,-4.784,-5.858,-7.169,-6.216,-7.184,-5.033,-6.333,-6.228,-5.057,-4.491,-5.002,-5.988,-5.115,-4.676,-5.838,-5.173,-5.893,-6.319,-5.93,-7.865,-5.201,-6.165,-5.84,-6.011,-6.351,-5.857,-6.09,-4.728,-4.206,-4.226,-3.909,-4.33,-4.28,-3.87,-6.191,-5.594,-5.815,-5.497,-4.534,-5.372,-4.567,-6.0,-4.864,-5.11,-4.361
OptTAR_Fixed_ligprep_20260117_0.5.maegz:447,-4.455,-4.338,-5.237,-4.433,-5.908,-5.327,-5.521,-7.764,-6.658,-6.645,-6.274,-6.621,-7.42,-6.373,-5.832,-4.626,-5.804,-4.906,-4.784,-6.588,-5.005,-5.619,-7.12,-6.467,-7.16,-7.177,-7.287,-6.881,-6.495,-6.2,-6.326,-6.171,-4.412,-4.896,-4.308,-4.766,-5.234,-4.785,-4.163,-5.27,-5.292,-4.891,-5.865,-5.404,-5.479,-5.856,-5.426,-5.287,-6.437,-5.877
OptTAR_Fixed_ligprep_20260117_0.5.maegz:448,-3.269,-2.554,-4.136,-5.174,-6.872,-5.138,-4.736,-5.564,-6.604,-6.819,-5.0,-6.871,-4.232,-4.986,-5.647,-5.716,-6.399,-4.456,-5.033,-6.256,-3.417,-4.764,-5.833,-5.871,-4.479,-3.814,-6.339,-5.488,-4.18,-4.785,-4.797,-6.233,-4.735,-3.58,-3.941,-4.771,-3.688,-4.217,-4.582,-5.475,-5.766,-5.856,-4.352,-5.475,-5.926,-5.581,-4.44,-4.219,-4.242,-4.315
OptTAR_Fixed_ligprep_20260117_0.5.maegz:449,-4.158,-4.361,-4.253,-4.519,-5.238,-4.93,-5.072,-5.758,-5.785,-5.901,-5.223,-5.596,-6.063,-5.471,-4.356,-5.065,-5.779,-3.617,-3.659,-5.144,-5.382,-5.563,-4.382,-5.016,-5.079,-4.767,-6.171,-5.384,-5.14,-4.864,-5.628,-5.286,-4.583,-4.129,-4.235,-4.145,-5.611,-4.384,-4.682,-5.164,-5.094,-4.467,-4.144,-4.689,-4.359,-4.581,-4.355,-4.503,-4.455,-5.794
OptTAR_Fixed_ligprep_20260117_0.5.maegz:450,-4.316,-3.924,-4.287,-4.453,-5.042,-4.431,-5.044,-6.012,-5.717,-5.866,-6.451,-4.6,-5.695,-4.127,-5.539,-4.677,-3.94,-3.259,-3.178,-5.114,-4.008,-4.015,-4.682,-4.379,-4.327,-5.372,-6.096,-4.565,-5.766,-4.042,-3.676,-4.392,-3.488,-3.355,-3.247,-4.251,-3.83,-3.448,-3.347,-4.031,-5.249,-3.401,-4.407,-5.494,-4.837,-4.672,-3.79,-4.682,-4.101,-4.779
OptTAR_Fixed_ligprep_20260117_0.5.maegz:451,-4.251,-4.703,-3.854,-4.762,-5.185,-3.454,-4.392,-5.968,-5.338,-5.856,-5.029,-6.37,-5.723,-4.773,-4.883,-4.501,-6.535,-4.779,-4.879,-4.482,-4.668,-4.996,-5.033,-5.035,-4.97,-4.293,-7.688,-4.836,-4.832,-5.114,-4.398,-4.315,-4.018,-4.161,-3.375,-4.543,-5.472,-4.723,-3.359,-3.733,-6.205,-4.32,-4.107,-4.082,-5.088,-4.237,-4.995,-4.675,-5.013,-5.315
OptTAR_Fixed_ligprep_20260117_0.5.maegz:452,-4.09,-4.993,-3.853,-4.576,-4.993,-5.616,-5.327,-7.178,-5.284,-5.645,-5.241,-5.523,-5.506,-4.562,-5.174,-4.212,-4.26,-3.59,-3.596,-5.012,-4.836,-5.47,-4.247,-4.828,-4.616,-4.386,-4.727,-5.187,-5.777,-4.31,-5.702,-5.812,-3.773,-3.685,-3.535,-3.407,-3.275,-2.679,-2.797,-3.189,-4.435,-4.536,-4.121,-3.646,-4.92,-4.896,-4.082,-3.551,-4.087,-4.429
OptTAR_Fixed_ligprep_20260117_0.5.maegz:453,-4.514,-4.314,-4.962,-4.597,-5.071,-4.748,-5.957,-6.25,-6.909,-5.108,-5.028,-5.709,-5.293,-5.248,-5.196,-4.727,-5.409,-3.885,-3.495,-5.27,-5.138,-4.93,-4.512,-5.493,-5.287,-5.599,-4.787,-4.968,-5.049,-4.662,-5.315,-4.175,-3.914,-4.662,-3.904,-4.974,-4.619,-4.567,-4.965,-4.386,-4.965,-3.915,-3.198,-4.106,-4.401,-4.582,-4.142,-3.666,-3.626,-4.958
OptTAR_Fixed_ligprep_20260117_0.5.maegz:454,-4.482,-4.589,-3.978,-4.808,-6.034,-4.481,-4.828,-6.266,-5.788,-5.583,-7.075,-5.699,-6.627,-5.528,-5.26,-4.564,-5.849,-4.013,-4.461,-5.543,-5.065,-5.41,-5.593,-5.115,-5.237,-5.887,-7.277,-6.699,-5.244,-5.49,-5.959,-5.587,-4.975,-5.62,-5.123,-5.247,-5.842,-4.91,-4.655,-4.991,-6.23,-5.087,-4.522,-4.579,-4.643,-5.778,-5.346,-5.0,-5.655,-6.016
OptTAR_Fixed_ligprep_20260117_0.5.maegz:455,-4.442,-4.579,-4.625,-4.511,-5.715,-4.7,-4.982,-7.251,-6.826,-6.453,-4.868,-5.3,-4.513,-5.982,-6.164,-5.986,-4.964,-4.574,-3.63,-6.685,-5.198,-5.671,-5.459,-5.209,-4.992,-6.124,-6.92,-5.677,-6.468,-6.372,-5.677,-4.867,-4.817,-4.637,-4.19,-4.248,-5.577,-4.47,-4.102,-4.725,-6.216,-4.395,-3.756,-4.55,-5.023,-5.198,-5.104,-4.913,-4.876,-5.727
OptTAR_Fixed_ligprep_20260117_0.5.maegz:456,-5.487,-6.041,-5.064,-4.623,-5.805,-4.912,-5.568,-7.163,-6.586,-6.723,-5.995,-5.102,-4.591,-6.412,-5.204,-4.835,-5.735,-4.648,-4.327,-5.633,-4.821,-6.363,-5.611,-5.476,-5.876,-6.722,-7.918,-6.349,-6.453,-6.148,-6.126,-6.23,-4.266,-4.877,-4.998,-4.497,-4.593,-4.035,-4.655,-4.952,-5.79,-5.051,-5.682,-5.23,-5.925,-5.854,-5.852,-5.917,-5.437,-6.058
OptTAR_Fixed_ligprep_20260117_0.5.maegz:457,-0.8253,-4.141,-3.862,-4.546,-5.48,-2.517,-3.71,-4.109,-6.264,-5.878,-5.727,-5.477,-4.082,-4.613,-4.867,-4.559,-6.73,-3.073,-1.186,-4.035,-3.339,-5.175,-4.707,-3.546,-2.984,-4.931,-5.829,-6.052,-4.907,-4.56,-4.887,-5.059,-4.227,-3.863,-4.049,-3.879,-3.999,-2.905,-1.191,-5.679,-4.764,-4.33,-3.368,-3.828,-4.886,-3.656,-4.06,-5.075,-4.695,-5.551
OptTAR_Fixed_ligprep_20260117_0.5.maegz:458,-4.61,-4.785,-4.645,-4.429,-6.638,-5.495,-6.203,-7.01,-6.279,-5.942,-5.456,-5.219,-6.227,-5.209,-5.72,-4.945,-4.978,-3.491,-3.768,-4.617,-4.643,-5.067,-5.703,-4.98,-5.589,-5.165,-5.512,-6.676,-5.458,-4.327,-4.825,-4.371,-3.36,-3.683,-3.48,-4.172,-4.908,-3.411,-3.914,-4.76,-5.201,-4.884,-4.083,-4.575,-5.544,-4.592,-4.503,-5.318,-4.902,-5.502
OptTAR_Fixed_ligprep_20260117_0.5.maegz:459,-4.942,-4.383,-3.719,-4.337,-6.002,-3.846,-5.215,-6.424,-7.633,-6.891,-6.315,-6.208,-6.045,-6.149,-5.085,-4.441,-6.479,-4.26,-5.155,-6.482,-5.381,-5.412,-5.571,-5.702,-5.635,-5.395,-6.007,-5.292,-2.86,-4.615,-5.146,-4.764,-4.9,-3.815,-4.086,-4.615,-4.147,-4.763,-4.669,-5.705,-5.874,-5.054,-5.191,-4.846,-5.494,-5.094,-4.608,-4.253,-4.35,-6.132
OptTAR_Fixed_ligprep_20260117_0.5.maegz:460,-5.441,-4.974,-5.172,-4.506,-5.495,-4.153,-6.214,-7.769,-7.271,-6.666,-5.558,-6.646,-6.705,-5.505,-5.565,-4.781,-5.153,-4.604,-4.365,-5.581,-4.52,-5.729,-5.433,-4.44,-5.251,-5.61,-6.621,-5.346,-5.767,-5.147,-5.16,-5.416,-3.689,-4.725,-3.947,-4.356,-4.833,-3.936,-3.077,-5.321,-6.039,-4.697,-5.419,-5.025,-6.311,-5.091,-5.013,-4.753,-4.407,-5.222
OptTAR_Fixed_ligprep_20260117_0.5.maegz:461,-5.631,-5.304,-5.1,-5.355,-7.348,-5.968,-5.68,-8.764,-9.141,-7.301,-6.616,-4.987,-4.768,-5.949,-4.583,-4.476,-5.506,-5.371,-4.67,-5.638,-5.164,-5.983,-5.898,-6.39,-6.111,-5.916,-7.166,-5.912,-6.423,-6.658,-6.562,-6.721,-5.356,-5.906,-5.573,-5.623,-4.34,-4.592,-4.465,-5.607,-7.034,-5.496,-5.52,-5.302,-5.191,-5.521,-5.024,-5.045,-5.289,-5.951
OptTAR_Fixed_ligprep_20260117_0.5.maegz:462,-5.306,-4.71,-4.066,-5.629,-6.033,-4.925,-3.725,-8.628,-5.387,-7.587,-6.508,-4.349,-7.539,-6.144,-6.074,-5.786,-6.36,-5.02,-5.066,-4.823,-6.991,-6.293,-4.648,-6.803,-6.098,-5.961,-5.098,-7.164,-6.747,-5.854,-6.55,-5.977,-4.762,-4.904,-4.859,-5.275,-4.831,-5.044,-4.882,-5.438,-5.295,-5.099,-5.085,-4.944,-4.985,-5.404,-5.285,-6.228,-5.243,-5.815
OptTAR_Fixed_ligprep_20260117_0.5.maegz:463,-5.389,-5.096,-5.274,-5.359,-5.971,-5.583,-6.925,-7.897,-6.808,-7.313,-6.163,-6.622,-6.252,-5.812,-5.47,-6.189,-6.063,-4.705,-5.529,-5.858,-4.854,-6.057,-6.637,-5.926,-6.959,-6.341,-7.489,-7.956,-6.195,-5.935,-6.175,-6.837,-5.057,-5.567,-5.064,-5.299,-4.38,-5.545,-4.449,-6.006,-5.504,-5.716,-5.392,-5.754,-6.399,-5.698,-5.915,-5.657,-6.499,-5.676
OptTAR_Fixed_ligprep_20260117_0.5.maegz:464,-4.358,-3.751,-3.766,-4.662,-5.807,-5.272,-4.355,-7.361,-7.107,-6.572,-5.011,-5.748,-5.764,-5.091,-4.649,-4.948,-4.435,-4.862,-3.841,-4.712,-4.669,-5.48,-6.03,-6.294,-5.833,-6.237,-6.462,-6.835,-6.507,-4.604,-5.845,-5.832,-4.521,-4.312,-5.157,-4.834,-4.39,-4.15,-4.257,-5.572,-6.435,-4.484,-5.405,-5.107,-6.408,-5.333,-5.584,-4.963,-5.347,-6.178
OptTAR_Fixed_ligprep_20260117_0.5.maegz:465,-4.799,-3.793,-5.158,-4.453,-6.431,-5.93,-5.191,-7.268,-6.606,-7.242,-5.626,-5.11,-6.628,-6.107,-6.012,-6.349,-6.382,-5.776,-4.405,-6.095,-5.413,-5.857,-5.916,-5.575,-6.241,-6.506,-6.846,-7.096,-6.489,-6.119,-5.634,-6.339,-4.6,-4.26,-4.909,-5.423,-4.532,-4.815,-4.433,-5.888,-5.891,-6.083,-5.466,-5.786,-5.346,-5.824,-5.893,-5.531,-5.828,-6.196
OptTAR_Fixed_ligprep_20260117_0.5.maegz:466,-4.829,-4.542,-5.348,-4.515,-5.769,-5.474,-5.407,-8.042,-9.155,-8.016,-7.648,-6.365,-6.33,-5.496,-5.551,-5.946,-6.305,-4.881,-4.384,-5.215,-5.566,-6.133,-5.994,-6.075,-6.334,-7.184,-7.483,-6.93,-7.255,-6.71,-6.061,-6.048,-5.89,-5.437,-4.903,-5.145,-4.771,-5.092,-4.902,-6.355,-6.612,-5.712,-5.608,-5.405,-6.228,-6.638,-6.096,-7.092,-5.776,-6.266
OptTAR_Fixed_ligprep_20260117_0.5.maegz:467,-5.431,-4.333,-4.61,-5.33,-6.381,-5.429,-6.303,-8.297,-6.962,-6.889,-7.518,-6.712,-5.674,-6.18,-6.038,-5.139,-6.196,-4.704,-4.492,-4.992,-5.523,-6.906,-6.217,-6.007,-6.868,-6.323,-7.054,-7.006,-7.105,-5.526,-5.709,-5.279,-4.649,-5.298,-5.065,-5.262,-5.267,-5.17,-4.318,-5.841,-6.242,-5.696,-5.734,-5.092,-6.207,-6.552,-5.99,-5.883,-6.073,-7.166
OptTAR_Fixed_ligprep_20260117_0.5.maegz:468,-4.479,-4.943,-4.658,-5.234,-5.587,-4.608,-5.227,-7.426,-6.295,-6.495,-6.287,-6.116,-5.534,-6.047,-5.664,-5.6,-3.735,-3.952,-4.908,-4.621,-4.753,-5.754,-5.941,-6.184,-6.521,-6.339,-6.81,-6.809,-7.074,-6.018,-4.638,-5.895,-4.825,-4.489,-5.49,-4.447,-4.93,-4.017,-4.476,-6.211,-5.227,-5.227,-4.715,-5.055,-5.018,-5.729,-5.443,-5.272,-5.381,-6.577
OptTAR_Fixed_ligprep_20260117_0.5.maegz:469,-5.072,-4.93,-4.97,-5.011,-6.23,-6.444,-5.716,-7.62,-6.675,-6.797,-7.248,-6.461,-6.612,-5.89,-5.714,-7.209,-7.322,-4.761,-4.665,-5.213,-5.772,-5.843,-7.238,-5.75,-6.451,-6.651,-6.866,-6.916,-6.721,-6.811,-5.349,-6.559,-5.363,-5.668,-5.23,-4.86,-4.448,-4.97,-4.845,-6.298,-5.345,-5.893,-5.488,-5.17,-5.8,-5.41,-6.058,-6.186,-4.983,-6.338
OptTAR_Fixed_ligprep_20260117_0.5.maegz:470,-5.208,-4.024,-3.526,-5.581,-6.15,-5.908,-4.603,-7.337,-6.902,-7.248,-5.472,-5.41,-6.125,-6.003,-6.36,-5.784,-6.501,-4.113,-4.988,-5.627,-5.047,-6.171,-6.815,-5.909,-6.149,-6.605,-7.351,-6.547,-6.496,-6.101,-5.579,-5.232,-5.074,-4.3,-4.6,-4.497,-4.401,-4.896,-4.337,-5.078,-5.455,-4.802,-4.929,-5.364,-5.316,-5.791,-5.542,-6.096,-4.649,-6.054
OptTAR_Fixed_ligprep_20260117_0.5.maegz:471,-4.641,-4.001,-3.884,-4.72,-5.576,-4.954,-5.993,-6.379,-4.925,-5.872,-5.716,-5.36,-5.884,-5.079,-6.305,-5.117,-7.033,-3.615,-3.854,-4.477,-5.291,-4.733,-5.634,-5.824,-5.714,-4.819,-6.38,-5.207,-5.848,-4.887,-4.444,-4.725,-3.539,-4.648,-4.202,-3.909,-3.839,-4.663,-3.281,-4.374,-5.755,-4.481,-4.203,-4.32,-4.418,-5.178,-4.11,-4.621,-4.53,-5.51
OptTAR_Fixed_ligprep_20260117_0.5.maegz:472,-4.615,-4.725,-4.202,-6.017,-5.421,-4.898,-6.184,-6.797,-7.158,-5.893,-6.549,-5.856,-6.146,-5.246,-5.091,-4.367,-6.524,-4.993,-4.743,-6.428,-5.119,-4.604,-6.462,-4.676,-6.14,-5.646,-7.608,-6.979,-6.086,-6.362,-5.235,-5.447,-4.361,-4.047,-4.884,-4.58,-4.865,-3.675,-3.575,-5.411,-5.217,-3.871,-5.275,-5.089,-6.439,-5.731,-5.683,-5.243,-5.149,-6.096
OptTAR_Fixed_ligprep_20260117_0.5.maegz:473,-4.582,-3.331,-4.594,-5.046,-5.321,-5.232,-6.258,-7.35,-5.73,-6.686,-5.517,-5.55,-6.522,-5.765,-4.49,-5.831,-5.363,-4.481,-5.151,-5.657,-5.145,-5.103,-5.689,-5.21,-6.788,-5.857,-7.429,-7.036,-6.375,-6.591,-5.689,-5.7,-4.845,-5.243,-4.638,-5.251,-4.571,-4.433,-4.52,-4.766,-5.681,-5.132,-5.718,-5.139,-3.878,-6.035,-4.954,-5.529,-5.35,-4.708
OptTAR_Fixed_ligprep_20260117_0.5.maegz:474,-5.578,-4.369,-3.744,-5.168,-5.772,-4.984,-4.617,-6.46,-6.926,-5.656,-6.606,-6.326,-5.847,-5.569,-4.874,-5.674,-6.567,-5.221,-4.578,-5.846,-5.299,-4.651,-5.972,-6.19,-7.205,-5.716,-7.4,-5.181,-4.589,-6.032,-6.215,-5.315,-4.025,-4.15,-4.081,-5.63,-6.144,-4.077,-4.244,-6.336,-5.793,-4.309,-5.478,-3.873,-5.842,-5.424,-5.013,-5.482,-5.291,-4.914
OptTAR_Fixed_ligprep_20260117_0.5.maegz:475,-3.452,-4.728,-4.152,-4.228,-5.848,-5.272,-4.486,-7.786,-6.464,-5.581,-6.688,-3.485,-6.052,-5.851,-5.595,-6.122,-6.195,-4.823,-4.045,-4.369,-4.521,-5.873,-6.049,-5.638,-6.148,-5.808,-6.719,-5.244,-6.26,-5.427,-5.742,-5.948,-4.023,-4.101,-4.249,-4.867,-5.225,-4.596,-3.892,-6.768,-5.943,-5.205,-3.552,-4.902,-4.437,-6.318,-5.309,-5.822,-5.056,-6.582
OptTAR_Fixed_ligprep_20260117_0.5.maegz:476,-5.242,-4.347,-3.446,-5.907,-5.959,-5.54,-4.689,-6.736,-7.308,-5.639,-6.499,-6.313,-6.148,-5.536,-5.466,-4.857,-5.706,-4.762,-4.389,-4.966,-4.76,-4.382,-6.737,-5.091,-5.291,-5.947,-7.124,-6.286,-6.121,-6.313,-5.469,-5.387,-4.851,-4.487,-5.117,-4.48,-3.956,-4.264,-4.302,-6.145,-4.951,-4.849,-4.945,-5.471,-5.188,-5.116,-4.852,-4.925,-5.226,-5.103
OptTAR_Fixed_ligprep_20260117_0.5.maegz:477,-4.378,-5.518,-5.895,-5.683,-5.664,-5.93,-4.715,-7.198,-7.177,-7.136,-6.499,-6.536,-6.727,-5.255,-5.677,-4.498,-6.257,-5.158,-5.1,-5.485,-4.927,-5.509,-6.186,-6.014,-6.699,-6.096,-7.025,-7.292,-6.653,-5.778,-6.197,-6.298,-4.499,-4.898,-4.807,-4.373,-5.491,-4.473,-4.526,-5.555,-5.846,-5.21,-5.407,-4.897,-6.019,-6.664,-5.809,-5.508,-4.993,-7.054
OptTAR_Fixed_ligprep_20260117_0.5.maegz:478,-3.091,-2.579,-3.959,-3.518,-4.734,-4.564,-4.147,-5.343,-4.262,-3.421,-4.329,-3.93,-5.421,-3.137,-5.023,-2.486,-4.635,-2.822,-2.436,-3.308,-2.221,-3.8,-3.283,-2.9,-4.567,-4.478,-5.392,-4.193,-4.281,-3.279,-2.942,-3.182,-2.201,-3.872,-2.267,-2.385,-3.676,-3.657,-3.188,-4.11,-3.939,-3.485,-3.566,-3.601,-3.786,-2.122,-3.676,-2.976,-3.314,-3.53
OptTAR_Fixed_ligprep_20260117_0.5.maegz:479,-5.34,-4.817,-4.972,-4.813,-5.389,-4.845,-4.319,-5.842,-6.494,-6.603,-5.631,-5.487,-5.489,-6.15,-5.57,-4.251,-5.179,-5.244,-3.368,-5.359,-6.124,-4.723,-5.316,-5.077,-5.409,-5.519,-5.564,-6.418,-5.545,-4.571,-5.62,-5.726,-4.601,-3.705,-4.163,-3.801,-4.277,-3.959,-4.086,-4.102,-4.594,-4.155,-4.544,-3.823,-4.854,-4.153,-4.352,-5.24,-4.319,-5.804
OptTAR_Fixed_ligprep_20260117_0.5.maegz:480,-3.079,-3.461,-3.644,-4.58,-4.937,-5.198,-5.437,-5.989,-6.484,-5.369,-4.464,-6.089,-6.421,-5.075,-4.763,-4.586,-4.762,-3.467,-2.482,-5.054,-4.179,-4.133,-4.465,-4.174,-4.005,-4.925,-4.79,-2.455,-4.598,-3.877,-3.097,-3.851,-3.548,-2.793,-3.007,-2.992,-2.412,-3.31,-2.441,-5.592,-4.862,-4.53,-3.518,-3.468,-3.758,-3.964,-3.507,-2.849,-3.908,-3.935
OptTAR_Fixed_ligprep_20260117_0.5.maegz:481,-3.671,-4.758,-4.221,-4.893,-3.9,-4.276,-4.743,-6.237,-5.437,-3.95,-5.497,-4.164,-5.593,-5.482,-5.014,-3.698,-6.013,-2.828,-2.056,-2.773,-4.399,-3.137,-4.262,-4.933,-4.959,-5.019,-5.455,-4.044,-5.438,-4.281,-4.703,-4.348,-2.911,-2.456,-3.246,-2.996,-5.312,-4.442,-3.332,-5.287,-4.975,-4.529,-4.615,-4.113,-4.428,-4.801,-3.847,-4.51,-3.856,-2.847
OptTAR_Fixed_ligprep_20260117_0.5.maegz:482,-3.382,-3.628,-3.96,-3.141,-5.187,-4.757,-6.101,-6.709,-5.158,-4.911,-3.264,-4.414,-3.473,-4.806,-4.319,-2.981,-4.67,-2.385,-3.37,-4.678,-3.999,-3.607,-4.199,-3.544,-4.066,-4.049,-4.331,-3.997,-3.847,-3.476,-4.647,-3.55,-3.798,-4.369,-2.899,-3.068,-3.536,-4.196,-2.228,-4.091,-4.535,-4.282,-3.834,-3.291,-4.954,-4.015,-4.204,-3.36,-3.357,-2.582
OptTAR_Fixed_ligprep_20260117_0.5.maegz:483,-4.317,-4.229,-4.287,-4.702,-5.249,-2.458,-5.233,-7.138,-6.624,-3.426,-6.336,-5.406,-5.849,-5.78,-3.102,-3.641,-3.879,-3.525,-3.691,-5.073,-4.714,-3.53,-5.619,-3.959,-5.221,-4.841,-4.627,-2.813,-5.174,-4.475,-4.109,-2.437,-2.207,-2.074,-4.478,-2.371,-2.355,-3.437,-3.966,-6.08,-4.861,-3.473,-1.948,-4.392,-2.495,-3.291,-3.713,-3.78,-4.9,-3.184
OptTAR_Fixed_ligprep_20260117_0.5.maegz:484,-4.313,-4.66,-4.797,-4.166,-5.688,-5.087,-6.026,-6.719,-6.552,-6.265,-5.909,-3.82,-5.693,-5.35,-4.668,-4.671,-7.789,-4.165,-4.533,-5.683,-5.452,-6.552,-6.036,-6.269,-6.426,-5.891,-5.761,-6.614,-6.098,-5.316,-6.004,-5.906,-4.673,-5.38,-4.986,-5.177,-5.184,-4.308,-4.633,-5.828,-4.772,-4.652,-4.989,-4.441,-5.083,-4.74,-5.091,-4.92,-4.41,-6.118
OptTAR_Fixed_ligprep_20260117_0.5.maegz:485,-4.948,-4.345,-4.5,-5.415,-5.652,-4.93,-6.221,-6.843,-6.621,-6.84,-7.473,-7.776,-6.906,-6.284,-5.484,-5.698,-7.256,-6.068,-4.428,-5.499,-5.628,-6.132,-6.716,-5.451,-6.251,-5.992,-6.465,-6.026,-6.189,-5.779,-7.02,-6.49,-5.258,-4.79,-5.54,-5.029,-4.719,-4.947,-4.378,-6.074,-5.113,-5.115,-6.448,-5.008,-4.748,-4.927,-4.919,-5.14,-5.067,-6.239
OptTAR_Fixed_ligprep_20260117_0.5.maegz:486,-4.715,-5.003,-4.738,-5.395,-5.82,-5.052,-5.769,-6.148,-6.467,-6.899,-7.696,-4.967,-4.024,-5.76,-6.115,-5.124,-6.301,-4.259,-4.887,-5.798,-4.833,-6.04,-5.116,-5.403,-5.292,-5.123,-6.273,-5.213,-5.838,-5.665,-6.042,-5.255,-4.356,-4.549,-4.631,-5.098,-4.664,-5.265,-4.447,-5.486,-5.631,-4.372,-4.982,-4.964,-5.56,-5.764,-5.451,-5.112,-5.354,-6.359
OptTAR_Fixed_ligprep_20260117_0.5.maegz:487,-6.026,-5.586,-5.101,-5.813,-5.989,-6.003,-5.249,-7.44,-6.62,-6.712,-7.324,-7.539,-5.316,-5.418,-6.164,-6.083,-7.467,-4.774,-5.455,-4.884,-5.824,-5.965,-5.726,-6.068,-6.173,-5.898,-7.193,-6.028,-5.99,-6.41,-6.918,-5.428,-4.665,-5.192,-5.178,-6.392,-6.305,-4.768,-5.004,-5.941,-5.887,-5.193,-5.344,-5.283,-5.47,-5.514,-5.34,-5.563,-5.507,-6.532
OptTAR_Fixed_ligprep_20260117_0.5.maegz:488,-5.286,-4.871,-4.839,-5.005,-5.763,-5.588,-6.094,-6.626,-6.567,-6.698,-6.178,-5.25,-6.779,-5.763,-5.42,-5.542,-7.076,-4.679,-4.829,-4.742,-6.26,-6.017,-5.743,-5.589,-6.399,-5.072,-6.234,-6.463,-6.031,-5.989,-5.681,-6.464,-5.282,-5.012,-5.044,-4.942,-5.022,-5.325,-4.959,-6.198,-5.356,-5.085,-5.458,-4.632,-5.603,-5.953,-4.893,-5.604,-5.234,-5.552
OptTAR_Fixed_ligprep_20260117_0.5.maegz:489,-5.563,-5.484,-5.135,-5.005,-6.359,-5.312,-6.288,-7.484,-6.665,-6.794,-6.751,-6.272,-7.226,-6.426,-5.781,-5.546,-7.028,-4.783,-5.041,-4.994,-4.991,-5.943,-5.616,-5.627,-7.233,-5.319,-6.053,-6.688,-5.575,-6.158,-5.988,-5.554,-4.588,-5.196,-6.396,-6.313,-5.049,-5.097,-4.557,-5.928,-5.464,-5.303,-5.236,-5.406,-5.479,-5.954,-5.291,-5.895,-5.752,-6.334
OptTAR_Fixed_ligprep_20260117_0.5.maegz:490,-4.878,-3.459,-5.194,-5.219,-6.071,-5.413,-6.197,-6.784,-6.849,-6.788,-6.437,-7.126,-6.705,-5.31,-5.45,-6.171,-6.626,-4.719,-5.079,-6.102,-5.732,-5.534,-5.676,-5.17,-5.187,-5.783,-5.955,-6.251,-6.657,-6.006,-5.18,-6.046,-4.721,-5.262,-4.983,-5.26,-4.652,-5.102,-4.816,-6.389,-5.174,-5.401,-5.014,-4.673,-6.376,-4.909,-5.033,-5.085,-5.65,-6.139
OptTAR_Fixed_ligprep_20260117_0.5.maegz:491,-4.998,-4.296,-4.358,-4.414,-6.415,-5.163,-5.229,-6.138,-7.003,-6.342,-6.441,-7.07,-6.81,-5.639,-4.115,-5.018,-6.182,-4.128,-4.868,-6.295,-6.017,-5.08,-5.359,-5.226,-4.89,-6.338,-6.428,-6.063,-5.539,-6.069,-7.031,-5.539,-5.107,-4.366,-5.447,-5.555,-4.854,-4.592,-4.328,-5.052,-4.856,-4.868,-5.094,-4.749,-5.685,-5.195,-4.792,-5.006,-5.408,-6.1
OptTAR_Fixed_ligprep_20260117_0.5.maegz:492,-4.83,-4.908,-4.671,-5.351,-6.051,-6.307,-4.756,-6.702,-6.18,-6.026,-7.011,-4.96,-7.304,-5.547,-5.593,-5.383,-6.425,-4.599,-4.886,-4.189,-6.074,-5.417,-6.19,-5.467,-4.999,-5.273,-6.536,-5.732,-5.681,-5.091,-6.821,-5.861,-4.415,-5.006,-4.233,-4.68,-4.805,-5.047,-4.342,-4.888,-5.132,-4.657,-4.949,-5.08,-5.374,-4.715,-4.488,-4.888,-5.247,-5.803
OptTAR_Fixed_ligprep_20260117_0.5.maegz:493,-5.401,-3.735,-4.453,-5.499,-5.877,-5.578,-4.973,-6.911,-6.48,-6.012,-6.368,-7.377,-6.899,-5.47,-5.043,-5.717,-6.727,-4.607,-5.028,-4.845,-5.162,-5.296,-5.395,-4.993,-4.951,-6.61,-6.38,-5.362,-5.824,-6.289,-6.032,-5.961,-4.223,-4.661,-4.804,-5.649,-5.378,-4.384,-4.451,-5.266,-4.363,-4.989,-5.091,-4.881,-6.165,-5.059,-5.004,-5.269,-4.752,-6.034
OptTAR_Fixed_ligprep_20260117_0.5.maegz:494,-3.128,-5.051,-1.342,-3.716,-4.965,-6.251,-5.165,-6.502,-4.522,-5.54,-5.456,-5.052,-5.998,-5.988,-5.019,-3.329,-5.524,-3.902,-3.56,-2.737,-3.78,-5.17,-5.346,-3.439,-3.412,-4.585,-5.669,-4.477,-4.121,-3.361,-5.402,-4.849,-3.896,-2.018,-1.129,-3.459,-1.16,-4.249,-2.772,-2.247,-4.42,-3.853,-4.444,-3.847,-3.323,-4.057,-4.774,-4.056,-4.529,-5.678
OptTAR_Fixed_ligprep_20260117_0.5.maegz:495,-4.271,-4.901,-4.427,-4.426,-5.544,-4.684,-5.879,-6.316,-5.907,-5.347,-4.931,-4.726,-5.29,-3.989,-5.446,-4.371,-5.421,-4.5,-3.937,-5.372,-4.864,-5.269,-5.68,-4.693,-5.255,-4.999,-5.535,-4.937,-4.955,-4.117,-3.404,-4.346,-3.911,-4.081,-4.411,-4.518,-4.169,-4.172,-5.022,-4.307,-5.542,-4.242,-3.887,-4.623,-4.34,-4.193,-4.285,-4.218,-4.24,-5.978
OptTAR_Fixed_ligprep_20260117_0.5.maegz:496,-5.201,-4.873,-3.862,-4.221,-4.886,-4.297,-5.425,-6.356,-5.461,-6.106,-5.302,-5.076,-5.336,-4.989,-5.429,-4.934,-6.499,-3.709,-3.848,-4.542,-4.357,-5.0,-5.038,-4.83,-5.437,-3.779,-5.159,-4.643,-5.1,-4.216,-4.128,-3.852,-4.028,-4.363,-3.929,-3.714,-4.741,-4.274,-4.591,-4.008,-4.549,-4.231,-3.828,-4.427,-4.328,-5.294,-5.064,-4.307,-4.206,-5.344
OptTAR_Fixed_ligprep_20260117_0.5.maegz:497,-4.973,-4.563,-4.302,-3.943,-4.343,-5.426,-4.564,-6.785,-5.073,-5.732,-5.154,-4.653,-5.194,-4.507,-4.078,-4.613,-5.66,-3.299,-3.354,-3.867,-4.73,-4.908,-4.472,-4.47,-4.718,-4.637,-5.498,-4.837,-5.036,-4.222,-4.083,-4.079,-3.524,-3.981,-3.596,-2.924,-4.436,-3.819,-3.772,-3.765,-4.563,-3.505,-4.53,-4.22,-4.96,-4.901,-4.18,-4.197,-3.954,-5.201
OptTAR_Fixed_ligprep_20260117_0.5.maegz:498,-4.304,-4.872,-4.189,-4.052,-5.013,-4.047,-5.14,-6.416,-6.743,-5.885,-5.067,-5.769,-5.213,-4.959,-5.014,-3.709,-5.464,-4.02,-4.883,-4.873,-4.564,-5.046,-4.418,-4.288,-4.997,-5.251,-5.269,-5.085,-4.96,-4.248,-4.634,-4.427,-3.844,-4.277,-4.482,-3.909,-4.133,-4.648,-4.509,-4.353,-4.458,-4.359,-4.832,-4.175,-3.951,-4.569,-3.996,-4.393,-4.36,-6.174
OptTAR_Fixed_ligprep_20260117_0.5.maegz:499,-4.91,-4.858,-4.166,-4.779,-4.819,-4.791,-5.795,-6.22,-6.578,-5.642,-5.225,-5.303,-4.592,-5.29,-3.785,-3.282,-5.772,-3.57,-4.986,-4.5,-4.476,-5.039,-4.667,-4.867,-4.903,-4.96,-5.153,-4.957,-4.866,-4.941,-4.904,-4.209,-3.986,-4.024,-4.383,-4.399,-5.105,-3.96,-4.524,-4.271,-4.004,-3.812,-3.987,-4.478,-5.336,-5.667,-4.943,-4.473,-4.715,-5.696
OptTAR_Fixed_ligprep_20260117_0.5.maegz:500,-4.478,-4.852,-4.519,-4.087,-5.414,-5.109,-6.07,-6.257,-6.046,-5.904,-4.501,-5.604,-5.264,-5.959,-5.34,-4.676,-5.137,-4.788,-4.945,-4.958,-5.471,-4.897,-5.01,-4.545,-5.014,-5.469,-6.115,-5.628,-4.723,-4.83,-4.398,-4.224,-4.784,-4.797,-4.371,-4.614,-4.622,-4.081,-4.689,-4.835,-5.191,-3.99,-4.918,-3.885,-3.954,-4.392,-3.956,-4.86,-4.273,-5.391
OptTAR_Fixed_ligprep_20260117_0.5.maegz:501,-3.608,-3.931,-4.42,-4.538,-4.536,-3.851,-4.968,-5.841,-4.957,-4.8,-4.692,-5.304,-5.036,-4.939,-5.746,-4.799,-4.034,-4.195,-3.745,-4.105,-3.688,-4.499,-4.546,-4.36,-4.123,-4.58,-6.11,-4.781,-4.836,-4.195,-4.575,-3.928,-3.579,-3.263,-3.365,-3.551,-3.242,-3.362,-3.996,-4.194,-4.55,-3.919,-3.619,-4.117,-4.653,-3.9,-3.599,-3.825,-4.013,-5.287
OptTAR_Fixed_ligprep_20260117_0.5.maegz:502,-4.963,-4.756,-5.334,-4.492,-5.054,-5.63,-5.485,-6.458,-6.168,-6.175,-6.336,-5.486,-5.857,-5.812,-6.05,-4.404,-5.892,-4.498,-5.008,-5.546,-6.148,-6.096,-5.534,-6.392,-5.347,-6.453,-5.856,-6.29,-5.327,-5.211,-5.605,-5.302,-4.145,-5.694,-5.319,-5.407,-5.427,-5.243,-4.288,-6.519,-5.759,-5.253,-4.764,-4.677,-5.32,-5.275,-5.142,-5.277,-4.965,-5.547
OptTAR_Fixed_ligprep_20260117_0.5.maegz:503,-5.194,-4.647,-4.586,-4.38,-4.753,-5.351,-5.32,-6.61,-6.353,-5.827,-6.427,-4.83,-5.103,-5.454,-5.372,-3.917,-5.73,-4.837,-3.616,-5.453,-5.182,-4.738,-5.062,-5.357,-5.355,-6.169,-6.313,-4.923,-4.785,-5.089,-5.414,-5.097,-4.447,-4.107,-4.118,-4.804,-5.605,-4.189,-3.767,-4.512,-5.609,-4.659,-5.231,-4.897,-5.594,-5.224,-4.984,-4.92,-4.048,-5.455
OptTAR_Fixed_ligprep_20260117_0.5.maegz:504,-5.247,-5.668,-4.938,-4.302,-5.928,-5.937,-6.744,-7.092,-6.133,-6.065,-5.371,-5.106,-6.129,-5.622,-5.661,-5.748,-6.887,-4.499,-5.317,-5.132,-5.65,-6.238,-5.192,-6.884,-5.567,-6.663,-6.728,-5.634,-4.998,-5.401,-5.459,-5.799,-3.736,-4.947,-4.127,-4.669,-5.25,-5.478,-4.217,-5.03,-5.499,-5.01,-4.337,-5.453,-5.137,-5.68,-4.914,-4.933,-5.16,-5.471
OptTAR_Fixed_ligprep_20260117_0.5.maegz:505,-5.163,-5.137,-4.387,-3.817,-6.424,-5.146,-5.567,-7.417,-6.426,-6.155,-6.221,-5.817,-6.573,-5.554,-5.126,-5.332,-5.181,-4.451,-4.551,-5.125,-4.84,-5.702,-4.825,-5.878,-5.919,-5.992,-6.754,-6.637,-6.365,-5.183,-4.786,-4.561,-3.599,-3.866,-4.384,-4.356,-4.429,-5.408,-4.31,-4.32,-5.388,-4.802,-4.454,-4.734,-5.281,-4.666,-5.012,-4.76,-4.772,-5.457
OptTAR_Fixed_ligprep_20260117_0.5.maegz:506,-4.332,-4.413,-4.466,-4.354,-4.508,-4.805,-5.416,-6.711,-6.796,-6.007,-4.688,-4.951,-5.511,-4.879,-5.483,-4.59,-5.356,-3.535,-3.492,-5.407,-4.864,-4.678,-4.272,-4.345,-5.114,-5.649,-6.65,-4.697,-4.883,-4.792,-4.263,-4.83,-3.539,-4.926,-3.772,-3.905,-3.693,-3.33,-4.047,-2.519,-5.946,-3.889,-3.576,-3.925,-4.279,-4.158,-3.823,-4.121,-4.02,-5.895
OptTAR_Fixed_ligprep_20260117_0.5.maegz:507,-4.299,-3.603,-4.789,-4.121,-5.241,-5.423,-5.56,-5.581,-5.619,-5.523,-3.753,-4.594,-6.123,-3.983,-5.046,-4.549,-5.477,-2.53,-3.185,-3.629,-3.675,-3.25,-3.792,-4.278,-3.967,-4.38,-5.417,-3.323,-4.717,-4.028,-3.88,-4.077,-3.988,-2.991,-3.25,-4.324,-4.783,-3.37,-2.809,-4.104,-3.808,-4.004,-3.7,-3.808,-4.135,-4.33,-3.175,-3.159,-3.705,-3.892
OptTAR_Fixed_ligprep_20260117_0.5.maegz:508,-4.158,-4.018,-4.122,-3.954,-5.488,-4.416,-4.942,-4.773,-5.706,-5.707,-3.109,-4.69,-6.039,-4.928,-4.516,-4.081,-6.09,-3.56,-2.757,-2.998,-3.676,-4.345,-4.201,-3.904,-3.803,-4.506,-4.832,-4.649,-5.701,-4.064,-5.542,-4.162,-4.062,-3.302,-3.698,-5.209,-1.243,-2.291,-4.1,-4.596,-4.563,-4.164,-3.904,-3.864,-4.307,-3.805,-3.49,-3.471,-3.438,-4.69
OptTAR_Fixed_ligprep_20260117_0.5.maegz:509,-4.139,-3.496,-3.391,-5.134,-5.756,-4.463,-5.866,-5.857,-5.301,-4.932,-4.676,-5.106,-6.488,-5.412,-5.423,-2.787,-5.304,-3.992,-4.146,-2.88,-4.933,-4.603,-4.818,-5.037,-4.763,-5.331,-3.915,-4.701,-6.181,-3.39,-4.486,-4.559,-2.166,-2.356,-4.032,-1.894,-3.599,-2.913,-2.323,-4.144,-4.281,-3.953,-4.117,-3.377,-4.838,-3.905,-4.019,-3.526,-3.9,-3.401
OptTAR_Fixed_ligprep_20260117_0.5.maegz:510,-4.561,-3.55,-1.639,-4.709,-5.4,-5.017,-2.228,-6.453,-4.011,-2.768,-5.949,-4.832,-3.583,-3.758,-4.003,-2.567,-3.379,-1.439,-2.974,-4.407,-4.489,-2.414,-2.101,-3.085,-3.132,-5.219,-4.723,-4.3,-5.106,-4.917,-2.538,-2.204,-3.896,-0.9779,-0.6617,-0.7182,-0.7772,-0.6391,-0.5697,-1.732,-4.888,-4.097,-4.321,-3.336,-2.468,-1.998,-2.967,-1.879,-2.206,-2.022
OptTAR_Fixed_ligprep_20260117_0.5.maegz:511,-4.221,-2.744,-3.799,-3.807,-5.331,-4.881,-2.786,-5.911,-5.208,-5.05,-4.487,-3.993,-2.95,-4.83,-4.21,-3.737,-4.4,-3.167,-3.339,-2.651,-3.125,-4.52,-3.218,-2.434,-2.054,-2.777,-4.278,-4.116,-4.684,-3.584,-4.143,-2.795,-2.034,-2.833,-3.116,-2.405,-1.812,-3.533,-3.237,-3.009,-3.32,-2.794,-2.322,-2.443,-3.113,-3.652,-3.084,-4.048,-3.939,-3.725
OptTAR_Fixed_ligprep_20260117_0.5.maegz:512,-4.358,-5.008,-5.425,-5.575,-6.46,-4.297,-6.772,-6.527,-6.252,-6.37,-5.189,-6.178,-3.774,-4.614,-4.991,-4.052,-5.144,-3.416,-3.987,-4.739,-6.09,-5.184,-5.513,-4.933,-5.892,-5.008,-7.059,-5.788,-4.911,-4.911,-6.265,-5.092,-3.82,-4.874,-4.729,-3.304,-5.023,-2.221,-3.129,-4.924,-4.739,-4.2,-4.739,-3.782,-4.167,-4.736,-5.273,-4.116,-5.666,-5.24
OptTAR_Fixed_ligprep_20260117_0.5.maegz:513,-5.075,-2.766,-4.475,-5.669,-5.791,-4.707,-4.986,-7.34,-4.77,-6.514,-5.621,-3.131,-3.922,-6.453,-5.49,-2.3,-1.949,-5.341,-4.019,-4.548,-5.327,-6.338,-6.244,-4.716,-5.917,-3.617,-6.623,-5.514,-3.208,-5.834,-4.625,-3.581,-4.78,-4.554,-4.456,-2.827,-3.593,-4.008,-3.998,-5.199,-5.274,-5.564,-4.853,-4.761,-2.764,-5.677,-5.793,-5.487,-4.739,-5.236
OptTAR_Fixed_ligprep_20260117_0.5.maegz:514,-5.057,-5.746,-5.59,-5.524,-6.278,-4.757,-7.816,-6.95,-6.374,-6.744,-5.441,-5.868,-6.368,-6.64,-5.253,-4.163,-5.102,-4.313,-4.169,-5.694,-5.033,-6.394,-4.517,-5.785,-5.083,-6.346,-6.549,-4.374,-5.104,-5.134,-5.396,-5.137,-4.935,-4.687,-4.279,-4.948,-6.315,-3.146,-3.883,-5.951,-6.407,-4.903,-5.444,-4.43,-5.281,-4.969,-4.912,-4.099,-4.604,-4.739
OptTAR_Fixed_ligprep_20260117_0.5.maegz:515,-5.42,-5.406,-5.755,-5.646,-6.887,-4.314,-6.89,-6.102,-7.628,-6.544,-5.118,-6.979,-6.034,-6.193,-5.376,-4.139,-5.288,-5.749,-4.882,-4.027,-5.216,-5.378,-6.204,-4.821,-4.793,-4.904,-5.889,-7.414,-6.463,-6.156,-5.728,-5.589,-3.941,-4.786,-5.345,-4.517,-5.4,-3.402,-3.654,-5.395,-5.156,-4.955,-5.348,-5.43,-4.461,-5.29,-5.505,-4.516,-4.274,-5.173
OptTAR_Fixed_ligprep_20260117_0.5.maegz:516,-4.808,-5.06,-5.72,-6.334,-5.651,-4.311,-6.441,-6.287,-7.686,-3.988,-3.175,-6.06,-4.772,-5.817,-4.825,-2.571,-3.953,-5.241,-4.059,-6.204,-4.366,-6.321,-5.9,-3.644,-5.199,-4.292,-6.648,-7.47,-6.603,-5.715,-4.461,-5.088,-2.71,-3.394,-5.487,-4.296,-5.542,-4.225,-3.387,-5.025,-5.717,-4.395,-4.779,-5.27,-4.663,-4.475,-4.54,-5.251,-5.238,-5.354
OptTAR_Fixed_ligprep_20260117_0.5.maegz:517,-5.301,-4.854,-3.711,-3.492,-6.653,-3.106,-4.063,-6.346,-6.019,-6.528,-2.674,-5.611,-8.271,-5.563,-4.889,-4.211,-5.168,-3.707,-3.997,-5.196,-4.735,-6.334,-4.982,-3.578,-4.409,-5.669,-6.469,-5.776,-6.218,-4.931,-5.098,-5.304,-2.046,-3.482,-5.012,-5.181,-5.577,-3.138,-3.429,-4.904,-6.119,-4.29,-4.746,-4.49,-4.069,-5.119,-5.438,-4.862,-5.312,-5.144
OptTAR_Fixed_ligprep_20260117_0.5.maegz:518,-4.553,-4.467,-5.464,-4.703,-7.101,-4.294,-7.305,-6.449,-5.416,-4.459,-6.634,-2.836,-3.868,-6.805,-5.966,-4.853,-5.416,-4.972,-3.766,-4.882,-4.615,-5.089,-4.767,-3.87,-5.54,-4.728,-4.934,-6.344,-6.502,-4.742,-4.592,-3.789,-4.275,-3.811,-4.329,-4.638,-4.398,-1.021,-4.01,-4.715,-5.759,-5.485,-5.072,-4.704,-3.058,-4.528,-4.222,-4.483,-3.776,-4.844
OptTAR_Fixed_ligprep_20260117_0.5.maegz:519,-4.041,-5.869,-4.46,-5.528,-3.44,-3.633,-6.338,-5.696,-5.548,-5.943,-5.531,-5.483,-6.09,-4.56,-4.528,-3.603,-5.008,-3.894,-4.091,-3.622,-4.281,-4.923,-4.935,-6.04,-4.361,-5.743,-5.496,-6.046,-4.873,-5.256,-4.559,-4.387,-3.915,-3.376,-3.618,-2.297,-3.405,-4.453,-3.729,-4.358,-5.486,-3.843,-5.033,-4.574,-3.711,-5.082,-4.342,-4.409,-4.974,-6.281
OptTAR_Fixed_ligprep_20260117_0.5.maegz:520,-4.758,-5.31,-4.692,-4.601,-5.557,-5.366,-7.366,-7.804,-6.202,-6.253,-5.809,-6.05,-6.558,-6.667,-4.935,-4.139,-5.646,-5.064,-4.545,-3.368,-5.849,-5.14,-5.412,-5.166,-5.87,-5.54,-6.953,-5.251,-5.003,-4.621,-4.524,-4.44,-3.927,-4.269,-4.113,-3.6,-5.301,-4.576,-4.536,-5.045,-3.662,-4.183,-4.315,-4.695,-4.318,-4.463,-4.503,-5.029,-4.727,-4.701
OptTAR_Fixed_ligprep_20260117_0.5.maegz:521,-1.97,-1.935,-3.734,-4.377,-5.979,-3.335,-3.823,-7.227,-5.903,-3.582,-3.427,-4.005,-3.755,-5.539,-5.592,-2.691,-3.087,-4.115,-2.269,-1.35,-1.933,-4.406,-3.214,-4.412,-3.358,-4.16,-4.691,-4.031,-2.755,-3.388,-2.558,-1.651,-3.459,-1.682,-4.235,-2.747,-3.375,-2.67,-2.828,-2.488,-3.344,-2.882,-4.715,-1.512,-4.192,-2.56,-5.141,-3.381,-4.415,-4.186
OptTAR_Fixed_ligprep_20260117_0.5.maegz:522,-4.695,-4.918,-1.837,-4.12,-6.829,-4.005,-4.407,-6.539,-5.908,-7.312,-5.027,-2.764,-3.934,-5.289,-3.953,-2.027,-4.8,-3.893,-3.651,-1.636,-5.27,-3.352,-4.682,-4.221,-5.015,-2.824,-4.304,-5.998,-3.904,-3.93,-5.332,-5.039,-1.35,-2.578,-5.149,-1.161,-1.435,-2.379,-0.8099,-4.528,-3.522,-2.269,-4.56,-4.688,-4.898,-3.809,-4.861,-4.867,-2.066,-2.366
OptTAR_Fixed_ligprep_20260117_0.5.maegz:523,-4.448,-5.162,-0.9967,-3.185,-3.188,-1.24,-5.27,-5.504,-5.518,-3.463,-2.929,-3.607,-2.177,-3.127,-5.359,-2.934,-1.603,-3.046,-2.792,-1.606,-3.913,-4.213,-3.888,-4.233,-3.455,-2.127,-3.811,-4.92,-6.069,-5.277,-5.274,-4.357,-2.185,-1.02,-2.43,0.1367,-2.087,-0.5642,-3.223,-3.537,-4.467,-2.258,-1.673,-3.716,-2.309,-2.76,-4.324,-5.123,-4.408,-2.7
OptTAR_Fixed_ligprep_20260117_0.5.maegz:524,-4.123,-4.103,-4.056,-1.049,-5.974,-4.474,-6.154,-5.011,-6.709,-5.603,-3.926,-5.909,-6.211,-6.17,-5.309,-3.975,-3.232,-3.019,-3.096,-4.889,-4.652,-4.745,-2.095,-4.536,-4.825,-4.984,-5.626,-4.8,-5.343,-4.92,-4.075,-4.468,-3.648,-1.785,-3.987,-3.634,-1.321,-3.586,-3.418,-4.988,-6.129,-3.665,-1.554,-4.233,-5.127,-4.656,-4.205,-4.819,-4.578,-5.249
OptTAR_Fixed_ligprep_20260117_0.5.maegz:525,-5.176,-5.284,-4.951,-4.597,-5.533,-5.371,-6.066,-6.763,-7.253,-6.921,-6.933,-5.844,-5.75,-5.631,-5.538,-5.613,-7.224,-4.557,-4.391,-5.891,-5.147,-5.626,-5.469,-5.611,-4.684,-5.712,-6.407,-6.606,-5.623,-5.463,-5.972,-5.362,-5.057,-5.413,-5.425,-5.333,-5.78,-6.134,-5.469,-5.97,-5.793,-4.183,-4.689,-4.794,-5.055,-5.229,-4.935,-5.974,-5.296,-5.716
OptTAR_Fixed_ligprep_20260117_0.5.maegz:526,-4.682,-3.232,-3.048,-5.384,-2.021,-1.716,-5.114,-6.298,-5.404,-4.953,-5.759,-5.158,-4.463,-5.552,-4.979,-3.142,-3.446,-2.185,-1.849,-2.535,-4.303,-5.033,-4.513,-4.511,-3.452,-4.457,-5.28,-4.08,-5.186,-4.17,-3.376,-3.884,-1.881,-3.782,-3.492,-2.513,-2.954,-1.01,-1.843,-3.664,-4.691,-3.387,-3.94,-2.992,-3.493,-4.272,-4.314,-4.096,-3.881,-3.553
OptTAR_Fixed_ligprep_20260117_0.5.maegz:527,-3.239,-3.747,-2.808,-2.813,-2.542,-3.472,-1.182,-3.596,-4.724,-4.595,-5.147,-3.203,-0.7189,-5.849,-5.233,-4.257,-1.856,-1.686,-0.8398,-4.383,-3.389,-4.711,-4.627,-2.275,-3.244,-1.468,-5.338,-4.474,-2.423,-2.134,-3.396,-2.538,-2.54,-0.6205,-1.355,-1.239,-1.749,-3.484,-2.901,-1.322,-3.269,-2.322,-3.839,-0.5863,-3.123,-3.433,-3.92,-3.392,-2.839,-3.109
OptTAR_Fixed_ligprep_20260117_0.5.maegz:528,-2.199,-4.21,-2.352,-2.236,-4.191,-2.016,-3.973,-4.927,-4.653,-5.936,-3.116,-3.125,-4.308,-2.896,-4.774,-4.428,-4.337,-1.33,-4.894,-4.53,-3.821,-2.941,-4.087,-3.773,-2.13,-5.154,-6.145,-3.398,-5.949,-4.653,-3.13,-3.423,-2.156,-4.622,-3.453,-1.63,-1.214,-1.054,-4.355,-5.173,-5.203,-4.653,-5.027,-2.402,-4.377,-1.965,-2.398,-3.427,-3.518,-5.02
OptTAR_Fixed_ligprep_20260117_0.5.maegz:529,-4.853,-4.155,-4.155,-4.525,-5.153,-2.392,-5.312,-7.438,-6.07,-5.885,-6.173,-5.712,-5.634,-3.243,-4.235,-2.672,-4.942,-2.264,-4.262,-4.667,-5.598,-5.195,-3.796,-4.577,-4.561,-5.024,-5.897,-4.074,-5.324,-3.625,-4.015,-3.552,-2.008,-4.209,-4.086,-5.158,-3.446,-0.4435,-2.512,-4.44,-5.383,-3.676,-4.963,-4.274,-4.401,-2.744,-4.698,-4.386,-3.731,-4.197
OptTAR_Fixed_ligprep_20260117_0.5.maegz:530,-4.488,-4.218,-3.555,-3.866,-3.776,-0.3173,-3.631,-3.626,-5.66,-4.203,-5.319,-2.552,-5.859,-3.62,-5.539,-3.329,-3.201,-2.862,-2.925,-0.9678,-1.559,-3.032,-4.854,-3.512,-2.98,-2.792,-6.301,-3.809,-4.831,-4.444,-4.131,-3.56,-3.846,-0.431,-1.469,-3.082,-2.01,-2.707,-2.504,-4.009,-1.435,-3.481,-4.484,-3.985,-3.641,-3.309,-4.03,-2.188,-2.911,-3.52
OptTAR_Fixed_ligprep_20260117_0.5.maegz:531,-3.899,-3.02,-2.932,-3.216,-5.32,-4.265,-4.403,-6.583,-6.155,-6.282,-5.456,-4.599,-3.138,-5.502,-4.672,-4.928,-5.081,-3.66,-2.725,-3.997,-4.71,-4.519,-4.65,-4.951,-5.17,-4.606,-5.68,-4.125,-4.678,-4.461,-3.751,-2.839,-3.67,-4.279,-3.549,-3.591,-4.387,-4.016,-3.405,-5.569,-5.629,-3.867,-1.937,-3.827,-4.912,-4.296,-3.755,-4.205,-4.494,-2.7
OptTAR_Fixed_ligprep_20260117_0.5.maegz:532,-3.872,-4.281,-3.849,-4.657,-5.392,-4.791,-5.048,-6.859,-6.701,-6.579,-6.303,-5.115,-6.175,-5.502,-5.949,-5.515,-6.503,-3.771,-4.435,-4.218,-6.126,-5.879,-5.671,-5.729,-6.025,-5.532,-6.381,-4.808,-5.744,-5.786,-5.648,-5.14,-3.981,-5.525,-5.133,-4.229,-4.426,-3.669,-4.194,-6.366,-5.845,-2.931,-4.519,-5.245,-5.4,-4.704,-5.178,-4.865,-4.927,-5.642
OptTAR_Fixed_ligprep_20260117_0.5.maegz:533,-4.551,-3.395,-4.012,-3.488,-5.111,-4.731,-4.505,-6.649,-6.951,-5.833,-5.407,-4.752,-6.233,-5.094,-4.559,-5.42,-6.675,-4.46,-3.521,-5.069,-4.767,-5.313,-5.373,-4.024,-5.806,-6.094,-5.704,-5.212,-5.68,-6.128,-5.156,-5.159,-4.489,-3.765,-4.356,-3.413,-4.692,-3.489,-4.643,-4.555,-6.017,-5.632,-4.951,-5.35,-5.718,-5.372,-5.298,-4.96,-4.649,-5.382
OptTAR_Fixed_ligprep_20260117_0.5.maegz:534,-5.379,-5.255,-4.815,-5.185,-6.079,-5.119,-5.137,-7.215,-5.965,-6.973,-5.82,-6.566,-5.778,-6.661,-6.515,-4.652,-5.81,-4.942,-5.268,-5.785,-5.405,-6.628,-6.542,-6.033,-6.285,-6.29,-6.765,-4.942,-6.14,-4.987,-5.973,-5.318,-5.222,-4.717,-4.27,-4.187,-5.057,-6.374,-4.764,-4.209,-6.625,-5.465,-5.178,-5.148,-5.671,-5.563,-5.377,-5.616,-5.294,-5.645
OptTAR_Fixed_ligprep_20260117_0.5.maegz:535,-4.298,-5.268,-3.961,-3.44,-5.7,-4.624,-6.813,-5.993,-5.832,-4.532,-5.385,-5.924,-5.993,-5.081,-4.823,-4.865,-4.571,-4.209,-3.744,-4.593,-4.215,-5.918,-4.599,-4.221,-4.163,-5.082,-4.941,-5.133,-5.001,-5.388,-5.235,-4.771,-3.407,-4.809,-3.669,-3.737,-3.645,-4.165,-3.718,-4.324,-4.08,-3.89,-4.156,-4.712,-4.538,-4.285,-4.387,-4.615,-4.664,-4.081
OptTAR_Fixed_ligprep_20260117_0.5.maegz:536,-5.157,-5.153,-5.326,-5.395,-6.124,-2.12,-6.762,-7.195,-6.214,-6.345,-6.664,-5.554,-7.093,-5.704,-5.722,-3.476,-4.567,-4.009,-5.159,-6.937,-6.079,-5.79,-5.285,-5.262,-6.657,-6.476,-6.42,-6.187,-5.95,-5.621,-5.384,-5.764,-4.181,-4.677,-5.052,-3.812,-5.807,-2.984,-4.179,-6.013,-5.181,-5.292,-4.798,-4.816,-4.753,-5.426,-4.845,-4.406,-4.819,-6.41
OptTAR_Fixed_ligprep_20260117_0.5.maegz:537,-5.269,-5.128,-3.921,-5.34,-3.562,-2.999,-5.616,-3.933,-6.548,-6.224,-4.511,-4.523,-6.62,-5.051,-2.535,-1.706,-2.715,-3.568,-3.755,-5.272,-5.534,-4.163,-5.642,-4.932,-3.297,-4.369,-5.3,-3.945,-4.301,-3.812,-5.683,-1.857,-3.96,-3.162,-4.162,-1.922,-4.061,-3.689,-3.824,-4.166,-3.452,-4.278,-3.916,-4.165,-6.315,-1.878,-4.872,-2.682,-4.028,-4.38
OptTAR_Fixed_ligprep_20260117_0.5.maegz:538,-4.14,-4.361,-5.399,-4.188,-5.931,-4.829,-5.103,-7.111,-6.813,-6.518,-5.67,-5.181,-6.047,-5.831,-4.986,-5.508,-7.962,-4.202,-6.8,-4.445,-5.041,-5.954,-6.037,-5.783,-6.656,-5.133,-6.473,-6.918,-6.463,-5.396,-4.728,-5.402,-4.092,-3.863,-4.152,-4.429,-5.731,-4.189,-4.287,-6.192,-6.131,-5.028,-4.982,-5.521,-5.662,-5.712,-5.251,-6.126,-5.679,-5.149
OptTAR_Fixed_ligprep_20260117_0.5.maegz:539,-3.621,-3.592,-4.097,-3.791,-5.344,-3.492,-4.755,-5.796,-5.295,-4.707,-2.589,-2.55,-4.799,-4.932,-4.497,-4.029,-5.522,-2.116,-3.975,-2.815,-3.719,-4.094,-3.461,-3.342,-3.762,-3.47,-4.685,-4.574,-4.784,-4.469,-3.698,-2.233,-3.626,-1.644,-1.205,-3.445,-2.7,-2.335,-2.503,-4.011,-3.963,-2.078,-3.74,-3.918,-4.21,-3.445,-3.903,-3.734,-3.317,-4.09
OptTAR_Fixed_ligprep_20260117_0.5.maegz:540,-3.966,-4.805,-4.44,-4.612,-5.516,-4.654,-5.428,-6.463,-6.821,-5.932,-5.567,-6.21,-5.341,-5.685,-5.447,-4.948,-6.34,-4.264,-4.256,-5.541,-4.516,-5.554,-4.872,-5.353,-4.829,-5.238,-5.387,-5.801,-5.935,-4.969,-5.59,-5.517,-4.984,-5.496,-5.515,-5.245,-5.336,-5.442,-4.303,-6.027,-4.702,-5.215,-4.103,-4.087,-5.317,-4.626,-4.78,-4.486,-5.104,-5.874
OptTAR_Fixed_ligprep_20260117_0.5.maegz:541,-3.67,-5.183,-4.567,-5.164,-6.189,-4.011,-4.329,-6.432,-5.633,-5.504,-5.116,-6.244,-6.423,-5.463,-5.126,-4.895,-5.778,-3.957,-3.993,-4.051,-3.947,-5.755,-4.511,-4.969,-4.53,-4.42,-6.049,-4.549,-5.608,-4.113,-4.118,-4.469,-3.668,-3.522,-3.797,-3.622,-3.457,-4.289,-4.482,-5.412,-4.312,-4.421,-4.134,-3.951,-5.34,-4.707,-4.322,-4.175,-3.994,-4.806
OptTAR_Fixed_ligprep_20260117_0.5.maegz:542,-3.124,-4.291,-4.32,-3.997,-4.822,-3.934,-4.189,-4.902,-5.614,-4.06,-5.798,-4.93,-5.061,-4.929,-4.208,-3.739,-3.182,-3.405,-3.874,-4.105,-3.869,-3.953,-4.653,-3.47,-4.396,-4.28,-4.599,-4.936,-3.544,-3.746,-4.072,-3.289,-2.651,-4.362,-3.724,-4.557,-4.905,-4.299,-4.171,-4.048,-3.619,-3.047,-3.576,-4.407,-4.62,-3.533,-2.981,-3.635,-3.45,-4.543
OptTAR_Fixed_ligprep_20260117_0.5.maegz:543,-4.87,-4.688,-4.807,-4.293,-5.816,-4.555,-5.752,-7.323,-8.016,-6.954,-5.546,-6.035,-6.062,-5.375,-5.816,-6.61,-6.404,-4.69,-4.873,-5.57,-5.923,-5.822,-5.945,-5.943,-5.587,-5.479,-6.947,-5.89,-5.31,-6.745,-6.445,-6.389,-4.898,-4.601,-4.609,-4.113,-4.712,-4.571,-4.815,-5.51,-5.569,-5.984,-5.563,-4.861,-5.464,-5.259,-6.026,-5.301,-5.304,-6.183
OptTAR_Fixed_ligprep_20260117_0.5.maegz:544,-6.332,-5.369,-6.334,-5.802,-7.07,-4.945,-7.424,-7.633,-9.435,-7.555,-7.175,-5.024,-6.553,-6.727,-6.58,-4.933,-6.488,-4.533,-4.775,-5.112,-5.705,-5.696,-5.485,-6.344,-5.862,-5.756,-7.79,-6.897,-5.941,-6.256,-6.071,-4.644,-4.745,-4.966,-4.247,-5.248,-5.671,-4.292,-4.455,-6.057,-6.996,-5.067,-5.199,-4.818,-6.324,-5.01,-6.471,-5.297,-5.172,-6.292
OptTAR_Fixed_ligprep_20260117_0.5.maegz:545,-4.705,-5.354,-4.75,-4.738,-5.828,-5.691,-7.138,-7.422,-7.068,-6.797,-5.983,-5.113,-6.238,-5.994,-6.076,-5.858,-5.504,-4.11,-4.366,-5.327,-5.305,-5.135,-5.172,-5.687,-5.75,-5.84,-5.238,-5.775,-4.827,-4.738,-5.522,-4.715,-5.166,-4.407,-3.866,-4.065,-5.392,-3.999,-3.977,-4.87,-6.238,-4.401,-4.028,-5.022,-4.262,-4.617,-4.353,-4.665,-4.379,-5.813
OptTAR_Fixed_ligprep_20260117_0.5.maegz:546,-4.516,-3.036,-3.283,-4.231,-3.204,-4.026,-2.916,-6.09,-5.573,-5.051,-4.921,-5.18,-3.886,-4.407,-6.001,-3.072,-6.144,0.756,-3.624,-2.923,-3.877,-4.811,-4.597,-4.498,-4.722,-4.42,-5.468,-5.759,-6.832,-3.755,-2.909,-4.937,-3.756,-3.479,-3.555,-4.152,-0.7936,-2.283,-4.279,-5.146,-1.728,-5.166,-2.439,-4.049,-3.984,-3.406,-4.001,-4.444,-4.03,-2.456
OptTAR_Fixed_ligprep_20260117_0.5.maegz:547,-4.938,-5.197,-5.493,-5.956,-5.035,-4.292,-6.494,-8.238,-6.941,-7.572,-7.071,-6.09,-5.601,-5.843,-4.964,-5.925,-5.063,-4.482,-3.904,-4.467,-5.415,-5.969,-4.501,-5.537,-5.877,-6.477,-6.165,-6.097,-7.0,-5.56,-5.233,-4.901,-4.416,-5.195,-4.935,-5.175,-5.983,-4.673,-4.102,-5.84,-5.556,-4.929,-4.305,-4.807,-5.066,-4.669,-5.442,-5.173,-4.997,-5.783
OptTAR_Fixed_ligprep_20260117_0.5.maegz:548,-3.478,-2.491,-4.603,-2.869,-5.854,-3.847,-4.087,-5.834,-5.651,-5.447,-4.199,-1.912,-2.152,-3.091,-3.164,-2.271,-3.229,-2.919,-3.277,-3.796,-4.816,-4.747,-2.832,-5.055,-2.635,-4.327,-6.184,-5.578,-5.996,-5.336,-3.292,-2.17,-3.867,-2.524,-3.905,-2.678,-2.887,-2.821,-5.19,-4.049,-4.17,-5.118,-1.445,-4.457,-4.78,-3.988,-4.236,-4.65,-4.07,-5.374
OptTAR_Fixed_ligprep_20260117_0.5.maegz:549,-2.611,-4.617,-3.048,-4.391,-5.312,-3.796,-5.409,-7.414,-6.447,-5.662,-5.115,-2.593,-3.074,-5.107,-5.068,-3.241,-3.292,-3.46,-1.963,-3.073,-2.146,-5.767,-4.053,-4.278,-3.57,-2.605,-3.563,-3.709,-5.981,-3.022,-2.077,-2.348,-0.8313,-2.486,-2.828,-2.87,-3.833,-0.8771,-1.159,-4.105,-4.907,-5.044,-3.253,-3.96,-4.587,-3.433,-4.15,-3.855,-5.237,-2.458
OptTAR_Fixed_ligprep_20260117_0.5.maegz:550,-4.839,-4.461,-3.609,-3.807,-3.933,-4.097,-6.081,-6.166,-6.453,-5.276,-5.188,-5.247,-3.716,-2.792,-3.795,-5.266,-6.926,-4.511,-3.459,-6.063,-5.139,-5.684,-5.533,-3.557,-4.002,-4.905,-5.368,-5.623,-5.507,-5.397,-7.841,-5.069,-4.182,-4.959,-5.334,-5.07,-4.26,-4.039,-4.615,-4.155,-5.91,-2.29,-4.766,-4.122,-3.174,-4.172,-5.299,-4.362,-3.589,-4.424
OptTAR_Fixed_ligprep_20260117_0.5.maegz:551,-4.133,-3.123,-3.194,-3.571,-5.207,-4.984,-6.492,-6.982,-7.132,-3.17,-5.464,-3.683,-4.721,-5.325,-4.782,-3.735,-6.149,-3.655,-3.791,-5.336,-5.251,-5.245,-4.471,-3.359,-5.082,-4.981,-6.382,-3.686,-4.952,-4.469,-2.373,-4.491,-3.257,-3.43,-4.286,-3.394,-3.823,-1.854,-1.894,-4.111,-4.61,-4.9,-4.796,-4.759,-5.125,-4.511,-4.733,-4.001,-4.694,-4.502
OptTAR_Fixed_ligprep_20260117_0.5.maegz:552,-5.933,-4.613,-4.895,-4.881,-6.155,-6.322,-6.619,-7.08,-6.484,-6.701,-6.516,-5.098,-7.082,-5.627,-5.671,-5.277,-5.302,-4.278,-4.078,-5.036,-6.165,-5.456,-4.938,-5.624,-5.796,-5.82,-6.41,-4.537,-5.074,-5.657,-4.031,-5.369,-3.88,-4.374,-3.91,-3.378,-3.953,-4.553,-4.103,-6.194,-5.985,-5.367,-4.406,-5.092,-4.931,-5.008,-4.638,-5.147,-4.017,-4.633
OptTAR_Fixed_ligprep_20260117_0.5.maegz:553,-4.949,-4.476,-4.38,-5.104,-6.559,-5.356,-5.515,-6.975,-8.063,-6.656,-5.109,-6.039,-6.134,-5.397,-5.885,-5.275,-6.198,-3.949,-4.052,-6.081,-4.784,-5.789,-5.258,-4.686,-6.143,-5.728,-6.406,-4.81,-5.121,-4.73,-6.002,-4.629,-4.305,-5.191,-5.054,-5.319,-5.009,-5.042,-4.258,-4.976,-5.582,-4.436,-4.624,-5.398,-5.16,-5.137,-4.944,-5.455,-4.516,-6.439
OptTAR_Fixed_ligprep_20260117_0.5.maegz:554,-4.147,-4.479,-4.736,-3.769,-6.733,-4.833,-6.701,-6.973,-6.955,-6.469,-6.723,-5.739,-5.856,-5.698,-5.585,-5.488,-7.006,-4.085,-3.477,-5.143,-4.755,-5.204,-5.58,-5.434,-5.901,-6.044,-7.101,-5.925,-5.783,-5.629,-5.375,-4.994,-3.611,-4.335,-3.966,-4.84,-5.094,-5.653,-4.36,-6.032,-6.268,-3.764,-4.439,-4.523,-4.777,-4.419,-5.285,-5.464,-5.302,-5.688
OptTAR_Fixed_ligprep_20260117_0.5.maegz:555,-5.176,-4.782,-4.758,-4.64,-6.408,-5.286,-6.814,-6.874,-7.153,-7.064,-7.257,-5.641,-4.969,-5.12,-5.327,-4.921,-5.933,-3.983,-3.773,-4.708,-4.422,-5.352,-5.834,-5.581,-5.497,-4.803,-6.505,-5.984,-6.241,-5.919,-4.827,-5.697,-4.155,-5.334,-4.181,-5.439,-4.971,-4.729,-4.399,-5.027,-5.543,-4.597,-4.879,-5.463,-4.935,-5.398,-5.788,-5.524,-5.528,-5.847
OptTAR_Fixed_ligprep_20260117_0.5.maegz:556,-5.069,-5.312,-5.611,-5.017,-5.583,-5.173,-6.942,-6.99,-6.551,-6.713,-5.747,-5.591,-6.611,-6.183,-5.856,-5.814,-7.499,-5.313,-4.539,-5.44,-4.849,-5.635,-6.965,-5.158,-5.617,-5.407,-6.028,-5.791,-6.467,-5.877,-5.928,-5.982,-4.493,-5.165,-4.392,-3.787,-5.132,-4.842,-4.166,-6.466,-6.117,-5.039,-4.776,-4.879,-5.702,-5.465,-4.699,-5.095,-5.448,-5.956
OptTAR_Fixed_ligprep_20260117_0.5.maegz:557,-4.825,-5.093,-5.846,-5.588,-6.51,-5.021,-6.809,-7.61,-6.112,-7.276,-6.539,-6.429,-6.532,-5.893,-5.568,-5.415,-7.219,-5.25,-7.028,-5.403,-4.54,-5.645,-5.946,-5.514,-6.034,-5.861,-6.307,-6.086,-5.719,-5.562,-6.145,-5.314,-3.983,-4.925,-4.523,-5.072,-4.048,-4.451,-4.53,-7.669,-5.969,-5.13,-4.676,-4.078,-5.778,-5.132,-5.754,-5.045,-5.311,-5.883
OptTAR_Fixed_ligprep_20260117_0.5.maegz:558,-5.137,-3.351,-3.93,-4.168,-5.786,-5.033,-5.385,-6.203,-5.239,-6.558,-5.987,-6.252,-3.496,-5.718,-5.898,-4.715,-6.663,-4.033,-4.293,-5.298,-4.789,-6.019,-5.066,-4.872,-4.42,-4.978,-6.17,-6.093,-5.445,-4.424,-5.12,-4.766,-4.059,-3.396,-3.813,-3.964,-4.444,-3.359,-3.639,-4.064,-6.483,-4.093,-4.125,-4.181,-4.637,-4.609,-5.095,-5.002,-4.836,-5.624
OptTAR_Fixed_ligprep_20260117_0.5.maegz:559,-5.272,-6.296,-5.642,-5.358,-5.934,-4.978,-5.372,-7.016,-6.462,-6.724,-7.34,-6.625,-6.207,-5.736,-6.001,-6.491,-7.78,-5.808,-4.979,-6.886,-6.621,-6.189,-6.521,-5.601,-6.971,-5.616,-7.328,-6.877,-6.147,-6.335,-6.532,-6.165,-5.912,-5.392,-5.235,-5.27,-5.289,-5.021,-5.896,-6.19,-5.651,-5.772,-5.498,-6.18,-5.98,-5.305,-6.188,-5.312,-5.11,-6.901
OptTAR_Fixed_ligprep_20260117_0.5.maegz:560,-5.326,-4.97,-4.727,-5.262,-6.85,-4.81,-4.91,-7.651,-6.908,-6.672,-6.782,-6.772,-7.183,-5.836,-5.629,-5.85,-7.336,-5.398,-5.693,-6.293,-6.234,-6.398,-6.427,-5.635,-5.59,-5.679,-7.601,-6.884,-6.749,-6.634,-6.347,-5.98,-5.391,-5.939,-4.715,-5.546,-5.344,-4.33,-4.731,-6.67,-5.798,-5.251,-5.507,-6.069,-5.695,-5.59,-4.947,-4.802,-6.094,-5.946
OptTAR_Fixed_ligprep_20260117_0.5.maegz:561,-5.607,-5.273,-5.429,-5.547,-6.429,-4.896,-5.25,-7.295,-6.005,-6.473,-6.594,-6.917,-6.518,-6.198,-6.338,-5.717,-7.477,-5.202,-4.967,-6.603,-5.581,-6.175,-6.306,-5.489,-5.621,-5.822,-7.016,-6.053,-6.451,-6.051,-6.306,-5.942,-5.641,-5.634,-5.502,-5.315,-5.345,-5.667,-5.558,-6.214,-5.745,-5.799,-5.627,-5.654,-6.114,-5.461,-6.178,-5.323,-5.815,-6.917
OptTAR_Fixed_ligprep_20260117_0.5.maegz:562,-5.153,-5.322,-5.39,-5.587,-5.085,-5.186,-4.989,-8.022,-6.489,-6.493,-7.152,-6.627,-7.067,-5.907,-6.509,-5.832,-7.096,-4.94,-4.838,-6.087,-5.637,-6.313,-6.124,-6.129,-6.35,-6.338,-7.959,-6.117,-6.252,-5.903,-6.052,-5.769,-4.995,-5.35,-4.968,-5.346,-5.27,-6.029,-5.8,-6.068,-6.193,-5.721,-5.987,-5.59,-5.393,-5.425,-5.108,-4.819,-5.343,-6.091
OptTAR_Fixed_ligprep_20260117_0.5.maegz:563,-5.867,-6.181,-5.946,-5.757,-6.75,-5.28,-5.538,-7.94,-8.03,-6.717,-6.752,-5.992,-6.858,-6.526,-6.965,-5.12,-6.799,-6.519,-5.819,-5.871,-6.46,-6.096,-6.833,-6.935,-6.613,-7.232,-7.268,-7.47,-6.945,-6.105,-5.912,-6.063,-4.911,-5.955,-4.807,-5.314,-6.101,-4.482,-5.409,-4.803,-6.227,-6.384,-5.728,-5.168,-5.699,-5.549,-5.97,-5.111,-5.623,-6.766
OptTAR_Fixed_ligprep_20260117_0.5.maegz:564,-4.79,-4.355,-4.834,-4.825,-6.873,-5.287,-5.188,-8.142,-7.206,-6.181,-5.725,-5.534,-6.576,-6.532,-7.401,-5.863,-6.411,-4.392,-4.969,-4.817,-5.371,-5.722,-4.911,-5.299,-6.161,-5.632,-5.448,-5.189,-4.947,-5.994,-4.997,-5.271,-4.988,-4.583,-5.649,-5.782,-6.614,-4.357,-3.875,-5.652,-5.468,-5.258,-5.083,-4.839,-5.528,-4.248,-3.968,-5.161,-4.733,-4.761
OptTAR_Fixed_ligprep_20260117_0.5.maegz:565,-4.098,-4.508,-5.097,-4.776,-6.162,-3.568,-3.373,-6.744,-6.545,-2.75,-5.719,-3.161,-5.957,-4.017,-5.146,-4.863,-4.864,-4.661,-1.175,-1.661,-3.197,-4.688,-3.708,-4.474,-4.707,-3.155,-5.499,-5.038,-5.68,-2.741,-4.192,-2.772,-2.933,-2.938,-2.52,-2.735,-4.959,-2.054,-1.617,-4.519,-5.417,-3.642,-3.946,-5.073,-4.492,-3.875,-4.016,-5.314,-4.35,-4.881
OptTAR_Fixed_ligprep_20260117_0.5.maegz:566,-4.413,-4.204,-4.106,-4.067,-5.611,-5.458,-5.074,-5.81,-5.625,-5.208,-5.71,-5.289,-5.675,-5.098,-4.993,-3.755,-4.869,-3.094,-3.438,-4.088,-5.384,-5.122,-4.398,-4.294,-5.149,-4.487,-5.266,-4.731,-5.232,-4.241,-4.254,-3.77,-3.176,-3.74,-3.513,-3.564,-4.895,-4.046,-2.873,-4.232,-4.518,-3.733,-4.355,-3.539,-3.654,-3.417,-3.842,-3.63,-3.94,-4.216
OptTAR_Fixed_ligprep_20260117_0.5.maegz:567,-5.322,-4.97,-4.789,-4.91,-5.482,-5.594,-6.324,-6.22,-6.697,-5.58,-6.073,-5.906,-7.265,-6.31,-5.379,-4.666,-5.584,-4.336,-4.911,-5.305,-5.01,-5.459,-5.316,-4.809,-5.79,-4.465,-6.477,-5.448,-5.38,-5.268,-4.682,-4.162,-4.435,-3.798,-3.862,-4.098,-4.099,-3.982,-4.433,-5.985,-5.236,-4.027,-4.859,-4.631,-5.434,-5.304,-4.71,-4.864,-4.555,-4.914
OptTAR_Fixed_ligprep_20260117_0.5.maegz:568,-4.176,-4.375,-3.636,-4.127,-5.804,-5.369,-5.672,-5.53,-5.963,-5.407,-5.08,-6.21,-6.19,-5.197,-5.1,-5.093,-5.449,-3.657,-4.452,-4.767,-4.708,-4.798,-4.084,-4.072,-4.261,-4.321,-5.433,-4.388,-4.287,-3.579,-4.102,-4.685,-3.884,-3.686,-3.53,-3.506,-4.317,-4.566,-4.283,-4.835,-4.532,-4.305,-4.029,-4.263,-4.498,-4.385,-4.042,-4.757,-3.913,-5.294
OptTAR_Fixed_ligprep_20260117_0.5.maegz:569,-4.162,-4.332,-4.336,-4.477,-5.76,-5.179,-5.763,-5.493,-5.565,-5.424,-4.938,-5.197,-5.668,-5.481,-4.606,-4.037,-5.952,-4.621,-4.42,-5.465,-5.129,-4.644,-4.614,-4.211,-4.152,-4.445,-4.912,-5.081,-5.355,-4.113,-4.359,-4.211,-4.279,-3.354,-3.929,-3.446,-4.467,-3.084,-3.833,-4.657,-3.96,-4.081,-4.254,-3.902,-5.084,-3.849,-4.788,-4.169,-3.804,-4.699
OptTAR_Fixed_ligprep_20260117_0.5.maegz:570,-4.609,-4.759,-4.794,-3.999,-5.975,-5.077,-5.308,-5.335,-5.958,-5.656,-5.029,-5.47,-5.704,-5.131,-5.261,-4.699,-6.774,-4.499,-4.233,-5.329,-4.586,-4.559,-4.41,-4.921,-4.613,-4.792,-4.876,-5.048,-4.648,-4.531,-4.59,-4.905,-4.449,-4.183,-3.911,-3.76,-4.831,-4.494,-4.161,-4.921,-4.707,-4.395,-4.065,-4.888,-5.078,-4.513,-3.939,-4.46,-4.768,-4.133
OptTAR_Fixed_ligprep_20260117_0.5.maegz:571,-4.245,-4.455,-4.282,-3.544,-4.93,-4.875,-4.896,-5.738,-6.072,-5.012,-4.722,-4.877,-5.883,-4.467,-4.087,-4.428,-6.366,-3.622,-4.128,-4.204,-4.291,-4.712,-4.994,-4.522,-3.966,-3.953,-4.716,-4.408,-4.189,-4.602,-4.025,-5.217,-3.977,-3.484,-4.234,-4.433,-4.75,-4.659,-4.241,-5.083,-3.977,-4.218,-3.723,-4.15,-4.312,-4.742,-4.891,-4.34,-4.447,-4.641
OptTAR_Fixed_ligprep_20260117_0.5.maegz:572,-3.445,-3.328,-3.7,-4.141,-5.464,-4.592,-5.046,-5.87,-5.902,-5.969,-5.643,-5.248,-5.686,-5.464,-5.14,-4.658,-5.217,-4.945,-3.843,-4.962,-4.468,-4.998,-4.449,-4.222,-4.745,-4.679,-5.465,-4.959,-5.588,-5.214,-5.315,-4.906,-3.557,-4.218,-4.003,-3.694,-4.155,-4.908,-5.138,-4.723,-4.978,-4.047,-4.276,-3.774,-4.871,-5.088,-4.017,-3.627,-4.619,-4.997
OptTAR_Fixed_ligprep_20260117_0.5.maegz:573,-3.64,-4.222,-3.47,-4.134,-5.058,-3.906,-5.367,-6.104,-6.213,-5.291,-5.618,-5.477,-5.352,-6.192,-6.002,-4.955,-6.126,-3.721,-3.853,-5.45,-5.587,-4.917,-5.299,-5.951,-5.049,-5.991,-6.15,-4.656,-5.289,-5.652,-5.321,-5.041,-3.644,-4.665,-3.854,-3.652,-3.888,-3.548,-4.178,-5.089,-4.619,-3.749,-4.155,-4.014,-4.766,-4.701,-4.812,-4.167,-4.194,-5.19
OptTAR_Fixed_ligprep_20260117_0.5.maegz:574,-5.576,-4.735,-5.426,-5.176,-5.303,-4.677,-5.048,-7.109,-6.945,-7.271,-4.879,-5.651,-6.115,-5.99,-5.459,-4.597,-6.109,-4.0,-3.494,-5.548,-6.278,-5.935,-6.829,-4.854,-5.074,-5.555,-7.229,-5.165,-5.98,-5.289,-5.688,-6.053,-4.277,-3.955,-3.855,-4.429,-4.592,-3.926,-3.651,-4.085,-6.045,-5.063,-4.851,-5.571,-5.128,-5.951,-5.823,-4.761,-5.654,-5.647
OptTAR_Fixed_ligprep_20260117_0.5.maegz:575,-4.467,-5.307,-4.338,-4.975,-5.736,-4.823,-5.456,-7.038,-7.06,-5.361,-6.49,-5.056,-5.801,-5.381,-5.398,-5.666,-8.177,-4.665,-4.725,-6.5,-5.846,-5.395,-5.87,-7.258,-5.651,-5.894,-6.847,-5.932,-6.208,-5.274,-6.966,-5.818,-4.82,-5.104,-4.918,-4.33,-4.564,-4.568,-4.621,-5.026,-5.383,-5.204,-6.385,-4.672,-5.677,-5.648,-5.38,-5.808,-5.613,-7.128
OptTAR_Fixed_ligprep_20260117_0.5.maegz:576,-4.781,-4.954,-4.916,-5.009,-5.331,-4.421,-6.254,-6.72,-6.384,-6.725,-6.126,-5.566,-5.996,-4.643,-5.986,-5.992,-7.025,-5.148,-3.501,-6.601,-5.09,-6.151,-4.531,-4.908,-5.825,-4.389,-5.637,-5.388,-6.098,-5.71,-6.453,-5.412,-4.426,-5.258,-4.868,-4.963,-4.565,-5.461,-5.552,-5.295,-5.82,-4.633,-5.041,-5.374,-5.489,-5.804,-5.994,-5.887,-4.427,-6.633
OptTAR_Fixed_ligprep_20260117_0.5.maegz:577,-3.709,-4.505,-2.754,-2.679,-3.953,-2.771,-2.992,-5.198,-4.907,-4.009,-3.005,-3.526,-4.189,-4.732,-3.366,-1.953,-0.8133,-1.959,-1.373,-2.848,-3.452,-1.695,-3.84,-2.064,-5.656,-4.497,-5.421,-2.384,-3.564,-4.892,-3.709,-3.971,-1.994,-3.389,-3.81,-2.235,-2.571,-1.992,-3.079,-1.853,-2.75,-2.592,-3.296,-3.491,-5.971,-3.782,-2.648,-4.082,-3.276,-3.974
OptTAR_Fixed_ligprep_20260117_0.5.maegz:578,-5.638,-4.579,-4.708,-4.523,-6.194,-5.831,-5.419,-8.027,-5.952,-7.0,-6.714,-3.958,-5.77,-6.359,-5.872,-5.094,-4.284,-4.115,-3.692,-4.223,-5.025,-5.147,-6.123,-5.414,-5.303,-5.092,-6.511,-6.837,-6.019,-5.311,-5.028,-5.191,-3.956,-4.007,-4.516,-3.999,-4.059,-3.593,-4.462,-5.209,-5.183,-5.986,-4.862,-4.671,-5.506,-4.975,-5.286,-5.366,-4.603,-5.319
OptTAR_Fixed_ligprep_20260117_0.5.maegz:579,-4.839,-5.21,-4.335,-4.395,-5.285,-3.751,-4.039,-7.488,-4.784,-6.904,-6.141,-5.057,-5.864,-5.477,-5.582,-4.782,-4.386,-4.175,-4.745,-4.967,-3.978,-5.486,-5.53,-5.214,-5.493,-5.554,-6.43,-6.339,-6.527,-4.92,-5.359,-5.657,-3.224,-3.958,-4.484,-4.075,-4.458,-2.713,-3.813,-4.022,-6.391,-4.667,-5.313,-4.613,-4.599,-4.96,-5.117,-4.454,-5.745,-5.507
OptTAR_Fixed_ligprep_20260117_0.5.maegz:580,-4.837,-5.109,-5.185,-4.778,-6.171,-4.755,-5.19,-6.611,-6.133,-5.685,-6.694,-6.141,-6.371,-5.032,-5.648,-4.315,-7.045,-5.305,-3.729,-5.164,-4.361,-5.44,-4.976,-4.971,-4.753,-5.15,-6.678,-5.776,-5.559,-5.371,-5.78,-4.55,-3.932,-4.373,-4.356,-5.28,-5.056,-4.789,-4.343,-5.847,-4.839,-4.459,-4.572,-4.181,-5.517,-4.494,-4.925,-4.369,-4.423,-5.653
OptTAR_Fixed_ligprep_20260117_0.5.maegz:581,-2.728,-3.282,-3.436,-2.863,-4.771,-5.086,-5.77,-4.912,-3.62,-4.862,-3.806,-4.455,-5.953,-5.398,-5.088,-4.18,-1.601,-4.152,-3.563,-3.572,-4.552,-3.86,-4.604,-3.534,-3.314,-3.473,-4.674,-4.314,-4.812,-3.579,-3.848,-4.32,-3.523,-3.056,-3.516,-5.093,-2.123,-5.525,-2.855,-5.127,-3.43,-3.771,-3.749,-3.379,-4.483,-3.616,-3.87,-3.507,-3.773,-4.427
OptTAR_Fixed_ligprep_20260117_0.5.maegz:582,-4.522,-3.804,-4.125,-5.13,-5.371,-1.982,-6.117,-6.711,-5.861,-6.316,-5.594,-4.779,-4.033,-5.809,-6.067,-4.855,-3.588,-2.636,-4.073,-5.047,-5.658,-6.085,-5.141,-5.436,-5.09,-5.948,-6.52,-3.707,-5.533,-4.849,-5.234,-3.354,-3.723,-3.632,-3.881,-4.107,-4.419,-3.731,-4.152,-4.58,-6.089,-5.261,-3.786,-4.008,-4.686,-4.643,-4.875,-4.557,-5.399,-5.482
OptTAR_Fixed_ligprep_20260117_0.5.maegz:583,-4.901,-5.128,-4.971,-5.642,-6.488,-6.551,-5.299,-7.336,-7.658,-6.297,-6.783,-6.82,-6.428,-5.914,-4.832,-6.197,-6.163,-4.308,-4.795,-6.291,-4.951,-5.512,-6.465,-5.143,-5.598,-5.706,-6.488,-6.917,-6.657,-6.071,-6.026,-5.269,-4.316,-5.264,-4.905,-5.124,-5.696,-4.757,-4.338,-6.193,-5.636,-5.246,-5.468,-4.936,-6.592,-5.192,-5.528,-5.655,-4.865,-5.214
OptTAR_Fixed_ligprep_20260117_0.5.maegz:584,-2.685,-3.886,-3.66,-3.78,-3.741,-4.354,-6.355,-5.403,-6.149,-5.21,-3.898,-5.001,-4.663,-4.663,-3.719,-3.188,-4.738,-4.428,-3.738,-4.756,-2.857,-4.253,-4.942,-4.249,-4.139,-4.422,-5.397,-3.939,-5.264,-4.636,-3.555,-4.106,-3.789,-3.363,-3.356,-3.668,-3.621,-2.292,-2.14,-4.228,-3.279,-4.276,-3.406,-3.843,-4.644,-3.724,-4.211,-3.226,-3.815,-3.673
OptTAR_Fixed_ligprep_20260117_0.5.maegz:585,-5.41,-1.602,-1.925,,-6.45,-6.243,-5.982,-5.959,-5.403,-5.967,-5.519,-4.471,-7.702,-4.531,-5.014,-4.297,-5.401,-5.424,-4.794,-5.649,-5.307,-6.102,-4.741,-5.389,-4.986,-5.032,-5.802,-4.366,-4.802,-5.807,-4.939,-4.572,-4.167,-4.209,-3.888,-3.67,-4.415,-3.648,-3.197,-5.859,-4.85,-4.831,-5.328,-4.769,-4.464,-5.066,-4.931,-5.718,-4.559,-5.375
OptTAR_Fixed_ligprep_20260117_0.5.maegz:586,-3.781,-4.73,-4.487,-4.429,-6.178,-4.409,-5.552,-6.821,-5.504,-5.631,-5.082,-4.642,-5.761,-5.267,-6.912,-4.619,-4.11,-4.495,-5.502,-5.123,-3.664,-5.541,-5.417,-4.607,-5.518,-5.589,-6.461,-5.136,-5.168,-4.259,-4.278,-4.255,-2.887,-4.004,-4.526,-3.725,-4.208,-3.636,-3.03,-4.929,-6.068,-4.168,-4.472,-4.542,-4.814,-4.704,-4.317,-4.778,-4.942,-4.744
OptTAR_Fixed_ligprep_20260117_0.5.maegz:587,-4.348,-3.882,-3.663,-4.279,-4.983,-4.575,-4.78,-5.35,-5.877,-5.87,-4.371,-3.886,-3.366,-4.416,-6.164,-4.551,-3.876,-2.96,-3.378,-3.319,-3.667,-5.606,-5.675,-5.549,-5.31,-4.331,-7.236,-4.656,-4.846,-3.62,-4.435,-4.553,-3.894,-3.516,-4.275,-3.588,-3.307,-2.867,-2.743,-5.362,-5.731,-5.238,-3.281,-3.668,-5.013,-5.215,-3.66,-4.419,-4.328,-4.799
OptTAR_Fixed_ligprep_20260117_0.5.maegz:588,-4.64,-3.667,-4.323,-4.307,-5.946,-3.996,-4.295,-6.257,-6.122,-6.699,-6.15,-3.881,-5.364,-5.292,-5.276,-4.427,-3.781,-3.948,-3.504,-3.504,-4.461,-4.652,-5.291,-5.124,-6.047,-4.988,-5.464,-4.435,-4.757,-4.418,-4.289,-4.379,-3.096,-3.397,-4.084,-3.436,-3.987,-2.843,-3.536,-4.181,-5.462,-5.146,-3.497,-4.146,-4.966,-4.715,-5.38,-4.841,-4.688,-5.18
OptTAR_Fixed_ligprep_20260117_0.5.maegz:589,-4.715,-4.239,-4.169,-5.082,-6.562,-4.758,-5.762,-6.961,-7.099,-5.607,-6.015,-5.406,-5.209,-4.615,-5.115,-5.352,-5.323,-4.202,-5.341,-3.914,-4.942,-5.326,-5.217,-5.305,-5.395,-5.528,-6.022,-5.648,-5.007,-3.128,-4.906,-3.977,-4.0,-5.119,-4.286,-4.058,-4.349,-4.624,-3.547,-5.147,-5.597,-5.021,-5.75,-4.88,-4.57,-4.393,-5.712,-5.474,-4.323,-5.753
OptTAR_Fixed_ligprep_20260117_0.5.maegz:590,-4.853,-4.229,-5.09,-5.278,-6.725,-4.527,-4.833,-5.895,-7.106,-5.673,-5.011,-5.29,-4.186,-4.795,-6.262,-3.608,-4.964,-3.759,-3.623,-4.6,-4.081,-4.919,-5.143,-5.406,-6.231,-5.612,-5.927,-5.564,-5.081,-3.818,-5.649,-3.565,-4.383,-4.163,-4.306,-4.087,-4.913,-4.264,-3.553,-4.209,-5.974,-4.707,-4.148,-4.343,-5.099,-4.952,-5.668,-4.143,-5.137,-3.942
OptTAR_Fixed_ligprep_20260117_0.5.maegz:591,-4.1,-4.65,-5.296,-4.547,-5.271,-4.488,-3.844,-6.411,-7.015,-5.511,-6.199,-5.495,-3.023,-3.77,-4.686,-3.239,-3.527,-4.556,-4.327,-4.065,-3.767,-5.555,-4.741,-4.384,-3.997,-4.473,-5.976,-4.176,-4.913,-3.445,-3.827,-3.447,-3.844,-3.191,-3.942,-5.712,-3.458,-3.768,-3.328,-4.842,-6.115,-3.692,-5.126,-5.045,-4.179,-3.163,-5.475,-4.934,-4.739,-5.465
OptTAR_Fixed_ligprep_20260117_0.5.maegz:592,-4.531,-3.883,-3.606,-4.934,-5.288,-4.665,-5.785,-7.054,-6.642,-6.223,-5.72,-4.099,-4.507,-5.081,-5.491,-4.125,-5.271,-3.99,-4.631,-4.238,-4.482,-5.785,-4.657,-4.015,-4.191,-4.493,-6.174,-4.41,-4.181,-4.613,-4.76,-4.599,-2.903,-4.202,-3.546,-3.822,-2.879,-3.468,-3.794,-5.391,-5.483,-4.057,-4.18,-3.987,-4.207,-4.095,-4.797,-3.281,-4.117,-4.237
OptTAR_Fixed_ligprep_20260117_0.5.maegz:593,-4.71,-4.617,-4.193,-5.416,-7.046,-4.188,-4.611,-4.802,-6.071,-6.702,-4.811,-6.017,-4.239,-5.015,-5.902,-5.411,-5.687,-3.808,-4.71,-4.409,-5.611,-5.131,-6.098,-4.315,-4.65,-5.386,-6.943,-5.302,-5.547,-4.064,-4.96,-4.212,-3.676,-3.98,-3.507,-3.908,-3.226,-2.611,-3.343,-4.878,-5.919,-5.242,-5.68,-4.751,-6.087,-5.208,-4.583,-4.275,-4.756,-5.718
OptTAR_Fixed_ligprep_20260117_0.5.maegz:594,-3.933,-4.845,-3.62,-3.916,-5.501,-1.877,-4.172,-6.197,-4.562,-5.542,-3.37,-3.553,-2.258,-3.898,-4.644,-2.584,-4.176,-3.123,-2.566,-4.271,-3.549,-2.939,-6.029,-3.477,-4.626,-3.122,-4.797,-5.199,-5.033,-2.818,-2.952,-2.281,-2.501,-3.56,-2.4,-2.983,-3.483,-3.028,-1.645,-4.11,-4.692,-4.19,-3.553,-2.38,-3.516,-4.4,-4.616,-4.059,-4.552,-4.403
OptTAR_Fixed_ligprep_20260117_0.5.maegz:595,-3.697,-3.023,-4.337,-3.67,-5.755,-3.817,-5.26,-5.435,-4.977,-6.578,-4.496,-1.797,-2.744,-4.811,-5.756,-2.523,-4.764,-3.7,-3.11,-3.014,-4.148,-5.416,-4.652,-3.318,-4.692,-4.892,-5.074,-3.769,-5.769,-3.528,-3.148,-2.45,-2.778,-3.138,-2.459,-2.723,-2.746,-3.124,-1.604,-5.041,-5.816,-3.532,-4.481,-3.813,-5.096,-4.369,-4.569,-3.582,-3.137,-3.285
OptTAR_Fixed_ligprep_20260117_0.5.maegz:596,-4.21,-3.379,-4.18,-3.996,-5.856,-3.832,-4.672,-6.166,-6.061,-7.167,-6.3,-3.051,-5.179,-5.075,-4.726,-4.547,-4.484,-3.977,-3.813,-3.319,-4.18,-5.1,-5.655,-4.628,-5.076,-4.111,-5.203,-5.512,-5.465,-3.757,-4.996,-4.792,-3.425,-3.727,-3.687,-3.693,-3.511,-3.286,-3.477,-3.991,-4.299,-4.663,-3.711,-4.812,-5.04,-4.906,-5.034,-4.387,-4.28,-4.961
OptTAR_Fixed_ligprep_20260117_0.5.maegz:597,-4.67,-4.382,-4.429,-4.339,-6.777,-5.04,-4.153,-5.507,-7.293,-6.568,-4.968,-2.981,-3.273,-4.491,-5.631,-3.835,-6.012,-3.553,-3.968,-5.906,-5.188,-5.474,-6.047,-5.78,-5.36,-5.035,-7.138,-5.869,-6.326,-4.633,-5.784,-4.275,-3.634,-3.742,-3.471,-3.021,-3.665,-3.537,-4.26,-4.335,-6.134,-4.4,-3.877,-4.267,-5.731,-5.219,-4.383,-4.221,-4.362,-4.463
OptTAR_Fixed_ligprep_20260117_0.5.maegz:598,-4.647,-4.66,-3.886,-4.119,-6.235,-5.005,-4.126,-7.667,-6.397,-6.17,-5.475,-4.698,-3.689,-4.555,-4.784,-4.384,-4.97,-4.292,-3.796,-5.806,-5.323,-5.691,-5.168,-5.133,-4.581,-5.354,-4.398,-5.861,-6.099,-4.647,-5.095,-5.176,-3.855,-3.755,-4.407,-3.109,-3.741,-3.983,-3.098,-4.248,-6.361,-4.351,-4.175,-4.206,-5.444,-5.373,-4.718,-4.8,-3.924,-4.064
OptTAR_Fixed_ligprep_20260117_0.5.maegz:599,-4.431,-4.887,-5.058,-3.98,-5.734,-5.034,-6.244,-6.558,-6.059,-5.893,-5.968,-3.966,-4.263,-4.57,-5.702,-4.225,-5.282,-4.14,-3.639,-4.867,-4.312,-6.064,-5.447,-4.873,-5.249,-5.217,-6.255,-6.09,-5.364,-4.858,-5.069,-3.918,-2.61,-4.598,-4.782,-3.905,-5.168,-3.864,-3.139,-4.394,-5.62,-4.464,-5.319,-5.046,-5.292,-4.609,-4.218,-3.866,-4.329,-4.791
OptTAR_Fixed_ligprep_20260117_0.5.maegz:600,-4.567,-3.946,-3.654,-4.121,-4.799,-5.252,-5.836,-5.921,-6.744,-6.016,-5.064,-3.662,-4.166,-4.34,-6.074,-4.798,-3.958,-2.884,-4.08,-3.7,-3.89,-5.341,-6.319,-4.949,-3.937,-4.422,-5.898,-6.382,-6.324,-3.859,-4.68,-4.913,-4.166,-3.67,-3.242,-4.364,-4.082,-3.813,-3.778,-4.445,-5.03,-4.854,-4.687,-3.93,-5.51,-4.532,-5.915,-5.006,-4.934,-4.827
OptTAR_Fixed_ligprep_20260117_0.5.maegz:601,-4.444,-3.212,-4.11,-5.008,-4.919,-3.879,-5.343,-5.384,-5.437,-5.95,-4.948,-3.068,-3.052,-4.436,-4.242,-4.537,-3.832,-3.363,-3.782,-3.977,-3.676,-4.584,-5.334,-4.535,-3.494,-4.7,-4.995,-5.101,-5.329,-3.879,-5.71,-4.419,-2.537,-3.235,-3.035,-3.656,-3.307,-3.169,-2.723,-3.627,-5.019,-4.02,-4.171,-4.025,-4.71,-4.404,-3.933,-4.667,-3.905,-4.812
OptTAR_Fixed_ligprep_20260117_0.5.maegz:602,-4.737,-4.408,-4.776,-4.467,-5.189,-4.453,-4.459,-5.601,-5.186,-6.351,-4.957,-4.529,-5.814,-4.69,-4.81,-4.457,-6.279,-3.167,-3.953,-5.179,-4.236,-5.783,-4.829,-4.24,-5.332,-3.9,-5.092,-3.872,-4.976,-4.681,-4.675,-4.785,-2.335,-3.973,-2.818,-3.722,-3.782,-3.136,-3.782,-4.394,-5.326,-2.975,-3.868,-4.306,-4.093,-3.372,-3.789,-4.115,-4.406,-3.94
OptTAR_Fixed_ligprep_20260117_0.5.maegz:603,-4.644,-5.606,-4.281,-4.4,-5.168,-5.25,-5.052,-7.193,-6.252,-5.554,-6.46,-3.867,-4.74,-5.997,-4.545,-4.501,-4.415,-5.005,-4.302,-3.614,-4.134,-5.868,-5.527,-5.638,-5.251,-5.43,-4.727,-5.697,-5.649,-4.412,-4.587,-4.652,-3.916,-3.425,-3.593,-3.266,-3.857,-3.47,-3.551,-4.436,-5.693,-5.23,-5.092,-5.255,-4.545,-5.484,-4.423,-5.212,-4.375,-5.011
OptTAR_Fixed_ligprep_20260117_0.5.maegz:604,-3.735,-3.441,-4.141,-4.255,-5.738,-4.713,-4.351,-5.758,-5.405,-5.671,-7.19,-5.37,-5.751,-4.826,-5.29,-5.061,-6.64,-3.306,-4.074,-4.901,-4.817,-5.259,-5.455,-4.343,-4.497,-5.351,-6.431,-5.915,-5.593,-5.407,-5.584,-4.763,-3.914,-3.863,-3.994,-4.383,-5.324,-4.672,-3.769,-4.752,-4.923,-5.059,-4.523,-4.252,-4.74,-4.503,-5.373,-4.793,-4.869,-5.01
OptTAR_Fixed_ligprep_20260117_0.5.maegz:605,-4.481,-1.97,-3.535,-4.482,-2.868,-5.324,-5.426,-5.942,-4.086,-5.485,-3.608,-5.808,-5.438,-6.168,-5.21,-4.129,-6.425,-3.408,-3.342,-1.655,-4.557,-5.18,-5.439,-2.705,-4.038,-3.669,-4.876,-4.51,-5.56,-2.803,-4.29,-5.591,-3.33,-4.024,-3.408,-2.907,-3.72,-1.998,-3.192,-5.014,-4.291,-3.103,-3.593,-2.809,-4.511,-4.322,-4.199,-4.837,-3.146,-4.695
OptTAR_Fixed_ligprep_20260117_0.5.maegz:606,-3.886,-4.514,-4.535,-4.342,-5.196,-4.095,-6.586,-5.93,-6.365,-4.607,-4.854,-5.766,-6.181,-6.41,-5.776,-4.737,-6.519,-3.345,-2.584,-4.451,-6.12,-4.417,-4.911,-4.245,-4.596,-5.015,-4.944,-3.013,-4.287,-3.334,-6.365,-4.57,-4.448,-3.819,-2.651,-3.956,-2.575,-4.651,-4.436,-4.823,-4.652,-3.52,-3.686,-4.269,-5.036,-4.226,-3.629,-3.948,-3.898,-4.694
OptTAR_Fixed_ligprep_20260117_0.5.maegz:607,-5.534,-5.516,-5.476,-5.485,-6.956,-5.438,-5.591,-6.472,-6.612,-6.869,-5.897,-6.924,-7.932,-6.242,-5.681,-5.78,-6.502,-5.754,-4.697,-6.979,-6.434,-6.588,-5.788,-6.042,-6.268,-5.705,-7.135,-6.877,-6.573,-6.129,-7.491,-5.369,-5.466,-5.832,-5.49,-6.076,-6.071,-5.027,-4.943,-5.062,-5.984,-5.959,-5.969,-5.653,-6.437,-5.82,-4.967,-5.288,-5.456,-5.937
OptTAR_Fixed_ligprep_20260117_0.5.maegz:608,-6.167,-6.081,-5.715,-4.86,-7.267,-4.909,-7.113,-7.288,-7.76,-7.128,-6.273,-6.527,-6.972,-6.471,-6.542,-5.228,-6.286,-5.042,-5.76,-5.906,-6.184,-5.873,-5.6,-5.938,-6.177,-5.754,-6.278,-6.709,-6.788,-5.313,-6.68,-5.833,-4.79,-4.313,-4.22,-4.38,-6.186,-4.549,-4.875,-5.518,-5.899,-4.272,-5.393,-4.77,-6.203,-5.605,-5.582,-5.467,-5.081,-5.065
OptTAR_Fixed_ligprep_20260117_0.5.maegz:609,-5.883,-5.761,-5.947,-5.785,-6.856,-7.098,-7.039,-7.783,-6.591,-6.558,-6.835,-6.36,-6.474,-6.846,-7.141,-5.457,-6.725,-5.815,-5.908,-6.401,-6.202,-6.084,-5.855,-6.351,-6.441,-6.442,-5.828,-5.551,-5.811,-5.266,-5.354,-5.513,-4.761,-5.137,-5.148,-4.592,-5.437,-4.712,-4.672,-6.277,-6.808,-5.309,-5.729,-5.637,-5.775,-5.283,-5.421,-5.646,-5.547,-6.284
SAM001246616,-3.526,-4.336,-4.199,-4.148,-6.198,-5.591,-4.964,-5.672,-3.621,-5.451,-4.358,-3.918,-4.703,-5.115,-5.0,-4.576,-6.221,-4.709,-5.297,-5.067,-5.371,-5.307,-4.957,-4.496,-5.206,-5.658,-6.482,-4.8,-5.79,-5.245,-4.822,-5.505,-3.305,-3.313,-2.954,-4.554,-3.388,-3.115,-2.872,-5.313,-3.915,-4.788,-4.456,-4.556,-5.007,-4.683,-4.99,-5.765,-4.117,-3.426
OptTAR_Fixed_ligprep_20260117_0.5.maegz:611,-4.439,-5.162,-4.597,-4.301,-5.413,-5.222,-4.511,-5.037,-5.932,-5.286,-4.687,-4.296,-4.991,-4.776,-5.6,-3.921,-5.765,-4.426,-3.587,-4.983,-4.274,-3.956,-4.306,-4.312,-4.204,-3.924,-4.246,-4.981,-5.411,-4.749,-3.575,-3.855,-4.952,-3.384,-4.15,-3.642,-4.36,-4.445,-4.196,-4.727,-4.251,-3.802,-4.451,-4.292,-4.785,-4.183,-4.097,-4.151,-4.141,-3.97
OptTAR_Fixed_ligprep_20260117_0.5.maegz:612,-5.326,-3.724,-4.802,-4.448,-5.874,-3.531,-6.924,-6.605,-5.416,-6.012,-4.199,-4.254,-5.852,-5.594,-5.596,-3.752,-5.27,-3.536,-3.353,-4.381,-4.304,-5.505,-4.412,-4.192,-4.59,-4.728,-5.917,-5.164,-5.494,-4.309,-4.123,-4.607,-3.327,-3.416,-3.369,-4.148,-3.355,-3.311,-3.511,-4.811,-5.564,-4.387,-4.246,-4.398,-4.807,-4.42,-4.006,-4.804,-4.577,-4.778
SAM001247105,-4.663,-3.436,-4.847,-3.716,-5.909,-3.36,-4.083,-6.591,-5.661,-6.73,-6.299,-5.769,-3.09,-6.326,-6.549,-3.739,-4.254,-4.014,-3.779,-4.579,-5.351,-5.788,-5.266,-5.612,-4.765,-5.006,-6.126,-5.255,-5.731,-4.517,-4.982,-4.939,-3.622,-3.407,-3.432,-3.912,-4.509,-3.605,-4.331,-4.731,-5.815,-4.547,-4.725,-4.733,-4.716,-4.58,-4.748,-4.559,-4.651,-4.201
147340,-4.964,-4.229,-4.309,-5.23,-6.316,-6.04,-6.433,-6.07,-6.819,-5.495,-5.696,-6.064,-6.925,-6.78,-5.156,-4.47,-6.213,-4.917,-5.862,-5.634,-6.13,-5.646,-5.589,-4.7,-5.628,-4.672,-6.319,-5.679,-5.408,-5.761,-6.185,-5.266,-4.102,-5.428,-5.081,-4.509,-5.061,-4.994,-4.25,-5.009,-5.627,-4.583,-5.91,-4.793,-4.132,-4.295,-4.799,-5.358,-5.036,-4.555
344036.cdx,-4.591,-4.664,-4.304,-4.549,-5.23,-5.005,-5.437,-6.592,-6.114,-5.967,-5.71,-3.639,-6.278,-5.191,-6.183,-4.683,-7.097,-4.432,-4.831,-5.579,-5.998,-6.827,-6.248,-5.833,-4.858,-4.976,-5.869,-5.493,-5.599,-4.964,-5.472,-5.131,-3.882,-5.183,-4.998,-4.563,-5.92,-4.061,-4.057,-5.612,-5.082,-4.865,-5.164,-4.765,-5.494,-5.11,-4.955,-5.95,-5.469,-5.982
OptTAR_Fixed_ligprep_20260117_0.5.maegz:616,-5.54,-5.042,-4.715,-5.66,-5.981,-4.306,-6.612,-6.744,-6.695,-7.276,-5.797,-6.533,-6.415,-5.181,-5.329,-5.326,-5.115,-5.83,-6.388,-6.507,-6.498,-6.133,-5.688,-5.984,-5.401,-5.593,-5.888,-6.219,-6.487,-5.073,-5.851,-4.783,-5.388,-4.871,-5.145,-4.633,-6.094,-4.936,-5.003,-4.726,-5.37,-5.484,-5.173,-5.179,-5.568,-5.45,-5.253,-4.821,-4.495,-6.203
OptTAR_Fixed_ligprep_20260117_0.5.maegz:617,-5.342,-5.072,-4.758,-5.433,-6.12,-4.938,-5.699,-6.87,-6.505,-6.059,-6.111,-5.754,-6.897,-5.776,-5.661,-5.883,-7.343,-5.33,-6.026,-6.549,-6.614,-5.981,-5.459,-6.167,-5.546,-5.822,-6.369,-6.523,-6.196,-5.949,-5.76,-6.223,-4.419,-5.346,-5.215,-5.101,-5.794,-5.397,-4.671,-5.926,-5.466,-4.767,-5.401,-5.111,-5.871,-5.213,-5.208,-5.808,-5.361,-6.07
OptTAR_Fixed_ligprep_20260117_0.5.maegz:618,-4.756,-4.409,-4.583,-4.077,-5.744,-4.83,-5.605,-4.725,-4.806,-7.581,-6.238,-4.552,-3.429,-5.895,-5.125,-5.305,-6.273,-5.058,-4.88,-5.443,-5.804,-4.913,-5.714,-5.101,-4.97,-5.194,-6.144,-5.268,-5.005,-5.249,-5.029,-5.722,-4.544,-4.073,-4.846,-4.305,-4.575,-4.161,-3.506,-4.678,-3.948,-4.186,-5.277,-5.118,-5.34,-5.85,-4.367,-5.007,-4.293,-5.429
13172.cdx,-4.489,-4.176,-3.598,-3.422,-4.941,-4.331,-5.1,-4.849,-6.068,-5.452,-4.814,-5.103,-5.216,-4.602,-5.129,-5.668,-4.525,-4.524,-4.475,-5.228,-5.046,-4.937,-4.631,-4.255,-3.991,-4.18,-4.296,-5.037,-4.621,-4.701,-5.159,-5.326,-4.642,-3.625,-4.565,-4.005,-5.178,-4.168,-4.428,-4.249,-4.156,-3.236,-3.969,-4.156,-4.254,-3.875,-3.992,-4.269,-4.462,-4.668
PTERIN-6-CARBOXYLIC ACID,-4.302,-4.125,-4.672,-4.057,-5.07,-4.763,-5.135,-5.28,-5.616,-5.586,-5.177,-5.46,-6.028,-5.309,-4.726,-5.867,-6.537,-4.466,-4.542,-5.487,-5.999,-5.447,-5.271,-4.77,-4.743,-5.207,-6.486,-6.354,-4.854,-5.441,-5.055,-5.373,-5.145,-4.813,-4.605,-4.694,-4.972,-5.0,-4.443,-4.826,-4.513,-5.536,-5.452,-5.431,-6.366,-4.89,-4.11,-5.049,-4.943,-5.042
STROPHANTHIDIN SEMICARBAZIDE,-6.215,-5.915,-5.095,-4.993,-6.971,-6.61,-7.521,-5.893,-4.927,-7.386,-5.04,-4.634,-6.445,-7.212,-6.161,-5.203,-5.122,-5.124,-5.235,-6.357,-5.285,-6.45,-6.499,-5.676,-5.683,-5.392,-7.379,-5.871,-6.147,-6.375,-6.54,-5.992,-6.03,-3.947,-4.517,-4.138,-5.693,-5.768,-5.696,-6.292,-6.777,-4.935,-6.003,-6.128,-6.561,-5.133,-5.371,-5.549,-6.165,-7.104
BETAMETHASONE,-2.921,-3.86,-3.656,-2.374,-6.041,-5.254,-5.685,-5.055,-4.69,-4.454,-3.688,-3.597,-5.149,-5.519,-4.817,-5.006,-6.115,-4.542,-4.881,-5.294,-5.813,-5.597,-5.538,-5.1,-5.698,-5.204,-5.937,-5.027,-5.293,-4.918,-4.713,-4.821,-3.297,-3.605,-3.082,-3.745,-3.114,-3.331,-3.184,-5.578,-3.355,-4.683,-3.855,-5.22,-5.678,-5.071,-4.562,-5.029,-4.529,-4.251
METAPROTERENOL,-5.912,-6.007,-5.924,-5.777,-7.155,-5.485,-5.586,-6.592,-8.236,-7.152,-6.223,-7.492,-7.573,-6.132,-5.909,-5.599,-6.11,-7.083,-6.627,-7.555,-7.231,-5.996,-5.755,-5.579,-4.793,-6.243,-6.494,-7.428,-6.509,-5.988,-7.046,-6.778,-5.279,-5.321,-6.02,-5.606,-5.931,-5.797,-5.284,-6.061,-5.552,-6.392,-5.493,-5.668,-5.92,-5.692,-5.399,-5.409,-5.551,-5.809
CHLOROTHIAZIDE,-3.135,-3.991,-3.248,-3.495,-4.4,-4.577,-2.152,-5.402,-5.966,-5.471,-3.929,-3.638,-3.535,-4.626,-3.477,-3.792,-4.327,-3.085,-4.417,-3.912,-3.435,-3.098,-3.75,-3.933,-3.355,-3.334,-4.569,-4.095,-3.602,-2.817,-4.042,-4.462,-3.717,-4.395,-4.287,-2.816,-3.724,-3.955,-3.187,-3.093,-3.59,-1.91,-3.708,-3.716,-3.747,-3.905,-4.278,-3.882,-3.618,-4.0
SULFADIMETHOXINE,-4.493,-4.95,-3.358,-3.668,-4.302,-3.17,-3.52,-5.226,-6.087,-4.552,-6.652,-6.695,-4.458,-4.26,-6.18,-4.656,-7.298,-5.847,-5.89,-7.21,-6.262,-4.064,-4.695,-3.852,-6.665,-3.9,-6.098,-5.485,-3.838,-4.022,-4.924,-3.786,-3.058,-5.357,-3.572,-3.382,-4.444,-3.186,-3.72,-4.386,-6.408,-6.56,-6.014,-5.926,-5.325,-2.995,-4.275,-3.574,-6.125,-4.95
SULFAMETHOXYPYRIDAZINE,-5.193,-5.251,-5.576,-5.084,-4.852,-5.076,-4.08,-6.212,-7.012,-5.85,-5.997,-5.561,-5.342,-5.558,-5.119,-5.003,-5.676,-5.298,-5.007,-6.017,-4.772,-5.467,-5.818,-5.048,-4.699,-5.326,-5.026,-5.173,-5.686,-4.717,-5.97,-4.801,-4.441,-5.074,-3.837,-5.162,-5.801,-4.668,-4.116,-5.387,-5.628,-5.08,-5.064,-4.886,-4.916,-4.622,-5.357,-4.322,-5.024,-5.335
ALTHIAZIDE,-3.876,-3.977,-4.221,-4.447,-5.143,-4.847,-5.189,-6.372,-5.043,-6.304,-5.074,-3.977,-5.181,-5.357,-4.866,-5.024,-7.206,-3.939,-4.276,-3.664,-4.117,-5.139,-4.02,-5.065,-5.225,-5.337,-5.158,-4.621,-4.843,-5.877,-5.724,-3.559,-3.711,-3.956,-4.098,-3.854,-4.694,-3.277,-3.831,-5.108,-3.635,-2.54,-3.661,-4.144,-4.411,-4.24,-3.876,-3.208,-4.223,-5.016
OptTAR_Fixed_ligprep_20260117_0.5.maegz:629,-5.882,-5.866,-5.706,-5.498,-4.768,-5.463,-5.03,-7.604,-6.832,-7.645,-7.224,-7.073,-6.89,-6.157,-5.097,-5.23,-5.771,-7.136,-7.097,-6.213,-6.203,-7.115,-6.086,-5.539,-6.175,-6.474,-7.621,-6.755,-6.84,-6.325,-7.674,-7.433,-5.237,-6.239,-5.38,-5.96,-6.606,-4.99,-5.654,-5.638,-5.144,-5.134,-6.098,-5.865,-6.781,-5.749,-6.577,-5.624,-5.813,-6.857
OptTAR_Fixed_ligprep_20260117_0.5.maegz:630,-3.204,-2.878,-3.819,-2.83,-3.178,-4.329,-4.602,-4.274,-5.089,-6.22,-5.072,-3.266,-3.383,-4.111,-2.695,-4.12,-4.599,-3.402,-3.993,-4.19,-5.436,-4.193,-4.085,-4.425,-4.189,-5.406,-6.107,-5.594,-5.612,-4.786,-6.256,-3.856,-3.204,-5.253,-4.039,-4.484,-3.645,-3.645,-3.658,-4.168,-3.896,-3.578,-4.541,-3.767,-3.799,-3.819,-4.097,-3.47,-3.674,-4.5
PERICIAZINE,-5.983,-5.144,-6.335,-6.292,-7.683,-5.709,-8.788,-7.68,-8.184,-7.906,-6.894,-6.498,-7.527,-6.981,-7.669,-5.926,-7.208,-5.889,-6.544,-6.494,-6.397,-7.565,-7.259,-5.735,-6.863,-6.211,-7.717,-6.569,-6.849,-5.866,-5.581,-5.583,-4.313,-5.39,-5.335,-5.32,-6.176,-5.292,-4.796,-6.792,-7.79,-5.319,-4.832,-5.683,-6.21,-5.93,-6.137,-6.144,-6.505,-6.127
OptTAR_Fixed_ligprep_20260117_0.5.maegz:632,-5.592,-5.547,-5.895,-5.32,-6.417,-5.414,-5.931,-5.352,-6.335,-6.792,-5.994,-7.506,-7.025,-6.286,-5.858,-5.711,-6.252,-6.203,-5.797,-6.59,-6.67,-6.277,-6.334,-5.374,-6.623,-5.927,-7.663,-6.856,-6.066,-6.674,-6.466,-6.933,-5.431,-6.436,-6.03,-4.995,-5.504,-5.34,-5.28,-6.684,-5.428,-5.733,-6.095,-5.061,-6.52,-5.848,-5.827,-4.961,-6.657,-6.244
HALOPERIDOL,-4.765,-4.425,-4.471,-4.345,-6.267,-5.419,-5.08,-8.064,-7.114,-7.435,-6.67,-6.603,-7.951,-5.785,-7.171,-6.334,-5.96,-4.935,-4.804,-6.286,-6.334,-6.701,-5.897,-5.748,-6.537,-5.86,-7.622,-7.341,-6.83,-6.376,-5.683,-6.284,-4.737,-5.607,-5.116,-5.456,-4.459,-6.112,-4.545,-5.508,-5.943,-5.403,-5.223,-5.8,-5.651,-5.849,-5.782,-5.511,-5.89,-6.659
PREDNISOLONE ACETATE,-4.826,-5.89,-4.151,-5.266,-6.119,-6.007,-7.206,-6.865,-5.92,-6.282,-6.276,-6.091,-7.022,-7.365,-5.422,-5.343,-6.445,-5.181,-4.86,-5.966,-6.084,-5.85,-6.255,-6.248,-6.272,-6.872,-8.103,-5.02,-5.666,-5.949,-5.62,-5.376,-4.389,-5.195,-5.501,-5.223,-5.08,-5.478,-5.892,-4.921,-6.234,-5.167,-4.901,-4.997,-5.673,-5.473,-5.536,-5.67,-5.535,-4.981
SULFAMERAZINE,-5.161,-4.49,-4.762,-4.772,-5.342,-4.552,-6.183,-5.789,-5.926,-5.513,-4.845,-5.413,-5.377,-4.506,-4.64,-4.379,-6.038,-4.921,-4.859,-4.875,-5.504,-4.845,-4.807,-5.048,-5.504,-5.341,-4.804,-4.227,-5.393,-4.509,-5.207,-4.742,-4.512,-3.548,-3.625,-5.08,-5.191,-4.838,-4.406,-5.234,-5.161,-4.265,-4.302,-4.177,-5.709,-4.688,-5.172,-4.54,-4.636,-4.344
SULFAMETHIZOLE,-3.516,-3.229,-3.679,-3.46,-4.471,-4.603,-4.283,-4.657,-6.037,-5.191,-4.755,-4.26,-4.586,-4.179,-4.622,-4.258,-5.048,-3.28,-3.805,-5.001,-4.742,-4.667,-4.477,-4.338,-4.405,-4.164,-5.112,-4.576,-5.157,-4.091,-5.434,-4.111,-3.555,-3.027,-3.59,-3.351,-5.039,-3.248,-4.511,-4.65,-4.477,-3.724,-3.777,-4.075,-4.344,-4.172,-4.866,-5.302,-4.434,-4.962
OptTAR_Fixed_ligprep_20260117_0.5.maegz:637,-6.214,-6.063,-5.23,-5.998,-6.404,-5.689,-6.746,-6.962,-6.793,-7.48,-6.509,-7.357,-7.376,-6.122,-6.31,-5.594,-7.406,-6.502,-6.091,-7.391,-7.306,-5.83,-6.096,-6.776,-5.999,-5.481,-6.923,-6.726,-6.871,-6.371,-7.11,-5.629,-5.052,-5.676,-6.061,-5.616,-5.742,-6.507,-5.357,-5.426,-5.885,-6.273,-6.062,-5.629,-5.836,-5.914,-5.255,-5.106,-5.144,-5.836
BENDROFUMETHIAZIDE,-4.442,-4.863,-4.483,-5.526,-5.936,-4.042,-5.758,-5.367,-6.199,-5.542,-6.058,-5.099,-5.62,-4.782,-5.538,-4.522,-4.619,-4.062,-3.769,-4.439,-4.626,-4.483,-4.199,-3.687,-5.992,-3.815,-4.579,-4.847,-4.916,-5.083,-4.395,-5.215,-3.146,-3.978,-3.54,-4.09,-3.576,-3.87,-3.919,-5.739,-5.218,-4.795,-3.337,-4.271,-4.684,-4.798,-4.093,-4.1,-3.812,-4.037
SULFACHLORPYRIDAZINE,-4.67,-4.491,-4.914,-3.982,-4.498,-4.665,-3.779,-5.633,-5.809,-5.628,-4.621,-3.915,-5.232,-3.847,-5.241,-4.452,-5.006,-5.052,-4.131,-4.306,-4.117,-4.491,-4.17,-3.784,-4.752,-3.966,-4.518,-4.591,-5.101,-4.219,-4.907,-4.191,-3.967,-4.335,-3.714,-4.001,-4.876,-4.677,-3.417,-4.331,-5.006,-4.164,-4.457,-3.721,-4.401,-4.233,-4.783,-3.785,-4.337,-4.361
TRIAMCINOLONE,-4.374,-6.009,-5.302,-5.546,-6.455,-5.515,-4.591,-5.773,-5.203,-5.695,-4.944,-5.641,-5.618,-5.763,-5.891,-6.004,-5.467,-5.372,-5.364,-5.45,-5.471,-5.025,-5.233,-5.233,-5.683,-4.906,-6.505,-5.429,-6.624,-5.437,-5.263,-5.183,-4.472,-5.08,-3.824,-4.635,-5.591,-5.003,-3.632,-4.435,-5.797,-5.277,-4.988,-5.061,-6.766,-4.658,-4.885,-5.573,-5.377,-5.056
OptTAR_Fixed_ligprep_20260117_0.5.maegz:641,-4.856,-5.327,-4.843,-5.101,-6.257,-5.644,-6.606,-6.647,-6.004,-6.301,-6.07,-5.571,-6.366,-5.74,-5.737,-5.917,-5.65,-4.797,-4.721,-5.494,-6.189,-5.962,-4.769,-5.476,-6.03,-5.898,-6.928,-6.006,-6.796,-5.037,-5.76,-5.884,-4.64,-5.207,-5.301,-4.533,-5.17,-5.055,-4.668,-6.013,-5.23,-4.913,-5.219,-5.091,-6.186,-4.869,-5.013,-5.194,-4.804,-5.126
OptTAR_Fixed_ligprep_20260117_0.5.maegz:642,-6.22,-5.862,-6.01,-6.293,-7.052,-7.172,-7.411,-7.938,-6.554,-6.833,-6.853,-6.295,-6.734,-6.661,-7.232,-5.625,-6.845,-5.352,-5.915,-6.208,-6.279,-5.801,-5.825,-6.012,-6.276,-6.378,-5.7,-6.285,-6.192,-5.947,-5.835,-5.754,-5.045,-5.351,-4.387,-5.148,-5.106,-5.131,-5.478,-5.976,-6.463,-5.121,-5.437,-5.234,-6.1,-5.388,-6.151,-6.063,-5.954,-6.704
OptTAR_Fixed_ligprep_20260117_0.5.maegz:643,-6.54,-5.741,-5.748,-5.527,-6.67,-6.115,-5.811,-6.513,-6.453,-6.983,-6.991,-8.024,-6.932,-6.758,-6.822,-5.975,-7.435,-6.308,-7.452,-7.667,-7.354,-6.383,-6.672,-6.0,-6.97,-5.762,-7.97,-6.904,-7.772,-6.792,-8.233,-7.205,-5.931,-6.589,-5.952,-6.495,-7.033,-5.935,-6.42,-6.657,-6.554,-6.072,-6.337,-6.33,-7.162,-6.703,-6.489,-6.235,-6.999,-6.675
HYCANTHONE,-6.025,-4.841,-5.051,-5.299,-7.914,-5.403,-5.432,-8.533,-6.372,-6.468,-6.97,-5.493,-7.775,-6.643,-6.655,-5.074,-5.704,-4.79,-5.021,-6.465,-6.532,-6.392,-5.908,-6.471,-5.905,-7.271,-6.618,-5.799,-7.072,-5.739,-5.603,-6.467,-4.452,-4.937,-5.315,-5.336,-5.061,-5.355,-4.723,-5.417,-5.041,-5.32,-6.22,-5.317,-4.903,-5.083,-5.244,-5.13,-5.167,-6.106
MEGESTROL ACETATE,-1.78,-4.396,,-1.94,-5.892,-4.763,-5.961,-3.53,-3.831,-3.546,-4.257,-3.518,-3.318,-3.184,-3.713,-3.179,-3.505,-3.754,-5.064,-1.388,-4.573,-4.935,-4.484,-3.374,-4.009,-4.114,-6.335,-4.552,-4.934,-4.435,-3.745,-4.719,-3.394,-3.521,-3.225,-3.591,-3.283,-4.308,-3.921,-4.9,-5.007,-4.467,-3.931,-3.685,-3.323,-4.812,-3.127,-4.605,-4.021,-3.757
OptTAR_Fixed_ligprep_20260117_0.5.maegz:646,-4.901,-4.849,-5.369,-4.471,-6.281,-5.313,-5.453,-5.519,-6.985,-6.451,-5.909,-7.125,-7.322,-6.364,-5.2,-5.873,-5.555,-5.247,-6.106,-6.142,-6.406,-5.17,-5.957,-5.725,-5.293,-5.57,-7.63,-7.117,-6.447,-5.717,-7.701,-6.421,-5.72,-5.336,-5.48,-5.237,-5.752,-5.132,-5.757,-5.607,-5.875,-5.265,-5.824,-5.37,-6.075,-5.715,-5.321,-6.066,-5.467,-5.935
LEVONORDEFRIN,-6.54,-5.741,-5.748,-5.527,-6.67,-6.115,-5.811,-6.513,-6.453,-6.983,-6.991,-8.024,-6.932,-6.758,-6.822,-5.975,-7.435,-6.308,-7.452,-7.667,-7.354,-6.383,-6.672,-6.0,-6.97,-5.762,-7.97,-6.904,-7.772,-6.792,-8.233,-7.205,-5.931,-6.589,-5.952,-6.495,-7.033,-5.935,-6.42,-6.657,-6.554,-6.072,-6.337,-6.33,-7.162,-6.703,-6.489,-6.235,-6.999,-6.675
DEXAMETHASONE ACETATE,-4.714,-5.53,-5.182,-5.745,-6.154,-6.246,-4.879,-7.249,-5.58,-6.203,-5.622,-6.185,-4.597,-6.248,-5.79,-5.351,-4.476,-4.63,-5.266,-5.375,-5.577,-5.718,-6.188,-5.158,-6.575,-4.654,-7.394,-5.158,-6.569,-5.38,-4.892,-3.764,-4.756,-4.118,-4.585,-5.155,-5.526,-5.265,-4.774,-6.208,-5.794,-4.325,-5.086,-5.943,-5.894,-5.077,-5.684,-5.353,-5.572,-4.627
OptTAR_Fixed_ligprep_20260117_0.5.maegz:649,-2.767,-4.419,-3.07,-3.349,-5.114,-4.327,-4.288,-5.812,-6.191,-4.76,-4.51,-4.181,-4.905,-4.334,-3.958,-3.572,-5.916,-3.744,-3.991,-3.94,-4.729,-4.409,-3.501,-3.825,-4.596,-4.036,-4.552,-4.15,-5.514,-3.226,-3.823,-4.297,-3.238,-2.86,-3.33,-3.283,-5.318,-1.522,-3.774,-4.759,-4.867,-3.761,-2.855,-4.477,-4.236,-3.956,-3.905,-3.523,-3.887,-3.823
OptTAR_Fixed_ligprep_20260117_0.5.maegz:650,-6.008,-5.259,-6.301,-5.599,-6.211,-3.842,-4.333,-7.024,-6.559,-6.558,-6.023,-4.69,-6.137,-6.027,-5.695,-5.088,-5.465,-5.674,-4.596,-5.135,-6.622,-5.333,-5.039,-4.906,-5.361,-6.356,-5.92,-5.883,-5.81,-5.108,-5.936,-4.978,-3.625,-4.505,-4.462,-4.636,-5.155,-4.198,-4.053,-5.539,-6.093,-5.437,-4.62,-5.131,-5.767,-4.612,-4.576,-4.741,-4.704,-5.14
THIAMPHENICOL,-5.25,-4.361,-4.84,-4.55,-6.619,-6.002,-6.238,-5.994,-6.357,-6.326,-5.975,-5.932,-6.693,-6.263,-4.654,-5.376,-7.865,-4.82,-6.055,-5.838,-6.505,-5.123,-6.581,-6.107,-5.453,-5.319,-5.921,-5.137,-6.409,-5.748,-6.058,-5.269,-4.401,-5.272,-4.506,-5.032,-4.618,-4.394,-4.442,-6.469,-4.932,-4.629,-5.232,-4.962,-5.265,-4.821,-5.032,-4.31,-4.494,-5.06
11926,,-2.82,,,-6.903,-5.221,-6.221,-6.936,-6.834,-5.479,-5.677,-4.961,-5.345,-5.761,-5.923,-3.88,-4.565,-4.193,-4.326,-5.122,-4.596,-4.192,-4.566,-4.75,-5.097,-4.792,-5.464,-5.287,-4.967,-4.651,-4.328,-4.092,-4.601,-3.618,-3.396,-3.674,-4.308,-3.697,-4.182,-4.698,-3.91,-4.576,-4.051,-4.659,-4.493,-4.682,-4.476,-4.349,-4.837,-4.612
OptTAR_Fixed_ligprep_20260117_0.5.maegz:88,,,,,,,-6.065,,-4.535,,,-4.637,,,,-5.14,-5.023,-3.936,-4.345,-5.579,-5.255,-5.912,-5.027,-4.816,-3.767,-5.031,-4.946,-4.994,-6.156,-2.225,-4.296,-4.483,,-3.357,-3.044,-3.28,,,,,,-5.083,-5.478,-4.663,,,,,,
