res,atom,shift_1,shift_2,shift_3,shift_4,shift_5,shift_6,shift_7,shift_8,shift_9,shift_10,shift_11,shift_12,shift_13,shift_14,shift_15,shift_16,shift_17,shift_18,shift_19,shift_20
17,C1',94.101,101.124,97.988,96.756,97.473,98.104,88.479,87.112,96.384,95.603,97.166,95.913,95.996,98.23,95.24,94.843,97.426,98.872,95.292,95.552
17,C2,140.088,140.362,139.433,139.494,139.758,139.93,140.574,140.576,139.569,139.591,140.149,139.525,140.029,139.183,140.417,139.907,139.705,139.096,140.143,140.101
17,C2',77.491,77.465,76.617,76.27,75.752,76.786,75.54,75.417,76.616,75.837,76.038,74.865,75.294,75.812,76.494,76.173,74.951,75.175,75.761,76.032
17,C3',81.573,75.409,76.355,81.563,75.337,73.409,81.169,79.636,74.314,74.63,72.657,73.534,79.566,71.353,71.308,75.286,74.539,74.655,72.708,71.426
17,C4,145.081,145.68,144.637,146.543,144.719,146.404,147.103,147.315,144.627,145.319,145.27,145.901,146.203,145.56,145.739,145.793,146.509,146.056,146.992,145.291
17,C4',78.289,84.318,82.769,81.375,82.206,81.91,86.03,86.215,80.7,80.43,80.811,79.861,75.578,79.888,79.556,79.44,79.91,81.586,80.602,79.767
17,C5,115.564,113.357,114.033,114.048,116.752,116.262,113.429,113.809,115.683,115.653,114.994,116.653,114.829,115.047,114.971,115.811,115.295,115.654,116.537,115.903
17,C5',67.89,65.099,68.397,68.39,63.516,64.708,65.229,65.977,64.3,63.171,64.845,63.162,66.516,65.12,62.83,65.514,62.488,69.738,63.444,63.402
17,C6,147.704,148.565,148.843,147.87,148.669,148.784,149.248,148.288,148.789,149.031,147.792,148.968,147.756,148.434,147.666,148.088,148.119,148.063,148.579,149.334
17,C8,129.923,131.355,130.267,130.15,132.819,130.581,131.265,131.404,132.812,130.812,131.399,130.767,131.516,132.14,129.27,131.979,130.071,130.138,131.752,130.198
17,H1,6.764,7.169,6.585,7.009,6.669,6.691,6.235,6.42,6.317,6.32,6.682,6.258,7.101,6.998,6.653,6.602,6.723,6.937,6.391,6.464
17,H1',6.339,6.583,6.555,6.383,6.557,6.477,6.848,6.978,6.423,6.344,6.369,6.416,6.186,6.222,6.433,6.208,6.377,6.653,6.291,6.272
17,H2',5.713,5.333,5.003,6.014,6.049,5.523,4.703,5.126,5.738,5.596,5.258,5.502,5.866,5.728,5.359,5.859,5.484,5.512,5.903,5.608
17,H21,4.829,5.063,4.901,5.139,4.692,4.777,4.761,4.887,4.894,4.63,5.04,4.745,5.163,4.971,5.137,4.974,5.034,5.033,4.792,4.722
17,H22,5.272,5.699,5.437,5.483,5.316,5.202,5.417,5.464,5.391,5.161,5.272,5.247,5.488,5.259,5.457,5.439,5.412,5.414,5.346,5.3
17,H3',4.066,4.531,4.041,4.393,4.552,4.922,4.732,5.003,4.39,4.848,5.127,4.795,4.565,5.319,4.968,5.096,4.95,4.151,5.301,5.116
17,H4',4.616,4.71,4.649,4.521,4.657,4.616,4.579,4.669,4.649,4.61,4.868,4.528,4.552,4.75,4.545,4.939,4.446,4.655,4.818,4.665
17,H5',4.214,4.328,4.194,3.995,4.345,4.49,4.457,4.026,4.351,4.474,4.781,4.511,4.312,4.639,4.89,4.381,4.799,4.256,4.749,4.798
17,H5'',4.311,4.415,4.296,4.185,4.36,4.533,4.047,4.389,4.471,4.495,4.496,4.547,4.552,4.412,4.126,4.704,4.079,4.589,4.415,4.348
17,H8,7.787,8.266,7.789,7.744,8.043,7.932,7.87,7.82,8.195,8.064,8.017,8.211,7.657,7.791,7.885,7.95,7.771,7.865,8.032,7.975
17,HO2',3.338,3.6,2.592,3.227,3.351,3.05,4.164,5.105,3.163,3.14,3.578,3.205,3.234,3.334,3.466,3.362,2.57,3.349,3.24,3.582
17,HO5',5.279,2.616,2.914,4.629,2.571,2.82,2.482,2.918,2.41,2.736,2.836,2.72,4.088,2.568,2.725,4.077,2.691,2.81,3.176,2.996
17,N1,134.357,137.218,131.102,138.309,133.369,133.847,134.26,133.366,132.048,128.934,135.394,130.34,136.775,136.331,133.919,132.206,134.061,134.98,132.655,129.827
17,N2,65.409,66.65,66.956,65.154,70.186,67.651,65.528,64.651,64.761,65.384,66.209,67.563,64.191,66.729,68.205,66.475,69.043,69.035,68.059,67.849
17,N3,163.896,166.535,163.6,164.576,164.143,166.04,161.884,162.036,166.199,166.157,164.89,164.368,167.461,166.826,167.884,167.184,166.901,166.735,167.102,165.493
17,N7,236.834,229.854,235.112,233.098,227.923,231.297,236.201,234.425,232.448,229.561,233.937,233.506,234.829,230.058,230.5,232.429,233.565,232.999,230.306,230.416
17,N9,169.341,174.384,172.215,172.718,166.748,170.458,167.343,168.532,169.715,170.513,171.366,170.504,169.401,169.105,172.187,170.765,171.843,170.668,170.47,173.283
18,C1',95.873,97.285,97.141,94.417,98.309,98.968,98.899,96.765,95.075,96.884,96.976,101.183,93.79,95.995,97.166,96.231,98.285,97.397,95.176,95.797
18,C2,141.967,142.542,141.489,142.671,141.96,142.58,142.087,142.022,141.343,141.151,142.791,141.613,142.729,142.278,142.149,142.96,142.701,142.543,142.408,141.477
18,C2',75.427,75.616,77.018,73.72,75.144,74.647,74.357,75.386,75.554,74.376,75.483,77.967,74.909,74.126,74.866,74.556,75.717,74.631,74.209,73.908
18,C3',71.203,73.453,73.906,70.369,72.224,71.175,76.391,78.02,72.73,73.071,71.024,72.68,72.195,72.667,73.43,73.712,72.493,71.336,73.095,72.181
18,C4,144.453,145.72,144.783,145.923,144.905,146.582,146.93,145.529,145.042,145.766,143.897,144.879,145.067,146.935,146.735,145.916,146.479,145.568,144.93,144.963
18,C4',75.141,78.723,78.238,76.985,77.652,78.225,77.138,74.937,77.705,79.501,78.764,83.669,78.002,78.633,76.73,79.617,78.591,77.747,78.596,78.838
18,C5,116.454,114.73,114.414,114.725,113.942,114.082,113.264,114.781,115.253,113.802,113.564,113.313,115.962,115.421,115.538,114.098,113.921,114.982,113.705,114.131
18,C5',61.891,64.317,61.751,61.803,64.033,62.404,69.812,70.671,62.693,62.848,64.584,65.856,62.525,62.694,60.537,62.499,62.591,63.393,62.594,61.829
18,C6,151.871,151.303,151.507,151.489,150.881,150.901,150.341,151.09,152.005,150.458,151.802,150.791,150.595,151.82,151.9,150.64,152.123,150.76,150.057,150.244
18,C8,125.488,124.871,127.026,127.174,129.05,127.524,128.457,128.102,126.729,128.178,126.056,126.957,126.514,125.713,128.105,127.34,127.029,127.405,128.16,128.377
18,H1,12.68,12.691,13.139,11.946,12.507,11.854,12.423,11.635,13.052,12.642,13.051,12.678,12.012,11.788,12.278,12.314,12.402,12.265,12.868,12.369
18,H1',5.839,6.486,6.184,6.101,6.579,6.506,6.915,6.369,6.274,6.242,6.213,6.535,5.793,6.084,6.329,6.266,6.653,6.426,6.62,6.437
18,H2',5.309,4.992,4.52,5.441,5.409,4.895,5.331,5.331,4.512,5.303,4.469,3.997,5.138,5.513,4.832,5.057,4.768,5.17,5.37,5.602
18,H21,9.696,8.917,9.081,9.314,8.754,8.695,8.901,8.172,8.865,8.955,9.21,8.602,8.147,8.641,7.73,8.428,8.597,8.669,8.708,7.705
18,H22,5.193,5.081,5.302,5.316,5.201,5.092,5.099,5.076,5.235,5.083,5.144,5.26,4.922,5.06,5.25,4.995,5.002,5.217,5.191,5.318
18,H3',4.774,4.573,4.605,4.919,5.044,5.163,4.282,4.139,4.893,4.899,5.31,5.076,4.891,4.798,4.676,4.814,4.932,5.091,4.528,4.747
18,H4',4.343,4.339,4.479,4.622,4.588,4.406,5.29,5.089,4.576,4.755,4.433,4.7,4.527,4.591,4.36,4.559,4.61,4.475,4.579,4.741
18,H5',4.257,4.575,4.36,4.287,4.327,4.752,4.595,4.735,4.2,4.121,4.554,4.315,4.337,4.28,4.557,4.426,4.686,4.534,4.316,4.76
18,H5'',4.17,4.217,4.053,4.147,4.002,4.121,4.081,4.065,4.158,4.223,4.1,4.05,4.227,4.201,4.125,4.238,4.151,4.117,4.058,4.034
18,H8,6.694,7.311,7.218,7.753,6.845,7.088,6.962,6.977,6.832,7.389,7.321,7.17,7.514,7.208,6.896,7.447,7.235,7.108,7.058,7.359
18,HO2',3.126,3.183,3.414,3.032,3.513,3.317,3.568,2.929,3.058,2.853,3.188,5.707,2.831,2.947,3.392,3.212,3.504,3.436,2.548,2.928
18,N1,137.481,139.606,138.882,142.668,138.563,136.97,138.296,138.239,142.279,138.176,138.511,138.083,141.553,139.701,141.227,137.013,137.926,138.323,137.819,138.22
18,N2,74.509,74.01,73.635,74.554,72.31,69.491,71.455,71.264,69.806,70.984,68.352,70.165,73.16,73.762,68.142,70.955,73.196,73.207,72.807,72.424
18,N3,163.714,163.449,161.994,165.627,161.852,159.369,168.146,166.851,160.774,166.004,158.049,161.245,163.121,165.04,164.163,162.579,163.11,163.357,162.337,164.806
18,N7,236.553,234.799,231.988,234.667,234.104,235.744,232.259,232.455,237.479,233.934,235.495,234.955,235.987,235.782,233.982,233.22,233.709,231.068,231.796,232.992
18,N9,164.648,168.024,168.029,167.606,163.884,168.747,166.583,166.357,166.54,168.889,168.598,171.747,164.473,164.995,168.465,164.481,167.167,166.662,166.101,168.697
18,P,-17.47,-14.833,-15.117,-18.566,-18.668,-17.95,-19.06,-16.892,-15.321,-17.477,-18.833,-17.734,-16.921,-17.431,-16.342,-16.431,-17.46,-17.752,-16.786,-17.993
19,C1',94.898,95.954,94.896,95.581,98.029,98.638,96.052,97.908,97.663,98.262,95.707,98.099,96.381,96.985,100.359,98.578,95.732,98.619,99.952,100.453
19,C2,148.593,148.58,148.695,148.706,146.227,147.838,149.283,148.208,148.594,148.643,146.868,148.559,149.164,147.581,148.361,148.9,150.529,148.1,148.257,147.816
19,C2',75.107,74.184,74.885,75.539,75.009,74.767,75.308,76.811,75.546,73.626,77.541,75.95,77.048,73.658,75.332,73.718,75.902,75.321,74.584,75.651
19,C3',73.476,74.017,72.522,73.151,72.422,72.497,71.413,73.648,73.071,73.571,73.644,74.351,70.804,72.478,71.916,70.927,73.183,72.176,72.154,73.427
19,C4,150.108,148.734,148.93,148.452,148.996,148.389,150.311,149.274,148.87,148.502,148.541,148.569,149.412,148.934,148.835,149.109,149.868,149.918,149.51,148.915
19,C4',76.195,76.697,77.153,78.765,79.123,76.456,76.832,78.171,79.037,78.603,79.213,79.325,78.889,75.938,78.53,78.564,78.042,77.811,77.739,79.214
19,C5,92.965,92.347,92.327,92.715,91.31,91.695,90.93,90.229,92.68,91.71,92.126,92.559,93.265,90.998,91.106,91.107,91.5,90.96,90.537,91.271
19,C5',61.194,61.656,63.592,63.226,62.997,62.956,63.201,62.41,63.65,63.408,63.679,64.925,63.168,62.343,63.445,62.743,64.095,62.262,61.925,63.172
19,C6,135.916,136.394,138.312,134.666,136.709,136.091,137.753,136.724,134.97,137.318,135.793,135.236,134.436,135.867,136.646,136.868,137.568,135.929,137.279,135.997
19,H1',6.218,5.87,6.544,6.076,6.751,5.868,6.121,6.06,6.254,6.044,6.04,6.338,6.333,6.258,6.153,6.242,6.142,6.132,6.226,6.374
19,H2',4.629,4.858,4.505,5.344,4.987,4.783,5.347,4.927,5.476,5.342,5.055,4.575,5.325,5.331,4.82,5.637,5.396,5.026,5.242,4.707
19,H3',4.704,4.735,4.987,4.489,4.895,4.86,4.849,4.578,4.623,4.874,4.549,4.677,4.54,4.826,4.94,4.673,4.846,4.597,5.017,4.768
19,H4',4.646,4.533,4.447,4.799,4.524,4.473,4.752,4.448,4.813,4.572,4.709,4.493,4.768,4.621,4.557,4.623,4.699,4.67,4.515,4.54
19,H41,9.378,9.048,9.895,9.164,7.64,9.955,8.815,9.462,9.225,9.73,8.899,9.868,9.348,9.429,9.34,9.162,9.551,8.781,9.328,9.358
19,H42,5.226,4.981,4.817,4.578,4.974,4.76,5.01,4.828,4.759,4.96,4.987,5.09,4.952,4.935,5.054,4.733,4.854,5.153,4.925,5.06
19,H5,5.337,5.386,5.167,5.016,5.26,5.088,5.015,5.045,4.993,5.223,5.455,5.384,5.189,5.04,4.732,4.784,4.913,5.175,5.065,5.261
19,H5',4.777,4.845,4.496,4.478,4.654,4.811,4.584,4.633,4.363,4.758,4.39,4.463,4.223,4.931,4.67,4.335,4.821,4.886,4.783,4.878
19,H5'',4.233,4.057,4.114,4.213,4.084,4.166,4.18,4.212,4.212,4.121,4.187,4.292,4.302,4.107,4.12,4.172,4.214,4.161,4.154,4.119
19,H6,7.19,7.779,7.624,7.176,7.835,7.655,7.977,7.392,7.899,7.998,7.842,7.474,7.291,7.404,7.819,8.094,8.128,7.225,7.858,7.697
19,HO2',2.709,3.078,3.035,2.739,4.135,3.074,2.997,2.364,3.005,3.202,2.873,3.485,3.069,2.921,3.313,3.728,3.049,3.027,3.38,3.608
19,N1,153.625,150.531,157.441,151.043,157.053,151.858,153.078,153.374,152.814,153.06,151.809,152.719,153.65,152.088,153.12,153.871,153.459,153.624,153.454,154.437
19,N3,195.422,201.187,191.106,194.861,199.699,193.406,193.564,198.206,189.171,192.812,197.095,194.584,195.111,196.346,197.42,191.875,194.271,197.486,197.718,198.101
19,N4,88.888,90.995,93.632,92.213,84.553,90.597,88.63,88.239,94.201,90.581,87.852,92.414,91.62,86.255,90.029,91.607,91.321,85.278,87.204,86.54
19,P,-18.893,-18.678,-18.226,-16.543,-19.689,-18.061,-17.858,-18.267,-17.918,-18.763,-17.087,-16.391,-17.535,-19.789,-18.991,-18.413,-18.573,-19.81,-18.197,-18.261
20,C1',95.128,95.318,92.71,94.982,96.999,94.677,96.113,96.696,97.912,95.891,93.863,95.923,96.713,97.992,95.692,98.195,95.391,96.215,94.94,96.744
20,C2,148.169,147.352,147.596,148.523,146.234,146.038,146.826,146.444,147.737,147.735,146.338,146.229,147.166,147.205,147.66,147.087,147.949,146.861,146.856,146.164
20,C2',76.949,77.38,77.973,75.958,77.342,75.787,75.574,75.063,74.799,75.449,76.355,77.886,75.245,75.302,76.842,76.135,75.727,75.776,75.712,76.189
20,C3',74.982,70.86,72.534,73.055,74.656,72.331,72.735,71.868,74.474,73.992,74.885,73.977,74.945,73.03,71.613,73.717,71.361,71.266,73.55,72.235
20,C4,143.387,140.762,141.865,142.103,141.814,142.306,142.131,142.374,143.128,142.984,142.203,141.667,142.093,141.679,141.844,142.835,142.379,142.329,142.174,142.744
20,C4',78.442,80.235,78.434,77.878,80.088,77.403,77.918,77.683,78.449,79.14,77.274,80.392,78.726,77.346,79.111,78.148,78.311,79.158,76.695,78.943
20,C5,113.66,112.395,113.841,111.676,111.888,112.769,112.187,112.146,112.446,112.305,113.069,112.942,111.508,112.569,114.028,112.941,113.704,112.44,112.935,112.342
20,C5',63.989,64.958,64.424,63.835,64.678,63.752,64.281,62.405,61.962,63.876,63.854,64.94,62.238,62.446,63.903,62.206,64.7,63.486,63.201,64.454
20,C6,144.279,143.878,145.225,142.78,143.144,143.173,143.63,143.742,142.701,143.336,143.457,143.498,142.603,144.168,144.439,143.541,144.47,143.889,143.445,142.939
20,C8,131.384,130.52,131.972,132.396,130.852,131.788,129.717,132.146,132.664,132.569,132.346,132.582,131.398,130.579,130.474,130.875,130.723,130.665,131.853,133.198
20,H1',6.67,6.879,6.885,6.638,6.573,6.567,6.655,6.719,6.483,6.085,6.601,6.618,6.838,6.698,6.841,6.766,6.621,6.817,6.546,6.618
20,H2,7.734,7.503,8.125,8.415,8.14,7.512,7.196,7.879,7.455,7.703,7.08,7.638,7.795,7.128,7.638,8.12,7.703,7.292,7.893,7.643
20,H2',5.51,4.634,5.313,5.038,5.277,5.561,4.75,5.41,5.248,5.604,5.38,5.461,5.908,5.293,5.051,4.536,5.668,4.7,5.401,5.638
20,H3',4.832,5.069,4.917,4.872,4.759,5.15,4.685,5.027,4.999,5.008,4.778,5.047,4.503,4.721,5.06,4.519,4.973,4.991,4.849,5.108
20,H4',4.756,4.58,4.651,4.783,4.462,4.714,4.544,4.689,4.461,4.71,5.048,4.817,4.798,4.444,4.502,4.338,4.62,4.638,4.713,4.791
20,H5',4.392,4.272,4.348,4.244,4.321,4.387,4.32,4.761,4.937,4.73,4.523,4.35,4.688,4.282,4.748,4.366,4.28,4.732,4.514,4.647
20,H5'',4.44,4.327,4.218,4.374,4.31,4.267,4.358,4.166,4.187,4.186,4.393,4.255,4.132,4.287,4.28,4.291,4.355,4.171,4.289,4.219
20,H61,8.904,10.042,9.753,6.417,8.45,8.965,8.992,8.537,6.281,9.006,9.164,8.942,7.93,8.868,9.333,8.316,9.141,8.139,9.72,8.763
20,H62,5.519,5.713,5.463,5.729,5.669,5.344,5.73,5.487,5.586,5.298,5.631,5.434,5.743,5.51,5.496,5.409,5.568,5.723,5.585,5.379
20,H8,8.18,7.799,8.324,8.127,7.747,8.304,7.591,8.042,8.104,7.972,8.078,8.412,7.656,7.64,8.104,7.526,7.904,7.924,7.748,8.515
20,HO2',3.19,5.063,4.092,3.781,4.485,3.332,4.39,4.615,2.864,3.036,3.116,3.515,3.229,4.406,4.124,5.131,3.827,4.242,3.289,3.628
20,N1,212.081,212.168,214.156,216.312,212.419,209.618,212.161,211.596,210.561,207.014,212.941,210.401,209.703,213.197,213.069,215.959,211.347,213.003,210.818,208.084
20,N3,216.665,212.582,217.383,216.535,218.384,215.404,214.124,216.552,220.401,217.126,219.718,215.816,222.372,219.094,215.702,220.546,213.209,220.426,216.148,218.924
20,N6,87.091,91.357,85.558,79.122,80.789,83.837,80.484,75.138,78.417,81.306,80.599,84.991,78.259,80.052,86.34,80.96,85.975,78.28,80.512,80.112
20,N7,226.404,228.14,226.869,223.576,228.031,226.944,227.142,222.349,221.627,224.76,223.454,223.745,225.845,226.059,226.922,228.16,227.162,223.055,225.28,222.421
20,N9,172.564,179.278,177.632,176.834,173.637,174.089,175.103,175.73,173.463,170.816,173.161,172.178,174.096,174.935,175.879,176.119,175.382,177.327,173.501,174.242
20,P,-17.076,-18.265,-16.934,-17.134,-17.183,-18.726,-15.607,-19.521,-16.868,-17.983,-14.731,-16.546,-17.412,-17.346,-18.37,-16.932,-17.415,-17.339,-17.62,-17.309
21,C1',97.55,95.882,96.458,95.887,96.084,97.222,96.744,94.707,97.772,94.65,96.301,98.697,97.08,96.172,97.877,95.98,97.079,95.806,98.605,95.63
21,C2,141.052,142.165,141.017,140.064,139.881,141.029,142.351,141.99,143.103,140.931,140.773,141.793,140.564,140.481,140.482,141.159,141.044,142.023,142.373,140.02
21,C2',75.708,76.658,75.66,75.081,75.541,74.653,77.284,75.692,75.983,75.6,75.119,76.677,77.105,75.546,79.815,74.256,74.217,75.701,74.883,74.401
21,C3',74.822,76.071,77.298,71.938,77.869,73.023,72.524,74.287,75.859,74.941,74.88,74.331,77.201,76.143,76.035,75.886,77.488,71.939,74.002,73.287
21,C4,145.524,144.983,144.843,144.522,144.58,144.544,145.308,144.775,147.218,145.413,144.425,146.503,145.512,144.021,146.008,144.072,144.682,145.281,147.721,143.93
21,C4',79.553,80.794,77.194,76.664,80.082,79.129,78.165,78.161,80.553,77.222,78.144,79.948,80.754,82.156,80.403,80.547,78.234,76.909,79.932,76.015
21,C5,114.678,116.309,116.806,114.805,112.99,112.558,116.148,114.825,113.176,112.167,114.524,113.386,112.436,114.327,114.997,112.9,116.01,113.925,112.528,112.259
21,C5',64.931,67.447,68.119,63.833,69.711,63.28,63.44,63.686,62.948,64.654,63.295,63.011,63.104,68.507,67.994,68.052,68.398,62.034,64.407,62.422
21,C6,150.579,152.268,150.57,148.562,148.683,148.045,151.255,151.861,151.556,149.988,150.174,151.328,149.209,151.871,151.439,149.092,148.708,149.233,150.796,149.668
21,C8,125.803,125.477,125.96,127.46,126.057,125.268,127.286,127.027,128.271,127.833,129.645,126.625,127.999,126.866,126.249,125.234,124.862,125.367,126.958,125.763
21,H1,11.966,11.618,11.788,11.256,11.465,10.988,11.779,11.771,11.12,11.689,10.267,12.857,11.701,11.287,11.259,11.6,9.736,11.53,11.828,11.343
21,H1',6.468,6.258,6.37,6.345,6.138,6.287,6.642,6.346,6.151,6.271,6.484,6.183,6.289,6.445,6.46,5.823,6.264,6.341,6.333,6.278
21,H2',5.243,5.255,5.902,5.434,6.218,5.343,4.852,5.45,4.523,4.975,5.523,3.871,5.689,6.062,5.339,6.103,5.842,5.039,4.821,5.612
21,H21,7.804,7.505,7.899,7.294,9.653,8.883,8.693,8.556,7.824,8.383,5.149,8.465,7.965,8.85,7.854,9.283,8.331,9.126,7.749,9.446
21,H22,4.926,4.818,4.971,5.255,5.388,5.08,5.36,5.117,4.67,4.631,5.268,4.774,5.06,5.252,5.024,5.189,5.32,5.213,4.213,4.916
21,H3',4.542,4.416,4.306,4.717,4.44,4.667,4.807,4.631,5.049,5.071,4.838,4.509,4.726,4.214,4.232,4.578,4.283,4.501,5.015,4.728
21,H4',4.597,4.911,4.765,4.546,4.838,4.547,4.538,4.742,4.472,4.701,4.792,4.258,4.738,4.719,4.682,4.766,4.876,4.308,4.621,4.75
21,H5',4.437,4.466,4.516,4.539,4.497,4.49,4.388,4.442,4.959,4.427,4.224,4.902,4.688,4.429,4.69,4.417,4.439,4.726,4.161,4.584
21,H5'',4.429,4.322,4.348,4.074,4.293,4.046,4.242,4.201,4.11,4.266,4.153,4.22,4.106,4.22,4.094,4.125,4.206,4.207,4.376,4.167
21,H8,7.11,6.935,6.469,7.513,6.463,6.978,7.489,7.193,7.672,7.489,7.093,6.387,7.293,6.243,6.515,6.706,6.392,6.721,7.457,7.054
21,HO2',4.498,3.528,3.792,3.367,3.481,3.24,3.635,3.091,3.035,2.879,3.182,4.909,3.39,3.902,3.162,3.182,3.11,2.893,2.602,3.96
21,N1,139.462,140.272,137.898,139.862,137.463,136.871,139.183,139.893,140.323,136.737,137.997,138.926,134.358,136.893,137.944,136.438,137.412,136.59,139.189,134.672
21,N2,75.933,71.611,67.238,72.801,77.314,74.117,71.227,75.871,75.198,74.631,73.803,65.951,68.515,78.156,70.559,78.784,74.547,74.018,75.237,76.944
21,N3,168.836,165.505,162.876,165.298,169.115,165.046,165.52,166.325,169.217,164.094,165.05,166.043,166.896,165.441,164.261,165.402,163.002,162.772,166.187,167.511
21,N7,232.478,234.562,234.886,227.562,232.376,235.219,231.844,233.068,232.061,234.783,224.405,234.032,235.156,233.455,230.534,236.288,236.893,236.44,235.973,232.842
21,N9,169.245,166.936,168.288,168.177,163.106,167.233,168.944,167.464,170.509,168.469,165.202,170.438,165.733,165.104,169.678,162.061,166.094,167.544,171.428,167.884
21,P,-15.985,-19.654,-17.663,-18.478,-18.399,-20.302,-16.728,-16.881,-18.552,-17.895,-17.614,-16.785,-17.699,-19.511,-16.919,-20.935,-18.033,-16.708,-18.633,-15.558
22,C1',98.53,97.624,98.178,96.659,96.313,94.888,100.347,97.906,94.501,94.888,95.506,96.475,96.643,99.56,100.012,94.787,98.96,96.004,95.664,99.143
22,C2,148.875,149.324,147.526,148.404,150.958,152.375,148.516,147.697,147.69,147.884,151.3,150.409,148.699,147.299,150.323,150.075,148.292,149.352,148.713,149.791
22,C2',75.025,75.654,74.289,74.834,77.739,78.021,75.815,76.444,76.232,76.445,75.849,78.683,77.2,75.393,74.946,77.334,77.294,76.132,76.474,76.048
22,C3',72.202,72.029,73.43,75.599,74.522,75.381,71.467,75.394,73.309,75.273,70.996,76.488,73.622,73.105,76.492,74.457,74.135,74.811,72.13,73.157
22,C4,142.758,143.48,142.677,142.433,142.516,141.874,143.14,143.548,141.525,142.713,141.92,143.568,141.88,143.091,143.699,142.569,142.708,142.207,144.355,142.77
22,C4',76.839,76.872,79.027,79.565,81.045,80.209,77.283,79.547,80.334,78.62,79.181,81.32,78.583,77.803,78.385,78.116,80.857,78.365,77.746,80.135
22,C5,110.074,111.371,111.818,111.424,111.121,110.296,110.563,110.777,111.403,111.268,111.719,109.801,112.072,111.254,110.454,110.783,112.608,113.34,112.306,110.904
22,C5',62.428,62.295,63.459,62.358,63.586,62.856,61.419,65.247,65.345,63.819,63.637,65.326,64.618,62.719,73.176,62.824,63.101,62.851,64.76,62.28
22,C6,141.273,142.981,142.108,143.499,143.271,141.785,142.024,141.786,142.135,141.961,141.395,142.285,143.115,141.891,143.057,142.046,144.259,143.962,143.543,143.31
22,C8,132.932,130.904,133.123,131.739,131.669,132.118,131.389,132.425,132.755,131.418,133.181,133.684,129.836,131.689,130.208,131.027,131.529,131.001,133.507,131.553
22,H1',6.658,6.636,6.504,6.783,6.92,6.528,6.651,6.517,6.845,6.612,6.889,6.891,6.524,6.673,6.311,6.717,6.896,6.299,6.785,6.799
22,H2,8.396,8.368,8.47,8.294,9.1,8.771,8.342,8.291,8.518,8.595,8.595,8.591,8.464,7.988,8.452,7.499,8.303,8.714,8.393,7.755
22,H2',5.933,4.835,5.709,4.849,4.572,4.735,5.006,5.651,4.454,3.43,5.194,4.797,4.291,5.693,5.96,4.73,4.584,5.377,4.604,4.807
22,H3',4.623,4.935,4.464,4.685,4.862,4.822,4.544,4.554,5.284,5.042,4.952,4.887,4.845,4.658,3.783,4.753,4.673,4.533,5.229,4.875
22,H4',4.591,4.409,4.644,4.803,4.742,4.478,4.486,4.705,4.746,4.587,4.789,4.684,4.531,4.588,4.589,4.838,4.695,4.786,4.694,4.478
22,H5',4.627,4.868,4.296,4.697,4.22,4.656,4.89,4.581,4.225,4.103,4.449,4.345,4.316,4.614,4.585,4.383,4.781,4.754,4.775,4.512
22,H5'',4.168,4.073,4.107,4.075,4.179,4.128,4.222,4.159,4.295,4.225,4.101,4.272,4.426,4.042,3.879,4.136,4.066,4.132,4.148,4.114
22,H61,5.341,5.511,6.154,5.803,5.725,5.736,5.331,5.508,5.811,5.913,5.688,5.673,6.123,8.505,7.839,5.666,5.969,6.031,5.742,5.914
22,H62,5.319,6.275,5.508,5.548,5.6,5.602,5.381,5.441,5.111,5.576,5.647,5.573,5.68,5.435,5.389,5.5,5.547,5.668,5.321,5.502
22,H8,7.437,7.169,7.37,7.821,7.91,7.785,6.78,7.413,8.219,7.563,7.677,8.145,7.358,7.01,7.384,7.804,7.624,7.411,8.511,7.637
22,HO2',4.108,3.348,3.622,4.488,3.87,3.382,3.403,3.118,3.024,3.519,3.314,4.599,3.024,3.539,2.189,3.487,5.169,3.801,3.636,3.76
22,N1,218.229,218.602,220.723,222.185,222.637,226.001,215.415,219.371,220.127,217.247,215.329,221.666,223.218,217.479,232.266,218.784,218.53,217.595,223.054,216.323
22,N3,219.476,216.381,222.675,217.559,220.76,218.524,219.976,224.165,218.177,218.576,211.633,218.197,218.46,229.083,226.769,221.18,222.835,222.8,220.179,218.045
22,N6,81.36,86.395,80.6,79.045,78.676,75.789,81.016,81.729,86.466,85.11,83.913,80.718,76.79,80.078,73.851,76.741,78.045,76.109,81.497,82.933
22,N7,226.685,228.556,226.127,222.176,223.12,221.528,230.349,227.154,231.924,233.554,228.497,228.269,233.135,228.28,229.825,224.503,223.88,222.992,226.809,229.379
22,N9,168.117,170.545,169.257,174.349,177.052,176.936,171.091,170.653,178.686,175.89,173.884,179.089,175.287,169.223,171.147,176.076,174.646,172.319,178.854,173.904
22,P,-18.238,-19.073,-18.773,-16.922,-16.72,-17.227,-19.666,-17.9,-18.431,-18.305,-18.077,-16.928,-15.971,-17.596,-19.155,-16.415,-19.735,-18.274,-19.886,-18.254
23,C1',101.029,98.883,96.768,99.635,96.172,89.15,99.085,101.33,95.693,94.736,95.248,101.064,94.412,91.614,96.816,98.71,98.42,98.887,93.649,95.568
23,C2,144.448,146.686,145.965,146.044,146.484,147.991,144.434,145.323,145.742,145.523,144.127,147.186,145.719,145.564,144.811,145.645,144.869,145.313,145.135,144.1
23,C2',78.028,76.927,80.216,76.905,84.527,75.322,76.804,75.91,77.372,79.293,77.57,76.882,79.898,78.966,75.504,76.606,75.591,77.925,77.13,78.919
23,C3',76.305,72.145,76.357,73.649,76.443,79.51,72.725,73.437,71.78,70.763,71.55,76.057,76.267,77.081,73.251,74.108,75.747,72.711,70.849,75.569
23,C4,154.943,154.134,153.701,153.971,155.079,153.608,155.299,154.669,155.038,150.789,155.56,153.198,154.583,154.136,153.418,154.346,155.034,153.936,153.378,153.976
23,C4',81.076,80.965,85.237,78.489,88.694,84.505,79.219,78.843,80.229,80.885,79.127,83.565,82.725,84.224,80.275,78.783,76.313,79.887,77.726,78.42
23,C5,105.277,103.704,102.404,103.479,104.587,108.654,104.015,103.459,106.083,105.665,106.652,105.183,106.041,104.46,102.547,103.653,104.273,104.548,105.05,104.059
23,C5',65.219,64.906,65.521,62.237,70.978,67.656,64.505,63.352,61.907,65.138,62.297,66.003,64.882,68.939,62.215,64.151,63.584,64.438,63.163,64.823
23,C6,133.605,135.39,136.885,136.03,137.234,135.904,135.153,135.921,135.303,137.748,135.571,142.115,135.794,134.324,138.121,137.443,138.254,136.28,136.629,137.101
23,H1',5.665,6.585,6.419,6.567,7.052,6.871,5.828,6.023,6.345,6.83,5.092,7.131,6.451,6.247,6.03,6.519,6.62,6.619,6.58,6.305
23,H2',4.107,3.957,3.869,4.678,4.152,5.032,4.275,4.176,5.129,4.896,4.78,4.619,4.095,3.831,3.702,4.572,4.472,4.94,4.691,4.111
23,H3,7.516,7.72,7.353,9.137,7.966,7.92,7.605,7.543,8.033,6.545,7.305,7.631,7.67,7.62,6.639,7.815,7.846,7.527,7.363,7.335
23,H3',4.868,4.998,5.09,4.484,4.57,4.711,4.438,4.708,4.641,4.904,4.351,4.818,4.611,4.491,4.554,4.479,4.263,4.533,4.58,4.336
23,H4',4.541,4.453,4.862,4.373,5.209,4.689,4.445,4.469,4.4,4.587,4.36,4.666,5.22,4.794,4.182,4.665,4.262,4.555,4.536,4.249
23,H5,5.255,5.505,5.179,5.13,6.24,6.102,5.423,5.016,5.287,5.09,5.672,5.885,5.567,5.216,5.377,5.279,5.82,5.867,4.592,5.433
23,H5',4.285,4.557,4.243,4.78,4.363,4.043,4.472,4.88,4.437,4.389,4.36,4.233,4.675,4.431,4.616,4.462,4.379,4.449,4.626,4.497
23,H5'',4.22,4.083,4.525,4.087,3.72,4.192,4.067,4.148,4.91,4.701,4.624,4.028,4.022,4.038,4.383,4.192,4.366,4.117,4.066,4.161
23,H6,7.567,7.667,7.718,7.669,8.109,7.676,7.683,7.662,7.628,7.942,7.768,7.963,7.695,7.267,7.124,8.105,7.7,7.935,7.963,7.242
23,HO2',3.216,3.734,3.082,3.762,4.776,3.371,4.58,3.72,3.675,3.83,2.79,3.942,2.647,1.608,1.996,6.43,4.529,4.24,3.127,2.826
23,N1,157.969,162.882,160.951,156.984,155.517,150.466,158.771,157.866,157.827,160.853,157.478,162.497,154.981,153.453,157.676,159.892,159.405,159.449,156.223,159.897
23,N3,155.993,163.999,162.362,161.583,159.096,156.247,160.952,161.792,161.726,158.249,156.836,157.523,160.889,160.216,158.027,159.738,162.627,159.608,159.43,159.718
23,P,-17.04,-17.07,-21.067,-17.297,-17.432,-20.928,-19.162,-18.339,-18.257,-16.739,-19.159,-19.12,-17.443,-20.2,-17.767,-20.003,-17.988,-20.41,-18.403,-18.615
24,C1',97.535,93.891,107.875,90.598,93.847,97.974,99.076,96.062,92.882,96.318,95.591,93.322,101.144,95.374,91.833,98.004,97.12,100.028,103.426,96.965
24,C2,150.136,150.648,151.859,149.009,149.836,148.826,149.537,149.218,149.795,148.728,149.211,151.59,150.446,149.816,149.147,148.511,148.826,148.329,150.124,148.634
24,C2',80.896,77.718,77.742,78.303,82.238,80.687,79.278,78.943,77.516,80.589,78.617,73.784,82,82.152,77.538,74.685,76.374,77.166,77.023,79.459
24,C3',76.657,85.4,73.512,78.914,81.077,78.286,75.364,81.147,75.534,75.438,73.441,78.318,82.48,74.607,81.166,72.158,74.778,75.17,83.223,70.845
24,C4,148.917,148.931,149.725,148.108,149.435,148.498,148.64,147.733,149.26,148.879,148.098,148.938,149.173,148.622,148.424,148.974,147.934,148.381,148.776,147.776
24,C4',84.401,80.208,80.322,83.23,81.946,80.501,82.616,84.951,81.74,82.691,78.022,85.644,83.28,84.41,77.215,77.402,81.564,81.224,82.057,82.865
24,C5,90.688,89.73,85.771,92.084,89.172,91.486,89.245,90.13,89.686,88.992,87.308,87.755,90.205,88.739,89.858,90.818,91.715,90.964,88.059,93.179
24,C5',68.181,66.891,65.557,65.908,67.304,63.119,63.906,67.029,69.44,69.205,63.196,67.396,68.516,69.15,66.942,62.958,64.912,70.086,74.205,65.12
24,C6,140.077,141.721,148.442,137.273,139.633,137.767,143.303,140.801,140.575,140.475,141.344,141.595,141.374,137.31,141.468,138.728,139.886,137.567,140.371,139.704
24,H1',6.936,6.925,5.145,6.834,6.999,6.809,6.803,6.892,6.712,6.942,6.872,7.069,6.122,6.705,6.934,6.453,6.953,6.38,5.785,7.428
24,H2',4.312,4.626,5.008,3.988,4.376,4.415,4.918,4.335,4.683,4.289,4.985,4.665,4.904,3.845,4.576,4.976,4.915,5.017,4.845,5.057
24,H3',4.746,4.62,4.723,4.737,4.584,4.372,4.716,4.958,4.112,4.437,4.556,5.281,4.659,4.782,4.648,4.565,4.475,4.103,4.396,4.769
24,H4',4.789,5.119,4.82,4.877,5.151,4.701,4.751,5.291,5.27,5.389,4.345,4.551,5.16,4.853,5.332,4.707,4.604,4.739,4.416,4.711
24,H41,5.696,5.703,4.758,5.656,5.603,4.536,5.473,5.07,5.503,5.419,5.442,5.61,5.685,5.526,5.669,5.588,5.493,5.431,5.545,7.874
24,H42,4.872,4.791,5.057,4.869,5.237,4.17,4.758,4.721,5.317,5.142,5.138,5.342,5.256,5.131,4.832,4.765,4.903,4.871,5.382,4.451
24,H5,5.475,5.762,5.754,5.552,5.961,5.49,5.515,5.547,5.786,5.97,5.925,6.011,5.759,6.433,5.684,5.593,5.678,5.427,5.712,5.388
24,H5',3.583,4.279,3.92,4.606,5.067,5.003,4.178,4.472,4.245,4.367,4.59,3.936,4.047,4.07,4.28,4.239,4.18,4.547,4.422,3.982
24,H5'',4.199,3.708,4.529,4.069,3.958,4.848,4.724,4.221,3.441,3.532,4.158,3.681,4.12,4.363,4.164,4.129,4.133,4.1,4.516,4.577
24,H6,7.928,8.618,8.029,7.519,7.941,7.803,7.819,8.171,7.888,7.938,7.578,8.007,7.907,7.984,8.01,7.942,7.408,7.448,7.399,7.561
24,HO2',3.447,3.015,2.615,3.104,2.866,2.968,3.094,3.261,2.303,2.433,3.278,2.644,2.836,2.966,2.833,3.534,2.725,3.946,3.594,2.668
24,N1,161.996,161.098,159.893,151.221,157.909,158.7,166.686,161.683,159.212,156.414,164.175,157.751,161.901,160.056,157.407,158.491,161.876,154.043,157.815,164.59
24,N3,205.425,197.704,210.586,197.417,198.127,203.678,198.501,200.325,201.683,197.743,196.905,197.034,199.082,199.175,201.274,198.813,198.661,203.687,200.437,197.888
24,N4,72.634,82.534,77.613,81.318,77.641,77.766,81.351,85.126,74.92,78.542,80.821,77.609,73.092,75.13,85.288,82.703,82.522,80.542,75.477,86.152
24,P,-18.541,-17.077,-18.569,-16.208,-15.071,-19.41,-18.634,-17.315,-21.385,-21.436,-20.143,-18.389,-21.153,-16.885,-18.082,-19.287,-17.16,-15.297,-20.404,-18.55
25,C1',98.338,95.335,97.157,99.654,97.248,102.898,93.504,100.148,92.026,93.068,96.926,94.839,96.661,98.21,96.723,94.421,93.909,97.076,93.267,92.109
25,C2,147.839,147.666,147.017,146.456,145.621,146.542,146.005,146.246,147.181,147.074,146.417,146.937,148.027,145.251,146.623,147.32,146.516,146.146,148.142,147.372
25,C2',76.698,76.234,79.276,75.451,77.09,72.521,76.526,75.245,78.222,80.02,80.715,77.593,78.727,77.64,76.3,79.938,78.088,78.818,77.547,75.525
25,C3',72.212,77.268,76.413,78.374,76.399,74.74,74.838,71.809,75.572,75.102,74.897,73.716,73.891,78.827,72.408,83.432,82.375,78.993,80.999,81.455
25,C4,154.014,155.611,155.036,154.662,154.89,154.324,152.991,155.449,154.889,155.223,154.719,154.283,154.807,153.581,153.282,153.635,155.799,153.968,155.135,154.225
25,C4',78.246,80.908,82.614,77.849,77.29,75.795,77.843,79.847,84.118,85.575,87.084,79.549,83.383,77.454,79.32,83.216,82.516,83.548,83.866,84.324
25,C5,105.043,104.109,104.953,103.923,102.363,105.909,110.179,101.423,106.604,106.468,102.015,104.484,103.358,104.709,106.816,104.287,104.683,104.161,104.695,103.382
25,C5',63.976,62.954,64.178,71.17,63.13,62.066,63.822,63.328,64.641,64.82,67.782,63.707,65.427,68.238,64.654,66.531,66.592,67.527,65.27,67.26
25,C6,140.196,141.381,141.925,136.291,138.693,138.958,138.526,137.797,140.842,138.464,137.801,139.17,141.741,136.597,137.561,138.454,140.178,136.574,138.044,138.432
25,H1',6.855,6.852,6.998,6.098,6.191,5.785,6.834,6.144,7.105,6.954,6.624,6.468,6.913,6.132,6.497,7.031,7.024,6.546,6.954,6.915
25,H2',4.771,4.928,4.764,5.817,4.61,6.299,5.38,5.015,4.314,3.936,4.398,4.553,4.907,4.763,5.085,4.415,4.772,4.049,4.548,4.559
25,H3,7.429,9.054,7.907,8.118,7.774,10.477,7.749,9.936,7.655,7.897,7.891,7.955,7.598,7.809,8.502,7.698,7.508,7.555,7.842,7.903
25,H3',5.194,4.96,4.907,4.453,4.553,4.393,4.895,4.534,4.749,4.542,4.822,4.703,4.951,4.053,4.855,4.94,4.881,5.09,5.004,5.564
25,H4',4.527,4.46,4.83,4.897,4.486,4.204,4.745,4.423,5.02,5.035,5.184,3.908,5.03,4.506,4.525,5.016,5.007,5.419,5.258,5.026
25,H5,5.908,6.122,6.04,6.097,5.998,5.753,5.953,6.156,5.796,5.888,6.004,5.926,6.063,5.817,6.413,5.659,6.001,5.668,6.022,6.124
25,H5',4.262,4.244,4.318,4.461,4.23,4.34,4.238,4.268,5.136,4.195,4.077,4.141,3.888,4.353,4.369,4.766,4.853,4.612,4.46,4.559
25,H5'',4.218,4.354,4.993,4.043,4.244,4.311,4.12,4.253,4.319,4.318,4.586,4.523,4.604,4.069,4.417,4.013,4.129,4.293,4.121,4.311
25,H6,8.296,7.701,8.011,8.004,8,7.781,7.885,8.367,8.233,8.312,8.119,7.702,8.004,7.831,7.973,8.299,8.49,7.82,8.301,8.122
25,HO2',3.791,4.489,3.359,3.572,3.837,3.628,3.066,4.594,2.604,4.346,2.987,3.477,3.148,4.179,3.256,2.611,2.889,3.518,3.071,2.966
25,N1,161.632,162.961,164.756,154.012,160.561,151.29,159.315,158.192,157.793,158.739,159.974,161.775,167.193,156.359,158.037,158.211,159.91,160.077,157.511,155.662
25,N3,158.858,159.728,156.799,158.708,161.066,159.961,157.73,162.954,159.616,159.383,159.532,156.969,162.129,160.681,164.427,159.702,159.321,160.93,161.181,159.006
25,P,-17.284,-19.797,-20.64,-16.795,-18.26,-19.043,-21.117,-15.978,-17.074,-17.894,-23.705,-17.476,-19.033,-18.85,-19.047,-17.676,-16.67,-16.397,-18.767,-19.161
26,C1',98.152,98.559,97.768,94.977,95.93,95.438,92.492,95.941,95.713,97.59,99.359,97.102,98.387,95.566,92.768,97.005,101.402,99.091,97.505,97.876
26,C2,141.508,142.198,140.787,142.008,142.102,141.58,141.134,142.342,141.112,141.221,141.435,141.97,141.72,141.031,143.246,142.313,141.739,141.227,140.597,141.321
26,C2',74.765,76.37,76.884,75.225,75.816,76.238,77.627,77.731,75.994,74.83,77.031,74.985,74.919,75.646,76.643,74.464,75.435,77.989,75.581,75.708
26,C3',72.213,76.613,76.24,73.881,72.751,79.865,73.976,72.952,73.187,72.597,71.205,75.134,75.454,72.526,72.215,74.488,74.111,74.483,76.486,79.705
26,C4,146.757,145.762,145.6,145.73,144.824,145.451,145.308,145.867,144.696,145.583,146.349,146.265,145.258,145.906,144.932,145.722,147.231,146.71,145.98,146.976
26,C4',76.434,79.712,81.023,75.904,78.067,74.951,79.419,78.947,79.196,76.69,80.631,78.309,81.648,77.945,77.304,79.336,82.645,79.846,81.871,78.067
26,C5,116.71,114.425,112.406,114.339,115.436,114.315,113.521,113.728,117.206,116.811,114.399,114.639,114.681,113.193,114.382,113.754,112.63,115.384,115.058,114.867
26,C5',65.557,70.867,70.704,62.412,63.997,68.619,64.665,64.848,64.149,63.39,64.333,66.776,64.637,63.337,64.396,64.222,65.397,63.079,69.534,68.2
26,C6,152.525,150.261,151.336,151.061,150.696,152.153,149.595,150.49,150.231,152.281,149.957,151.367,150.379,150.495,150.442,151.237,151.218,151.868,150.271,151.73
26,C8,128.585,127.66,128.889,126.484,127.721,127.111,126.111,126.324,128.997,130.782,128.144,130.627,130.963,127.86,126.3,128.683,132.395,127.361,127.909,126.497
26,H1,11.476,11.245,11.802,11.539,11.156,11.927,11.616,11.427,10.414,10.371,11.016,10.455,11.622,11.777,11.445,11.566,10.848,11.474,10.571,10.77
26,H1',6.371,6.327,6.525,6.315,6.505,6.382,6.313,6.32,6.6,6.656,6.725,6.593,6.284,6.192,6.46,6.671,6.809,6.602,6.337,6.383
26,H2',5.121,5.048,5.075,5.224,5.382,5.1,4.99,4.688,5.531,5.469,5.012,5.647,5.796,5.272,5.049,5.55,5.745,5.159,5.848,5.195
26,H21,8.161,7.213,8.954,8.282,8.005,8.711,8.32,8.365,6.583,8.088,9.43,7.927,8.02,8.386,8.691,7.719,7.13,8.502,7.372,8.142
26,H22,4.629,5.127,5.13,4.903,4.978,4.802,4.99,5.014,4.987,4.913,5.32,4.776,5,4.931,5.021,5.212,5.228,4.849,4.917,4.6
26,H3',5.333,4.325,4.532,4.772,4.837,4.362,4.932,5.013,5.041,4.946,5.2,5.222,4.878,5.202,4.957,4.692,4.93,4.792,4.543,4.43
26,H4',4.551,4.922,4.839,4.655,4.581,5.419,4.818,4.59,4.745,4.557,4.762,4.846,4.723,4.723,4.547,4.878,4.739,4.508,4.814,4.6
26,H5',4.46,4.694,4.409,4.415,4.379,4.838,4.4,4.454,4.666,4.69,4.511,4.515,4.547,4.249,4.701,4.586,4.13,4.364,4.303,3.997
26,H5'',4.241,4.316,4.326,4.169,4.284,4.299,4.351,4.275,4.306,4.213,4.267,4.427,4.268,4.142,4.198,4.145,4.176,4.276,4.212,4.613
26,H8,8.04,7.488,7.389,7.373,7.608,7.214,7.886,7.609,7.896,8.001,7.666,7.494,7.58,7.765,7.752,7.889,7.721,8.07,7.614,7.31
26,HO2',3.543,3.691,4.634,3.034,4.232,3.211,2.869,3.765,4.296,3.822,3.27,3.171,2.681,3.073,2.768,2.844,3.642,3.049,3.108,2.873
26,N1,140.626,137.941,139.929,136.147,136.863,137.866,136.199,140.2,135.891,139.104,133.661,140.299,136.218,137.978,136.813,138.398,140.325,139.646,136.609,141.281
26,N2,75.643,69.955,71.799,73.193,69.941,71.916,73.783,74.101,67.829,71.673,75.273,73.595,70.384,72.661,75.314,69.27,73.052,74.258,74.343,69.928
26,N3,167.783,163.468,162.558,161.889,161.087,162.731,160.114,163.436,162.307,163.615,162.26,164.368,161.889,159.747,163.032,161.784,165.004,163.14,162.385,168.084
26,N7,235.352,228.605,228.81,233.683,237.264,236.655,240.865,235.181,228.463,229.991,237.689,225.954,226.337,236.149,236.849,230.824,232.295,229.34,229.993,235.573
26,N9,171.144,168.397,171.29,166.492,167.74,166.17,170.007,169.857,168.463,169.138,168.686,168.677,167.006,168.769,168.511,167.339,168.964,170.026,170.006,168.348
26,P,-15.704,-17.616,-15.271,-16.817,-18.197,-19.426,-15.728,-15.749,-19.402,-15.043,-17.615,-24.055,-15.941,-20.3,-17.223,-17.651,-19.641,-14.42,-17.46,-21.439
27,C1',97.621,96.843,95.253,95.165,97.827,97.953,97.973,95.52,95.741,97.214,95.865,96.234,96.896,94.978,96.351,99.567,95.8,94.959,96.464,98.045
27,C2,148.539,147.673,148.195,146.89,147.524,146.83,148.712,148.363,147.097,146.806,148.778,147.046,148.411,147.568,147.805,147.312,149.02,147.043,149.016,147.475
27,C2',75.426,74.962,75.437,75.078,77.404,75.926,76.867,77.298,74.342,75.245,76.503,74.339,76.717,76.193,76.21,75.605,75.528,75.304,76.686,75.636
27,C3',74.272,72.817,74.138,73.252,73.333,71.975,75.248,72.235,74.01,75.354,75.028,72.225,73.8,75.875,73.646,74.817,73.296,71.849,73.903,74.199
27,C4,144.057,142.473,143.422,142.596,142.794,141.503,141.532,142.058,142.261,143.882,142.461,142.583,143.407,142.835,142.077,142.876,141.74,140.967,142.221,143.39
27,C4',77.278,79.168,77.72,76.412,77.746,77.38,80.197,78.307,77.518,78.667,78.249,77.322,79.517,78.285,79.871,80.925,77.864,77.002,79.258,79.106
27,C5,113.296,112.562,113.828,112.426,112.614,112.194,112.197,111.818,111.99,112.932,111.885,113.778,112.838,111.334,112.922,113.347,114.092,112.827,112.189,111.67
27,C5',63.347,63.671,63.024,63.912,63.031,63.009,64.668,64.184,63.361,61.688,63.202,62.687,62.124,65.037,62.15,62.841,62.85,65.587,63.739,63.057
27,C6,143.417,144.537,143.246,143.078,143.661,143.037,142.338,142.708,143.381,143.095,144.036,143.419,143.397,142.868,144.351,144.069,143.959,142.117,143.847,142.866
27,C8,132.674,130.265,131.706,130.41,129.239,130.793,130.437,130.518,130.643,132.724,131.832,132.405,132.296,131.506,130.031,132.477,130.992,131.057,131.363,131.691
27,H1',6.458,6.501,6.449,6.254,6.173,6.633,6.698,6.547,6.43,6.395,6.495,6.56,6.825,6.465,6.422,6.807,6.913,6.799,6.859,6.389
27,H2,7.793,8.019,7.811,7.802,7.999,7.912,8.194,7.846,8.095,7.639,7.881,7.802,7.623,7.861,7.707,7.691,7.771,8.149,8.018,7.785
27,H2',5.333,5.13,5.621,5.395,4.792,5.045,5.336,5.067,5.318,5.658,5.17,5.769,5.013,5.107,5.308,5.508,5.53,5.029,5.091,4.904
27,H3',4.881,4.924,4.899,4.842,4.579,4.946,4.695,4.817,4.92,5.002,4.689,5.293,4.806,4.9,4.746,4.915,4.788,5.2,4.933,4.672
27,H4',4.603,4.632,4.779,4.676,4.266,4.599,4.716,4.653,4.756,4.794,4.878,4.829,4.581,4.774,4.795,4.874,4.779,4.681,4.706,4.66
27,H5',4.695,4.695,4.629,4.264,4.57,4.222,4.308,4.631,4.407,4.874,4.649,4.889,4.909,4.692,4.665,4.209,4.666,4.799,4.573,4.812
27,H5'',4.186,4.324,4.264,4.146,4.347,4.202,4.351,4.195,4.312,4.048,4.15,4.143,4.233,4.171,4.172,4.148,4.234,4.342,4.202,4.15
27,H61,8.317,9.11,8.809,9.26,8.896,8.968,7.231,6.941,7.559,8.541,6.088,8.618,5.542,5.411,5.738,5.642,5.989,5.513,5.661,5.522
27,H62,5.575,5.991,5.656,5.773,5.488,5.379,5.668,5.757,5.509,5.69,5.886,5.669,8.921,9.601,9.4,8.299,9.321,8.628,7.169,6.355
27,H8,7.595,7.872,7.666,6.975,6.964,7.495,7.702,7.939,6.981,7.74,7.763,7.901,7.668,7.972,6.968,7.744,7.869,7.719,7.803,7.466
27,HO2',3.335,3.287,3.018,3.251,3.274,3.255,4.232,4.214,2.867,2.772,3.006,3.487,4.217,3.242,3.291,3.41,3.846,4.077,3.381,4.094
27,N1,214.017,213.781,214.198,211.292,209.339,209.259,214.181,212.809,212.136,214.243,222.823,213.205,214.537,210.977,212.04,215.194,215.015,210.596,212.81,213.387
27,N3,215.906,215.939,220.473,215.619,214.152,211.953,218.511,221.616,217.786,216.12,216.688,214.451,217.547,212.983,212.334,217.685,218.04,211.602,215.943,220.892
27,N6,84.327,80.977,83.975,86.529,87.957,87.24,87.103,81.49,80.215,84.557,75.431,83.761,80.148,81.976,82.271,81.124,83.35,87.215,81.65,82.342
27,N7,224.748,230.276,225.247,227.661,231.369,227.162,224.815,225.773,228.649,228.987,226.855,226.037,225.295,226.011,228.39,226.086,224.173,224.906,225.21,222.906
27,N9,172.496,176.761,172.066,170.861,171.721,172.446,173.706,175.622,171.567,171.025,170.633,173.607,174.001,172.822,171.974,173.224,174.946,175.271,173.284,172.789
27,P,-16.323,-16.667,-16.48,-21.044,-16.45,-17.926,-15.094,-17.334,-19.721,-19.466,-17.146,-20.809,-17.443,-17.363,-16.255,-18.817,-17.007,-18.314,-15.049,-19.044
28,C1',96.241,95.703,94.961,96.227,90.02,88.512,94.421,100.065,97.462,98.218,97.657,95.678,98.776,93.881,94.41,98.389,96.271,97.125,96.201,95.804
28,C2,142.935,141.559,142.256,142.868,142.409,142.529,142.189,142.123,141.299,141.395,143.215,141.935,142.204,143.789,142.529,142.057,142.627,141.541,142.974,143.262
28,C2',75.805,76.792,74.53,75.419,81.577,79.625,76.314,76.897,77.588,75.063,77.554,75.52,73.694,76.694,75.356,77.264,74.106,75.785,75.277,76.98
28,C3',73.125,74.725,73.036,73.056,81.686,81.773,72.447,77.267,73.478,73.096,73.72,72.629,78.09,74.305,73.669,72.388,73.147,76.48,73.659,71.216
28,C4,145.07,145.875,145.069,145.61,147.623,148.127,144.8,146.231,145.338,145.536,146.453,145.091,145.754,146.311,146.832,145.643,146.111,146.108,145.164,146.354
28,C4',78.82,78.425,77.185,77.855,85.819,84.716,77.258,82.053,77.22,76.968,79.185,78.461,81.191,78.132,76.95,80.304,77.319,79.003,77.439,76.612
28,C5,112.591,112.827,115.698,113.632,111.265,112.487,115.564,116.12,114.359,114.119,115.339,114.455,114.505,113.341,113.706,114.695,114.991,114.079,113.926,113.819
28,C5',62.793,63.407,62.634,63.715,66.851,66.621,63.22,69.25,64.254,63.296,64.063,62.362,69.716,64.946,62.713,63.11,61.845,62.904,63.72,63.282
28,C6,149.453,150.37,149.625,150.766,150.635,151.445,150.169,150.985,151.333,151.408,151.156,150.447,149.452,150.269,149.567,150.754,149.785,150.267,151.392,150.213
28,C8,127.011,125.079,125.762,125.103,127.404,127.497,125.604,126.932,126.663,126.664,126.738,124.99,126.988,127.761,127.077,127.284,126.663,126.149,126.674,127.371
28,H1,12.839,12.722,12.537,12.377,12.293,11.801,12.317,12.751,12.807,12.296,12.584,12.838,12.391,11.648,12.028,11.924,11.803,12.343,12.729,12.545
28,H1',6.466,6.027,6.347,6.348,6.499,6.539,6.481,6.562,6.463,6.464,6.605,6.151,6.555,6.623,6.365,6.5,6.32,6.244,6.575,6.725
28,H2',5.025,5.027,5.356,4.132,4.314,4.512,4.775,5.349,4.668,4.64,4.867,4.831,5.646,4.738,5.323,4.653,5.397,4.883,4.933,4.339
28,H21,8.103,9.45,8.951,8.493,8.694,8.176,7.949,8.451,9.357,9.298,9.321,8.984,8.533,7.893,8.591,8.123,7.747,9.043,8.914,7.601
28,H22,5.078,5.131,5.237,5.044,5.117,5.092,5.199,5.214,5.4,5.187,5.234,5.156,5.078,5.145,5.041,5.051,5.038,5.109,5.101,5.572
28,H3',4.86,4.449,4.659,4.549,4.918,4.827,4.68,4.422,4.664,4.774,4.723,4.556,4.035,5.095,4.82,4.557,4.611,4.404,4.626,5.032
28,H4',4.689,4.645,4.755,4.594,4.865,4.882,4.658,4.881,4.594,4.503,4.691,4.517,4.774,4.664,4.655,4.644,4.581,4.427,4.499,4.432
28,H5',4.512,4.667,4.271,4.51,4.687,4.517,4.409,4.434,4.195,4.183,4.351,4.647,4.485,4.181,4.865,4.879,4.696,4.352,4.344,4.659
28,H5'',4.056,4.082,4.159,4.182,4.036,4.021,4.209,4.163,4.257,4.326,4.167,4.114,4.146,4.3,4.014,4.082,4.079,4.297,4.32,4.185
28,H8,7.264,6.407,6.96,6.53,7.277,6.869,6.889,6.826,6.959,6.764,7.153,6.606,6.788,7.609,6.924,6.767,6.595,7.188,7.093,7.515
28,HO2',2.757,2.824,3.146,3.796,3.956,3.899,2.88,3.668,3.355,3.396,3.227,3.334,2.518,3.346,2.91,4.576,3.507,2.736,4.192,3.474
28,N1,139.402,137.527,138.361,138.808,137.497,138.769,137.231,139.48,138.217,137.835,139.946,138.921,137.865,140.321,136.484,138.605,139.001,137.949,139.489,136.934
28,N2,67.933,72.949,75.36,73.414,74.435,74.796,71.522,70.057,71.179,73.525,73.876,69.445,71.674,72.127,72.486,72.18,74.707,73.356,77.21,72.79
28,N3,160.97,164.527,165.612,160.909,164.873,163.72,164.615,161.732,165.632,161.797,163.354,164.882,162.245,163.367,164.688,164.743,163.105,163.403,162.419,162.015
28,N7,236.094,233.598,235.479,234.734,240.69,240.629,235.084,228.861,233.912,231.937,231.366,234.684,228.574,235.7,232.414,229.841,233.874,233.809,233.529,239.386
28,N9,170.894,164.58,163.539,170.247,168.081,163.9,167.454,165.855,168.132,166.882,168.132,168.816,163.683,171.584,166.708,168.36,167.606,167.687,170.025,172.842
28,P,-16.071,-17.642,-17.956,-17.525,-17.804,-18.604,-16.332,-16.791,-17.228,-17.205,-16.61,-19.503,-18.66,-19.731,-19.932,-17.374,-18.157,-16.727,-16.571,-17.066
29,C1',96.69,96.331,98.73,97.59,96.185,101.109,96.237,99.367,99.98,99.42,94.221,100.3,97.088,96.894,97.983,99.546,99.362,98.656,97.627,98.68
29,C2,147.908,148.958,147.934,148.342,147.985,149.446,148.518,148.19,149.839,149.585,148.606,148.303,148.603,148.632,148.718,149.704,148.314,149.171,148.231,148.681
29,C2',77.017,76.077,76.646,76.331,75.959,76.866,78.74,76.962,75.283,75.432,80.295,75.713,76.014,75.185,76.535,76.112,74.496,75.782,75.714,77.23
29,C3',73.143,73.435,71.79,71.724,74.282,73.2,72.569,73.166,72.987,72.516,71.997,72.571,72.206,73.492,74.007,73.482,72.524,72.07,73.163,72.076
29,C4,147.933,149.892,149.426,148.431,149.895,149.042,149.005,148.135,148.572,147.412,148.784,147.834,147.957,148.644,148.842,148.47,148.826,147.278,147.798,149.928
29,C4',76.85,77.716,78.499,79.658,80.831,80.95,79.741,79.338,78.541,76.572,80.157,76.925,76.553,76.985,77.991,77.568,77.948,75.916,78.736,77.912
29,C5,94.151,91.811,92.244,92.303,89.092,89.911,94.677,91.095,89.929,91.497,93.932,92.954,91.863,91.809,92.723,91.366,93.76,90.073,91.623,94.783
29,C5',63.418,65.054,63.834,64.035,64.415,64.837,63.559,65.376,64.112,62.28,65.033,62.608,61.566,63.64,63.351,65.075,61.379,63.716,62.411,62.689
29,C6,133.699,136.578,135.076,134.835,140.75,138.981,134.112,137.378,136.854,136.26,134.519,134.986,136.103,135.965,135.101,137.506,135.091,135.595,137.904,134.873
29,H1',6.411,6.514,6.418,6.569,6.402,6.273,6.432,6.362,6.34,6.235,6.581,6.211,6.161,6.099,6.083,6.382,6.149,6.225,6.522,6.303
29,H2',4.194,4.809,4.184,4.262,4.085,4.406,4.171,4.641,4.936,4.433,4.14,4.445,4.534,4.954,4.37,4.54,4.636,4.333,4.4,3.973
29,H3',4.558,4.494,4.723,4.355,4.448,4.718,4.379,4.961,4.18,4.505,4.443,4.536,4.549,4.596,4.408,4.654,4.407,4.595,4.676,4.164
29,H4',4.286,4.607,4.634,4.425,4.302,4.577,4.547,4.558,4.573,4.29,4.772,4.26,4.448,4.655,4.544,4.501,4.44,4.395,4.336,4.066
29,H41,9.238,9.846,7.711,9.139,8.718,9.835,10.062,9.694,8.783,8.903,9.215,9.524,9.979,9.81,9.756,9.632,9.196,9.851,7.647,8.47
29,H42,5.109,4.966,5.117,4.988,5.008,4.576,4.897,4.792,4.921,4.912,4.862,4.964,4.901,4.976,5.129,4.742,5.145,4.895,5.165,5.108
29,H5,5.373,5.128,5,5.238,5.366,4.994,5.123,4.843,4.864,4.9,5.201,5.119,5.072,5.1,5.286,5.034,5.338,4.695,5.428,5.582
29,H5',4.532,4.326,4.376,4.562,4.459,4.538,4.258,4.736,4.456,4.481,4.595,4.881,4.621,4.233,4.188,4.491,4.728,4.594,4.307,4.497
29,H5'',4.124,4.398,4.157,4.168,4.378,4.343,4.092,4.156,4.262,4.178,4.152,4.057,4.186,4.312,4.316,4.146,4.214,4.195,4.172,4.147
29,H6,7.101,7.355,7.284,7.51,7.45,7.832,7.044,7.704,7.342,7.486,7.062,7.324,7.394,7.844,7.13,7.689,7.267,7.304,7.469,6.75
29,HO2',4.921,3.159,3.547,5.725,3.584,3.734,3.124,3.776,4.522,3.334,2.809,3.387,3.226,2.773,4.939,3.29,4.434,3.206,3.416,6.075
29,N1,154.915,155.45,155.689,157.286,153.515,156.418,154.547,156.108,155.133,155.911,153.885,154.287,154.65,152.415,154.541,154.799,155.34,154.811,160.468,153.825
29,N3,193.245,198.259,199.415,195.885,196.421,199.484,197.684,194.703,194.395,191.799,202.722,194.549,195.237,196.557,196.031,200.542,202.801,194.121,195.433,198.799
29,N4,91.516,89.234,85.683,89.18,83.367,84.944,88.271,89.404,89.204,90.776,87.341,93.04,89.81,87.29,85.765,89.332,88.752,93.028,93.793,85.177
29,P,-20.469,-15.327,-19.921,-17.708,-20.332,-12.273,-18.6,-17.288,-16.821,-18.696,-17.264,-18.695,-17.679,-17.213,-17.096,-15.295,-19.18,-18.788,-18.982,-19.323
30,C1',97.225,98.549,99.037,97.35,97.088,95.116,96.661,96.147,97.881,96.437,97.995,96.953,96.311,96.854,96.416,94.585,96.069,95.972,96.451,94.628
30,C2,148.673,149.902,148.907,147.982,149.407,148.559,149.759,148.84,148.632,148.756,147.686,148.311,149.096,147.909,148.653,149.514,147.651,149.163,148.548,149.929
30,C2',77.259,77.965,76.193,75.336,77.597,78.591,79.237,77.457,76.658,76.395,76.971,75.276,77.36,78.042,77.761,77.422,77.374,81.022,79.773,77.428
30,C3',73.497,71.182,74.167,70.911,71.822,72.301,69.58,69.087,71.358,70.743,70.784,73.417,71.612,69.985,71.752,73.429,73.511,74.452,74.239,73.428
30,C4,147.8,148.237,148.147,147.88,148.443,147.982,148.891,148.259,147.758,146.907,147.3,147.632,148.956,148.163,148.272,148.396,147.048,147.956,147.505,148.063
30,C4',78.544,76.439,77.506,77.395,77.537,81.852,83.336,76.79,76.817,74.908,78.403,75.551,78.668,76.253,78.39,76.854,76.749,75.977,77.841,79.303
30,C5,92.01,93.603,91.999,93.092,94.737,93.402,95.192,94.533,92.998,91.271,92.245,92.027,92.294,91.792,93.148,91.457,91.759,91.964,91.037,93.895
30,C5',63.553,61.149,62.027,62.446,66.469,65.67,63.46,63.659,63.045,62.856,62.576,62.448,62.551,63.461,63.635,63.401,62.994,62.023,64.174,64.881
30,C6,139.523,138.442,136.846,136.179,140.347,137.136,135.638,137.952,134.871,137.235,135.395,137.657,137.855,135.887,134.957,137.937,136.2,137.32,138.731,136.826
30,H1',6.793,6.838,6.357,6.636,7.228,6.896,6.626,6.942,6.838,6.844,6.535,6.681,6.917,6.67,6.86,7.128,6.566,6.775,6.676,7.318
30,H2',5.035,4.14,5.949,5.628,4.268,4.338,4.38,3.893,5.261,5.226,5.211,4.773,4.824,5.082,5.04,5.177,5.478,4.546,4.917,5.777
30,H3',4.171,4.268,4.512,4.283,5.009,5.205,4.589,4.649,4.381,4.245,4.202,4.309,4.301,4.624,4.705,4.685,4.635,4.597,4.456,4.461
30,H4',4.531,4.357,4.632,4.489,4.4,4.464,4.578,4.229,4.429,4.512,4.737,4.623,4.546,4.428,4.428,4.563,4.643,4.249,4.473,4.645
30,H41,7.955,7.384,8.677,8.795,9.281,9.392,9.295,9.35,8.638,8.498,9.003,8.423,7.688,7.673,8.093,8.304,8.04,7.915,9.171,7.233
30,H42,5.043,5.1,4.962,5.159,4.688,4.479,5.422,5.122,4.652,4.627,4.827,4.428,4.624,4.448,4.097,4.395,5.052,5.154,4.877,5.613
30,H5,5.59,5.742,5.411,5.735,5.734,5.434,5.545,5.736,5.714,5.591,5.693,5.689,5.303,5.36,5.117,5.271,5.108,5.532,5.525,6.013
30,H5',4.423,4.13,4.361,4.415,4.525,4.302,4.221,4.306,4.488,4.489,4.329,4.68,4.834,4.295,4.616,4.364,4.443,4.55,4.371,4.456
30,H5'',4.464,5.343,4.268,4.284,4.452,4.565,5.408,4.52,4.462,4.191,4.274,4.151,4.157,4.276,4.315,4.273,4.365,4.395,4.258,4.317
30,H6,8.271,7.736,8.067,8.148,7.71,7.651,7.606,7.404,7.812,7.923,7.996,7.926,8.012,7.854,7.621,7.942,8.096,7.828,7.865,7.778
30,HO2',4.308,3.799,4.465,4.155,4.272,3.743,3.141,3.177,4.208,3.816,3.591,3.345,4.433,3.429,3.814,3.368,3.324,3.164,3.696,5.675
30,N1,154.685,155.803,152.233,151.034,156.976,156.711,155.85,155.216,154.667,154.585,152.634,154.676,159.087,155.208,153.512,156.2,152.105,158.678,159.645,155.151
30,N3,196.958,196.013,200.725,199.446,194.56,193.601,192.18,196.984,201.246,197.172,199.905,199.541,195.139,199.292,198.129,193.203,201.718,193.844,190.286,202.455
30,N4,94.561,96.483,91.427,95.903,96.403,90.581,92.944,92.188,90.359,94.473,98.405,92.147,88.202,83.899,91.759,91.882,95.593,89.155,86.495,96.29
30,P,-15.204,-17.668,-17.056,-18.481,-15.926,-19.689,-18.662,-20.559,-15.658,-16.276,-15.707,-18.319,-18.947,-23.041,-19.862,-18.639,-14.832,-17.494,-17.358,-16.179
31,C1',95.412,92.596,94.919,92.383,95.744,93.282,94.547,95.275,95.282,95.718,94.262,91.308,90.219,93.526,90.89,94.408,90.01,93.003,96.652,92.382
31,C2,145.683,147.142,146.485,146.631,147.147,147.178,146.218,146.468,146.945,146.371,146.314,145.249,145.858,146.925,148.025,145.83,147.315,145.865,145.921,147.616
31,C2',78.629,77.952,76.666,74.849,78.383,79.348,76.96,78.162,74.6,73.169,72.986,77.095,78.136,77.208,75.782,77.799,77.311,77.422,77.048,77.029
31,C3',77.039,70.64,72.268,74.758,75.444,76.663,75.267,75.491,75.044,72.101,74.612,70.467,67.889,77.81,73.562,72.557,72.026,71.598,69.372,79.544
31,C4,154.439,154.824,154.515,154.564,155.025,155.066,155.174,154.523,154.776,153.945,154.967,154.594,153.947,154.399,154.748,154.976,154.582,154.104,155.444,154.852
31,C4',83.908,84.861,87.38,77.21,85.638,87.55,89.74,89.754,79.766,80.988,81.263,86.614,86.392,76.403,79.199,85.222,85.186,86.14,82.052,80.54
31,C5,105.253,103.865,108.23,103.547,103.758,104.326,103.552,106.037,105.789,107.621,108.424,106.595,105.342,102.64,102.973,104.001,103.589,105.678,108.993,103.52
31,C5',65.427,68.383,64.976,62.578,69.622,67.813,68.6,71.27,61.951,63.242,64.539,64.606,63.652,62.63,65.246,67.234,64.558,62.983,63.784,64.652
31,C6,136.607,137.937,134.988,137.162,137.207,137.982,137.604,136.811,138.022,137.404,137.907,135.125,136.825,138.122,139.432,138.457,136.854,136.584,136.351,137.754
31,H1',6.52,6.3,6.337,6.599,6.166,6.772,6.126,6.548,6.98,6.827,6.732,6.073,6.057,7.038,6.544,6.661,6.243,6.264,6.362,7.073
31,H2',2.927,2.555,2.569,3.81,3.662,4.369,3.201,2.711,3.43,2.915,2.723,2.33,2.154,4.493,4.741,4.82,2.95,2.41,3.469,4.501
31,H3,7.73,7.671,7.691,7.649,7.725,7.728,7.657,7.724,7.686,7.653,7.743,7.51,7.595,7.582,7.714,7.695,7.636,7.651,7.988,7.764
31,H3',3.677,2.632,4.466,4.657,5.142,5.406,3.753,3.508,4.736,4.59,4.423,4.351,4.253,5.144,4.736,5.002,4.363,4.244,4.314,5.464
31,H4',4.738,4.575,4.576,5.977,4.874,4.775,4.673,4.691,6.016,5.733,4.906,4.424,4.314,6.39,5.07,5.092,4.803,4.613,4.59,5.201
31,H5,6.017,6.163,6.132,6.194,6,6.119,6.079,6.141,6.22,6.295,6.154,5.988,5.9,6.21,6.132,6.226,6.156,5.943,6.216,6.099
31,H5',3.351,4.244,3.882,3.901,4.159,4.129,4.685,3.999,3.748,4.05,3.636,3.876,4.01,3.692,4.461,4.767,4.157,4.057,3.973,3.745
31,H5'',3.849,4.259,4.557,3.933,4.337,4.274,3.985,3.379,3.788,3.88,3.734,4.747,4.864,4.163,4.066,5.123,4.965,4.936,5.265,4.172
31,H6,7.875,8.122,8.138,8.011,7.965,8.213,7.994,7.687,7.891,8.195,7.714,7.874,7.666,8.028,8.001,8.285,7.842,7.685,7.779,7.948
31,HO2',3.504,2.353,2.452,2.497,2.889,2.975,1.866,3.404,2.04,2.717,3.659,4.321,3.593,3.062,4.596,1.839,1.817,2.718,3.574,2.443
31,N1,157.831,155.966,157.325,155.756,158.338,158.355,154.573,157.047,157.149,158.116,154.672,153.29,151.865,157.538,155.535,158.064,151.443,153.825,154.992,154.225
31,N3,157.633,160.255,156.798,159.539,159.71,159.958,160.775,159.473,160.064,158.675,160.266,158.247,158.482,161.277,161.672,159.221,159.756,159.576,156.938,162.396
31,P,-17.253,-22.482,-24.852,-22.58,-18.341,-19.615,-21.272,-19.347,-24.545,-24.896,-23.708,-18.82,-17.998,-26.871,-21.787,-22.94,-24.648,-24.594,-22.121,-19.476
32,C1',89.404,91.35,88.539,86.614,93.489,100.728,89.388,90.593,89.022,87.018,86.948,86.61,87.748,90.143,88.972,89.829,87.297,89.386,88.244,92.221
32,C2,141.018,141.356,141.062,141.016,141.382,141.879,141.972,141.134,142.019,141.752,141.62,141.59,141.228,141.944,142.117,141.398,141.465,141.204,141.851,141.586
32,C2',73.675,71.766,74.705,72.2,72.913,78.757,71.997,73.067,73.879,72.42,72.572,74.321,73.349,76.529,74.409,73.13,72.717,74.774,73.388,80.093
32,C3',76.239,78.783,75.395,75.314,76.929,75.87,76.494,76.743,74.552,75.751,75.232,75.567,74.053,74.772,77.762,76.612,76.1,73.57,74.516,77.719
32,C4,147.566,148.627,149.313,147.168,147.361,147.023,149.443,149.433,150.651,149.175,148.486,147.978,148.872,147.677,147.26,148.312,149.362,148.862,149.218,146.211
32,C4',86.058,86.467,85.091,85.887,88.804,91.152,86.833,87.502,86.576,82.747,85.12,85.085,86.087,87.15,87.576,85.87,84.83,85.771,84.603,88.378
32,C5,115.395,114.806,113.515,115.051,116.467,113.897,113.93,115.014,114.474,113.016,115.807,113.725,114.873,114.155,113.115,114.037,114.257,114.828,112.756,113.833
32,C5',66.168,66.317,67.365,66.204,69.532,67.527,67.5,65.275,66.76,67.431,67.22,66.839,65.792,67.907,66.907,68.728,67.582,67.258,68.326,68.966
32,C6,148.747,149.694,148.551,149.164,150.01,149.408,148.724,149.288,148.436,148.72,149.885,148.474,149.077,150.061,149.838,149.472,149.146,148.875,147.743,149.921
32,C8,131.161,130.978,132.08,130.106,131.762,133.693,130.278,130.497,132.919,131.301,130.616,129.442,130.269,129.676,131.487,131.13,133.335,133.718,130.086,130.373
32,H1,7.112,7.244,7.336,7.462,7.488,7.584,7.358,7.112,7.359,7.387,7.417,7.147,7.275,7.43,7.431,7.416,7.348,7.064,7.357,7.378
32,H1',6.343,6.444,6.085,6.479,6.538,6.623,6.316,6.197,6.428,6.235,6.171,6.127,5.879,6.537,6.843,6.439,6.173,5.962,6.189,6.598
32,H2',4.789,4.536,5.067,5.003,4.37,5.249,4.466,5.028,5.205,5.165,4.765,4.974,4.708,4.9,5.947,5.069,5.032,4.577,5.786,4.335
32,H21,5.048,4.904,5.005,4.937,5.175,5.159,5.091,4.837,5.069,5.109,5.103,5.259,5.025,5.068,5.064,5.08,5.046,5.173,5.053,5.003
32,H22,5.349,5.426,5.293,5.346,5.528,5.492,5.456,5.343,5.462,5.49,5.317,5.488,5.38,5.52,5.749,5.45,5.532,5.396,5.466,5.441
32,H3',3.96,3.205,4.314,3.965,3.726,5.036,3.617,3.88,4.364,3.793,3.956,4.038,3.875,4.418,4.545,3.802,4.245,3.993,4.432,4.893
32,H4',4.507,4.531,4.543,4.566,4.481,4.824,4.448,4.471,4.68,4.642,4.509,4.57,4.341,4.569,4.965,4.678,4.572,4.443,4.743,4.87
32,H5',3.867,3.538,3.872,3.841,3.772,4.239,3.734,3.883,3.962,3.719,3.83,4.062,3.988,4.141,4.257,3.87,3.913,3.995,4.106,3.872
32,H5'',3.923,3.938,4.092,4.338,3.88,4.118,3.814,3.9,4.321,4.442,4.063,4.228,4.152,4.566,4.296,4.212,4.127,4.089,4.255,4.237
32,H8,8.095,7.886,8.498,8.152,8.188,8.371,8.258,7.928,8.288,8.439,8.246,7.999,7.968,8.196,8.56,8.913,8.594,8.444,8.21,8.14
32,HO2',5.655,4.889,4.533,2.47,3.108,4.423,4.484,4.225,2.532,3.013,3.802,4.473,4.383,2.502,2.477,2.857,4.121,2.492,2.45,3.037
32,N1,133.439,135.366,135.422,134.453,135.657,137.298,136.565,141.059,138.934,139.05,134.483,137.316,136.505,136.587,137.146,136.7,136.043,138.231,135.754,134.643
32,N2,68.522,65.654,65.934,68.074,63.814,66.12,63.981,66.647,65.789,66.62,66.213,63.758,67.125,67.428,66.91,67.254,64.382,65.003,67.204,67.343
32,N3,162.41,162.824,160.519,157.506,158.639,157.925,160.295,160.81,159.757,159.749,160.967,164.566,160.5,156.059,156.29,156.188,157.224,161.683,159.348,156.7
32,N7,243.496,237.523,235.852,235.56,233.275,230.61,236.914,239.876,236.849,236.58,242.281,237.735,238.681,237.366,236.547,236.472,237.07,237.22,239.957,236.609
32,N9,169.123,174.279,172.504,167.147,172.141,181.863,171.207,173.505,171.077,170.918,168.06,167.483,168.637,171.523,171.297,171.967,171.904,168.856,170.489,175.062
32,P,-20.667,-17.129,-18.187,-21.197,-17.848,-21.216,-17.518,-18.176,-19.26,-19.903,-16.987,-16.594,-17.378,-17.249,-15.394,-16.538,-18.257,-17.618,-19.684,-18.646
33,C1',92.305,93.884,95.664,94.882,95.091,96.007,95.904,94.435,95.44,96.16,93.618,94.675,96.423,94.236,95.624,95.581,94.864,94.29,93.709,93.197
33,C2,140.274,139.862,139.681,140.207,139.049,140.235,141.907,140.448,140.685,140.32,140.699,139.454,139.478,139.566,140.362,139.038,139.938,140.608,139.972,140.429
33,C2',73.789,75.613,74.206,72.555,73.24,72.945,72.534,72.043,73.435,74.226,75.103,72.192,74.546,74.068,75.724,75.329,75.334,75.956,74.189,76.778
33,C3',76.216,77.276,77.326,75.25,77.594,79.459,78.282,74.429,74.487,77.248,77.632,79.699,80.591,76.123,77.282,79.181,81.34,79.243,74.812,72.03
33,C4,146.912,146.289,149.623,147.28,145.327,148.743,146.326,147.908,148.784,149.212,147.211,147.323,147.673,148.355,150.589,148.766,146.681,147.97,148.217,142.719
33,C4',80.01,83.889,82.985,82.29,83.07,81.792,83.294,80.406,80.857,82.316,81.879,80.667,84.819,78.675,81.875,82.111,84.016,82.888,78.168,75.5
33,C5,114.595,114.308,115.449,114.831,112.795,115.551,113.871,113.927,112.829,115.307,113.419,115.06,113.993,115.006,113.915,113.905,115.169,112.141,111.544,113.89
33,C5',63.496,65.638,63.336,64.336,63.523,64.568,64.429,62.978,62.838,63.971,64.515,65.162,64.589,61.546,62.146,64.731,66.158,64.357,60.908,62.763
33,C6,150.246,149.392,149.114,150.134,150.722,149.903,150.409,149.344,150.029,149.965,150.271,149.111,149.431,150.162,149.371,149.475,149.779,149.345,149.124,148.729
33,C8,132.079,132.789,129.482,130.416,131.747,129.728,131.953,131.025,129.256,130.907,132.546,133.174,133.309,130.51,130.369,132.223,133.465,132.155,132.09,128.878
33,H1,7.959,8.495,7.855,9.6,9.506,8.222,10.082,7.742,8.064,7.689,10.433,8.628,8.816,9.772,9.704,10.428,9.106,8.05,7.248,8.464
33,H1',6.053,6.151,6.422,6.014,6.428,6.103,6.195,5.945,5.728,5.764,5.715,5.597,5.928,5.996,5.95,5.933,6.07,5.952,6.271,6.294
33,H2',3.85,4.198,3.944,4.07,4.221,3.708,3.194,4.049,3.84,3.658,4.073,3.929,4.311,4.12,5.181,4.722,4.599,4.739,4.613,3.869
33,H21,7.583,6.867,9.09,8.05,5.119,7.182,7.139,6.292,9.418,9.081,6.08,7.313,5.906,8.905,5.282,7.705,9.015,8.958,9.272,5.173
33,H22,5.286,5.672,8.896,7.812,5.364,4.961,5.292,5.504,8.806,9.114,7.974,5.287,5.414,8.036,9.262,5.772,9.278,7.031,9.479,5.115
33,H3',4.868,4.895,4.789,4.689,4.603,4.496,4.613,4.559,4.633,4.695,4.905,4.569,4.675,4.697,4.718,4.78,4.726,4.978,4.568,4.815
33,H4',4.613,4.623,4.553,4.48,4.392,4.412,4.571,4.344,4.405,4.452,4.604,4.494,4.56,4.445,4.556,4.75,4.629,4.539,4.482,3.995
33,H5',4.141,4.143,4.194,3.857,3.693,4.14,3.965,4.186,3.856,3.751,4.112,4.274,4.208,4.184,4.057,3.765,4.095,4.056,4.105,4.172
33,H5'',3.842,3.882,3.577,3.645,3.857,3.666,3.771,3.848,3.675,3.739,3.665,3.444,3.623,3.594,3.754,3.656,3.693,3.632,3.62,4.238
33,H8,7.363,7.545,6.876,6.772,6.832,6.754,7.378,7.23,6.9,7.028,7.448,7.587,7.554,7.233,7.616,7.436,7.562,7.544,7.354,7.372
33,HO2',4.592,3.778,3.574,5.631,4.105,5.51,4.815,5.693,4.914,4.046,2.651,2.874,2.688,3.524,2.644,2.508,2.033,2.175,2.936,2.981
33,N1,139.274,141.695,137.903,141.611,142.235,136.755,141.96,139.249,138.194,138.031,145.063,141.639,141.574,136.566,140.129,137.845,143.378,139.793,136.346,138.48
33,N2,72.464,72.322,85.245,83.929,68.606,74.098,66.211,70.359,90.548,91.027,76.979,70.035,68.331,85.01,80.396,83.064,86.561,80.999,80.243,60.551
33,N3,163.24,164.182,159.828,160.9,163.379,167.098,165.906,166.772,164.89,163.34,155.604,163.461,164.988,161.891,168.344,169.39,157.037,161.286,161.757,155.641
33,N7,235.908,234.984,234.266,234.332,235.688,235.798,237.172,234.858,232.244,234.463,233.394,233.095,232.836,230.192,232.482,228.866,232.382,232.784,228.802,250.154
33,N9,175.395,175.71,176.173,175.17,176.091,175.93,175.855,177.679,174.047,175.563,175.286,175.647,177.231,174.913,177.594,177.368,174.217,178.272,174.343,173.116
33,P,-19.462,-18.633,-21.86,-21.954,-18.52,-18.422,-18.416,-20.34,-20.467,-21.599,-19.239,-20.273,-18.858,-21.266,-22.701,-21.973,-20.546,-18.159,-21.314,-19.441
34,C1',92.524,92.26,92.535,94.576,93.252,89.382,92.242,92.688,95.684,92.684,95.544,95.116,96.194,94.076,96.002,95.681,93.146,94.799,94.611,89.381
34,C2,141.861,141.087,139.636,141.723,141.647,140.341,142.172,142.683,141.643,141.189,141.128,141.174,141.522,141.046,141.7,142.241,141.912,140.495,140.676,141.011
34,C2',75.907,75.278,74.853,72.27,71.675,76.278,78.894,76.897,75.473,74.578,74.459,72.714,71.405,74.799,74.56,75.181,75.762,74.873,74.367,75.844
34,C3',71.049,73.503,72.316,72.564,78.72,74.54,76.923,72.889,71.261,71.38,73.408,71.603,72.079,73.523,71.821,72.771,72.989,71.545,73.889,82.749
34,C4,145.52,146.59,146.532,146.377,148.662,146.984,145.688,145.997,147.206,146.158,144.133,147.257,147.41,145.967,148.663,145.831,145.875,146.43,145.805,145.999
34,C4',81.065,79.786,77.662,79.102,86.117,81.206,82.937,77.373,81.014,79.275,85.958,81.415,78.543,79.014,81.051,81.928,84.322,83.605,81.537,86.427
34,C5,111.266,111.647,111.825,110.918,113.056,111.661,110.875,111.658,112.472,110.433,113.157,112.88,111.393,111.552,113.341,111.586,111.482,114.202,112.206,113.043
34,C5',62.571,64.982,63.002,62.885,66.203,64.937,66.025,63.526,64.839,64.6,65.58,65.006,64.626,62.802,64.343,64.389,66.417,65.999,64.727,65.188
34,C6,148.11,149.309,147.639,146.634,148.533,149.34,148.356,148.49,147.328,147.604,149.194,148.43,148.118,147.749,148.759,148.994,147.321,149.766,148.016,149.15
34,C8,128.114,129.28,126.916,127.749,128.675,128.175,132.088,126.92,127.941,129.417,129.403,130.056,132.736,131.527,132.431,129.563,129.404,128.725,129.1,129.893
34,H1,11.109,10.72,10.698,10.906,11.462,12.598,11.011,11.599,10.95,12.286,11.407,11.339,11.031,10.892,11.406,12.083,11.546,11.709,12.063,10.641
34,H1',6.739,7.058,6.492,5.812,6.788,5.683,6.671,6.443,6.781,6.877,6.804,6.966,6.43,6.898,6.807,7.066,6.986,7.372,7.555,7.133
34,H2',5.205,5.39,5.06,4.674,4.981,5.411,5.491,4.783,5.209,4.984,5.062,6.349,5.913,6.005,5.853,5.255,5.306,5.251,4.972,4.968
34,H21,8.727,8.363,8.171,7.949,8.738,9.376,7.504,8.459,8.276,9.233,8.91,8.873,8.755,8.023,8.89,8.802,8.503,9.01,7.339,8.348
34,H22,5.097,5.107,4.912,5.104,5.047,5.072,5.032,5.336,5.379,5.262,5.083,5.191,5.073,5.364,5.422,5.509,5.364,4.988,5.171,4.881
34,H3',5.19,5.82,4.937,4.983,5.024,5,5.318,5.288,5.164,5.428,5.478,5.705,5.455,5.222,5.456,5.472,5.331,5.222,5.154,4.777
34,H4',4.631,4.886,4.233,4.186,5.177,4.682,4.949,4.396,4.671,4.638,4.786,4.701,4.304,4.457,4.611,4.609,4.81,4.702,4.6,5.012
34,H5',4.083,4.324,4.143,4.282,4.475,4.225,4.161,4.318,4.168,4.209,4.033,4.067,3.929,3.986,4.025,4,4.089,4.042,3.865,4.486
34,H5'',4.929,4.25,4.126,4.114,4.08,4.133,4.071,4.417,4.214,4.146,4.041,4.024,3.971,4.006,3.968,4.174,4.141,4.002,3.768,3.819
34,H8,7.648,7.767,7.598,7.46,7.877,7.735,7.809,7.517,7.68,7.669,7.655,7.619,8.192,7.877,7.982,7.444,7.4,7.508,7.555,7.825
34,HO2',3.444,3.618,2.574,1.912,5.718,3.566,4.639,2.775,3.802,4.039,3.506,3.562,2.064,3.488,3.43,3.808,3.401,3.765,3.267,4.596
34,N1,135.746,136.449,137.944,137.56,136.213,136.99,134.803,136.484,138.273,135.226,133.93,135.375,135.608,136.568,134.802,134.547,133.967,136.268,134.395,138.356
34,N2,66.508,68.722,74.139,67.203,68.434,69.074,68.536,66.418,67.957,66.698,66.303,65.294,65.104,68.237,63.588,66.159,64.637,68.043,67.78,70.019
34,N3,161.459,161.673,163.692,161.886,166.191,168.886,162.417,160.704,163.978,154.861,160.41,163.906,163.815,161.966,162.685,163.383,163.122,163.102,163.932,159.07
34,N7,245.923,235.404,236.942,233.998,238.032,242.577,239.502,242.765,237.552,233.99,236.564,234.877,231.204,233.383,225.066,235.617,235.459,234.451,233.832,233.382
34,N9,174.496,174.989,175.826,173.642,169.253,174.758,173.519,174.851,174.276,177.162,173.097,175.947,177.368,176.703,175.584,177.137,175.294,175.601,176.473,167.087
34,P,-17.329,-19.718,-19.499,-17.234,-19.393,-17.703,-19.982,-17.029,-18.345,-18.233,-18.125,-17.676,-18.119,-17.54,-20.952,-18.177,-18.792,-20.008,-20.074,-20.325
35,C1',97.518,98.483,96.734,95.185,100.829,96.188,89.811,96.051,92.266,93.027,94.182,90.381,96.553,91.589,94.215,93.173,92.452,95.801,94.964,99.329
35,C2,149.393,147.305,147.625,147.581,147.44,146.442,148.943,148.776,150.006,148.828,147.961,148.857,147.974,150.794,150.766,149.552,149.568,149.874,150.396,149.778
35,C2',78.293,77.382,75.471,73.106,78.804,77.432,77.502,76.852,81.313,80.443,80.344,74.181,74.524,79.069,79.204,82.106,78.903,77.8,77.75,75.243
35,C3',72.477,75.7,72.508,72.244,80.269,79.065,82.248,73.363,77.419,78.33,77.298,73.394,69.959,71.036,70.32,75.257,75.21,76.706,74.168,75.787
35,C4,143.604,145.269,145.178,145.393,145.053,146.193,144.164,144.49,144.304,144.782,145.569,147.421,144.409,144.604,144.774,143.273,144.062,145.631,143.608,145.422
35,C4',82.358,77.633,80.394,78.389,76.108,77.279,73.382,80.642,86.16,86.484,86.454,85.481,78.228,80.919,88.725,82.156,78.335,76.121,87.654,77.519
35,C5,112.686,112.537,113.135,113.428,112.47,112.574,112.233,113.484,112.097,111.82,112.313,112.118,113.965,110.539,112.787,112.314,112.251,112.174,110.699,112.435
35,C5',66.142,67.773,64.701,63.023,66,68.347,65.421,64.347,71.381,70.489,69.677,68.588,65.028,64.033,67.88,66.032,66.383,66.571,65.342,64.765
35,C6,143.791,143.275,143.022,142.799,143.255,142.657,143.845,142.968,143.476,143.348,143.844,143.416,143.214,142.863,143.836,143.336,143.799,143.443,143.149,143.555
35,C8,133.108,137.094,137.601,137.709,137.59,137.828,135.654,138.246,134.663,133.758,132.409,132.79,138.789,135.742,133.446,135.273,132.595,133.509,136.181,133.677
35,H1',7.176,6.733,6.808,6.598,6.804,6.586,7.208,6.738,7.049,7.111,6.847,6.317,6.904,6.761,7.068,7.192,6.9,6.53,7.131,6.634
35,H2,8.562,8.541,8.596,8.616,8.54,8.651,8.653,8.556,8.609,8.661,8.684,8.71,8.628,8.572,8.613,8.587,8.583,8.559,8.554,8.522
35,H2',4.859,4.987,6.308,7.288,5.199,5.051,5.283,5.733,5.087,4.739,4.36,4.775,6.131,5.096,4.982,4.638,4.923,5.094,5.356,5.987
35,H3',4.098,5.971,5.148,4.848,5.82,4.803,4.158,4.494,4.973,5.336,5.29,5.223,4.919,5.366,5.07,5.309,4.677,4.52,5.58,4.596
35,H4',4.798,4.912,4.747,4.816,4.632,4.524,4.916,4.842,5.216,5.178,5.101,4.814,4.762,4.694,5.091,4.764,4.744,4.658,4.83,4.542
35,H5',4.31,4.523,4.623,4.67,4.519,4.192,4.013,4.841,4.283,4.421,4.418,4.367,4.45,4.346,4.273,4.729,4.912,4.931,4.198,4.599
35,H5'',4.434,4.502,4.242,4.23,4.558,4.714,4.608,4.262,4.315,4.371,4.286,4.763,4.31,4.744,4.757,4.431,4.436,4.526,4.025,4.63
35,H61,6.072,5.985,6.05,5.994,6.046,6.135,6.211,6.046,6.225,6.122,6.105,6.127,6.142,5.925,6.174,5.957,6.102,6.122,6.022,5.972
35,H62,5.807,5.949,5.848,5.889,5.962,5.946,6.12,5.827,5.832,5.862,5.953,5.882,5.867,5.987,5.946,5.937,5.941,5.906,5.784,5.903
35,H8,8.223,8.423,8.352,8.385,8.387,8.163,8.108,8.687,8.754,8.569,8.321,8.566,8.419,8.47,8.208,8.461,8.152,8.211,8.15,8.302
35,HO2',4.217,3.902,4.414,4.203,4.075,3.912,3.831,4.723,3.425,3.375,3.711,3.353,3.349,3.642,3.637,2.978,3.594,3.685,5.401,4.22
35,N1,214.195,219.425,218.791,218.042,220.398,221.594,217.739,217.084,215.766,220.805,223.137,222.244,216.914,213.796,216.461,216.092,215.235,215.5,215.03,214.868
35,N3,215.676,226.077,223.85,222.637,227.779,231.983,215.215,219.261,214.326,219.884,227.387,221.644,219.549,212.316,214.126,213.408,214.697,216.33,210.844,215.979
35,N6,78.226,79.152,76.039,73.895,77.571,80.108,75.001,76.428,76.561,76.274,75.537,78.78,73.923,79.596,76.467,77.866,77.493,78.941,79.583,77.807
35,N7,219.288,220.2,219.961,222.405,220.355,231.63,223.919,218.086,222.392,222.645,221.655,224.602,218.519,220.517,222.992,221.862,221.49,221.962,218.95,218.77
35,N9,177.034,182.544,177.437,179.85,181.449,177.215,182.74,176.246,177.912,177.837,174.336,177.523,176.435,181.831,181.547,180.973,178.598,176.438,184.742,176.606
35,P,-20.253,-16.45,-16.112,-18.032,-18.042,-17.943,-19.575,-14.4,-18.723,-17.539,-19.416,-20.749,-18.833,-18.834,-18.301,-18.047,-18.668,-18.554,-19.324,-22.4
36,C1',95.667,95.366,94.68,96.805,101.52,96.697,97.023,94.006,96.079,96.107,95.415,95.046,97.423,96.066,95.86,93.018,97.582,97.769,98.217,99.444
36,C2,141.827,142.403,141.322,141.821,140.965,141.522,141.05,141.257,141.793,141.609,141.273,141.798,141.472,141.511,142.426,140.054,141.876,141.186,141.36,141.634
36,C2',75.337,73.723,74.03,75.751,74.375,77.264,73.88,75.234,75.596,75.77,75.257,74.781,76.54,76.856,75.709,73.874,75.131,72.911,73.485,73.813
36,C3',75.025,73.422,71.76,82.459,73.275,72.509,79.409,81.44,74.601,73.502,73.634,74.48,80.44,80.424,81.239,72.698,71.312,72.811,73.364,74.332
36,C4,145.815,146.087,145.139,146.924,144.387,145.467,144.887,145.696,144.799,144.563,145.515,145.828,146.064,145.977,145.568,143.649,146.161,146.767,145.797,147.552
36,C4',80.573,78.931,78.409,74.38,82.407,80.739,76.969,77.306,79.024,81.456,78.826,80.31,79.82,79.25,75.132,79.124,77.613,78.837,79.383,77.41
36,C5,113.075,114.112,115.116,115.076,112.349,112.81,114.29,113.733,115.704,112.94,115.089,113.652,113.506,114.886,114.21,113.707,114.43,113.908,113.069,114.085
36,C5',62.037,61.824,61.144,67.354,58.965,65.759,65.562,66.92,61.023,62.502,62.149,61.196,70.159,70.457,63.463,61.332,62.741,61.387,62.035,57.926
36,C6,151.464,149.99,152.009,150.753,150.623,149.148,150.391,150.865,150.591,151.143,149.189,150.479,150.665,150.779,151.593,150.57,151.349,150.863,151.321,151.297
36,C8,129.434,129.006,127.011,127.454,128.429,131.524,128.296,126.972,127.659,128.895,128.818,130.966,128.728,127.711,129.399,128.273,127.119,128.254,128.63,128.539
36,H1,12.281,12.186,11.65,11.474,13.248,12.833,12.081,12.659,10.95,11.991,12.047,12.541,13.035,12.842,12.498,11.21,11.827,12.369,11.387,11.861
36,H1',6.245,6.253,5.936,5.138,6.433,6.549,6.245,6.116,6.011,6.548,6.459,6.161,6.302,6.109,5.845,6.571,6.321,6.522,6.257,6.673
36,H2',5.32,5.637,4.816,5.3,5.007,5.028,5.115,5.186,5.306,5.312,5.578,5.38,5.105,4.919,4.278,5.48,4.794,5.386,4.988,5.95
36,H21,9.167,8.026,8.916,7.816,8.98,8.63,6.787,8.995,7.874,8.624,8.864,9.115,8.962,8.606,8.222,6.618,8.05,7.871,9.038,7.866
36,H22,5.043,5.174,4.876,4.846,5.033,5.294,5.074,4.986,5.134,4.743,5.108,4.986,5.06,5.003,5.003,5.319,5.058,4.811,4.908,5.048
36,H3',4.858,4.728,4.716,4.28,4.655,5.052,4.219,4.294,4.544,4.85,4.9,4.98,4.136,4.135,4.331,4.777,4.934,5.022,4.704,4.611
36,H4',4.669,4.7,4.18,4.155,4.335,4.647,4.44,4.066,4.574,4.84,4.777,4.683,4.361,4.719,4.315,4.811,4.353,4.697,4.526,4.647
36,H5',4.455,4.5,4.535,3.532,5.525,4.429,3.898,3.772,4.602,4.544,4.397,5.365,4.088,4.15,4.364,4.822,4.823,4.681,5.313,5.185
36,H5'',4.026,4.238,3.865,3.844,4.117,4.137,4.966,4.014,3.93,4.251,4.596,4.136,3.75,4.071,4.372,4.16,4.042,4.196,4.364,4.117
36,H8,6.852,7.115,7.017,6.911,7.663,8.594,6.918,6.835,7.415,7.935,6.933,7.459,6.358,6.919,7.444,7.068,6.955,7.102,7.482,7.239
36,HO2',3.154,3.108,2.849,3.237,4.079,4.267,3.983,3.25,2.709,3.012,3.493,3.214,2.509,2.508,4.929,2.847,3.279,2.936,3.725,3.221
36,N1,137.378,139.444,138.63,138.457,138.388,137.527,140.705,140.089,138.066,139.342,136.788,138.582,137.071,135.982,137.692,136.567,139.654,140.095,138.161,142.431
36,N2,73.135,72.914,71.904,72.642,71.334,70.306,67.754,75.45,77.259,77.032,71.854,74.194,71.864,69.454,71.506,71.392,71.839,71.75,72.426,72.465
36,N3,165.784,165.118,164.106,164.645,163.649,162.591,166.223,164.153,163.816,163.037,161.879,164.259,159.994,162.251,164.436,163.48,162.546,169.969,166.741,172.328
36,N7,230.644,230.278,237.103,233.789,232.38,228.732,228.445,233.21,233.868,225.258,233.335,229.148,232.096,237.658,230.145,234.092,233.522,234.279,233.783,239.664
36,N9,164.994,166.932,170.079,166.392,167.768,168.701,168.84,164.878,168.378,165.881,166.059,165.971,165.524,169.222,170.076,167.801,170.409,169.614,169.477,165.17
36,P,-18.595,-15.474,-19.666,-21.184,-15.454,-16.761,-21.766,-20.667,-18.548,-18.945,-24.195,-21.326,-18.06,-19.119,-17.748,-19.03,-19.776,-18.281,-20.417,-21.987
37,C1',97.14,101.369,98.417,98.33,97.597,97.519,99.16,97.72,100.877,97.323,101.783,96.977,94.248,97.25,98.592,96.895,99.443,99.903,100.153,101.47
37,C2,149.008,148.712,148.872,147.652,148.829,148.575,149.264,148.307,149.09,149.994,147.598,148.711,148.471,147.834,148.77,148.114,149.64,149.754,149.115,149.456
37,C2',76.455,76.312,76.316,77.148,78.315,76.623,74.919,76.085,76.603,75.27,76.271,76.992,76.112,74.532,77.383,75.837,76.616,77.012,77.139,76.568
37,C3',74.358,73.576,72.853,72.948,74.963,75.547,74.017,72.164,73.989,74.158,77.259,72.623,73.025,74.275,74.003,74.615,71.667,72.528,72.852,72.731
37,C4,148.873,149.073,148.155,147.572,149.579,149.034,148.632,148.184,149.384,148.615,149.461,148.06,148.193,148.151,148.851,148.258,148.756,148.884,147.889,148.897
37,C4',79.274,78.954,80.105,79.084,80.556,78.632,78.096,79.453,80.449,79.179,82.23,79.112,77.805,77.402,79.903,77.618,78.065,80.046,80.034,77.935
37,C5,92.246,91.583,91.704,90.905,92.83,93.02,93.662,91.463,92.038,91.641,94.534,93.742,92.733,92.048,92.904,93.1,93.109,91.927,93.454,91.052
37,C5',63.298,63.96,64.696,64.524,63.692,62.585,63.432,65.015,63.64,61.938,69.5,64.1,62.869,63.152,64.662,63.91,63.26,64.223,65.61,63.951
37,C6,137.551,136.658,134.951,135.031,135.474,137.871,136.904,135.044,134.999,137.975,135.259,136.609,136.92,136.467,136.973,135.851,134.884,136.702,136.118,137.576
37,H1',6.147,6.328,6.263,6.28,6.441,6.258,6.217,6.296,6.542,6.414,6.567,6.359,6.401,6.303,6.726,6.333,6.347,6.448,6.587,6.363
37,H2',5.239,5.112,5.096,4.453,4.547,4.665,5.262,5.247,4.286,5.397,5.366,5.088,5.133,4.852,4.858,4.934,4.997,4.676,4.883,4.557
37,H3',4.641,4.657,4.709,4.515,4.444,4.655,4.732,4.647,4.376,4.671,4.068,4.729,4.869,4.674,4.524,4.538,4.434,4.82,4.72,4.619
37,H4',4.72,4.587,4.718,4.597,4.42,4.45,4.563,4.766,4.422,4.797,4.776,4.589,4.747,4.568,4.522,4.721,4.415,4.611,4.546,4.493
37,H41,9.722,9.179,9.289,9.105,9.289,8.464,9.631,9.794,5.151,4.78,4.834,4.862,4.702,4.934,4.658,4.797,4.697,4.877,4.412,4.715
37,H42,4.721,4.953,4.78,4.865,4.956,4.979,4.575,4.714,8.831,8.892,8.647,9.788,9.764,8.455,9.221,9.019,9.715,9.122,9.841,9.311
37,H5,4.829,4.996,4.592,5.125,5.352,5.354,5.145,4.852,5.386,4.994,5.264,5.118,5.094,5.143,5.068,5.151,4.894,4.678,5.015,5.005
37,H5',4.226,4.289,4.815,4.226,4.447,4.338,4.677,4.43,4.854,4.715,4.343,4.167,4.675,4.531,4.339,4.131,4.99,4.811,4.529,4.208
37,H5'',4.277,4.198,4.113,4.26,4.196,4.528,4.213,4.304,4.078,4.023,3.934,4.277,4.157,4.165,4.219,4.307,4.131,4.137,4.134,4.322
37,H6,8.059,7.786,7.719,7.233,7.464,7.837,7.851,7.739,7.184,8.237,6.914,7.795,7.99,7.782,7.557,7.691,7.408,7.927,7.958,7.181
37,HO2',3.193,4.035,3.478,4.996,3.871,3.081,3.351,3.993,5.825,3.247,3.646,3.291,2.858,2.797,4.993,2.997,3.202,3.78,3.675,3.744
37,N1,150.958,151.653,151.815,154.054,155.207,155.339,150.191,152.361,156.594,154.256,150.423,153.519,154.805,156.446,156.139,153.259,153.995,154.449,156.034,154.288
37,N3,194.731,196.383,192.3,194.514,193.125,193.59,196.237,194.242,193.681,189.808,196.298,190.585,194.334,196.445,194.327,196.912,194.002,193.15,191.596,193.368
37,N4,90.902,90.54,93.597,90.129,89.137,87.669,93.258,94.893,88.323,91.923,86.244,96.497,91.296,91.713,90.658,90.855,95.8,94.255,95.26,86.272
37,P,-17.851,-17.298,-20.152,-18.202,-18.869,-17.64,-19.152,-16.668,-17.881,-17.864,-19.414,-18.535,-19.52,-18.347,-18.826,-17.919,-18.094,-19.959,-18.957,-19.56
38,C1',98.473,97.591,97.215,97.675,95.839,99.522,100.336,99.933,96.434,101.52,99.367,100.797,96.903,99.638,96.451,94.83,99.637,98.323,101.33,100.491
38,C2,145.532,146.842,145.414,145.997,146.273,146.221,144.628,145.247,145.517,145.544,145.635,145.876,146.542,145.55,145.611,146.308,145.581,145.63,145.872,145.559
38,C2',77.298,76.789,76.609,77.244,76.406,75.233,76.185,74.729,75.043,76.073,78.354,76.485,77.759,75.965,75.489,78.923,77.673,76.907,74.349,74.947
38,C3',72.831,72.957,75.594,72.923,74.415,73.22,73.714,73.116,73.345,74.368,72.711,73.552,74.206,74.169,73.693,74.216,74.037,73.362,73.528,73.186
38,C4,155.956,156.901,156.797,155.66,155.905,155.121,155.726,156.99,156.094,156.102,156.088,156.512,155.784,156.181,155.358,156.74,156.825,155.389,156.937,156.791
38,C4',78.348,77.507,78.018,79.28,76.6,78.031,79.839,79.072,77.105,79.711,79.861,79.923,80.981,80.999,77.12,79.314,78.723,79.772,79.421,77.318
38,C5,101.886,104.156,102.365,103.949,104.56,102.803,103.145,104.103,104.304,102.181,102.605,103.584,103.139,100.9,103.683,105,104.006,101.502,102.361,102.655
38,C5',63.838,63.697,63.911,63.869,64.533,63.49,63.84,62.204,63.725,62.892,62.803,63.807,64.529,63.173,63.771,64.787,62.357,65.203,63.005,62.951
38,C6,136.574,137.793,138.076,137.655,140.665,137.06,135.253,137.086,139.621,136.285,137.812,136.578,138.364,137.914,137.846,137.335,136.674,139.239,136.875,136.421
38,H1',6.487,6.736,6.15,6.678,6.463,6.26,6.311,6.286,6.417,6.377,6.814,6.458,6.458,6.217,6.315,6.787,6.556,6.471,6.208,6.302
38,H2',5.129,4.555,4.976,4.386,5.299,5.368,4.791,4.995,5.366,4.501,4.412,4.464,5.074,4.943,5.269,4.527,4.31,4.503,4.483,4.519
38,H3,12.013,12.557,12.811,13.305,12.487,12.408,11.503,13.149,13.371,13.545,10.699,13.22,12.21,13.345,11.606,12.871,11.619,13.336,12.582,12.03
38,H3',4.378,4.603,4.476,4.527,4.858,4.628,4.335,4.577,4.786,4.381,4.707,4.445,4.677,4.732,4.722,4.731,4.372,4.792,4.414,4.501
38,H4',4.414,4.524,4.74,4.416,4.708,4.661,4.593,4.571,4.623,4.443,4.658,4.508,4.794,4.688,4.673,4.605,4.432,4.646,4.467,4.526
38,H5,5.423,5.584,5.7,5.766,5.816,5.51,5.43,5.397,5.733,5.584,5.825,5.529,5.643,5.599,5.82,5.715,5.771,5.499,5.638,5.626
38,H5',4.279,4.578,4.453,4.525,4.333,4.361,4.357,4.658,4.592,4.155,4.604,4.358,4.226,4.651,4.514,4.233,4.883,4.707,4.773,4.585
38,H5'',4.266,4.209,4.236,4.426,4.32,4.276,4.239,4.159,4.133,4.316,4.135,4.293,4.316,4.156,4.414,4.347,4.245,4.079,4.205,4.19
38,H6,7.727,7.788,8.231,7.905,8.631,8.01,7.334,7.953,8.369,7.562,7.975,7.618,8.249,8.257,8.302,8.078,7.589,8.29,7.811,7.869
38,HO2',4.209,4.081,2.713,4.18,3.209,3.31,5.045,3.59,3.063,5.339,5.475,4.709,3.542,3.398,2.948,2.919,4.514,3.695,4.97,4.685
38,N1,160.392,162.004,158.006,161.533,160.382,158.933,155.535,157.634,159.703,158.285,162.605,158.967,161.549,158.863,158.241,159.009,159.942,160.366,158.339,158.159
38,N3,163.236,166.799,164.381,163.243,164.415,162.445,170.534,164.658,163.465,165.945,162.244,164.534,166.122,165.316,165.714,165.268,162.481,164.653,165.767,163.829
38,P,-16.895,-19.498,-16.782,-15.14,-17.66,-18.48,-17.465,-18.201,-17.14,-17.953,-16.652,-16.216,-16.513,-18.318,-15.723,-18.359,-16.593,-17.992,-17.659,-17.712
39,C1',96.659,95.943,98.206,96.299,95.544,98.097,97.071,97.799,97.279,96.881,98.512,98.707,97.182,94.236,98.37,99.047,97.237,96.119,97.16,97.869
39,C2,147.837,148.597,147.765,148.765,149.35,147.757,148.974,148.182,148.081,148.065,148.597,149.162,147.342,148.674,147.112,149.04,148.924,147.994,149.5,148.858
39,C2',76.356,75.947,76.997,76.215,76.57,76.082,78.309,77.051,79.117,76.856,76.643,76.173,75.99,77.909,75.958,75.707,76.024,75.988,79.482,79.535
39,C3',77.492,73.036,73.863,72.066,73.496,74.249,74.068,73.561,74.873,72.529,73.35,72.155,73.543,75.683,74.876,73.816,73.052,69.859,73.085,76.898
39,C4,148.458,147.435,148.434,148.671,147.947,148.558,147.887,148.185,147.384,146.965,148.824,147.396,148.137,148.514,148.791,147.971,147.213,147.67,149.237,148.826
39,C4',78.006,77.079,77.385,78.263,79.134,77.362,80.028,77.698,78.38,78.449,80.415,78.344,78.892,78.167,80.268,79.051,78.758,77.956,78.593,80.041
39,C5,92.906,93.554,90.928,93.686,93.964,92.322,91.369,91.691,93.452,94.014,93.104,93.012,91.896,93.623,91.983,92.531,93.941,93.578,92.571,92.622
39,C5',69.898,63.679,64.726,63.34,63.526,62.179,65.776,64.427,64.626,63.03,65.206,63.36,63.705,63.234,63.476,63.723,63.898,64.544,64.293,63.943
39,C6,135.587,138.621,136.976,134.596,136.29,136.948,137.251,137.955,134.212,135.072,136.391,136.893,136.899,137.72,135.809,136.951,138.683,135.876,139.223,137.119
39,H1',6.374,6.335,6.782,6.492,6.377,6.305,6.866,6.745,6.507,6.459,6.34,6.672,6.271,6.738,6.05,6.627,6.524,6.816,6.952,6.55
39,H2',5.379,5.188,4.381,4.694,5.559,4.855,4.669,4.818,4.62,5.139,5.408,4.804,5.58,4.339,5.607,4.41,4.942,5.073,4.311,4.471
39,H3',4.159,4.511,4.619,4.68,4.503,4.556,4.5,4.438,4.43,4.446,4.528,4.411,4.662,4.643,4.459,4.699,4.557,4.721,4.797,4.466
39,H4',4.858,4.704,4.665,4.442,4.781,4.487,4.502,4.424,4.632,4.615,4.754,4.325,4.828,4.459,4.786,4.381,4.419,4.599,4.498,4.375
39,H41,8.444,8.396,8.752,9.764,9.703,8.127,6.908,8.414,9.419,8.297,8.442,8.056,9.313,9.25,9.084,8.701,7.754,9.015,9.055,8.452
39,H42,5.882,4.868,4.895,4.677,4.598,4.763,4.876,4.953,4.7,4.813,4.76,4.794,4.706,4.953,4.608,5.019,5.158,4.482,4.919,5.064
39,H5,5.735,5.293,5.418,5.56,5.591,5.577,5.424,5.323,5.524,5.614,5.334,5.535,5.614,5.813,5.386,5.171,5.506,5.507,5.618,5.459
39,H5',4.594,4.699,4.284,4.49,4.258,4.824,4.53,4.509,4.44,4.468,4.469,4.618,4.703,4.6,4.168,4.098,4.347,4.426,4.508,4.53
39,H5'',4.457,4.012,4.325,4.292,4.326,4.197,4.24,4.187,4.396,4.318,4.272,4.273,4.112,4.184,4.246,4.239,4.289,4.391,4.309,4.236
39,H6,7.725,7.854,7.614,7.593,7.609,7.609,7.705,7.76,7.339,7.605,7.768,7.433,8.257,7.819,7.532,7.635,7.806,7.691,8.099,7.584
39,HO2',3.209,3.178,3.465,3.573,3.121,3.312,2.961,3.938,2.972,3.206,3.284,4.55,3.197,3.003,2.905,4.043,3.333,3.499,3.545,3.084
39,N1,149.974,155.346,155.657,153.637,153.719,153.974,161.746,159.347,152.342,156.163,153.027,159.439,151.385,159.662,149.382,158.072,157.461,156.68,161.516,156.471
39,N3,195.909,197.564,196.798,192.335,192.429,195.764,195.272,194.463,201.138,198.341,193.443,196.642,202.059,195.912,194.447,193.852,196.237,196.158,197.783,197.744
39,N4,98.043,91.956,86.952,97.951,92.842,85.18,84.417,87.731,91.373,91.743,87.37,90.906,86.273,86.272,85.679,95.842,96.702,91.616,88.334,88.702
39,P,-17.064,-19.798,-17.251,-16.977,-15.264,-17.025,-15.931,-18.997,-15.748,-16.698,-16.172,-16.689,-17.834,-18.804,-15.959,-19.819,-20.266,-16.913,-16.998,-16.215
40,C1',94.942,97.574,99.416,99.416,98.373,96.756,95.226,98.091,98.394,97.678,98.861,96.218,99.34,97.44,93.993,98.334,98.006,98.536,94.758,92.65
40,C2,145.177,145.994,146.665,146.922,146.27,146.84,146.829,146.446,145.379,144.939,146.317,144.952,145.66,145.897,146.575,145.381,145.155,145.925,146.384,147.304
40,C2',77.388,77.588,77.507,76.246,77.334,77.646,78.114,78.8,75.973,76.3,77.4,76.677,77.248,77.817,77.056,78.18,79.548,77.725,80.816,77.832
40,C3',74.701,73.732,75.67,71.914,72.963,74.274,75.859,75.351,75.116,74.269,74.592,74.17,74.701,74.59,81.266,74.041,72.264,75.824,77.292,77.472
40,C4,154.971,155.11,154.874,154.56,153.957,153.156,154.959,155.153,155.925,154.88,153.83,153.882,154.089,155.436,154.734,154.099,155.055,155.168,153.422,156.08
40,C4',77.785,79.062,78.553,76.967,77.994,78.104,79.688,80.073,78.614,79.173,77.963,77.653,78.372,79.88,82.223,78.614,84.262,79.497,86.189,85.304
40,C5,102.887,107.269,103.649,105.587,106.569,104.287,102.987,104.366,103.969,105.952,103.528,107.18,104.72,102.323,105.439,103.782,105.699,102.93,103.5,105.628
40,C5',62.091,64.021,63.192,60.827,62.525,62.75,60.792,61.579,64.863,62.036,62.356,62.844,61.92,65.894,66.415,63.635,64.09,63.147,69.201,69.439
40,C6,136.273,137.676,136.67,135.486,136.147,137.029,139.321,137.638,138.002,135.989,137.155,135.103,138.253,137.801,136.326,139.154,137.458,138.205,136.194,137.127
40,H1',6.835,6.328,6.672,6.772,6.354,6.372,6.623,6.882,6.009,6.045,6.145,6.276,6.407,6.535,7.083,6.934,6.803,6.228,6.632,6.719
40,H2',4.582,4.643,4.576,4.865,5.231,5.278,4.81,4.333,5.198,4.76,4.488,4.714,4.679,4.724,4.082,4.77,4.674,4.902,4.136,3.953
40,H3,7.06,7.744,7.824,11.665,10.027,11.041,10.053,11.034,7.437,7.37,7.212,7.334,7.79,9.235,11.186,7.549,8.316,7.598,7.407,11.341
40,H3',4.6,4.436,4.678,4.384,4.46,4.707,4.683,4.832,4.5,4.506,4.362,4.47,4.641,4.953,4.937,4.778,4.563,4.273,4.762,4.703
40,H4',4.681,4.381,4.427,4.578,4.6,4.8,4.589,4.412,4.759,4.696,4.322,4.563,4.672,4.848,5.027,4.37,4.365,4.634,5.134,4.791
40,H5,5.591,5.778,5.629,5.393,5.667,5.849,5.851,5.819,5.726,5.786,5.758,5.781,5.636,5.93,5.693,5.757,5.794,5.803,5.326,5.748
40,H5',4.184,4.216,4.224,4.497,4.148,4.572,4.81,4.799,4.395,4.605,4.728,4.395,4.762,4.333,4.865,4.395,4.189,4.6,4.453,4.29
40,H5'',4.101,4.291,4.293,4.329,4.314,4.083,4.657,4.316,4.118,4.139,4.167,4.196,4.057,4.206,4.186,4.32,4.222,4.082,4.341,4.437
40,H6,8.03,7.72,7.734,7.554,8.099,8.172,8.128,8.083,8.12,7.688,7.977,7.834,7.746,8.429,8.112,8.232,8.069,7.856,7.61,7.786
40,HO2',3.065,3.244,3.604,3.573,4.299,3.233,3.261,3.225,3.057,2.862,2.629,2.854,3.291,3.271,4.601,3.976,4.037,2.95,2.893,2.724
40,N1,156.958,160.429,158.704,155.936,154.141,152.127,162.322,162.981,156.258,158.655,158.764,155.914,156.789,160.709,155.851,161.79,162.805,158.625,154.882,156.712
40,N3,160.186,161.523,160.919,161.639,166.264,163.753,161.663,161.794,160.801,161.147,161.928,159.941,158.077,167.075,163.878,161.074,162.772,163.635,159.818,162.886
40,P,-18.716,-18.029,-17.853,-19.436,-17.937,-18.15,-15.602,-16.997,-15.775,-16.896,-17.605,-16.902,-16.96,-19.717,-17.352,-17.835,-15.729,-17.238,-18.122,-17.289
41,C1',98.868,98.374,98.956,100.525,100.159,97.141,97.057,98.765,98.001,99.592,99.824,97.792,99.546,99.024,98.265,100.163,98.403,95.538,99.2,94.802
41,C2,148.517,148.832,148.213,148.229,148.523,149.426,147.345,148.071,149.412,149.56,147.905,148.546,149.376,148.051,149.313,148.62,148.204,148.562,150.353,147.448
41,C2',75.992,74.956,74.261,74.614,76.239,75.151,76.451,75.734,77.012,75.734,74.224,75.871,75.3,75.414,76.625,74.842,75.844,76.222,75.337,77.974
41,C3',74.025,72.246,72.864,74.562,72.547,74.499,72.94,72.04,73.84,74.273,72.598,73.764,75.328,73.486,73.668,71.59,74.638,72.771,71.88,73.353
41,C4,149.144,148.614,149.613,149.64,149.195,148.118,149.439,149.354,150.061,150.276,148.719,149.824,149,149.346,149.81,149.876,148.205,148.932,149.945,148.976
41,C4',79.152,78.347,77.524,82.125,79.972,76.875,79.682,78.989,77.035,78.858,76.978,78.626,80.332,77.833,78.937,78.573,80.236,80.329,80.009,76.722
41,C5,91.368,91.358,90.92,95.246,92.063,92.905,91.652,91.845,91.47,93.304,92.955,93.93,93.895,91.938,90.668,91.378,89.888,90.257,92.239,91.425
41,C5',63.299,64.713,67.157,62.56,64.313,64.5,63.271,64.123,64.618,63.162,63.896,63.271,64.898,65.351,63.98,66.78,63.365,65.465,65.04,64.378
41,C6,137.345,136.433,138.362,137.085,137.731,137.358,136.419,136.119,138.419,136.576,135.372,135.52,136.714,135.199,139.252,138.811,138.871,140.756,136.606,137.07
41,H1',6.326,6.474,6.142,5.962,5.907,6.632,6.155,6.369,6.6,6.414,6.491,6.328,6.434,6.285,6.49,6.243,6.351,6.051,6.454,6.534
41,H2',4.887,4.673,5.397,5.033,4.98,5.375,5.124,5.24,4.589,4.701,5.047,4.882,4.866,5.208,5.402,5.386,5.102,5.598,4.823,5.089
41,H3',4.356,4.536,4.756,4.846,4.795,4.904,4.513,4.482,4.894,4.74,4.856,4.807,5.059,4.563,4.319,4.91,4.283,4.493,4.765,4.557
41,H4',4.521,4.721,4.67,4.571,4.627,4.862,4.628,4.5,4.547,4.504,4.583,4.675,4.652,4.529,4.596,4.748,4.813,4.753,4.647,4.648
41,H41,9.203,8.075,9.197,9.02,8.215,8.601,9.546,8.37,6.746,8.132,9.087,8.961,9.279,9.027,8.942,8.163,6.754,8.496,9.585,7.725
41,H42,5.155,5.35,5.168,4.687,4.833,4.888,4.876,4.674,4.711,4.779,4.253,5.029,4.679,4.619,5.118,5.318,5.44,5.184,4.953,5.649
41,H5,5.631,5.792,5.646,6.508,5.998,5.604,5.721,5.557,5.385,5.417,5.374,5.673,5.416,5.306,5.745,5.714,5.63,5.719,5.675,6.004
41,H5',4.271,4.386,4.697,4.344,4.309,4.355,4.334,4.442,4.395,4.768,4.484,4.147,4.312,4.399,4.818,4.614,4.794,4.84,4.294,4.502
41,H5'',4.035,4.413,4.239,4.317,4.07,4.226,4.096,4.11,4.243,4.036,4.222,4.25,4.113,4.058,4.459,4.046,4.17,4.299,4.196,4.255
41,H6,7.891,7.86,8.334,8.192,7.801,8.073,7.957,8.233,7.813,7.675,7.9,7.726,8.141,7.768,8.107,7.902,7.762,8.007,7.887,8.034
41,HO2',3.036,4.039,3.24,3.208,3.382,3.038,3.51,2.987,3.364,2.994,3.12,3.231,2.722,2.562,3.624,3.305,3.006,3.462,3.945,2.914
41,N1,153.299,155.81,153.905,149.762,154.178,152.515,155.211,155.533,157.873,153.991,152.891,152.708,158.394,155.329,154.28,153.392,153.655,149.595,158.868,156.258
41,N3,200.374,201.625,195.124,200.493,193.233,200.692,197.668,192.946,197.764,194.095,198.082,198.029,193.552,194.535,196.901,200.824,205.072,197.694,192.318,194.275
41,N4,81.266,86.523,82.286,86.899,86.09,86.595,88.388,86.318,88.291,88.433,90.853,86.785,91.789,88.542,83.875,84.282,82.329,84.58,89.048,89.288
41,P,-18.801,-16.439,-19.707,-17.402,-19.53,-18.543,-19.816,-19.647,-15.718,-18.613,-18.567,-17.763,-19.059,-19.412,-18.348,-19.94,-18.211,-20.588,-18.333,-15.628
42,C1',97.266,95.82,99.47,98.69,99.455,100.102,98.969,99.766,99.744,98.917,100.808,96.544,100.876,99.502,96.973,97.682,97.999,99.416,97.765,97.998
42,C2,146.379,147.639,146.065,145.692,144.974,145.373,145.546,145.11,146.497,146.816,146.215,144.914,146.216,145.028,146.255,146.094,145.77,145.023,145.706,145.562
42,C2',74.899,77.157,74.492,75.055,75.717,74.063,74.196,76.418,77.657,76.28,74.633,75.492,76.168,74.59,75.845,76.666,75.151,76.346,76.222,74.842
42,C3',71.531,73.24,73.495,73.269,73.403,73.088,76.117,75.008,73.883,73.908,73.683,73.976,74.117,77.177,73.719,71.035,72.191,73.556,73.052,72.595
42,C4,156.693,156.934,156.106,155.78,157.035,156.514,156.823,158.058,156.483,156.266,157.57,156.261,156.368,156.698,156.6,156.931,157.705,156.991,155.883,156.794
42,C4',79.249,79.24,78.526,79.775,76.084,78.27,78.419,82.492,78.591,79.005,78.97,79.489,81.925,77.283,77.471,79.59,77.309,77.53,79.106,77.574
42,C5,105.856,102.692,104.298,104.438,102.939,100.707,105.525,104.002,101.855,102.14,103.92,103.465,100.651,104.707,101.888,102.483,105.602,103.075,102.53,100.991
42,C5',63.788,63.577,62.451,64.577,63.988,63.393,68.412,71.89,64.466,64.435,62.466,64.816,64.927,67.237,63.696,63.859,64.035,63.599,63.424,62.734
42,C6,136.111,135.942,137.685,136.617,137.617,137.573,137.424,135.423,137.275,138.478,136.951,136.477,138.158,136.673,137.892,137.496,136.779,138.111,137.627,137.193
42,H1',6.501,6.29,6.41,6.449,6.293,6.028,6.219,6.406,6.41,6.369,6.626,6.249,6.23,6.101,6.308,6.663,6.446,6.491,6.506,6.241
42,H2',5.392,4.917,4.496,4.952,5.031,5.652,5.895,5.387,5.165,5.419,4.883,5.219,5.233,5.32,5.127,4.474,5.426,4.611,4.781,5.128
42,H3,11.029,11.391,11.196,10.357,12.439,11.668,12.041,12.022,12.215,11.935,12.455,12.42,12.432,11.886,11.282,11.907,11.823,12.626,11.934,12.622
42,H3',5.008,4.822,4.731,5.052,4.802,4.769,4.19,4.093,4.801,4.74,4.594,4.72,4.762,4.179,4.564,4.725,4.822,4.576,4.764,4.545
42,H4',4.671,4.627,4.415,4.507,4.63,4.718,4.815,4.666,4.576,4.674,4.524,4.851,4.743,4.878,4.777,4.592,4.606,4.624,4.522,4.771
42,H5,5.741,5.726,5.554,5.681,5.614,5.504,5.692,5.817,5.599,5.627,5.696,5.236,5.469,5.665,5.57,5.724,5.886,5.794,5.766,5.667
42,H5',4.824,4.73,4.49,4.29,4.828,4.276,4.469,4.507,4.541,4.37,4.388,4.587,4.539,4.563,4.276,4.632,4.782,4.213,4.727,4.214
42,H5'',4.092,4.249,4.213,4.265,4.286,4.247,4.172,4.446,4.181,4.219,4.256,4.15,4.107,4.175,4.494,4.216,4.059,4.284,4.249,4.463
42,H6,8.236,8.05,7.853,8.338,7.84,8.208,7.675,7.494,8.51,8.299,7.635,8.139,8.481,7.566,7.859,8.084,8.403,7.695,8.266,7.819
42,HO2',3.704,3.691,4.061,3.897,3.511,3.504,3.122,2.978,3.333,3.253,4.559,3.033,3.979,4.265,3.06,4.803,4.134,4.428,4.543,4.783
42,N1,158.765,158.206,159.983,160.072,156.032,156.145,151.99,154.64,157.18,157.739,159.201,154.828,157.755,154.327,159.794,162.058,158.671,158.68,159.945,157.556
42,N3,161.282,164.241,159.876,162.755,165.93,163.522,168.729,163.305,164.904,163.503,163.35,163.103,165.798,167.043,162.461,163.386,164.085,163.909,163.608,165.274
42,P,-19.668,-19.427,-20.327,-20.138,-16.885,-19.132,-20.57,-20.796,-17.795,-17.259,-17.706,-18.674,-18.181,-18.842,-16.493,-18.894,-19.644,-17.382,-20.052,-17.186
43,C1',98.498,96.741,96.288,98.377,94.826,97.762,98.589,96.369,96.877,98.015,98.07,98.572,98.186,101.324,94.907,95.82,94.638,97.07,94.347,96.742
43,C2,141.795,142.67,142.853,142.111,141.789,141.859,140.793,141.676,141.636,140.763,141.974,141.44,141.975,140.751,141.737,142.726,141.506,141.797,142.505,141.404
43,C2',76.724,77.853,75.99,75.141,75.477,75.862,75.127,76.077,75.758,74.765,74.569,76.464,74.783,75.944,74.867,76.092,76.16,76.258,76.435,73.615
43,C3',74.187,80.464,73.514,74.135,74.973,72.36,72.296,80.488,77.761,75.872,73.404,74.461,73.386,75.767,74.195,71.831,74.608,72.952,73.61,76.07
43,C4,146.422,146.613,145.713,147.042,144.702,145.586,146.146,145.294,146.002,145.987,146.379,146.969,145.904,145.58,146.531,146.116,146.286,146.313,145.593,147.224
43,C4',79.722,78.015,79.996,79.675,78.754,80.715,77.55,73.966,77.365,79.762,78.577,80.555,79.207,80.573,76.354,77.37,78.727,78.368,78.657,79.075
43,C5,112.638,115.864,113.126,111.672,113.591,113.316,112.322,113.022,113.624,114.237,113.395,113.997,112.53,114.559,115.328,113.4,113.601,113.381,114.008,113.261
43,C5',63.128,68.373,64.372,63.813,63.426,63.692,62.668,68.171,69.622,69.662,63.096,64.626,63.11,62.476,62.534,63.146,63.21,63.483,63.604,62.4
43,C6,151.745,150.046,150.855,151.186,150.478,151.325,150.891,150.462,150.734,150.953,150.884,150.733,150.594,150.138,150.455,150.919,150.432,151.113,150.786,150.721
43,C8,125.866,126.509,126.77,126.422,126.88,126.384,126.143,126.307,126.067,125.347,126.266,127.529,127.988,127.735,127.28,126.735,125.87,127.241,126.681,128.343
43,H1,12.215,11.382,13.059,12.436,12.247,12.322,11.235,12.508,10.905,12.492,11.479,11.944,10.961,11.762,11.348,12.999,11.519,11.423,13.083,11.679
43,H1',6.337,6.54,6.356,6.216,6.405,6.531,6.34,6.374,6.391,6.568,6.241,6.536,6.111,6.521,6.414,6.465,6.291,6.456,6.441,6.209
43,H2',4.342,5.528,4.582,4.476,5.208,4.477,4.955,5.435,5.278,5.315,5.095,4.897,4.586,5.186,5.613,4.898,4.989,4.614,5.477,5.479
43,H21,8.588,8.21,8.792,8.533,9.059,8.409,8.768,8.819,8.341,8.418,8.708,7.357,8.094,8.681,7.459,8.562,7.841,8.615,9.253,8.114
43,H22,4.413,4.924,5.156,5.035,5.083,4.667,4.806,5.131,4.972,4.842,4.865,4.887,5.124,5.06,4.813,5.146,4.534,4.801,5.174,4.765
43,H3',4.567,4.414,4.769,4.586,4.663,4.617,4.821,4.162,4.404,4.164,5.042,4.791,4.809,4.737,4.727,4.815,4.506,4.82,4.708,4.699
43,H4',4.53,4.991,4.528,4.33,4.598,4.503,4.614,4.869,4.907,4.916,4.497,4.663,4.379,4.488,4.683,4.319,4.622,4.434,4.717,4.651
43,H5',4.601,4.694,4.446,4.338,4.41,4.544,4.263,4.484,4.54,4.497,4.481,4.369,4.656,4.682,4.272,4.555,4.45,4.601,4.371,4.775
43,H5'',4.217,4.301,4.265,4.384,4.163,4.192,4.159,4.294,4.403,4.306,4.248,4.343,4.321,4.173,4.378,4.293,4.315,4.299,4.274,4.23
43,H8,7.117,7.541,7.672,7.223,7.628,7.327,7.187,7.041,7.217,7.136,7.549,7.773,7.389,7.586,7.73,7.461,7.258,7.816,7.829,8.045
43,HO2',3.986,3.718,5.108,4.104,2.768,4.227,4.063,3.76,3.479,3.307,3.123,3.448,3.609,3.388,3.731,3.179,3.137,3.886,3.152,2.764
43,N1,139.332,138.424,139.279,137.695,136.398,138.395,135.468,135.304,135.836,138.795,136.281,139.563,135.683,136.399,137.793,138.697,136.969,137.753,138.074,138.342
43,N2,73.898,73.819,74.942,70.422,74.203,71.687,76.239,70.93,79.613,76.808,73.303,72.999,76.649,74.741,75.195,69.012,75.687,75.336,71.895,78.421
43,N3,163.039,162.136,160.729,162.85,159.799,163.956,163.814,161.244,167.022,164.568,163.121,162.786,167.114,167.771,164.008,159.67,163.391,162.78,161.908,166.337
43,N7,233.6,234.302,239.531,239.024,233.533,233.468,235.693,234.386,235.737,233.992,239.174,232.624,231.693,231.483,233.55,238.734,234.426,232.275,233.487,229.742
43,N9,169.817,164.335,169.643,166.303,167.535,169.488,169.55,166.091,166.873,169.385,167.972,170.489,169.108,167.312,166.251,169.23,166.311,169.598,165.912,167.645
43,P,-17.456,-15.001,-17.619,-18.051,-17.556,-18.631,-18.531,-18.468,-15.23,-18.375,-19.553,-18.011,-16.293,-17.603,-16.976,-17.728,-16.659,-14.8,-17.802,-18.049
44,C1',98.469,96.834,93.521,95.845,98.876,96.906,96.913,97.401,95.919,97.897,95.385,96.581,93.866,97.401,99.084,96.999,95.559,95.682,96.712,99.98
44,C2,149.286,148.14,148.078,149.166,148.495,149.435,148.919,149.658,147.999,148.55,149.212,147.618,149.77,149.176,148.76,148.671,149.576,148.522,149.324,149.535
44,C2',74.665,76.599,77.889,77.963,76.565,74.615,74.35,76.987,79.293,76.746,77.118,76.323,79.123,77.646,75.139,76.056,79.716,76.458,75.691,75.813
44,C3',71.563,71.389,72.514,72.385,71.467,72.704,72.471,73.029,71.874,72.47,72.424,73.567,72.48,73.872,71.94,72.319,73.676,72.096,73.258,72.645
44,C4,150.051,149.282,149.191,148.643,149.053,148.595,149.26,150.794,147.554,148.539,149.926,149.157,149.755,149.08,148.09,149.103,150.213,149.846,149.096,148.583
44,C4',78.054,78.151,78.417,79.401,78.061,78.879,76.629,78.277,81.627,79.6,78.434,77.56,78.115,77.337,77.751,78.005,77.68,78.097,77.194,79.159
44,C5,94.782,94.268,95.485,93.288,92.992,94.778,93.477,94.011,94.108,92.373,94.479,94.455,93.882,93.166,95.064,94.094,94.136,94.234,94.748,91.877
44,C5',64.031,63.449,60.566,64.292,62.025,63.595,62.704,63.449,63.215,62.397,63.3,61.989,62.061,63.045,62.196,62.534,60.79,63.043,63.083,62.524
44,C6,135.075,135.685,135.709,138.244,135.663,136.355,134.985,135.684,134.808,135.253,135.692,134.646,136.253,136.289,133.903,135.93,134.407,134.877,136.193,137.03
44,H1',6.437,6.6,6.287,6.878,6.586,6.584,6.187,6.586,6.847,6.412,6.871,6.231,6.354,6.459,6.305,6.651,6.048,6.799,6.232,6.296
44,H2',4.761,4.948,4.674,4.514,4.991,4.988,4.997,4.692,4.636,4.851,4.723,4.634,4.567,4.685,5.131,4.828,4.637,4.678,5.029,5.059
44,H3',4.178,4.236,4.345,4.328,4.518,4.453,4.235,4.19,4.511,4.102,4.24,4.224,4.218,4.33,3.975,4.411,4.235,4.347,4.307,4.487
44,H4',4.224,4.574,4.622,4.473,4.529,4.393,4.5,4.395,4.693,4.487,4.422,4.526,4.787,4.485,4.52,4.431,4.767,4.587,4.705,4.568
44,H41,9.25,9.448,9.035,8.312,9.156,9.06,9.361,8.948,8.883,9.203,8.962,9.058,9.555,9.309,9.06,9.447,9.493,9.428,9.749,10.117
44,H42,5.164,4.87,4.856,4.643,4.982,4.81,5.08,5.173,5.018,5.027,5.11,5.073,5.032,4.916,5.081,5.109,5.219,5.07,5.036,5.039
44,H5,4.98,5.164,5.587,5.044,5.07,5.075,4.952,5.247,5.094,4.966,5.391,5.198,5.071,5.077,5.078,5.267,5.153,5.282,5.116,4.756
44,H5',4.725,4.323,4.516,4.427,4.81,4.45,4.816,4.214,4.766,4.829,4.489,4.324,4.662,4.9,4.224,4.91,4.116,4.752,4.175,4.954
44,H5'',4.052,4.073,5.283,4.165,3.98,4.026,4.112,4.266,3.962,3.952,3.825,4.127,5.109,4.137,4.223,3.883,5.224,3.971,4.077,4.053
44,H6,7.373,7.542,7.679,7.79,7.338,7.383,7.025,7.455,7.737,7.614,7.696,7.563,7.661,7.018,7.136,7.553,7.484,7.736,7.327,7.747
44,HO2',3.672,4.013,3.509,4.537,4.269,3.222,3.258,3.431,4.946,3.954,3.698,3.403,3.528,4.124,3.928,3.711,3.293,3.27,3.345,3.132
44,N1,152.318,154.583,153.176,158.328,153.117,154.795,151.439,154.635,156.265,153.722,157.764,150.677,153.516,154.663,151.072,155.876,151.748,154.73,150.97,152.97
44,N3,193.212,195.276,192.135,192.299,196.437,197.194,196.13,195.758,194.523,195.933,190.287,197.334,194.313,195.212,193.917,192.98,197.352,194.673,195.669,194.395
44,N4,92.823,90.263,89.212,89.563,86.268,93.072,90.438,87.225,90.787,90.791,89.102,88.517,89.492,91.745,92.077,91.44,89.059,90.689,89.078,91.318
44,P,-21.692,-16.85,-21.338,-20.857,-20.739,-20.684,-21.835,-19.233,-22.812,-19.014,-18.587,-19.417,-21.322,-20.336,-18.181,-21.349,-19.524,-22.565,-21.119,-22.452
45,C1',95.824,91.367,92.786,93.132,95.002,94.905,96.332,94.854,94.421,95.252,99.219,93.734,96.63,97.289,96.586,92.789,95.823,97.814,95.379,90.751
45,C2,149.183,150.807,148.711,150.245,150.327,149.459,150.205,149.298,149.483,149.129,149.283,149.467,149.704,148.641,149.474,149.939,149.239,149.555,149.106,149.633
45,C2',77.901,74.574,78.044,79.064,78.066,79.667,77.771,78.918,77.022,78.887,79.094,77.706,80.649,77.342,76.129,78.382,79.69,79.083,79.953,78.575
45,C3',77.903,76.642,74.005,73.638,74.257,76.196,74.771,78.275,72.994,76.589,76.237,75.29,76.9,70.757,71.49,76.639,78.109,74.568,72.463,71.209
45,C4,148.674,149.471,148.057,148.257,149.029,147.671,149.347,148.66,149.324,149.358,149.1,149.006,148.697,148.439,149.874,149.369,149.588,149.058,149.521,148.885
45,C4',87.688,81.671,86.301,86.559,84.174,87.566,86.001,87.451,88.288,88.057,88.727,85.721,87.581,76.904,82.717,84.928,85.898,90.849,86.142,86.388
45,C5,90.96,91.702,89.417,90.953,91.928,92.885,92.579,89.684,91.688,91.163,91.538,89.836,90.48,90.306,92.988,91.736,91.315,90.957,92.088,90.513
45,C5',69.546,68.939,67.756,69.349,69.716,68.83,69.938,69.633,68.883,68.923,68.661,67.921,68.589,64.385,68.948,68.143,68.135,70.063,69.839,67.654
45,C6,138.532,137.33,138.685,135.932,137.958,137.629,139.52,139.265,136.919,136.177,139.313,138.007,138.304,137.411,135.529,137.519,137.688,139.546,136.943,138.18
45,H1',6.839,6.823,6.725,6.746,6.966,6.871,6.88,6.798,6.883,6.687,6.892,6.759,6.868,6.599,6.431,6.791,6.655,6.859,6.932,6.532
45,H2',4.453,3.832,4.425,3.752,3.929,4.128,4.575,4.4,4.037,4.177,4.152,4.577,4.447,4.072,3.246,4.167,4.597,4.282,3.774,3.959
45,H3',4.62,4.608,4.573,4.638,5.032,4.687,4.775,4.46,4.515,4.111,4.807,4.577,4.711,4.184,4.428,4.504,4.48,4.693,4.764,4.447
45,H4',4.915,4.641,4.927,4.828,4.944,4.899,4.813,4.88,4.909,4.789,4.841,4.808,4.889,4.35,4.483,4.737,4.763,5.033,4.863,4.759
45,H41,6.853,5.785,8.621,5.649,5.578,6.218,7.232,7.67,9.353,9.316,7.312,8.785,7.656,5.613,9.23,9.934,7.665,7.174,9.082,9.297
45,H42,5.161,8.912,5.432,7.46,5.082,5.076,4.986,5.015,5.448,4.767,4.835,4.937,5.025,4.679,4.916,5.136,4.953,5.152,5.102,4.92
45,H5,5.695,6.028,5.737,5.711,5.666,5.801,5.795,5.648,5.936,5.645,5.674,5.621,5.679,5.146,5.986,5.635,5.694,5.648,5.719,5.712
45,H5',4.319,4.352,4.332,4.389,4.195,4.3,4.205,4.284,4.279,4.512,4.269,4.304,4.292,4.585,4.51,4.177,4.28,4.245,4.269,4.355
45,H5'',4.399,3.971,4.199,4.277,4.39,4.245,4.384,4.179,4.152,4.168,3.957,4.162,4.146,4.017,4.072,4.082,4.205,4.165,4.186,4.258
45,H6,7.979,7.477,7.733,7.644,7.642,7.921,8.039,8.067,7.945,8.006,8.19,8.356,7.924,7.667,7.527,7.966,7.998,8.011,7.823,8.356
45,HO2',5.167,3.54,6.242,5.834,6.089,4.995,6.583,4.421,6.323,5.183,4.76,6.724,4.925,3.56,3.98,5.759,4.992,5.294,6.337,5.735
45,HO3',3.093,4.433,3.847,2.718,3.454,3.544,3.079,2.569,4.203,3.092,3.405,3.807,2.41,5.041,6.467,2.984,2.841,4.043,3.476,3.769
45,N1,157.214,152.463,153.852,151.025,156.711,156.808,158.73,154.357,154.85,158.384,155.673,152.773,156.357,158.885,153.901,155.038,155.229,158.489,156.043,151.086
45,N3,200.144,196.001,204.864,198.08,198.492,200.043,199.523,199.067,200.839,196.436,202.149,200.617,202.41,194.231,197.077,198.762,201.847,201.684,196.979,197.487
45,N4,86.377,90.902,89.54,92.296,80.575,89.29,88.405,88.757,91.179,93.303,85.239,91.017,86.823,83.805,92.235,87.654,85.716,86.597,89.993,91.581
45,P,-19.392,-18.965,-18.723,-19.029,-22.461,-19.706,-18.202,-18.887,-18.533,-18.729,-20.872,-15.407,-18.746,-19.37,-18.216,-19,-18.567,-19.765,-20.71,-16.36
