res,atom,shift_1,shift_2,shift_3,shift_4,shift_5,shift_6,shift_7,shift_8,shift_9,shift_10,shift_11,shift_12,shift_13,shift_14,shift_15,shift_16,shift_17,shift_18,shift_19,shift_20
17,C1',97.813,97.97,99.288,94.621,97.359,97.331,98.971,97.423,96.238,98.046,96.71,96.873,97.185,95.021,97.752,98.663,97.509,97.924,96.962,98.195
17,C2,141.607,141.191,140.911,142.108,141.277,141.46,141.302,141.129,141.744,141.751,141.884,141.11,141.815,142.021,141.929,141.704,142.505,140.213,141.601,141.762
17,C2',75.946,75.484,73.945,75.128,74.606,75.694,75.706,77.514,74.909,77.418,74.991,75.975,77.175,76.7,75.537,77.919,76.476,77.157,75.711,76.198
17,C3',79.526,75.656,74.584,73.213,73.486,72.881,76.511,72.84,72.66,72.909,74.488,74.888,74.442,71.977,71.522,72.309,71.72,73.132,72.893,75.402
17,C4,146.223,146.721,148.636,145.696,145.416,145.809,147.715,145.882,146.454,145.276,145.582,146.72,147.236,145.491,145.82,146.579,146.95,146.927,145.639,145.248
17,C4',78.526,77.704,77.73,79.953,78.566,82.284,78.991,79.475,80.677,79.808,77.925,81.795,82.98,78.552,78.123,80.015,79.299,80.407,79.897,84.17
17,C5,115.556,113.517,116.04,116.494,116.393,116.23,116.099,116.937,116.328,114.434,116.071,115.439,114.763,116.132,116.007,115.485,114.627,116.403,116.007,114.901
17,C5',65.301,62.154,64.396,63.6,62.011,63.665,67.183,64.698,63.313,62.807,61.904,65.64,64.664,63.615,63.927,64.715,62.519,64.62,63.783,68.304
17,C6,149.984,150.806,150.967,150.535,151.176,150.973,151.361,151.552,150.381,151.176,150.555,151.002,150.402,150.232,151.278,151.257,150.718,148.611,151.37,151.043
17,C8,128.957,129.593,130.167,130.3,130.411,129.652,128.13,130.246,129.391,128.254,129.385,130.993,131.193,128.524,129.052,129.116,129.673,130.711,129.316,129.026
17,H1,11.977,10.588,10.398,11.027,10.34,11.4,11.274,11.056,11.579,11.717,10.97,11.505,11.296,11.5,11.437,11.436,11.378,6.961,10.768,11.832
17,H1',6.315,6.43,6.21,6.364,6.582,6.396,6.364,6.482,6.221,6.512,6.437,6.368,6.289,6.183,6.492,6.403,6.408,6.583,6.398,6.624
17,H2',5.513,4.934,5.48,5.15,5.573,5.719,5.375,4.993,5.52,5.283,5.516,5.929,5.587,5.523,5.34,4.928,5.289,5.744,5.452,5.133
17,H21,8.408,8.517,7.859,7.98,7.466,8.008,8.575,6.954,7.552,9.162,7.793,7.441,7.474,7.834,8.174,7.862,6.812,4.901,6.667,7.655
17,H22,4.945,4.757,4.848,4.942,5.018,4.951,4.891,4.905,4.906,5.042,4.988,4.875,4.872,5.044,5.018,4.652,5.159,5.329,5.014,5.04
17,H3',4.584,4.725,4.749,5.22,4.885,5.008,4.327,4.78,5.349,4.66,4.813,5.047,5.422,4.931,4.988,5.313,5.05,5.318,4.957,4.42
17,H4',4.435,4.357,4.209,4.717,4.558,4.622,4.762,4.484,4.653,4.354,4.468,4.758,4.825,4.541,4.616,4.508,4.437,4.768,4.895,4.762
17,H5',4.39,4.769,4.295,4.708,4.731,4.463,4.335,4.476,4.817,4.716,4.887,4.236,4.729,4.724,4.767,4.822,4.784,4.657,4.727,4.127
17,H5'',4.408,4.113,4.55,4.569,3.97,4.409,4.6,4.64,4.183,3.963,4.192,4.556,4.441,4.546,4.451,4.488,4.322,4.348,4.51,4.617
17,H8,7.588,7.87,7.929,8.238,7.911,7.777,7.861,8.233,7.775,7.708,7.984,7.882,7.907,7.786,7.749,7.784,7.884,7.774,7.893,7.674
17,HO2',4.392,4.388,2.758,2.887,3.483,3.631,3.306,3.541,3.061,4.074,3.208,3.455,3.424,3.024,3.473,3.644,3.705,3.209,2.974,3.609
17,HO5',3.049,2.517,4.891,3.554,2.615,3.134,2.817,2.563,2.706,2.55,2.65,3.395,3.352,2.55,2.608,3.421,2.834,3.048,2.389,2.787
17,N1,134.846,139.315,137.241,139.004,140.612,136.236,137.8,137.332,137.927,135.933,137.077,136.342,139.996,136.233,137.335,136.829,136.398,133.973,136.495,137.07
17,N2,67.204,68.26,68.74,68.831,69.695,69.796,69.569,69.87,67.244,71.509,68.738,67.937,67.203,70.504,70.89,67.936,68.886,69.512,68.467,67.133
17,N3,164.779,163.621,164.839,161.066,165.807,166.276,165.983,163.52,164.122,165.392,164.432,163.773,166.469,164.824,163.386,163.977,165.211,164.667,164.75,161.4
17,N7,233.228,230.183,229.371,225.449,227.557,227.059,230.327,228.065,226.697,229.674,227.346,227.204,226.795,231.329,226.756,228.858,228.008,228.983,228.791,228.655
17,N9,172.321,172.521,171.928,171.997,170.547,170.562,170.936,173.382,172.648,171.703,170.93,171.062,169.47,170.069,170.672,170.859,173.813,170.774,171.295,171.898
18,C1',96.418,99.566,97.669,94.65,99.774,96.642,96.873,95.76,96.95,95.239,97.654,96.193,96.045,98.713,99.775,95.028,97.764,95.347,96.035,97.154
18,C2,142.107,142.467,142.001,142.591,142.321,141.813,141.871,142.506,142.575,141.934,141.719,142.663,142.178,142.02,140.836,142.898,142.132,142.709,141.514,142.015
18,C2',74.864,75.436,77.763,73.935,75.145,74.833,74.76,75.437,74.253,76.858,74.457,75.506,75.26,74.917,74.562,77.23,74.457,75.64,74.702,75.698
18,C3',77.666,73.904,73.342,71.955,71.716,72.235,73.184,75.033,72.686,75.129,72.643,71.655,71.707,77.326,74.273,73.232,74.275,74.394,70.946,71.909
18,C4,144.759,147.723,146.558,145.457,145.33,145.229,146.05,146.345,146.29,146.711,146.946,146.195,146.077,147.289,147.665,146.431,147.136,146.159,145.968,146.463
18,C4',76.985,80.734,78.91,77.623,78.466,77.418,77.58,77.934,79.838,77.251,79.066,78.893,78.332,79.892,78.085,78.622,76.588,78.861,76.374,77.521
18,C5,116.455,113.86,113.093,115.446,115.251,114.485,114.279,113.535,112.924,115.921,114.543,113.712,114.384,114.351,114.802,112.688,113.69,115.021,114.81,115.086
18,C5',70.007,63.354,64.075,62.114,62.534,60.825,61.845,60.817,62.6,62.485,61.668,62.943,64.086,69.401,62.124,63.619,61.71,63.515,61.384,61.347
18,C6,150.435,151.213,151.331,149.54,150.684,149.853,150.81,150.078,150.263,151.06,150.869,150.778,150.13,151.341,151.914,150.82,151.029,151.746,150.655,150.699
18,C8,126.207,128.405,127.544,129.629,128.644,128.013,128.234,128.825,127.24,128.417,128.736,127.751,128.722,127.718,131.08,127.583,128.582,130.042,127.97,127.038
18,H1,12.778,12.182,11.153,11.832,11.322,12.522,12.51,12.654,12.512,12.092,11.135,12.272,11.914,11.794,11.55,12.452,11.977,12.105,12.112,11.685
18,H1',6.062,6.423,6.415,6.411,6.456,6.568,6.258,6.226,6.25,6.387,6.445,6.22,6.356,6.477,6.631,6.359,6.459,6.173,6.409,6.195
18,H2',5.733,4.896,4.136,5.479,5.024,5.488,5.033,5.044,5.135,5.061,5.436,5.341,5.362,5.53,5.175,4.733,4.895,5.128,5.138,5.334
18,H21,8.81,8.377,8.988,7.711,7.704,9.017,9.421,9.222,8.667,8.386,8.592,8.95,8.41,7.786,8.417,8.603,8.383,8.143,8.342,7.836
18,H22,5.056,4.785,4.825,5.375,4.946,5.048,5.042,5.089,5.012,4.978,4.634,5.107,5.052,4.906,5.075,5.361,5.02,4.862,5.106,4.933
18,H3',4.296,4.575,4.809,4.849,4.913,4.825,4.894,4.882,4.92,4.413,4.722,4.77,5.055,4.11,4.824,4.693,4.695,5.023,4.933,4.566
18,H4',4.808,4.525,4.68,4.685,4.566,4.428,4.655,4.632,4.722,4.664,4.684,4.748,4.749,4.849,4.662,4.542,4.48,4.699,4.466,4.266
18,H5',4.459,4.4,4.421,4.792,4.703,4.745,4.667,4.739,4.698,4.339,4.732,4.315,4.286,4.533,4.802,4.531,4.79,4.404,4.864,4.861
18,H5'',4.36,4.257,4.211,3.995,3.981,4.152,4.007,4.059,3.992,4.306,4.003,4.088,4.315,4.148,3.964,4.125,4.109,4.306,3.979,4.196
18,H8,6.964,7.751,6.992,7.667,7.098,7.259,7.175,7.146,7.401,7.15,7.179,7.37,7.779,6.697,7.413,7.245,7.362,7.698,7.08,7.24
18,HO2',2.9,4.747,2.604,2.967,3.286,2.905,2.922,3.267,2.866,3.005,3.1,3.432,3.47,2.645,3.649,4.753,3.209,3.257,3.054,3.66
18,N1,138.386,141.997,140.47,139.998,139.672,138.13,137.74,137.879,138.242,138.918,139.553,138.835,139.143,138.513,138.891,137.959,138.394,140.207,140.01,138.516
18,N2,77.956,73.253,71.981,71.788,69.548,70.92,71.075,72.78,76.824,71.198,73.458,75.491,69.992,72.538,70.446,69.682,71.935,74.021,69.943,74.723
18,N3,166.797,168.095,167.682,163.582,167.399,161.466,163.943,159.741,163.671,168.253,169.473,166.94,163.808,171.757,168.606,162.206,166.342,167.281,164.805,169.092
18,N7,237.65,234.662,235.725,230.176,227.938,237.012,235.466,232.082,233.995,236.248,235.111,233.931,232.767,238.691,229.487,236.407,234.78,235.59,234.247,236.032
18,N9,167.411,169.718,167.482,167.205,167.659,166.6,167.078,165.095,168.469,167.292,168.654,169.335,168.938,167.186,167.336,169.809,170.411,162.095,169.656,168.725
18,P,-18.251,-17.764,-16.753,-19.68,-18.387,-18.398,-19.555,-18.247,-19.372,-16.644,-18.279,-18.052,-18.031,-17.986,-17.88,-17.487,-16.359,-19.807,-20.001,-15.948
19,C1',99.921,98.339,97.671,99.949,100.468,98.137,94.386,94.756,99.391,97.598,98.547,99.365,97.54,97.211,99.193,100.772,98.709,97.966,97.391,96.742
19,C2,147.948,149.155,148.81,148.124,148.867,147.191,148.8,148.767,149.466,149.19,149.121,147.956,148.517,147.811,149.148,149.546,148.556,149.239,148.392,148.155
19,C2',74.623,77.674,75.719,74.887,76.29,75.355,75.796,75.9,74.287,78.176,74.806,73.003,74.993,73.701,74.391,77.711,75.344,76.97,74.339,74.568
19,C3',72.012,72.805,73.734,72.904,71.347,73.032,72.786,72.957,71.754,72.446,73.563,72.047,73.819,73.457,70.794,78.983,72.641,71.354,72.252,72.76
19,C4,148.745,148.108,149.769,150.123,149.107,147.369,148.979,149.967,149.072,149.22,149.571,149.279,149.349,149.125,149.256,149.866,148.269,149.466,149.638,149.074
19,C4',78.697,79.199,77.689,78.269,79.987,77.905,77.701,77.611,78.392,80.363,77.952,78.732,77.443,76.542,79.731,79.4,77.142,77.509,77.671,76.75
19,C5,90.712,92.126,90.774,93.327,92.582,91.676,91.834,93.526,91.908,90.694,91.42,90.867,91.498,89.55,90.691,92.588,91.643,92.421,92.918,91.934
19,C5',62.382,64.472,64.548,62.963,63.267,62.723,64.304,63.127,63.853,63.545,61.363,61.898,63.587,61.937,63.737,68.96,62.698,65.3,62.817,62.352
19,C6,136.372,136.342,138.747,135.677,134.424,134.126,136.041,135.852,136.765,135.243,136.71,136.715,135.513,138.675,136.422,136.308,135.629,134.136,135.41,135.875
19,H1',6.184,6.274,6.217,6.41,6.399,5.899,6.367,6.342,6.214,6.306,6.09,6.046,5.949,6.145,6.136,6.386,6.144,6.574,6.174,6.048
19,H2',4.953,4.905,5.163,5.57,4.355,4.256,4.8,5.059,5.505,4.8,4.981,5.161,5.653,5.061,5.428,5.343,4.854,4.311,5.04,5.105
19,H3',4.976,4.641,4.988,4.655,4.666,4.628,4.815,4.775,4.827,4.539,4.643,4.679,4.526,4.839,4.903,4.547,4.606,4.906,4.761,4.504
19,H4',4.535,4.706,4.683,4.53,4.438,4.49,4.757,4.698,4.538,4.674,4.54,4.661,4.659,4.575,4.748,4.922,4.308,4.452,4.584,4.608
19,H41,8.65,8.64,9.711,8.952,8.415,8.485,9.767,9.868,7.683,9.47,9.481,8.129,9.64,9.179,9.546,8.828,9.199,9.829,9.532,8.175
19,H42,5.002,4.789,4.898,4.724,4.844,4.961,5.054,4.837,4.654,4.985,5.032,5.225,4.876,4.941,4.522,4.986,4.71,4.881,5.197,5.121
19,H5,4.996,5.036,5.095,5.087,5.223,5.158,4.979,5.407,5.198,5.127,5.433,5.343,4.94,5.503,4.535,5.378,5.203,4.855,5.398,5.348
19,H5',4.647,4.409,4.387,4.321,4.801,4.4,4.739,4.447,4.785,4.207,4.727,4.762,4.535,4.842,4.499,4.695,4.283,4.398,4.775,4.753
19,H5'',4.05,4.295,4.258,4.215,4.105,4.226,4.148,4.287,4.117,4.343,4.093,4.139,4.192,4.106,4.058,4.445,4.251,4.304,4.16,4.156
19,H6,7.403,7.845,7.814,7.309,7.237,7.194,7.886,8.168,7.867,7.182,7.594,7.936,7.533,7.904,7.655,7.835,7.502,7.517,7.525,7.472
19,HO2',3.583,3.545,2.99,3.702,5.666,2.813,2.85,3.046,4.222,3.16,2.933,3.295,3.413,3.149,3.095,4.202,3.278,3.288,2.914,3.335
19,N1,152.309,154.765,153.253,151.073,155.843,153.363,154.654,151.84,155.709,153.627,154.985,155.215,150.854,153.677,154.59,152.644,154.725,157.082,153.418,152.934
19,N3,199.767,196.259,192.968,195.148,196.156,199.919,193.678,193.51,196.507,195.453,195.33,196.732,196.767,197.378,192.211,195.075,192.728,198.332,197.313,198.681
19,N4,90.505,90.416,89.563,86.51,90.855,88.398,93.325,89.79,87.997,88.134,89.748,86.428,88.832,86.375,91.745,85.285,92.8,93.523,93.936,87.7
19,P,-18.788,-19.12,-18.661,-17.615,-20.605,-18.79,-19.916,-19.264,-19.852,-17.032,-19.501,-17.184,-18.651,-19.275,-20.64,-16.633,-17.889,-17.255,-18.622,-18.55
20,C1',95.413,96.282,97.391,97.194,94.219,94.887,93.977,94.575,98.14,94.772,95.889,95.19,96.538,95.574,99.17,95.873,96.545,96.733,95.753,95.651
20,C2,145.866,148.9,147.373,151.978,147.417,147.255,147.45,146.945,147.862,149.053,148.595,147.187,146.419,147.855,146.237,147.632,146.662,147.305,147.035,148.277
20,C2',76.83,77.285,74.6,77.645,76.571,75.971,75.072,74.94,76.745,76.981,76.068,75.134,75.837,77.226,75.375,78.45,74.486,75.827,74.848,75.927
20,C3',70.055,71.269,75.248,74.566,72.515,73.885,72.841,72.821,73.815,74.023,70.892,71.666,73.676,70.807,73.585,73.056,72.832,72.152,72.613,73.199
20,C4,141.111,141.427,143.369,144.568,142.462,142.73,142.502,143.126,143.296,142.298,142.698,141.776,143.148,141.482,143.039,142.357,143.063,142.427,142.319,141.745
20,C4',79.877,76.626,78.05,77.377,79.643,81.437,76.594,77.946,77.633,79.123,79.113,78.246,76.7,80.041,78.094,80.653,78.904,77.463,76.25,79.441
20,C5,112.797,112.515,112.579,110.178,113.5,112.323,112.56,112.482,111.745,112.643,112.084,112.419,113.457,112.121,112.685,113.009,110.749,112.873,113.274,112.439
20,C5',65.008,64.08,63.44,62.407,63.844,64.085,64.931,63.956,64.234,64.561,65.514,63.696,63.306,64.594,63.224,64.956,62.323,64.151,64.148,63.565
20,C6,143.299,141.395,144.216,142.182,143.567,144.095,143.309,142.907,142.548,143.585,143.471,142.602,143.645,144.055,144.385,144.561,143.422,143.306,143.075,143.408
20,C8,131.598,131.644,131.831,130.672,131.654,135.798,130.652,131.392,130.697,131.08,131.288,131.684,131.481,131.104,131.171,129.783,131.538,130.47,131.669,130.747
20,H1',6.807,6.868,6.423,6.881,6.855,6.621,6.769,6.366,6.673,6.582,6.645,6.753,6.569,6.679,6.618,6.725,6.598,6.556,6.63,6.604
20,H2,8.056,8.689,7.764,7.14,7.858,8.07,7.745,7.584,7.153,7.824,7.928,8.391,7.373,7.689,7.247,7.453,8.609,7.7,7.755,7.821
20,H2',4.669,4.83,5.094,4.822,5.393,4.614,5.016,5.351,5.179,5.648,5.471,5.745,5.419,5.089,5.086,5.193,4.59,4.993,5.346,5.488
20,H3',5.064,4.377,5.069,4.672,4.956,5.296,5.312,5.143,4.953,4.7,5.176,4.886,5.068,4.992,4.541,4.684,4.927,4.867,5.31,5.002
20,H4',4.684,4.547,4.547,4.824,4.732,4.691,4.756,4.797,4.563,4.585,4.668,4.574,4.69,4.604,4.464,4.539,4.557,4.436,4.726,4.739
20,H5',4.46,4.827,4.238,4.935,4.506,4.349,4.257,4.344,4.525,4.663,4.429,4.518,4.251,4.347,4.675,4.445,4.686,4.396,4.499,4.239
20,H5'',4.232,4.133,4.371,4.126,4.311,4.111,4.282,4.326,4.353,4.184,4.302,4.082,4.407,4.369,4.347,4.232,4.138,4.312,4.236,4.383
20,H61,8.723,6.319,8.845,5.865,8.651,9.854,8.466,8.095,6.811,9.765,9.3,8.931,8.613,9.785,7.95,9.028,6.314,8.8,7.808,9.856
20,H62,5.51,3.85,5.43,5.572,5.625,5.125,5.567,5.596,5.516,5.454,5.417,5.29,5.61,5.535,5.812,5.531,5.645,5.758,5.636,5.327
20,H8,8.069,7.703,8.05,7.578,8.134,8.463,8.12,7.838,8.036,7.895,8.105,8.172,7.987,8.078,7.71,7.94,7.926,7.974,8.287,7.96
20,HO2',5.118,3.554,3.835,3.343,4.02,2.949,2.988,3.154,3.727,3.613,3.491,3.544,3.409,4.809,4.364,4.48,4.431,3.157,3.117,3.339
20,N1,213.69,225.883,209.89,219.477,214.651,213.477,209.587,210.495,214.676,207.909,210.329,210.821,212.436,210.424,216.58,210.553,215.348,210.205,210.473,209.213
20,N3,213.76,214.63,217.187,229.465,215.011,215.201,213.205,216.587,221.983,216.956,215.519,217.054,219.376,215.71,223.413,217.732,218.016,215.558,214.377,213.667
20,N6,86.675,84.432,80.626,76.155,83.878,87.027,86.157,84.163,76.199,81.712,83.639,85.019,82.356,84.269,78.081,80.866,77.57,88.945,89.583,85.208
20,N7,227.243,225.927,227.38,224.186,226.85,225.68,229.704,227.38,226.523,224.083,223.55,225.879,225.952,224.259,223.727,227.563,229.5,228.227,226.045,226.825
20,N9,177.924,169.125,171.977,174.623,176.535,177.499,174.632,173.038,173.994,175.053,175.477,174.948,173.6,174.946,175.372,174.061,177.721,175.463,172.661,173.71
20,P,-17.878,-17.343,-16.953,-18.777,-16.98,-19.437,-19.796,-16.58,-18.063,-15.927,-17.119,-19.443,-16.724,-17.077,-16.676,-17.284,-17.672,-15.466,-18.348,-17.327
21,C1',96.409,96.384,97.82,98.906,95.496,92.053,92.822,95.139,96.947,97.337,95.408,97.689,95.196,96.914,95.916,99.44,97.061,95.928,93.175,95.288
21,C2,140.874,140.928,140.586,141.439,139.8,141.571,142.031,141.22,140.526,140.669,140.49,140.768,141.466,140.971,141.262,140.662,142.379,141.444,141.551,139.885
21,C2',77.083,73.969,76.661,75.258,75.283,76.352,76.05,75.241,75.258,75.179,75.16,77.248,74.616,76.788,75.224,75.536,76.747,76.198,75.785,75.875
21,C3',72.862,73.671,73.305,71.734,76.409,74.165,71.584,72.619,72.679,77.369,73.794,73.738,71.411,72.36,73.434,78.449,72.262,71.972,72.367,72.976
21,C4,145.647,144.657,145.686,145.068,143.647,144.386,145.647,144.69,144.483,146.255,145.78,144.454,144.659,145.199,144.808,146.544,144.328,144.666,144.801,143.897
21,C4',79.042,79.782,79.428,76.323,78.344,78.839,76.725,77.353,78.012,80.232,79.029,80.464,77.414,77.699,76.892,80.23,80.946,76.889,76.267,76.775
21,C5,113.676,113.61,112.839,114.892,115.464,112.021,113.262,114.059,114.818,113.646,113.84,113.19,113.702,111.898,114.773,115.448,111.339,114.645,114.63,111.162
21,C5',64.256,62.657,63.382,63.045,69.772,65.804,64.162,63.881,62.9,69.652,63.667,67.88,62.682,63.468,62.462,70.398,63.703,62.664,63.761,64.384
21,C6,149.732,150.448,149.166,151.377,150.63,147.819,149.644,149.27,149.25,149.882,150.542,149.827,149.106,149.829,149.264,149.73,148.546,151.209,150.232,150.764
21,C8,126.7,129.007,129.091,127.519,123.659,129.543,125.622,127.237,128.247,126.758,126.902,125.304,126.061,125.095,127.374,126.804,127.325,127.425,125.412,124.902
21,H1,10.13,10.598,11.495,11.641,11.664,11.952,12.031,11.376,10.905,12.401,11.16,10.957,11.192,11.347,11.938,11.115,12.637,12.004,11.515,12.182
21,H1',6.324,6.23,6.258,6.633,6.474,6.184,6.512,6.468,6.535,6.27,6.16,6.014,6.417,6.353,6.425,6.38,6.276,6.372,6.211,5.883
21,H2',5.06,5.738,5.262,5.504,5.526,4.763,4.866,5.346,5.317,5.021,5.423,4.564,5.339,5.009,5.403,5.952,5.333,5.266,4.996,3.533
21,H21,7.344,8.515,8.127,8.327,9.348,8.646,8.226,8.169,7.825,8.212,7.625,9.457,8.529,9.394,8.934,7.766,9.21,8.973,8.614,8.851
21,H22,5.395,4.916,4.598,5.183,5.352,4.729,5.312,5.148,4.857,4.698,4.759,5.031,5.197,5.235,5.154,4.883,5.139,4.86,5.028,4.299
21,H3',4.636,4.572,5.078,4.919,4.11,5.177,4.592,4.949,4.957,4.61,4.644,4.24,4.92,4.734,4.321,4.447,4.932,4.843,4.832,4.147
21,H4',4.618,4.736,4.482,4.484,4.679,4.641,4.722,4.67,4.662,4.893,4.732,4.405,4.73,4.515,4.467,4.917,4.469,4.623,4.699,4.222
21,H5',4.449,4.669,4.399,4.484,4.349,4.488,4.394,4.272,4.639,4.521,4.784,4.423,4.461,4.628,4.204,4.529,4.569,4.86,4.429,4.442
21,H5'',4.245,3.979,4.294,4.267,4.333,4.129,4.155,4.227,4.05,4.304,4.203,4.014,4.109,4.252,4.333,4.234,4.17,4.161,4.175,4.311
21,H8,6.957,6.203,7.971,7.311,6.48,7.71,7.211,7.574,7.496,6.782,7.065,6.632,6.842,6.986,6.585,6.382,7.424,7.663,6.778,6.834
21,HO2',3.492,3.173,3.283,3.7,2.725,3.047,3.136,4.158,3.56,3.814,3.025,3.834,3.048,3.578,3.171,3.493,3.303,3.5,2.899,4.305
21,N1,136.49,134.398,134.501,138.411,136.224,135.97,139.784,135.056,137.293,136.841,139.123,136.97,136.5,138.353,136.582,138.411,136.78,136.527,136.48,134.366
21,N2,76.099,75.601,76.069,72.11,77.462,70.995,71.055,67.639,70.145,72.812,74.089,76.98,73.585,77.971,69.196,69.748,72.28,78.932,71.46,77.333
21,N3,163.374,167.072,162.12,162.213,164.356,159.84,164.781,162.08,160.334,164.696,168.412,166.438,162.874,166.173,162.531,166.028,162.263,166.525,160.783,165.965
21,N7,233.679,229.107,236.046,235.786,238.839,240.127,241.521,232.288,228.062,231.816,229.545,236.375,236.308,236.647,231.195,231.934,239.26,232.723,233.036,233.916
21,N9,169.198,167.592,167.377,167.899,164.811,169.008,166.102,168.943,162.984,166.384,170.074,166.256,168.998,167.427,164.544,166.61,169.863,167.897,166.267,171.608
21,P,-16.018,-20.415,-17.284,-21.034,-18.104,-16.933,-16.97,-18.337,-19.221,-15.744,-17.46,-20.245,-19.416,-16.831,-18.492,-17.724,-18.349,-17.684,-18.712,-17.888
22,C1',95.032,97.598,94.871,96.782,94.82,95.065,99.009,96,96.348,96.126,95.777,95.466,94.856,95.287,98.377,96.107,89.495,100.852,95.761,94.073
22,C2,146.847,147.561,149.646,146.807,147.262,147.696,149.286,148.661,149.256,147.704,150.031,150.823,149.056,150.683,150.394,147.484,147.388,149.758,149.483,149.55
22,C2',76.716,76.45,77.636,75.684,75.223,76.281,75.98,75.286,76.092,80.467,75.163,77.561,77.163,77.936,78.187,76.89,80.357,75.335,76.03,79.206
22,C3',73.426,73.893,75.161,74.456,72.598,71.77,80.582,75.208,69.737,80.223,77.043,73.241,74.009,75.789,76.331,73.222,71.882,74.388,72.481,81.692
22,C4,142.354,141.903,142.067,142.281,141.234,140.68,144.177,142.951,141.635,143.147,142.386,141.806,141.814,142.563,144.055,142.273,141.248,142.456,141.419,143.244
22,C4',77.596,77.992,78.562,79.426,77.44,77.224,82.314,79.059,78.302,86.574,79.554,78.913,78.642,79.738,78.594,77.455,76.775,79.921,78.482,79.971
22,C5,113.168,112.098,109.816,112.847,110.808,112.497,112.246,112.08,111.388,109.965,112.149,111.83,112.622,111.751,111.777,111.532,113.169,112.993,112.694,111.826
22,C5',63.785,61.613,64.921,62.08,61.531,65.121,63.837,63.392,62.541,66.257,63.88,64.869,64.741,63.786,63.139,61.471,61.906,63.074,63.402,64.015
22,C6,145.305,144.357,142.887,143.094,141.941,141.323,141.679,143.554,142.023,141.793,142.412,142.958,144.032,142.934,142.144,142.425,144.232,144.919,144.487,142.436
22,C8,130.207,132.033,130.829,132.329,131.013,130.696,134.439,132.228,130.593,133.199,131.567,130.87,130.217,130.554,131.11,130.85,130.842,130.215,130.689,136.603
22,H1',6.661,6.97,6.414,6.649,6.472,6.866,6.195,6.272,6.299,6.793,6.468,6.652,6.377,6.629,6.419,6.603,7.255,6.608,6.634,7.337
22,H2,8.106,8.408,8.382,8.276,8.441,8.33,8.724,8.49,8.297,8.624,8.137,7.501,8.684,8.283,7.674,7.787,8.178,8.24,8.068,8.256
22,H2',4.811,4.559,4.946,5.75,6.146,4.635,5.584,5.667,5.152,5.004,5.945,3.998,4.353,4.419,4.494,5.322,3.988,4.591,4.847,4.796
22,H3',4.541,5.024,4.764,4.489,4.42,5.266,4.173,4.599,4.658,4.738,4.639,4.725,4.362,4.63,4.337,5.136,4.756,4.596,4.59,4.946
22,H4',4.72,4.506,4.767,4.767,4.726,4.734,4.894,4.711,4.16,5.13,4.654,4.618,4.64,4.766,4.503,4.659,3.932,4.611,4.485,5.116
22,H5',4.513,4.95,4.532,4.685,4.366,4.461,3.962,4.532,4.274,4.719,4.803,4.521,4.543,4.816,4.15,4.532,4.668,5.029,4.41,3.928
22,H5'',4.164,4.149,4.268,4.148,4.128,4.291,4.081,4.206,4.198,4.103,4.104,4.15,4.089,4.026,4.393,4.163,4.77,4.141,4.16,5.31
22,H61,9.13,8.952,8.53,9.139,5.775,8.647,5.783,6.006,9.443,9.054,7.123,5.749,5.865,5.686,5.526,7.917,6.352,10.156,9.764,9.231
22,H62,5.881,5.61,5.429,5.539,5.296,5.49,5.682,5.694,5.318,4.611,5.474,5.637,5.688,5.685,5.514,5.348,6.203,5.744,5.671,5.042
22,H8,7.482,7.624,7.564,7.369,6.739,7.997,6.873,7.934,6.71,8.698,7.744,7.797,7.58,7.749,7.111,7.797,7.478,7.128,7.171,8.619
22,HO2',3.951,3.131,3.454,3.416,3.265,3.153,3.783,3.139,4.22,2.085,3.018,5.082,4.927,3.901,3.738,4.838,2.404,5.339,3.636,8.651
22,N1,222.013,214.326,220.54,213.86,221.312,224.433,219.855,223.417,210.744,212.853,227.568,218.795,219.891,212.146,217.019,212.719,217.632,214.019,215.294,211.094
22,N3,216.1,211.518,221.427,218.478,223.853,212.868,225.753,221.916,218.709,217.029,219.088,223.286,225.531,224.329,225.173,221.376,213.1,219.476,213.861,213.445
22,N6,78.834,83.266,84.585,84.095,80.831,90.506,78.632,78.933,82.73,83.237,77.641,75,77.373,75.043,78.377,79.889,79.577,83.882,83.628,81.173
22,N7,226.642,225.933,227.32,226.534,233.736,230.007,220.206,225.33,235.536,220.712,225.803,223.297,223.961,221.433,224.84,228.386,232.486,225.59,230.11,221.265
22,N9,175.109,173.151,173.794,171.049,166.547,172.95,169.499,169.867,170.282,177.158,168.447,178.335,174.337,174.196,171.413,176.073,179.709,173.151,172.76,181.659
22,P,-13.672,-18.155,-16.248,-18.019,-17.216,-22.646,-17.034,-17.631,-21.56,-19.169,-16.272,-18.12,-15.842,-19.014,-17.087,-21.158,-20.894,-17.958,-16.783,-19.615
23,C1',93.528,98.241,98.504,98.206,101.052,94.539,97.948,99.103,99.355,95.47,98.349,92.055,91.323,99.805,95.339,92.915,94.691,96.866,95.989,91.901
23,C2,145.542,146.092,145.716,145.816,145.718,146.205,146.737,145.888,147.492,148.359,144.813,144.799,146.085,144.27,144.599,147.056,147.573,146.474,144.634,147.414
23,C2',80.621,79.262,77.647,76.884,77.024,76.186,74.226,76.889,76.861,77.38,77.898,76.024,74.291,77.912,78.326,77.497,79.385,78.105,79.35,80.956
23,C3',75.06,74.33,73.366,73.05,74.75,75.05,71.665,75.779,80.077,78.577,72.274,72.825,78.091,75.758,75.078,80.994,79.18,77.22,74.216,74.094
23,C4,154.43,153.261,155.137,153.916,155.063,152.456,154.542,153.58,154.663,154.901,154.555,154.257,153.178,153.628,154.58,154.139,154.371,152.387,153.893,153.921
23,C4',79.298,88.333,76.882,78.007,81.017,78.211,76.173,79.59,84.181,84.68,76.737,83.731,84.455,78.971,79.509,80.509,84.697,81.465,80.784,80.207
23,C5,103.97,102.37,105.867,103.682,101.565,103.287,103.739,100.527,102.454,101.487,101.467,106.097,107.52,101.135,103.826,107.214,101.435,102.482,104.809,105.41
23,C5',64.839,67.478,63.66,61.844,64.306,67.49,63.426,64.391,66.57,67.915,64.303,65.043,65.42,62.811,65.284,64.917,68.208,65.252,64.553,66.45
23,C6,135.638,136.023,138.668,135.551,136.259,137.697,139.123,137.194,139.174,139.32,136.115,137.639,136.826,138.598,136.86,135.353,139.565,139.198,135.225,135.765
23,H1',6.826,6.774,6.812,6.423,5.719,6.401,5.973,6.29,6.886,6.408,6.489,7.026,6.963,6.198,6.547,6.936,6.673,6.539,6.443,6.678
23,H2',4.515,4.075,4.248,4.085,4.246,4.139,5.409,4.356,5.02,4.898,3.975,4.473,4.8,4.803,4.657,4.342,4.659,4.405,4.168,3.879
23,H3,9.331,7.548,7.683,7.499,7.488,7.812,9.366,7.258,7.783,9.921,8.994,9.628,7.431,9.69,9.687,8.029,7.693,7.148,7.211,7.863
23,H3',4.39,4.937,4.982,4.878,4.567,5.037,4.4,4.538,5.213,4.908,4.744,4.998,4.618,4.428,4.577,4.985,4.843,4.532,4.388,4.891
23,H4',4.772,5.031,4.493,4.322,4.535,5.52,4.631,4.583,5.191,5.012,4.546,4.96,4.935,4.623,4.751,5.077,4.905,4.508,4.476,5.258
23,H5,4.905,4.317,6.164,5.215,5.116,5.415,5.664,5.22,5.732,5.924,4.847,4.458,5.582,4.97,5.205,6.4,6.176,5.342,5.461,6.034
23,H5',4.358,4.46,4.372,4.635,4.14,3.741,4.394,4.124,4.464,4.096,4.373,4.119,4.338,4.377,4.344,3.922,4.65,4.47,4.209,3.392
23,H5'',4.173,4.234,4.211,4.034,4.084,4.199,4.225,4.141,4.298,4.172,4.125,4.846,4.203,4.179,4.116,4.467,4.6,4.193,4.149,4.481
23,H6,7.298,7.851,7.938,7.366,7.63,7.617,8.246,7.972,8.65,8.463,7.339,7.301,7.548,7.801,7.78,7.764,8.851,7.723,7.78,8.031
23,HO2',3.965,3.546,3.499,3.289,2.847,7.469,3.149,2.806,5.538,8.109,3.528,4.314,4.358,5.545,4.233,2.813,3.391,3.436,3.656,4.109
23,N1,158.527,161.765,159.84,161.224,157.181,162.121,151.348,160.556,158.214,159.771,159.225,151.882,150.565,155.236,158.222,152.647,157.957,161.564,158.705,152.377
23,N3,165.93,156.778,160.652,159.783,161.065,157.698,165.056,162.799,158.913,166.229,162.506,161.331,156.664,159.011,160.411,157.144,160.102,159.669,159.278,161.796
23,P,-18.418,-20.972,-19.867,-21.016,-18.603,-21.624,-21.76,-17.379,-18.896,-19.805,-19.833,-20.054,-18.973,-17.044,-17.896,-11.867,-21.496,-14.336,-16.777,-14.908
24,C1',93.877,97.326,93.987,96.66,98.659,90.882,92.209,91.803,91.706,90.543,93.922,102.735,98.065,92.571,98.525,91.021,92.667,94.082,95.444,99.061
24,C2,149.187,150.85,149.735,148.787,149.226,150.873,148.137,149.628,150.49,149.606,149.617,149.485,148.529,148.8,148.324,150.638,148.841,149.917,148.271,149.414
24,C2',79.667,80.717,77.783,78.277,80.874,73.43,81.074,75.513,80.257,81.127,78.396,76.454,75.011,77.77,73.036,76.451,77.257,77.183,79.171,76.726
24,C3',77.258,78.263,73.894,72.386,76.295,76.621,77.501,73.863,76.842,76.358,82.622,80.36,72.199,76.07,70.297,73.181,80.576,73.956,73.17,72.365
24,C4,148.807,148.803,148.256,148.286,147.983,147.029,149.217,149.251,148.556,148.684,148.563,149.221,148.254,148.143,147.992,149.107,148.643,148.256,148.392,149.561
24,C4',82.942,87.644,84.873,79.947,86.215,83.891,86.428,81.728,80.756,83.809,80.671,91.311,76.378,84.552,84.239,84.089,84.473,82.22,81.403,80.014
24,C5,89.093,89.163,91.445,88.878,88.218,92.146,90.419,90.274,90.545,87.963,90.268,94.35,93.123,95.605,92.058,88.67,89.964,89.51,90.558,96.236
24,C5',63.578,68.265,64.121,66.613,64.557,67.264,66.221,65.307,66.64,66.262,66.7,67.776,64.609,65.976,62.579,66.508,69.731,65.768,63.975,65.515
24,C6,140.16,139.705,136.404,139.808,139.72,141.752,137.346,140.993,138.819,138.869,138.18,133.916,138.124,134.683,139.199,140.586,138.604,141.987,138.769,139.795
24,H1',5.811,6.534,6.576,5.86,6.892,6.44,6.87,6.687,7.025,6.933,7.256,6.681,6.15,6.627,7.178,6.896,6.841,7.163,6.587,6.566
24,H2',4.203,4.283,4.681,4.136,4.472,4.298,3.644,4.727,4.203,4.341,4.557,5.08,5.125,4.351,4.9,4.28,4.446,4.769,3.925,5.109
24,H3',4.601,4.878,5.225,4.723,4.475,4.759,4.403,4.861,4.501,4.479,4.866,4.812,5.596,4.531,4.778,4.555,4.615,4.761,4.59,5.222
24,H4',4.452,4.902,4.471,4.36,4.684,4.993,5.02,4.502,5.755,4.804,5.393,5.125,4.701,4.92,4.628,4.977,4.887,5.016,4.299,4.415
24,H41,5.418,5.463,4.998,5.445,5.201,4.806,5.467,5.834,5.776,5.534,5.781,5.507,4.901,5.466,5.229,5.571,6.738,5.116,5.424,5.195
24,H42,4.944,5.078,4.016,4.892,4.661,4.373,4.221,4.59,5.179,5.175,4.715,6.967,6.688,6.665,7.05,5.216,6.397,4.857,5.029,4.938
24,H5,5.782,5.858,5.229,5.568,5.461,5.177,5.902,5.769,5.856,5.886,5.509,5.907,6.049,5.722,5.282,5.923,5.579,5.574,5.285,5.772
24,H5',4.984,4.286,4.426,4.341,4.259,4.184,4.037,4.032,4.182,4.027,4.526,4.346,4.373,4.567,4.109,4.225,4.216,4.28,4.229,4.208
24,H5'',3.967,4.418,4.648,4.822,3.689,4.333,4.333,4.285,4.279,4.206,3.858,4.294,4.227,4.087,4.559,4.453,4.112,4.265,4.746,4.514
24,H6,7.312,8.039,7.316,7.621,7.571,7.75,7.812,7.768,7.835,7.972,7.978,7.704,8.104,7.553,7.292,7.794,8.368,7.541,7.229,8.013
24,HO2',2.676,3.106,3.462,2.991,5.634,4.421,2.856,4.156,2.879,4.085,2.654,4.998,3.058,3.152,4.16,2.879,8.898,5.207,5.143,3.404
24,N1,154.778,158.649,155.974,158.675,162.601,156.286,157.108,154.167,154.586,154.775,155.697,155.854,154.006,149.978,158.147,158.75,154.771,168.276,158.775,160.478
24,N3,200.255,197.578,199.29,201.648,196.469,193.837,195.547,202.637,197.803,195.944,195.097,199.469,202.017,202.651,197.735,194.755,197.196,198.807,198.852,202.034
24,N4,80.021,77.523,80.396,75.373,83.241,80.653,85.218,85.48,74.543,78.081,79.666,80.661,79.768,83.321,85.629,76.785,95.223,77.425,72.801,78.218
24,P,-19.893,-14.908,-19.94,-21.771,-18.947,-22.378,-16.427,-18.583,-21.272,-24.932,-18.975,-19.396,-19.264,-17.628,-18.498,-20.64,-15.476,-17.148,-19.386,-19.816
25,C1',93.202,90.591,99.25,93.52,92.072,98.996,94.315,94.944,106.347,95.551,100.522,96.238,95.946,96.554,99.951,100.778,97.945,97.42,94.422,98.154
25,C2,148.074,147.492,146.895,147.749,147.921,146.727,147.091,146.882,147.878,148.08,145.473,146.549,147.944,146.805,146.545,147.633,147.031,145.831,146.809,147.106
25,C2',77.908,77.401,77.399,77.292,75.289,78.639,77.225,77.53,78.756,79.43,75.843,80.063,74.843,78.235,77.248,78.449,81.017,80.23,79.943,76.652
25,C3',78.761,77.94,78.129,77.747,80.056,81.312,76.263,75.436,81.017,78.746,75.172,76.404,80.638,77.172,78.212,78.066,72.627,83.716,75.3,77.769
25,C4,155.577,154.041,155.03,155.254,154.845,155,155.108,155.631,154.669,154.735,154.532,155.022,155.331,155.271,155.44,154.751,154.336,154.931,154.875,154.282
25,C4',83.041,80.074,76.74,85.779,86.851,77.619,85.347,74.748,86.435,82.156,79.357,88.439,73.299,80.337,81.17,89.496,85.95,80.06,81.528,83.485
25,C5,102.899,104.518,103.775,104.659,103.654,102.41,102.931,105.427,102.699,99.541,103.955,102.023,103.117,103.839,101.776,102.031,103.68,103.754,103.905,104.28
25,C5',68.539,67.41,68.668,69.472,68.891,66.287,65.448,69.155,67.906,68.349,69.373,66.598,68.53,66.936,70.45,69.046,64.935,67.393,69.173,68.95
25,C6,139.163,137.898,137.145,138.15,140.011,138.42,139.165,138.734,139.025,139.217,138.463,137.815,139.997,137.809,138.397,141.019,137.866,137.58,137.331,141.274
25,H1',6.671,6.865,6.627,7.031,7.093,6.733,6.734,6.035,6.107,6.543,6.12,6.739,6.6,6.735,6.351,6.776,6.48,6.84,6.536,7.13
25,H2',4.636,4.6,4.624,4.736,5.323,4.884,4.581,5.161,4.965,5.053,5.156,4.601,5.52,4.574,5.01,4.87,4.316,4.863,4.547,4.594
25,H3,7.721,7.804,9.541,7.811,9.983,7.714,7.695,8.124,7.808,7.816,9.819,7.727,7.652,7.806,7.61,7.704,7.744,7.726,7.707,7.799
25,H3',4.573,4.847,4.182,4.677,5.175,4.407,4.81,4.595,4.836,4.598,4.39,5.43,4.434,3.963,3.819,4.4,4.808,4.348,4.344,5.236
25,H4',5.491,5.467,4.612,5.123,4.84,4.717,4.715,5.029,4.986,5.471,4.698,4.71,4.755,4.406,4.953,5.1,4.567,4.51,5.951,5.513
25,H5,6.3,6.161,6.04,6.245,6.024,6.138,5.814,5.857,6.014,6.313,5.59,6.171,6.079,6.085,6.06,6.058,6.028,6.062,6.049,5.989
25,H5',4.237,3.928,3.941,4.211,3.96,3.97,3.389,4.686,3.883,4.181,4.487,4.181,3.633,4.784,4.499,3.824,4.384,4.19,5.181,4.898
25,H5'',4.339,4.285,4.574,4.365,4.123,4.727,3.229,4.442,4.346,4.034,4.167,4.116,4.301,4.121,3.926,3.847,4.439,4.579,3.828,4.614
25,H6,8.244,7.986,8.179,8.291,8.333,7.931,8.137,7.614,7.908,8.251,8.132,8.274,7.748,7.939,8.053,7.745,8.033,7.735,8.052,8.402
25,HO2',3.575,2.434,4.119,2.887,6.067,5.322,5.307,3.572,3.992,3.431,3.944,5.227,3.933,4.403,4.554,4.281,2.746,5.808,2.996,3.664
25,N1,154.493,154.275,154.036,157.389,156.249,162.093,158.081,156.425,159.094,158.098,151.732,157.326,166.639,160.09,157.266,168.45,159.476,160.903,159.026,160.675
25,N3,161.527,159.438,165.875,160.056,161.604,159.589,159.42,157.552,161.842,162.242,158.88,160.326,162.758,160.753,163.05,159.097,161.785,159.231,159.786,160.013
25,P,-19.716,-21.63,-18.923,-17.772,-12.437,-20.936,-19.251,-17.154,-19.85,-20.369,-19.305,-22.152,-19.135,-17.16,-19.324,-20.748,-21.832,-19.534,-19.41,-18.377
26,C1',96.375,97.348,101.191,96.791,97.174,94.165,94.659,97.765,98.197,94.185,94.569,94.359,98.247,97.568,95.996,96.96,96.918,96.64,98.435,96.377
26,C2,140.649,140.79,141.591,140.907,141.278,139.733,141.078,141.264,140.753,141.549,142.593,141.118,140.679,141.407,140.954,141.316,140.578,142.022,142.118,139.006
26,C2',74.607,76.682,76.841,76.742,76.922,75.539,75.853,75.381,73.819,74.858,76.555,75.237,73.419,74.901,74.437,75.104,74.54,74.323,75.357,75.902
26,C3',74.382,74.218,77.183,73.858,72.378,74.183,73.078,72.892,74.953,73.36,72.291,75.087,73.173,73.14,74.375,76.08,76.082,73.28,73.102,75.919
26,C4,145.223,145.259,146.929,144.427,146.609,144.433,146.677,147.285,146.474,145.821,145.502,145.343,145.582,146.026,147.121,144.459,144.909,146.239,147.366,142.735
26,C4',78.168,81.498,86.397,78.881,78.557,78.193,79.445,79.256,83.32,77.175,77.492,80.17,81.635,81.062,80.221,77.895,79.661,79.132,79.665,79.838
26,C5,113.123,112.724,114.371,114.617,113.811,115.234,112.043,113.777,114.205,113.129,114.117,117.206,114.611,114.134,113.152,117.229,114.537,113.382,113.35,114.313
26,C5',61.84,65.893,71.152,61.183,63.037,59.55,66.037,61.802,62.315,60.931,64.157,67.704,68.179,65.176,66.319,66.834,67.55,61.103,61.546,70.468
26,C6,148.224,150.991,151.568,148.796,151.46,148.832,150.942,150.749,151.132,149.115,149.811,150.307,150.9,151.304,151.778,150.744,151.335,151.387,150.55,149.647
26,C8,129.486,131.016,127.33,130.065,129.725,131.356,129.194,127.758,128.701,126.021,127.546,127.61,129.443,133.087,132.817,126.65,127.123,130.389,131.909,128.003
26,H1,11.04,11.608,11.573,11.02,11.993,6.548,12.172,10.962,11.403,11.491,11.364,11.366,11.484,11.859,11.522,11.738,11.921,11.827,12.333,11.765
26,H1',7.006,6.413,6.554,6.429,6.349,6.347,5.988,5.547,5.751,4.409,6.379,6.248,6.546,6.566,6.403,6.43,6.339,6.511,6.675,6.574
26,H2',5.726,5.649,5.77,4.907,5.114,5.321,5.218,5.241,5.498,5.144,5.196,5.843,6.125,5.506,5.698,5.436,5.718,5.935,5.505,5.065
26,H21,7.788,8.315,8.949,7.545,7.518,4.494,8.697,7.55,7.841,8.255,8.934,8.363,7.229,7.871,7.458,8.157,8.666,8.264,8.339,7.802
26,H22,5.212,4.697,5.062,4.844,4.738,5.211,4.558,4.852,4.631,5.129,4.975,4.868,4.746,4.448,4.412,5.022,5.082,4.997,4.843,4.747
26,H3',5.336,5.073,4.238,4.815,4.709,4.797,5.136,4.804,4.868,3.965,5.281,4.358,5.018,5.066,5.193,4.336,3.914,4.754,5.368,4.113
26,H4',4.22,5.058,4.38,4.52,4.46,4.754,4.847,4.497,5.056,4.537,4.732,4.939,4.931,4.711,4.833,5.586,5.035,4.404,4.662,5.03
26,H5',4.113,4.412,4.115,4.884,4.522,4.974,4.724,4.222,4.589,4.393,4.566,4.506,4.652,4.527,4.205,4.674,4.389,4.774,5.175,4.536
26,H5'',4.233,4.273,4.153,4.011,4.324,4.092,4.519,4.305,4.239,3.961,4.195,4.161,4.498,4.215,4.211,4.097,3.863,4.202,4.229,4.492
26,H8,8.08,7.713,7.332,8.26,7.921,8.17,7.911,7.722,7.07,6.919,7.676,7.319,7.741,8.185,7.979,7.157,6.717,8.387,8.337,7.232
26,HO2',2.785,3.038,3.285,3.277,4.209,3.427,3.199,4.548,3.566,2.9,3.195,3.68,2.966,3.688,3.346,2.616,2.465,2.345,3.526,3.112
26,N1,137.208,139.105,140.657,135.727,138.555,133.959,136.659,137.799,136.32,135.544,138.533,137.723,138.369,140.695,137.525,138.344,137.964,139.073,138.212,135.542
26,N2,70.862,73.532,72.461,69.522,71.446,61.773,68.844,72.042,70.153,74.125,74.812,73.176,73.216,69.955,69.988,71.738,68.417,69.78,70.766,69.297
26,N3,164.603,168.217,166.422,158.436,166.558,166.246,161.945,168.55,166.857,167.677,161.852,170.851,173.368,170.436,170.269,168.132,165.775,164.649,164.871,162.525
26,N7,234.761,225.551,234.483,226.399,231.137,233.868,235.961,233.559,230.193,232.031,232.385,237.322,246.93,226.422,231.336,229.427,231.924,228.296,222.558,235.844
26,N9,167.195,166.607,165.932,168.463,171.257,166.944,169.753,171.353,165.198,168.832,171.368,165.369,167.343,167.521,167.549,165.031,167.318,168.682,168.258,165.979
26,P,-21.067,-21.938,-16.305,-19.073,-15.246,-16.54,-17.441,-17.258,-19.138,-21.426,-14.211,-19.592,-20.223,-20.076,-19.062,-16.217,-20.271,-19.388,-19.088,-20.89
27,C1',96.634,99.495,100.062,95.239,97.258,94.117,96.716,96.278,94.958,95.593,93.356,97.542,95.355,97.694,94.148,95.476,98.228,97.251,95.766,94.937
27,C2,149.139,147.479,146.618,146.966,148.244,147.561,148.045,146.841,146.899,146.596,148.209,146.641,147.066,147.614,148.727,146.458,146.584,148.136,147.198,148.453
27,C2',78.194,76.551,77.149,75.006,76.294,75.734,76.093,75.997,75.763,76.066,75.921,77.219,75.177,75.248,76.39,74.749,75.044,75.061,75.971,76.509
27,C3',79.616,74.534,74.264,74.496,77.913,73.693,74.231,73.324,74.615,73.196,73.796,72.496,74.535,73.394,72.055,72.314,72.99,72.37,71.641,73.418
27,C4,142.395,142.938,143.662,142.359,141.709,142.333,143.769,141.255,142.48,143.659,141.723,141.671,143.45,142.38,140.915,140.93,142.807,143.003,141.627,140.592
27,C4',76.768,78.376,77.273,77.131,78.783,77.643,78.717,78.472,78.766,77.281,77.489,77.967,76.705,79.753,78.598,78.02,79.436,78.372,79.41,77.588
27,C5,112.086,112.671,111.666,113.568,113.269,113.455,112.757,112.813,113.158,113.464,112.225,111.777,113.801,113.943,112.907,113.347,112.136,111.83,112.943,113.462
27,C5',65.671,63.471,64.205,62.398,68.392,65.388,64.826,64.062,63.316,63.466,64.861,63.217,63.488,63.201,64.134,63.995,60.127,61.812,65.298,65.264
27,C6,143.792,143.813,142.786,143.998,143.547,143.077,143.714,143.999,143.257,144.25,143.864,143.133,143.594,143.765,143.804,143.577,143.428,142.832,143.244,142.165
27,C8,129.881,132.761,130.674,131.82,131.437,131.886,132.75,130.052,133.043,130.851,129.643,131.372,134.375,132.512,131.261,131.52,131.601,132.951,132.119,129.159
27,H1',6.283,6.339,6.73,6.594,6.497,6.608,6.485,6.409,6.432,6.432,6.663,6.813,6.366,6.691,6.579,6.563,6.335,6.646,6.719,6.574
27,H2,7.867,7.399,7.496,7.873,7.967,8.373,7.898,8.221,7.936,8.027,8.317,7.796,7.57,7.844,8.044,7.693,7.927,7.994,7.866,8.311
27,H2',4.971,5.279,4.773,5.888,5.462,5.491,5.261,5.586,5.833,5.096,4.601,5.081,5.769,5.761,5.76,5.456,5.463,5.459,5.131,5.285
27,H3',4.243,4.822,4.645,4.925,3.99,5.026,5.063,4.803,4.983,4.957,4.931,4.95,5.4,4.904,5.013,5.175,5.042,5.1,5.08,4.586
27,H4',4.889,4.534,4.515,4.849,4.76,4.955,4.657,4.735,4.787,4.608,4.698,4.721,4.842,4.775,5.022,4.845,4.685,4.652,4.893,4.7
27,H5',4.637,4.848,4.475,4.95,4.875,4.342,4.785,4.368,4.412,4.456,4.606,4.36,5.044,4.536,4.501,4.75,4.744,4.901,4.689,4.321
27,H5'',4.321,4.162,4.485,4.102,4.131,4.188,4.293,4.339,4.331,4.46,4.23,4.226,4.14,4.076,4.271,4.171,4.067,4.156,4.237,4.139
27,H61,9.023,9.671,8.026,8.001,8.895,8.334,10.084,5.59,9.101,6.329,5.513,7.864,9.027,9.048,8.839,7.744,8.673,8.229,7.672,9.589
27,H62,5.648,5.668,5.895,5.617,5.518,5.669,5.298,9.624,5.337,6.1,8.157,5.569,5.582,5.488,5.36,5.68,5.823,5.595,5.756,5.285
27,H8,7.111,7.832,7.266,7.964,7.103,7.825,8.237,7.77,8.25,8.072,7.31,7.168,8.154,7.851,7.85,7.513,7.438,7.934,7.945,7.667
27,HO2',3.732,3.317,3.65,3.432,3.468,3.255,3.238,3.561,3.534,3.158,2.86,3.2,3.174,4.265,3.461,3.234,3.178,4.342,3.257,3.169
27,N1,210.82,212.566,212.311,214.7,215.057,220.127,209.632,211.265,209.465,219.195,211.938,209.983,209.734,209.605,210.431,214.991,214.3,207.732,212.692,210.422
27,N3,216.937,219.302,222.938,218.101,213.414,218.876,215.961,218.989,216.956,220.8,212.559,218.053,218.253,215.08,209.303,215.454,216.078,212.92,215.046,212.326
27,N6,81.961,81.633,79.66,82.083,87.417,86.834,83.922,82.926,84.116,73.936,85.287,78.742,80.415,84.666,85.752,84.414,81.462,79.055,81.107,90.33
27,N7,223.625,222.616,223.886,225.481,224.546,230.909,224.605,227.168,224.375,226.572,231.924,224.624,223.909,224.397,225.1,221.787,229.857,224.174,222.298,228.078
27,N9,171.033,173.168,173.856,172.12,169.206,169.863,174.484,174.444,171.077,175.42,173.182,172.311,170.29,170.78,173.762,173.65,172.429,175.523,174.72,172.006
27,P,-19.087,-18.078,-17.631,-19.79,-17.772,-20.539,-17.589,-15.991,-18.529,-19.831,-17.085,-15.37,-19.175,-18.98,-16.78,-22.232,-21.137,-18.231,-17.46,-16.896
28,C1',97.78,95.949,94.293,96.478,97.88,95.337,96.238,95.878,97.658,94.508,98.737,96.341,98.824,97.943,97.999,95.387,95.508,95.794,96.601,96.429
28,C2,141.947,141.927,142.115,140.504,142.631,142.45,141.892,142.117,141.586,141.758,141.908,141.054,142.373,141.44,141.819,141.872,141.787,142.028,141.581,140.926
28,C2',75.707,75.656,74.742,75.345,75.076,74.91,75.618,75.078,76.889,75.427,78.41,77.453,75.823,75.693,74.663,76.245,78.04,75.61,76.374,75.794
28,C3',73.816,73.345,73.664,74.469,74.86,73.903,72.443,73.582,73.317,73.861,75.396,73.401,73.003,72.606,76.138,73.438,71.709,72.87,74.237,74.577
28,C4,146.862,145.349,144.862,144.799,145.383,144.479,145.97,146.181,145.429,145.876,146.148,145.652,147.051,144.626,144.142,145.152,145.609,145.518,145.356,144.89
28,C4',76.807,77.632,76.407,79.138,78.98,78.094,79.651,77.018,77.692,76.131,81.118,78.357,77.696,79.574,78.354,77.608,77.336,78.993,80.152,78.797
28,C5,113.246,114.395,114.918,113.904,114.856,114.656,112.974,113.669,115.15,114.549,113.327,114.627,113.171,113.177,113.71,115.705,115.039,112.412,115.168,115.236
28,C5',62.768,62.729,62.931,63.475,61.838,63.581,64.137,62.503,62.803,63.171,64.674,64.119,64.546,62.822,62.79,63.5,64.343,63.307,64.361,61.952
28,C6,150.388,150.092,150.045,150.841,152.089,151.208,149.488,150.924,149.807,150.352,151.017,151.584,150.591,150.083,150.859,149.336,149.714,150.393,151.153,150.786
28,C8,127.797,126.617,126.253,126.774,126.142,125.711,125.737,126.21,126.172,126.952,125.655,127.171,127.935,126.587,126.258,125.997,126.542,125.131,125.913,126.093
28,H1,12.003,12.518,11.679,11.626,12.659,13.252,13.011,11.95,12.972,12.414,11.719,11.734,12.051,12.759,13.07,11.796,11.67,13.007,12.846,11.114
28,H1',6.367,6.371,6.284,6.298,5.979,6.149,6.228,6.184,6.454,6.414,6.39,6.553,6.319,6.217,6.148,6.379,6.451,6.412,6.37,5.955
28,H2',5.322,4.967,5.56,5.443,4.222,5.209,5.188,5.02,5.118,5,3.861,4.962,4.984,4.955,5.043,5.045,4.775,4.664,4.86,5.255
28,H21,9.376,8.381,8.793,9.991,9.247,8.37,8.528,8.429,8.493,9.393,9.059,9.304,8.668,9.241,8.879,8.848,7.747,8.772,9.439,8.255
28,H22,5.235,5.009,5.223,5.079,4.973,5.041,5.263,5.293,5.389,5.145,4.895,5.191,5.046,4.928,4.811,5.218,5.265,5.01,4.967,4.848
28,H3',4.943,4.658,4.68,4.467,4.242,4.593,4.918,4.462,4.656,4.612,4.463,4.567,4.843,4.615,4.506,4.549,4.73,4.749,4.452,4.405
28,H4',4.663,4.637,4.687,4.682,4.413,4.676,4.741,4.56,4.577,4.512,4.605,4.563,4.545,4.379,4.594,4.454,4.441,4.713,4.708,4.565
28,H5',4.445,4.837,4.575,4.224,4.205,4.218,4.843,4.865,4.413,4.431,4.073,4.564,4.292,4.3,4.513,4.767,4.526,4.276,4.605,4.42
28,H5'',4.28,4.087,4.128,4.212,4.074,4.068,4.117,4.134,4.192,4.163,4.214,4.169,4.17,4.336,4.292,4.148,4.181,4.176,4.041,4.107
28,H8,7.59,6.638,7.177,6.673,6.533,6.44,7.375,6.652,7.181,7.292,6.726,7.042,7.108,6.929,6.618,6.459,7.036,6.999,6.932,6.639
28,HO2',3.207,2.915,3.192,4.462,2.54,3.022,3.347,2.866,4.146,2.745,3.397,3.151,3.758,3.723,2.932,3.07,3.664,3.908,2.903,2.655
28,N1,138.322,137.139,137.449,138.346,140.518,138.161,139.48,136.952,139.205,138.322,138.506,136.76,138.879,137.705,139.343,139.736,137.914,139.242,135.881,136.751
28,N2,76.487,67.874,73.783,77.629,73.802,70.197,67.811,76.819,69.037,75.132,75.136,76.411,76.703,72.998,72.551,75.365,71.514,70.087,68.202,71.84
28,N3,164.324,161.877,166.33,168.052,162.893,160.079,162.698,168.642,163.038,163.998,163.683,160.469,161.991,164.306,165.726,166.138,160.443,162.815,160.396,166.959
28,N7,234.599,232.11,232.4,232.919,232.116,232.092,235.124,233.579,233.841,231.992,235.156,230.272,232.696,232.736,234.351,234.033,233.425,233.357,231.757,233.174
28,N9,164.266,167.976,164.618,167.276,165.619,164.611,169.604,167.115,167.217,166.161,169.22,168.03,167.021,166.53,164.874,167.04,169.076,168.877,167.617,166.725
28,P,-19.216,-18.194,-18.055,-16.418,-17.382,-17.853,-17.687,-17.607,-17.362,-17.781,-16.088,-18.012,-16.774,-17.181,-16.599,-16.663,-18.766,-19.079,-17.381,-16.723
29,C1',98.025,97.979,98.248,97.803,98.149,99.302,100.277,99.546,97.859,97.335,98.45,96.829,99.298,98.073,98.108,99.064,99.332,99.554,98.483,97.132
29,C2,147.969,147.843,148.116,147.897,148.187,148.745,149.389,148.607,148.348,148.739,149.097,148.95,149.358,148.856,149.141,148.15,147.974,150.368,149.199,148.403
29,C2',76.393,74.546,76.152,74.946,76.072,74.628,74.35,75.766,77.682,75.767,75.966,75.248,75.665,75.612,77.154,75.751,78.651,76.647,77.41,76.487
29,C3',73.126,73.983,75.081,75.136,73.148,73.471,75.174,73.349,75.661,71.515,72.713,73.546,72.491,72.274,72.376,73.299,73.304,71.671,72.438,72.916
29,C4,147.44,148.025,148.824,147.668,147.275,148.208,148.064,148.979,148.179,148.391,148.334,148.607,147.937,147.942,148.229,149.386,149.293,147.936,147.973,148.569
29,C4',78.069,78.804,78.962,77.787,79.767,77.975,77.152,80.144,80.443,79.924,79.626,77.471,79.069,78.747,80.103,78.173,80.147,79.019,80.914,78.718
29,C5,92.159,91.711,93.11,93.13,90.095,93.343,91.043,90.62,90.423,90.375,91.131,91.507,92.072,92.058,91.369,93.074,92.449,92.517,89.5,92.727
29,C5',64.139,63.647,62.955,61.314,64.84,63.764,62.765,64.077,64.357,63.501,64.814,62.662,62.822,63.323,63.875,62.121,63.831,62.323,64.735,62.17
29,C6,134.491,135.321,136.323,139.329,140.003,134.613,138.151,136.582,136.447,135.504,136.229,136.512,136.643,137.037,136.823,135.205,134.708,137.191,135.64,134.6
29,H1',6.297,6.285,6.508,5.95,6.608,6.12,5.766,6.293,5.988,6.564,6.688,6.401,6.556,6.546,6.596,6.404,6.669,6.431,6.403,6.2
29,H2',4.475,4.084,4.446,6.142,4.538,4.94,5.037,4.739,4.836,4.572,4.271,4.265,4.589,4.992,4.454,4.357,4.291,4.633,4.467,4.217
29,H3',4.494,4.264,4.507,4.391,4.517,4.394,4.596,4.537,4.563,4.662,4.632,4.688,4.696,4.705,4.748,4.491,4.522,4.617,4.854,4.438
29,H4',4.604,4.448,4.575,4.696,4.588,4.487,4.437,4.654,4.805,4.689,4.537,4.504,4.404,4.476,4.62,4.455,4.682,4.341,4.662,4.524
29,H41,9.736,8.874,9.304,9.407,8.048,9.738,9.451,8.112,9.38,9.348,9.568,9.792,9.392,9.769,9.573,9.067,9.675,9.004,9.555,10.134
29,H42,4.803,5.022,5.282,4.795,4.648,4.821,4.741,4.995,4.929,4.826,4.889,5.257,4.867,4.736,4.715,5.013,5.099,4.911,4.74,5.038
29,H5,4.789,5.229,5.253,5.016,5.288,4.821,5.138,5.01,4.862,4.431,5.087,5.234,5.02,5.059,5.067,5.249,5.348,5.294,4.637,5.484
29,H5',4.386,4.637,4.079,4.49,4.258,4.207,4.884,4.274,4.677,4.552,4.583,4.849,4.696,4.297,4.494,4.64,4.697,4.784,4.812,4.638
29,H5'',4.134,4.058,4.174,4.231,4.198,4.086,4.168,4.285,4.182,4.122,4.202,4.059,4.163,4.171,4.09,4.184,4.071,4.081,4.174,4.229
29,H6,7.154,7.366,7.229,7.915,7.991,6.978,7.772,7.734,7.738,7.435,7.51,7.515,7.472,7.796,7.897,7.099,7.295,7.673,7.74,6.898
29,HO2',4.179,5.287,2.668,3.297,5.135,4.13,3.079,3.649,3.197,4.648,5.314,2.915,4.102,3.975,5.259,4.938,5.433,3.325,5.015,4.02
29,N1,154.641,155.512,154.452,149.317,160.767,152.825,152.464,154.432,152.704,155.233,157.444,156.369,159.221,158.192,158.908,154.961,155.602,161.687,155.463,154.422
29,N3,196.923,197.355,197.084,194.317,196.088,195.135,194.66,196.338,194.699,190.823,194.218,195.88,194.222,191.224,196.29,195.784,196.066,195.67,192.927,196.58
29,N4,91.795,88.894,89.981,89.81,89.08,91.71,89.155,88.993,89.012,88.788,89.856,88.67,91.528,92.078,89.832,88.5,87.435,93.814,89.095,90.144
29,P,-19.142,-17.647,-16.977,-17.218,-17.706,-19.499,-17.239,-17.944,-17.437,-19.956,-15.622,-18.865,-17.591,-17.633,-19.327,-18.403,-17.039,-18.645,-17.697,-16.676
30,C1',96.459,94.811,98.007,98.164,93.974,97.019,98.714,98.167,96.399,94.352,96.609,95.268,98.705,98.556,99.498,95.259,97.529,99.054,96.165,96.843
30,C2,147.996,147.68,148.762,149.33,147.458,149.205,149.424,148.609,149.654,148.267,149.858,150.063,148.918,148.667,150.107,149.043,149.299,149.402,148.851,147.399
30,C2',77.284,78.988,78.416,75.889,77.561,78.583,75.373,77.569,79.282,79.827,77.549,78.491,74.826,76.634,75.856,78.322,76.018,76.661,78.392,77.228
30,C3',74.047,72.601,71.585,70.562,71.442,74.346,75.059,71.531,71.995,74.171,75.167,72.174,73.357,73.092,72.821,74.641,75.391,74.703,71.201,71.09
30,C4,149.425,146.815,147.198,147.249,146.728,148.595,149.1,147.64,148.952,148.224,147.919,148.289,148.344,148.715,149.435,148.636,147.79,147.906,148.112,147.327
30,C4',78.896,78.378,77.899,78.439,78.314,79.193,78.163,78.071,78.842,79.764,78.026,79.635,78.079,77.492,79.099,77.871,76.462,76.257,78.13,77.969
30,C5,92.307,91.055,91.866,90.39,91.983,92.85,91.033,92.9,93.939,91.375,93.321,92.786,91.663,92.215,91.25,94.255,92.04,92.062,93.621,92.347
30,C5',62.403,63.118,63.66,62.55,62.423,63.435,62.128,62.237,63.716,62.556,61.909,64.205,62.977,62.424,63.274,62.855,61.416,61.205,62.212,63.157
30,C6,135.872,140.916,137.298,137.938,136.898,137.314,139.246,135.972,139.278,136.155,136.893,137.247,136.606,137.272,137.165,137.977,136.868,135.976,136.373,134.752
30,H1',6.952,6.925,6.874,6.163,7.124,6.771,6.425,6.554,6.839,6.187,6.426,6.864,6.321,6.699,6.459,6.567,6.205,6.556,6.885,6.621
30,H2',4.694,4.88,3.696,5.127,5.28,4.488,5.225,4.057,4.619,4.076,4.702,4.848,4.964,4.533,5.233,4.739,5.428,5.101,5.343,5.102
30,H3',4.855,4.449,4.874,4.482,4.379,4.564,4.817,4.548,4.627,4.293,4.515,4.734,4.415,4.418,4.631,4.711,4.616,4.558,4.469,4.371
30,H4',4.641,4.377,4.33,4.648,4.599,4.333,4.515,4.187,4.793,4.485,4.543,4.567,4.195,4.253,4.329,4.578,4.6,4.231,4.358,4.356
30,H41,8.307,6.486,8.451,5.117,8.09,9.728,8.709,7.959,7.971,8.577,7.872,7.418,9.429,7.19,8.659,9.768,6.735,8.074,7.675,8.456
30,H42,5.099,5.304,4.834,4.576,4.581,5.029,4.4,4.767,4.639,4.882,5.049,5.277,4.611,5.04,4.907,5.173,4.671,4.458,4.442,4.534
30,H5,5.74,5.704,5.314,4.933,5.644,5.514,5.524,5.672,5.622,5.536,5.662,5.612,5.456,5.522,5.389,5.462,5.446,5.269,5.447,5.535
30,H5',4.447,4.371,4.1,4.074,4.515,4.262,4.433,4.599,4.316,4.531,4.495,4.455,4.464,4.61,4.38,4.344,4.629,4.655,4.611,4.473
30,H5'',4.768,4.279,4.201,4.324,4.267,4.359,4.093,4.196,5.357,4.53,4.517,4.33,4.186,4.214,4.184,4.524,4.241,4.196,4.378,4.241
30,H6,7.54,7.887,7.729,7.813,7.812,7.522,8.236,7.794,8.484,7.784,8.069,7.901,7.548,7.6,7.72,7.881,7.779,7.34,7.857,7.973
30,HO2',5.908,3.491,2.932,3.664,3.341,2.916,2.493,3.582,4.477,1.884,3.548,2.984,3.184,3.317,2.947,3.662,3.413,4.236,3.956,3.961
30,N1,156.797,160.253,157.551,156.074,154.807,157.129,158.401,155.043,155.931,155.287,153.088,159.414,155.125,158.157,158.901,155.424,152.534,154.302,155.64,152.733
30,N3,194.004,198.554,194.388,197.887,194.946,193.761,197.263,199.858,200.348,195.462,196.355,200.497,198.041,198.023,191.693,193.888,198.336,194.361,193.568,198.858
30,N4,90.447,86.609,90.997,80.609,95.7,87.489,87.856,92.689,90.562,85.241,94.687,89.686,90.296,86.361,83.907,89.486,84.941,91.069,95.616,94.264
30,P,-20.279,-18.796,-18.554,-16.543,-23.802,-18.212,-19.851,-20.185,-17.781,-17.558,-19.09,-18.441,-19.035,-19.474,-18.402,-19.557,-17.918,-17.542,-17.144,-19.094
31,C1',91.933,96.33,96.819,97.421,97.491,92.491,105.911,95.867,95.408,93.06,89.9,104.686,102.803,103.443,107.755,96.441,92.117,91.202,95.207,92.09
31,C2,146.043,146.269,146.817,145.068,146.756,147.6,147.547,145.948,146.615,146.733,146.88,147.375,147.398,147.899,146.973,148.359,146.643,146.158,147.781,146.71
31,C2',77.762,78.221,79.908,80.95,80.517,78.707,73.584,76.295,76.554,81.286,77.921,71.463,76.699,72.535,74.591,80.975,70.742,76.274,75.383,76.625
31,C3',73.14,75.731,79.495,78.773,74.784,79.349,69.652,76.877,76.874,78.169,78.643,71.448,74.437,72.035,70.69,82.02,71.174,73.195,76.651,65.954
31,C4,154.199,154.727,154.848,156.796,154.209,154.589,155.571,154.356,154.607,154.637,154.944,155.407,154.917,157.19,156.196,155.135,155.211,154.332,154.484,154.058
31,C4',84.982,81.123,84.083,87.444,78.276,81.609,80.657,80.174,78.311,86.62,79.192,80.22,79.868,78.711,79.701,81.859,85.49,84.763,84.257,81.628
31,C5,106.886,104.201,102.733,106.833,103.049,101.277,104.829,103.861,106.192,104.283,102.516,104.696,104.941,103.915,103.49,102.048,107.08,107.974,105.103,105.856
31,C5',66.118,63.12,69.884,65.94,63.839,69.684,67.97,68.052,67.974,67.166,64.795,66.742,65.74,66.52,66.149,68.744,64.271,62.895,65.529,63.381
31,C6,135.444,136.151,139.685,137.431,139.888,138.993,142.386,137.81,137.698,137.564,138.471,142.678,139.138,143.019,142.669,139.316,138.161,135.797,136.989,136.696
31,H1',6.45,6.666,6.843,6.378,6.958,6.369,6.06,6.108,6.387,6.74,5.962,5.877,5.945,6.007,6.066,6.63,6.547,6.324,6.816,5.973
31,H2',2.157,3.306,4.569,4.436,4.532,4.101,4.792,3.394,3.198,4.441,4.172,5.072,4.742,5.51,5.068,4.263,3.481,2.665,3.388,2.762
31,H3,7.641,7.732,7.949,7.735,7.966,7.602,10.071,7.562,7.594,7.727,7.653,8.291,10.654,10.575,8.238,7.865,7.648,7.636,7.795,7.54
31,H3',4.402,3.855,4.86,4.663,4.93,4.579,6.428,3.874,3.87,4.999,4.632,5.62,5.664,5.732,5.847,4.769,5.127,4.325,4.921,4.88
31,H4',4.828,5.569,5.357,4.563,4.452,5.001,4.364,4.195,3.952,4.899,4.959,4.122,4.386,4.281,4.135,4.338,4.501,4.571,5.312,4.235
31,H5,5.883,6.211,6.072,6.74,6.288,6.163,5.802,5.866,6.072,6.09,6.125,5.903,5.865,6.231,6.108,5.879,6.202,6.056,6.022,6.275
31,H5',3.809,3.288,4.303,4.217,3.255,4.158,4.355,4.175,4.096,4.007,3.896,4.369,4.672,4.345,4.676,3.847,4,4.23,3.498,3.974
31,H5'',4.229,3.777,4.212,4.161,3.735,3.914,4.193,4.344,4.087,4.246,3.647,4.256,4.263,4.332,4.291,3.77,4.73,4.752,4.432,4.868
31,H6,7.594,7.814,8.367,8.233,8.876,8.453,8.081,7.707,7.559,8.232,7.792,8.135,8.102,8.375,8.209,7.916,7.848,7.581,7.875,7.783
31,HO2',3.478,2.71,3.242,4.403,8.045,2.683,3.721,3.786,3.901,4.078,2.758,2.915,2.943,2.596,3.37,3.088,3.541,3.163,2.163,2.701
31,N1,154.794,157.455,156.692,160.785,167.66,155.91,161.201,159.943,159.213,156.858,158.403,158.327,157.031,159.434,159.973,160.872,153.88,151.837,159.709,154.422
31,N3,158.737,159.599,159.95,156.581,158.527,162.77,165.985,163.619,159.891,159.613,161.721,161.947,164.926,165.549,163.205,161.22,159.997,158.748,159.88,159.019
31,P,-19.856,-25.342,-17.237,-17.306,-23.136,-17.522,-17.951,-15.874,-19.256,-23.265,-19.268,-16.444,-17.328,-19.483,-17.845,-18.369,-23.721,-24.899,-22.405,-22.043
32,C1',84.768,90.13,97.467,97.346,95.859,96.536,94.114,91.3,92.859,96.415,99.136,100.345,92.632,93.148,97.982,95.254,86.606,86.857,87.156,85.73
32,C2,142.355,141.101,140.97,140.605,141.79,141.139,141.035,141.862,141.804,141.487,140.41,140.963,140.809,142.204,142.047,141.193,141.08,140.74,141.31,141.902
32,C2',74.268,75.016,82.317,75.611,78.635,81.539,74.402,78.208,79.818,78.727,77.104,79.044,72.878,74.492,78.085,78.258,74.318,74.469,74.677,72.951
32,C3',78.25,78.72,78.571,74.279,80.986,78.627,78.892,73.834,74.549,71.272,75.37,74.891,72.085,75.946,79.758,76.623,74.693,72.512,74.947,75.909
32,C4,147.527,148.978,144.996,145.489,147.064,144.519,146.278,144.829,147.024,147.281,147.478,145.249,148.337,148.089,148.684,145.469,149.788,148.364,148.586,148.811
32,C4',84.242,84.294,86.632,80.573,88.344,83.006,86.811,79.657,83.342,82.422,83.811,84.933,80.768,82.927,87.093,83.194,86.829,85.398,84.13,85.039
32,C5,112.872,113.202,114.828,115.272,113.719,115.42,114.73,112.831,112.333,113.514,116.079,114.708,115.416,115.163,116.419,113.693,114.355,115.309,113.411,115.048
32,C5',65.503,68.195,68.019,67.458,67.747,66.03,69.053,64.262,64.392,64.395,64.421,66.661,63.436,66.727,67.545,64.26,66.777,66.933,66.913,66.21
32,C6,148.404,148.54,149.292,147.85,148.274,148.895,149.204,149.293,148.237,150.13,148.164,149.106,149.25,149.574,148.658,148.701,148.554,150.09,148.998,149.848
32,C8,132.473,131.094,130.478,131.693,131.884,128.744,131.875,134.089,132.805,130.012,132.569,133.386,138.082,134.236,132.151,132.758,131.059,132.157,132.693,131.719
32,H1,7.453,7.174,7.406,7.295,7.661,7.23,7.529,7.326,7.229,7.397,7.174,7.437,7.554,7.543,7.347,7.28,7.346,7.419,7.293,7.54
32,H1',6.743,6.234,6.482,6.098,6.42,6.271,6.481,6.538,6.395,6.782,6.306,6.484,5.437,6.021,6.498,6.541,6.299,5.976,6.15,6.301
32,H2',4.489,5.106,4.258,5.233,5.431,4.293,5.273,4.633,4.847,4.991,4.943,4.977,5.474,4.964,4.551,4.939,5.08,5.05,4.993,5.134
32,H21,5.133,4.895,5.001,4.939,5.078,5.352,5.099,5.118,5.683,5.099,4.923,5.113,5.218,4.977,5.028,5.396,5,5.099,5.058,5.096
32,H22,5.266,5.178,5.244,5.263,5.432,5.281,5.375,5.622,5.196,5.575,5.01,5.273,5.046,8.455,8.589,5.166,5.398,5.484,5.475,5.561
32,H3',4.884,3.85,4.422,5.467,4.601,4.704,4.847,5.146,5.073,5.434,5.3,4.457,4.406,4.398,4.281,4.835,4.136,4.467,4.14,4.231
32,H4',4.498,4.593,3.588,4.712,5.073,4.636,4.148,3.71,4.017,4.711,4.029,3.08,3.031,3.268,4.201,3.574,4.504,4.39,4.503,4.481
32,H5',3.968,3.833,3.8,4.482,4.272,4.553,4.017,3.563,3.316,4.318,4.348,3.443,4.266,4.428,3.995,4.465,4.038,4.228,3.945,3.993
32,H5'',4.078,4.024,3.658,4.145,4.221,4.039,4.032,4.574,4.605,4.691,3.754,4.011,3.941,4.379,4.898,4.039,4.204,4.338,4.09,4.063
32,H8,7.855,8.527,7.85,7.739,8.238,7.828,7.919,7.669,7.432,7.968,7.724,7.961,8.225,7.923,7.88,7.443,8.196,8.307,8.671,8.606
32,HO2',5.808,3.294,3.035,3.048,2.829,3.617,4.077,3.937,3.521,3.676,3.275,2.952,2.863,2.728,2.82,3.92,2.927,3.933,4.352,3.73
32,N1,135.644,133.211,136.037,135.009,136.997,135.76,134.558,139.44,137.984,135.434,137.419,134.745,136.496,139.182,137.489,136.945,136.704,136.053,135.957,137.255
32,N2,64.588,66.229,63.181,65.788,63.523,62.673,64.978,63.171,62.251,65.969,63.459,63.998,62.389,67.865,69.937,61.112,67.727,67.541,63.151,64.132
32,N3,164.391,167.021,160.08,164.436,162.473,155.948,158.323,158.623,159.484,154.433,164.118,161.554,163.371,166.481,160.074,160.523,160.061,159.183,160.399,157.236
32,N7,238.219,236.866,226.604,231.858,232.075,236.747,229.348,233.502,235.565,241.821,232.09,227.532,227.025,233.093,233.065,234.62,240.274,236.818,237.896,238.702
32,N9,164.111,172.024,172.415,165.556,176.272,173.18,170.817,174.843,177.717,181.101,178.231,170.825,166.298,167.258,171.503,177.514,168.384,167.972,169.684,167.29
32,P,-19.303,-18.693,-19.363,-18.142,-17.864,-14.85,-17.727,-19.7,-19.145,-17.282,-21.701,-20.723,-18.752,-21.239,-21.023,-16.887,-17.497,-18.192,-18.328,-17.956
33,C1',99.822,94.794,94.177,96.798,95.384,93.336,96.062,91.47,93.306,98.327,96.306,91.669,93.144,93.9,92.67,92.718,95.697,98.001,96.394,93.981
33,C2,140.348,139.961,140.118,140.894,140.041,139.789,138.813,140.489,139.809,141.123,140.542,140.844,139.562,140.538,141.354,140.627,139.678,140.596,141.841,140.832
33,C2',80.368,71.994,73.726,78.709,74.689,74.103,72.975,76.95,73.86,78.837,73.27,71.868,72.572,73.351,72.781,73.356,74.731,75.588,75.246,73.963
33,C3',75.539,74.67,75.212,73.403,76.268,74.493,72.458,76.479,75.355,82.561,81.248,71.753,75.052,73.602,74.166,74.956,76.64,78.93,81.677,75.524
33,C4,143.395,147.45,148.758,144.286,150.303,146.147,149.297,148.338,148.82,146.79,149.148,145.951,149.307,147.238,148.192,147.764,149.775,148.922,147.373,148.485
33,C4',88.296,77.462,80.087,84.415,80.779,80.332,82.795,79.491,77.816,82.494,82.274,79.455,79.614,79.857,81.162,77.703,81.038,81.602,84.077,79.45
33,C5,112.652,112.975,114.106,114.452,114.616,116.676,113.822,114.372,111.534,114.137,113.771,115.6,113.364,113.893,112.956,114.035,114.291,114.371,113.512,112.69
33,C5',66.558,63.103,65.313,64.539,63.667,63.702,66.772,60.827,62.106,67.405,66.895,59.131,61.433,65.302,64.236,62.879,63.085,63.578,65.404,61.81
33,C6,148.353,149.174,148.198,148.293,150.067,150.427,148.744,149.038,147.626,150.078,149.135,151.078,149.148,148.2,148.377,149.204,149.287,149.648,149.288,149
33,C8,130.807,131.294,131.569,131.491,129.417,127.758,129.546,130.136,129.874,131.435,131.042,128.347,130.711,130.993,130.448,130.747,131.549,131.276,133.457,131.669
33,H1,7.335,8.625,7.189,7.192,9.743,7.453,6.989,7.267,7.148,7.396,7.258,6.977,6.694,7.031,7.254,7.479,7.26,9.001,10.174,7.498
33,H1',6.329,5.608,5.858,6.593,5.793,6.247,6.333,5.876,5.92,5.897,5.92,5.351,5.662,5.702,5.896,5.633,6.158,6.196,6.219,5.852
33,H2',4.396,3.331,3.228,4.7,4.271,5.727,4.677,4.738,4.803,4.622,3.712,4.813,4.14,4.252,3.748,3.581,4.303,4.751,5.029,4.237
33,H21,5.018,8.864,4.634,5.13,7.749,5.146,4.175,4.302,4.123,5.138,4.588,4.35,4.38,4.386,4.736,4.756,9.025,9.218,7.835,9.318
33,H22,5.124,8.44,7.029,5.235,9.401,5.723,8.282,5.342,5.309,5.254,5.371,7.338,8.538,7.725,8.086,5.304,7.523,9.297,7.953,8.475
33,H3',3.157,5.029,4.951,5.338,4.546,4.692,4.927,4.48,4.515,4.693,4.594,4.978,4.58,4.957,5.295,4.662,4.907,4.391,4.713,4.748
33,H4',5.321,4.454,4.474,5.01,4.773,4.5,4.17,4.577,4.626,4.7,4.607,4.242,4.202,4.319,4.204,4.552,4.417,4.45,4.652,4.29
33,H5',3.963,4.269,3.895,4.184,3.955,3.919,3.892,4.277,4.204,4.052,3.989,4.473,3.919,3.829,3.815,3.937,4.207,4.133,4.168,4.109
33,H5'',2.553,3.66,3.895,4.806,3.655,4.024,4.123,4.096,4.061,3.918,3.83,3.742,3.805,3.956,3.886,3.77,3.63,3.514,3.635,3.75
33,H8,7.256,7.356,7.397,7.974,6.709,6.896,6.393,7.764,7.79,7.753,7.371,7.021,7.606,7.106,7.162,7.409,7.224,7.493,7.559,7.31
33,HO2',2.134,3.048,4.421,3.764,4.196,3.47,4.174,2.576,2.445,3.359,5.445,3.656,3.173,4.624,3.772,4,4.265,2.629,2.757,3.897
33,N1,135.582,139.609,135.471,138.792,140.108,134.705,134.675,133.379,132.385,134.568,133.922,134.78,136.361,134.915,138.307,138.197,136.691,139.966,142.761,137.885
33,N2,62.422,75.34,72.181,63.223,84.849,62.004,74.407,66.051,71.489,62.889,68.443,72.663,71.812,67.918,69.312,65.094,87.572,83.532,83.16,86.579
33,N3,161.351,158.719,169.304,157.988,166.281,167.486,169.148,163.988,169.228,162.25,173.936,167.003,169.909,166.781,159.792,163.759,164.573,157.552,157.408,159.124
33,N7,237.835,235.591,235.524,237.295,231.913,238.88,234.317,238.551,237.721,231.139,232.246,239.24,234.317,234.448,234.077,235.397,230.301,227.685,230.632,228.576
33,N9,171.99,176.454,180.113,177.433,174.53,173.969,177.805,177.023,177.361,171.669,178.557,176.225,176.364,177.561,177.428,176.784,177.285,173.314,177.356,177.077
33,P,-21.473,-21.133,-16.066,-18.98,-21.981,-21.803,-16.812,-20.808,-21.666,-22.218,-19.221,-20.344,-17.43,-16.161,-14.452,-20.221,-21.997,-20.496,-20.161,-20.744
34,C1',93.595,93.99,91.731,98.334,90.889,86.745,90.632,95.436,92.149,97.78,91.869,95.25,91.659,95.963,93.878,91.597,92.871,92.459,94.771,88.8
34,C2,139.437,139.736,142.123,141.507,139.791,140.371,139.463,142.523,141.891,142.172,141.846,142.073,140.325,139.702,139.864,142.62,141.404,141.805,141.712,140.764
34,C2',73.78,77.946,73.112,74.908,74.463,72.976,72.758,77.108,76.896,77.4,75.324,74.585,76.35,69.935,71.639,75.661,75.704,73.138,72.191,72.135
34,C3',73.29,73.498,82.823,79.368,73.894,73.187,76.785,74.469,75.882,77.504,75.864,74.176,72.696,72.353,77.116,71.521,76.592,72.905,71.852,73.929
34,C4,145.464,146.215,146.533,146.379,146.868,147.484,147.693,147.688,147.557,147.503,146.257,146.369,145.572,146.707,147.319,146.85,148.61,146.844,146.592,144.505
34,C4',81.782,80.657,85.056,84.073,78.641,86.588,84.401,85.879,80.902,86.363,80.65,78.522,77.679,78.351,83.613,78.744,79.739,78.995,79.039,77.331
34,C5,110.673,111.253,113.5,114.11,111.776,113.615,112.443,111.883,113.334,111.63,111.219,111.222,111.604,111.901,112.158,110.753,111.984,111.958,111.506,113.437
34,C5',62.86,62.887,66.181,64.298,63.527,67.148,70.699,64.979,65.352,67.151,63.93,62.488,64.174,62.188,65.669,62.616,64.721,64.223,66.679,63.018
34,C6,150.678,147.623,148.164,148.238,148.011,148.9,148.406,148.938,149.713,148.972,148.64,148.588,147.423,148.632,149.14,147.811,149.007,148.652,148.969,148.373
34,C8,132.288,130.106,128.025,131.934,129.348,127.681,127.803,131.167,129.716,131.122,128.224,127.472,128.938,129.197,128.268,128.275,128.746,134.241,132.549,129.446
34,H1,11.849,8.563,11.895,7.192,10.63,11.326,11.123,11.08,11.711,11.347,11.491,10.998,10.455,9.717,10.917,12.259,10.553,11.219,11.48,11.418
34,H1',6.619,6.87,7.331,6.242,6.156,6.362,7.07,6.893,6.642,6.654,6.883,6.397,6.441,6.328,6.956,6.78,6.552,6.122,6.137,6.129
34,H2',6.023,4.898,5.253,5.138,5.325,4.76,5.012,5.049,5.509,5.188,5.629,4.995,5.188,5.683,5.382,5.402,5.658,6.163,6.273,5.207
34,H21,9.394,8.296,8.206,5.123,8.812,8.443,8.549,8.862,8.997,8.683,9.322,8.135,4.625,8.6,9.455,8.849,8.512,8.398,8.958,8.713
34,H22,4.634,5.162,5.029,5.014,4.959,4.61,5.299,5.274,5.219,4.954,5.303,5.008,4.939,6.665,6.242,5.387,5.233,5.269,5.273,5.288
34,H3',5.19,5.251,5.022,5.991,4.732,4.607,4.918,5.465,5.327,5.527,5.094,4.875,5.422,4.702,4.888,5.266,5.317,5.379,5.353,5.109
34,H4',4.555,4.608,5.302,4.273,4.188,4.683,5.092,4.624,4.664,4.91,4.653,4.572,4.326,4.209,4.923,4.762,4.716,4.596,4.381,4.605
34,H5',4.374,3.923,4.194,3.746,4.121,4.728,4.256,3.998,4.005,3.836,4.239,4.48,4.087,4.235,4.079,4.002,4.186,3.906,3.942,4.059
34,H5'',3.904,3.988,4.013,3.386,4.24,3.907,3.762,4.275,4.015,4.095,4.098,4.299,4.081,3.968,4.068,4.689,4.005,3.825,3.897,3.944
34,H8,7.481,7.584,7.97,7.619,7.647,7.914,7.882,7.546,7.496,7.614,7.762,7.481,7.799,7.66,7.52,7.627,7.707,7.64,7.711,7.536
34,HO2',3.053,2.982,3.675,4.17,3.236,4.59,2.683,3.842,3.314,3.92,3.504,2.805,1.226,1.583,2.463,3.298,4.572,2.391,1.529,0.809
34,N1,138.165,135.772,137.367,136.589,136.328,135.049,134.472,137.899,135.697,135.79,138.092,138.257,136.312,135.226,137.54,136.233,135.74,135.935,135.926,134.314
34,N2,77.341,69.266,67.117,72.267,70.711,69.437,77.776,69.218,67.449,67.259,69.144,67.53,69.631,77.097,74.974,65.674,71.533,65.451,68.065,66.176
34,N3,163.931,159.363,162.929,166.175,164.609,165.042,165.603,161.55,166.009,163.969,164.224,162.545,160.764,162.549,171.299,165.721,161.299,165.446,163.911,165.397
34,N7,231.821,235.649,238.059,234.029,239.693,239.032,238.468,236.868,239.909,231.662,243.67,240.549,242.914,238.017,239.148,240.759,238.068,229.314,230.539,238.57
34,N9,176.157,177.984,169.587,178.034,174.989,166.198,169.016,176.628,176.118,178.7,173.992,175.095,175.681,176.183,176.283,175.323,176.956,173.908,178.357,172.275
34,P,-19.578,-19.842,-17.378,-19.287,-16.762,-20.861,-20.997,-17.748,-19.864,-19.213,-17.654,-18.551,-19.048,-18.95,-17.278,-18.948,-18.638,-20.337,-21.566,-19.693
35,C1',101.963,100.083,93.602,96.517,101.101,95.152,93.274,102.433,97.13,96.333,93.557,97.116,100.308,95.036,98.077,99.285,97.202,94.712,98.034,98.223
35,C2,148.494,147.246,149.818,147.669,147.355,149.84,150.299,148.272,149.577,147.79,150.647,147.838,146.21,150.364,151.105,147.084,147.474,150.421,147.381,147.833
35,C2',82.056,77.922,77.061,75.434,77.449,72.754,80.152,83.308,75.977,72.807,76.563,76.045,78.935,75.393,75.706,77.633,76.87,76.519,75.894,75.697
35,C3',75.137,79.098,74.149,75.333,73.836,72.641,71.285,80.506,73.34,70.526,68.463,74.095,72.73,70.449,69.255,72.991,71.821,71.748,70.573,75.549
35,C4,143.682,145.656,143.964,144.564,145.173,147.16,144.331,144.626,144.887,145.763,145.953,145.556,144.903,144.488,144.422,144.912,145.394,144.129,144.984,144.566
35,C4',91.627,86.293,78.682,86.047,88.39,78.038,85.848,91.33,80.996,85.072,83.107,80.953,88.312,77.673,81.213,82.841,86.381,79.635,80.357,86.226
35,C5,112.555,112.017,112.352,112.49,113.526,112.01,112.327,112.558,112.718,112.799,111.508,113.394,113.05,111.432,114.662,112.372,113.061,114.312,112.946,112.908
35,C5',71.207,69.738,64.392,64.742,66.268,63.354,69.027,68.774,64.867,68.425,63.124,62.879,65.546,63.922,63.653,69.357,66.56,64.978,64.959,68.27
35,C6,142.948,142.882,143.143,143.396,143.168,142.861,144.054,143.404,143.16,143.008,143.488,143.327,143.471,142.755,143.687,143.221,143.534,143.297,143.01,142.829
35,C8,135.323,137.425,133.928,135.117,137.324,134.066,133.889,134.231,135.069,136.299,133.585,139.208,139.288,139.159,139.707,137.091,137.831,137.831,138.029,138.961
35,H1',7.072,6.878,7.095,6.171,7.06,6.378,6.963,7.123,6.862,6.249,6.651,6.835,6.895,6.731,7.017,6.778,6.361,6.812,6.823,6.995
35,H2,8.584,8.552,8.555,8.284,8.732,8.641,8.611,8.614,8.599,8.573,8.631,8.656,8.856,8.939,8.841,8.539,8.548,8.545,8.582,8.658
35,H2',4.41,5.217,4.918,5.178,5.641,5.445,4.774,4.731,5.752,5.063,4.813,5.986,5.257,6.406,5.526,5.269,4.945,5.69,6.215,6.046
35,H3',5.288,6.377,5.043,5.736,5.341,4.778,5.172,5.184,4.323,5.331,5.347,4.585,5.761,5.169,4.925,5.326,5.267,4.692,5.425,5.626
35,H4',5.272,4.825,4.816,5.197,5.047,4.379,5.284,5.198,4.795,4.821,4.575,4.811,5.08,4.829,4.818,4.622,4.837,4.961,4.754,5.041
35,H5',4.452,4.463,4.521,4.402,4.443,4.489,4.206,4.431,4.683,4.311,4.459,4.678,4.462,4.353,4.337,4.474,4.428,4.597,4.525,4.394
35,H5'',4.79,3.813,4.128,5.212,4.439,4.745,4.397,4.309,4.427,4.434,5.151,4.147,5.136,4.376,4.578,4.371,4.768,4.223,4.18,4.507
35,H61,6.03,5.959,6.026,5.824,5.857,6.059,6.111,6.041,6.197,6.235,6.013,6.244,5.993,5.918,6.221,5.993,6.029,6.256,5.976,5.918
35,H62,5.772,5.829,5.92,5.827,5.543,5.951,5.953,5.782,5.878,5.924,5.877,5.847,5.88,5.547,5.861,5.878,6.09,5.829,5.905,5.617
35,H8,8.188,8.491,8.085,8.167,8.345,8.484,8.255,8.341,8.311,8.542,8.142,8.695,8.574,8.377,8.36,8.509,8.516,8.481,8.408,8.407
35,HO2',3.391,4.04,2.854,7.274,3.467,3.733,3.793,6.323,5.299,3.921,4.156,4.544,2.994,3.173,3.119,4.086,3.551,3.38,3.706,3.535
35,N1,216.407,219.058,216.163,223.205,220.486,215.603,217.367,217.533,214.106,216.517,216.275,219.307,224.839,217.394,213.489,219.99,220.851,215.351,217.165,218.726
35,N3,217.766,229.107,213.861,215.76,223.722,219.543,213.872,223.663,217.298,227.547,214.586,223.199,228.918,222.237,219.044,225.685,230.386,217.269,223.824,220.819
35,N6,78.92,77.423,78.75,78.432,76.844,78.287,75.408,76.896,77.671,79.353,80.886,75.256,73.16,79.039,76.921,78.032,78.632,78.795,76.632,78.851
35,N7,216.86,222.049,220.794,225.971,223.181,221.282,222.675,219.719,218.584,223.258,224.665,221.203,217.063,216.416,224.573,220.156,221.93,219.708,217.448,224.739
35,N9,176.535,187.244,179.84,175.062,173.082,176.667,180.991,179.017,177.26,177.692,177.5,177.54,177.39,176.633,171.562,181.061,175.071,176.402,177.809,172.238
35,P,-21.74,-21.429,-21.428,-19.8,-19.764,-20.368,-23.337,-21.165,-17.244,-19.271,-18.932,-16.015,-17.702,-21.095,-21.157,-20.166,-17.856,-18.554,-16.396,-20.636
36,C1',94.381,100.841,98.414,98.17,95.818,98.907,99.172,98.908,98.636,98.459,97.001,97.487,99.546,95.247,99.747,97.748,96.707,97.689,99.025,96.723
36,C2,141.25,141.525,140.901,141.323,143.314,141.143,141.684,142.936,140.664,141.443,142.005,141.384,140.512,141.378,141.966,141.662,142.614,140.46,141.541,141.8
36,C2',75.142,73.488,75.881,74.906,74.999,73.903,75.207,74.878,74.11,74.364,75.176,75.021,74.911,76.653,76.24,74.921,75.731,76.156,73.917,76.857
36,C3',73.715,71.959,74.72,74.54,82.01,73.182,79.127,72.312,81.856,79.177,80.398,80.803,77.268,78.537,75.656,73.154,79.929,70.708,72.497,78.801
36,C4,146.986,147.069,146.055,145.618,146.218,145.777,144.538,147.521,145.877,145.523,146.002,145.665,146.102,145.466,146.1,145.507,145.623,144.886,147.194,144.58
36,C4',79.893,81.638,78.909,82.058,77.994,79.074,77.881,79.945,77.015,76.466,76.053,78.159,87.649,78.967,84.926,80.28,74.63,82.301,77.356,77.154
36,C5,114.359,112.595,112.676,113.258,113.586,112.534,113.178,113.357,112.966,115.068,113.984,112.451,114.095,114.451,113.673,113.336,113.168,114.781,113.735,113.47
36,C5',62.471,61.292,60.069,61.348,68.272,59.596,69.614,64.716,66.839,69.174,67.77,65.854,65.883,67.825,66.852,62.49,68.211,63.536,62.483,68.373
36,C6,149.95,151.169,150.765,150.762,150.415,149.926,150.798,150.853,151.349,151.239,150.96,150.776,150.924,150.819,150.127,152.135,150.756,151.235,151.127,149.952
36,C8,129.261,126.933,126.958,132.701,128.06,128.223,127.052,126.085,127.404,127.918,126.662,126.906,128.53,128.378,127.189,127.189,127.638,128.422,129.451,126.389
36,H1,12.316,12.409,12.222,12.644,12.305,12.366,12.491,11.52,12.684,12.36,12.16,12.595,12.268,13.094,12.705,12.383,12.697,11.486,12.306,12.187
36,H1',6.274,6.612,6.365,6.53,6.024,6.483,6.674,6.457,6.82,5.699,6.07,6.321,6.734,6.067,6.475,6.102,5.645,5.861,6.212,6.228
36,H2',5.591,4.833,5.078,6.04,5.164,5.971,5.16,4.756,4.851,4.95,5.187,4.977,5.839,5.267,5.481,4.698,4.45,4.33,4.538,4.747
36,H21,7.902,7.928,8.683,9.098,9.242,8.293,8.509,8.755,8.347,9.072,8.731,8.8,8.492,9.125,8.374,8.837,9.127,7.682,7.435,8.126
36,H22,5.026,5.021,4.894,5.238,5.148,4.918,5.195,5.13,5.217,4.994,5.196,5.05,4.998,5.035,5.09,4.93,4.915,5.065,4.909,5.043
36,H3',4.535,4.924,4.397,4.925,4.406,4.836,4.499,4.576,4.236,4.188,4.323,4.117,4.045,4.048,4.165,4.789,4.299,4.35,4.443,4.186
36,H4',4.427,4.49,4.531,4.689,4.223,4.638,4.676,4.449,4.149,4.514,4.539,3.769,4.42,4.393,3.962,4.492,4.027,3.955,3.757,4.504
36,H5',5.359,4.446,4.844,4.313,3.701,5.173,4.022,4.999,3.929,3.811,3.866,3.594,4.525,4.184,4.17,4.516,4.093,4.064,4.919,3.877
36,H5'',3.973,4.088,4.274,4.036,4.485,4.239,4.558,4.402,4.472,4.623,5.612,4.197,3.294,3.564,3.365,4.355,4.165,3.732,4.056,4.505
36,H8,7.553,6.665,7.268,8.568,6.784,7.577,6.891,6.633,6.988,6.857,6.715,6.814,6.836,6.55,6.412,7.104,7.154,7.026,6.791,6.27
36,HO2',2.986,4.548,2.666,3.66,3.126,3.077,3.928,2.898,5.021,2.851,2.871,3.631,3.568,3.298,4.381,3.967,3.434,5.22,3.361,4.326
36,N1,140.787,141.184,138.178,137.637,140.076,139.086,137.261,138.851,138.615,139.125,139.951,139.332,135.47,138.655,138.751,139.232,139.341,136.288,138.327,139.577
36,N2,74.903,77.143,72.045,73.079,77.514,76.602,70.714,75.09,75.184,76.259,72.678,75.271,70.686,69.889,69.476,75.076,71.799,69.712,70.937,75.206
36,N3,167.603,169.506,168.859,164.533,162.232,169.297,165.682,166.951,166.716,164.079,164.197,166.778,165.127,160.577,159.432,163.374,161.075,163.91,169.68,164.075
36,N7,233.414,233.738,233.882,223.646,233.511,232.79,234.873,236.588,234.803,230.704,234.065,235.507,234.83,235.918,235.956,231.883,238.013,231.656,227.751,234.198
36,N9,164.169,166.679,164.653,163.28,165.425,164.382,166.272,169.638,168.189,166.247,167.484,168.609,165.315,164.977,168.072,168.103,170.683,170.032,166.058,168.35
36,P,-20.491,-22.281,-20.081,-21.435,-22.38,-20.179,-21.092,-18.959,-19.869,-22.437,-21.719,-21.393,-20.587,-18.636,-19.145,-17.406,-19.125,-19.534,-18.988,-21.177
37,C1',96.896,96.881,97.39,100.008,97.591,97.867,99.092,96.012,100.025,99.824,99.277,98.967,99.645,99.2,98.299,97.611,97.835,100.357,98.151,99.785
37,C2,148.261,149.597,147.845,148.293,148.722,147.685,148.895,149.678,148.978,148.163,148.989,148.715,149.215,148.026,147.457,149.393,149.332,149.139,148.751,150.299
37,C2',75.951,76.963,75.791,75.822,79.466,76.4,76.047,75.615,76.281,76.663,77.361,79.069,75.874,77.405,75.505,79.086,77.812,76.116,75.807,77.146
37,C3',72.773,73.137,72.096,73.208,74.033,72.624,72.352,74.137,75.145,72.263,72.922,72.519,71.626,74.054,72.986,75.028,73.139,75.444,72.287,79.983
37,C4,148.569,148.453,147.304,149.01,148.5,148.371,148.829,150.156,148.29,148.387,148.788,148.682,147.801,147.91,148.162,148.179,147.842,148.792,148.526,149.858
37,C4',78.037,78.543,78.452,80.339,80.262,77.721,79.169,77.873,81.241,79.091,77.789,79.972,77.264,80.855,77.746,79.593,78.407,80.014,78.536,79.085
37,C5,92.293,92.992,90.441,92.035,91.499,93.42,93.269,91.51,93.049,92.053,92.187,91.7,93.726,91.743,92.117,92.98,92.823,92.011,90.808,94.029
37,C5',63.378,64.67,65.51,63.645,65.063,62.246,64.681,63.301,64,63.632,64.226,64.429,62.705,62.909,62.157,63.822,62.716,64.7,63.328,69.42
37,C6,134.984,135.379,137.008,137.041,136.182,136.256,136.13,137.322,136.091,134.951,135.511,135.966,136.274,134.936,135.881,136.985,135.919,135.372,137.387,135.626
37,H1',6.202,6.302,6.403,6.45,6.516,6.713,6.427,6.168,6.167,6.428,6.461,6.698,6.45,6.344,6.407,6.471,6.719,6.185,5.956,6.083
37,H2',5.153,5.032,5.032,5.078,4.316,4.895,4.864,5.229,5.214,4.689,4.629,4.206,5.194,4.623,4.666,4.789,4.421,4.8,5.256,5.149
37,H3',4.404,4.569,4.903,4.438,4.65,4.567,4.763,4.34,4.545,4.721,4.474,4.546,4.521,4.495,4.458,4.67,4.626,4.407,4.754,4.211
37,H4',4.784,4.666,4.722,4.556,4.678,4.671,4.62,4.661,4.759,4.499,4.418,4.454,4.36,4.521,4.495,4.598,4.315,4.585,4.724,4.874
37,H41,8.229,9.454,7.613,7.34,9.238,9.292,9.755,8.775,9.157,9.495,8.5,7.631,9.148,9.345,9.192,8.381,9.4,9.833,9.148,8.975
37,H42,4.797,4.678,4.443,5.01,5.144,4.97,4.475,5.105,4.601,4.7,4.964,4.983,4.447,4.785,4.756,4.741,4.685,4.841,4.578,5.3
37,H5,4.918,5.232,4.883,5.044,5.335,5.123,5.211,5.416,5.149,4.803,4.997,5.302,5.137,5.036,5.222,4.994,5.06,5.226,4.823,5.208
37,H5',4.207,4.417,4.364,4.168,4.251,4.835,4.311,4.948,4.435,4.371,4.825,4.414,4.324,4.351,4.576,4.357,4.57,4.363,4.696,4.605
37,H5'',4.232,4.294,4.426,4.359,4.324,4.112,4.273,4.104,4.231,4.011,4.098,4.293,4.301,4.296,4.259,4.267,4.269,4.187,4.034,4.312
37,H6,7.412,7.565,7.972,7.757,7.734,7.406,7.828,7.892,7.796,7.368,7.382,7.598,7.59,7.552,7.556,7.837,7.429,7.596,7.88,7.365
37,HO2',3.209,3.364,3.793,4.567,3.015,3.603,4.432,3.1,3.321,3.499,3.726,3.395,3.703,3.161,4.001,3.179,3.336,3.525,3.024,3.549
37,N1,154.222,154.563,155.617,153.85,156.967,153.13,155.212,153.201,152.047,153.255,154.674,158.244,157.547,154.423,154.277,155.25,158.275,152.905,151.35,150.216
37,N3,197.094,195.968,200.307,196.526,194.669,195.249,194.317,191.233,196.587,192.314,194.859,197.191,195.249,191.836,194.483,195.299,192.149,195.048,195.873,194.681
37,N4,91.024,89.366,85.417,88.197,88.159,86.602,91.126,86.432,89.769,93.267,91.16,85.115,93.651,96.246,88.527,95.21,94.846,91.6,89.068,89.604
37,P,-16.455,-16.993,-18.255,-18.926,-19.558,-19.634,-19.908,-16.518,-16.96,-20.143,-21.413,-19.819,-17.49,-16.927,-18.446,-19.663,-19.031,-17.113,-18.104,-17.141
38,C1',100.136,98.322,100.363,98.993,94.975,98.557,99.016,99.782,97.953,98.257,99.649,96.752,99.288,96.725,99.595,97.065,95.121,94.098,97.416,100.249
38,C2,145.864,145.583,144.867,145.804,145.347,145.696,146.001,145.107,145.508,146.196,145.692,145.522,145.013,145.897,146.203,145.905,145.849,145.549,145.554,146.158
38,C2',76.645,77.529,75.822,75.589,77.026,78.042,76.767,74.853,76.264,75.887,77.255,75.165,76.872,77.426,75.786,77.722,76.986,76.497,77.331,75.017
38,C3',74.777,74.844,78.063,74.067,73.28,72.934,73.502,73.435,72.735,75.58,73.358,73.772,74.321,72.319,71.383,72.929,72.755,72.946,72.39,73.279
38,C4,156.959,156.359,156.993,156.791,154.389,154.381,155.338,157.213,156.397,156.906,156.226,156.718,157.181,154.976,155.692,154.163,155.491,155.957,157.139,155.417
38,C4',80.513,79.042,80.061,77.81,78.28,77.859,78.836,78.308,77.998,78.306,77.484,78.271,78.22,79.648,79.019,78.67,76.503,77.481,77.299,79.257
38,C5,101.179,102.907,102.102,103.221,106.331,105.792,102.614,102.316,102.681,102.578,103.744,102.481,103.598,102.574,103.12,104.303,104.475,103.718,102.82,102.295
38,C5',63.748,63.811,64.815,62.292,63.947,63.477,64.406,62.997,63.487,63.188,62.964,62.878,62.205,65.165,63.108,64.399,62.851,63.89,63.052,62.845
38,C6,138.133,137.183,137.023,137.929,136.843,136.76,138.835,137.819,138.191,138.012,136.618,137.942,136.172,136.714,136.106,136.106,138.668,137.97,137.815,137.035
38,H1',6.269,6.325,6.486,6.102,6.542,6.774,6.45,6.427,6.253,6.155,6.353,6.307,6.453,6.689,6.253,6.664,6.734,6.42,6.531,6.079
38,H2',4.679,4.71,5.064,4.864,5.063,4.497,4.976,4.292,5.386,4.769,3.875,5.597,5.005,5.335,4.861,4.651,5.096,5.257,4.775,5.045
38,H3,13.392,12.766,13.598,12.981,9.189,7.577,12.38,13.389,12.692,11.704,12.736,13.721,12.711,12.272,12.215,11.937,13.098,13.751,13.372,11.56
38,H3',4.406,4.392,4.515,4.65,4.605,4.834,4.655,4.521,4.706,4.459,4.554,4.57,4.359,4.736,4.65,4.811,4.842,4.541,4.64,4.353
38,H4',4.494,4.322,4.796,4.548,4.518,4.388,4.528,4.547,4.577,4.637,4.208,4.757,4.386,4.49,4.478,4.576,4.581,4.619,4.383,4.344
38,H5,5.634,5.629,5.561,5.509,5.57,5.695,5.529,5.727,5.467,5.675,5.691,5.414,5.681,5.356,5.493,5.657,5.921,5.447,5.443,5.444
38,H5',4.637,4.815,4.514,4.475,4.788,4.622,4.668,3.934,4.901,4.715,4.697,4.532,4.772,4.524,4.388,4.223,4.626,4.825,4.777,4.217
38,H5'',4.299,4.184,4.265,4.209,4.218,4.144,4.164,4.359,4.062,4.234,4.224,4.121,4.141,4.132,4.263,4.437,4.153,4.034,4.253,4.262
38,H6,8.114,7.75,8.408,8.015,7.752,7.97,8.164,7.71,8.058,8.004,7.677,8.427,7.624,7.999,7.833,7.759,8.217,8.05,7.885,7.735
38,HO2',4.718,4.394,2.693,3.062,3.054,3.471,3.856,5.258,3.555,2.801,4.003,2.977,4.241,3.827,3.047,3.107,3.562,3.433,3.763,4.384
38,N1,161.321,160.514,157.705,157.191,157.942,161.355,159.253,160.895,155.993,155.245,159.142,156.336,158.996,160.447,160.512,158.218,161.05,157.906,161.521,157.285
38,N3,164.775,162.312,166.24,165.447,163.85,158.301,161.769,162.595,163.264,166.479,164.647,165.2,165.507,164.396,164.231,165.395,165.677,164.436,165.531,163.073
38,P,-16.687,-17.414,-16.4,-17.302,-16.902,-19.691,-17.549,-18.23,-17.36,-16.796,-16.532,-17.111,-17.251,-18.637,-18.373,-18.048,-17.034,-18.924,-17.515,-17.563
39,C1',96.989,97.615,96.157,95.735,100.754,97.502,97.246,98.425,98.011,90.998,89.518,99.184,99.92,98.81,100.002,99.085,97.045,98.108,98.429,99.137
39,C2,148.539,148.384,147.133,148.452,148.51,148.073,147.715,149.882,149.701,149.831,149.564,147.321,148.904,148.848,147.914,148.341,148.22,148.284,149.778,147.613
39,C2',81.95,77.78,77.312,81.621,77.973,77.616,74.551,76.739,76.229,78.291,73.836,74.43,75.332,76.533,76.264,78.025,75.078,78.401,77.559,76.038
39,C3',75.294,78.461,74.269,70.088,77.861,76.038,73.988,75.127,73.841,80.138,80.881,75.893,77.278,75.195,74.18,75.987,73.63,73.56,76.903,74.773
39,C4,148.143,148.15,147.825,147.764,148.583,147.55,147.809,149.306,148.399,149.694,148.657,148.532,150.062,148.801,149.391,148.794,148.401,149.117,148.557,147.703
39,C4',81.182,79.403,79.073,84.364,80.8,78.811,77.141,79.292,77.541,84.791,84.611,79.024,80.881,81.803,78.141,80.487,76.593,78.877,77.902,76.628
39,C5,90.603,92.121,90.768,92.773,92.151,90.95,94.017,92.328,91.745,92.584,92.977,92.908,96.098,94.899,92.755,91.396,94.21,96.072,90.851,93.149
39,C5',64.836,69.739,65.236,66.894,65.581,63.516,63.005,64.134,63.265,69.329,65.807,62.797,68.468,68.294,62.827,64.359,62.675,62.488,60.837,62.916
39,C6,138.375,135.346,138.085,136.56,136.736,139.687,136.363,138.23,135.922,139.373,139.269,137.152,136.08,134.843,136.314,135.439,136.615,136.996,137.797,137.221
39,H1',6.581,6.134,6.468,6.873,6.217,6.817,6.806,6.436,6.437,7.202,7.111,6.253,5.977,6.025,6.593,5.858,6.357,7.016,6.389,6.609
39,H2',4.613,5.608,5.19,4.032,4.467,4.498,4.721,4.632,4.414,4.958,4.928,5.363,6.123,5.252,4.66,4.966,5.449,3.942,4.622,4.992
39,H3',4.634,4.055,4.567,4.742,4.362,4.513,4.541,4.656,4.331,4.991,5.031,4.392,4.077,3.79,4.386,4.323,4.48,5.03,4.725,4.569
39,H4',5.02,4.819,4.867,5.08,4.568,4.39,4.396,4.518,4.494,4.898,4.638,4.855,4.751,4.647,4.494,4.536,4.764,4.466,4.548,4.534
39,H41,8.729,9.043,9.078,9.909,8.877,5.386,8.812,8.435,8.279,9.444,8.528,8.867,9.707,9.605,7.772,9.704,9.578,8.664,10.221,8.947
39,H42,4.768,4.793,4.945,4.938,4.987,5.005,4.753,4.835,5.08,4.723,4.771,4.908,4.956,4.946,4.978,4.982,4.717,5.218,5.441,4.682
39,H5,5.429,5.469,5.295,5.451,5.623,5.467,5.364,5.457,5.511,5.423,5.357,5.468,5.492,5.306,5.427,5.538,5.463,5.685,5.679,5.552
39,H5',4.398,4.6,4.587,4.652,4.263,4.585,4.63,4.528,4.584,3.889,4.216,4.213,4.601,4.581,4.374,4.729,4.443,4.483,4.791,4.38
39,H5'',4.899,4.147,4.153,4.416,4.425,4.065,4.154,4.228,4.225,4.223,3.988,4.242,4.154,4.159,4.246,4.243,4.244,4.383,4.371,4.331
39,H6,7.952,7.509,7.923,7.505,7.323,7.579,7.677,8.088,7.432,8.182,7.771,7.788,7.585,7.234,7.743,7.616,7.771,7.253,7.755,7.953
39,HO2',5.521,3.541,2.927,3.926,4.303,4.313,4.152,3.466,5.657,4.021,4.28,2.993,3.584,3.736,3.654,2.944,3.213,3.941,3.125,3.548
39,N1,157.601,149.439,155.068,157.098,153.747,161.397,156.032,156.478,156.582,154.639,152.523,151.455,145.771,149.672,155.537,149.896,151.931,156.339,156.357,155.605
39,N3,197.045,198.141,197.036,194.674,195.537,199.335,192.998,197.146,195.861,196.902,193.028,200.582,203.011,197.05,200.26,197.335,191.296,198.189,194.802,198.161
39,N4,86.192,87.718,85.068,92.62,83.656,79.584,92.212,85.767,88.658,88.587,88.197,81.13,88.687,86.951,81.492,92.046,92.947,83.19,92.805,86.696
39,P,-16.848,-18.063,-17.648,-17.498,-17.235,-18.831,-16.3,-17.427,-17.438,-17.445,-17.735,-16.812,-17.85,-18.366,-17.866,-17.386,-15.271,-18.492,-17.082,-17.364
40,C1',97.127,98.895,94.82,98.317,92.902,96.48,98.512,92.41,99.291,103.126,97.363,94.242,98.743,95.785,96.926,101.504,100.404,98.848,97.229,98.578
40,C2,146.812,145.298,144.733,145.952,146.918,145.021,148.09,146.485,146.085,146.915,146.663,144.806,144.6,145.126,145.963,145.068,145.651,146.363,146.614,145.458
40,C2',77.337,76.441,77.793,74.861,80.662,75.958,77.615,77.304,76.126,75.634,78.126,78.493,77.732,74.84,79.088,75.787,75.498,76.983,75.931,73.567
40,C3',81.203,74.068,74.553,74.674,75.991,74.332,71.798,76.724,75.505,75.93,71.929,82.791,70.599,77.405,80.174,74.206,74.912,78.654,82.017,72.577
40,C4,156.306,156.438,154.012,157.37,152.789,154.615,154.551,155.379,157.233,157.419,155.668,154.913,155.085,153.344,154.817,157.392,157.677,155.725,156.138,155.943
40,C4',73.037,78.057,77.557,78.069,84.71,78.927,79.796,83.976,80.12,77.597,79.298,86.08,83.548,83.856,84.056,80.635,80.068,74.025,73.135,78.981
40,C5,103.112,102.074,104.711,101.541,107.264,104.503,104.775,106.012,104.861,101.762,107.037,103.181,103.981,102.261,103.394,101.315,103.765,103.626,101.991,102.52
40,C5',70.29,63.47,65.261,63.508,66.289,64.699,61.606,65.89,64.064,61.614,63.525,66.819,64.828,68.623,65.089,65.482,62.573,67.715,66.846,62.003
40,C6,138.024,138.523,137.533,137.563,139.024,137.381,138.648,136.746,138.477,139.796,140.145,138.959,140.163,138.511,138.927,137.818,137.508,137.708,137.883,135.991
40,H1',6.59,6.3,6.66,6.242,6.448,6.819,6.788,6.954,6.68,6.225,6.679,7.03,6.603,7.162,6.566,6.292,6.377,6.237,6.018,6.105
40,H2',4.512,4.647,5.067,5.012,3.994,4.53,5.316,4.187,4.486,4.751,4.307,4.611,4.716,4.908,4.339,4.809,4.805,5.366,5.997,5.204
40,H3,11.385,11.685,8.123,13.218,7.863,9.942,7.63,9.482,12.638,13.686,11.985,9.448,10.022,7.161,7.237,13.374,12.991,10.541,10.989,13.333
40,H3',4.25,4.521,4.643,4.411,4.661,4.81,4.894,4.872,4.462,4.369,4.977,4.986,4.946,4.69,5.023,4.489,4.643,4.303,4.272,4.688
40,H4',4.675,4.438,4.78,4.46,4.924,4.498,4.478,5.017,4.495,4.4,4.323,4.874,4.605,5.1,5.313,4.527,4.497,4.946,4.597,4.673
40,H5,5.959,5.894,5.945,6.001,6.235,5.993,5.59,5.315,5.442,5.674,6.165,5.584,5.618,5.507,5.85,5.477,5.641,6.07,5.921,5.597
40,H5',3.943,4.199,4.24,4.768,4.56,4.359,4.225,4.533,4.397,4.565,4.468,4.697,3.689,4.269,4.767,4.363,4.542,4.016,3.941,4.53
40,H5'',4.691,4.175,4.412,4.315,4.577,4.14,5.172,4.133,4.226,4.639,4.451,4.067,5.11,3.921,4.149,4.44,4.132,4.695,4.419,4.102
40,H6,7.901,8.211,8.073,8.375,8.147,7.87,8.156,7.772,7.973,8.606,8.19,8.407,7.845,8.035,8.427,7.999,7.952,8.052,8.12,8.011
40,HO2',4.976,2.599,2.809,2.658,3.314,4.225,3.937,4.256,4.894,3.063,2.89,6.792,3.741,4.921,3.947,4.628,4.359,2.995,3.48,3.247
40,N1,159.586,159.533,159.518,159.295,153.286,160.776,165.17,152.013,160.065,154.724,157.849,156.767,164.353,153.993,162.891,157.337,158.034,156.864,156.213,155.58
40,N3,167.535,165.129,161.163,166.009,160.162,171.214,158.003,159.99,164.73,166.003,162.039,159.063,160.812,158.102,159.025,165.779,166.28,164.483,164.553,164.276
40,P,-19.742,-17.428,-15.825,-18.766,-19.018,-18.949,-19.901,-18.091,-17.76,-15.504,-16.33,-17.13,-19.736,-17.75,-16.854,-15.472,-17.988,-21.79,-20.093,-18.809
41,C1',100.061,96.14,98.425,97.936,98.216,99.233,98.453,102.403,97.467,95.559,98.351,96.391,101.087,97.773,98.323,96.097,98.346,100.81,98.217,96.398
41,C2,150.171,149.12,149.231,147.708,148.304,149.727,148.571,150.321,148.265,149.877,149.086,147.159,150.084,148.936,147.662,148.728,148.833,148.165,148.562,148.523
41,C2',75.664,75.086,76.52,74.614,74.324,75.569,78.904,75.291,77.164,77.652,75.56,75.368,75.041,75.46,76.556,77.205,77.656,77.028,76.443,77.549
41,C3',73.745,73.851,73.46,72.228,73.3,74.301,72.908,73.717,71.965,71.66,73.639,74.095,77.055,72.851,72.771,73.074,74.288,74.044,73.377,72.896
41,C4,149.833,148.312,148.565,148.647,149.433,148.801,150.044,150.767,146.973,149.201,149.757,148.85,149.345,149.666,149.902,148.253,149.216,148.955,148.995,148.452
41,C4',77.955,77.027,77.734,77.608,76.198,80.071,79.332,78.548,77.352,77.477,77.754,77.995,78.814,79.141,79.048,79.956,79.663,80.474,80.59,78.036
41,C5,91.925,92.562,94.452,93.725,89,94.081,90.459,93.606,93.714,91.733,92.715,89.217,90.975,90.322,89.905,91.672,92.981,92.141,92.823,92.805
41,C5',63.16,63.53,63.231,60.866,64.897,64.865,63.297,62.445,64.558,64.848,62.955,63.637,69.969,65.565,63.932,64.388,63.222,65.452,63.84,63.433
41,C6,137.437,137.996,135.566,136.235,138.184,138.009,139.664,136.969,137.52,137.923,139.515,140.668,138.615,137.281,137.795,136.692,138.019,136.091,137.2,138.728
41,H1',6.398,6.347,6.43,6.221,6.282,6.413,6.361,6.124,6.694,6.618,6.479,6.015,6.797,6.006,6.616,6.569,6.122,6.186,6.389,6.726
41,H2',4.936,5.491,5.251,5.426,5.174,4.899,4.161,4.721,4.795,4.626,5.129,5.366,5.531,5.19,4.9,5.082,5.23,4.971,4.917,4.828
41,H3',4.565,4.746,4.504,4.571,4.782,4.469,4.502,4.535,4.677,4.841,4.905,4.472,4.141,4.446,4.585,4.632,4.444,4.377,4.692,4.676
41,H4',4.705,4.722,4.455,4.69,4.715,4.422,4.509,4.365,4.301,4.599,4.631,4.838,4.929,4.694,4.592,4.614,4.539,4.688,4.709,4.445
41,H41,9.107,9.26,9.38,9.468,9.035,9.734,8.822,9.309,8.905,9.582,9.046,6.979,8.921,6.942,8.888,9.121,9.801,8.573,8.929,8.818
41,H42,4.655,4.604,4.639,4.829,6.357,4.822,5.377,5.033,4.472,4.868,4.819,5.448,5.26,5.108,4.936,4.764,4.551,4.779,4.736,4.852
41,H5,5.39,5.378,5.565,5.481,5.884,5.597,5.824,5.85,5.539,5.661,6.264,6.049,5.76,5.612,5.819,5.48,5.411,5.523,5.451,5.674
41,H5',4.963,4.712,4.224,4.737,4.359,4.262,4.552,4.634,4.4,4.413,4.738,4.671,4.616,4.493,4.766,4.465,4.371,4.322,4.255,4.746
41,H5'',4.304,4.126,4.282,4.053,4.332,4.299,4.171,4.483,4.414,4.154,4.201,4.457,4.003,4.479,4.293,4.32,4.151,4.253,4.197,4.134
41,H6,7.504,7.835,7.822,7.754,8.12,7.797,8.016,7.774,7.793,8.057,8.601,8.223,8.053,8.072,8.084,7.872,7.793,7.529,7.827,8.121
41,HO2',3.866,3.046,2.744,3.208,3.218,4.51,3.177,3.732,3.568,3.419,4.201,3.333,3.411,3.126,3.275,3.056,3.231,2.996,3.264,3.016
41,N1,157.988,154.343,154.106,152.94,154.01,154.748,160.004,155.033,159.096,158.835,157.549,155.177,153.798,155.49,154.571,157.61,151.805,152.782,156.092,161.311
41,N3,192.749,193.391,195.652,194.316,193.658,194.894,192.644,192.717,196.035,193.617,197.968,203.97,194.804,198.754,199.103,198.013,195.249,197.493,196.714,192.144
41,N4,90.227,89.768,89.167,93.621,87.369,91.204,85.27,88.228,95.284,89.507,83.325,82.692,86.088,82.848,87.462,87.87,89.665,88.572,91.621,87.945
41,P,-19.791,-18.467,-16.777,-20.214,-17.796,-16.551,-19.699,-21.872,-15.956,-18.341,-18.59,-17.244,-20.65,-14.481,-18.55,-16.444,-17.886,-20.916,-19.053,-18.738
42,C1',96.299,98.579,95.336,97.743,97.607,93.941,98.756,98.114,98.228,96.889,96.707,99.956,100.564,97.407,97.142,98.868,98.724,96.911,96.533,94.175
42,C2,145.845,145.222,144.872,145.666,145.587,145.238,145.975,145.936,145.253,146.538,146.38,146.279,146.051,145.635,145.393,145.932,145.245,146.282,145.621,145.809
42,C2',75.334,78.434,75.368,77.937,74.192,75.684,74.663,77.626,76.833,76.662,74.436,74.176,76.188,75.856,75.837,75.564,74.234,77.778,74.783,76.542
42,C3',73.363,76.047,73.1,73.639,73.608,74.032,71.558,72.85,75.256,71.247,73.934,75.888,73.486,73.143,72.865,76.101,73.255,73.159,73.955,73.898
42,C4,155.144,154.57,156.561,154.831,157.098,154.8,156.499,156.456,156.672,156.932,156.235,156.358,156.798,156.075,156.988,156.765,155.871,156.717,156.437,155.188
42,C4',77.933,81.119,77.667,80.1,77.268,76.549,79.052,77.409,79.928,76.706,76.688,79.264,79.104,78.339,77.14,77.073,77.54,78.688,77.455,77.042
42,C5,104.973,103.842,103.531,103.369,103.617,105.055,101.503,103.297,103.714,102.176,103.064,103.424,102.404,102.519,104.419,102.53,102.256,102.814,101.931,104.124
42,C5',62.998,64.686,62.251,64.193,62.13,63.24,64.037,64.77,62.68,63.438,63.184,68.56,63.997,63.857,62.041,62.456,64.145,64.782,63.452,63.148
42,C6,137.968,136.012,136.642,135.63,138.114,138.188,137.179,137.727,136.773,136.616,137.979,139.765,136.731,137.326,136.755,138.179,137.595,136.438,137.271,135.585
42,H1',6.351,6.309,6.155,6.458,6.16,6.474,6.22,6.715,6.199,6.381,6.05,6.044,6.293,6.414,6.574,5.986,6.184,6.21,6.134,6.39
42,H2',5.016,4.704,5.224,4.899,4.843,4.867,5.469,4.536,5.089,5.244,5.799,5.494,4.864,5.068,4.482,5.415,4.719,4.5,5.044,5.034
42,H3,11.032,7.147,12.839,7.743,12.483,12.361,11.734,13.01,12.73,11.167,11.341,12.177,12.052,11.231,13.266,13.087,12.161,12.052,12.643,11.42
42,H3',4.753,4.696,4.671,4.587,4.795,4.911,4.716,4.648,4.822,4.695,4.805,4.308,4.604,4.614,4.665,4.446,4.624,4.626,4.869,4.706
42,H4',4.508,4.942,4.855,4.627,4.608,4.607,4.695,4.425,4.678,4.633,4.847,4.757,4.486,4.554,4.57,4.537,4.648,4.35,4.691,4.717
42,H5,5.859,5.754,5.9,5.489,5.759,5.963,5.44,5.444,5.602,5.628,5.608,5.858,5.565,5.813,5.531,5.766,5.686,5.621,5.551,5.886
42,H5',4.66,4.424,4.608,4.747,4.648,4.34,4.732,4.473,4.897,4.659,4.383,4.633,4.556,4.676,4.46,4.818,4.179,4.221,4.649,4.686
42,H5'',4.23,4.315,4.266,4.193,4.071,4.198,4.222,4.252,4.177,4.236,4.23,4.135,4.129,4.132,4.088,4.05,4.366,4.357,4.135,4.19
42,H6,8.149,8.221,7.864,8.215,8.151,8.156,8.155,8.09,8.079,8.369,8.377,7.761,7.771,8.063,7.635,8.033,7.989,7.64,8.286,7.87
42,HO2',3.505,2.283,2.887,4.125,3.086,2.997,3.973,3.654,3.1,3.61,3.249,3.171,4.422,4.513,3.793,3.171,5.399,4.226,3.148,2.861
42,N1,158.19,159.658,157.238,159.038,156.253,157.38,157.912,159.312,156.062,157.517,154.769,154.505,158.138,159.297,158.4,153.729,158.658,159.664,155.769,156.056
42,N3,161.046,158.049,162.273,160.312,165.288,163.701,165.147,163.809,164.353,162.221,163.823,166.393,164.516,162.42,164.931,164.813,164.487,164.157,162.011,161.342
42,P,-19.924,-15.167,-18.649,-19.491,-17.466,-18.492,-16.86,-16.451,-18.526,-17.495,-18.539,-19.369,-18.07,-17.88,-18.771,-18.058,-17.017,-20.031,-17.973,-17.546
43,C1',93.89,96.141,93.499,98.167,97.754,96.389,97.976,98.282,95.912,97.331,97.172,95.655,98.683,96.142,93.918,97.236,97.123,98.626,95.662,95.975
43,C2,142.213,140.767,141.094,142.611,142.523,142.853,141.544,142.247,142.309,140.591,140.818,141.769,141.816,141.289,141.915,141.189,142.24,141.979,140.939,141.483
43,C2',75.215,74.34,75.499,74.273,76.273,76.423,76.732,75.302,75.753,74.874,74.697,75.622,75.795,75.775,77.146,75.568,76.222,76.609,77.599,76.216
43,C3',74.475,73.107,71.497,78.318,72.839,73.259,73.244,72.696,73.044,72.693,74.481,72.005,80.438,75.469,72.951,72.134,71.668,75.128,72.449,73.744
43,C4,145.953,144.848,146.777,147.109,149.196,145.871,146.224,146.037,147.979,146.013,146.643,145.981,147.483,145.643,147.091,146.384,146.988,146.38,146.072,146.446
43,C4',78.099,78.527,76.595,80.932,78.897,79.808,79.359,78.184,74.895,77.188,80.182,78.253,75.551,79.69,79.256,78.623,77.625,80.28,80.979,79.4
43,C5,113.263,116.16,113.468,114.455,113.589,113.076,113.853,114.336,115.189,115.195,113.646,112.626,114.027,113.623,113.968,112.976,113.385,114.553,113.396,112.935
43,C5',62.763,65.018,64.096,68.653,63.528,63.823,62.434,62.678,63.937,62.394,62.989,62.507,67.76,64.739,66.127,63.883,62.542,69.332,64.192,63.667
43,C6,150.395,150.231,149.887,149.628,150.968,150.283,150.461,150.876,150.695,151.123,151.44,151.64,150.903,150.539,150.07,151.035,151.057,149.903,150.902,150.895
43,C8,127.392,129.968,126.327,129.317,127.694,125.677,125.838,126.532,128.035,127.799,127.432,126.69,127.043,126.081,127.524,126.957,127.551,125.766,126.868,125.946
43,H1,12.862,12.104,12.119,11.664,11.005,12.089,12.435,12.111,10.517,11.945,12.377,12.883,11.584,12.433,11.396,11.754,13.016,11.631,12.141,11.883
43,H1',6.195,6.343,6.456,6.635,6.668,6.496,6.349,6.483,6.546,6.492,6.31,6.333,6.216,6.498,6.512,6.498,6.395,6.463,6.717,6.463
43,H2',5.692,5.296,5.149,5.649,4.582,4.453,4.857,4.605,5.4,5.296,5.428,4.883,4.958,5.305,4.979,4.349,5.214,4.93,4.413,4.782
43,H21,9.542,7.551,8.487,9.008,8.14,8.166,8.238,7.878,8.512,8.184,8.228,9.672,7.998,8.68,8.404,8.172,9.145,7.102,8.454,8.643
43,H22,5.155,4.217,4.596,5.223,4.89,4.441,4.684,4.984,5.283,4.939,4.728,5.085,4.949,4.698,5.313,4.596,5.105,4.97,4.732,4.619
43,H3',4.78,4.739,4.997,4.256,4.819,4.621,4.523,4.756,5.029,4.82,4.68,4.72,4.064,4.428,4.888,4.822,4.933,4.221,4.694,4.817
43,H4',4.758,4.698,4.843,4.773,4.553,4.527,4.336,4.432,4.602,4.585,4.67,4.719,4.648,4.535,4.719,4.522,4.497,4.699,4.625,4.775
43,H5',4.34,4.707,4.819,4.362,4.339,4.283,4.68,4.677,4.468,4.9,4.303,4.226,4.72,4.387,4.488,4.166,4.558,4.487,4.377,4.266
43,H5'',4.224,4.111,4.164,4.192,4.162,4.339,4.207,4.139,4.432,4.144,4.292,4.079,4.342,4.199,4.143,4.299,4.182,4.349,4.312,4.245
43,H8,7.815,7.882,7.455,7.573,7.789,7.545,7.352,7.485,7.967,7.693,7.556,7.273,7.299,7.822,7.801,7.294,7.837,7.118,7.526,7.562
43,HO2',3.197,3.347,3.207,3.371,3.462,4.505,4.782,3.63,3.722,3.365,2.958,3.925,2.841,3.873,3.286,4.274,3.605,3.534,5.345,4.298
43,N1,138.867,139.828,136.674,139.869,140.819,140.935,139.233,137.739,137.762,138.199,139.217,139.491,138.606,137.54,136.956,135.598,138.667,137.01,139.812,138.675
43,N2,70.763,71.76,73.429,75.483,75.686,75.209,73.457,72,77.759,75.789,74.667,73.66,76.163,79.147,74.499,71.249,71.392,73.766,77.417,77.797
43,N3,165.275,164.938,162.973,168.38,163.929,162.439,164.94,161.384,167.621,167.686,162.979,160.021,165.029,164.942,162.104,165.345,160.382,162.008,165.224,163.259
43,N7,238.357,227.355,236.559,233.01,234.904,235.392,237.236,240.535,234.654,232.118,230.438,235.287,231.015,234.476,234.754,233.932,237.86,236.259,232.347,232.965
43,N9,164.576,168.631,170.584,166.082,171.975,170.007,171.289,167.959,169.251,168.525,169.524,169.532,167.315,166.949,170.745,171.347,169.933,168.361,170.847,169.131
43,P,-18.039,-17.49,-17.87,-18.666,-18.295,-17.043,-16.573,-16.763,-18.271,-18.081,-16.844,-18.806,-17.343,-17.982,-18.912,-18.253,-19.224,-18.403,-17.184,-16.516
44,C1',99.966,98.568,96.481,98.608,96.975,98.055,100.484,95.543,98.233,96.994,100.146,98.549,98.144,101.604,96.952,97.446,98.852,99.316,96.687,96.114
44,C2,148.488,148.875,149.042,150.034,149.292,147.748,149.001,147.478,148.681,148.516,150.03,147.984,148.565,148.453,148.714,149.051,149.082,148.459,148.221,149.886
44,C2',74.718,74.49,76.083,75.257,77.229,77.248,76.378,76.51,76.774,76.716,76.005,74.955,77.408,77.804,75.737,75.563,77.017,75.634,76.556,75.592
44,C3',72.774,74.7,73.232,72.213,73.09,74.054,76.505,71.686,72.575,73.142,73.583,71.94,72.179,73.865,72.828,71.99,72.111,73.147,71.567,74.092
44,C4,149.566,149.33,150.402,149.546,148.316,148.658,149.265,147.615,148.545,149.157,149.164,148.43,148.447,149.747,150.069,149.018,149.073,149.365,148.463,149.058
44,C4',79.176,79.191,77.965,78.316,78.992,81.458,78.95,77.165,78.386,79.105,79.385,78.629,75.788,82.178,77.144,78.635,75.942,78.697,78.887,77.736
44,C5,91.011,91.947,93.356,91.832,91.901,92.488,92.951,92.411,92.1,91.448,91.99,91.703,91.278,90.785,93.088,91.954,92.656,91.42,92.59,92.867
44,C5',62.965,61.601,63.601,63.265,62.47,65.241,67.422,63.765,61.748,63.177,62.572,61.665,61.729,63.806,62.558,63.135,62.104,63.56,62.883,63.525
44,C6,136.27,138.471,134.942,139.056,136.572,136.593,135.355,136.824,136.284,137.012,137.219,137.421,136.588,135.921,134.651,135.071,135.202,137.055,136.248,138.093
44,H1',6.1,6.152,6.223,6.289,6.513,6.757,6.067,6.782,6.263,6.357,6.031,6.08,6.39,6.67,6.217,6.202,6.314,6.405,6.329,6.193
44,H2',4.729,5.106,4.419,5.16,4.276,4.258,5.319,4.452,4.526,4.684,4.983,5.075,4.181,4.266,4.845,4.853,4.363,4.81,4.719,5.137
44,H3',4.623,4.513,4.376,4.577,4.496,4.447,4.14,4.804,4.459,4.616,4.34,4.351,4.858,4.311,4.445,4.49,4.598,4.535,4.644,4.523
44,H4',4.667,4.686,4.654,4.771,4.369,4.43,4.85,4.558,4.592,4.664,4.368,4.403,4.395,4.618,4.725,4.514,4.313,4.47,4.668,4.597
44,H41,9.414,9.1,7.567,9.757,8.9,9.082,8.215,9.039,9.87,8.98,8.005,9.107,9.066,9.191,9.295,9.284,9.297,8.621,9.123,8.889
44,H42,4.914,4.984,5.458,5.018,4.796,4.776,5.057,4.678,5.281,5.157,4.958,4.936,4.945,5.351,5.166,4.696,5.194,5.066,5.074,4.666
44,H5,5.041,4.968,5.338,5.171,5.242,5.302,5.328,5.222,5.145,5,5.214,5.222,5.074,5.397,5.363,5.143,5.246,5.385,5.165,5.23
44,H5',4.146,4.997,4.529,4.321,4.729,4.536,4.576,4.522,4.777,4.776,4.726,4.727,4.765,4.288,4.467,4.563,4.97,4.576,4.471,4.698
44,H5'',4.27,4.058,4.106,4.171,4.152,4.144,4.092,4.166,4.053,4.144,4.184,4.177,4.163,4.24,4.14,4.228,4.152,4.185,4.306,4.206
44,H6,7.602,7.869,7.063,7.965,7.735,7.583,7.378,7.668,7.331,7.881,7.746,8.067,7.569,7.856,7.545,7.503,7.315,7.84,7.942,8.038
44,HO2',2.921,2.846,2.887,3.142,2.681,3.914,3.175,3.137,3.552,2.907,3.659,3.997,3.397,3.958,3.132,2.949,3.502,3.478,3.084,2.862
44,N1,153.046,150.438,151.291,155.006,158.944,157.849,150.445,157.164,153.879,154.071,152.777,154.381,157.223,156.022,152.836,154.781,155.399,158.128,154.924,156.008
44,N3,196.732,195.486,200.488,196.059,201.177,194.215,199.406,193.673,193.788,199.892,199.943,198.661,199.544,201.598,198.725,193.898,197.166,197.213,197.723,195.372
44,N4,90.13,89.61,85.52,92.243,89.399,91.153,89.158,93.145,92.95,89.418,91.516,88.604,92.771,81.635,89.803,92.013,91.205,87.367,91.455,90.893
44,P,-18.154,-18.61,-17.7,-16.557,-16.907,-17.5,-17.859,-18.322,-17.429,-17.856,-17.207,-17.601,-17.983,-17.295,-16.249,-17.754,-16.688,-18.168,-18.175,-17.293
45,C1',95.978,92.139,97.802,98.442,93.926,97.598,95.792,95.816,99.478,100.053,95.308,94.737,98.66,98.742,101.87,95.226,96.842,93.281,99.011,96.183
45,C2,150.002,150.734,150.612,149.505,149.663,149.191,149.885,149.707,150.118,149.404,149.455,149.259,149.428,149.876,148.534,149.504,149.617,149.663,150.212,150.339
45,C2',77.456,78.227,79.72,78.397,79.768,77.483,76.629,79.382,80.195,78.072,79.254,78.002,79.38,78.403,77.249,79.173,77.854,79.917,78.026,77.045
45,C3',70.931,72.42,69.909,72.012,69.302,70.375,71.257,70.661,70.791,71.077,68.647,70.166,70.329,70.612,70.663,72.788,70.199,77.56,70.616,72.132
45,C4,149.333,148.424,149.525,147.842,147.974,149.641,150.309,150.139,149.654,149.555,148.912,149.922,147.666,149.733,149.293,149.675,149.784,149.133,149.963,149.387
45,C4',82.584,84.915,79.543,79.262,81.184,83.19,77.881,80.091,84.338,79.925,83.592,79.7,81.507,78.589,80.603,79.238,79.244,84.365,84.537,80.014
45,C5,90.642,93.326,92.286,91.721,91.824,91.311,91.467,92.113,93.422,91.158,93.405,90.719,90.141,90.924,92.313,91.827,93.296,90.707,91.996,91.609
45,C5',65.339,68.661,63.713,63.482,63.369,65.861,62.029,64.198,65.525,65.062,65.969,63.599,67.212,65.267,63.517,65.095,65.317,67.8,64.564,62.577
45,C6,138.551,137.492,135.975,137.273,134.695,138.977,137.951,137.636,136.485,136.748,136.864,137.031,137.89,135.958,136.19,138.091,136.449,136.933,136.476,137.664
45,H1',6.424,6.775,6.596,6.334,6.45,6.718,6.428,6.704,6.997,6.545,6.56,6.417,6.913,6.396,6.649,6.655,6.792,6.567,6.639,6.089
45,H2',4.817,4.302,4.581,4.371,4.418,4.638,4.476,4.517,4.394,4.47,4.335,4.496,4.331,4.429,4.147,4.362,4.241,4.257,4.598,4.869
45,H3',4.671,4.411,4.511,4.238,4.338,4.246,4.446,4.406,4.583,4.509,4.424,4.645,4.973,4.632,4.825,4.53,4.806,4.304,4.253,4.404
45,H4',4.752,4.741,4.65,4.223,4.572,4.246,4.37,4.416,4.62,4.382,4.268,4.653,4.544,4.393,4.478,4.379,4.414,4.427,4.321,4.655
45,H41,9.462,7.109,9.166,9.048,8.651,9.403,8.993,9.889,5.052,9.299,9.611,9.663,8.572,9.796,9.035,5.041,9.857,8.226,9.671,9.247
45,H42,4.726,5.241,5.083,5.095,5.077,4.941,4.914,4.952,10.177,5.526,4.968,4.8,4.978,4.983,4.991,8.863,5.286,4.861,5.157,4.831
45,H5,5.332,5.592,5.652,5.439,5.375,5.531,5.442,5.463,5.46,5.232,5.36,5.318,5.201,5.154,5.472,5.532,5.45,5.317,5.276,5.437
45,H5',4.614,4.185,4.392,4.89,4.773,4.447,4.414,4.575,4.586,4.332,4.323,4.415,4.578,4.632,4.867,4.792,4.956,4.853,4.912,4.319
45,H5'',4.11,4.181,4.279,4.166,4.274,4.273,4.178,4.147,4.138,4.295,4.396,4.209,4.219,4.215,4.068,4.112,4.28,4.224,4.137,4.277
45,H6,8.102,7.576,7.602,7.682,7.369,7.749,7.422,7.433,7.52,7.627,7.218,7.792,7.841,7.824,7.537,7.819,7.392,7.498,7.782,7.722
45,HO2',3.565,2.456,3.416,2.431,2.652,2.954,3.184,2.72,3.442,3.526,2.828,3.229,3.395,2.624,3.604,2.95,3.385,2.28,2.926,3.009
45,HO3',3.173,3.23,2.606,3.348,2.885,3.257,3.253,2.37,3.221,2.903,2.604,2.324,2.388,2.622,2.706,2.652,2.539,3.025,3.184,3.206
45,N1,155.798,152.12,156.557,155.334,152.8,160.759,156.348,157.571,159.825,156.465,155.913,153.678,159.388,154.54,156.198,159.104,157.039,155.589,157.401,152.83
45,N3,196.627,195.111,198.974,196.677,196.429,194.775,193.93,196.394,194.806,194.815,197.768,198.294,195.196,196.806,199.268,199.779,197.423,208.561,196.763,197.599
45,N4,87.447,93.755,92.51,95.915,97.202,87.858,86.64,88.783,89.866,91.191,89.908,86.979,94.24,87.824,86.612,83.869,91.883,85.345,91.681,86.401
45,P,-17.987,-18.724,-18.211,-18.875,-18.046,-17.756,-17.429,-18.349,-18.277,-18.315,-19.154,-18.184,-17.965,-18.765,-19.001,-19.371,-18.54,-18.271,-17.87,-16.422
