res,atom,shift_1,shift_2,shift_3,shift_4,shift_5,shift_6,shift_7,shift_8,shift_9,shift_10,shift_11,shift_12,shift_13,shift_14,shift_15,shift_16,shift_17,shift_18,shift_19,shift_20
17,C1',95.642,98.873,98.175,97.368,97.605,95.419,95.976,95.887,98.616,98.099,93.356,96.764,97.665,98.384,96.709,97.946,96.587,94.343,98.597,94.997
17,C2,142.053,141.673,141.515,142.164,141.383,142.017,141.506,140.888,141.726,141.307,141.375,142.076,141.962,140.873,142.004,141.472,141.206,141.654,142.232,141.917
17,C2',76.69,76.17,75.102,76.461,76.268,75.539,77.085,77.299,76.531,76.336,75.361,76.63,74.853,75.938,74.785,75.588,76.481,77.279,75.968,75.902
17,C3',71.755,71.719,74.061,72.216,71.895,73.314,73.021,71.915,72.894,75.331,72.796,73.718,72.758,73.512,73.509,72.208,72.002,70.441,73.377,73.474
17,C4,144.99,146.888,147.34,146.108,145.032,146.231,145.402,146.065,146.512,146.969,145.308,145.697,147.42,146.77,146.244,146.231,145.823,144.649,146.512,146.001
17,C4',80.271,78.39,80.557,82.018,78.37,81.376,80.551,78.793,79.782,82.629,77.514,80.564,79.963,81.381,79.308,80.638,81.101,78.974,83.045,78.316
17,C5,115.189,116.163,114.902,115.182,114.729,114.866,115.403,114.783,116.269,116.166,116.66,115.218,116.758,116.488,116.182,115.896,115.309,114.034,115.061,115.099
17,C5',63.946,64.359,63.201,62.858,64.466,62.774,62.838,62.556,62.954,63.413,64.859,63.81,63.811,63.358,62.083,64.517,64.103,63.815,64.644,64.159
17,C6,151.359,151.372,151.452,150.616,151.213,151.552,151.729,150.767,151.345,150.992,151.02,152.098,151.182,150.985,151.316,151.143,150.829,151.235,150.525,151.348
17,C8,129.583,128.13,130.151,129.754,130.569,129.671,129.184,128.331,128.44,132.043,129.781,131.112,130.006,128.959,130.646,131.16,129.463,128.838,131.621,131.207
17,H1,11.653,10.739,11.303,11.18,11.407,11.99,11.201,11.525,10.702,10.895,11.409,11.277,11.204,11.386,11.215,11.672,11.504,11.28,11.456,10.942
17,H1',6.316,6.35,6.55,6.549,6.418,6.267,6.295,6.423,6.432,6.514,6.294,6.476,6.235,6.459,6.355,6.453,6.452,6.344,6.479,6.413
17,H2',5.241,5.244,5.724,5.187,5.344,5.468,5.274,4.448,5.249,5.419,5.508,5.461,5.719,4.897,5.891,5.567,4.521,4.888,5.354,5.563
17,H21,8.201,7.308,8.646,7.097,8.894,8.483,8.248,8.624,8.365,7.073,8.253,8.017,7.632,7.909,8.056,7.863,8.54,8.193,7.831,7.813
17,H22,4.933,4.67,5.068,5.067,5.044,5.015,4.896,5.021,4.977,5.032,4.968,5.111,5.058,4.795,4.936,4.871,4.707,4.83,4.977,4.715
17,H3',5.029,5.118,4.856,5.043,5.105,5.161,4.993,4.883,4.918,4.848,5.204,4.997,5.246,4.9,4.787,5.308,5.227,5.035,5.325,5.011
17,H4',4.76,4.584,4.484,4.809,4.664,4.759,4.629,4.382,4.355,4.495,4.79,4.606,4.559,4.378,4.627,4.82,4.399,4.631,4.71,4.742
17,H5',4.668,4.741,4.537,4.743,4.831,4.651,4.575,4.706,4.475,4.511,4.781,4.625,4.777,4.694,4.641,4.807,4.62,4.762,4.738,4.81
17,H5'',4.484,4.558,4.4,4.395,4.487,4.421,4.482,4.053,4.43,4.421,4.497,4.437,4.468,4.35,4.257,4.416,4.448,4.515,4.413,4.546
17,H8,8.123,7.775,7.939,8.052,8.02,8.018,7.785,7.681,7.831,8.134,7.98,7.968,7.839,8.024,8.053,7.928,7.954,7.874,7.822,8.052
17,HO2',3.119,3.447,3.649,2.909,3.732,2.741,2.793,4.423,3.244,2.722,2.893,3.193,3.327,2.405,3.087,3.755,4.33,4.362,3.125,3.219
17,HO5',2.621,2.629,3.069,2.802,2.809,3.224,3.094,2.366,2.855,3.281,2.85,3.228,3.048,2.812,2.762,2.828,3.253,2.564,3.163,2.513
17,N1,136.52,135.544,139.886,136.485,137.93,138.583,137.745,137.092,137.343,137.492,136.013,137.697,137.143,137.559,137.812,137.337,137.127,137.305,138.043,141.807
17,N2,67.126,65.512,71.152,69.676,70.375,68.165,69.196,70.098,69.636,68.215,68.928,68.597,68.513,67.416,70.283,69.366,68.302,67.505,67.882,67.49
17,N3,163.235,165.171,165.06,163.161,163.186,165.356,163.833,162.138,163.426,165.155,160.665,166.03,167.357,161.997,166.464,166.329,162.68,161.888,164.194,166.528
17,N7,227.194,229.97,228.823,227.008,227.774,227.227,228.089,231.206,231.32,225.309,231.705,225.363,230.13,228.582,225.754,224.417,228.466,227.84,222.23,226.373
17,N9,171.91,171.426,171.021,172.212,170.442,171.189,170.579,172.942,170.071,170.426,170.457,169.457,169.74,172.805,169.815,169.408,173.517,171.975,169.302,168.728
18,C1',97.018,95.935,97.966,96.788,97.962,96.386,98.111,95.274,97.462,93.866,94.457,99.211,96.891,96.917,98.784,95.3,93.185,98.726,96.326,94.422
18,C2,141.858,142.106,141.272,142.016,141.982,141.96,142.315,142.434,141.289,142.032,141.549,142.113,142.163,142.825,141.729,141.459,142.549,142.158,142.306,142.062
18,C2',74.831,73.628,73.86,74.138,75.597,74.219,75.773,75.175,75.211,75.923,74.364,75.107,75.787,75.877,73.894,74.386,76.854,76.203,75.141,74.799
18,C3',72.689,74.143,73.99,72.508,71.46,72.349,72.591,71.834,76.408,72.816,73.439,72.435,70.297,70.169,72.548,74.088,72.697,75.246,71.596,73.499
18,C4,145.898,146.068,145.767,146.458,145.984,145.08,147.369,146.749,145.423,144.989,146.2,146.315,145.979,145.264,147.13,145.714,146.854,147.016,146.197,144.543
18,C4',79.485,76.884,76.646,77.268,76.714,78.43,80.774,78.154,79.299,78.5,75.946,76.559,77.001,78.202,75.344,76.728,78.813,80.887,75.946,79.53
18,C5,115.208,113.348,114.699,113.375,115.519,113.631,112.799,115.364,115.27,114.316,114.427,115.167,114.702,114.654,113.889,114.755,115.183,113.452,115.482,115.143
18,C5',62.164,62.421,60.333,60.803,61.295,60.905,63.367,63.5,68.361,62.715,61.768,61.53,62.973,62.591,59.069,62.279,63.701,64.496,61.463,63.321
18,C6,149.744,149.591,151.123,150.125,150.363,151.158,151.204,150.335,150.873,150.794,151.408,151.505,150.838,151.029,151.222,150.609,149.41,150.895,151.37,150.739
18,C8,126.941,128.361,130.284,127.895,128.106,129.47,127.986,127.808,128.633,127.352,127.262,129.429,128.511,125.723,129.135,129.664,127.548,127.6,129.278,132.691
18,H1,12.315,12.668,11.856,12.676,9.521,12.259,11.429,10.055,11.731,12.524,11.965,11.161,9.672,12.013,11.862,11.653,12.363,12.326,11.76,12.036
18,H1',6.235,6.283,6.628,6.515,6.49,6.482,6.309,6.421,6.669,6.308,6.064,6.404,6.39,6.439,6.568,6.138,6.284,6.551,6.511,6.446
18,H2',5.366,5.047,5.411,5.349,4.984,5.351,5,5.16,5.537,5.573,5.146,5.085,5.066,4.723,5.166,5.301,5.146,4.969,5.07,5.332
18,H21,8.351,8.678,8.46,9.036,7.263,8.563,9.065,8.094,8.699,9.115,9.158,7.535,8.682,9.059,9.124,8.181,8.578,8.442,8.251,8.3
18,H22,4.966,5.194,4.875,4.983,5.004,5.001,4.856,4.949,5.113,5.015,4.976,5.098,5.098,5.253,5.121,5.12,5.301,5.149,5.11,4.959
18,H3',4.604,5.111,4.938,4.764,4.653,4.799,4.685,4.968,4.065,4.781,4.575,4.932,4.676,4.816,4.779,5.193,4.786,4.549,5.023,4.841
18,H4',4.545,4.525,4.734,4.601,4.418,4.656,4.693,4.754,4.719,4.9,4.661,4.563,4.492,4.587,4.377,4.846,4.67,4.566,4.505,4.782
18,H5',4.753,4.954,4.647,4.891,4.777,4.773,4.667,4.671,4.327,4.563,4.162,4.918,4.388,4.73,4.932,4.981,4.39,4.524,4.903,4.453
18,H5'',3.972,4.131,3.916,3.71,3.981,3.95,4.007,4.123,4.059,4.151,4.186,4.127,4.126,4.159,4.107,4.006,4.252,4.144,4.147,4.103
18,H8,7.207,7.299,7.253,7.262,7.027,7.526,7.367,7.815,6.997,7.297,6.644,7.453,6.923,7.005,6.896,7.449,7.744,7.545,7.679,7.864
18,HO2',3.244,2.593,3.915,3.467,3.21,3.242,3.229,3.132,3.407,2.936,2.807,3.39,3.483,4.481,3.464,3.153,3.176,4.654,3.578,3.101
18,N1,137.113,136.45,138.036,139.431,139.309,137.478,138.682,140.518,139.843,138.258,140.226,137.964,137.928,140.024,138.513,137.459,141.407,140.344,139.834,136.738
18,N2,66.751,68.801,69.307,74.461,70.535,68.1,78.527,74.033,72.402,76.642,72.706,70.243,72.038,73.127,72.643,70.038,70.893,72.166,72.183,68.926
18,N3,166.233,160.292,169.418,166.473,165.314,165.204,169.673,165.057,168.867,168.566,162.933,162.895,165.551,163.767,167.713,162.629,165.069,166.595,167.035,161.351
18,N7,236.903,233.65,233.126,231.955,234.09,232.998,238.692,235.693,232.115,234.633,238.025,233.473,234.843,237.724,232.852,232.993,234.735,235.886,232.854,225.398
18,N9,168.478,168.603,165.94,167.403,169.399,168.783,169.66,170.333,166.927,166.854,164.848,168.098,166.667,169.129,168.063,167.1,167.614,170.208,169.491,164.917
18,P,-20.365,-19.969,-18.818,-18.113,-19.01,-18.184,-16.739,-18.559,-17.887,-16.658,-17.085,-18.03,-17.388,-18.188,-18.405,-20.341,-17.395,-17.266,-18.084,-18.492
19,C1',97.503,95.242,96.894,100.597,96.738,99.918,98.656,96.668,99.332,95.492,95.611,97.863,97.627,97.725,98.385,95.228,98.149,99.488,97.954,96.924
19,C2,148.536,147.855,148.417,148.252,149.582,149.819,150.691,148.687,147.707,147.765,148.558,148.637,148.164,148.367,149.243,148.226,148.88,148.937,149.277,149.022
19,C2',76.405,77.065,73.982,73.738,77.015,75.331,76.12,74.57,74.044,74.723,75.452,74.386,76.818,75.085,75.048,74.751,74.615,75.362,74.041,75.342
19,C3',74.13,73.709,72.728,71.156,73.128,73.793,72.472,72.466,71.872,72.672,71.987,70.539,74.318,72.07,72.524,72.488,73.314,71.885,72.219,74.557
19,C4,148.378,148.549,149.23,149.118,150.047,149.116,149.682,148.867,149.029,150.18,148.959,149.107,150.028,148.835,149.54,149.232,148.667,150.419,150.485,149.115
19,C4',79.245,79.285,77.534,80.338,77.334,77.896,76.957,76.832,76.277,77.46,78.473,80.247,76.645,78.049,77.767,76.797,77.147,76.486,78.07,78.68
19,C5,91.656,91.28,89.516,91.615,91.928,91.09,90.583,92.419,90.452,93.008,89.94,91.685,91.854,92.072,91.808,91.745,92.185,91.781,91.447,91.723
19,C5',63.121,64.549,64.413,61.849,62.43,63.06,63.152,62.359,60.744,62.404,63.773,62.648,61.991,63.167,61.902,64.087,62.736,63.649,61.619,63.382
19,C6,134.265,135.083,136.304,136.536,135.897,136.642,136.442,136.184,136.669,136.39,137.336,135.586,136.131,135.37,136.028,135.815,136.306,136.594,136.331,136.397
19,H1',6.018,5.964,6.085,6.706,6.555,6.008,5.991,6.13,6.157,6.195,6.264,6.292,5.734,6.096,6.364,6.164,6.249,6.513,6.096,5.979
19,H2',4.807,5.26,5.242,4.606,4.705,5.186,5.094,5.517,5.168,5.525,4.938,4.997,4.347,5.432,5.106,5.132,5.241,4.756,5.651,5.58
19,H3',4.455,4.679,4.683,4.816,4.693,4.418,4.573,4.607,4.782,4.675,4.683,4.701,4.201,4.489,4.875,4.708,4.75,4.89,4.729,4.775
19,H4',4.425,4.716,4.805,4.431,4.796,4.466,4.336,4.61,4.495,4.715,4.602,4.7,4.261,4.603,4.622,4.764,4.64,4.423,4.752,4.901
19,H41,9.065,9.306,8.164,8.189,9.722,9.631,8.333,9.465,9.473,9.835,6.993,10.004,8.271,9.3,8.601,9.177,9.373,9.057,9.368,9.171
19,H42,5.207,4.853,4.925,5.234,5.243,5.124,4.88,4.978,4.918,5.018,5.248,4.7,5.116,5.069,4.924,5.173,5.086,5.269,5.025,4.848
19,H5,5.356,5.141,4.624,5.489,5.569,5.364,5.194,5.189,5.217,5.202,5.376,4.849,5.399,5.159,5,5.002,5.092,5.518,4.975,5.126
19,H5',4.714,4.499,4.221,4.682,4.928,4.398,4.802,4.809,4.693,4.843,4.195,4.768,4.548,4.604,4.837,4.245,4.222,4.548,4.846,4.279
19,H5'',4.102,4.277,4.306,4.143,4.044,4.175,4.295,4.035,4.181,4.097,4.321,4.161,4.267,4.24,4.123,4.218,4.325,4.266,4.165,4.208
19,H6,7.213,7.787,7.257,7.672,7.342,7.204,7.615,7.459,7.043,7.812,7.788,7.726,6.468,7.596,7.518,7.649,7.78,7.803,7.611,7.582
19,HO2',4.497,2.962,2.983,4.149,3.118,3.793,3.475,3.053,3.372,2.967,3.142,3.39,3.582,4.148,3.017,3.104,3.07,3.668,3.198,2.923
19,N1,154.082,151.36,152.029,158.004,157.467,152.454,155.434,152.127,152.599,151.888,156.184,154.239,152.171,152.355,155.542,151.286,151.491,157.423,152.253,151.288
19,N3,197.495,194.694,192.126,196.432,199.946,196.721,200.69,195.436,201.71,192.892,198.757,193.873,199.045,197.302,192.642,192.725,195.685,196.729,193.614,193.764
19,N4,90.686,90.281,90.684,85.854,88.814,87.079,86.976,87.739,83.177,90.762,88.318,92.513,80.537,88.713,91.46,93.607,92.89,85.158,90.872,91.429
19,P,-18.138,-17.483,-22.583,-19.124,-18.996,-18.208,-17.009,-18.37,-18.284,-19.82,-19.47,-19.351,-17.336,-18.672,-19.766,-16.402,-17.169,-16.687,-18.563,-18.349
20,C1',95.138,93.74,94.659,95.974,94.755,97.655,94.623,97.434,94.039,94.391,95.094,99.144,95.283,95.402,94.785,94.909,95.977,96.457,95.967,94.991
20,C2,147.593,146.36,146.55,148.16,146.86,148.529,146.883,147.682,146.37,146.58,146.913,146.844,146.606,145.616,148.184,146.851,146.431,147.45,147.675,145.476
20,C2',75.475,75.447,78.253,75.837,74.822,74.163,75.71,74.998,76.429,76.538,75.725,76.391,77.632,74.599,76.97,76.109,77.006,76.275,74.892,75.568
20,C3',72.091,73.506,72.039,70.896,74.599,74.312,73.759,74.155,73.124,73.318,73.229,72.421,71.968,73.822,72.098,71.936,73.433,71.422,71.714,75.986
20,C4,143.052,141.52,142.871,142.913,141.144,143.141,142.613,143.135,140.854,141.941,142.234,143.706,141.722,141.117,141.416,141.967,142.47,141.071,141.962,140.675
20,C4',77.605,76.131,78.378,77.306,78.112,77.371,77.395,79.436,76.827,76.828,77.852,80.962,79.106,77.209,78.071,78.412,78.4,78.055,77.398,76.586
20,C5,113.809,113.757,113.749,111.429,113.018,113.118,113.931,112.561,112.713,113.495,113.323,113.388,112.866,111.865,112.667,113.072,112.754,112.166,112.906,113.105
20,C5',65.298,64.041,64.518,63.281,64.772,63.04,63.054,62.857,63.554,63.587,64.181,62.991,64.696,62.41,64.405,64.396,63.707,63.31,63.374,64.761
20,C6,144.557,143.038,143.877,143.504,143.986,143.413,144.314,143.737,143.941,144.326,144.579,145.044,144.386,142.938,143.808,143.102,143.586,143.222,144.256,142.232
20,C8,133.397,131.747,131.081,130.932,134.458,132.824,131.635,131.412,131.418,129.525,130.594,130.775,132.002,132.578,130.061,130.626,130.253,130.041,131.498,132.411
20,H1',6.773,6.599,6.717,6.438,6.687,6.466,6.426,6.519,6.686,6.6,6.634,6.648,6.933,6.605,6.834,6.582,6.657,6.737,6.592,6.595
20,H2,8.084,7.633,7.57,7.837,7.417,7.77,7.377,7.37,7.389,7.143,7.37,7.213,7.525,7.847,7.735,7.342,6.946,7.697,7.406,7.686
20,H2',5.462,5.714,5.064,5.789,5.641,6.05,5.818,5.544,5.55,5.076,5.361,4.592,4.612,5.779,5.047,5.356,5.177,5.18,5.552,6.004
20,H3',5.21,5.083,4.927,5.001,4.634,4.868,4.991,4.781,4.8,4.841,5.055,4.947,5.021,4.83,4.824,5.028,4.753,4.939,5.134,4.837
20,H4',4.646,4.88,4.626,4.455,4.856,4.497,4.777,4.867,4.856,4.549,4.803,4.554,4.76,4.64,4.484,4.786,4.845,4.722,4.746,4.88
20,H5',4.456,4.383,4.394,4.457,4.385,4.735,4.786,4.352,4.537,4.28,4.325,4.842,4.509,4.669,4.777,4.373,4.435,4.723,4.94,4.559
20,H5'',4.41,4.424,4.433,4.35,4.234,4.228,4.273,4.243,4.279,4.358,4.438,4.244,4.406,4.124,4.258,4.356,4.201,4.187,4.156,4.275
20,H61,9.289,8.433,8.799,9.625,8.973,7.774,9.451,5.464,8.638,8.96,5.647,8.006,8.949,9.607,9.493,5.647,7.12,8.397,8.857,8.34
20,H62,5.143,5.427,5.884,6.042,5.421,5.466,5.529,8.882,5.525,5.825,9.111,5.658,5.725,5.598,5.378,9.41,5.596,5.48,5.598,5.188
20,H8,8.228,8.293,8.041,8.005,8.164,7.855,8.217,7.993,7.903,7.684,8.305,8.218,8.245,7.75,7.679,8.038,7.601,7.809,7.933,8.101
20,HO2',3.083,2.929,3.464,4.476,3.376,3.139,3.451,3.133,3.294,2.914,3.145,3.892,4.467,3.585,3.804,3.972,2.995,3.47,3.152,3.334
20,N1,209.574,212.029,216.762,212.253,215.031,212.741,209.155,211.753,212.448,214.736,213.536,217.761,210.367,210.719,211.355,210.878,216.597,208.7,212.479,210.495
20,N3,215.558,216.352,217.404,215.765,213.823,220.743,218.074,220.25,215.489,217.359,216.487,215.647,212.764,215.224,213.922,215.441,217.019,214.364,218.659,218.877
20,N6,85.945,82.59,83.039,88.913,85.863,79.792,81.297,81.406,80.628,86.005,83.662,78.35,83.786,77.539,84.045,85.311,78.395,85.197,81.205,80.779
20,N7,231.462,224.419,222.92,227.641,220.998,221.8,223.299,225.292,222.279,227.494,226.5,223.437,222.702,219.706,224.425,224.131,225.616,225.996,223.391,223.28
20,N9,173.452,172.561,177.105,173.444,169.191,172.178,172.725,173.971,173.652,174.338,172.827,177.783,175.794,173.202,175.19,175.982,172.295,173.957,174.164,170.168
20,P,-16.41,-17.038,-17.688,-19.814,-20.544,-17.108,-16.303,-17.121,-16.725,-17.634,-16.836,-18.227,-18.039,-18.777,-20.229,-17.32,-17.605,-17.485,-18.256,-17.298
21,C1',96.155,94.919,94.214,97.788,95.859,95.527,95.807,97.973,93.847,98.556,95.451,95.182,94.267,94.931,94.795,96.286,94.325,94.849,95.53,98.678
21,C2,141.209,139.914,140.629,141.099,141.394,140.823,141.019,140.816,140.811,140.354,142.4,142.336,141.766,141.016,141.482,142.328,141.656,138.559,140.369,138.361
21,C2',77.368,76.033,75.715,75.606,76.103,74.956,75.151,77.307,76.201,75.824,77.032,74.272,75.911,75.467,76.499,76.453,76.171,75.486,75.594,74.521
21,C3',71.519,74.993,74.062,73.982,72.876,76.086,74.016,74.552,74.664,73.858,74.247,73.689,73.45,73.579,79.67,73.147,73.894,74.033,74.502,74.36
21,C4,146.456,144.824,144.068,144.873,145.169,144.864,145.529,145.216,145.297,145.066,146.791,145.841,145.317,144.766,146.377,145.2,146.309,144.476,145.17,143.256
21,C4',76.711,77.953,76.769,79.034,77.092,78.99,76.672,79.085,76.943,81.961,80.284,77.2,78.466,78.617,77.049,80.029,78.062,76.26,77.521,81.894
21,C5,114.154,113.998,115.841,113.876,115.65,114.849,115.142,114.24,113.39,114.683,112.791,114.865,115.987,117.428,116.131,112.701,116.123,114.353,114.17,113.525
21,C5',63.652,62.573,63.04,62.87,64.148,67.818,63.053,66.034,63.152,62.947,63.14,63.012,64.133,63.071,67.502,63.951,63.897,62.801,63.362,63.478
21,C6,151.661,150.805,150.588,150.47,150.942,150.638,150.988,150.426,150.047,149.693,150.441,149.711,151.379,150.849,151.169,150.511,152.331,147.779,150.745,147.77
21,C8,125.224,126.422,126.534,125.438,128.405,126.153,126.715,127.154,126.472,127.137,126.423,128.297,126.471,127.579,125.534,127.756,128.226,127.152,126.132,126.952
21,H1,10.65,11.389,11.334,11.829,11.997,11.863,11.731,11.752,11.017,11.157,12.621,11.496,11.291,11.499,11.197,11.99,11.627,5.905,11.574,6.681
21,H1',6.365,6.098,6.415,6.471,6.547,6.371,6.243,6.629,6.372,6.325,6.269,6.47,6.428,6.465,6.426,6.5,6.629,6.044,6.399,6.129
21,H2',4.693,5.394,5.411,5.158,5.066,5.62,5.336,5.292,5.172,5.302,4.497,5.602,5.212,5.578,5.681,5.01,5.042,5.557,5.238,5.571
21,H21,7.866,8.376,9.204,8.611,8.202,8.862,7.936,8.683,8.019,8.596,8.555,8.49,7.509,8.082,9.082,7.826,8.881,4.524,8.171,4.824
21,H22,4.894,4.964,5.304,4.639,4.805,5.09,4.711,5.004,5.092,4.843,6.629,5.177,4.989,4.737,5.274,4.442,4.834,5.367,4.845,5.006
21,H3',4.642,4.602,4.662,4.707,4.713,4.489,4.701,4.916,4.476,4.725,4.793,4.958,4.76,4.899,4.298,4.735,4.983,4.386,4.563,4.594
21,H4',4.406,4.856,4.772,4.647,4.624,4.688,4.688,4.727,4.794,4.669,4.596,4.733,4.86,4.78,5.084,4.663,4.873,4.619,4.769,4.691
21,H5',4.412,4.233,4.872,4.413,4.41,4.407,4.213,4.728,4.208,4.658,4.747,4.437,4.566,4.364,4.579,4.586,4.272,4.494,4.321,4.318
21,H5'',4.349,4.162,4.122,4.241,4.238,4.145,4.408,4.142,4.317,4.006,4.022,4.182,4.087,4.29,4.349,4.193,4.289,4.146,4.254,4.179
21,H8,6.673,6.354,6.837,7.174,7.228,6.522,6.58,7.539,6.279,7.006,6.787,7.773,7.506,7.548,6.632,7.294,7.214,6.703,6.472,6.51
21,HO2',3.476,3.045,2.94,3.767,3.598,3.435,3.035,3.735,2.865,3.223,1.991,3.03,3.13,3.511,2.993,5.074,2.957,3.112,3.219,2.887
21,N1,139.524,136.077,136.462,137.366,139.158,136.931,138.446,136.559,138.009,136.462,140.902,136.282,138.932,138.793,136.717,139.54,138.285,135.074,138.439,131.236
21,N2,75.466,71.495,76.362,73.522,71.217,77.201,69.299,75.39,72.621,72.17,77.783,73.32,72.682,74.711,78.909,75.505,74.263,67.727,75.849,73.368
21,N3,166.453,163.621,165.264,166.149,164.148,167.413,164.04,165.621,162.954,161.813,172.876,158.195,167.651,165.347,167.876,169.035,164.192,164.581,167.088,165.246
21,N7,234.428,233.577,234.131,234.165,229.722,234.072,232.125,231.91,233.631,231.088,232.814,231.326,231.543,228.621,235.693,232.379,228.494,236.126,233.646,234.038
21,N9,169.447,166.453,165.098,166.555,168.655,166.034,165.769,167.836,165.89,167.386,166.412,168.494,167.112,167.828,166.853,169.491,166.798,165.586,168.234,166.287
21,P,-18.811,-16.673,-16.495,-16.984,-16.764,-20.294,-16.919,-17.406,-15.673,-18.571,-17.776,-19.017,-19.224,-18.125,-15.884,-17.207,-16.756,-17.322,-17.058,-17.158
22,C1',96.217,96.288,96.243,95.346,94.716,97.219,97.459,95.329,94.041,98.124,94.649,96.511,96.206,95.859,97.471,98.119,96.139,95.843,95.466,93.845
22,C2,148.863,149.103,147.59,149.344,148.502,148.468,147.964,147.845,152.078,150.758,148.641,147.497,146.56,146.275,147.216,147.833,149.197,148.243,148.429,150.617
22,C2',74.894,76.004,74.624,76.383,75.779,75.803,76.012,74.904,77.398,77.12,81.221,77.514,76.251,75.265,75.212,74.585,75.175,78.217,75.476,76.317
22,C3',72.091,73.607,72.898,73.764,75.231,73.596,73.263,72.911,74.233,73.512,83.388,70.699,71.64,72.252,72.777,75.072,73.607,74.597,72.899,74.941
22,C4,143.204,142.576,142.453,142.809,142.663,142.791,143.481,140.933,141.97,142.769,145.663,142.054,140.836,141.149,142.3,143.803,142.524,142.345,141.91,142.717
22,C4',77.002,77.642,77.214,78.993,78.595,79.322,77.946,77.856,78.651,77.624,79.723,77.895,79.452,78.856,76.711,77.071,77.747,78.716,78.335,79.715
22,C5,110.819,112.549,111.811,111.808,111.496,111.923,111.17,111.722,111.028,111.679,111.219,112.806,112.253,112.932,112.604,112.174,111.733,111.365,111.513,112.213
22,C5',62.037,63.204,62.931,62.144,63.22,62.612,63.463,62.441,65.677,62.531,67.996,63.069,63.573,62.682,61.901,62.506,63.43,63.123,63.173,63.481
22,C6,142.362,142.753,141.341,142.866,141.845,142.674,142.399,143.007,143.147,142.849,142.53,144.26,142.793,141.913,143.415,142.425,141.984,143.847,142.234,143.501
22,C8,130.626,133.241,131.197,131.757,132.771,132.666,132.2,130.801,131.552,131.625,135.452,128.812,131.763,132.28,132.983,132.561,130.252,131.106,130.217,131.604
22,H1',6.56,6.913,6.569,6.485,6.552,6.751,6.423,6.58,6.651,6.85,6.94,6.618,6.592,6.586,7.055,6.53,6.588,6.362,6.552,6.596
22,H2,8.353,7.923,7.824,8.465,8.197,8.412,8.473,8.125,8.394,8.913,8.671,8.293,8.609,7.976,7.663,8.384,8.225,8.558,8.06,8.477
22,H2',5.385,4.935,5.559,5.117,5.602,5.532,5.056,5.326,4.482,4.416,4.73,4.279,5.353,5.561,4.849,5.821,5.301,4.119,5.245,4.877
22,H3',4.764,5.134,4.548,4.708,4.493,4.751,4.71,5.005,4.968,4.691,5.041,4.645,4.818,4.918,4.919,4.537,4.627,4.536,4.698,4.932
22,H4',4.685,4.713,4.748,4.756,4.869,4.805,4.741,4.762,4.758,4.225,5.481,4.309,4.815,4.809,4.565,4.629,4.56,4.406,4.745,4.745
22,H5',4.854,4.903,4.272,4.733,4.609,4.528,4.268,4.932,4.214,4.918,4.092,4.216,4.871,4.76,4.877,4.687,4.19,4.218,4.812,4.828
22,H5'',3.957,4.098,4.172,4.142,4.128,4.06,4.207,4.116,4.2,4.314,4.155,4.26,4.129,4.093,4.102,4.335,4.171,4.3,4.068,4.135
22,H61,5.418,5.616,5.582,9.337,5.518,5.923,6.016,9.855,9.59,8.336,5.993,9.614,9.468,8.639,7.628,5.192,6.201,5.757,7.555,5.822
22,H62,5.635,5.616,5.331,5.394,5.401,5.579,5.408,5.556,5.536,5.479,5.375,5.656,5.544,5.412,5.719,5.292,5.93,5.63,5.534,5.47
22,H8,7.067,8.077,6.791,7.35,7.803,7.406,7.207,7.467,7.884,7.541,8.529,6.916,7.406,7.648,7.464,7.486,7.335,7.079,7.487,7.69
22,HO2',3.284,3.428,3.061,3.095,2.954,3.533,3.301,3.174,3.044,3.602,3.37,3.23,3.316,3.195,3.593,3.396,3.277,3.349,3.112,3.239
22,N1,218.175,219.574,220.688,211.152,222.407,216.569,221.525,211.909,212.208,217.539,221.735,213.325,212.929,214.33,218.62,221.867,224.348,223.325,220.49,215.568
22,N3,216.276,219.846,225.637,222.724,219.281,219.197,222.536,218.902,215.966,221.432,222.878,216.711,216.826,215.693,219.223,221.329,214.925,221.379,215.72,221.487
22,N6,83.53,81.371,79.7,82.357,81.129,75.723,82.224,82.199,80.124,84.165,83.409,80.829,84.753,85.639,78.6,74.113,89.802,78.77,83.528,77.7
22,N7,228.703,224.558,226.929,225.252,223.091,226.248,227.312,226.399,225.762,227.386,229.427,234.924,225.331,223.06,224.247,226.052,229.524,223.184,227.679,223.302
22,N9,171.992,173.829,170.118,171.899,170.351,170.577,172.252,173.6,176.03,176.999,176.68,172.556,171.317,170.703,172.819,168.648,170.97,172.19,171.926,173.787
22,P,-22.148,-18.747,-18.017,-19.777,-17.702,-18.689,-17.482,-19.493,-17.98,-17.558,-19.445,-17.783,-18.037,-19.38,-19.962,-16.515,-17.768,-16.234,-17.324,-17.624
23,C1',96.059,101.385,97.717,98.176,94.52,101.039,91.949,96.926,95.818,101.46,93.267,93.901,96.191,97.122,96.949,92.032,91.637,97.596,91.997,97.037
23,C2,144.834,145.824,145.172,146.127,146.603,146.151,147.155,144.818,144.941,148.461,146.874,147.006,145.202,147.311,145.669,146.559,147.155,145.44,146.298,145.249
23,C2',75.373,73.937,75.479,76.607,79.575,75.414,76.508,77.812,77.688,80.564,78.306,77.527,78.261,81.165,76.538,78.825,80.622,77.703,80.149,75.768
23,C3',72.967,70.579,73.645,74.466,84.314,73.504,81.167,77.16,76.798,81.707,71.018,82.509,76.735,82.067,74.335,83.07,78.987,73.918,79.773,69.86
23,C4,154.381,153.645,154.017,154.044,153.958,154.035,153.545,154.807,153.6,152.447,154.739,155.137,154.728,152.855,154.267,153.247,154.722,153.05,154.064,155.438
23,C4',79.481,76.795,77.292,74.715,82.859,81.017,79.752,80.641,81.3,83.126,85.214,84.158,79.73,82.579,79.078,79.393,82.674,83.66,81.418,79.875
23,C5,102.696,100.649,102.531,105.405,103.255,99.466,104.469,100.672,105.178,102.458,105.388,105.229,103.32,104.076,101.165,102.856,105.858,106.788,107.922,104.407
23,C5',62.271,62.361,63.086,62.464,67.024,65.075,66.101,64.987,64.62,68.536,64.576,65.994,64.124,65.815,64.068,66.285,67.373,62.821,65.874,64.284
23,C6,137.868,136.376,136.085,137.056,137.017,138.771,137.117,135.314,137.965,138.91,139.132,138.679,135.412,135.351,136.413,136.279,135.796,139.426,135.735,139.178
23,H1',5.463,6.05,6.034,6.429,6.625,6.098,6.454,6.011,6.317,6.422,6.511,6.669,5.854,6.977,6.288,6.549,7.155,6.87,6.273,6.517
23,H2',4.431,4.924,5.212,5.083,4.371,5.062,4.336,4.907,4.564,5.118,4.172,4.683,4.752,4.299,4.634,4.755,4.088,4.457,4.147,4.681
23,H3,7.568,8.196,7.223,7.648,7.483,7.606,7.264,10.539,7.776,7.7,7.874,7.643,7.584,7.257,7.531,7.436,10.724,8.301,7.694,8.813
23,H3',4.422,4.138,4.195,4.539,4.818,4.706,4.726,4.511,4.647,5.254,5.081,5.019,4.521,5.01,4.375,4.635,4.816,4.716,4.649,4.771
23,H4',4.463,4.362,4.663,4.202,5.128,4.728,5.258,4.515,4.409,5.748,4.39,4.88,4.654,5.402,4.689,5.376,4.7,4.859,5.248,4.561
23,H5,5.67,4.046,5.076,6.597,5.446,4.271,5.364,5.302,5.427,6.302,5.748,5.681,5.287,5.084,4.678,5.061,5.518,5.785,5.587,6.084
23,H5',4.391,4.439,4.288,4.382,4.04,4.66,4.566,4.535,4.28,4.421,4.047,4.518,4.666,4.71,4.79,4.359,4.009,4.115,4.463,4.331
23,H5'',4.031,4.11,4.082,4.302,4.089,4.17,4.04,3.935,4.117,4.23,4.848,3.999,4.042,4.085,4.04,4.001,4.191,4.804,4.193,4.278
23,H6,7.895,6.289,7.56,7.678,7.906,7.886,7.558,7.479,7.464,8.464,8.193,8.325,7.476,7.742,7.481,7.586,7.471,7.123,7.13,7.365
23,HO2',3.743,3.481,3.81,2.942,2.854,4.1,2.844,3.237,5.561,4.376,2.448,4.56,3.033,2.371,4.04,2.694,6.892,3.284,2.742,3.194
23,N1,160.701,152.682,156.711,155.87,157.315,156.054,153.67,156.74,159.213,162.222,154.743,157.836,156.05,155.471,158.764,155.877,155.764,162.39,154.468,162.51
23,N3,158.025,161.159,161.27,160.977,161.195,157.586,161.142,164.097,156.382,159.583,158.908,159.953,161.359,159.047,160.469,159.497,161.476,162.629,161.414,160.706
23,P,-17.951,-18.63,-16.56,-20.845,-17.524,-18.769,-17.695,-16.814,-17.298,-20.862,-17.73,-17.179,-18.486,-18.239,-20.795,-18.701,-17.908,-19.576,-18.118,-19.251
24,C1',97.919,91.803,98.123,96.237,97.699,101.274,98.043,94.274,96.12,99.138,100.134,89.761,91.167,100.702,96.752,99.241,99.293,93.807,97.572,94.609
24,C2,149.671,149.442,148.87,149.712,149.141,148.985,148.678,150.069,150.219,149.982,152.437,148.699,149.684,149.28,148.239,149.902,150.571,149.141,147.951,148.725
24,C2',78.724,78.893,76.503,77.599,75.148,81.167,77.534,75.05,81.256,74.715,72.249,76.267,80.547,72.985,76.283,75.3,78.699,78.995,76.467,80.382
24,C3',77.331,82.247,73.82,73.085,73.813,76.323,71.315,68.779,77.314,75.85,77.157,76.265,75.082,72.53,76.132,72.074,83.008,73.268,73.366,73.231
24,C4,147.362,147.907,148.002,148.831,148.991,148.748,147.845,148.735,148.33,147.577,150.38,149.956,149.868,148.248,147.415,146.925,148.23,147.772,148.633,148.254
24,C4',80.338,79.773,76.404,77.449,78.226,88.155,77.337,78.926,88.569,77.754,83.324,77.056,81.879,76.785,77.862,78.986,87.464,76.918,76.017,78.651
24,C5,87.455,90.587,89.59,93.825,91.27,87.378,89.707,90.678,88.111,89.093,90.144,93.85,87.417,89.409,91.185,89.554,89.353,89.768,90.597,90.491
24,C5',64.402,64.92,63.623,61.462,64.716,66.303,63.651,63.676,66.476,67.202,66.483,63.924,67.008,63.734,63.02,64.277,68.25,63.192,63.388,63.36
24,C6,140.83,138.033,138.218,138.721,136.182,138.785,138.178,142.942,140.38,139.128,146.186,137.375,139.645,137.982,140.117,136.778,139.231,140.171,135.51,140.575
24,H1',6.661,6.875,6.586,6.006,6.271,6.761,6.41,6.471,6.898,6.175,5.575,6.352,5.76,6.033,6.258,6.304,6.245,7.13,6.292,6.652
24,H2',4.96,4.518,4.566,5.072,5.362,4.655,5.086,5.142,4.042,5.486,5.754,3.818,3.488,5.363,5.188,5.43,5.743,4.784,4.557,4.676
24,H3',4.616,4.611,4.214,4.338,4.78,4.793,4.665,5.151,4.706,3.864,5.52,4.627,4.417,4.736,4.506,4.635,4.77,4.695,4.763,4.627
24,H4',4.765,5.101,4.339,4.137,4.697,4.939,4.579,4.133,5.049,4.738,4.666,4.719,4.461,4.453,4.023,4.571,4.706,4.818,4.393,4.744
24,H41,5.062,5.551,5.572,7.988,6.308,5.486,4.989,5.458,5.524,5.223,5.636,6.037,5.962,7.641,5.155,6.566,7.029,5.538,6.89,5.508
24,H42,4.959,4.631,4.855,3.788,4.547,4.623,4.546,7.504,5.066,4.579,5.307,5.052,5.191,8.381,4.596,4.863,5.875,6.326,7.667,5.247
24,H5,5.574,5.646,5.467,5.024,5.529,5.074,6.116,5.382,5.822,5.487,5.891,6.229,5.648,5.933,5.632,5.672,5.68,6.006,5.895,6.278
24,H5',4.662,4.413,4.092,4.309,4.325,4.623,4.346,4.238,4.52,4.362,4.305,3.559,4.322,4.025,4.333,4.174,3.783,4.278,4.252,4.441
24,H5'',4.074,3.972,4.311,4.083,4.017,4.376,4.288,4.37,4.544,4.133,4.549,4.253,4.136,4.126,4.312,4.184,4.055,5.238,4.123,5.423
24,H6,8.076,7.588,7.55,7.455,8.004,8.171,8.112,7.728,8.222,8.024,8.138,7.471,7.264,7.642,7.292,7.933,7.822,8.105,7.964,8.549
24,HO2',4.655,2.724,4.928,4.751,3.031,3.045,3.249,3.603,3.184,3.473,3.212,2.955,2.858,2.916,4.231,3.551,2.782,3.658,2.678,3.248
24,N1,162.062,154.311,161.338,153.87,151.679,161.231,159.654,156.338,161.322,155.777,152.181,150.547,151.389,151.418,157.693,156.101,159.868,163.476,153.825,164.065
24,N3,196.622,201.283,206.781,205.6,212.289,195.953,198.801,191.778,198.534,201.198,199.138,210.24,209.132,204.935,201.738,203.005,206.244,203.341,204.72,201.307
24,N4,83.056,77.938,77.509,92.483,81.45,78.317,84.921,86.94,76.202,82.284,74.976,95.323,79.265,96.084,77.079,85.76,91.57,79.365,96.11,77.738
24,P,-15.485,-17.502,-16.026,-17.004,-18.617,-19.148,-19.63,-19.529,-17.17,-24.236,-20.931,-15.197,-18.293,-19.828,-19.836,-17.996,-17.335,-18.692,-18.687,-16.723
25,C1',98.791,97.516,92.46,96.976,97.53,97.506,97.292,96.089,99.619,96.14,95.863,93.118,93.545,95.983,94.805,95.634,90.129,93.277,96.449,90.148
25,C2,146.421,145.918,147.248,146.141,145.22,145.53,145.817,146.357,145.446,145.318,146.324,146.305,147.727,145.298,146.706,146.408,147.779,147.304,145.114,147.509
25,C2',77.979,76.569,75.432,77.735,79.773,76.069,75.304,76.681,77.76,76.303,75.591,77.171,80.162,76.66,78.995,76.378,76.306,80.49,77.445,79.133
25,C3',76.155,71.531,81.243,69.862,75.114,76.589,74.105,74.301,72.846,73.95,72.368,79.731,79.275,72.514,80.411,74.423,73.555,81.478,72.02,77.899
25,C4,156.193,156.947,154.231,155.675,153.742,153.373,156.065,154.875,155.166,154.505,153.398,154.671,154.875,152.949,154.931,156.216,155.083,155.185,152.01,154.821
25,C4',80.266,78.115,79.872,81.451,81.228,78.152,77.654,77.443,79.11,77.971,76.827,84.076,83.768,78.05,85.939,77.611,83.613,85.827,78.506,85.611
25,C5,101.921,106.097,106.101,103.404,102.601,104.157,103.717,104.321,103.411,104.814,104.564,103.918,102.338,108.663,101.706,104.415,104.995,102.643,107.019,103.394
25,C5',70.536,64.115,65.857,63.531,63.454,69.188,62.487,62.12,64.412,61.964,60.01,67.777,70.217,63.661,69.267,62.353,66.773,69.3,63.321,68.731
25,C6,136.409,138.352,137.448,137.715,138.001,138.03,137.023,137.906,138.871,135.819,135.943,140.63,140.19,133.292,138.384,137.593,137.054,138.455,133.583,138.745
25,H1',6.334,6.535,6.921,7.067,6.033,6.169,6.098,6.817,6.435,6.099,6.061,7.015,6.983,6.465,6.526,6.292,6.386,6.824,6.426,6.797
25,H2',5.222,4.905,4.796,5.001,3.936,5.396,5.365,4.702,4.59,5.07,5.397,4.981,4.594,4.935,4.554,4.897,3.814,4.423,4.767,4.396
25,H3,9.679,7.076,7.842,7.943,6.867,7.067,9.081,7.709,7.568,6.822,7.187,7.732,7.599,8.984,7.707,10.418,7.822,7.728,7.456,7.751
25,H3',4.32,5.128,4.939,4.948,4.528,4.132,4.683,4.393,5.11,4.634,4.841,4.429,4.651,4.815,4.864,4.746,5.423,4.99,4.9,4.691
25,H4',4.897,4.509,5.335,4.598,4.729,4.911,4.661,4.317,4.632,4.552,4.264,5.413,5.467,4.529,4.878,4.691,4.9,5.064,4.527,4.935
25,H5,6.162,6.47,5.56,6.105,5.302,6.13,5.721,6.126,5.727,5.904,5.772,5.976,6.192,5.711,6.029,5.692,6.111,6.326,5.592,6.269
25,H5',4.658,4.183,4.374,4.612,4.357,4.402,4.651,4.414,4.541,4.094,4.333,4.297,4.373,4.299,4.251,4.559,4.179,4.183,4.424,3.999
25,H5'',4.28,4.253,4.106,4.244,4.764,4.193,4.135,4.594,4.268,4.177,4.829,4.33,5.392,4.142,4.414,4.142,4.378,4.378,4.17,4.405
25,H6,7.883,8.528,8.17,8.085,8.297,8.06,7.773,7.899,8.194,7.824,7.853,8.864,8.709,7.87,8.144,8.228,8.064,8.373,8.038,7.91
25,HO2',2.373,3.459,3.455,3.657,3.109,3.204,3.147,3.987,3.323,3.061,4.621,5.969,2.813,3.615,3.123,2.966,4.231,3.245,3.274,2.753
25,N1,156.133,160.59,153.451,162.804,159.238,155.953,155.567,159.016,156.833,156.584,159.558,155.777,156.663,154.354,155.489,158.537,153.185,159.556,152.318,156.189
25,N3,162.429,159.918,159.691,159.925,156.905,159.909,159.695,159.852,158.797,161.781,155.558,157.882,161.609,157.571,161.519,165.444,160.351,158.666,156.472,160.848
25,P,-18.321,-18.675,-19.462,-21.288,-18.457,-20.722,-17.255,-18.937,-17.077,-17.757,-22.472,-21.581,-17.961,-16.635,-16.884,-18.73,-20.366,-23.161,-17.163,-22.825
26,C1',93.781,93.145,96.502,95.002,94.518,94.782,94.237,96.319,97.09,95.882,95.414,95.074,95.771,94.038,98.75,96.108,100.334,95.799,96.859,97.966
26,C2,142.081,141.778,142.618,140.89,143.012,142.077,141.245,141.138,139.91,141.741,142.486,139.688,139.492,140.976,141.523,141.456,140.85,141.022,141.321,141.48
26,C2',75.873,76.677,75.597,74.741,77.888,75.456,75.167,75.526,75.074,75.91,77.045,74.418,74.356,75.535,74.651,76.433,74.176,72.761,79.275,74.076
26,C3',73.967,73.142,74.81,78.506,75.873,74.402,73.51,81.709,74.19,71.612,72.112,74.328,72.79,73.405,72.828,71.351,79.655,80.712,75.738,81.082
26,C4,146.694,145.807,146.728,145.686,144.42,146.373,145.821,145.13,146.09,145.254,145.168,144.849,144.368,144.154,147.134,145.668,145.563,143.887,144.825,145.431
26,C4',76.656,77.581,78.673,74.277,80.83,77.729,76.712,74.943,78.477,78.8,80.143,78.282,79.589,77.569,77.846,76.943,75.776,73.292,82.092,75.896
26,C5,114.303,114.862,112.895,114.441,114.493,114.647,114.918,115.184,113.666,114.881,114.97,113.901,116.341,115.491,113.411,113.281,111.98,116.341,116.419,116.069
26,C5',63.51,64.491,64.874,64.81,65.975,63.955,63.555,66.687,64.528,63.834,63.324,61.107,64.617,63.424,60.835,65.081,68.84,66.916,64.993,68.796
26,C6,150.615,149.642,150.271,150.656,149.561,151.156,150.646,151.006,149.529,149.185,150.789,149.81,150.755,151.361,150.58,150.637,150.441,150.218,151.285,151.361
26,C8,127.119,127.705,128.24,129.855,128.843,127.065,127.837,129.132,127.023,125.878,126.213,131.171,128.549,125.678,134.169,127.811,130.582,125.428,126.778,129.478
26,H1,11.056,10.47,11.764,10.771,11.221,11.695,11.867,11.978,8.677,9.266,11.131,11.732,11.229,10.333,11.498,11.217,12.534,11.374,9.713,11.003
26,H1',6.292,6.326,6.334,5.964,6.412,6.289,6.349,6.356,6.207,6.331,6.588,5.987,6.096,6.214,6.651,6.506,7.06,6.131,6.349,6.425
26,H2',5.606,5.555,5.657,5.408,5.069,5.372,5.262,5.207,4.986,5.43,5.167,5.342,5.781,5.274,5.899,5.164,5.353,5.694,4.761,6.074
26,H21,8.406,7.33,8.699,8.394,7.999,8.305,8.29,8.399,6.033,6.521,7.758,6.841,8.464,5.51,8.271,8.688,8.716,8.169,5.474,8
26,H22,5.141,6.599,5.102,5.136,5.075,4.701,4.856,4.875,4.522,4.985,5.221,4.761,4.509,4.726,4.83,5.152,4.539,5.044,4.475,5.301
26,H3',4.839,4.884,4.948,4.594,5.031,4.971,5.177,4.713,5.066,4.866,4.914,5.11,5.395,4.947,5.273,5.257,4.499,4.469,4.782,4.638
26,H4',4.758,4.786,4.778,4.731,4.791,4.712,4.791,4.807,4.653,4.565,4.664,4.722,4.828,4.628,4.649,4.595,5.067,4.85,4.72,4.852
26,H5',4.839,4.609,4.274,4.166,4.857,4.299,4.521,4.712,4.457,4.177,4.694,4.571,4.262,4.139,4.866,4.429,4.04,4.381,4.453,4.245
26,H5'',4.252,4.287,4.368,4.44,4.33,4.205,4.128,4.988,4.164,4.399,4.154,4.027,4.192,4.299,4.093,4.344,4.855,4.68,4.149,4.384
26,H8,7.59,7.648,7.766,7.328,8.093,7.539,7.729,8.224,7.429,7.251,7.541,8.218,8.362,7.472,8.025,7.756,7.853,7.678,7.75,7.76
26,HO2',3.235,3.168,3.034,3.195,3.265,3.202,3.05,3.54,2.926,3.331,3.657,3.088,3.196,2.94,3.316,3.521,2.763,3.047,2.726,3.28
26,N1,138.319,138.516,137.463,137.154,136.846,137.647,137.46,135.048,134.966,134.897,138.34,140.035,138.619,138.664,138.608,136.395,135.195,139.096,138.204,139.583
26,N2,73.889,78.475,74.46,71.12,70.909,71.902,71.421,68.473,75.907,68.723,71.416,75.671,75.555,76.913,70.215,70.678,70.851,76.516,72.215,76.243
26,N3,165.638,161.999,164.93,166.288,160.591,165.177,162.33,162.099,160.161,159.596,163.848,162.736,163.764,165.397,168.348,158.971,166.619,160.301,161.024,167.461
26,N7,232.928,232.375,230.851,231.668,229.073,234.177,234.586,240.927,235.254,234.392,234,227.039,233.845,238.232,226.558,233.681,223.821,250.175,233.694,231.868
26,N9,169.083,168.398,167.505,171.099,168.932,167.318,169.609,167.813,168.51,168.157,168.209,166.56,168.877,167.082,170.668,171.343,172.539,164.354,169.267,169.83
26,P,-16.225,-16.063,-16.593,-24.193,-17.034,-17.124,-19.153,-25.516,-18.638,-18.927,-17.945,-20.435,-20.207,-18.454,-20.828,-16.913,-23.638,-24.941,-18.056,-22.785
27,C1',97.605,95.153,96.134,94.346,96.161,98.806,95.765,97.617,94.933,97.751,95.819,93.587,93.881,93.619,97.8,96.064,95.263,97.168,96.472,101.286
27,C2,148.675,147.724,147.791,146.765,147.533,147.277,148.293,146.926,148.03,146.508,147.261,147.344,147.587,148.351,146.364,147.455,147.796,145.934,147.703,146.566
27,C2',75.913,75.965,76.049,74.633,76.389,75.588,75.319,76.045,75.595,76.369,76.592,78.288,75.657,75.505,75.669,75.648,76.302,74.587,75.022,77.195
27,C3',76.892,72.744,72.774,73.483,73.926,71.59,72.232,72.175,73.109,73.224,74.591,73.044,73.264,73.625,73.557,75.112,73.283,73.669,73.283,72.417
27,C4,142.547,141.15,141.161,141.155,141.864,142.805,141.953,141.763,143.008,142.69,142.057,142.242,141.128,140.947,142.716,141.693,143.185,141.235,142.619,142.21
27,C4',80.035,77.798,77.127,77.734,79.52,79.431,77.249,78.251,78.188,78.423,78.411,79.126,76.498,75.787,78.706,77.921,78.525,78.801,76.857,82.813
27,C5,112.959,112.731,113.519,112.543,113.219,111.416,112.275,112.689,113.893,112.723,112.526,113.035,113.468,114.2,112.245,113.245,112.422,113.308,113.224,112.784
27,C5',69.146,63.377,63.443,62.277,64.641,64.933,63.624,65.402,63.795,62.008,64.833,64.546,63.369,61.923,63.365,63.274,65.199,63.702,64.581,63.836
27,C6,144.223,143.989,144.479,143.23,143.559,143.294,143.193,143.502,144.776,144.896,144.655,143.458,142.275,143.272,143.348,143.675,142.831,142.7,143.754,142.269
27,C8,130.799,130.695,129.944,131.772,129.817,131.368,130.044,130.028,131.41,130.033,131.288,130.953,131.423,130.661,133.502,130.788,132.063,131.513,132.81,132.921
27,H1',6.776,6.66,6.802,6.604,6.625,6.616,6.537,6.566,6.656,6.548,6.689,6.762,6.575,6.497,6.506,6.628,6.722,6.663,6.592,6.617
27,H2,7.605,7.757,7.7,7.75,7.84,8.068,8.126,7.618,7.963,7.763,7.602,7.969,8.074,8.163,7.648,7.771,7.975,7.634,8.013,7.9
27,H2',5.641,5.126,5.131,5.828,4.924,4.883,5.34,4.842,5.508,5.042,5.454,4.956,5.468,5.463,5.737,5.518,5.035,5.632,5.402,5.478
27,H3',4.342,4.678,4.963,4.614,4.886,5.076,4.727,5.044,5.025,4.67,4.867,4.953,5.053,4.808,4.948,4.753,5.248,4.96,4.999,4.925
27,H4',4.967,4.895,4.827,4.922,4.703,4.628,4.754,4.564,4.859,4.431,4.758,4.9,4.907,4.833,4.823,4.712,4.654,4.844,4.664,4.633
27,H5',4.494,4.194,4.203,4.809,4.53,4.14,4.302,4.217,4.396,4.771,4.626,4.422,4.824,4.309,4.756,4.643,4.951,4.39,4.422,4.825
27,H5'',4.269,4.391,4.334,3.989,4.124,4.28,4.338,4.229,4.314,4.223,4.139,4.318,4.165,4.458,4.223,4.189,4.188,4.212,4.405,4.119
27,H61,8.04,9.422,9.369,9.334,9.296,7.559,9.761,9.66,9.231,7.356,8.494,9.236,7.706,9.689,8.531,9.591,7.139,6.329,9.438,8.69
27,H62,5.919,5.726,5.561,5.623,5.691,5.682,5.43,5.762,5.734,5.732,5.794,5.669,5.8,5.576,5.656,5.591,5.385,5.618,5.593,5.456
27,H8,7.13,7.088,7.355,7.499,7.795,7.454,7.427,7.405,8.257,7.268,7.719,7.833,7.415,7.167,7.717,7.606,8.528,7.446,7.883,7.655
27,HO2',3.295,3.629,3.298,3.071,3.26,4.602,3.783,3.78,3.262,4.488,3.363,3.013,2.874,2.889,3.518,3.54,3.113,3.534,2.976,3.198
27,N1,216.722,215.519,211.774,209.841,213.796,213.516,211.673,211.277,211.347,214.321,214.362,213.33,213.234,211.625,212.263,211.917,208.702,211.994,210.403,208.756
27,N3,221.312,215.26,214.029,216.371,214.011,217.827,216.128,213.459,217.252,213.954,215.284,218.773,216.291,214.581,219.882,216.411,214.236,222.455,213.581,215.881
27,N6,80.573,81.27,83.721,81.579,84.129,80.969,87.822,84.332,84.719,81.764,80.605,85.5,87.485,88.491,80.203,80.89,79.53,77.177,86.005,87.527
27,N7,228.393,224.402,225.691,223.152,227.483,224.032,227.787,225.883,225.163,230.804,224.705,225.607,227.165,227.64,220.458,224.371,222.327,222.28,223.485,227.939
27,N9,173.165,173.521,173.094,171.462,174.49,175.406,173.6,174.259,174.821,173.661,172.092,174.475,172.354,167.983,172.447,172.648,175.423,170.545,171.86,173.083
27,P,-17.277,-15.384,-17.445,-19.584,-17.397,-19.418,-18.863,-19.23,-18.367,-17.249,-18.455,-17.527,-18.419,-17.537,-17.328,-15.466,-23.396,-20.921,-15.846,-20.344
28,C1',95.008,94.977,95.991,95.273,97.598,95.943,94.442,95.836,94.669,97.575,94.828,95.991,97.442,94.532,95.528,95.726,95.513,96.859,97.949,97.845
28,C2,141.68,141.38,141.258,140.403,141.793,142.068,141.271,142.161,141.348,142.53,141.142,141.706,141.772,140.655,141.848,140.616,141.534,141.646,141.886,142.181
28,C2',75.108,76.059,75.09,75.989,76.812,75.649,74.783,75.162,74.524,77.418,74.434,75.988,76.536,75.777,74.829,76.127,76.791,75.576,76.458,76.435
28,C3',72.391,72.673,73.707,74.694,73.193,73.634,74.267,73.746,73.134,74.32,73.934,73.937,74.096,73.778,75.006,72.248,74.891,72.425,72.9,75.857
28,C4,144.558,144.954,144.828,145.606,146.845,145.68,145.465,146.341,144.793,145.853,146.148,145.316,145.851,144.182,145.903,145.097,146.054,144.104,145.284,146.046
28,C4',78.278,76.546,79.702,77.724,78.129,79.056,76.487,77.9,77.076,78.553,77.872,77.892,78.66,78.107,77.508,77.069,79.824,78.661,78.085,79.344
28,C5,115.691,115.22,114.377,115.463,114.402,115.406,114.663,114.231,113.827,113.307,115.127,115.731,114.719,112.95,115.5,114.731,113.364,113.511,113.083,112.399
28,C5',62.375,64.029,63.914,63.088,63.599,63.177,62.285,63.12,62.321,65.838,63.412,63.985,64.094,63.087,63.375,63.444,63.701,64.797,64.066,70.27
28,C6,149.864,150.69,150.188,151.413,151.175,150.925,150.658,149.567,149.21,149.882,150.59,150.335,150.559,150.058,150.061,150.742,150.511,150.6,150.139,151.348
28,C8,126.777,127.425,126.942,128.251,127.205,126.247,125.958,126.71,126.603,126.441,127.507,127.406,126.092,126.765,127.733,127.257,126.498,125.468,126.368,125.227
28,H1,12.066,12.424,12.62,11.174,12.167,12.421,12.133,11.739,12.481,11.476,11.92,11.933,12.119,12.285,12.008,11.565,12.798,12.437,11.844,12.749
28,H1',6.437,6.488,6.369,6.369,6.52,6.289,6.327,6.384,6.392,6.506,6.46,6.336,6.465,5.854,6.446,6.427,6.268,6.41,6.392,5.94
28,H2',5.581,4.98,5.372,5.409,4.936,5.094,5.114,5.502,5.437,5.077,5.592,5.413,4.887,5.359,5.091,5.125,4.991,5.25,5.12,4.162
28,H21,8.988,9.322,9.262,8.093,9.044,8.378,8.506,8.101,9.047,8.095,9.232,9.36,9.204,9.446,8.837,9.374,9.375,9.712,8.626,8.904
28,H22,5.241,5.184,4.887,5.32,5.077,5.133,5.342,5.067,5.319,5.473,5.296,5.081,5.255,5.167,5.107,5.249,5.078,5.278,5.285,5.056
28,H3',4.561,4.613,4.521,4.513,4.737,4.544,4.477,4.617,4.633,4.584,4.698,4.779,4.647,4.428,4.746,4.726,4.668,4.329,4.662,3.819
28,H4',4.731,4.544,4.673,4.544,4.468,4.664,4.409,4.77,4.418,4.551,4.797,4.787,4.636,4.594,4.584,4.61,4.845,4.622,4.554,4.357
28,H5',4.668,4.724,4.63,4.343,4.766,4.617,4.708,4.548,4.802,4.458,4.604,4.287,4.301,4.232,4.78,4.667,4.502,4.393,4.44,4.46
28,H5'',3.977,3.999,4.051,4.191,4.042,4.241,4.138,4.146,4.059,4.211,4.137,4.349,4.268,4.049,4.178,4.174,4.192,4.056,4.169,4.117
28,H8,6.656,7.128,7.03,6.799,7.226,7.147,7.131,7.2,6.88,6.91,7.075,7.263,6.889,6.216,7.119,6.893,7.119,6.413,6.826,6.41
28,HO2',3.172,3.426,3.857,3.453,3.51,3.052,2.651,2.959,2.773,3.338,3.085,3.165,3.434,2.782,2.753,3.641,3.251,4.242,3.438,5.054
28,N1,137.382,136.893,140.383,135.443,138.84,137.505,136.348,139.171,137.582,139.082,138.879,136.755,140.411,137.646,139.895,136.104,136.92,136.52,137.491,138.86
28,N2,73.723,74.755,75.937,72.68,71.265,71.455,74.321,75.37,76.398,78.351,75.376,72.002,76.661,78.264,74.914,73.188,72.657,78.148,79.638,71.157
28,N3,165.231,162.505,167.543,160.842,162.765,163.118,165.041,161.703,167.532,164.934,168.32,162.417,163.805,165.56,164.947,162.978,161.758,165.443,165.998,163.228
28,N7,232.426,230.11,228.866,233.108,232.007,231.975,235.633,232.317,230.252,228.42,229.758,231.974,234.751,233.335,229.967,231.164,230.928,231.572,231.272,232.585
28,N9,165.373,167.894,167.05,167.775,167.761,168.319,168.619,166.791,164.879,166.87,165.685,165.091,167.943,163.341,167.719,167.819,168.022,164.976,166.7,166.424
28,P,-18.607,-19.66,-18.176,-16.747,-18.526,-17.838,-18.847,-18.696,-19.378,-16.481,-17.576,-17.514,-16.427,-17.023,-17.431,-16.999,-16.909,-17.736,-17.497,-18.763
29,C1',99.696,96.21,98.598,95.983,98.471,100.738,99.269,97.78,98.001,99.004,96.98,98.222,98.631,98.984,95.992,96.951,95.574,99.619,99.78,97.332
29,C2,148.059,147.511,149.365,149.097,149.622,149.081,147.771,148.983,147.9,149.158,147.908,147.949,148.008,148.474,149.036,149.049,149.121,149.15,148.665,149.902
29,C2',78.396,76.218,76.199,75.595,75.682,74.661,75.599,76.851,77.998,75.924,74.209,80.351,78.819,76.321,76.209,77.99,77.523,77.113,76.169,75.775
29,C3',75.326,74.409,73.216,73.591,75.573,72.94,72.446,75.405,74.51,74.104,73.622,73.222,76.477,74.011,73.94,75.244,72.26,73.441,73.032,75.638
29,C4,149.932,149.275,149.056,148.896,148.328,148.715,149.424,148.965,148.204,149.045,149.191,148.681,146.543,148.564,148.739,149.256,148.455,149.29,148.843,148.545
29,C4',78.145,78.888,78.858,75.615,78.123,79.449,78.109,77.62,79.082,79.245,76.59,78.961,79.414,78.76,79.415,78.191,79.822,79.158,78.202,76.545
29,C5,90.339,90.005,91.936,89.893,91.252,91.199,93.133,92.638,91.437,90.596,91.283,92.169,93.52,91.772,92.243,91.865,92.366,91.132,90.868,91.848
29,C5',61.444,62.097,62.428,61.73,61.735,62.038,61.109,62.77,62.682,63.211,62.071,64.088,63.963,64.437,64.042,63.095,63.336,63.541,63.414,62.853
29,C6,136.121,137.419,137.878,136.683,137.672,135.125,135.413,136.501,136.256,136.674,136.899,134.676,134.174,135.762,135.037,136.231,136.248,134.713,136.14,137.623
29,H1',6.069,6.076,6.249,6.004,6.121,6.27,6.386,6.232,6.255,6.357,6.467,6.459,6.022,6.529,6.503,6.275,6.771,6.184,6.446,6.042
29,H2',4.415,5.445,4.783,5.162,4.952,5.077,4.505,4.83,4.678,4.592,5.04,3.919,4.428,4.196,5.218,4.755,4.561,4.477,4.343,4.799
29,H3',4.356,4.427,4.618,4.515,4.626,4.445,4.558,4.557,4.489,4.432,4.486,4.564,4.632,4.298,4.121,4.547,4.691,4.337,4.407,4.555
29,H4',4.44,4.799,4.474,4.761,4.73,4.387,4.603,4.753,4.672,4.599,4.703,4.539,4.657,4.362,4.666,4.776,4.816,4.537,4.363,4.655
29,H41,8.46,9.132,9.651,8.66,8.38,9.544,9.68,9.492,8.922,9.461,9.567,8.532,7.792,7.381,9.348,9.014,9.746,9.334,8.336,9.475
29,H42,5.122,4.826,5.029,4.954,4.733,4.887,5.297,4.892,4.98,5.111,5.155,3.929,4.942,5.173,5.251,5.058,4.528,5.054,5.272,4.8
29,H5,5.437,4.841,5.036,4.968,4.793,4.69,5.164,5.1,5.205,5.271,5.273,5.148,5.176,5.18,4.833,5.13,4.869,5.172,5.228,5.17
29,H5',4.755,4.846,4.695,4.778,4.877,4.711,4.551,4.854,4.629,4.855,4.49,4.568,4.629,4.145,4.695,4.839,4.707,4.262,4.917,4.419
29,H5'',4.213,4.046,4.117,3.992,4.001,4.058,4.06,4.149,4.21,4.112,4.133,4.218,4.153,4.365,4.299,4.161,4.093,4.3,4.217,4.276
29,H6,6.69,7.712,7.825,7.415,7.817,7.203,7.215,7.596,7.29,7.365,7.498,7.307,7.749,7.121,6.953,7.331,7.981,7.152,7.223,7.596
29,HO2',3.629,3.244,3.466,2.887,2.92,4.151,3.396,5.034,3.661,4.954,3.019,3.312,2.356,6.271,4.447,2.844,3.239,4.469,5.384,2.908
29,N1,153.013,150.02,154.438,150.338,154.176,152.889,153.075,155.71,153.139,157.384,153.044,156.926,151.637,156.429,152.07,153.513,156.1,155.296,156.247,152.764
29,N3,199.08,198.303,197.073,195.17,193.355,192.744,198.647,193.255,198.503,199.01,198.174,198.857,195.451,200.482,188.357,191.297,196.565,196.688,195.805,194.586
29,N4,91.756,87.2,90.701,87.775,90.73,91.207,86.154,88.055,89.187,85.517,87.662,93.499,100.435,84.574,96.963,89.189,91.638,86.307,86.55,89.683
29,P,-18.625,-17.74,-18.092,-17.493,-19.976,-19.997,-18.977,-18.561,-19.192,-16.364,-17.681,-18.529,-18.639,-15.82,-18.91,-17.842,-19.641,-17.886,-16.641,-17.09
30,C1',92.501,95.55,89.067,106.32,97.166,99.953,97.117,93.922,98.707,96.578,95.076,96.448,95.691,95.51,92.756,97.363,93.743,96.456,97.921,93.553
30,C2,150.083,148.522,149.858,148.81,149.201,149.524,149.227,148.991,149.236,149.231,148.188,148.679,147.871,149.555,149.43,149.22,149.889,148.896,149.516,149.123
30,C2',78.213,79.283,74.028,71.47,77.412,77.958,75.376,78.821,76.345,77.501,76.794,74.508,76.932,77.472,78.948,75.552,81.295,79.003,77.817,79.561
30,C3',76.951,73.707,75.118,72.217,74.069,74.608,74.359,71.409,72.386,75.466,73.147,74.322,72.736,75.732,72.914,72.65,69.974,70.863,74.515,74.462
30,C4,149.616,148.264,146.662,149.079,149.608,149.634,146.857,149.356,147.519,148.516,147.247,148.787,149.394,148.643,149.71,148.126,148.605,147.379,148.952,149.168
30,C4',83.426,78.393,85.825,78.86,79.555,79.492,76.312,78.021,78.922,77.495,77.064,76.202,76.402,77.635,75.827,76.357,80.828,80.09,78.267,77.763
30,C5,91.807,89.363,92.98,94.885,92.703,91.791,95.846,93.197,92.92,93.956,91.981,89.338,90.553,93.606,89.861,91.389,91.636,92.715,93.428,91.22
30,C5',65.498,62.973,66.057,64.201,62.449,64.207,62.594,61.505,64.621,63.604,63.166,63.591,64.87,63.655,63.511,64.434,63.36,61.751,62.717,64.104
30,C6,137.457,138.961,136.505,141.766,136.901,135.146,137.262,135.617,135.935,136.601,135.986,139.375,137.584,138.414,141.622,139.402,138.427,137,137.438,138.042
30,H1',7,6.511,6.787,5.669,6.852,6.502,6.193,6.378,6.639,6.551,6.568,6.335,6.802,6.908,6.244,6.553,6.387,6.485,6.456,6.941
30,H2',4.429,4.656,4.187,4.874,4.597,4.369,5.226,4.677,4.68,4.313,4.588,5.465,5.003,4.572,4.483,5.206,3.832,4.728,4.721,4.653
30,H3',4.638,4.272,4.923,5.471,5.036,4.277,4.39,4.288,4.744,4.726,4.448,4.535,4.561,4.742,4.387,4.277,4.507,4.359,4.065,4.521
30,H4',4.973,4.78,4.577,4.169,4.352,4.378,4.71,4.778,4.541,4.396,4.267,4.746,4.684,4.578,4.536,4.696,4.828,4.628,4.461,4.81
30,H41,7.823,5.416,8.07,4.62,9.316,9.29,7.78,5.773,8.25,9.634,4.708,5.21,4.967,9.071,6.983,5.594,5.008,8.08,9.674,8.868
30,H42,9.181,4.842,5.343,5.586,4.832,4.862,4.949,9.455,4.783,4.773,7.847,6.504,6.243,4.594,5.471,8.306,5.633,5.075,5.229,4.827
30,H5,5.819,5.527,5.58,5.192,5.345,5.486,5.408,6.357,5.453,5.532,5.456,5.209,5.235,5.499,6.369,5.972,5.367,5.377,5.413,5.531
30,H5',4.418,3.869,4.262,4.091,4.054,4.401,4.461,4.376,4.418,4.575,4.236,4.513,4.44,4.281,4.719,4.516,4.017,4.663,4.576,4.201
30,H5'',4.402,5.448,4.455,4.161,4.271,4.301,4.115,5.412,4.269,4.305,4.071,4.317,4.301,4.415,4.77,4.264,4.655,5.202,4.331,4.39
30,H6,7.438,7.385,7.579,7.88,7.732,7.512,7.634,8.016,7.856,8.126,7.284,7.907,7.786,7.957,8.09,8,7.222,8.24,7.629,8.122
30,HO2',5.587,4.655,7.507,3.534,4.857,5.068,3.034,3.452,3.172,3.174,3.763,3.168,3.387,3.343,2.917,3.329,2.431,3.756,4.524,3.626
30,N1,147.743,158.907,151.398,152.753,158.294,156.175,151.454,152.207,153.812,155.313,154.214,154.528,155.808,156.486,163.096,155.455,160.572,153.559,155.995,156.795
30,N3,200.966,205.665,196.149,203.514,194.683,194.481,196.454,200.242,192.201,196.944,203.336,207.736,205.974,193.131,200.941,200.475,198.616,196.73,193.695,195.662
30,N4,98.428,79.322,91.776,92.81,84.852,89.936,93.006,89.106,93.723,92.512,94.161,87.419,89.104,91.951,75.749,94.292,71.791,90.176,86.311,88.101
30,P,-21.408,-21.362,-22.308,-20.718,-19.025,-18.514,-18.498,-24.661,-18.179,-20.683,-20.243,-15.307,-19.533,-18.152,-17.328,-19.155,-18.638,-19.317,-17.81,-19.164
31,C1',98.565,92.859,98.257,98.02,103.168,98.723,92.928,94.699,91.067,94.605,93.333,99.864,98.021,91.937,99.696,92.155,97.529,96.813,97.263,91.212
31,C2,146.529,146.976,145.307,145.912,146.643,146.336,144.889,145.225,145.273,147.523,144.834,145.733,145.265,147.064,147.012,146.812,146.504,145.499,145.511,146.165
31,C2',77.694,80.435,77.843,75.184,70.932,78.179,77.382,78.572,76.679,80.026,76.876,75.093,75.572,80.098,75.101,73.13,76.717,76.866,77.088,78.557
31,C3',74.055,76.315,74.544,74.803,73.418,72.709,73.675,78.071,71.89,81.166,78.411,72.504,72.693,83.044,70.143,78.501,75.772,76.85,79.901,81.823
31,C4,154.671,154.79,155.254,154.445,155.387,154.3,154.527,154.346,154.733,154.847,155.222,154.894,154.569,154.826,153.856,155.933,153.674,154.38,154.828,154.348
31,C4',79.425,86.66,89.769,78.231,76.149,77.269,76.752,85.212,75.989,81.668,75.64,78.055,79.442,79.888,84,80.164,77.212,76.936,75.78,80.715
31,C5,103.392,102.016,106.57,102.115,100.423,101.281,106.087,101.599,104.606,102.188,103.651,102.366,103.485,102.556,107.522,105.295,106.059,102.38,100.795,101.528
31,C5',66.906,67.931,68.627,61.239,62.495,64.597,63.478,69.089,64.227,67.701,65.801,61.131,61.205,66.631,67.495,70.154,69.531,66.936,67.417,65.963
31,C6,137.459,137.341,136.474,138.152,145.18,137.951,134.193,138.315,136.77,138.078,138.295,136.493,136.582,138.378,138.499,136.7,139.357,137.095,137.617,139.089
31,H1',6.601,6.28,6.342,6.354,5.444,6.395,7.246,7.37,5.401,6.583,6.262,6.022,6.225,6.349,6.662,7.271,7.001,6.11,5.778,6.248
31,H2',4.9,3.267,3.087,4.182,3.321,4.39,4.015,4.801,4.038,4.256,5.536,4.183,3.534,4.377,5.114,4.861,5.212,3.424,4.29,4.37
31,H3,7.76,7.644,7.533,7.516,7.566,7.633,7.871,7.404,9.54,7.79,9.914,7.411,7.767,7.806,8.935,11.562,9.511,7.602,7.53,7.715
31,H3',4.456,4.158,4.85,4.386,4.524,4.615,4.55,5.167,4.608,4.661,4.32,4.082,4.412,4.47,5.207,5.016,3.738,3.934,4.071,4.53
31,H4',4.367,4.62,4.656,4.93,4.255,4.871,4.888,5.246,4.493,4.725,4.699,4.109,4.246,4.59,4.233,5.107,4.482,4.247,4.261,4.419
31,H5,5.973,6.118,5.967,6.06,6.009,5.589,5.369,5.863,5.717,5.871,5.865,5.818,5.967,5.999,5.409,5.662,5.792,5.895,5.862,6.093
31,H5',4.821,4.149,4.075,4.662,4.47,4.492,4.325,4.233,4.445,3.6,4.382,4.429,5.344,3.73,3.723,4.047,4.361,4.023,3.987,4.223
31,H5'',4.317,4.037,4.171,4.332,4.066,4.24,3.992,4.174,3.942,3.746,3.962,4.227,4.268,3.478,4.509,4.39,3.703,4.167,4.17,3.687
31,H6,8.54,7.941,7.989,7.838,8.02,8.032,7.921,8.048,7.976,7.855,7.508,7.818,7.821,8.008,8.254,8.044,7.65,7.781,7.652,8.242
31,HO2',4.028,2.354,3.647,4.279,2.844,3.014,3.832,6.963,3.374,3.13,3.194,3.543,4.081,2.492,3.876,7.903,4.04,3.673,3.468,2.717
31,N1,159.439,155.164,157.561,159.594,159.42,163.175,157.258,157.232,156.016,159.641,159.267,158.841,159.419,158.22,163.581,156.801,163.733,158.216,157.289,156.475
31,N3,160.716,160.549,159.703,162.588,170.113,159.038,161.294,160.338,164.232,162.805,160.844,160.326,162.326,159.84,161.745,165.018,159.053,164.076,161.522,160.576
31,P,-20.455,-22.008,-22.231,-19.154,-23.033,-16.615,-19.126,-18.81,-18.851,-17.267,-21.572,-21.771,-21.245,-19.032,-24.377,-18.424,-23.576,-19.069,-20.125,-16.749
32,C1',98.232,94.223,88.656,94.334,91.44,97.256,94.327,95.891,94.906,90.5,94.015,93.515,95.684,91.394,95.473,95.999,97.669,92.345,89.654,92.993
32,C2,140.746,139.984,140.108,140.507,140.802,141.525,141.399,140.179,141.721,140.646,142.055,140.879,141.377,141.378,140.323,140.206,139.114,141.781,141.483,142.958
32,C2',74.573,74.587,73.497,76.879,78.823,75.531,72.478,75.306,72.764,79.758,74.006,77.615,73.598,78.075,73.704,76.124,74.937,79.394,74.577,78.799
32,C3',74.99,75.338,78.342,73.687,76.357,73.192,73.047,72.442,70.062,75.032,74.093,74.779,75.503,74.551,73.02,79.125,72.831,75.044,77.445,76.156
32,C4,145.415,145.11,146.845,148.368,145.043,146.991,148.293,145.028,148.564,146.44,148.641,146.937,147.209,145.326,145.112,146.04,144.399,145.864,150.374,148.498
32,C4',80.71,83.059,84.249,80.121,77.507,80.628,86.42,79.18,86.831,76.628,87.666,80.366,79.963,78.099,76.551,75.009,79.945,80.479,80.991,79.472
32,C5,115.768,115.007,115.894,114.156,113.091,115.008,116.416,115.985,117.715,112.547,116.396,114.769,115.929,113.722,115.868,113.25,115.571,113.133,114.616,113.697
32,C5',67.98,65.487,65.896,63.858,63.939,64.533,65.723,64.946,66.141,62.175,65.788,67.534,65.072,62.531,63.168,70.155,62.51,61.173,64.691,63.709
32,C6,148.503,150.314,149.616,148.959,147.812,148.877,149.053,147.996,149.136,147.939,149.242,149.867,148.862,148.837,148.56,147.459,147.753,148.664,150.141,148.52
32,C8,128.881,133.586,134.202,133.119,134.463,134.297,133.229,129.669,133.627,132.54,133.538,132.752,135.337,132.604,128.455,129.486,131.031,134.105,126.68,130.343
32,H1,6.812,7.46,7.164,7.037,6.881,7.42,7.516,6.625,7.622,7.145,7.505,7.432,7.248,7.214,6.665,7.008,6.753,7.347,7.46,7.1
32,H1',6.241,5.93,5.257,5.355,6.409,6.278,5.912,6.423,6.227,6.249,6.21,5.837,5.855,6.514,6.353,5.991,6.365,6.63,5.945,6.239
32,H2',5.324,4.379,4.721,4.663,4.714,5.222,4.506,5.634,5.412,4.434,4.937,4.356,5.114,4.786,5.535,5.464,5.579,4.919,4.39,4.993
32,H21,4.854,4.87,5.202,7.966,4.881,5.263,5.138,4.912,4.993,5.138,4.89,5.46,5.062,5.057,4.897,4.859,4.841,5.238,5.154,4.875
32,H22,5.23,5.273,5.261,4.565,5.433,6.212,6.744,5.317,6.952,5.355,6.713,5.481,7.357,5.476,5.27,5.233,5.212,5.573,7.521,5.178
32,H3',4.389,4.896,4.519,4.29,4.982,5.072,4.609,5.18,4.9,4.728,5.003,4.834,4.463,4.941,5.208,4.425,4.965,4.898,4.525,4.881
32,H4',4.76,4.59,4.466,3.858,5.034,4.592,4.604,4.895,4.633,3.554,4.765,5.043,3.26,3.225,4.814,4.798,4.497,3.449,3.587,3.605
32,H5',4.213,3.784,3.952,4.38,3.404,4.282,4.195,4.679,4.077,4.689,4.335,4.217,4.725,3.997,4.394,4.538,4.436,2.943,4.115,4.045
32,H5'',4.559,3.829,3.905,4.31,4.504,3.989,4.277,4.354,4.725,4.778,4.597,4.371,3.993,4.233,3.946,4.266,3.938,4.409,3.968,4.54
32,H8,7.462,7.504,8.161,7.78,7.508,7.953,7.951,7.97,8.069,7.594,8.01,7.071,8.021,7.569,7.681,7.52,7.829,7.509,7.858,7.626
32,HO2',2.829,4.725,5.379,2.626,3.636,2.476,4.207,3.181,4.186,2.973,2.574,7.016,3.271,3.489,2.999,3.142,2.585,3.302,3.365,3.237
32,N1,135.771,133.172,136.033,138.172,136.228,137.732,135.219,136.564,136.457,136.467,138.91,136.659,138.37,137.622,135.671,132.494,135.208,139.144,134.621,137.049
32,N2,63.627,59.617,58.042,69.915,65.155,67.979,67.174,65.981,68.921,63.032,70.838,59.492,71.619,60.457,66.296,66.793,69.367,62.79,65.58,69.279
32,N3,162.343,158.354,164.719,165.529,160.139,162.955,168.381,162.83,166.314,158.848,164.036,156.698,167.4,159.482,165.014,164.558,163.113,157.159,166.293,163.609
32,N7,230.348,236.692,241.411,229.479,232.811,231.597,230.674,235.539,229.112,235.746,233.969,237.084,231.121,234.062,233.513,237.391,226.919,230.823,240.847,230.947
32,N9,169.385,176.733,166.313,169.212,174.815,173.954,169.845,171.182,174.491,178.792,167.728,167.11,167.244,176.797,168.127,165.255,167.581,175.691,167.925,178.531
32,P,-20.142,-21.875,-16.785,-22.163,-20.363,-19.33,-19.042,-16.544,-18.942,-16.848,-19.268,-20.686,-18.255,-20.11,-24.724,-18.39,-24.462,-20.355,-19.127,-19.63
33,C1',96.503,93.743,88.812,91.222,92.841,89.286,91.957,93.768,89.998,90.767,97.539,94.878,94.391,96.157,98.511,91.793,92.521,93.282,93.858,93.515
33,C2,139.647,140.89,141.497,141.311,143.119,141.697,140.463,139.511,141.087,140.737,140.454,142.535,143.417,139.139,139.74,140.548,140.818,140.412,139.544,140.128
33,C2',75.798,74.176,77.174,77.106,78.005,75.205,80.661,74.2,70.962,72.755,71.731,78.628,76.923,72.723,75.673,74.683,77.44,71.764,73.949,73.631
33,C3',70.844,72.782,71.437,80.22,76.534,77.324,81.875,72.785,73.694,74.08,73.962,73.38,75.216,76.517,72.341,71.524,72.617,73.024,74.338,75.763
33,C4,143.855,145.701,146.688,149.4,149.629,148.938,148.951,143.343,148.644,147.392,145.976,146.661,147.451,148.342,144.632,142.931,142.408,148.602,147.061,146.191
33,C4',80.334,79.229,84.248,82.121,83.109,83.439,85.103,76.21,85.708,77.535,79.21,82.739,77.715,80.876,79.074,76.834,79.42,78.653,80.153,78.843
33,C5,113.969,111.936,112.77,114.976,115.073,112.994,114.102,116.096,114.9,114.495,113.059,112.795,114.261,113.18,115.807,114.309,114.739,114.413,112.472,114.805
33,C5',64.817,64.496,67.788,66.26,62.882,70.058,66.069,61.888,66.119,61.191,61.938,65.049,63.886,64.276,63.599,64.092,64.792,62.925,65.48,63.194
33,C6,147.201,147.866,147.69,148.813,150.65,149.292,149.538,147.327,150.05,149.466,148.242,149.539,149.031,148.685,148.633,146.411,148.958,148.442,148.272,149.736
33,C8,128.194,129.738,130.944,127.719,130.14,132.413,130.522,127.477,131.891,128.055,133.579,132.464,131.128,130.328,128.697,126.331,128.876,129.842,131.727,130.165
33,H1,6.777,7.163,6.99,7.177,7.076,7.422,6.79,7.035,6.984,7.018,6.972,7.67,7.541,7.26,6.977,7.108,7.251,7.252,7.444,7.225
33,H1',6.125,6.522,6.112,5.966,5.881,6.233,5.861,6.182,6.158,6.143,5.886,6.735,6.587,5.823,6.515,5.799,6.412,5.532,5.939,5.933
33,H2',5.153,3.819,3.289,5.117,4.292,4.76,4.164,5.357,4.31,5.335,5.197,4.579,5.022,3.895,4.746,4.999,4.26,3.839,4.147,5.097
33,H21,4.921,4.969,5.038,4.894,4.268,5.099,3.762,5,4.037,4.152,5.122,5.36,4.539,4.419,4.407,5.231,5.191,4.29,4.831,4.502
33,H22,5.255,5.4,5.415,7.474,5.296,5.525,4.386,5.186,4.302,5.253,7.83,5.632,5.154,5.482,4.843,5.428,5.644,5.426,5.775,5.453
33,H3',5.181,4.606,2.345,4.373,4.531,5.103,4.774,4.745,2.852,4.49,4.326,4.929,4.929,4.471,5.092,4.946,4.984,4.864,5.03,4.517
33,H4',4.559,4.45,5.323,4.159,3.304,5.007,4.667,4.567,4.748,4.875,4.59,4.121,2.861,4.481,4.577,4.611,4.699,4.526,4.591,4.573
33,H5',4.476,4.138,4.623,3.482,3.516,4.054,4.293,4.568,3.933,4.392,4.589,3.887,3.201,4.052,4.55,4.213,4.474,4.02,3.937,4.044
33,H5'',3.822,4.218,3.427,3.935,4.761,4.42,4.014,4.173,3.61,4.165,3.717,4.844,4.439,3.654,4.039,4.156,4.14,3.909,4.063,3.747
33,H8,7.513,7.063,7.523,8.146,8.033,9.026,7.164,7.003,7.802,6.741,8.282,7.795,7.671,7.519,7.468,7.236,7.596,7.396,7.401,6.852
33,HO2',2.923,4.905,2.412,2.745,2.945,3.301,4.41,3.126,4.445,2.809,5.553,3.099,4.48,4.372,3.305,2.982,2.653,5.885,3.824,3.574
33,N1,131.964,133.034,137.305,139.631,140.297,137.799,135.116,135.979,135.759,134.923,138.087,135.513,147.203,136.552,132.381,133.67,139.15,132.543,133.044,138.181
33,N2,64.688,64.967,64.506,75.077,65.413,65.454,71.736,62.388,68.164,69.579,74.232,62.215,71.012,76.279,65.292,59.687,61.774,66.726,67.656,71.541
33,N3,162.836,157.421,159.72,166.428,174.413,159.199,156.616,161.057,163.934,165.245,161.577,159.347,168.867,167.148,161.157,159.763,161.282,166.877,164.692,165.473
33,N7,236.355,253.059,236.081,238.37,232.274,230.614,240.386,246.161,229.411,240.004,226.741,237.966,228.103,233.87,236.941,253.301,239.398,234.71,231.57,236.123
33,N9,169.541,175.555,165.433,172.321,170.394,171.031,171.466,164.706,169.166,173.449,170.668,178.037,181.031,178.802,168.487,165.306,171.462,178.459,177.78,176.637
33,P,-23.288,-19.358,-17.393,-19.539,-23.972,-19.085,-18.315,-20.888,-19.405,-20.341,-19.194,-19.007,-19.365,-19.659,-20.999,-16.387,-20.361,-19,-17.609,-17.675
34,C1',95.612,92.531,91.083,89.019,93.791,88.228,92.975,93.289,91.628,92.072,91.235,95.049,92.22,92.991,97.244,92.955,94.248,88.544,91.399,93.584
34,C2,141.862,139.825,142.377,138.653,142.263,141.651,142.087,139.345,142.067,142.065,142.318,140.96,141.291,141.946,141.633,140.189,139.978,141.418,141.318,142.628
34,C2',74.974,74.983,78.34,77.708,74.232,73.043,76.321,75.819,75.831,76.825,72.757,77.226,76.05,75.621,77.736,74.756,79.513,74.321,75.942,75.067
34,C3',71.892,75.036,75.644,72.804,73.268,78.475,72.705,73.22,73.465,74.989,73.188,85.517,77.348,71.058,70.185,73.816,77.215,73.649,75.425,74.885
34,C4,142.695,145.24,145.478,144.586,146.16,146.522,147.447,142.879,146.34,146.784,147.602,150.725,145.289,146.601,144.474,142.243,143.082,146.114,145.534,147.396
34,C4',80.608,79.993,81.05,76.504,79.107,84.27,79.432,78.452,80.488,77.258,78.026,83.615,81.332,80.911,78.399,77.113,82.28,78.118,79.951,78.505
34,C5,114.299,113.539,110.845,111.177,110.694,114.659,113.317,114.574,111.883,111.115,114.366,116.639,114.491,111.064,114.725,113.15,112.806,111.078,110.782,111.529
34,C5',63.915,63.775,64.757,63.583,64.277,68.3,62.916,63.754,63.854,62.89,62.464,65.932,61.827,63.584,63.985,63.389,66.396,62.695,63.966,62.825
34,C6,150.033,148.497,150.361,148.92,149.692,150.759,150.096,150.078,150.807,147.34,149.136,150.649,149.313,148.123,148.474,148.174,148.214,148.646,148.888,148.106
34,C8,127.557,130.488,130.982,130.267,130.938,128.893,128.304,127.185,130.113,128.849,127.644,131.783,134.497,127.75,127.421,127.8,131.379,127.633,129.167,127.918
34,H1,7.464,7.035,12.283,8.582,12.424,12.102,11.394,6.568,12.433,11.448,11.308,7.475,7.327,11.738,7.315,6.636,7.309,12.177,11.972,11.206
34,H1',6.001,6.136,6.754,6.176,6.754,6.937,7.107,5.471,6.436,6.531,7.226,6.856,5.875,7.111,6.619,5.4,6.609,6.855,7.036,6.703
34,H2',5.471,5.01,5.65,4.632,6.469,5.08,4.942,5.361,4.912,5.459,5.286,5.413,5.549,5.067,4.251,4.781,4.663,5.066,5.75,5.224
34,H21,5.074,4.528,8.747,7.143,8.229,9.032,8.078,5,7.874,8.758,7.685,4.706,4.807,8.587,4.242,5.061,5.126,5.066,9.401,5.377
34,H22,5.063,4.936,5.482,5.174,5.305,4.988,5.083,4.976,5.33,5.066,5.153,7.883,7.828,5.24,4.453,5.37,5.248,8.322,5.397,8.292
34,H3',5.911,5.122,4.874,4.469,5.757,4.775,5.487,4.178,5.446,5.033,4.894,4.739,4.871,5.348,5.003,4.561,4.917,4.866,5.441,4.95
34,H4',4.326,4.245,4.796,3.537,4.481,4.724,4.653,3.926,4.593,4.758,4.412,5.536,4.54,4.593,4.673,4.398,4.696,4.43,4.72,4.737
34,H5',4.813,4.194,4.016,2.854,4.035,3.739,4.23,4.104,4.306,4.224,4.236,4.112,3.936,4.12,4.71,4.119,3.989,4.212,4.173,4.217
34,H5'',3.894,3.903,3.886,4.21,4.183,4.104,4.106,3.919,4.111,4.325,4.052,3.944,4.628,4.068,4.045,4.105,4.192,4.048,4.004,4.283
34,H8,7.082,7.472,7.61,7.585,7.595,7.818,7.608,7.115,7.584,7.555,7.895,8.21,7.824,7.438,7.245,6.995,7.656,7.431,7.802,7.614
34,HO2',2.12,1.568,5.659,3.639,2.94,2.94,3.147,4.022,1.826,3.24,2.544,5.083,2.144,2.919,3.319,1.9,5.143,1.436,3.444,4.376
34,N1,137.566,136.137,136.674,136.474,134.954,137.3,141.199,132.777,141.173,136.395,144.041,137.073,138.721,135.771,132.358,135.892,135.841,137.404,135.556,137.163
34,N2,64.925,64.398,65.804,71.321,67.559,68.35,69.01,69.22,69.686,69.045,63.998,77.978,78.806,67.024,66.241,67.708,67.005,69.093,69.796,66.239
34,N3,159.672,160.049,163.075,165.191,165.715,162.38,162.868,164.513,167.45,161.542,168.49,160.167,155.862,165.396,162.578,160.894,159.706,164.627,164.632,164.115
34,N7,239.232,235.352,235.943,237.396,233.954,232.98,235.32,233.799,235.778,238.488,235.656,232.006,230.371,239.248,234.956,239.795,232.144,240.171,237.272,241.271
34,N9,167.345,174.732,177.405,175.329,178.497,166.397,177.836,171.034,177.27,173.533,172.982,177.268,177.446,174.484,171.129,170.652,175.254,173.687,174.432,174.109
34,P,-19.74,-20.279,-19.402,-19.202,-20.146,-21.215,-19.429,-18.86,-18.845,-18.119,-20.201,-20.948,-20.878,-17.842,-18.532,-16.271,-19.758,-18.311,-18.734,-19.731
35,C1',91.181,98.559,98.759,95.886,92.208,93.308,92.124,103.87,94.571,95.891,94.539,87.406,101.092,95.25,87.24,101.924,93.19,95.918,95.827,97.125
35,C2,150.382,147.335,148.416,149.421,150.071,149.989,150.677,148.228,148.146,149.673,147.083,150.401,148.403,146.183,149.943,147.519,150.309,150.654,148.743,147.512
35,C2',73.067,76.518,74.986,81.421,75.241,78.812,75.125,77.028,77.026,74.665,73.329,75.956,82.352,76.333,76.584,75.838,75.007,75.973,77.757,77.267
35,C3',76.799,74.453,81.706,74.489,74.394,74.885,74.271,79.179,71.787,72.858,70.886,72.865,83.2,77.472,74.565,72.769,73.17,73.365,73.142,72.882
35,C4,146.945,144.94,144.994,143.879,146.12,143.927,147.206,144.98,145.137,144.295,144.301,146.792,144.634,144.475,145.715,145.141,145.888,143.371,145.451,145.291
35,C4',84.842,84.283,80.129,82.253,87.795,80.314,83.327,91.714,77.839,77.682,77.926,84.79,85.48,80.523,85.346,86.266,77.837,82.891,78.942,80.077
35,C5,110.968,113.152,112.704,114.029,112.982,111.695,111.97,113.721,110.812,112.463,112.481,111.969,113.32,112.256,110.467,113.935,111.946,110.532,112.958,113.393
35,C5',68.793,66.148,67.495,67.893,66.261,64.578,69.272,67.878,66.434,62.565,63.44,67.164,68.612,66.686,67.09,68.948,64.17,64.573,62.745,63.656
35,C6,143.362,143.391,143.286,142.312,143.817,143.577,143.363,143.276,142.762,142.979,143.071,143.516,142.589,143.102,143.684,143.227,144.12,142.866,142.79,142.907
35,C8,137.279,139.454,135.48,136.844,136.652,133.227,132.532,138.497,138.478,136.322,136.538,133.638,137.157,138.772,138.461,137.681,136.635,137.982,137.631,137.043
35,H1',6.44,6.804,6.822,6.586,6.221,7.053,6.498,7.129,6.597,6.847,6.701,6.716,6.8,6.575,6.703,7.031,6.774,6.847,6.497,6.488
35,H2,8.658,8.669,8.553,7.702,8.574,8.574,8.607,8.549,8.479,8.535,8.512,8.686,8.539,8.611,8.725,8.764,8.672,8.496,8.529,8.432
35,H2',5.164,6.091,6.516,5.279,4.652,5.155,4.897,5.879,6.628,6.232,7.391,4.652,5.505,6.98,4.178,5.768,5.049,7.114,5.286,4.776
35,H3',4.864,5.314,4.335,5.813,5.015,5.334,5.136,5.088,5.235,4.079,4.749,4.948,4.993,4.727,4.776,5.355,4.436,4.871,6.318,5.146
35,H4',4.993,4.902,4.766,4.76,4.878,4.674,5.522,5.579,4.742,4.852,4.815,5.174,6.188,4.921,4.764,4.922,4.376,4.745,4.344,4.328
35,H5',4.247,4.303,3.477,5.299,4.496,4.474,4.235,4.381,4.298,4.757,4.513,4.23,4.435,4.752,4.281,4.377,4.477,4.158,4.759,4.632
35,H5'',4.216,4.685,4.384,4.297,5.131,4.102,4.309,4.249,4.747,4.397,4.118,4.615,4.654,4.305,4.649,4.375,4.471,3.909,4.603,4.56
35,H61,6.036,6.121,5.999,6.635,5.977,6.044,6.032,5.849,5.948,6.091,5.944,6.077,5.929,5.918,6.181,5.906,6.272,5.945,6.034,6.147
35,H62,5.85,5.813,5.851,7.016,5.967,5.937,5.844,5.536,5.8,5.923,5.788,5.888,5.744,5.832,5.876,5.605,5.94,5.633,5.845,5.933
35,H8,9.547,8.53,8.284,8.308,8.226,8.058,8.472,8.386,8.408,8.379,8.366,8.501,8.393,8.55,9.118,8.347,8.361,8.31,8.424,8.5
35,HO2',2.388,3.519,3.067,3.427,2.911,4.036,3.2,4.027,3.493,4.028,3.842,2.859,3.12,3.342,1.577,4.335,5.425,4.297,4.189,5.117
35,N1,217.192,220.868,218.769,218.3,217.556,215.692,215.684,216.698,220.843,214.956,217.885,218.004,215.522,222.37,220.618,220.253,219.339,217.871,217.791,217.732
35,N3,217.89,223.209,220.638,223.521,220.142,213.3,217.392,221.294,225.628,215.755,225.799,217.576,218.751,228.518,219.017,223.945,216.933,222.136,226.454,223.915
35,N6,78.984,73.637,76.441,89.046,77.916,77.681,79.328,77.912,74.807,78.544,76.03,80.411,76.155,76.419,80.788,76.645,78.485,78.168,77.385,76.391
35,N7,220.535,220.005,219.735,226.246,220.447,223.242,225.303,220.083,220.462,221.512,220.837,226.549,217.705,216.096,221.956,224.402,222.016,222.599,219.011,219.935
35,N9,172.701,174.905,178.628,181.152,171.535,184.25,178.49,177.964,182.107,178.245,177.892,172.966,179.786,174.931,174.234,176.218,175.445,180.022,179.119,179.056
35,P,-20.85,-20.122,-20.694,-24.05,-19.773,-21.893,-20.214,-20.529,-18.175,-14.284,-18.014,-21.373,-23.19,-19.318,-17.031,-21.255,-19.673,-18.527,-15.376,-15.816
36,C1',98.178,96.596,96.408,96.66,96.269,96.471,97.86,99.451,94.805,96.583,99.289,96.527,100.853,94.065,97.136,96.863,98.835,95.769,97.41,97.764
36,C2,141.248,142.308,141.128,140.926,141.102,141.418,141.699,140.416,141.299,141.535,141.615,141.032,141.689,140.736,141.509,141.985,142.357,141.479,141.35,141.907
36,C2',74.35,75.812,73.49,75.859,73.947,75.371,73.853,74.139,73.772,75.482,73.62,75.183,75.377,73.117,74.736,74.44,74.462,73.648,75.382,75.788
36,C3',74.06,72.002,72.011,73.356,73.34,71.965,75.912,73.365,72.939,80.325,75.481,73.482,74.6,73.699,73.176,73.707,81.645,73.687,72.574,80.603
36,C4,146.616,145.185,145.739,145.081,146.078,145.768,146.296,145.686,145.553,145.192,146.025,146.072,146.687,145.086,145.718,145.67,145.917,146.796,146.615,146.582
36,C4',81.922,78.029,80.169,78.715,78.712,77.022,81.617,80.612,75.744,77.859,79.134,79.171,82.51,78.087,79.464,79.485,77.562,78.424,78.444,76.381
36,C5,116.141,116.076,114.796,113.386,112.578,113.745,113.793,115.747,114.514,114.674,113.735,113.901,114.181,114.008,114.518,115.29,113.609,114.966,113.917,113.754
36,C5',63.579,60.845,61.912,63.773,58.723,59.834,60.836,64.588,59.924,65.824,63.872,62.606,65.059,62.241,62.678,63.872,65.942,64.073,62.341,66.501
36,C6,151.15,150.388,150.603,151.289,150.941,150.399,150.486,150.437,149.905,150.842,150.806,151.325,151.324,150.756,149.781,151.137,150.886,150.355,151.261,151.82
36,C8,130.481,126.223,128.711,129.658,129.236,125.994,129.272,128.585,127.213,127.777,129.304,130.264,129.729,128.073,128.462,127.313,127.137,126.851,126.718,126.982
36,H1,11.586,11.904,12.05,12.053,12.039,11.972,12.124,11.608,11.603,11.741,12.588,11.954,11.615,11.536,11.248,11.873,12.46,11.517,12.12,12.335
36,H1',6.45,5.875,6.145,6.596,6.447,6.521,6.515,6.674,6.248,5.933,6.633,6.658,6.427,6.602,6.34,5.951,6.371,6.552,6.433,6.027
36,H2',5.336,5.429,5.351,4.888,5.267,5.188,5.711,5.743,5.614,4.961,5.138,5.731,5.687,5.165,5.485,5.524,5.834,5.693,4.752,4.993
36,H21,7.883,8.662,8.32,8.814,9.451,7.222,8.274,7.71,6.808,6.928,8.454,8.723,8.287,8.702,7.903,9.199,8.408,7.789,8.505,8.616
36,H22,4.745,5.155,4.855,5.012,5.135,5.147,4.849,5.107,5.208,5.411,5.04,5.072,4.727,5.07,5.103,5.079,5.348,5.213,5.121,5.109
36,H3',5.004,4.519,4.688,4.827,5.015,4.461,4.437,5.186,4.292,4.137,4.339,4.618,5.219,4.929,4.783,4.814,4.629,4.66,4.438,4.476
36,H4',4.522,4.064,4.573,4.65,4.554,4.273,4.582,4.578,4.362,3.736,3.405,4.853,4.897,4.491,4.684,4.794,4.672,4.81,4.43,4.283
36,H5',4.534,4.151,4.792,4.321,4.995,5.228,4.615,4.284,4.708,3.814,3.789,4.396,4.312,4.654,4.274,4.417,4.194,5.35,5.938,3.981
36,H5'',4.01,3.77,3.767,4.252,4.12,3.923,3.982,4.228,4.478,4.02,4.174,3.999,4.167,3.914,4.134,4.111,4.668,4.457,4.103,4.802
36,H8,7.635,7.161,6.874,8.015,7.378,6.987,7.393,7.455,6.889,6.864,7.036,7.866,7.765,7.075,7.681,7.442,7.39,6.961,6.769,6.879
36,HO2',2.335,2.998,2.776,4.962,3.048,3.384,3.237,3.357,3.204,2.637,3.373,3.377,2.854,3.139,3.15,2.653,3.201,3.198,3.319,3.667
36,N1,139.171,136.242,138.098,142.403,138.412,139.319,137.958,140.777,140.721,139.277,141.232,139.04,140.687,136.997,138.332,139.692,141.854,138.984,138.02,137.831
36,N2,71.625,73.95,71.617,77.589,71.441,74.165,71.37,76.342,69.634,74.849,72.774,75.356,77.974,71.295,74.403,77.843,75.995,72.633,75.615,72.525
36,N3,165.419,165.782,164.824,159.864,164.685,169.534,170.462,163.767,163.26,164.512,164.135,165.93,168.853,163.913,162.123,169.001,164.518,169.103,166.784,165.046
36,N7,237.594,227.494,229.083,230.706,231.166,235.524,231.966,245.912,233.097,230.846,227.629,234.149,231.028,233.462,228.109,236.737,228.356,235.38,238.299,234.575
36,N9,169.543,165.52,168.576,170.915,166.428,169.344,168.281,167.418,166.345,169.894,167.049,167.228,167.827,166.794,171.738,166.544,168.193,168.585,168.796,168.618
36,P,-19.4,-19.559,-23.093,-20.125,-20.238,-21.668,-18.231,-22.248,-19.777,-21.801,-20.462,-19.588,-20.203,-20.757,-20.694,-19.31,-21.766,-19.286,-18.444,-21.297
37,C1',99.784,96.426,98.206,99.91,96.513,96.089,99.955,98.435,98.797,96.123,97.195,97.33,100.124,98.148,99.342,99.923,97.09,97.167,98.599,98.027
37,C2,149.706,147.974,148.124,150.242,148.937,148.523,149.227,148.096,148.313,148.91,148.049,147.42,148.888,148.605,148.927,150.051,148.369,146.962,149.592,148.869
37,C2',74.744,74.684,76.528,74.689,75.537,75.232,74.484,74.64,74.396,74.741,75.143,74.965,76.256,75.869,74.115,75.602,76.375,75.193,75.51,75.286
37,C3',73.008,74.075,72.451,74.747,73.628,73.778,73.597,73.141,73.669,73.907,72.622,74.025,74.17,71.878,73.651,72.397,74.172,73.722,72.486,71.805
37,C4,149.502,149.836,148.443,148.154,148.798,148.903,148.813,147.856,148.195,148.968,148.507,149.327,149.131,148.087,148.941,148.684,148.527,149.158,149.246,147.884
37,C4',78.353,75.877,80.063,78.863,76.944,76.071,79.491,77.833,78.132,76.818,78.024,77.125,79.651,79.969,77.378,75.665,79.693,78.771,78.365,78.986
37,C5,92.683,94.878,92.12,92.6,92.314,93.573,91.242,93.582,92.624,93.49,91.886,90.851,92.088,93.119,93.469,91.964,90.998,91.502,93.141,92.113
37,C5',62.359,61.31,63.606,63.147,63.406,62.143,62.423,62.316,63.03,63.237,62.43,62.958,63.23,64.454,62.414,62.272,63.759,63.739,62.627,63.706
37,C6,137.283,136.064,135.279,136.495,136.628,135.835,137.558,135.907,136.212,135.796,135.803,138.217,136.25,136.017,136.554,137.569,137.216,137.292,136.001,136.201
37,H1',6.253,6.424,6.359,6.154,6.139,6.442,6.125,6.132,6.251,6.069,6.245,6.375,6.144,6.482,6.325,6.373,6.174,6.181,6.377,6.527
37,H2',5.334,4.904,4.857,5.213,5.304,4.846,5.441,5.423,5.849,5.878,5.24,5.137,4.993,4.687,5.467,4.972,5.399,5.372,5.147,4.661
37,H3',4.644,4.354,4.732,4.574,4.617,4.808,4.656,4.658,4.509,4.454,4.798,4.699,4.652,4.787,4.545,4.717,4.551,4.625,4.598,4.602
37,H4',4.624,4.652,4.711,4.701,4.729,4.684,4.686,4.672,4.623,4.713,4.839,4.823,4.612,4.672,4.575,4.427,4.79,4.853,4.627,4.502
37,H41,9.389,9.022,9.517,8.827,8.707,9.353,9.055,9.081,9.006,9.533,7.988,8.27,8.205,8.844,9.306,8.395,8.977,8.907,8.848,9.333
37,H42,4.597,5.136,4.865,5.077,4.823,5.004,4.892,4.825,4.95,4.836,4.754,4.851,4.695,4.865,4.814,4.906,4.734,4.918,4.826,4.673
37,H5,4.81,5.211,4.968,5.315,4.932,5.2,4.788,4.87,4.848,5.157,4.951,5.216,4.912,4.848,5.189,4.908,4.932,4.963,5.089,5.006
37,H5',4.817,4.948,4.757,4.509,4.332,4.912,4.828,4.834,4.181,4.84,4.91,4.518,4.79,4.247,4.876,5.04,4.691,4.263,4.864,4.919
37,H5'',4.08,4.11,3.944,4.297,4.236,4.099,4.071,4.133,4.305,4.221,4.105,4.077,4.12,4.175,4.137,4.048,4.083,4.104,4.126,4.085
37,H6,7.345,7.16,7.703,7.908,7.722,7.701,7.901,7.581,7.58,7.667,7.858,8.053,7.771,7.879,7.554,7.665,7.924,7.395,7.612,7.599
37,HO2',3.265,2.621,3.74,3.165,3.024,2.913,3.967,3.059,4.146,3.184,2.999,3.018,2.996,4.398,4.202,3.409,3.01,2.991,3.66,4.244
37,N1,152.035,151.95,152.963,154.207,151.84,153.012,151.583,151.131,148.719,151.084,154.182,150.793,152.07,154.573,152.811,154.978,150.686,149.144,155.605,157.124
37,N3,192.375,194.747,192.464,194.964,197.019,193.191,192.257,196.624,193.768,194.327,199.108,197.906,199.263,190.65,193.59,190.916,196.255,194.144,192.357,193.148
37,N4,89.223,90.389,92.937,92.223,91.818,93.453,89.548,93.179,92.107,91.002,86.875,87.971,90.91,92.239,92.964,90.758,88.135,87.04,91.04,91.934
37,P,-20.509,-19.48,-20.212,-16.036,-17.831,-17.809,-18.547,-18.127,-17.262,-18.372,-19.536,-19.423,-19.162,-18.372,-18.196,-18.972,-20.004,-16.952,-17.916,-19.762
38,C1',101.78,98.804,96.635,97.873,99.069,97.188,97.866,94.173,96.684,95.152,97.331,97.542,96.141,96.287,98.421,98.99,98.956,97.499,97.597,96.015
38,C2,146.17,145.373,145.848,145.976,145.271,145.006,146.083,145.442,145.451,145.003,145.351,146.276,145.672,146.029,145.182,146.352,145.464,144.258,146.178,145.846
38,C2',76.476,76.299,75.693,74.257,74.844,75.325,74.636,77.699,75.795,76.241,76.049,76.432,76.734,76.789,75.256,74.486,77.256,77.458,78.259,76.716
38,C3',73.783,73.258,73.347,72.703,72.768,74.339,73.596,73.857,73.559,73.122,73.599,73.322,74.145,72.093,73.306,73.414,71.593,73.536,73.65,73.105
38,C4,156.398,155.842,156.349,156.022,156.629,156.438,156.275,155.82,154.775,155.674,156.544,156.285,156.182,154.392,155.895,156.452,156.797,157.388,156.236,155.401
38,C4',80.586,78.326,77.694,78.864,78.453,77.825,77.34,77.699,77.584,77.195,77.84,79.044,77.605,77.853,77.89,78.853,77.679,78.868,78.257,78.69
38,C5,101.946,103.97,102.585,102.791,103.972,103.88,102.867,104.462,101.771,104.782,102.675,104.41,102.761,105.143,102.211,103.831,102.614,101.987,103.878,103.594
38,C5',63.252,63.49,64.121,61.88,63.284,63.081,63.66,63.998,62.216,62.814,64.415,63.543,64.283,62.812,62.774,62.763,64.338,64.679,63.924,64.157
38,C6,137.084,136.284,137.483,137.659,136.501,136.865,137.605,137.305,138.677,135.614,137.014,137.148,138.942,136.331,136.353,137.475,136.87,136.96,135.446,137.446
38,H1',6.315,6.32,6.383,6.392,6.198,6.128,6.385,6.543,6.13,6.305,6.391,6.477,6.476,6.237,6.153,6.322,6.461,6.685,6.327,6.513
38,H2',4.408,4.622,4.977,5.421,4.787,5.488,5.009,4.83,5.763,5.281,5.314,4.873,4.744,5.247,4.696,5.502,5.009,4.892,5.294,5.193
38,H3,12.236,12.905,12.634,13.336,13.109,12.774,11.917,12.481,11.536,12.245,11.671,13.224,13.03,11.021,13.339,12.799,13.236,13.199,12.148,13.003
38,H3',4.565,4.347,4.717,4.827,4.457,4.526,4.696,4.84,4.504,4.38,4.654,4.539,4.779,4.601,4.572,4.531,4.625,4.697,4.328,4.698
38,H4',4.429,4.544,4.684,4.715,4.703,4.73,4.5,4.782,4.597,4.772,4.725,4.607,4.685,4.694,4.372,4.745,4.529,4.771,4.385,4.819
38,H5,5.597,5.636,5.535,5.464,5.292,5.355,5.473,5.709,5.273,5.376,5.435,5.384,5.495,5.347,5.602,5.36,5.382,5.547,5.597,5.565
38,H5',4.753,4.12,4.795,4.84,4.184,4.282,4.448,4.692,4.277,4.327,4.607,4.197,4.762,4.391,4.583,4.813,4.311,4.401,4.459,4.41
38,H5'',4.333,4.423,4.097,4.112,4.222,4.203,4.22,4.226,4.303,4.357,4.138,4.248,4.204,4.173,4.289,4.16,4.293,4.22,4.165,4.201
38,H6,7.753,7.748,8.374,7.977,7.554,8.071,7.934,8.014,8.188,8.083,8.057,7.662,7.971,8.295,8.151,8.095,7.966,8.054,7.867,8.311
38,HO2',4.969,3.998,3.108,3.331,3.442,3.104,3.98,2.961,3.238,3.275,3.105,2.962,2.918,3.133,3.149,3.315,3.296,3.407,3.962,3.086
38,N1,158.98,156.865,157.855,155.993,158.166,155.389,159.175,158.563,152.615,153.341,157.395,160.372,159.83,156.045,159.14,158.037,160.191,156.225,157.222,158.294
38,N3,163.633,164.193,163.924,167.202,164.529,167.294,161.893,165.8,167.965,162.524,164.729,164.362,164.851,161.395,165.742,164.568,164.596,165.567,163.227,165.539
38,P,-18.441,-19.041,-19.439,-17.274,-18.01,-17.458,-20.858,-19.4,-17.76,-17.449,-18.9,-18.875,-18.768,-18.126,-19.624,-18.431,-18.055,-17.31,-19.065,-17.593
39,C1',95.442,96.454,97.202,98.195,95.783,97.518,95.878,95.949,98.943,102.402,99.025,94.887,93.048,94.736,92.726,95.519,96.313,98.513,101.713,99.864
39,C2,148.467,149.487,148.337,148.987,148.616,148.805,148.56,148.618,147.31,146.859,147.765,148.808,149.256,146.261,150.025,147.803,147.889,147.437,146.664,148.139
39,C2',77.389,78.375,76.947,74.731,75.655,76.343,77.637,75.742,75.319,74.5,75.212,78.309,79.87,73.295,80.92,75.403,77.106,74.631,75.694,76.428
39,C3',75.402,76.476,74.512,74.617,72.837,74.744,73.521,74.007,74.296,75.432,73.509,74.709,72.002,72.965,81.471,73.055,75.732,72.715,75.776,72.446
39,C4,148.461,148.102,148.753,148.679,147.925,148.907,148.238,148.857,149.028,149.134,148.411,148.741,148.684,148.572,147.666,147.573,148.5,148.838,148.638,148.274
39,C4',79.515,78.538,79.586,78.512,78.296,79.117,79.264,76.924,78.471,80.341,76.782,79.094,79.974,77.941,84.211,77.522,78.489,79.613,81.437,78.642
39,C5,93.56,91.422,92.019,94.795,92.197,93.503,93.908,94.688,90.726,94.603,93.081,93.041,93.145,89.852,91.985,92.598,91.739,92.021,87.782,91.477
39,C5',64.824,63.534,63.634,62.748,64.238,62.6,63.431,64.327,62.304,63.395,62.243,64.413,64.073,63.077,64.822,64.063,62.93,63.591,70.171,63.933
39,C6,135.794,138.395,136.658,136.588,136.296,136.403,135.9,136.033,137.747,135.986,136.289,136.217,136.254,140.579,137.589,135.889,136.157,135.98,137.665,135.563
39,H1',6.381,6.543,6.532,6.421,6.481,6.35,6.541,6.322,6.011,6.08,6.404,6.704,7.022,6.851,6.848,6.158,6.306,6.14,6.177,6.415
39,H2',5.044,4.704,4.904,5.367,5.259,4.926,5.262,5.313,5.117,5.091,5.23,4.407,4.826,5.521,3.91,5.005,5.137,4.989,5.593,5.141
39,H3',4.333,4.612,4.39,4.434,4.486,4.43,4.413,4.456,4.633,4.459,4.394,4.488,4.637,4.353,4.731,4.446,4.34,4.511,3.951,4.433
39,H4',4.783,4.508,4.712,4.85,4.71,4.713,4.798,4.792,4.562,4.578,4.554,4.266,4.668,4.726,4.833,4.628,4.775,4.674,4.638,4.536
39,H41,8.826,8.767,9.401,8.415,9.731,9.585,9.223,9.518,5.37,9.357,9.202,9.947,8.845,7.656,8.073,8.487,9.44,9.633,5.166,8.389
39,H42,4.535,5.032,4.668,4.766,4.612,4.787,4.774,4.865,4.879,5.2,4.643,5.173,4.919,5.173,4.951,4.656,4.776,4.791,4.828,4.862
39,H5,5.463,5.515,5.279,5.487,5.488,5.364,5.482,5.639,5.662,5.475,5.422,5.696,5.497,5.541,5.498,5.521,5.477,5.336,5.565,5.311
39,H5',4.588,4.322,4.487,4.524,4.646,4.195,4.335,4.223,4.267,4.18,4.357,4.644,4.213,4.366,4.709,4.639,4.802,4.363,4.451,4.769
39,H5'',4.36,4.376,4.163,4.184,4.115,4.311,4.347,4.213,4.193,4.07,4.26,4.344,5.131,4.05,3.996,4.168,4.083,4.255,4.139,4.127
39,H6,7.601,7.649,7.955,7.546,7.933,7.578,7.987,7.842,7.921,7.471,7.534,7.608,7.597,7.878,7.997,7.833,7.79,7.548,7.553,7.727
39,HO2',3.234,2.346,2.768,2.928,2.991,3.012,3.423,3.04,3.379,3.678,3.58,3.242,3.175,3.055,3.877,2.974,3.026,3.579,2.861,3.831
39,N1,152.97,156.602,154.993,153.418,157.303,153.809,154.932,152.299,154.212,151.565,152.523,156.121,154.849,154.086,153.631,153.735,151.74,150.847,155.235,153.273
39,N3,195.914,197.388,194.589,197.856,195.948,191.954,192.312,197.05,203.342,209.441,200.195,199.997,198.457,202.815,193.685,197.155,194.111,196.011,204.88,194.853
39,N4,86.671,90.283,87.862,92.249,90.323,89.358,90.15,91.845,78.94,85.52,85.334,91.129,93.093,84.747,91.313,90.381,89.071,88.079,82.218,85.8
39,P,-14.95,-18.637,-16.564,-19.115,-18.883,-17.264,-17.388,-19.022,-17.597,-16.938,-16.907,-18.451,-18.605,-17.475,-18.661,-18.173,-17.323,-15.776,-16.245,-18.027
40,C1',97.152,92.815,97.658,99.27,97.276,98.883,100.313,98.484,99.046,96.087,96.168,96.907,99.06,96.783,97.758,90.902,98.652,96.337,96.778,96.912
40,C2,146.912,147.816,146.154,144.572,144.544,146.263,147.192,144.839,146.15,145.98,144.418,146.705,146.991,145.95,145.636,147.54,145.333,146.577,145.999,146.495
40,C2',80.018,78.56,79.352,76.085,79.2,80.806,79.155,76.216,77.379,77.249,78.566,77.262,76.223,76.268,77.173,81.635,78.086,78.155,78.867,77.937
40,C3',73.689,76.299,73.73,72.544,74.779,78.532,74.438,73.958,73.368,73.25,75.828,80.079,79.308,72.871,75.879,82.353,73.679,76.117,76.953,74.598
40,C4,155.572,154.777,154.491,155.394,154.656,155.238,155.563,156.092,156.557,155.866,155.081,157.82,157.302,155.661,156.006,155.299,156.01,157.073,155.88,155.295
40,C4',79.727,85.666,78.733,78.683,79.454,87.187,79.756,78.989,79.414,78.494,80.197,74.44,78.082,77.948,79.112,84.147,77.433,79.452,81.97,78.149
40,C5,104.9,101.723,103.261,105.074,105.124,103.451,102.611,104.951,102.349,103.414,102.436,102.833,101.256,103.109,102.557,107.638,103.472,101.577,102.412,103.653
40,C5',61.407,67.465,61.684,63.709,62.506,65.818,62.118,65.667,63.795,65.733,63.521,67.677,72.271,62.453,63.193,67.669,63.011,64.155,63.434,63.826
40,C6,136.253,139.142,137.364,137.042,136.098,136.334,137.139,136.083,138.03,139.514,136.975,137.75,138.313,138.578,139.259,135.847,139.124,137.737,138.793,136.555
40,H1',6.803,6.697,6.697,6.728,6.585,6.664,6.841,6.431,5.823,6.668,7.04,6.465,5.984,7.254,6.44,6.833,6.957,6.538,7.903,7.077
40,H2',4.562,4.323,4.602,5.159,4.879,4.537,4.433,4.886,4.311,4.752,4.56,5.234,5.629,4.673,4.451,4.038,4.493,5.362,4.169,4.656
40,H3,10.531,7.78,7.62,12.501,7.187,10.027,10.148,12.179,11.121,12.694,7.579,12.715,13.204,11.849,11.521,11.433,9.344,10.489,9.016,11.533
40,H3',4.553,4.822,4.753,4.808,4.443,4.772,4.705,4.649,4.596,4.79,4.805,4.214,4.231,4.856,4.663,4.725,4.78,4.662,4.68,4.597
40,H4',4.674,4.789,4.681,4.586,4.591,4.803,4.544,4.715,4.295,4.74,4.748,4.818,5.157,4.657,4.625,4.936,4.5,4.682,4.834,4.694
40,H5,5.706,6.241,5.716,5.804,5.533,5.632,5.694,5.685,5.448,5.74,5.517,5.979,5.972,5.776,5.978,5.593,6.009,6.001,5.927,5.643
40,H5',4.175,4.208,4.603,4.217,4.825,4.85,4.877,4.339,4.564,4.678,4.751,4.159,4.661,4.702,4.7,4.089,4.112,4.77,4.916,5.042
40,H5'',5.1,4.383,5.029,4.172,4.2,4.153,4.21,4.29,4.203,4.164,3.984,4.509,4.219,4.162,4.306,4.216,4.33,4.174,4.21,4.104
40,H6,7.649,7.853,8.273,8.404,7.624,8.098,8.265,7.943,8.008,8.162,8.364,8.066,8.151,8.457,8.301,7.554,7.97,8.443,8.262,8.061
40,HO2',3.195,2.937,3.676,3.891,3.205,2.978,3.72,3.509,2.622,3.507,3.198,2.727,3.466,3.654,3.018,4.282,3.521,4.293,3.496,3.37
40,N1,158.931,154.849,161.222,159.645,157.161,160.896,159.119,158.649,161.408,163.301,157.955,158.199,155.239,164.03,161.015,151.63,162.305,163.027,166.192,159.847
40,N3,162.77,161.986,159.842,165.84,159.853,160.715,163.736,161.302,163.947,167.071,157.84,166.175,164.682,167.357,169.589,162.922,159.355,168.011,165.946,161.653
40,P,-19.801,-21.517,-18.271,-19.703,-18.732,-18.264,-17.724,-17.424,-15.857,-16.156,-17.96,-21.981,-21.644,-17.103,-19.316,-18.022,-17.43,-15.737,-15.555,-17.198
41,C1',98.726,97.923,97.528,97.056,99.122,98.516,99.447,97.064,96.423,95.511,99.073,98.725,98.188,96.838,97.469,96.94,97.607,92.037,97.898,98.401
41,C2,149.62,149.911,149.276,148.118,148.599,148.794,149.388,148.099,148.125,148.543,150.658,148.768,149.575,148.308,148.743,148.374,148.832,150.655,147.91,149.188
41,C2',74.074,74.387,73.345,75.757,76.949,74.994,74.407,75.303,76.784,77.653,75.435,73.631,76.689,74.908,74.641,73.299,76.066,77.262,73.855,77.475
41,C3',73.18,74.291,74.145,71.683,71.865,74.705,74.585,73.765,73.388,73.872,80.767,73.001,72.767,71.965,74.43,73.59,72.103,71.141,73.439,73.177
41,C4,149.277,150.155,148.651,148.908,149.019,149.092,149.709,147.973,148.175,147.75,149.975,149.139,149.735,149.182,150.021,150.165,149.099,147.936,149.146,149.531
41,C4',78.703,79.269,79.213,77.804,77.757,78.933,78.605,78.55,80.34,78.071,75.356,76.377,76.708,77.843,77.533,78.205,79.79,83.859,78.367,77.52
41,C5,89.427,89.509,92.753,90.407,90.907,90.111,90.328,92.156,90.339,91.436,90.941,93.437,92.393,91.31,90.327,90.811,91.383,91.232,89.71,90.997
41,C5',65.05,64.659,65.149,64.21,67.537,65.216,61.698,64.787,63.582,64.221,66.739,61.782,64.224,64.05,64.185,63.541,64.938,64.429,64.852,64.963
41,C6,138.816,139.259,138.449,136.435,137.444,137.123,137.397,135.246,137.633,137.53,137.836,135.774,137.714,136.407,137.973,137.371,135.321,140.122,137.472,137.23
41,H1',6.33,6.235,6.45,6.619,6.511,5.983,6.329,6.387,6.588,6.801,6.228,6.3,6.566,6.439,6.217,6.375,6.344,6.405,7.019,6.842
41,H2',5.59,5.905,5.668,4.749,4.033,5.639,5.353,5.232,5.002,4.513,5.244,5.895,4.902,5.195,5.529,5.268,5.234,4.094,5.336,4.358
41,H3',4.636,5.183,4.389,4.813,4.829,4.758,4.29,4.74,4.783,4.73,4.212,4.386,4.81,4.679,4.653,4.41,4.565,4.825,4.732,4.783
41,H4',4.873,4.83,4.596,4.615,4.712,4.751,4.711,4.721,4.774,4.636,4.801,4.589,4.571,5.007,4.84,4.984,4.828,4.65,5.067,4.479
41,H41,7.037,9.09,8.55,8.779,9.262,9.729,8.566,8.73,9.156,8.465,9.448,9.42,9.785,9.587,8.438,8.923,7.998,7.33,8.785,6.369
41,H42,5.176,7.624,4.968,4.838,5.219,5.047,5.09,4.54,4.808,4.868,5.138,4.697,4.945,4.785,4.678,5.009,5.051,9.478,4.901,4.969
41,H5,5.809,6.09,5.573,5.334,5.729,5.544,5.658,5.436,5.527,5.754,5.813,5.45,5.522,5.376,5.328,5.547,5.445,6.259,5.495,5.649
41,H5',4.478,4.549,4.42,4.699,5.728,4.441,4.387,4.391,4.773,4.476,4.168,4.452,4.263,4.7,4.312,4.493,4.529,4.197,4.315,4.448
41,H5'',4.252,4.109,4.192,4.241,4.336,4.255,4.144,4.151,4.222,4.296,4.665,4.121,4.258,4.285,4.262,4.348,4.126,4.471,4.33,4.226
41,H6,7.975,8.155,7.862,8.113,8.042,7.511,7.945,7.776,8.136,7.7,7.756,7.797,8.012,7.861,8.258,7.912,7.97,7.956,8.172,7.618
41,HO2',3.18,3.083,2.659,3.051,2.951,3.024,3.646,2.978,3.014,3.302,5.354,3.609,3.517,2.791,2.957,5.459,3.372,2.982,2.891,3.603
41,N1,155.24,151.11,152.255,154.661,155.706,152.378,155.512,151.731,156.032,155.71,155.702,151.889,156.275,152.219,151.787,155.824,154.57,149.635,155.13,161.049
41,N3,199.66,198.019,199.578,198.396,199.302,190.957,197.813,195.809,199.881,199.182,193.063,195.754,192.545,193.261,200.286,195.808,199.157,192.589,195.002,201.877
41,N4,85.46,92.214,82.363,84.371,81.382,87.23,82.993,91.048,88.719,90.41,85.228,92.725,89.086,91.067,83.004,83.327,82.951,101.231,85.695,85.912
41,P,-20.498,-16.874,-18.276,-18.507,-18.599,-16.923,-19.399,-19.867,-16.723,-15.839,-17.827,-18.501,-17.818,-17.891,-19.379,-20.578,-19.724,-21.078,-20.699,-18.165
42,C1',96.942,101.166,99.727,97.543,95.343,100.278,97.12,99.873,100.967,96.065,96.032,97.357,96.016,97.243,98.465,95.618,97.175,96.509,97.878,100.001
42,C2,146.242,145.908,145.912,145.921,146.317,145.44,145.674,145.672,146.131,146.021,145.725,145.837,145.033,145.946,146.603,145.874,145.626,145.265,146.321,146.337
42,C2',75.343,74.628,75.917,73.985,75.591,75.645,75.176,76.679,74.586,75.538,75.321,75.979,75.358,76.303,74.851,75.21,75.236,75.255,75.778,74.137
42,C3',74.029,73.666,73.558,71.482,74.171,72.675,72.859,74.401,72.488,72.922,72.749,72.545,73.315,72.162,73.759,75.851,74.215,72.66,73.748,73.671
42,C4,157.363,157.697,156.525,155.528,156.345,157.191,156.827,157.288,156.151,156.557,155.964,158.38,156.888,157.185,156.416,157.656,157.05,156.802,156.396,156.609
42,C4',76.435,79.879,78.188,79.541,76.906,79.209,78.574,77.717,79.446,78.046,77.629,77.412,77.908,76.912,76.573,77.111,76.372,78.701,78.148,78.981
42,C5,105.511,103.196,103.952,101.942,104.393,102.149,103.462,102.92,102.946,103.212,102.537,103.23,102.513,102.519,102.67,101.996,102.88,101.571,102.045,101.703
42,C5',62.414,64.158,61.237,61.91,63.682,64.109,62.906,63.841,63.255,63.774,60.637,61.805,63.251,63.919,63.692,62.549,61.609,63.813,62.743,63.422
42,C6,135.979,137.386,138.632,136.983,138.233,138.192,136.277,137.138,136.931,136.47,136.711,136.891,135.984,137.069,138.48,138.285,137.041,137.728,137.587,138.321
42,H1',6.013,6.069,6.264,6.233,6.311,6.392,6.26,6.273,6.344,6.469,6.487,6.323,6.247,6.395,6.145,6.051,6.462,6.067,6.102,6.154
42,H2',5.507,5.251,4.99,5.308,5.144,4.9,5.126,5.272,5.298,5.038,5.025,4.906,5.294,5.331,5.726,5.389,5.459,5.736,5.369,5.76
42,H3,11.038,13.25,11.926,11.632,11.116,12.356,12.371,11.571,10.687,11.978,11.426,10.97,12.573,12.65,11.276,12.836,12.121,12.007,10.367,12.158
42,H3',4.686,4.617,4.637,4.755,4.781,4.686,4.575,4.599,4.815,4.819,4.798,4.512,4.879,4.626,4.815,4.678,4.56,4.971,4.478,4.775
42,H4',4.629,4.588,4.467,4.797,4.781,4.644,4.757,4.584,4.472,4.793,4.575,4.633,4.804,4.655,4.82,4.775,4.756,4.903,4.446,4.916
42,H5,5.827,5.273,5.848,5.454,5.76,5.664,5.546,5.602,5.441,5.711,5.883,5.867,5.698,5.628,5.547,5.865,5.791,6.367,5.715,5.681
42,H5',4.79,4.162,4.704,4.955,4.467,4.198,4.715,4.373,4.869,4.364,5.484,4.362,4.753,4.531,4.282,4.911,4.659,4.738,4.742,4.588
42,H5'',4.124,4.188,4.221,4.067,4.162,4.267,4.086,4.394,4.127,4.199,4.13,4.399,4.108,4.298,4.35,4.13,4.216,3.97,4.283,3.997
42,H6,8.134,7.96,8.237,8.168,8.321,8.157,7.784,8.088,8.034,8.168,8.386,7.699,8.12,8.327,8.21,8.378,8.112,8.6,8.09,7.897
42,HO2',3.163,3.706,2.94,3.401,3.042,4.538,3.874,3.772,4.329,3.045,4.326,3.611,3.019,3.41,3.081,2.81,2.817,3.051,2.792,2.998
42,N1,154.785,155.971,157.622,156.51,155.8,159.77,157.553,156.828,156.321,158.223,157.329,159.221,155.076,158.531,155.237,157.243,154.831,155.61,158.653,157.252
42,N3,162.253,163.903,166.318,163.271,162.555,162.928,163.751,165.048,164.312,163.52,163.532,164.198,164.173,164.444,164.976,165.794,168.19,166.526,163.471,167.992
42,P,-19.4,-17.989,-19.001,-17.955,-19.643,-19.416,-19.296,-16.664,-19.241,-17.214,-18.887,-18.441,-20.091,-17.343,-18.191,-19.489,-17.88,-20.841,-19.82,-17.534
43,C1',94.7,96.771,95.358,95.94,96.173,95.142,97.56,97.293,96.754,96.083,96.553,94.367,95.35,94.843,95.853,96.798,94.257,97.612,95.926,96.278
43,C2,141.97,142.001,141.203,141.791,141.032,141.493,140.712,141.64,141.576,141.444,141.091,142.142,141.729,141.794,140.902,141.566,140.741,140.832,140.714,140.731
43,C2',76.506,73.57,75.457,76.63,75.365,76.156,74.697,74.953,74.787,75.059,75.937,75.128,74.894,74.57,74.865,76.071,76.031,77.953,74.268,74.211
43,C3',72.638,72.389,72.8,73.088,72.301,70.108,72.847,74.462,72.855,73.852,73.926,73.214,73.308,74.499,74.683,72.09,73.271,73.688,73.893,72.169
43,C4,145.751,146.188,146.43,148.051,144.969,145.677,147.279,146.876,145.312,144.854,147.349,145.678,146.051,144.792,146.621,146.193,144.665,146.239,146.804,145.325
43,C4',77.904,79.113,77.757,78.609,80.075,75.42,79.059,77.714,78.532,79.031,78.665,77.608,77.627,78.012,76.408,79.044,77.466,78.103,77.227,79.223
43,C5,113.851,113.331,112.634,112.441,114.685,113.45,115.05,113.416,113.798,113.675,113.658,114.151,114.124,114.29,114.049,113.341,114.929,114.375,115.085,115.77
43,C5',62.735,63.904,64.844,64.202,64.07,63.563,63.446,62.384,62.032,64.188,63.668,62.753,63.697,62.756,62.81,64.423,63.208,63.69,62.643,62.859
43,C6,150.548,150.905,150.768,150.535,149.816,150.177,150.488,150.903,149.934,150.084,151.447,150.193,151.026,150.901,150.561,149.835,149.41,151.074,151.191,150.038
43,C8,125.855,128.225,126.413,127.578,125.909,127.229,128.272,126.819,125.242,126.553,125.873,125.735,127.063,128.134,128.416,128.301,126.561,126.881,127.018,127.512
43,H1,12.022,11.674,10.551,12.013,12.075,11.009,10.774,11.538,11.625,11.786,10.604,11.379,11.24,12.808,10.971,11.708,11.455,11.488,10.994,11.193
43,H1',6.26,6.559,6.519,6.404,6.313,6.543,6.264,6.288,6.189,6.289,6.306,6.175,6.526,6.594,6.385,6.551,6.311,6.561,6.406,6.468
43,H2',5.071,4.874,4.871,5.061,5.156,4.662,5.729,4.922,5.069,5.426,4.726,5.1,5.43,5.447,5.744,5.27,4.97,4.302,5.139,5.576
43,H21,8.735,8.622,8.175,8.908,8.314,7.919,7.717,7.896,8.685,8.634,8.885,7.217,8.139,9.45,8.546,8.52,8.549,7.969,7.69,8.228
43,H22,5.18,4.828,4.735,4.565,4.436,5.044,4.574,4.648,5.02,4.896,4.5,5.206,4.89,5.202,4.871,5.095,5.099,4.752,4.828,5.12
43,H3',4.828,5.112,4.648,4.78,4.764,4.939,4.854,4.613,4.594,4.777,4.805,4.576,4.756,4.51,4.886,5.039,4.676,4.583,4.733,4.717
43,H4',4.666,4.576,4.517,4.643,4.73,4.392,4.679,4.601,4.553,4.738,4.569,4.581,4.921,4.733,4.775,4.684,4.771,4.571,4.507,4.825
43,H5',4.266,4.734,4.378,4.634,4.283,4.661,4.745,4.741,4.484,4.598,4.437,4.648,4.306,4.829,4.461,4.35,4.279,4.31,4.882,4.89
43,H5'',4.311,4.098,4.244,4.156,4.165,4.095,4.181,4.21,4.161,3.988,4.26,4.16,4.256,4.119,4.172,4.26,4.135,4.309,4.105,4.059
43,H8,7.243,7.778,7.444,7.781,7.472,7.47,7.988,7.323,7.2,7.746,7.493,7.383,7.608,7.254,7.632,7.914,7.196,7.315,7.565,7.63
43,HO2',3.102,4.322,4.783,3.718,3.032,3.409,3.11,3.07,3.004,3.023,3.234,2.829,2.896,2.958,3.199,3.65,2.921,3.509,2.66,2.951
43,N1,141.255,136.095,138.244,139.077,137.558,137.118,139.537,137.33,136.431,136.141,138.526,138.778,138.628,137.569,137.128,136.486,136.566,137.131,137.304,136.522
43,N2,71.257,72.87,76.54,76.301,72.53,72.969,77.732,73.235,76.03,75.276,77.484,71.773,74.161,71.807,76.419,71.875,73.145,72.805,75.389,74.093
43,N3,162.997,161.565,162.645,165.17,161.892,165.788,172.608,166.345,164.926,164.081,163.781,163.072,164.898,159.796,166.16,162.864,163.517,164.486,168.49,167.02
43,N7,237.006,235.98,236.973,231.667,234.727,232.793,231.024,232.917,232.637,231.012,232.956,235.143,233.29,229.842,233.092,232.883,235.726,232.667,233.167,233.475
43,N9,168.159,169.525,170.765,169.556,167.219,170.698,169.132,168.266,167.731,167.087,167.214,167.064,168.413,165.446,166.921,169.017,165.031,170.32,170.091,168.973
43,P,-17.378,-18.537,-17.087,-16.489,-17.583,-17.431,-17.528,-17.48,-19.079,-19.924,-16.81,-17.284,-18.789,-18.299,-17.537,-18.931,-17.833,-15.424,-18.89,-19.49
44,C1',97.082,95.041,96.09,99.999,100.43,97.172,97.966,100.301,99.318,99.733,98.229,98.565,98.065,99.564,97.324,97.25,99.442,98.404,95.951,96.226
44,C2,148.447,148.345,147.874,148.364,148.219,147.759,148.711,150.5,148.172,148.652,148.702,147.253,150.267,148.187,147.409,148.573,148.556,149.108,149.304,147.99
44,C2',75.596,75.407,76.301,75.644,76.923,77.105,74.176,75.858,76.984,74.002,77.121,77.175,74.516,73.123,74.616,76.339,75.715,75.826,75.214,75.455
44,C3',72.445,71.908,74.077,71.794,73.156,73.731,71.671,71.565,72.736,73.489,72.889,72.579,73.291,72.052,71.461,72.987,72.055,71.584,72.743,73.727
44,C4,148.246,147.714,148.589,148.604,149.272,149.756,148.968,148.607,148.693,148.87,148.64,148.61,149.599,149.049,148.886,149.768,148.11,148.233,149.162,149.01
44,C4',79.692,77.097,77.381,80.195,80.165,76.428,77.504,79.928,77.45,78.341,77.545,78.548,75.761,76.922,77.323,77.799,77.679,79.196,77.114,76.239
44,C5,91.702,93.159,92.586,90.91,90.137,93.54,92.207,90.568,91.449,92.035,92.434,91.038,91.638,90.425,91.257,92.891,91.93,90.863,92.18,94.273
44,C5',62.989,63.778,62.992,62.824,63.007,60.366,60.818,63.808,62.408,62.017,63.485,63.389,61.803,63.323,63.024,63.402,64.372,62.8,62.405,60.847
44,C6,136.353,136.861,136.264,137.921,136.216,136.4,135.248,137.986,136.599,135.764,137.883,135.626,138.903,137.732,135.566,134.595,135.457,136.205,135.682,135.542
44,H1',6.207,6.332,6.235,6.44,6.435,6.346,6.07,6.513,6.54,5.961,6.788,6.495,6.1,6.131,6.062,6.158,6.349,6.32,6.192,6.014
44,H2',5.066,5.054,4.599,4.885,4.525,4.006,5,4.483,4.267,5.168,4.456,4.27,4.933,5.402,5.196,5.013,4.154,4.763,4.906,4.997
44,H3',4.441,4.433,4.529,4.596,4.524,4.314,4.373,4.801,4.401,4.485,4.68,4.676,4.602,4.622,4.561,4.334,4.587,4.533,4.603,4.312
44,H4',4.642,4.631,4.706,4.599,4.568,4.326,4.585,4.549,4.272,4.581,4.56,4.593,4.491,4.634,4.726,4.667,4.458,4.575,4.681,4.581
44,H41,9.508,9.69,8.752,9.493,5.517,9.02,8.136,7.05,8.886,9.951,8.405,7.807,6.651,8.724,8.502,7.843,9.511,9.255,9.461,9.674
44,H42,4.973,4.471,5.092,4.907,5.159,5.457,5.039,4.746,5.045,5.027,4.961,5.271,5.079,4.877,4.945,5.09,4.911,4.838,4.931,5.113
44,H5,5.026,5.097,5.253,4.94,5.119,5.74,5.087,4.693,5.307,4.858,5.25,5.352,5.133,4.802,4.753,5.126,4.733,4.7,4.907,5.194
44,H5',4.685,4.54,4.49,4.891,4.78,4.686,4.799,4.856,4.904,4.772,4.42,4.262,4.919,4.359,4.168,4.463,4.24,4.69,4.713,4.899
44,H5'',4.028,4.183,4.154,4.059,4.068,4.197,4.141,4.094,4.135,4.107,4.183,4.237,4.071,4.132,4.275,4.28,4.185,4.085,4.188,4.116
44,H6,7.77,7.792,7.739,8.174,7.594,6.979,7.276,7.874,7.533,7.358,7.953,7.768,7.67,7.751,7.383,7.426,7.173,7.704,7.371,7.058
44,HO2',3.213,3.005,2.829,3.507,3.917,2.415,3.232,4.867,3.336,3.088,3.569,3.07,3.009,3.105,3.047,3.604,3.133,3.301,2.92,2.769
44,N1,152.897,153.044,152.757,153.612,155.694,152.712,153.131,158.68,156.554,149.09,158.069,156.067,151.536,151.337,151.451,153.268,153.208,154.618,151.04,149.695
44,N3,197.112,192.424,198.471,194.808,210.284,197.255,197.793,199.9,197.979,191.679,196.568,208.416,198.525,197.079,197.379,203.399,196.126,193.252,193.15,197.873
44,N4,94.201,93.18,89.697,89.739,80.25,83.147,89.487,87.207,88.013,92.871,91.803,83.628,87.769,89.039,88.811,86.403,94.495,93.831,94.997,89.469
44,P,-18.222,-18.652,-18.044,-18.313,-19.437,-17.249,-18.124,-19.134,-16.988,-16.344,-18.487,-17.348,-18.204,-19.247,-18.775,-18.034,-17.578,-17.941,-17.85,-17.734
45,C1',93.13,96.499,95.043,95.751,94.29,97.986,96.661,94.277,94.98,99.664,92.627,97.847,97.725,96.061,98.718,95.839,92.303,94.865,98.594,93.007
45,C2,149.487,148.96,149.184,150.049,149.617,149.294,150.026,149.153,148.696,150.507,149.991,149.022,150.745,149.057,149.449,150.08,150.873,149.06,149.132,149.657
45,C2',78.606,77.963,78.29,78.35,78.205,79.43,79.373,78.222,78.725,80.174,77.27,77.583,76.173,79.927,78.558,77.803,75.676,77.715,79.372,80.052
45,C3',70.231,70.584,70.264,71.719,70.223,68.502,68.807,70.279,71.034,70.217,74.11,66.788,69.09,71.173,71.398,71.398,76.324,70.231,72.046,77.949
45,C4,149.94,149.498,149.417,149.895,149.349,149.507,150.061,148.99,148.847,149.904,149.27,149.082,149.666,150.111,150.248,149.445,148.28,147.878,149.402,148.462
45,C4',82.044,81.465,80.752,77.343,80.331,81.433,80.794,79.175,79.575,80.384,86.048,84.556,82.642,78.788,80.088,79.499,83.654,78.41,79.66,83.532
45,C5,90.708,91.296,90.852,91.935,92.852,91.952,92.02,91.439,89.907,89.73,93.205,90.141,90.771,91.996,94.24,92.064,92.327,91.962,91.925,93.03
45,C5',62.638,63.851,64.326,63.131,64.217,64.961,63.88,64.166,64.443,64.732,66.512,64.897,63.963,63.307,63.555,63.253,67.338,64.118,64.535,69.285
45,C6,137.712,136.899,136.834,136.496,135.544,137.007,137.303,136.717,138.19,138.111,135.894,136.918,138.138,136.62,136.331,137.944,138.758,136.557,136.66,136.58
45,H1',6.743,6.499,6.539,6.469,6.577,6.747,6.801,6.36,6.538,6.634,6.536,6.846,6.637,6.588,6.523,6.447,7.12,6.862,6.522,6.836
45,H2',4.69,4.462,4.387,4.379,4.643,4.608,4.304,4.347,4.518,4.374,3.691,4.563,4.693,4.472,4.508,4.717,4.485,4.22,4.481,4.173
45,H3',4.483,4.183,4.51,4.312,4.527,4.626,4.299,4.489,4.68,4.753,4.555,4.547,4.692,4.483,3.955,4.435,4.766,4.682,4.6,4.502
45,H4',4.516,4.48,4.506,4.42,4.641,4.595,4.157,4.419,4.606,4.448,4.754,4.506,4.573,4.481,4.152,4.577,4.833,4.293,4.504,4.779
45,H41,9.426,7.032,8.857,10.192,9.13,8.278,9.058,9.393,8.044,9.186,9.691,8.123,9.317,9.456,5.059,9.57,5.278,8.087,9.32,7.126
45,H42,4.929,5.019,5.029,5.031,5.093,5.345,4.89,4.984,4.845,4.849,5.101,5.179,5.121,5.034,9.398,4.97,9.242,4.928,4.901,5.156
45,H5,5.428,5.528,5.317,5.286,5.554,5.185,5.364,5.435,5.408,5.355,5.462,5.078,5.325,5.56,5.459,5.468,5.521,5.524,5.511,5.462
45,H5',4.707,4.236,4.35,4.806,4.523,4.417,4.956,4.529,4.937,5.029,4.772,4.79,4.614,4.688,4.789,4.81,4.504,4.633,4.427,4.067
45,H5'',4.07,4.328,4.313,4.224,4.18,4.268,4.171,4.343,4.112,4.12,4.141,4.221,4.214,4.079,4.264,4.083,4.041,4.211,4.216,4.211
45,H6,7.65,7.768,7.834,7.172,7.766,7.804,7.472,7.723,7.813,7.982,7.369,7.925,7.559,7.478,7.416,7.71,7.903,7.477,7.693,7.648
45,HO2',2.92,2.844,3.172,2.981,2.878,3.594,2.454,3.093,2.895,2.718,3.514,3.762,4.119,3.011,3.028,2.946,3.085,3.812,3.345,2.358
45,HO3',2.915,3.723,3.209,3.101,3.148,2.881,3.522,3.296,2.391,2.56,3.455,3.963,3.173,2.362,3.006,2.357,3.419,2.428,2.637,2.855
45,N1,158.212,157.347,154.915,156.047,154.629,156.712,158.928,154.513,156.863,159.679,151.517,158.114,156.368,157.262,154.243,154.653,151.632,155.921,156.321,153.948
45,N3,195.962,202.528,196.882,196.219,194.698,194.402,196.398,195.047,200.179,198.335,195.493,198.658,197.107,200.615,196.822,194.769,194.536,196.78,198.26,198.921
45,N4,86.551,79.372,89.458,91.655,92.754,90.842,87.275,91.635,85.48,83.758,92.05,91.129,89.325,86.009,86.326,86.37,94.34,96.006,88.52,92.01
45,P,-19.457,-17.765,-18.533,-19.193,-19.605,-19.476,-20.044,-17.303,-19.402,-19.613,-18.757,-18.565,-18.239,-18.141,-18.425,-18.08,-18.648,-18.49,-17.755,-18.853
