res,atom,shift_1,shift_2,shift_3,shift_4,shift_5,shift_6,shift_7,shift_8,shift_9,shift_10,shift_11,shift_12,shift_13,shift_14,shift_15,shift_16,shift_17,shift_18,shift_19,shift_20
17,C1',98.651,95.839,95.791,94.793,97.973,96.969,96.252,96.241,96.717,97.076,98.649,97.697,97.707,94.681,94.121,97.425,95.295,96.194,97.277,94.877
17,C2,141.722,142.477,141.595,141.593,141.858,141.763,141.673,142.42,141.378,142.2,139.461,141.861,141.463,141.754,141.799,141.369,142.21,140.771,141.824,139.867
17,C2',75.041,74.837,75.316,76.544,75.676,75.97,75.187,76.137,75.155,75.597,77.021,76.063,76.553,75.696,74.943,74.627,75.093,76.73,75.504,76.382
17,C3',74.616,74.123,73.212,74.027,73.859,73.233,74.009,73.124,72.814,73.782,72.001,74.209,73.641,81.415,72.96,73.815,73.314,72.302,72.173,75.159
17,C4,146.057,145.9,145.317,145.62,146.465,146.698,147.371,146.166,145.748,146.305,145.962,145.553,147.721,146.654,145.913,146.196,146.076,146.496,146.467,144.78
17,C4',82.353,77.853,80.48,79.59,79.629,80.841,81.452,79.355,78.019,79.267,82.33,80.599,78.52,76.087,78.817,80.973,80.646,80.003,79.892,81.375
17,C5,114.238,115.938,115.976,116.186,116.135,114.74,114.151,115.977,115.926,115.03,114.317,115.62,115.631,117.139,115.728,115.173,116.336,115.011,117.053,116.595
17,C5',63.863,63.804,63.021,63.403,62.262,64.525,64.917,63.117,63.086,62.17,63.716,62.81,62.789,66.427,64.386,63.312,63.765,63.732,62.696,63.269
17,C6,151.281,151.337,150.824,151.409,150.731,150.839,150.848,150.147,150.54,150.773,147.525,151.107,151.281,151.127,151.506,151.387,150.219,151.03,150.073,148.829
17,C8,132.79,131.446,130.008,130.926,129.437,129.482,131.905,128.818,129.085,129.743,130.49,129.895,130.27,129.43,131.471,130.114,129.239,129.878,128.762,134.165
17,H1,11.804,10.364,11.197,10.498,11.084,11.822,11.475,11.275,11.254,11.134,6.905,11.544,11.514,11.898,10.882,11.892,11.233,10.846,11.254,6.879
17,H1',6.605,6.52,6.348,6.327,6.392,6.226,6.442,6.358,6.522,6.366,6.476,6.423,6.351,6.168,6.395,6.389,6.323,6.64,6.293,6.61
17,H2',5.954,5.591,5.739,5.728,5.301,4.987,5.644,5.56,5.298,5.34,5.505,5.718,5.177,5.75,5.601,5.554,5.712,5.199,5.538,5.957
17,H21,8.802,6.993,8.261,7.963,7.28,8.189,8.283,7.757,7.944,7.532,4.877,8.116,8.452,8.317,7.938,8.258,7.14,8.127,7.914,4.819
17,H22,5.081,4.723,5.079,4.96,5.009,4.858,5.055,5.075,4.827,4.853,5.375,5.004,4.591,4.872,5.062,4.647,5.067,5.121,4.909,5.428
17,H3',4.921,4.9,5.025,4.636,4.909,4.905,4.915,5.026,4.95,4.792,5.009,4.754,5.044,4.606,4.804,4.884,5.112,4.617,4.996,4.734
17,H4',4.567,4.678,4.692,4.62,4.406,4.456,4.596,4.618,4.327,4.56,4.686,4.575,4.456,4.66,4.773,4.75,4.711,4.456,4.494,4.714
17,H5',4.525,4.77,4.705,4.448,4.684,4.432,4.423,4.722,4.797,4.764,4.695,4.69,4.87,4.295,4.74,4.656,4.734,4.468,4.718,4.389
17,H5'',4.296,4.47,4.449,4.512,4.46,4.611,4.434,4.161,4.189,4.085,4.209,4.062,4.396,4.652,4.473,4.458,4.422,4.552,4.504,4.253
17,H8,7.841,8.089,7.96,7.996,7.889,8.199,8.032,7.752,7.911,7.871,7.891,7.865,8.097,7.732,8.083,7.954,7.828,8.286,7.739,7.975
17,HO2',3.236,3.445,3.019,2.981,3.332,2.68,3.178,3.444,4.384,2.984,3.989,3.245,3.611,3.206,3.03,2.775,2.859,3.457,3.444,3.311
17,HO5',2.911,2.542,3.251,2.502,3.064,2.789,2.745,2.636,2.621,2.632,2.91,2.661,2.792,3.63,2.548,2.561,3.136,2.719,3.179,3.005
17,N1,137.15,140.124,137.699,139.185,136.679,135.05,138.349,138.559,139.308,137.111,136.076,135.624,136.597,137.234,137.342,137.981,135.484,139.64,135.733,134.682
17,N2,70.929,67.894,71.151,69.004,68.768,68.544,69.858,66.64,67.89,67.039,67.088,68.697,68.282,68.936,69.651,69.578,68.656,71.317,68.279,70.446
17,N3,163.628,165.961,165.789,165.776,162.799,163.719,167.804,163.978,163.994,164.905,167.582,166.099,164.209,163.528,165.106,165.053,164.386,165.816,165.474,165.49
17,N7,223.322,226.143,227.303,229.386,228.77,229.358,224.99,228.273,227.662,227.964,233.057,227.396,226.651,229.335,227.996,226.222,227.814,226.409,227.729,224.019
17,N9,168.486,169.21,171.281,169.708,171.278,172.519,169.281,172.084,171.664,171.171,171.115,170.533,171.078,169.297,168.905,169.817,170.609,170.94,170.791,167.963
18,C1',97.697,95.552,98.075,96.677,94.282,93.937,94.315,95.657,97.134,96.58,94.584,100.736,96.739,97.961,98.386,97.947,95.479,95.733,95.748,96.099
18,C2,141.106,141.649,141.637,142.376,142.614,142.435,141.964,141.245,142.873,142.75,141.987,141.653,142.314,142.037,142.12,142.26,142.142,141.152,142.331,142.17
18,C2',74.893,74.921,74.418,73.726,75.51,74.662,75.421,74.691,74.711,77.131,74.224,74.514,74.561,75.843,76.207,74.751,74.637,73.697,74.733,73.389
18,C3',74.529,73.798,73.534,74.277,73.85,71.725,72.057,73.789,72.786,72.511,73.47,73.22,72.573,73.438,72.412,74.602,72.525,73.111,72.981,73.59
18,C4,146.204,144.362,145.84,145.423,146.424,145.953,145.677,145.602,145.647,145.713,145.39,147.145,146.981,146.063,147.147,147.198,146.315,145.278,146.436,144.698
18,C4',80.054,79.869,78.959,76.364,75.923,76.829,76.251,77.286,79.368,79.696,77.688,77.252,78.167,79.63,77.641,79.714,77.968,76.686,78.206,80.415
18,C5,114.082,113.534,113.268,114.431,115.973,113.15,114.333,113.828,114.929,114.803,114.369,113.916,114.266,115.133,113.916,113.961,113.595,114.616,113.734,114.007
18,C5',62.028,63.043,60.548,62.178,62.03,61.99,63.449,61.719,61.567,63.845,63.216,59.595,61.859,61.604,63.343,62.284,62.52,59.828,60.956,64.318
18,C6,151.079,150.461,151.779,151.021,150.656,150.322,150.615,150.92,150.626,150.521,152.601,151.115,150.027,150.667,151.481,151.077,151.14,150.541,150.957,151.021
18,C8,130.054,132.106,128.96,130.222,128.095,127.249,129.999,127.775,127.943,129.715,126.35,127.861,127.847,128.046,128.808,131.05,127.348,130.02,128.017,131.494
18,H1,12.243,12.884,12.401,12.111,12.27,12.56,12.437,12.123,12.072,12.493,12.874,12.095,12.877,12.009,11.144,11.92,12.458,12.177,12.487,12.477
18,H1',6.446,6.336,6.652,6.396,6.32,6.386,6.377,6.34,6.215,6.528,6.113,6.418,6.204,6.215,6.533,6.263,6.384,6.251,6.158,6.58
18,H2',5.463,5.499,5.054,5.747,5.33,5.034,5.205,5.333,5.418,5.267,5.342,4.759,5.377,5.271,5.164,5.34,5.167,5.718,4.641,6
18,H21,8.495,9.052,9.027,8.461,8.651,9.147,8.946,9.058,8.333,8.349,9.46,8.697,8.787,8.874,8.495,8.318,8.969,9.038,8.823,9.185
18,H22,4.773,4.995,4.715,5.102,5.034,5.134,5.135,4.925,4.923,5.174,5.026,5.015,4.956,4.86,4.976,4.946,5.025,5.182,4.785,5.09
18,H3',4.616,4.822,4.781,4.707,4.54,5.102,5.024,4.855,4.776,4.848,4.815,4.691,4.925,4.503,4.805,5.004,4.74,4.814,4.839,5.024
18,H4',4.82,4.772,4.625,4.603,4.595,4.65,4.695,4.578,4.639,4.651,4.608,4.294,4.681,4.693,4.616,4.777,4.695,4.75,4.51,4.763
18,H5',4.812,4.453,4.891,4.234,4.392,4.611,4.461,4.821,4.404,4.928,4.617,4.843,4.651,4.348,4.286,4.596,4.14,5.01,4.644,4.119
18,H5'',4.048,3.927,4.003,4.282,4.157,4.1,4.124,4.012,4.176,3.994,4.073,4.097,4.068,4.13,4.094,4.025,4.151,3.981,4.158,3.952
18,H8,7.547,7.579,6.976,7.401,7.015,7.488,7.494,7.323,7.5,7.692,7.151,6.74,7.592,7.075,7.247,7.86,7.14,7.186,6.908,7.13
18,HO2',2.938,3.152,3.102,3.296,2.874,3.121,3.249,3.101,2.971,3.695,2.99,3.733,3.046,2.842,3.562,2.848,3.301,3.024,2.742,3.157
18,N1,137.408,139.119,139,139.098,140.665,138.18,135.193,137.571,140.587,138.027,139.168,136.927,137.682,139.973,139.12,138.032,139.26,136.996,138.6,136.219
18,N2,71.21,69.558,70.572,69.901,73.578,73.283,72.274,73.965,72.299,70.743,73.636,69.969,72.996,74.047,73.612,71.461,75.419,71.949,71.417,73.933
18,N3,170.921,162.463,172.321,165.937,167.253,164.23,166.613,166.27,166.858,163.17,162.028,165.624,165.715,169.078,165.177,163.571,166.684,172.534,166.652,164.522
18,N7,230.832,226.163,236.107,228.908,236.913,238.069,231.458,236.623,232.053,229.428,236.054,234.493,234.405,234.369,233.294,229.681,236.018,231.359,235.04,231.37
18,N9,168.417,163.619,167.517,167.925,165.313,169.624,167.63,166.132,166.952,166.59,164.121,167.333,168.288,167.446,169.705,166.409,168.146,164.4,169.063,160.528
18,P,-17.148,-20.388,-17.921,-16.099,-16.223,-16.746,-16.66,-19.874,-18.675,-18.52,-17.177,-17.574,-18.257,-15.143,-16.898,-20.193,-17.003,-18.02,-18.309,-17.119
19,C1',96.695,95.933,98.411,97.328,99.764,97.291,98.683,96.884,98.18,96.737,95.304,98.7,96.656,98.104,98.961,98.309,94.766,98.598,96.941,98.361
19,C2,148.157,148.656,149.115,148.986,148.468,148.387,147.713,149.103,148.972,148.048,147.57,148.453,148.598,148.518,148.995,148.612,147.586,147.735,148.787,147.99
19,C2',74.463,74.508,75.424,74.024,77.224,76.573,74.185,75.865,74.115,76.2,75.673,74.857,75.225,75.188,74.93,75.89,75.744,75.131,76.198,78.008
19,C3',73.082,73.742,71.247,72.28,72.259,72.12,72.597,73.831,71.838,73.629,73.547,72.599,72.746,71.256,72.811,70.727,71.61,72.011,72.672,73.976
19,C4,149.323,149.611,149.621,150.465,149.863,149.965,148.998,148.881,149.422,148.507,148.898,147.737,149.686,149.821,149.006,149.413,149.471,149.699,148.379,149.044
19,C4',77.093,77.842,77.576,77.285,76.805,80.548,78.624,78.821,78.003,79.251,77.409,77.882,77.639,77.059,79.828,77.063,76.669,77.424,80.065,78.762
19,C5,89.413,90.733,90.626,93.133,92.234,92.362,92.073,92.392,90.776,91.448,91.685,91.983,93.772,91.316,90.817,92.406,91.863,94.301,90.766,91.575
19,C5',62.431,66.213,63.942,61.321,63.83,63.692,63.167,63.543,62.369,63.982,63.426,63.115,63.647,62.744,62.989,64.669,63.255,62.974,64.955,63.648
19,C6,137.375,136.32,137.104,135.966,135.182,134.815,136.535,135.377,137.354,136.086,136.714,134.871,134.382,136.739,135.832,136.476,135.259,135.527,136.148,135.999
19,H1',6.02,6.184,6.236,6.239,6.276,6.377,6.155,6.084,6.297,6.074,5.94,6.276,6.242,6.333,5.892,6.489,6.282,6.447,6.206,6.235
19,H2',5.369,5.357,5.333,5.773,4.549,4.761,5.056,5.151,5.209,5.058,5.528,4.516,4.747,5.061,5.552,5.019,5.188,4.579,5.401,4.765
19,H3',4.763,4.787,4.939,4.438,4.556,4.655,4.737,4.636,4.748,4.683,4.779,4.504,4.684,4.753,4.573,5.045,4.697,4.371,4.771,4.678
19,H4',4.671,4.968,4.544,4.588,4.382,4.792,4.648,4.632,4.623,4.782,4.783,4.305,4.535,4.481,4.72,4.638,4.71,4.49,4.855,4.55
19,H41,8.946,9.526,9.518,8.912,8.388,9.16,9.141,9.515,9.682,8.991,9.107,9.674,9.611,9.423,7.922,9.683,9.068,8.346,9.649,8.956
19,H42,4.764,4.807,4.818,4.955,5.094,5.268,4.937,5.14,4.911,5.189,4.798,4.82,5.07,5.003,4.793,4.73,4.878,5.237,4.783,4.939
19,H5,5.15,4.807,4.81,5.303,5.108,5.294,4.891,5.086,4.901,5.141,5.225,4.988,5.105,5.138,5.091,5.057,5.281,5.166,5.072,5.166
19,H5',4.821,4.306,4.783,4.038,4.308,4.436,4.581,4.401,4.778,4.705,4.372,4.423,4.756,4.857,4.724,4.601,4.299,4.236,4.571,4.165
19,H5'',4.004,4.237,4.112,4.329,4.342,4.204,4.087,4.295,4.064,4.196,4.312,4.276,4.127,4.13,4.138,4.172,4.348,4.276,4.131,4.232
19,H6,8.055,7.654,7.905,7.246,7.161,7.606,7.158,7.686,7.759,7.46,7.71,7.266,7.462,7.455,7.8,8.049,7.768,6.971,7.952,7.288
19,HO2',2.997,2.903,3.571,3.242,3.411,3.521,3.011,3.165,4.454,2.823,2.829,5.424,3.273,4.173,2.888,3.724,3.058,5.15,3.509,3.423
19,N1,151.396,150.935,153.555,154.552,154.904,154.685,151.446,152.02,154.218,151.638,151.692,154.706,153.126,154.228,153.589,156.258,151.88,154.524,155.304,154.389
19,N3,193.268,193.887,195.062,196.011,201.529,196.168,193.906,196.37,191.404,195.655,199.382,195.36,194.861,196.222,199.609,193.284,194.867,200.055,192.791,198.538
19,N4,89.042,89.705,91.176,90.403,86.067,85.454,87.915,90.394,89.572,91.802,89.431,91.678,94.847,90.431,87.27,90.488,87.996,83.376,91.492,84.166
19,P,-19.636,-20.298,-19.952,-17.95,-17.329,-17.652,-19.865,-17.941,-20.326,-16.5,-17.134,-17.971,-19.042,-16.939,-17.822,-20.905,-18.688,-19.425,-19.611,-19.547
20,C1',93.551,97.623,95.181,94.785,95.439,97.254,94.594,96.644,95.099,93.574,97.846,92.753,90.174,93.021,96.208,95.143,98.187,95.516,98.236,95.741
20,C2,145.995,147.561,146.771,146.645,146.972,147.422,146.768,146.991,148.131,146.701,147.188,147.532,148.957,146.797,146.006,147.287,147.06,148.772,146.665,147.82
20,C2',75.567,75.107,75.57,75.368,75.213,76.031,77.249,75.053,75.295,76.547,76.8,76.339,83.015,77.477,75.04,75.799,75.967,76.033,75.862,75.425
20,C3',72.838,73.323,72.095,73.965,72.126,74.257,72.02,73.173,73.186,75.794,74.877,72.119,82.09,71.947,73.723,73.807,72.358,71.677,76.05,72.282
20,C4,141.848,141.468,142.494,141.322,142.572,142.255,142.893,143.063,140.935,141.211,142.886,142.43,143.615,141.469,143.04,142.088,142.428,142.653,142.381,142.457
20,C4',77.111,78.992,76.658,75.627,77.82,78.571,79.312,78.825,78.909,79.705,77.244,78.162,85.097,78.744,76.225,77.48,79.459,79.736,80.443,78.069
20,C5,112.537,112.926,113.176,112.139,112.419,113.329,113.353,113.033,114.095,113.008,111.508,113.516,111.939,111.695,112.656,112.591,112.864,113.485,112.844,113.692
20,C5',63.989,64.313,62.712,61.094,62.824,64.87,64.16,63.867,63.944,65.459,63.687,64.757,67.893,64.693,63.96,63.351,63.089,64.404,63.91,64.841
20,C6,142.435,142.088,143.54,143.381,143.657,143.981,144.14,143.918,143.763,142.238,142.443,144.248,143.765,143.467,143.433,143.219,144.03,144.587,143.314,143.894
20,C8,131.534,131.48,130.198,130.133,130.751,131.155,130.838,132.314,130.808,132.038,131.559,132.266,130.447,130.483,131.623,130.256,130.282,130.039,131.256,132.276
20,H1',6.635,6.503,6.5,6.546,6.49,6.261,6.809,6.504,6.609,6.453,6.765,6.754,6.84,6.36,6.419,6.632,6.969,6.595,6.25,6.71
20,H2,7.494,7.642,7.313,7.28,7.343,7.13,7.55,7.424,7.572,7.3,7.283,7.694,6.916,7.723,7.348,7.37,7.173,7.778,7.126,7.734
20,H2',5.213,5.404,5.22,5.746,5.362,5.749,4.579,5.489,5.61,5.341,5.539,5.546,4.335,5.256,5.425,5.388,5.214,5.282,5.871,5.497
20,H3',5.252,4.983,5.048,4.367,5.008,5.024,4.946,5.223,4.909,5.239,4.971,5.281,5.024,4.893,5.02,4.936,4.653,5.017,4.892,5.111
20,H4',4.842,4.76,4.823,4.707,4.761,4.712,4.905,4.726,4.867,5.028,4.673,4.874,5.029,4.805,4.629,4.714,4.512,4.741,4.808,4.662
20,H5',4.158,4.287,4.697,4.36,4.53,4.517,4.416,4.308,4.786,4.657,4.458,4.544,4.163,4.553,4.664,4.748,4.292,4.503,4.837,4.445
20,H5'',4.26,4.373,4.237,4.335,4.22,4.269,4.247,4.278,4.291,4.324,4.443,4.4,4.37,4.342,4.292,4.229,4.263,4.237,4.274,4.397
20,H61,6.729,9.356,8.119,8.119,8.212,8.928,7.878,9.22,9.079,9.948,7.373,9.329,9.721,9.092,8.58,9.286,6.436,9.026,9.545,9.47
20,H62,5.479,5.321,5.59,5.599,5.675,5.561,5.821,5.515,5.333,5.385,5.517,5.418,5.813,5.554,5.625,5.43,5.815,5.63,5.489,5.501
20,H8,7.919,8.167,7.685,7.53,8.003,8.409,8.208,8.181,8.204,8.286,7.876,8.478,7.894,7.847,8.077,7.845,7.711,8.286,8.127,7.989
20,HO2',3.113,3.899,3.192,2.891,3.095,3.398,3.269,4.198,3.152,3,3.626,3.194,3.755,2.786,3.269,3.763,4.168,3.739,3.229,4.19
20,N1,211.588,207.921,214.439,214.539,211.371,210.196,216.078,207.383,210.579,206.585,212.633,213.795,216.291,212.986,213.722,211.359,215.985,212.25,211.272,211.365
20,N3,217.79,216.182,218.465,216.508,217.357,218.549,214.735,214.633,212.547,212.765,221.37,213.999,219.803,219.296,221.292,216.089,219.171,215.146,221.284,215.267
20,N6,84.146,90.075,84.197,80.279,81.848,81.411,79.177,84.543,84.212,86.403,81.252,84.271,88.712,84.502,80.29,83.991,75.982,85.08,85.173,84.239
20,N7,226.739,223.655,225.965,227.007,226.915,222.355,223.521,224.097,221.215,221.92,223.091,227.447,232.695,224.966,223.921,225.262,226.456,226.465,224.516,223.188
20,N9,175.852,172.295,175.279,171,175.251,171.549,178.073,173.129,171.464,174.211,173.261,173.564,171.266,173.512,174.743,173.441,175.724,174.654,171.688,172.242
20,P,-17.363,-19.192,-18.419,-16.876,-18.146,-17.139,-18.54,-17.318,-19.804,-17.735,-16.168,-17.391,-15.393,-17.798,-16.26,-17.791,-17.865,-17.409,-16.326,-17.738
21,C1',93.785,93.625,94.332,97.364,95.775,97.855,93.352,96.541,95.948,95.398,96.141,93.288,96.324,93.635,96.877,96.477,96.854,96.682,98.412,96.152
21,C2,141.496,140.145,142.032,139.021,141.644,140.878,141.726,140.282,140.352,141.741,143.142,140.185,140.939,141.578,144.548,141.637,141.309,141.276,140.546,139.642
21,C2',77.772,74.47,76.104,75.803,74.561,76.037,74.745,76.687,75.362,75.28,76.272,75.078,74.964,77.138,77.018,74.865,75.154,76.039,76.36,75.639
21,C3',72.643,71.077,73.811,72.865,73.201,74.277,74.087,72.961,74.363,71.488,73.838,73.398,73.843,75.623,74.953,72.811,77.397,71.56,73.197,75.226
21,C4,145.134,143.295,145.357,143.514,144.865,146.236,144.804,144.552,144.267,143.803,146.615,144.228,145.019,146.91,146.14,145.092,145.687,145.017,145.324,143.841
21,C4',78.925,78.228,78.229,80.711,76.55,79.026,75.662,78.166,80.317,80.331,77.781,76.506,77.287,77.003,79.072,78.595,77.807,76.217,77.628,77.299
21,C5,114.123,113.699,114.255,115.699,113.43,114.237,114.784,113.569,114.018,111.639,113.937,113.612,114.963,114.116,113.632,113.562,114.785,117.069,112.988,115.369
21,C5',64.245,63.037,64.177,63.007,63.854,63.241,64.894,65.097,63.257,63.824,62.716,63.753,64.983,64.162,63.463,63.079,67.872,63.659,63.205,63.511
21,C6,152.256,147.928,150.76,147.681,148.957,149.619,149.028,149.816,150.8,148.24,150.143,149.868,150.584,152.408,151.589,149.383,151.138,151.578,149.66,149.86
21,C8,124.952,126.997,126.591,128.042,125.918,128.218,128.121,127.564,128.211,127.734,128.232,125.826,128.375,126.997,128.235,126.002,125.54,125.594,127.462,125.806
21,H1,11.73,6.765,12.004,6.168,11.802,10.781,11.033,11.282,11.084,12.32,11.446,11.707,11.728,11.877,12.145,11.3,11.754,11.384,11.62,11.646
21,H1',6.379,6.11,6.238,6.395,6.383,6.383,6.5,6.33,6.325,6.588,6.693,6.342,6.336,6.412,6.597,6.372,6.181,6.551,6.361,6.259
21,H2',4.957,4.761,5.304,5.648,5.347,5.468,5.529,5.333,5.747,5.624,4.865,5.564,5.33,4.908,4.691,5.307,6.015,4.938,4.823,5.676
21,H21,8.93,4.663,4.647,4.731,9.09,7.987,8.809,7.608,8.238,8.907,6.369,9.304,7.44,8.234,8.646,8.385,8.569,8.109,8.664,8.585
21,H22,5.096,5.231,7.688,5.449,5.234,4.916,5.515,4.812,5.231,5.029,7.455,5.266,4.794,4.381,9.121,4.844,5.072,5.21,4.654,5.249
21,H3',4.583,4.834,4.739,4.685,4.713,4.772,4.72,4.95,4.658,4.902,4.994,4.636,4.667,4.744,4.967,4.892,4.325,4.901,4.999,4.653
21,H4',4.827,4.703,4.779,4.825,4.598,4.548,4.772,4.705,4.847,4.55,4.704,4.767,4.801,4.874,4.561,4.64,4.887,4.53,4.422,4.739
21,H5',4.349,4.493,4.63,4.108,4.573,4.658,4.356,4.506,4.721,5.014,5,4.369,4.662,4.268,4.54,4.088,4.412,4.733,4.914,4.324
21,H5'',4.264,4.068,4.095,4.205,4.105,4.164,4.085,4.165,4.056,4.207,4.07,4.134,4.4,4.304,4.039,4.296,4.089,4.062,4.091,4.259
21,H8,6.839,6.807,7.104,6.892,6.97,6.742,7.505,7.758,6.873,7.301,7.325,6.57,6.823,7.221,7.21,7.259,6.432,6.999,7.016,7.056
21,HO2',3.427,2.902,3.202,3.205,3.12,3.67,3.099,3.799,2.943,4.194,3.025,3.077,2.957,3.008,3.006,3.214,3.372,3.277,3.801,3.157
21,N1,138.637,137.82,139.641,134.014,137.359,136.062,137.848,136.977,135.736,136.598,141.229,135.26,137.845,139.722,140.016,135.644,137.893,137.637,135.319,136.15
21,N2,69.824,66.894,75.265,69.992,74.67,74.872,75.624,70.967,76.227,75.155,77.259,74.401,67.324,75.725,83.07,73.438,77.432,73.169,74.858,74.387
21,N3,162.308,159.052,167.198,161.578,164.045,165.685,162.393,163.794,167.062,162.903,168.025,163.563,162.91,170.042,164.968,160.532,170.144,164.883,163.544,165.385
21,N7,235.739,236.073,233.663,232.538,233.257,227.105,227.966,229.48,229.263,235.679,230.67,233.652,227.276,233.325,230.988,234.316,234.496,235.098,234.247,235.354
21,N9,167.201,171.44,169.504,166.249,167.01,164.363,166.252,165.911,166.019,168.345,170.474,165.682,164.989,168.268,171.542,168.254,166.092,168.297,167.306,165.809
21,P,-18.092,-20.823,-18.051,-18.599,-17.422,-17.369,-17.721,-18.228,-17.543,-23.414,-18.588,-16.05,-18.109,-16.508,-18.107,-19.288,-17.296,-18.216,-18.031,-16.252
22,C1',97.847,93.379,98.434,95.925,95.757,95.681,95.545,91.62,97.851,97.154,85.818,95.781,97.801,93.704,86.866,95.144,98.231,94.775,93.39,96.945
22,C2,149.009,148.999,148.623,149.803,150.256,148.001,147.622,147.599,148.375,145.719,151.527,145.554,151.41,148.697,150.804,149.241,148.081,147.032,146.805,147.184
22,C2',74.774,77.134,76.098,77.599,77.596,80.006,73.459,80.203,74.908,70.476,78.982,75.97,78.572,75.748,74.546,77.663,74.441,74.316,77.388,74.768
22,C3',74.77,75.714,72.064,72.365,76.69,71.338,73.457,75.199,72.68,76.685,74.953,72.378,71.721,72.932,75.834,75.384,72.501,72.927,72.066,72.752
22,C4,144.124,141.593,143.694,142.413,143.828,141.753,141.843,142.157,141.637,142.333,145.6,142.376,142.887,142.204,145.394,141.667,142.495,141.349,141.967,141.134
22,C4',78.538,80.028,75.972,79.004,78.926,81.135,77.973,84.972,78.153,78.843,84.419,78.782,77.224,77.023,81.711,78.218,79.763,76.315,77.431,79.303
22,C5,111.827,111.68,111.015,112.279,110.796,110.926,113.188,110.824,110.41,111.205,111.649,112.428,111.039,113.106,111.057,111.798,110.334,113.053,112.258,113.063
22,C5',61.427,65.108,62.703,63.896,62.927,62.374,62.627,62.761,61.052,64.627,69.123,63.079,64.053,64.176,68.69,62.464,61.632,61.87,61.724,62.096
22,C6,142.829,143.38,142.413,143.862,143.022,143.202,142.315,140.939,142.624,141.21,144.281,144.161,141.666,142.742,143.395,144.165,141.98,143.301,143.522,142.512
22,C8,130.8,132.611,132.619,129.927,131.834,131.722,131.465,129.574,131.243,137.281,135.021,130.319,130.764,131.239,135.661,132.221,132.896,130.923,128.732,130.752
22,H1',6.561,6.529,6.62,6.852,6.633,6.846,6.773,6.694,6.649,7.131,6.945,6.817,6.8,6.597,6.371,6.351,6.431,6.598,6.705,6.954
22,H2,8.082,8.384,8.497,8.145,8.151,8.539,7.499,8.3,8.369,7.892,8.653,8.004,9.328,8.152,8.549,8.41,8.439,8.225,7.632,7.647
22,H2',5.3,4.599,5.412,4.404,4.594,4.75,5.405,4.694,5.497,4.484,4.254,5.189,4.251,5.312,4.666,4.299,5.826,5.597,4.701,5.367
22,H3',4.724,4.631,4.585,4.665,4.834,4.813,4.501,4.885,4.715,5.201,4.717,4.512,4.686,4.757,4.934,4.549,4.842,4.656,5.02,4.675
22,H4',4.568,4.69,4.505,4.732,4.791,4.956,4.858,4.784,4.608,5.1,4.954,4.727,4.495,4.801,5.046,4.413,4.746,4.729,4.092,4.639
22,H5',4.752,4.726,4.825,4.807,4.649,4.763,4.106,4.868,4.773,5.461,3.948,4.082,4.768,4.342,4.111,4.519,4.664,4.812,4.527,4.759
22,H5'',4.127,4.052,4.068,4.134,4.084,5.004,4.122,4.824,4.08,3.649,4.638,4.124,4.179,4.204,4.534,4.127,4.11,4.144,4.15,4.016
22,H61,5.243,6.091,5.151,5.993,5.592,9.379,5.418,9.184,5.878,5.821,6.396,8.842,5.946,8.605,5.862,9.684,5.951,9.522,8.945,5.298
22,H62,5.596,5.832,5.42,5.553,5.59,5.651,5.538,4.973,5.601,8.811,6.981,5.637,5.422,5.345,6.513,5.477,5.557,5.421,5.348,5.408
22,H8,7.422,8.095,7.227,7.402,7.778,7.564,7.141,7.156,6.757,8.263,8.901,6.939,7.212,7.901,8.479,7.336,7.178,6.946,7.398,7.344
22,HO2',3.578,3.129,3.508,3.979,2.842,2.863,3.197,2.817,3.72,7.503,4.696,3.26,3.592,3.073,2.332,4.44,3.207,2.947,4.124,3.4
22,N1,223.066,223.375,220.026,218.353,219.083,211.684,221.185,213.531,215.765,220.116,223.881,210.2,215.895,223.327,232.486,213.576,216.896,212.696,210.709,216.392
22,N3,222.879,215.85,220.769,217.596,224.01,215.059,222.351,210.163,218.098,223.552,222.842,220.763,218.445,211.618,216.766,212.905,222.038,218.182,216.949,218.93
22,N6,83.803,83.581,75.886,78.464,76.781,81.517,79.949,95.203,80.28,83.445,77.845,78.189,84.288,87.058,87.932,84.931,74.326,84.584,84.614,80.907
22,N7,227.229,229.572,223.666,226.189,221.75,225.373,224.114,234.525,230.542,234.117,238.569,231.989,230.815,225.336,229.4,222.393,228.789,228.797,229.78,227.742
22,N9,173.198,174.263,170.849,174.959,174.905,175.442,173.586,170.043,169.161,170.608,171.085,169.598,174.275,168.904,167.151,173.953,171.304,169.555,177.097,172.127
22,P,-18.321,-18.291,-17.89,-18.222,-17.998,-19.438,-18.424,-21.738,-19.303,-20.3,-18.096,-18.445,-18.72,-18,-20.453,-18.637,-17.787,-17.825,-20.81,-19.277
23,C1',97.801,97.435,93.434,95.301,96.954,88.431,97.36,91.265,94.186,92.868,96.539,93.639,90.117,93.97,94.042,94.743,94.695,98.541,101.413,100.552
23,C2,145.817,144.478,146.059,145.695,146.523,147.097,145.107,146.353,146.46,146.05,146.64,146.01,146.994,146.916,147.56,148.885,145.168,145.68,146.46,144.492
23,C2',76.908,77.45,80.42,77.291,79.034,80.09,75.616,77.27,79.341,77.848,75.038,78.495,79.565,79.211,78.911,76.362,80.919,78.132,80.321,76.876
23,C3',74.199,74.729,79.308,73.978,73.019,74.859,74.405,75.993,83.363,75.028,72.3,82.259,80.216,80.748,78.908,81.207,80.359,75.701,74.649,74.703
23,C4,152.81,154.268,155.185,154.683,156.139,154.905,155.115,154.676,153.875,155.203,154.38,155.464,154.014,155.296,155.47,156.208,154.573,154.272,154.882,154.651
23,C4',80.233,81.464,82.522,79.465,79.011,77.723,78.471,84.002,83.992,83.067,78.049,83.192,79.472,79.054,83.326,84.683,81.879,80.236,74.916,79.071
23,C5,103.177,104.055,105.057,105.765,105.086,104.271,103.067,107.963,104.052,105.099,101.989,104.856,105.249,106.335,103.902,107.125,103.122,101.846,100.679,102.532
23,C5',64.568,65.647,65.547,64.283,63.258,66.619,60.691,67.188,66.937,68.955,64.177,65.707,66.22,65.594,68.411,66.553,65.981,64.186,59.558,62.39
23,C6,135.358,137.084,136.481,138.803,136.817,138.06,136.112,136.883,137.35,137.189,141.165,138.211,134.763,135.893,138.073,139.288,135.307,135.616,138.956,133.645
23,H1',6.262,6.86,6.162,6.708,6.732,6.344,6,6.913,6.461,6.519,7.4,6.361,6.332,6.395,6.674,6.264,6.397,6.064,6.976,5.855
23,H2',5.059,4.09,4.054,4.361,4.715,4.186,4.382,4.705,4.618,4.168,6,4.403,4.031,4.078,4.761,4.269,3.953,4.801,4.126,4.321
23,H3,9.005,7.16,7.598,7.815,7.7,7.737,7.829,7.832,7.5,7.786,7.635,7.673,7.685,7.877,7.768,8.084,7.321,7.492,7.772,7.766
23,H3',4.339,4.399,4.678,4.44,4.612,4.698,4.28,5.251,4.799,4.97,4.315,4.849,4.506,4.82,5.385,4.919,4.72,4.386,4.344,4.227
23,H4',4.673,4.684,5.055,4.374,4.467,4.904,4.523,4.966,4.996,4.71,4.813,4.715,5.231,5.544,5.125,4.949,5.448,4.751,4.904,4.627
23,H5,4.708,5.388,5.715,5.485,5.617,6.121,4.98,5.991,5.246,6.208,6.161,5.782,5.412,5.495,6.101,5.68,5.271,5.026,6.003,4.69
23,H5',4.397,4.13,4.475,4.433,4.192,3.989,4.611,3.991,4.534,5.021,4.483,4.272,4.744,4.171,4.33,4.224,4.639,4.335,4.955,4.793
23,H5'',4.097,4.246,4.226,4.273,4.62,4.484,4.479,4.415,3.999,4.363,4.195,4.314,3.968,4.07,4.702,4.214,4.06,3.992,4.209,4.039
23,H6,7.608,7.731,7.918,7.437,7.553,7.876,7.612,7.969,8.051,8.11,8.588,8.196,6.822,6.917,8.1,7.931,7.941,7.522,8.013,6.733
23,HO2',3.126,5.566,2.797,3.241,2.958,2.944,2.567,2.116,2.902,3.575,3.21,3.128,2.573,2.54,4.604,2.641,3.212,3.68,5.895,5.734
23,N1,155.99,160.945,156.665,160.353,155.192,153.977,154.339,152.581,157.789,158.02,159.141,156.789,154.19,155.909,157.864,154.042,155.271,157.345,163.339,155.894
23,N3,164.417,159.627,158.735,159.511,160.308,159.417,157.223,157.421,158.969,158.829,161.845,159.948,158.793,161.527,160.31,159.794,159.425,161.033,161.714,157.825
23,P,-18.049,-17.344,-18.214,-19.603,-19.176,-23.062,-18.676,-20.562,-18.595,-24.456,-23.37,-18.814,-16.748,-19.067,-16.683,-16.475,-18.695,-17.308,-18.246,-18.784
24,C1',102.528,95.117,98.028,91.596,91.398,99.022,92.71,99.304,98.914,90.478,97.25,95.825,96.053,98.259,96.827,89.345,99.125,89.577,92.946,96.867
24,C2,148.488,148.841,148.936,150.679,148.678,150.541,147.261,149.509,148.74,149.814,147.239,149.09,148.621,148.667,149.422,150.631,148.695,150.401,149.853,147.12
24,C2',76.847,79.562,75.348,76.938,81.27,74.294,79.208,81.678,75.879,74.084,75.38,76.054,76.99,76.336,75.773,72.383,75.566,78.345,81.078,75.163
24,C3',73.145,75.485,73.785,76.766,81.592,74.127,82.689,77.525,73.81,74.935,78.821,73.216,73.104,73.293,72.926,73.286,73.684,73.872,76.327,71.843
24,C4,148.124,147.478,148.926,148.585,149.435,151.218,148.587,148.881,148.281,148.091,146.154,147.561,147.576,149.07,147.819,147.727,147.876,148.434,148.511,147.079
24,C4',84.995,80.912,76.658,79.521,82.478,76.922,81.234,88.236,77.944,79.287,72.123,77.536,76.936,78.882,78.274,83.934,76.706,81.893,84.661,78.024
24,C5,90.779,88.964,90.616,91.011,89.557,89.378,90.276,88.682,88.523,90.015,91.705,90.323,93.675,92.148,90.603,90.483,90.414,89.682,89.921,89.953
24,C5',63.76,64.508,63.187,67.034,67.386,61.661,66.085,66.068,65.187,67.112,64.078,64.66,64.728,64.488,62.983,69.261,64.157,65.558,68.488,62.584
24,C6,137.379,143.029,140.044,139.176,138.217,142.555,139.225,139.757,139.541,137.316,138.182,138.763,140.401,134.654,136.82,141.359,136.23,137.265,139.31,137.367
24,H1',6.539,7,6.121,6.75,6.783,6.084,6.465,6.801,6.161,6.033,6.599,5.976,6.853,6.661,6.342,6.683,6.32,6.573,6.915,6.222
24,H2',4.516,4.75,5.517,4.058,4.473,5.708,4.46,4.653,5.004,4.367,5.688,5.359,4.901,5.171,4.95,4.12,4.991,3.842,4.311,4.887
24,H3',4.752,4.78,4.454,4.7,4.677,4.713,4.454,4.584,4.586,4.538,4.119,4.466,5.063,4.631,4.529,5.211,4.49,5.13,4.994,4.388
24,H4',4.899,4.876,4.675,5.313,5.11,4.612,5.107,5.109,4.589,4.135,5.116,4.629,4.503,4.433,4.743,4.544,4.622,4.694,5.217,4.564
24,H41,5.373,5.054,5.164,5.735,5.593,5.127,6.531,5.556,5.007,6.008,5.116,7.172,5.15,6.234,8.063,4.972,5.716,5.622,5.431,5.986
24,H42,4.863,4.898,5.062,4.884,4.497,5.026,5.099,5.125,4.879,4.816,7.916,8.048,5.399,6.8,4.549,4.848,4.76,5.961,5.096,4.708
24,H5,5.356,5.544,5.721,5.301,6.148,5.906,5.828,5.682,5.754,5.091,5.642,5.734,5.991,5.725,4.312,5.044,5.709,5.461,5.829,5.088
24,H5',4.955,4.483,4.229,3.954,4.18,4.56,4.382,5.222,4.328,4.191,3.715,4.609,4.255,4.065,4.504,3.922,4.382,4.357,4.181,4.342
24,H5'',4.539,5.237,4.15,4.002,4.113,4.249,4.065,3.542,4.148,3.927,4.364,4.264,4.341,4.194,4.197,4.35,4.311,4.591,4.531,4.165
24,H6,7.814,8.011,8.106,7.4,7.866,8.888,8.081,8.182,8.212,7.371,7.095,8.048,8.197,7.835,7.022,7.688,7.811,7.263,7.9,7.546
24,HO2',3.514,3.547,3.119,3.188,2.902,3.199,1.687,5.453,3.063,3.869,3.61,2.997,3.496,2.856,3.394,4.868,3.165,2.739,2.598,3.002
24,N1,161.821,164.49,157.156,153.046,157.258,159.66,154.128,159.454,157.206,157.424,149.371,152.373,160.734,155.847,156.202,153.096,156.12,150.209,157.678,151.357
24,N3,197.225,198.811,209.543,199.418,196.186,202.857,198.591,197.184,201.32,195.887,204.529,201.976,202.823,208.222,195.033,199.648,211.221,201.699,196.621,202.94
24,N4,81.933,84.336,78.556,78.221,77.166,72.388,76.417,74.159,80.297,87.078,86.43,94.692,88.792,87.315,91.169,81.755,83.469,78.812,77.812,86.494
24,P,-18.494,-18.582,-17.446,-17.697,-17.966,-19.937,-17.019,-23.831,-18.223,-21.335,-21.691,-17.432,-16.84,-17.628,-18.955,-14.857,-17.192,-19.061,-22.502,-19.612
25,C1',95.29,94.828,97.74,107.309,95.285,95.035,94.041,95.58,96.276,91.084,95.023,97.499,94.835,98.484,96.52,95.675,97.846,91.063,91.702,94.093
25,C2,147.301,145.894,145.077,146.328,146.322,147.786,148.26,146.472,145.554,147.219,145.048,144.901,144.419,145.538,146.776,146.547,145.217,147.453,146.602,145.525
25,C2',81,76.999,75.25,74.895,75.687,79.069,78.533,80.63,75.77,78.56,76.448,74.715,76.808,76.803,76.465,77.445,75.584,79.656,75.84,79.473
25,C3',84.069,75.986,71.498,74.4,74.019,81.095,81.123,80.696,72.023,78.595,73.486,73.754,73.336,71.864,73.499,75.738,75.212,77.599,69.303,80.769
25,C4,154.291,154.941,154.655,154.835,155.394,153.557,154.364,154.823,153.902,152.676,154.487,154.607,154.047,152.175,156.246,155.204,155.151,155.585,154.577,155.189
25,C4',82.59,78.463,78.14,77.452,77.212,85.301,81.685,82.434,77.99,79.831,77.365,76.64,78.214,77.136,79.216,76.244,78.119,84.134,83.326,81.122
25,C5,101.117,103.026,103.266,101.241,105.511,105.618,101.581,103.476,103.617,105.971,110.713,109.127,106.113,104.893,102.751,104.177,102.288,103.632,105.229,105.498
25,C5',65.567,68.447,63.374,62.485,63.72,65.948,67.206,70.679,63.654,68.55,65.311,62.526,63.834,61.779,62.854,64.258,62.549,68.449,65.998,66.52
25,C6,139.153,137.58,137.78,141.466,136.03,138.535,139.634,139.017,136.973,139.272,134.33,136.387,136.156,136.266,136.744,137.509,137.694,138.688,139.967,139.001
25,H1',6.794,6.08,6.075,5.98,6.009,6.803,6.849,6.884,6.506,6.832,6.396,5.763,6.531,6.2,6.398,6.721,5.981,6.89,6.468,7.558
25,H2',4.018,5.121,5.109,4.929,5.381,4.882,4.452,4.753,4.955,4.671,4.863,5.341,5.002,5.099,4.74,5.054,4.973,4.46,5.037,4.054
25,H3,7.64,8.502,8.562,7.861,9.434,7.619,7.72,7.632,8.773,7.544,7.422,8.637,9,7.851,9.856,7.76,9.739,7.751,8.006,7.511
25,H3',4.525,4.356,4.759,5.704,4.794,4.818,4.81,4.817,4.994,4.685,4.81,4.674,4.874,4.559,4.998,4.845,4.645,4.415,4.206,4.898
25,H4',4.908,4.765,4.586,4.27,4.711,4.833,5.783,5.518,4.661,5.654,4.805,4.515,4.778,4.38,4.628,4.536,4.613,5.438,4.57,5.418
25,H5,6.034,6.362,5.777,5.329,6.281,6.052,6.223,5.982,5.727,5.666,6.033,5.77,5.873,5.535,5.859,6.14,5.719,6.309,5.969,5.942
25,H5',4.442,4.505,4.191,4.496,4.512,4.263,4.495,4.326,4.325,4.266,4.334,4.102,4.491,4.646,4.522,4.378,4.31,4.23,5.711,4.072
25,H5'',4.089,4.236,4.248,4.353,4.343,4.052,4.368,4.221,4.208,4.768,4.129,4.114,4.124,4.063,4.178,4.639,4.149,4.361,4.634,4.061
25,H6,9.015,8.163,8.294,7.909,8.483,8.519,8.625,8.418,8.283,8.305,8.011,7.939,8.123,7.34,7.922,7.993,8.065,8.087,8.401,8.321
25,HO2',2.653,3.174,4.153,3.374,2.838,3.238,3.251,3.165,3.126,2.493,3.08,3.129,3.352,3.308,3.048,4.181,3.275,2.654,2.755,3.273
25,N1,153.845,155.922,159.621,158.774,154.458,159.194,157.216,156.897,159.917,154.785,156.597,153.587,157.484,155.652,156.34,162.723,155.14,155.978,156.035,158.876
25,N3,160.178,161.483,158.664,164.8,158.404,158.781,160.484,161.146,162.092,156.874,162.056,162.13,158.569,159.549,163.387,158.752,159.642,160.07,158.812,158.685
25,P,-19.528,-18.659,-18.688,-18.117,-19.503,-21.994,-22.394,-19.163,-19.197,-19.746,-18.556,-18.579,-16.313,-17.921,-18.99,-21.07,-17.965,-22.603,-21.319,-17.891
26,C1',98.506,95.177,94.419,95.314,95.398,96.259,95.895,93.115,94.681,97.495,97.387,93.234,95.198,94.061,95.099,95.36,95.415,97.779,95.65,94.291
26,C2,141.19,141.72,141.659,141.319,141.265,141.61,138.551,140.396,141.885,142.114,140.633,140.588,142.552,141.703,140.616,139.362,142.072,140.896,140.445,140.81
26,C2',74.64,75.97,76.515,76.071,75.655,76.224,73.788,73.782,75.829,75.811,73.649,76.856,76.063,77.353,75.615,74.535,78.073,77.011,76.097,75.67
26,C3',73.265,71.906,73.397,72.823,72.37,82.006,73.644,73.756,73.226,73.842,73.086,73.397,73.466,75.199,73.263,73.561,73.494,72.74,79.048,73.743
26,C4,144.896,145.564,145.662,145.327,146.418,146.169,143.527,144.806,145.24,146.458,145.628,143.303,145.482,145.081,145.58,145.496,147.399,145.331,142.885,146.535
26,C4',77.81,77.109,78.725,77.912,78.101,77.399,77.361,76.26,78.335,79.65,80.054,76.839,77.39,78.18,78.278,78.875,79.429,81.779,74.51,77.929
26,C5,115.203,115.069,114.453,113.771,114.041,114.042,114.701,115.302,114.609,113.18,115.295,115.57,114.725,115.062,115.287,115.327,115.325,113.618,113.619,116.218
26,C5',67.001,63.619,65.07,63.255,64.412,68.529,61.45,63.818,65.061,63.183,64.121,63.648,62.631,63.683,65.405,59.867,63.861,64.1,68.564,64.556
26,C6,151.69,150.047,150.705,150.101,149.979,149.895,146.53,152.271,150.884,151.331,149.474,150.358,151.012,151.57,151.56,149.81,150.682,149.156,149.448,150.528
26,C8,131.946,126.403,127.215,127.258,127.275,127.885,129.522,131.912,126.807,127.375,125.37,126.141,125.899,127.014,126.558,129.998,126.535,130.159,127.905,128.112
26,H1,10.71,11.185,11.616,11.29,10.742,11.54,6.746,11.054,10.687,11.306,10.76,10.408,11.267,11.494,11.416,6.409,11.24,10.762,11.828,11.897
26,H1',6.562,6.378,6.32,6.342,6.276,6.549,5.963,4.72,6.308,6.054,6.352,6.302,6.375,6.317,6.356,6.536,6.509,6.515,6.283,6.152
26,H2',5.1,5.249,5.48,5.408,5.175,5.424,5.884,5.538,5.212,5.224,5.78,5.284,5.627,5.156,5.269,5.649,4.956,4.951,5.243,5.839
26,H21,7.712,8.177,8.265,8.56,7.701,7.44,4.835,7.4,7.596,7.438,8.431,6.587,8.849,6.856,8.342,4.583,8.154,7.51,8.68,8.346
26,H22,5.252,5.109,4.884,4.945,4.805,4.67,5.122,4.504,4.752,4.612,5.008,4.691,4.924,5.228,4.864,5.277,5.136,5.048,4.652,5.101
26,H3',4.622,5.046,4.924,4.97,5.083,4.568,4.901,4.208,4.862,5.089,4.826,5.037,4.718,4.683,5.128,4.792,4.793,4.812,4.549,5.053
26,H4',4.478,4.682,4.821,4.603,4.765,4.791,4.661,4.479,4.786,4.68,4.582,4.64,4.708,4.757,4.514,4.864,4.757,4.549,5.121,4.818
26,H5',4.917,4.261,4.485,4.496,4.221,4.385,4.29,4.547,4.479,4.164,4.217,4.241,4.326,4.452,4.483,4.794,4.343,4.299,4.723,4.547
26,H5'',4.36,4.214,4.229,4.276,4.302,4.59,4.217,3.941,4.24,4.209,4.124,4.293,4.369,4.298,4.187,4.207,4.239,4.117,4.411,4.407
26,H8,7.998,7.488,7.897,7.896,7.624,7.678,7.83,7.245,7.677,7.89,6.905,7.7,7.537,7.407,7.904,7.988,7.56,7.888,7.479,8.098
26,HO2',4.482,3.204,3.374,3.263,3.11,3.307,3.21,3.407,3.004,2.877,3.8,3.653,3.246,3.565,2.615,3.323,3.305,3.063,2.669,2.996
26,N1,138.082,136.891,139.724,136.497,140.42,138.866,133.045,139.106,140.815,136.67,134.611,136.402,138.743,137.756,137.824,131.494,137.524,134.636,134.741,137.536
26,N2,72.275,73.1,71.099,74.42,70.216,72.566,73.05,72.089,73.747,71.717,73.458,75.919,73.812,71.697,73.486,66.196,66.007,72.788,70.989,68.137
26,N3,164.221,161.396,164.025,158.937,160.098,162.474,165.822,169.966,159.48,163.649,166.038,160.037,163.795,162.477,161.345,168.129,162.976,160.95,162.254,164.969
26,N7,228.88,233.965,233.642,234.741,233.561,228.619,234.913,233.36,230.917,234.324,235.14,235.253,232.417,231.963,235.975,237.522,234.485,232.228,243.822,230.721
26,N9,167.992,167.486,169.558,169.048,171.711,168.362,165.244,168.606,167.648,168.665,166.319,167.8,167.121,170.785,169.684,165.152,171.081,167.712,163.101,165.458
26,P,-13.42,-17.734,-18.049,-18.477,-18.028,-19.179,-18.675,-20.853,-19.087,-17.863,-19.617,-17.983,-16.532,-16.465,-19.534,-21.418,-18.541,-20.282,-17.572,-17.425
27,C1',96.373,94.908,96.06,95.848,96.091,95.396,94.615,95.659,94.359,95.098,97.628,95.45,95.739,95.791,96.9,100.214,96.308,95.799,94.093,96.613
27,C2,147.376,147.348,146.648,148.346,148.354,148.294,147.597,146.547,147.913,147.972,147.802,147.005,148.153,146.612,147.295,147.059,147.692,148.017,147.085,148.554
27,C2',75.041,75.623,74.396,75.544,76.189,75.239,76.908,75.083,75.157,75.323,77.015,76.672,76.281,75.273,76.954,75.888,75.079,76.75,76.754,76.649
27,C3',74.628,71.538,72.204,73.285,73.955,72.257,74.732,72.657,72.261,73.58,73.165,73.095,72.356,73.604,73.322,73.6,72.569,72.794,74.09,73.167
27,C4,142.222,141.632,141.46,142.319,141.971,141.642,141.768,141.554,141.326,142.79,141.637,141.725,142.616,141.898,142.112,142.821,141.692,141.036,140.269,143.087
27,C4',78.437,77.389,77.73,77.911,78.729,77.375,78.68,77.151,78.199,78.249,79.6,77.2,78.531,78.207,78.143,80.872,76.531,79.1,78.7,77.406
27,C5,113.079,112.526,113.379,113.607,113.244,113.806,113.027,112.604,113.848,110.386,114.169,112.87,112.161,113.101,112.09,113.684,114.315,113.012,114.718,113.202
27,C5',62.132,62.63,63.075,63.468,64.327,64.602,65.074,65.045,63.84,63.72,63.936,63.344,62.023,63.361,63.958,65.276,63.154,63.546,64.239,63.89
27,C6,143.452,142.915,143.567,143.429,143.365,142.749,145.08,143.904,143.591,142.355,143.565,143.672,143.614,143.427,142.692,145.132,143.793,143.783,143.501,143.374
27,C8,131.73,131.027,131.867,129.691,130.621,130.891,131.579,132.121,131.353,133.903,131.057,129.885,130.599,131.359,130.314,130.697,130.023,130.815,129.428,131.028
27,H1',6.495,6.548,6.718,6.854,6.653,6.727,6.874,6.399,6.706,6.542,6.817,6.574,6.716,6.462,6.541,6.495,6.799,6.879,6.459,6.786
27,H2,7.64,8.004,7.815,7.66,7.884,7.915,8.03,7.707,8.057,7.722,7.866,7.855,7.803,7.836,8.064,7.834,7.87,7.818,7.773,7.784
27,H2',5.695,5.061,5.818,5.206,5.55,5.392,5.343,5.543,5.471,5.184,5.059,4.946,5.07,5.205,4.812,5.209,5.162,5.065,5.64,5.172
27,H3',4.926,4.857,4.863,4.854,4.756,5.101,4.932,5.142,5.062,5.485,4.866,4.91,4.771,4.93,4.749,4.972,4.881,5.075,4.889,4.986
27,H4',4.809,4.691,4.6,4.597,4.735,4.76,4.866,4.718,4.918,4.706,4.588,4.546,4.751,4.718,4.548,4.689,4.721,4.784,4.753,4.698
27,H5',4.596,4.734,4.851,4.85,4.698,4.384,4.49,4.711,4.903,4.949,4.409,4.303,4.697,4.793,4.616,4.22,4.702,5.01,4.978,4.347
27,H5'',4.131,4.17,4.097,4.168,4.171,4.363,4.221,4.241,4.124,4.122,4.254,4.348,4.126,4.154,4.222,4.172,4.128,4.145,4.158,4.321
27,H61,8.847,9.399,9.138,8.758,9.345,6.655,9.869,9.488,9.561,7.403,7.869,7.321,7.603,9.097,9.243,9.354,9.098,8.301,9.765,7.088
27,H62,5.816,5.628,5.61,5.615,5.559,5.499,5.452,5.747,5.578,5.401,5.731,5.982,5.686,5.864,5.68,5.776,5.53,5.673,5.697,5.576
27,H8,7.984,7.319,7.686,7.52,7.883,7.88,7.828,7.716,8.073,8.45,7.799,7.275,7.3,7.892,7.283,7.101,7.676,8.022,7.696,7.733
27,HO2',3.331,3.153,4.518,4.201,4.278,4.163,2.659,3.206,3.161,3.036,3.202,3.1,3.808,3.329,5.602,3.299,3.622,3.262,3.179,3.438
27,N1,212.688,210.697,211.63,211.837,216.981,211.767,213.658,210.568,212.88,210.991,214.177,214.491,214.415,213.01,211.332,213.199,211.656,211.071,209.729,212.947
27,N3,219.878,217.807,215.13,214.428,217.097,215.965,213.657,217.969,215.291,217.584,214.454,213.752,220.762,218.782,223.751,216.43,211.168,210.67,208.248,218.471
27,N6,81.171,83.698,81.203,86.437,82.159,88.33,81.729,85.794,81.697,79.024,81.015,86.524,79.855,81.626,83.086,82.488,89.935,83.237,92.909,78.211
27,N7,223.738,228.143,222.251,227.047,224.52,221.115,224.102,224.257,221.215,224.306,224.415,227.062,227.661,224.489,227.428,230.455,227.863,224.923,239.491,225.316
27,N9,173.646,173.845,173.243,174.166,173.492,173.494,171.883,172.268,175.458,175.402,173.68,171.51,174.363,175.049,175.151,171.622,173.208,176.361,168.399,174.943
27,P,-17.755,-17.906,-19.105,-17.86,-17.949,-17.081,-18.554,-21.18,-19.659,-19.456,-17.048,-17.191,-17.457,-16.691,-17.064,-19.295,-20.106,-17.907,-19.242,-17.522
28,C1',96.431,95.488,96.989,96.758,95.841,96.047,93.848,94.909,93.992,94.409,98.522,94.289,96.887,94.271,96.797,96.957,95.753,99.782,96.897,96.843
28,C2,141.839,142.342,141.223,141.609,142.138,141.953,141.654,141.509,141.846,142.136,141.898,141.818,141.668,142.068,142.038,142.467,141.2,142.478,141.069,141.938
28,C2',74.899,75.146,74.706,74.266,74.757,75.711,75.741,76.431,75.336,77.369,77.902,75.826,76.86,75.63,76.689,77.204,73.817,76.376,77.186,76.743
28,C3',73.598,73.059,75.388,73.863,72.484,72.642,74.987,73.371,74.944,75.283,73.878,73.757,72.578,73.684,74.758,72.871,73.519,76.152,73.077,72.798
28,C4,144.233,145.905,145.89,145.849,145.2,144.297,145.772,145.336,145.571,145.032,145.345,144.54,144.744,145.885,146.011,145.575,145.279,146.54,145.785,145.652
28,C4',79.092,75.291,79.055,78.82,77.495,79.378,78.008,77.194,76.734,79.605,78.838,79.194,77.492,78.385,80.385,78.922,77.197,79.549,77.065,76.356
28,C5,115.076,114.144,113.936,114.992,116.038,114.421,112.583,116.274,114.845,112.312,112.752,114.528,115.696,113.948,113.578,112.455,113.229,114.302,114.205,115.868
28,C5',62.757,62.75,62.45,62.866,62.1,63.383,64.542,63.023,64.731,64.318,63.713,63.516,63.759,63.276,63.864,64.226,62.421,65.443,63.312,63.246
28,C6,149.784,150.512,150.93,149.947,150.086,149.118,150.426,150.418,150.704,150.027,150.613,149.114,150.881,149.696,150.423,150.907,150.246,150.738,149.891,150.573
28,C8,128.108,125.39,126.827,125.896,126.214,126.263,127.406,127.405,126.908,126.347,125.444,125.981,126.611,126.784,126.371,126.244,124.978,125.503,125.262,126.572
28,H1,12.284,12.846,12.094,12.182,12.302,11.789,12.591,11.615,12.347,12.269,12.348,12.157,13.047,12.156,12.443,12.141,12.062,11.923,12.16,11.856
28,H1',6.547,6.432,6.255,6.224,6.289,6.462,6.308,6.446,6.54,6.354,6.412,6.35,6.634,6.441,6.468,6.272,6.23,6.354,6.248,6.495
28,H2',5.583,4.39,5.429,5.523,5.406,5.07,4.966,4.942,5.246,5.22,4.337,5.482,4.614,5.359,4.893,4.229,5.388,4.173,4.963,5.006
28,H21,9.133,8.969,9.122,8.993,8.644,8.729,9.224,7.581,8.933,8.488,9.152,8.778,8.719,8.529,9.756,9.211,8.992,8.504,8.672,8.878
28,H22,5.164,5.228,5.023,4.95,5.173,5.311,5.061,5.064,5.429,5.305,5.26,5.256,5.136,5.388,5.221,4.952,4.955,5.212,5.255,5.303
28,H3',4.641,4.796,4.419,4.719,4.773,4.654,4.938,4.719,4.566,4.769,4.447,4.562,4.741,4.792,4.575,4.588,4.369,4.276,4.486,4.764
28,H4',4.713,4.569,4.764,4.781,4.779,4.707,4.867,4.764,4.662,4.834,4.478,4.862,4.537,4.805,4.794,4.266,4.813,4.34,4.46,4.655
28,H5',4.658,4.625,4.469,4.335,4.275,4.312,4.274,4.505,4.783,4.396,4.679,4.386,4.806,4.783,4.501,4.615,4.438,4.435,4.206,4.819
28,H5'',3.974,4.064,4.079,4.293,4.253,4.096,4.295,4.089,4.039,4.206,4.16,4.116,4.033,3.994,4.209,4.148,4.006,4.291,4.289,4.089
28,H8,7.249,6.934,6.607,6.96,6.82,6.969,7.41,6.951,6.799,7.44,6.324,6.831,7.131,7.167,7.489,6.761,6.074,6.574,6.435,6.894
28,HO2',4.159,3.064,3.027,3.057,2.972,3.309,2.906,3.77,3.175,2.909,4.853,2.982,3.619,3.027,3.575,4.413,3.147,4.707,3.656,3.382
28,N1,137.479,138.369,137.863,140.419,138.831,138.152,136.934,137.739,137.275,138.914,136.283,139.13,136.151,138.807,138.129,137.698,137.36,138.157,137.819,138.049
28,N2,74.577,70.083,76.514,75.554,71.624,75.584,79.404,69.828,75.489,79.135,74.978,74.914,71.459,75.649,72.1,73.568,73.405,73.295,74.003,74.422
28,N3,162.039,159.91,166.765,168.305,165.079,161.496,160.94,162.13,162.755,162.21,164.069,162.336,162.548,162.136,165.049,162.856,164.339,164.32,163.474,164.633
28,N7,227.536,234.889,231.22,230.157,233.63,231.316,232.271,233.432,234.851,234.89,233.605,230.913,231.114,232.948,232.816,233.203,234.726,235.193,233.424,233.24
28,N9,165.125,169.53,165.99,163.805,166.844,166.508,166.616,169.405,167.455,165.497,168.096,165.546,169.214,167.376,168.41,166.712,165.98,169.671,167.392,166.692
28,P,-18.186,-19.409,-18.461,-17.129,-18.002,-18.847,-16.736,-18.95,-18.432,-18.7,-18.441,-17.765,-17.168,-20.645,-17.176,-18.701,-19.298,-17.572,-16.332,-18.088
29,C1',100.454,96.259,98.683,98.921,98.404,96.777,95.374,95.686,97.612,96.599,99.388,95.518,99.186,97.425,96.561,96.791,97.761,99.059,97.659,96.23
29,C2,148.784,148.396,149.091,148.309,148.653,148.431,149.248,149.612,147.59,149.168,150.114,148.477,148.703,147.44,148.392,149.241,149.044,148.685,148.766,148.328
29,C2',76.085,77.218,75.981,76.358,77.834,76.327,76.193,75.948,75.398,76.412,76.874,75.649,75.312,75.67,75.302,76.531,75.163,76.171,75.745,75.667
29,C3',72.51,72.146,73.057,71.593,75.336,73.152,72.031,73.844,75.56,73.793,73.214,73.597,72.149,73.986,73.262,74.268,73.91,73.288,74.578,73.794
29,C4,148.467,149.113,148.635,148.958,148.873,150.136,147.393,147.842,149.141,148.403,149.413,148.733,149.442,147.684,148.921,147.925,149.531,149.089,148.803,147.938
29,C4',79.166,77.696,76.77,80.931,80.238,78.24,77.799,77.063,78.912,77.528,80.255,76.614,77.57,77.358,76.948,78.604,78.4,78.485,77.223,78.015
29,C5,91.023,93.535,90.694,90.037,91.662,92.061,94.84,93.932,90.732,91.1,91.656,93.368,91.99,93.992,91.808,93.198,92.289,91.439,92.765,92.358
29,C5',62.86,62.842,62.672,62.16,63.481,62.42,64.934,65.126,63.462,62.844,63.466,62.226,62.776,62.541,63.965,64.873,61.624,62.456,61.389,62.966
29,C6,134.69,134.847,137.939,135.79,134.851,136.406,135.182,133.956,136.817,138.303,137.721,137.204,135.532,135.965,135.468,137.658,136.357,137.854,135.617,136.837
29,H1',6.253,6.52,6.419,6.228,6.012,6.48,6.54,6.194,6.38,6.365,6.492,6.303,6.33,6.212,6.15,6.52,6.351,6.508,6.214,6.212
29,H2',4.389,4.311,4.327,4.813,4.596,5.205,5.27,5.498,5.245,4.812,4.801,5.071,4.963,5.879,5.351,4.347,4.994,4.544,4.848,5.351
29,H3',4.506,4.596,4.853,4.759,4.306,4.417,4.543,4.246,4.34,4.679,4.545,4.583,4.494,4.177,4.369,4.446,4.525,4.687,4.366,4.461
29,H4',4.386,4.438,4.435,4.704,4.603,4.586,4.76,4.726,4.588,4.626,4.603,4.749,4.499,4.63,4.58,4.312,4.629,4.503,4.65,4.84
29,H41,9.794,10.055,7.769,8.889,9.663,9.676,9.592,9.214,8.966,8.271,9.356,9.739,9.781,8.782,9.521,9.045,9.668,7.844,9.557,9.6
29,H42,4.887,5.279,4.917,4.957,4.996,5.039,4.7,4.674,4.782,4.693,5.082,5.036,4.889,4.729,4.625,4.713,4.947,5.027,5.167,4.676
29,H5,4.711,5.272,4.918,4.758,5.053,5.275,5.325,4.797,5.028,4.93,5.381,5.205,5.058,5.131,5.047,4.846,5.063,5.497,5.154,4.848
29,H5',4.429,4.544,4.956,4.787,4.828,4.893,4.386,4.424,4.511,4.747,4.532,4.851,4.721,4.236,4.648,4.363,4.813,4.36,4.83,4.765
29,H5'',4.186,4.052,4.051,4.038,4.071,4.033,4.275,4.222,4.141,4.281,4.224,4.04,4.132,4.255,4.148,4.358,4.018,4.234,4.117,4.042
29,H6,7.271,7.683,7.816,7.65,7.261,7.726,7.842,7.338,7.638,7.827,7.922,7.839,7.47,7.538,7.725,7.366,7.586,7.996,7.155,7.229
29,HO2',3.203,3.022,3.135,3.057,2.293,2.909,3.407,3.049,2.866,3.014,4.766,3.008,3.703,3.958,3.659,3.746,3.346,4.174,2.817,2.865
29,N1,153.299,156.495,157.64,155.374,152.533,155.032,153.265,151.415,151.354,154.956,158.657,154.068,153.865,151.511,151.358,157.31,154.343,158.941,153.967,151.02
29,N3,194.991,194.697,195.093,202.067,197.035,195.754,191.011,192.898,198.966,194.214,194.412,199.18,197.458,197.553,196.609,192.817,195.125,196.422,198.185,195.394
29,N4,86.92,90.458,89.094,88.262,88.747,89.257,94.116,96.625,85.154,86.589,87.281,91.661,90.837,89.275,91.324,94.137,89.537,84.483,91.832,87.802
29,P,-18.552,-19.291,-20.958,-20.004,-19.015,-18.166,-22.541,-18.69,-17.298,-19.181,-17.289,-19.446,-18.213,-17.83,-18.298,-17.068,-19.823,-18.844,-17.244,-17.624
30,C1',96.014,96.217,94.324,99.391,94.954,99.645,93.789,96.612,99.242,97.277,97.801,97.681,89.189,96.751,97.822,97.1,96.403,97.367,95.758,95.876
30,C2,149.455,148.369,148.626,148.308,148.648,149.977,149.065,147.573,146.979,148.445,149.527,148.975,149.591,146.267,149.223,149.076,148.82,149.355,149.344,148.306
30,C2',76.237,74.78,75.506,75.755,77.631,75.019,77.462,76.538,75.988,77.53,77.872,77.008,79.56,73.719,77.18,79.101,77.587,76.231,75.441,76.167
30,C3',72.556,73.296,74.482,71.209,72.008,75.261,74.174,74.577,73.753,74.935,75.046,69.67,78.154,70.761,74.348,77.258,75.078,75.299,75.02,73.348
30,C4,149.886,149.004,148.746,148.232,148.007,149.658,149.283,147.727,148.009,148.14,148.848,147.738,147.674,146.416,148.911,148.071,149.759,148.883,149.731,146.811
30,C4',77.647,78.029,77.328,79.719,77.911,77.496,85.164,78.043,79.975,78.315,78.135,78.105,84.49,77.894,79.244,80.337,77.918,77.417,78.386,77.69
30,C5,89.618,92.977,92.17,92.95,93.193,93.969,92.78,92.996,91.796,90.132,91.461,90.62,95.825,92.691,93.025,92.691,91.922,92.399,91.329,92.7
30,C5',64.079,63.189,63.568,63.513,66.904,69.863,69.523,62.246,63.343,64.04,62.915,63.092,65.554,63.346,62.307,66.2,62.655,63.228,63.31,63.802
30,C6,139.327,135.623,137.856,135.149,137.955,135.183,137.821,138.649,139.4,138.513,138.127,137.643,135.349,136.627,137.352,138.737,138.246,137.393,137.184,139.011
30,H1',6.543,6.617,6.64,6.422,7.09,6.275,7.095,5.937,6.809,6.153,6.478,6.624,6.94,6.273,6.065,6.955,6.412,6.636,6.56,6.211
30,H2',4.793,5.63,4.74,5.785,4.468,6.407,4.402,4.919,4.669,4.288,4.68,5.562,4.368,5.441,4.897,4.73,4.416,4.471,4.925,5.247
30,H3',4.838,5.048,4.819,4.367,4.941,4.193,4.786,4.323,4.553,4.561,4.603,4.245,4.577,4.68,4.085,4.067,4.413,4.833,4.767,4.52
30,H4',4.674,4.53,4.568,4.247,4.568,4.746,5.304,4.669,4.683,4.529,4.472,4.537,4.783,4.704,4.78,4.548,4.614,4.613,4.606,4.77
30,H41,9.545,9.498,9.792,8.956,7.885,8.549,9.97,5.251,5.286,5.183,9.568,5.181,6.201,5.106,5.485,7.456,8.582,10.057,9.383,5.181
30,H42,4.856,5.06,4.76,4.87,4.897,4.826,5.439,4.804,4.581,4.775,4.924,5.262,4.955,4.757,4.883,4.997,5.044,5.085,4.803,4.588
30,H5,5.303,5.541,5.464,5.411,5.732,5.914,5.795,5.334,5.348,5.691,5.482,5.381,5.602,5.263,5.634,5.73,5.506,5.369,5.437,5.441
30,H5',4.712,4.681,4.454,4.77,4.397,4.448,4.137,4.106,4.653,4.222,4.503,4.208,4.601,4.281,4.103,4.613,4.243,4.244,4.518,4.182
30,H5'',4.067,4.191,4.106,4.195,4.499,4.31,4.363,4.239,4.142,4.178,4.295,4.148,4.462,4.207,4.682,4.585,4.241,4.328,4.04,4.069
30,H6,8.26,7.642,8.152,7.248,8.148,7.54,8.077,7.727,8.221,8.091,7.885,8.199,7.25,7.954,7.684,7.991,7.751,7.717,7.827,7.924
30,HO2',3.2,2.971,4.045,4.69,3.155,4.081,7.391,2.696,2.505,2.993,4.01,4.21,3.683,3.993,3.073,4.587,2.515,3.104,7.58,3.082
30,N1,156.395,155.58,156.905,155.825,157.797,149.687,159.612,155.365,156.249,159.925,158.32,157.017,147.251,158.19,154.376,159.619,158.348,159.482,156.614,156.829
30,N3,190.364,196.404,189.652,197.535,205.097,200.787,192.887,204.184,200.265,206.364,191.869,207.113,206.49,203.251,202.832,197.832,195.145,188.966,189.252,201.151
30,N4,84.065,89.423,89.361,88.17,89.757,94.162,88.474,80.28,84.519,76.287,84.569,83.612,87.184,82.742,84.267,91.406,82.071,85.567,89.109,80.884
30,P,-18.728,-20.078,-20.469,-18.705,-18.961,-17.623,-17.328,-16.653,-18.034,-16.54,-17.202,-15.348,-19.027,-17.393,-18.074,-15.945,-18.745,-20.228,-18.463,-17.305
31,C1',95.925,94.027,90.753,89.775,90.918,98.772,95.296,95.853,95.191,94.435,93.438,99.797,89.652,98.033,91.813,93.423,104.177,90.8,95.353,99.617
31,C2,146.352,148.104,147.2,146.92,147.081,146.477,147.907,145.803,146.058,145.064,147.365,145.595,148.134,146.186,146.171,147.691,148.724,146.644,145.939,146.142
31,C2',77.251,79.609,78.93,78.87,77.316,76.725,77.8,80.463,80.352,73.259,80.955,74.185,77.288,74.13,79.021,77.542,75.443,79.531,78.287,75.613
31,C3',74.06,80.513,74.297,76.5,74.495,74.188,74.947,73.375,77.623,71.183,79.823,72.779,78.639,73.069,77.38,83.077,72.209,78.187,73.138,73.139
31,C4,155.244,155.126,154.798,154.734,154.434,154.934,155.09,154.753,154.932,154.488,155.223,154.348,154.63,154.979,154.378,154.783,156.351,154.614,155.318,155.286
31,C4',77.646,80.902,82.404,80.06,79.912,79.365,85.997,77.731,81.059,76.801,81.051,76.882,78.083,78.339,79.228,74.575,78.782,80.53,76.708,79.069
31,C5,102.978,101.981,104.126,102.255,101.116,100.046,103.577,104.216,104.911,103.058,100.893,103.683,104.264,101.949,102.646,103.988,103.449,103.482,101.749,103.839
31,C5',64.916,67.216,64.286,68.959,70.448,65.183,68.939,64.494,67.587,65.228,67.946,62.682,64.777,61.841,67.278,66.107,65.284,64.761,64.133,63.131
31,C6,138.702,139.302,138.109,139.149,139.441,138.171,138.555,135.525,136.631,142.319,137.578,136.834,138.256,136.858,135.629,139.974,143.433,138.327,139.844,136.524
31,H1',6.269,6.233,6.48,5.566,5.581,5.961,6.821,6.046,6.911,7.074,6.032,6.103,6.255,6.023,6.109,6.31,6.027,6.42,5.871,6.016
31,H2',4.568,4.367,3.828,4.452,4.572,4.942,4.651,4.427,3.888,5.87,3.953,5.513,4.416,3.65,3.941,4.224,5.286,4.31,4.637,4.906
31,H3,7.794,7.787,7.658,7.783,7.772,7.77,7.796,7.565,7.738,10.309,8.091,6.75,7.977,7.876,7.829,7.721,10.399,7.665,7.68,7.542
31,H3',4.605,4.753,4.718,4.191,4.562,4.3,5.088,4.353,4.494,4.797,4.591,4.765,4.462,4.33,4.336,4.126,5.767,4.43,4.22,4.443
31,H4',4.711,4.712,4.466,4.169,4.09,4.392,5.043,4.449,3.552,4.504,4.534,4.567,4.264,3.98,4.046,4.262,4.168,4.63,3.773,4.917
31,H5,6.374,6.123,6.113,6.039,5.987,5.887,6.162,5.47,5.591,5.435,5.94,5.983,6.106,5.594,5.444,6.066,6.003,6.115,5.95,5.769
31,H5',4.556,3.736,2.895,4.244,3.965,4.034,4.219,3.532,3.443,4.183,3.989,4.403,3.289,4.819,3.923,3.793,4.204,2.397,3.423,4.385
31,H5'',4.266,3.586,3.459,4.412,4.151,3.995,4.225,4.927,3.867,4.184,3.703,4.074,4.043,4.124,3.896,4.085,4.297,3.463,4.349,4.32
31,H6,8.421,8.512,7.715,8.667,8.391,8.177,8.062,8.176,7.909,7.766,8.189,7.974,7.903,8.149,7.717,7.708,8.323,8.049,8.082,8.424
31,HO2',4.855,2.619,3.05,2.382,2.95,2.476,2.676,3.205,2.691,3.05,3.042,3.198,2.877,5.366,3.191,2.516,4.763,2.714,3.416,7.814
31,N1,159.055,159.307,154.33,154.568,153.434,158.118,159.343,160.426,159.323,160.369,160.657,154.599,158.378,162.724,156.222,161.719,158.689,157.93,155.236,162.243
31,N3,158.903,162.389,161.09,157.542,159.991,162.161,160.576,159.616,156.687,158.227,158.687,159.258,159.412,162.851,156.612,163.329,166.52,158.974,160.451,162.027
31,P,-15.893,-20.922,-18.657,-19.212,-16.322,-21.122,-16.785,-19.099,-16.978,-18.935,-18.527,-22.872,-19.053,-17.614,-16.752,-20.591,-16.945,-21.083,-21.921,-17.771
32,C1',94.564,96.627,98.617,96.306,92.615,91.423,96.698,95.56,93.813,96.814,93.14,96.252,99.688,93.06,89.969,91.551,96.683,98.234,95.768,96.174
32,C2,141.76,139.526,141.851,139.39,141.738,141.388,139.594,140.84,141.847,140.629,141.671,139.753,140.244,141.973,142.181,140.915,140.892,140.768,140.367,139.321
32,C2',73.822,78.172,71.239,78.491,78.958,80.085,74.894,79.152,76.713,74.978,77.755,75.124,72.193,77.138,77.479,78.723,82.001,69.436,71.306,75.696
32,C3',77.606,76.893,72.046,73.067,74.397,73.043,71.629,76.026,75.115,73.129,75.323,71.768,74.519,83.619,77.574,74.989,81.143,71.03,71.259,70.778
32,C4,146.842,145.935,147.487,147.937,146.658,144.528,143.738,147.635,145.409,145.239,147.952,145.166,148.132,149.678,146.886,145.668,145.115,146.473,147.264,143.546
32,C4',82.627,80.908,79.124,80.429,80.03,78.842,78.47,80.267,81.146,77.845,80.334,78.044,83.517,80.664,83.809,77.671,85.597,78.974,75.92,77.532
32,C5,115.446,116.539,114.103,117.125,113.46,113.435,115.194,116.726,113.234,115.134,115.622,116.539,118.415,116.203,113.387,111.997,114.941,115.767,115.298,114.176
32,C5',68.143,65.501,61.861,62.878,63.772,63.348,64.089,65.722,66.592,62.57,63.997,62.868,67.425,62.53,66.594,62.517,68.076,65.551,59.508,63.17
32,C6,148.584,148.191,148.786,148.925,148.348,149.819,147.486,149.954,148.082,147.789,149.158,149.082,150.259,150.713,147.816,149.506,149.892,149.56,149.596,148.354
32,C8,135.761,132.84,131.264,131.621,133.274,132.513,131.103,130.876,131.749,129.902,130.175,127.051,135.33,131.615,130.615,132.205,130.321,132.959,133.469,128.845
32,H1,7.438,7.45,7.326,7.406,7.199,7.45,6.601,7.702,9.618,6.798,7.167,6.753,8.044,7.69,7.007,7.359,7.42,7.277,7.349,6.758
32,H1',5.879,5.998,5.811,6.069,6.413,6.517,6.478,6.369,6.685,6.145,6.196,6.282,6.345,6.684,6.664,6.542,6.407,5.726,5.341,6.447
32,H2',4.906,4.852,3.688,4.582,4.689,4.717,5.696,4.927,4.876,5.636,5.014,5.516,6.18,4.849,5.597,4.617,4.098,4.262,4.714,5.137
32,H21,5.11,4.842,5.036,5.162,5.063,5.256,4.859,5.099,6.896,5.051,5.093,4.888,5.038,5.251,5.873,5.431,5.013,5.017,4.939,5.209
32,H22,6.438,4.829,4.961,5.701,5.401,5.556,5.26,5.178,5.244,5.232,5.446,5.406,5.054,7.617,5.341,5.171,5.405,4.991,5.994,5.325
32,H3',4.765,4.969,5.208,5.484,4.934,5.021,5.097,6.009,5.592,4.514,5.012,5.032,4.894,4.738,5.398,4.756,4.483,5.908,5.426,5.193
32,H4',3.717,5.08,4.649,3.513,3.43,4.914,4.755,4.609,4.707,4.353,3.565,4.761,2.774,5.239,4.601,2.875,4.059,4.261,4.965,4.627
32,H5',4.128,4.396,4.486,2.603,3.72,2.801,4.369,4.433,3.732,4.479,3.936,4.637,3.567,4.517,3.81,3.882,4.729,3.905,4.987,4.599
32,H5'',4.157,4.194,4.224,4.21,4.352,4.755,4.176,4.698,3.976,4.374,4.314,4.208,3.9,3.929,3.972,4.67,4.069,4.191,4.093,4.186
32,H8,8.118,7.733,7.285,7.848,7.719,7.693,7.833,7.841,7.496,7.427,7.567,7.468,8.115,8.222,7.412,7.412,8.016,7.688,7.577,7.856
32,HO2',2.798,3.362,4.867,3.689,3.086,3.764,3.39,3.088,3.079,3.315,3.371,3.612,2.703,3.114,5.4,2.988,3.18,5.221,3.615,3.452
32,N1,137.686,137.718,140.983,139.696,136.429,137.491,135.763,137.9,139.276,135.126,136.135,133.614,138.478,138.266,135.907,136.453,136.792,133.853,133.702,134.282
32,N2,74.462,64.427,65.847,67.174,63.032,62.003,68.402,69.581,68.483,62.944,63.968,65.431,64.143,69.685,68.109,63.015,63.676,63.391,63.806,64.735
32,N3,158.932,166.382,172.381,171.891,159.789,157.679,164.318,169.677,163.996,160.961,163.45,160.174,171.082,165.8,168.814,160.083,160.298,173.132,172.589,160.482
32,N7,228.836,228.66,235.745,232.349,234.976,234.282,230.235,235.036,232.479,231.762,233.298,242.169,228.41,234.276,232.78,238.489,229.343,243.055,239.255,234.301
32,N9,173.828,176.599,176.29,175.377,177.819,175.986,168.094,172.712,175.489,167.316,176.905,169.031,171.745,167.541,172.172,177.333,171.718,177.301,174.221,167.421
32,P,-17.304,-21.086,-18.609,-20.38,-19.037,-20.645,-18.723,-21.552,-14.706,-18.508,-19.812,-17.929,-18.764,-18.989,-18.394,-19.52,-18.226,-18.301,-19.888,-15.673
33,C1',93.338,96.336,92.076,100.406,93.766,95.855,95.648,91.062,91.879,97.982,95.244,95.239,91.444,100.432,96.54,92.864,95.706,93.863,93.772,95.54
33,C2,141.63,139.921,140.87,140.862,139.194,141.222,140.937,140.754,142.112,140.212,140.301,139.858,140.458,140.472,140.818,140.622,141.597,140.77,139.852,140.778
33,C2',76.707,77.233,79.579,71.629,73.611,76.542,74.96,77.161,81.224,74.886,72.436,75.592,78.092,73.192,80.041,75.124,74.31,74.005,72.361,75.905
33,C3',75.567,75.363,74.501,73.559,75.129,79.017,71.998,76.161,75.149,72.965,75.228,73.501,74.596,79.266,75.588,76,76.52,77.572,77.888,70.567
33,C4,147.757,145.845,144.639,146.779,146.107,147.072,143.864,145.107,147.684,142.748,147.949,143.967,145.53,147.998,147.135,148.764,146.919,145.114,145.989,144.081
33,C4',83.169,79.455,79.927,78.985,80.053,77.407,77.827,71.654,87.43,77.538,79.312,77.088,82.174,84.191,77.58,79.74,82.517,82.061,81.49,79.033
33,C5,113.287,115.881,112.315,115.879,117.49,116.241,115.945,112.415,114.932,113.303,114.722,117.929,111.467,112.626,115.275,113.691,115.908,113.406,112.669,116.791
33,C5',63.468,66.775,64.253,62.176,63.894,67.228,62.693,63.19,68.602,62.829,62.151,63.66,66.201,68.388,67.272,61.449,66.721,66.082,66.595,63.642
33,C6,149.793,149.578,148.174,148.517,149.615,148.6,148.971,149.329,150.04,149.674,148.959,149.197,150.057,147.838,149.503,149.393,149.609,147.889,147.636,149.995
33,C8,132.301,134.447,133.141,134.208,130.647,132.436,127.016,131.572,127.982,129.94,129.686,126.513,132.553,131.67,132.845,129.341,131.952,136.481,136.959,125.519
33,H1,6.948,7.484,6.891,7.362,7.302,7.464,6.887,7.41,7.5,7.216,7.473,6.612,10.173,7.328,7.594,7.475,7.376,6.87,6.72,6.873
33,H1',6.278,6.169,6.368,6.427,5.79,5.85,6.555,5.961,6.61,5.927,5.958,6.016,6.643,7.054,6.604,5.603,5.877,5.978,5.935,5.919
33,H2',5.125,4.199,4.596,5.004,4.54,4.265,5.279,4.611,4.668,4.789,4.248,5.408,6.272,5.928,5.107,4.667,4.192,5.387,5.742,5.002
33,H21,4.996,4.85,4.867,4.832,4.301,4.995,4.871,5.02,5.079,4.797,4.993,4.54,7.104,4.626,5.294,4.909,4.646,4.772,4.706,4.666
33,H22,5.391,4.877,5.175,4.944,5.625,5.124,5.182,5.309,5.421,4.805,5.626,4.953,5.768,5.296,7.777,4.959,8.795,4.878,4.902,5.148
33,H3',5.153,4.491,4.922,5.017,4.671,4.789,4.89,4.462,5.321,4.72,4.307,4.825,5.213,5.208,6.364,4.559,4.616,4.736,4.736,5.029
33,H4',4.442,4.48,4.018,4.223,4.596,4.393,4.69,4.853,5.108,4.212,4.493,4.608,4.878,6.084,4.831,4.517,4.495,3.754,4.413,4.751
33,H5',3.068,4.912,3.812,4.197,3.926,4.341,4.415,4.143,4.299,4.261,3.999,4.393,4.032,3.968,4.049,4.152,3.912,3.868,4.118,4.521
33,H5'',4.256,3.923,4.474,4.07,3.732,4.013,4.115,3.725,4.305,4.015,3.817,4.085,4.728,4.471,4.591,3.907,3.904,4.373,4.137,4.138
33,H8,7.61,7.801,7.524,7.982,6.89,7.849,7.193,7.774,7.903,6.988,6.784,7.172,7.115,7.944,7.875,7.742,6.781,8.007,7.82,7.229
33,HO2',3.529,3.586,3.193,4.285,5.335,3.223,2.991,5.095,2.656,4.429,5.262,3.68,3.623,2.067,4.34,2.791,5.225,4.197,3.274,3.518
33,N1,139.387,131.795,136.847,135.193,138.971,136.071,131.936,134.981,136.63,136.74,135.394,132.096,135.43,133.167,134.65,133.855,138.913,137.129,135.717,134.999
33,N2,63.128,71.905,65.97,65.904,70.287,62.885,65.083,64.416,66.448,68,65.466,66.669,70.695,70.787,74.088,66.39,71.067,64.315,62.154,61.006
33,N3,161.843,167.253,157.175,172.268,167.939,166.64,160.42,159.251,156.774,161.805,165.805,159.917,158.146,166.021,160.605,168.404,165.516,155.85,158.971,163.393
33,N7,230.294,235.034,235.013,243.132,231.339,242.171,240.638,232.848,236.381,231.281,237.156,240.03,233.563,234.475,229.648,236.891,235.363,233.559,230.848,246.398
33,N9,179.475,172.504,175.683,176.325,178.254,172.299,168.029,179.078,169.12,164.434,177.373,164.059,173.731,174.595,176.237,177.12,177.692,163.984,164.674,169.428
33,P,-18.817,-22.476,-18.302,-22.074,-17.438,-21.902,-18.932,-18.726,-16.657,-15.072,-20.475,-19.46,-18.901,-19.925,-19.542,-20.597,-19.249,-19.449,-19.157,-23.472
34,C1',89.115,93.664,90.933,96.073,93.016,92.651,93.083,95.781,95.851,97.972,91.444,94.922,85.197,96.74,96.752,94.273,90.783,89.873,91.918,95.645
34,C2,142.08,141.719,142.146,141.123,142.162,140.118,139.967,141.165,141.025,140.216,141.394,139.816,140.23,143.098,138.598,142.324,141.701,142.426,142.056,139.696
34,C2',74.117,77.257,71.756,73.176,74.874,74.457,75.541,70.528,74.43,76.792,75.603,73.993,72.779,75.706,73.624,75.297,72.514,77.06,73.609,76.471
34,C3',76.739,75.142,80.127,77.802,72.805,72.703,72.083,71.536,72.671,70.524,73.773,72.524,74.212,76.621,71.86,73.81,78.345,72.145,80.465,72.666
34,C4,148.124,145.504,148.027,146.315,147.386,147.096,143.826,147.547,144.52,147.89,146.293,143.595,149.005,148.984,143.713,147.107,149.281,146.173,148.551,143.87
34,C4',84.923,80.847,83.644,81.87,78.442,81.083,77.648,76.186,77.89,79.035,77.622,78.097,84.586,86.194,76.98,77.611,86.569,78.483,85.593,79.467
34,C5,112.864,111.654,114.339,113.613,112.114,112.971,115.762,116.004,115.557,112.977,110.671,114.586,114.118,115.482,113.148,111.686,113.162,113.143,115.866,114.297
34,C5',67.133,64.301,65.405,64.654,62.393,64.952,63.55,63.266,62.592,64.374,63.116,64.378,69.711,67.693,62.216,65.041,66.213,63.209,66.687,64.282
34,C6,149.366,148.584,150.695,149.7,147.297,149.507,148.037,149.028,147.539,146.351,147.337,147.951,149.712,149.746,147.426,148.975,148.738,150.115,150.907,147.466
34,C8,127.428,130.274,126.799,129.257,125.882,128.786,126.365,130.697,131.118,129.152,126.451,127.421,128.546,133.256,129.289,129.078,127.318,126.689,127.34,126.544
34,H1,12.263,11.637,12.872,11.443,10.653,10.784,6.403,7.66,6.857,5.897,11.589,6.446,10.656,7.433,6.333,10.999,11.365,12.475,12.358,6.451
34,H1',6.85,6.7,6.703,7.284,6.344,7.382,6.026,4.358,6.83,6.447,6.954,6.27,6.948,6.255,6.632,6.443,7.178,6.487,6.903,6.174
34,H2',5.011,5.282,5.061,5.632,4.952,5.912,5.409,4.486,5.612,5.258,5.238,5.316,4.924,5.106,5.274,4.854,4.988,5.119,5.069,5.356
34,H21,8.002,8.713,8.279,8.319,8.169,8.937,4.742,5.774,4.634,4.454,8.803,4.666,6.348,4.785,4.434,8.713,7.46,9.148,7.98,4.877
34,H22,4.955,4.899,5.033,4.837,5.312,5.059,5.188,5.178,3.544,8.084,5.297,5.171,4.303,8.642,4.826,5.343,5.054,5.291,4.839,5.311
34,H3',4.952,5.243,4.916,5.316,5.041,5.24,4.885,5.441,4.717,5.795,5.089,5.213,4.356,5.152,5.135,5.526,5.125,5.019,4.92,4.855
34,H4',4.817,4.475,5.011,4.858,4.507,4.748,4.734,3.202,4.654,4.597,4.61,4.594,5.235,4.881,4.294,4.588,5.091,4.638,5.097,4.739
34,H5',4.103,4.359,4.417,4.354,4.193,4.097,4.594,3.687,4.512,4.505,4.356,4.263,4.873,4.41,5.069,4.205,4.205,3.995,4.098,4.685
34,H5'',4.228,4.142,4.23,3.754,4.054,4.048,4.138,4.018,3.864,4.259,4.282,4.248,3.789,4.612,4.058,4.355,4.394,4.912,4.256,4.121
34,H8,7.77,7.647,7.985,7.612,7.322,7.611,7.147,7.61,8.016,7.554,7.624,7.058,7.877,7.88,8.231,7.579,7.955,7.564,8.116,7.369
34,HO2',3.024,3.367,2.85,4.954,3.014,4.071,3.101,4.537,3.273,3.816,2.915,2.698,2.589,2.856,3.464,3.464,3.783,2.87,2.731,3.405
34,N1,137.624,135.839,138.775,136.351,138.643,141.236,132.054,134.263,139.027,135.977,137.324,133.63,137.491,138.018,132.862,137.819,137.763,140.438,143.061,132.034
34,N2,65.708,68.628,72.62,68.301,65.14,70.207,69.353,59.037,67.409,84.413,67.094,67.646,71.977,72.333,67.55,66.539,72.624,70.976,71.753,70.566
34,N3,167.725,161.732,164.715,160.352,166.611,164.837,162.095,175.693,168.16,167.465,168.786,161.183,167.575,167.826,164.738,160.44,165.117,165.532,163.829,163.984
34,N7,231.396,232.555,236.796,232.621,245.054,236.074,241.089,237.605,233.408,236.324,244.583,239.135,237.209,231.966,234.827,239.994,242.571,242.3,238.334,238.601
34,N9,168.247,176.262,167.684,175.652,172.953,175.017,165.658,170.762,167.812,169.885,171.181,168.446,165.77,169.777,167.843,178.888,167.702,173.397,168.459,168.981
34,P,-20.722,-19.696,-22.319,-20.107,-19.517,-21.578,-18.521,-20.61,-18.534,-19.568,-18.148,-21.59,-22.179,-20.962,-20.246,-17.796,-16.976,-18.011,-17.436,-17.493
35,C1',96.095,95.876,95.426,97.746,91.137,95.067,96.056,93.377,95.354,95.225,94.174,95.143,91.462,97.052,91.787,97.184,94.013,97.524,93.079,93.574
35,C2,149.374,150.269,148.273,147.954,149.874,149.415,146.8,146.19,147.551,149.166,149.016,147.946,149.975,147.487,148.218,149.02,149.056,149.654,149.761,148.554
35,C2',76.367,76.849,76.689,77.317,77.174,81.892,74.17,72.128,80.365,77.356,79.143,77.224,79.274,76.846,80.778,77.639,77.479,77.863,77.672,75.193
35,C3',73.901,73.531,71.931,72.489,76.591,74.223,73.746,79.062,81.938,72.717,77.274,71.474,72.116,71.761,83.882,74.061,73.652,76.34,75.475,72.196
35,C4,143.137,145.056,143.409,145.338,145.836,143.822,142.122,145.969,144.459,143.416,144.901,141.244,143.816,141.273,143.229,144.728,144.312,144.43,143.62,142.653
35,C4',78.15,77.618,77.222,79.33,79.383,89.452,76.076,81.625,78.772,79.746,79.624,79.116,79.149,77.489,82.218,81.886,76.922,82.568,77.507,76.785
35,C5,112.432,113.507,113.705,113.427,112.064,111.634,114.204,111.14,113.232,111.847,112.056,113.077,111.537,111.911,111.063,113.99,111.634,113.149,112.361,112.376
35,C5',64.241,64.807,65.334,63.647,64.552,70.321,63.064,67.198,66.163,63.461,66.17,63.773,63.7,60.405,65.973,64.786,63.353,68.815,63.87,62.633
35,C6,143.203,143.363,143.597,142.964,143.188,143.168,145.036,142.068,144.078,141.898,143.395,143.864,143.557,143.117,142.937,142.901,142.534,143.6,142.989,143.198
35,C8,135.546,137.28,135.501,136.907,135.245,133.136,131.163,139.974,134.042,133.491,133.147,128.852,133.364,134.452,134.39,140.787,133.423,133.233,133.584,130.436
35,H1',6.903,6.285,6.862,6.602,6.746,6.998,6.505,6.504,6.509,6.261,6.779,6.666,6.986,5.51,7.097,6.904,6.984,7.158,6.982,6.869
35,H2,8.485,8.914,8.573,8.49,8.59,8.539,7.827,7.998,8.669,8.51,8.324,8.599,8.564,8.132,8.593,8.603,8.506,8.563,8.557,8.577
35,H2',5.642,4.679,5.725,4.899,5.994,4.56,5.281,6.954,4.359,4.899,5.153,5.181,5.062,4.373,4.88,5.486,5.088,4.603,5.156,5.144
35,H3',4.492,5.544,4.252,5.763,5.003,5.54,5.009,4.906,4.868,4.451,4.542,4.82,5.172,4.859,4.908,4.59,5.199,4.14,4.885,4.704
35,H4',4.741,4.321,4.636,4.4,4.857,5.019,4.626,5.656,5.606,4.609,4.688,4.821,4.756,4.347,5.756,4.879,4.563,4.896,4.936,4.765
35,H5',4.478,4.598,4.641,4.433,4.446,4.422,4.307,4.322,3.37,4.537,4.788,4.573,4.252,4.731,4.681,4.711,4.396,4.304,4.552,4.771
35,H5'',4.098,4.444,3.968,4.309,4.101,4.921,4.255,4.704,3.554,4.092,4.411,4.108,4.5,4.194,4.198,4.369,4.481,4.414,4.299,4.081
35,H61,6.129,6.202,6.195,5.996,5.997,5.983,11.234,5.394,6.047,5.494,6.051,6.611,5.956,7.85,6.018,6.114,5.862,6.118,5.986,5.149
35,H62,5.889,5.918,6.014,5.826,5.851,5.912,5.765,5.333,5.829,4.626,5.776,4.823,5.923,8.181,5.695,5.82,5.803,5.889,5.914,4.973
35,H8,8.307,8.408,8.303,8.349,8.246,8.415,7.387,8.334,7.634,7.928,8.152,7.708,8.169,8.496,8.305,8.609,8.418,8.189,8.287,7.604
35,HO2',3.885,4.604,3.25,6.036,3.815,3.567,3.073,3.008,3.731,2.948,5.275,3.217,3.869,3.291,3.152,4.917,2.943,5.544,2.991,3.07
35,N1,214.408,218.126,217.825,216.395,215.885,215.822,208.766,223.13,221.802,219.889,216.523,221.873,214.116,215.191,219.248,218.212,214.319,216.091,214.074,221.446
35,N3,215.778,227.558,219.883,225.917,216.435,214.716,212.583,224.645,227.905,225.913,222.971,221.296,211.156,215.729,221.372,218.966,212.831,216.586,214.552,221.065
35,N6,76.054,74.336,74.17,78.895,77.095,78.004,94.907,81.583,76.245,76.204,76.692,89.271,77.391,95.868,82.812,74.971,80.147,77.37,78.282,80.395
35,N7,216.934,216.794,216.634,219.509,218.42,221.392,232.014,223.319,220.817,230.088,220.74,237.127,222.116,230.731,227.15,213.912,222.905,220.18,218.678,234.078
35,N9,176.163,176.114,175.78,179.2,183.166,180.238,170.777,168.749,171.156,169.212,178.12,173.069,185.183,169.677,175.215,176.844,181.546,178.316,176.412,172.176
35,P,-23.95,-18.847,-22.204,-21.086,-20.998,-16.154,-17.264,-18.833,-19.154,-19.214,-17.462,-20.108,-23.196,-19.343,-18.831,-17.548,-22.04,-22.13,-22.143,-19.381
36,C1',99.295,97.975,98.262,97.825,98.695,98.676,96.31,97.753,98.257,94.81,94.103,97.336,95.985,97.292,96.13,94.462,99.346,97.978,100.488,96.205
36,C2,140.879,141.755,140.539,141.494,142.398,141.068,142.403,141.955,141.68,142.343,140.965,141.86,141.176,141.545,141.935,141.963,140.677,141.345,140.783,141.953
36,C2',72.129,75.744,74.414,74.286,75.228,74.726,76.092,75.04,73.253,74.496,72.679,74.743,74.329,75.127,73.879,73.961,74.26,75.368,74.343,73.627
36,C3',73.719,82.526,79.014,76.597,71.944,71.747,72.027,74.022,72.378,74.092,73.928,76.387,81.789,72.516,74.569,81.243,74.992,71.791,74.222,74.447
36,C4,145.75,145.557,144.837,145.645,145.164,144.973,145.368,147.647,147.919,145.64,144.923,146.887,145.316,145.619,145.664,145.512,146.397,145.681,147.219,145.704
36,C4',78.457,79.828,76.754,78.905,79.767,79.774,79.402,78.181,78.672,78.795,77.887,80.137,75.739,78.205,76.588,75.486,80.146,79.194,78.458,78.53
36,C5,112.445,113.589,114.147,113.625,115.122,113.438,113.364,114.979,114.257,114.333,115.087,113.922,113.499,113.731,115.418,114.053,113.105,116.202,112.958,114.033
36,C5',60.866,65.681,66.401,62.137,62.746,62.325,63.445,63.139,60.478,63.693,61.853,62.133,65.341,63.721,63.059,65.614,61.614,63.374,62.475,62.741
36,C6,150.372,151.436,150.481,150.928,150.314,150.744,149.956,151.276,151.385,151.6,151.543,150.64,150.724,150.737,150.597,149.984,150.908,151.467,150.232,150.523
36,C8,127.897,127.902,126.222,128.014,129.369,131.245,126.449,127.709,126.875,130.36,128.253,127.841,126.804,128.455,128.368,127.431,128.313,128.574,128.413,127.338
36,H1,12.558,12.813,11.748,11.731,11.749,11.603,12.669,11.141,11.746,11.846,12.256,12.072,12.268,12.37,12.168,12.042,12.143,12.442,11.611,12.899
36,H1',6.519,6.209,6.259,6.073,5.836,6.334,6.32,6.377,6.672,5.918,6.267,5.609,6.606,5.84,6.459,6.101,6.497,5.876,6.402,5.646
36,H2',5.883,5.236,5.737,5.048,4.98,5.716,4.893,5.252,6.198,5.721,5.713,5.394,5.809,5.238,5.752,5.237,5.25,5.114,5.115,5.394
36,H21,8.819,8.893,9.523,8.089,7.085,8.107,8.885,7.488,8.992,8.575,8.929,8.248,8.873,9.144,9.073,8.544,8.064,8.995,7.475,9.308
36,H22,5.069,4.903,5.039,4.712,5.147,5.175,5.302,5.249,5.261,5.12,5.105,4.812,5.241,5.077,5.214,5.141,4.787,4.89,4.951,5.262
36,H3',4.604,4.27,4.321,4.277,4.66,5.131,4.781,4.781,4.593,4.68,4.843,4.36,4.432,5.023,4.626,4.175,4.514,4.872,4.648,4.371
36,H4',4.489,4.772,4.467,4.349,4.362,4.7,4.494,4.71,4.526,4.512,4.657,4.594,4.773,4.565,4.612,4.028,4.519,4.528,4.414,4.534
36,H5',4.432,3.85,3.857,4.935,4.616,5.494,4.434,4.438,5.372,4.286,4.944,4.523,3.601,4.704,4.394,3.79,5.322,4.211,5.153,3.894
36,H5'',4.066,4.702,4.265,4.092,4.063,3.947,4.275,4.333,4.099,3.969,3.98,3.964,5.18,4.002,4.222,4.026,4.16,4.104,4.006,4.174
36,H8,7.309,6.738,7.146,7.16,6.888,7.251,7.057,7.865,8.048,5.981,6.935,6.588,6.985,6.874,8.01,6.754,7.278,7.076,7.138,6.692
36,HO2',2.849,3.232,3.424,2.447,3.173,3.451,3.391,3.039,2.284,3.157,3.159,2.778,3.916,3.492,3.037,3.077,3.151,3.248,3.19,3.78
36,N1,137.42,137.359,137.329,141.199,139.052,137.943,139.972,139.126,136.302,137.329,138.295,140.449,137.587,137.07,136.973,140.402,137.44,136.96,137.094,137.127
36,N2,71.757,74.595,73.487,71.809,73.869,77.544,73.208,69.917,81.879,73.676,73.948,75.017,74.593,72.8,73.698,73.351,69.89,71.44,70.78,73.861
36,N3,169.088,163.018,167.037,164.177,165.112,165.705,160.879,163.086,174.793,164.338,162.365,167.249,166.477,162.654,163.641,164.153,169.851,160.911,167.678,164.631
36,N7,232.719,232.27,236.745,233.882,224.269,229.305,234.319,230.801,238.739,231.839,234.201,229.354,237.795,229.877,229.103,233.41,232.742,232.896,231.589,230.352
36,N9,167.884,166.039,169.138,167.02,169.505,165.6,168.181,170.158,168.794,162.94,165.733,166.389,165.6,165.105,166.518,166.348,168.753,166.937,167.551,168.456
36,P,-24.13,-21.717,-23.102,-19.788,-16.677,-21.728,-17.505,-19.269,-19.701,-20.519,-16.107,-17.759,-21.746,-20.17,-20.008,-22.868,-20.181,-19.851,-20.575,-18.049
37,C1',98.418,97.512,96.857,99.768,100.366,96.526,99.508,98.745,98.604,98.338,97.875,97.388,97.365,97.827,101.473,96.272,97.909,96.857,97.249,98.329
37,C2,146.967,149.042,148.376,147.915,148.841,147.305,148.895,150.004,147.794,147.544,148.161,148.23,147.889,148.536,148.377,148.413,149.292,148.726,150.06,148.238
37,C2',74.696,76.352,75.758,78.151,76.406,74.688,76.056,76.495,73.194,75.662,73.838,75.612,76.975,75,75.975,75.824,77.917,76.072,75.585,75.138
37,C3',72.309,73.312,74.646,71.176,73.046,73.071,72.664,74.952,73.448,72.194,72.638,72.234,73.372,73.428,74.69,73.195,73.093,72.111,73.688,72.491
37,C4,148.222,148.3,149.303,147.872,149.311,148.388,149.084,148.876,149.825,148.849,148.722,147.62,149.21,148.599,148.955,148.314,148.847,148.814,148.085,148.925
37,C4',79.316,79.001,78.437,79.216,78.858,76.605,78.547,78.072,77.111,79.755,78.169,78.684,78.454,78.969,78.584,78.091,77.777,78.468,77.642,76.915
37,C5,89.465,93.078,92.441,92.813,91.155,90.132,91.365,91.689,92.974,91.203,92.035,91.978,93.321,91.123,92.892,92.596,91.485,93.79,92.654,91.826
37,C5',63.991,64.57,63.692,62.893,62.982,62.944,63.422,63.913,61.117,64.192,63.187,63.183,64.51,63.006,63.785,64.214,64.356,62.478,64.025,62.546
37,C6,137.337,137.742,136.24,136.164,136.064,137.597,136.577,136.645,136.575,136.878,136.644,136.7,135.892,136.437,137.197,135.051,137.015,133.311,137.525,136.433
37,H1',6.213,6.467,6.11,6.561,6.485,6.302,6.374,6.226,6.346,6.415,6.158,6.246,6.614,6.095,6.488,6.315,6.402,6.142,6.276,6.57
37,H2',5.437,4.88,5.573,4.754,4.438,5.163,4.752,5.06,5.577,5.732,5.495,5.33,4.754,5.622,4.477,5.037,4.487,4.968,5.121,5.066
37,H3',4.76,4.963,4.557,4.718,4.515,4.867,4.679,4.547,4.454,4.296,4.687,4.787,4.508,4.478,4.619,4.717,4.935,4.589,4.806,4.613
37,H4',4.852,4.833,4.71,4.545,4.493,4.738,4.55,4.488,4.792,4.764,4.832,4.708,4.456,4.894,4.53,4.717,4.637,4.75,4.715,4.462
37,H41,8.747,9.045,9.36,9.071,9.429,8.112,9.083,9.624,9.308,9.205,4.944,9.495,9.739,9.349,8.888,9.126,9.4,8.868,8.86,8.573
37,H42,4.72,4.625,4.994,4.844,5.181,4.633,4.736,5.018,5.117,4.909,9.556,4.512,4.883,4.822,4.946,5.005,4.912,5.001,4.766,4.931
37,H5,4.683,5.153,4.97,5.056,5.249,4.862,5.036,4.899,5.277,5.099,4.831,4.99,5.281,4.836,5.272,5.134,4.792,4.945,4.833,5.216
37,H5',4.651,4.216,4.725,4.647,4.853,4.89,4.914,4.535,4.802,4.241,4.134,4.745,4.272,4.656,4.304,4.183,4.722,4.733,4.532,4.888
37,H5'',4.131,4.319,4.129,4,4.136,4.114,4.111,4.225,4.043,4.16,4.29,4.141,4.318,4.083,4.208,4.257,4.124,4.118,4.216,4.099
37,H6,8.102,8.091,7.554,7.823,7.369,7.734,7.826,8.026,7.527,7.597,7.666,7.845,7.555,7.714,7.39,7.659,8.059,7.213,8.01,7.695
37,HO2',3.02,3.168,3.079,3.485,4.667,2.924,3.564,2.95,2.938,4.032,3.058,3.143,2.99,2.945,3.864,3.065,3.469,3.296,3.09,3.54
37,N1,152.613,157.298,149.349,155.688,155.136,151.593,154.065,152.02,150.761,152.18,152.441,155.042,154.823,151.648,153.749,152.8,153.556,152.389,152.339,153.755
37,N3,195.629,194.098,195.342,195.78,195.573,201.067,193.638,194.316,195.235,191.333,191.931,194.645,193.516,192.706,195.413,192.646,192.944,196.665,193.131,196.687
37,N4,86.4,92.241,89.924,93.028,90.57,86.663,90.321,92.813,86.219,89.056,91.247,90.478,90.139,91.287,87.167,92.488,91.742,91.813,93.078,88.833
37,P,-18.877,-20.249,-18.879,-19.48,-17.983,-17.981,-18.035,-19.214,-18.137,-16.981,-18.919,-19.469,-17.226,-19.694,-18.046,-19.363,-19.945,-20.068,-18.592,-19.476
38,C1',96.721,95.9,99.181,98.238,97.559,99.616,99.397,97.664,98.984,98.674,97.461,95.076,97.532,98.697,96.353,96.942,96.481,99.403,97.359,99.832
38,C2,145.211,145.56,145.196,145.573,145.989,145.716,146.444,145.7,145.024,145.433,145.325,145.146,144.785,145.521,145.964,145.797,145.348,146.079,145.681,145.482
38,C2',75.392,76.837,75.389,76.981,74.84,76.014,75.831,75.877,75.102,75.223,76.911,76.309,75.793,74.489,76.199,77.82,75.365,76.304,75.744,77.779
38,C3',71.953,72.3,73.433,72.68,74.513,72.529,72.909,72.435,73.474,74.235,74.555,73.284,73.464,74.097,72.113,73.178,74.234,72.662,72.855,74.249
38,C4,156.854,155.892,156.359,156.228,155.242,156.207,156.524,156.388,157.405,157.247,156.684,155.539,156.724,156.071,156.646,155.213,155.112,156.897,154.771,157.307
38,C4',78.758,80.596,77.927,78.357,77.518,79.912,79.578,78.839,77.314,76.798,78.856,78.295,78.227,77.557,78.873,77.335,78.626,77.237,79.372,80.306
38,C5,102.668,102.567,103.13,102.882,103.659,102.22,101.537,102.115,102.446,102.722,103.889,105.063,103.156,103.615,102.785,104.46,103.115,103.867,103.521,102.47
38,C5',63.14,64.81,63.26,63.043,63.322,64.006,64.19,63.394,62.926,62.203,63.066,63.464,62.161,61.186,63.834,62.966,64.848,62.698,63.601,62.998
38,C6,136.333,137.116,136.552,136.746,138.833,137.007,138.775,137.314,136.88,137.717,137.508,135.957,137.126,137.657,138.789,136.141,136.774,137.171,137.094,137.253
38,H1',6.527,6.292,6.247,6.423,6.039,6.512,6.693,6.256,6.192,6.501,6.427,6.245,6.211,6.228,6.495,6.454,6.531,6.22,6.419,6.51
38,H2',5.241,5.135,4.912,4.351,4.746,4.938,4.531,5.528,4.517,5.322,4.892,5.436,5.402,5.2,4.707,4.849,5.065,4.497,5.211,4.546
38,H3,13.397,13.533,13.255,12.725,11.408,12.967,11.787,13.048,13.115,13.069,13.185,12.971,12.947,13.28,13.479,12.375,10.809,12.746,12.432,12.809
38,H3',4.592,4.667,4.49,4.751,4.516,4.611,4.565,4.736,4.561,4.455,4.609,4.383,4.579,4.543,4.862,4.317,4.672,4.545,4.641,4.522
38,H4',4.764,4.992,4.704,4.534,4.488,4.663,4.527,4.791,4.515,4.539,4.677,4.747,4.797,4.606,4.741,4.524,4.713,4.373,4.804,4.53
38,H5,5.545,5.362,5.56,5.719,5.533,5.523,5.613,5.381,5.725,5.698,5.618,5.325,5.488,5.746,5.588,5.686,5.437,5.756,5.455,5.744
38,H5',4.7,4.7,4.085,4.806,4.577,4.329,4.684,4.506,4.73,4.512,4.756,4.759,4.67,4.757,4.465,4.366,4.482,4.829,4.338,4.663
38,H5'',4.139,4.271,4.284,4.231,4.293,4.251,4.159,4.268,4.212,4.251,4.087,4.17,4.155,4.169,4.112,4.253,4.254,4.184,4.158,4.145
38,H6,7.965,8.154,7.633,7.909,7.809,8.232,8.129,8.211,7.765,8.155,8.155,8.087,7.807,7.978,8.209,7.891,8.371,7.917,8.179,7.835
38,HO2',3.962,2.992,3.255,3.351,2.751,4.076,5.772,3.893,5.091,3.974,3.416,2.825,2.962,3.002,4.245,3.338,3.366,3.318,3.132,4.922
38,N1,158.636,159.345,157.513,160.014,157.247,160.915,163.462,156.017,157.676,159.099,157.213,154.829,156.246,158.38,163.599,157.099,157.507,159.916,158.952,160.067
38,N3,165.904,163.512,165.916,165.503,163.085,164.051,162.463,164.325,165.39,165.822,165.102,164.309,167.13,164.884,163.072,165.004,162.675,167.233,161.965,166.364
38,P,-19.745,-19.489,-18.368,-18.719,-17.324,-18.93,-17.956,-18.459,-20.113,-17.652,-20.184,-17.269,-18.137,-17.387,-17.656,-17.448,-18.379,-17.367,-18.513,-17.848
39,C1',97.421,94.917,97.927,95.685,95.542,98.484,97.846,97.767,97.338,99.569,96.063,99.388,97.721,86.859,97.138,99.026,99.768,97.012,97.557,100.025
39,C2,147.438,148.06,147.807,148.49,148.316,148.522,148.878,148.93,148.119,149.219,147.03,146.277,147.235,149.756,148.626,148.086,148.367,149.778,147.586,148.645
39,C2',75.94,75.757,76.041,76.159,77.381,78.121,76.329,77.775,77.473,77.854,76.634,74.468,75.601,78.97,77.237,75.354,74.435,77.572,75.495,78.773
39,C3',75.18,75.661,71.42,72.942,71.409,74.585,73.264,74.711,74.643,74.345,72.34,73.397,73.742,81.025,73.514,72.382,74.096,70.982,72.905,76.513
39,C4,147.754,147.435,147.069,146.916,145.955,148.05,149.548,148.952,147.735,149.359,147.718,148.572,148.049,147.893,146.721,149.109,147.822,148.055,147.341,148.913
39,C4',79.248,76.881,76.429,77.822,77.93,79.788,78.089,78.413,79.974,79.416,78.515,77.597,77.473,83.233,80.112,77.632,80.535,78.962,78.025,84.666
39,C5,92.56,93.506,93.899,93.969,93.791,91.676,93.191,91.483,92.18,93.296,90.959,90.57,90.979,91.27,93.199,92.239,93.026,91.668,92.948,92.922
39,C5',63.491,65.307,63.547,63.97,63.896,63.291,64.207,62.863,64.823,63.314,62.991,62.243,62.94,65.777,64.698,62.202,62.936,62.907,63.418,67.241
39,C6,135.83,136.479,135.373,135.946,137.133,135.993,136.948,136.224,138.604,136.525,135.61,138.615,135.947,138.766,137.286,136.408,135.562,137.054,135.612,136.463
39,H1',6.147,6.366,6.483,6.87,6.852,6.776,6.52,6.354,6.716,6.876,6.622,6.108,6.291,7.641,6.47,6.467,6.16,6.59,6.498,6.697
39,H2',5.496,5.147,4.732,4.936,4.523,4.47,4.931,4.263,4.678,4.926,5.031,5.673,5.037,4.317,4.915,4.704,5.139,5.038,5.101,4.522
39,H3',4.339,4.474,4.603,4.676,4.547,4.599,4.579,4.491,4.627,4.559,4.679,4.425,4.364,4.77,4.599,4.697,4.409,4.64,4.589,4.666
39,H4',4.681,4.798,4.349,4.751,4.322,4.507,4.538,4.423,4.558,4.679,4.716,4.685,4.585,4.867,4.534,4.419,4.611,4.754,4.752,4.752
39,H41,9.819,9.955,9.478,9.782,8.129,9.256,9.354,9.201,8.572,8.708,8.929,5.448,8.628,9.315,8.501,5.384,8.608,9.336,9.02,9.652
39,H42,6.958,4.586,4.63,4.761,4.844,4.94,4.738,4.948,5.052,4.942,4.668,4.832,4.677,5.088,4.734,5.095,4.761,4.877,4.648,4.874
39,H5,5.456,5.552,5.599,5.56,5.617,5.59,5.476,5.507,5.421,5.507,5.529,5.605,5.444,5.707,5.721,5.434,5.556,5.336,5.516,5.433
39,H5',4.718,4.748,4.762,4.512,4.22,4.652,4.343,4.725,4.447,4.759,4.324,4.106,4.681,4.782,4.578,4.535,4.165,4.697,4.741,4.426
39,H5'',4.191,4.212,4.08,4.124,4.394,4.16,4.271,4.203,4.29,4.252,4.282,4.224,4.096,4.007,4.24,4.18,4.251,4.107,4.101,4.374
39,H6,7.747,7.979,7.613,7.829,7.708,7.745,7.695,7.751,7.811,7.721,7.921,7.503,7.628,7.595,7.981,7.743,7.669,8.033,7.725,7.817
39,HO2',3.035,3,3.525,3.241,2.97,4.326,3.162,3.35,3.746,4.088,4.116,3.523,3.087,4.407,3.77,3.357,3.496,6.441,3.349,4.842
39,N1,150.329,154.663,156.995,155.941,159.869,156.513,155.597,155.962,157.13,156.997,153.072,153.675,156.23,149.301,155.793,158.152,153.646,158.415,154.087,157.195
39,N3,199.462,195.77,195.022,192.976,195.115,196.301,198.418,197.299,198.526,194.661,200.168,199.765,197.444,198.589,193.74,201.915,198.838,192.286,195.251,197.218
39,N4,100.619,93.277,95.55,98.914,95.396,89.31,92.882,85.83,89.99,88.325,90.377,81.316,84.551,88.632,93.585,75.167,92.17,91.804,93.863,89.164
39,P,-16.555,-15.922,-19.459,-18.281,-16.925,-17.647,-17.687,-18.715,-18.199,-18.461,-18.395,-17.539,-17.075,-18.199,-16.761,-19.31,-16.843,-18.904,-19.211,-16.495
40,C1',95.535,98.323,94.043,95.588,95.716,101.064,91.239,98.978,97.522,100.038,98.462,95.961,98.538,98.077,97.262,100.436,92.963,97.482,99.657,96.219
40,C2,144.97,146.669,146.898,145.257,147.875,147.542,148.505,145.997,145.809,145.782,145.207,144.671,146.92,147.106,146.871,146.185,147.52,146.732,145.403,147.178
40,C2',77.902,80.012,81.309,79.154,81.079,75.872,79.903,75.543,79.325,76.453,74.947,75.023,78.91,77.073,75.918,75.701,80.659,76.527,75.519,77.591
40,C3',74.527,70.061,78.393,70.892,82.459,73.875,77.492,72.145,73.544,72.749,72.956,75.697,73.701,71.956,73.517,72.988,80.772,78.618,72.984,76.481
40,C4,155.778,155.302,155.245,157.298,155.311,156.105,154.847,156.005,154.419,152.53,154.282,156.775,155.752,153.448,153.278,155.536,155.534,157.81,156.726,155.487
40,C4',78.61,78.173,86.809,78.823,86.397,80.601,82.408,76.629,78.173,77.459,79.287,76.814,78.541,76.221,78.674,75.83,86.054,76.183,79.54,87.028
40,C5,104.622,108.473,108.667,110.059,106.71,103.365,108.177,103.778,106.19,104.935,104.853,101.684,104.187,107.027,105.962,104.429,107.206,102.431,102.482,106.008
40,C5',62.556,63.514,66.3,61.549,65.135,64.344,66.094,63.195,64.106,62.332,62.462,62.37,61.383,61.434,63.97,61.32,66.378,67.041,63.406,67.118
40,C6,135.938,133.46,135.007,132.741,135.784,136.856,134.878,136.78,137.016,137.543,134.975,138.874,136.843,135.465,136.17,137.154,134.264,137.911,138.5,139.457
40,H1',6.413,6.545,6.594,6.42,6.761,6.25,6.773,6.424,6.918,6.398,6.288,6.754,6.816,7.062,6.024,6.363,6.811,6.327,6.402,6.952
40,H2',4.6,4.374,3.863,4.349,4.247,5.186,4.036,5.278,4.29,5.074,5.379,5.395,4.344,4.779,5.347,5.276,4.237,5.138,5.024,4.272
40,H3,8.347,11.661,11.486,9.968,12.093,12.054,11.272,11.761,10.178,7.6,9.726,12.892,11.535,8.517,11.029,9.98,11.913,12.651,13.108,9.461
40,H3',4.422,4.407,4.711,4.286,4.724,4.661,4.586,4.796,4.734,4.624,4.369,4.557,4.765,4.803,4.331,4.57,4.863,4.507,4.734,4.852
40,H4',4.621,4.685,5.011,4.607,4.844,4.637,5.131,4.549,4.498,4.615,4.684,4.975,4.4,4.63,4.833,4.38,4.801,4.3,4.553,4.792
40,H5,5.706,5.76,5.632,5.832,5.793,5.443,5.679,5.603,5.96,6.296,5.23,5.694,5.683,6.149,5.495,5.749,5.686,6.11,5.587,5.952
40,H5',4.109,3.995,4.745,4.313,4.817,4.403,4.691,4.817,4.596,4.584,4.48,4.487,4.727,4.768,4.61,4.896,4.76,4.226,4.778,4.306
40,H5'',4.45,5.579,4.217,5.354,4.091,4.258,4.046,4.09,4.248,4.111,4.148,4.248,4.355,4.356,4.202,4.15,4.088,4.481,4.089,4.34
40,H6,7.923,7.887,7.76,7.76,8.34,8,7.522,8.175,7.97,7.858,7.75,8.349,7.775,8.146,8.025,7.91,7.437,8.047,8.333,8.139
40,HO2',2.972,3.142,3.316,3.32,2.839,3.715,2.196,3.342,4.115,3.483,3.124,3.433,3.664,3.625,3.219,3.829,4.153,4.329,3.998,3.694
40,N1,158.75,154.561,154.556,154.172,157.044,160.098,148.574,156.002,162.676,156.535,153.889,158.127,162.727,162.024,153.532,158.351,151.459,160.456,159.24,160.78
40,N3,163.212,163.205,164.385,164.214,164.152,165.686,161.075,164.708,166.606,157.82,164.527,165.815,161.437,162.529,164.972,161.702,164.858,168.029,164.83,164.095
40,P,-18.863,-23.451,-18.04,-22.266,-18.735,-15.758,-18.353,-18.865,-16.671,-18.613,-16.393,-17.167,-17.533,-19.475,-15.123,-18.883,-17.775,-20.208,-19.486,-17.891
41,C1',99.362,94.477,100.719,96.525,98.268,97.839,98.848,100.135,98.369,100.003,98.368,98.185,97.183,97.815,99.123,97.113,99.421,99.059,96.377,100.239
41,C2,147.173,148.988,148.679,148.587,148.109,146.948,149.06,150.044,148.958,149.37,147.392,147.909,148.202,148.497,147.822,148.056,148.686,149.056,148.318,149.005
41,C2',76.746,77.406,75.444,79.726,73.024,75.011,73.997,75.227,75.237,74.481,74.68,74.728,75.917,74.781,72.851,75.736,74.135,75.379,76.457,74.472
41,C3',73.897,75.197,77.426,76.286,73.597,72.815,72.05,74.15,72.749,72.993,75.656,73.455,74.178,73.837,71.847,74.864,73.331,73.167,72.491,73.293
41,C4,148.979,148.768,149.373,146.55,148.998,148.158,148.176,149.769,149.555,150.549,149.591,148.252,149.504,149.36,149.743,149.678,149.649,149.337,147.641,148.809
41,C4',76.114,83.727,83.238,86.382,78.609,78.119,78.46,78.147,76.865,78.155,77.962,78.664,77.006,79.249,78.567,77.876,78.433,79.479,78.504,77.445
41,C5,91.144,90.012,91.475,89.233,88.346,92.235,92.428,94.508,89.945,94.665,96.572,90.089,91.218,92.197,95.91,92.599,89.837,92.675,91.638,91.075
41,C5',62.548,69.534,69.451,67.539,63.551,62.914,65.789,61.705,64.546,63.389,61.575,63.38,62.28,62.112,63.2,61.862,63.879,62.852,64.065,66.355
41,C6,136.738,138.746,139.098,138.314,139.266,135.966,139.364,135.824,139.111,135.334,136.726,138.998,136.932,136.843,137.537,135.943,137.898,135.137,136.849,138.338
41,H1',6.351,6.834,6.359,6.679,5.962,6.39,6.534,6.339,6.327,6.096,5.761,6.267,6.423,7.371,5.895,6.092,6.262,6.108,6.609,6.341
41,H2',4.557,4.664,5.95,4.9,5.608,4.984,5.681,4.845,5.79,5.07,5.739,5.525,5.367,4.832,5.96,4.858,5.629,5.405,4.947,5.204
41,H3',4.591,5.315,3.846,5.109,4.639,4.479,4.867,4.305,4.926,4.91,4.219,4.815,4.457,4.711,4.418,4.546,4.708,4.569,4.754,4.814
41,H4',4.543,5.751,5.022,5.414,4.851,4.584,4.746,4.588,4.584,4.566,4.588,5.161,4.609,4.926,4.978,4.634,4.97,4.748,4.674,4.67
41,H41,7.634,5.234,9.319,6.403,9.074,8.202,7.695,9.276,9.654,9.636,9.045,8.579,9.547,8.064,9.052,8.625,8.938,9.274,8.731,8.267
41,H42,5.013,4.981,5.153,5.061,4.587,4.8,4.676,4.846,5.218,4.908,4.885,4.628,5.062,5.205,4.9,4.829,5.056,4.875,4.81,6.685
41,H5,5.669,5.87,5.684,5.666,5.477,5.473,5.526,5.405,5.541,5.287,5.427,5.149,5.732,5.623,5.664,5.508,5.712,5.488,5.592,5.854
41,H5',4.389,4.268,4.87,4.1,4.381,4.678,4.477,4.678,4.662,4.523,4.479,4.453,4.702,4.65,4.301,4.709,4.521,4.658,4.649,4.418
41,H5'',4.193,4.354,3.363,4.576,4.367,4.143,4.281,4.191,3.99,4.061,4.198,4.088,3.979,4.183,4.279,4.061,4.238,4.254,4.182,4.242
41,H6,7.743,7.967,8.192,7.942,8.511,7.811,7.843,7.462,7.704,7.774,7.593,8.235,8.007,7.654,7.848,7.557,7.726,7.542,7.937,8.313
41,HO2',3.2,6.469,2.061,6.797,3.198,3.39,3.381,3.993,3.491,3.182,2.468,3.403,3.445,2.753,7.496,3.136,3.437,3.392,3.33,3.293
41,N1,155.075,159.439,151.464,158.995,157.088,155.635,150.961,153.094,155.13,150.813,149.226,152.252,155.804,155.496,153.495,150.133,152.357,151.293,156.82,154.462
41,N3,196.562,200.436,199.787,210.321,196.382,199.381,199.268,196.068,196.557,196.533,196.98,192.694,196.042,200.061,200.06,198.731,195.958,197.598,195.954,200.519
41,N4,85.608,85.391,84.717,86.089,90.198,85.802,87.692,89.639,84.484,87.359,86.557,86.279,84.902,78.431,84.671,87.747,84.55,91.432,92.082,89.986
41,P,-16.813,-18.279,-19.472,-18.566,-17.643,-17.744,-19.791,-17.08,-19.553,-17.668,-17.418,-19.824,-19.826,-18.332,-16.121,-17.282,-19.465,-17.207,-18.7,-17.132
42,C1',99.206,99.758,98.664,100.155,98.348,99.418,99.226,96.594,95.902,96.938,98.082,97.974,99.465,99.986,102.113,96.633,98.684,95.709,97.774,96.714
42,C2,145.785,146.941,145.528,144.845,145.103,145.12,145.88,146.084,145.149,147.23,145.689,146.304,146.223,146.379,145.738,146.091,144.28,145.728,146.173,146.077
42,C2',76.252,78.295,74.137,75.493,73.846,74.744,75.565,75.89,74.637,75.413,73.707,74.73,75.855,74.949,74.522,76.602,74.405,75.628,76.848,76.085
42,C3',74.394,76.528,73.014,73.792,73.05,72.257,73.969,73.362,73.43,74.084,72.725,73.442,77.34,72.21,73.55,73.354,72.825,72.91,73.735,71.662
42,C4,156.064,156.999,157.151,156.145,157.242,157.083,157.322,156.431,156.159,156.954,156.848,156.023,156.787,156.328,156.727,156.76,156.158,156.775,157.122,157.008
42,C4',78.796,82.714,77.321,78.192,77.678,79.923,77.218,77.915,77.424,76.799,77.202,78.361,78.956,78.828,79.17,78.93,77.405,76.965,78.401,77.375
42,C5,103.22,103.021,101.497,102.796,104.554,101.363,104.106,103.283,100.995,102.312,101.819,104.229,105.018,102.885,100.678,101.629,104.799,104.003,101.227,105.701
42,C5',63.649,70.327,62.808,63.184,61.85,62.607,62.104,63.941,64.083,62.955,63.733,62.478,67.881,62.935,62.512,63.798,64.168,63.659,63.733,63.049
42,C6,135.958,139.193,136.763,137.138,136.77,135.988,137.774,137.135,139.629,138.764,137.56,137.567,137.414,138.763,139.231,138.331,135.612,135.931,137.518,137.029
42,H1',6.336,5.933,6.053,6.425,6.229,6.175,6.476,6.312,6.264,6.026,6.774,6.189,6.3,6.41,6.513,6.388,6.755,6.225,6.111,6.601
42,H2',4.865,6.036,5.039,5.299,5.688,5.277,4.202,5.306,5.887,5.578,5.703,5.387,5.884,5.65,5.194,5.218,4.802,5.281,5.076,5.439
42,H3,12.6,11.21,12.378,12.522,11.844,11.406,12.506,12.146,10.871,11.923,12.376,11.165,10.867,11.348,12.602,12.763,12.122,11.506,11.526,11.444
42,H3',4.393,4.641,4.833,4.409,4.586,4.72,4.915,4.677,4.799,4.863,5.048,4.764,4.504,4.825,4.81,4.831,4.66,4.634,4.61,4.796
42,H4',4.422,4.878,4.699,4.622,4.709,4.604,4.446,4.509,4.938,4.752,4.719,4.78,4.754,4.518,4.62,4.787,4.805,4.723,4.469,4.7
42,H5,5.569,6.201,5.744,6.022,5.659,5.841,5.782,5.762,5.561,5.776,5.685,5.612,5.572,5.576,5.423,5.666,5.421,5.732,5.793,5.594
42,H5',4.378,4.831,4.445,4.394,4.875,4.765,4.833,4.557,5.023,4.464,4.244,4.753,4.518,4.875,4.771,4.29,4.412,4.701,4.851,4.581
42,H5'',4.296,4.308,4.264,4.198,4.057,4.222,4.185,4.16,4.2,4.275,4.411,4.153,4.166,4.093,4.231,4.397,4.229,4.273,4.26,4.079
42,H6,7.83,8.171,7.876,8.411,8.061,8.103,8.171,8.351,8.348,8.55,8.273,7.991,7.753,8.491,8.114,8.307,7.783,7.717,8.291,8.071
42,HO2',5.283,3.703,3.625,4.78,2.899,3.018,3.256,2.628,3.044,2.967,3.428,2.952,3.391,4.495,5.092,3.062,4.763,2.776,3.154,3.433
42,N1,159.064,154.839,158.065,157.885,156.252,157.785,159.551,159.36,155.496,154.841,157.049,156.556,155.142,158.366,157.122,157.6,156.176,157.341,157.807,159.606
42,N3,164.24,164.142,166.734,171.636,166.108,163.998,165.053,163.339,164.904,165.471,164.971,162.901,165.854,165.079,165.059,164.656,163.326,163.099,164.467,160.282
42,P,-16.927,-21.922,-18.917,-19.541,-20.103,-18.711,-18.281,-17.98,-18.841,-18.921,-18.561,-20.507,-18.366,-20.067,-18.35,-18.586,-18.883,-18.614,-17.023,-19.275
43,C1',92.337,93.483,94.895,99.495,96.064,97.254,90.109,95.221,96.184,95.141,93.715,94.489,96.431,95.911,96.746,94.844,98.892,97.103,95.02,95.581
43,C2,141.962,141.093,141.798,141.287,141.317,140.698,142.315,140.574,140.589,140.801,141.831,141.957,141.183,141.809,142.312,141.801,142.105,141.132,141.605,141.479
43,C2',74.871,75.203,74.883,76.822,75.214,74.53,76.862,75.804,75.422,74.642,75.005,75.516,75.086,74.701,75.629,74.841,75.912,76.644,74.488,75.459
43,C3',71.446,73.975,72.057,72.037,73.05,74.517,82.96,73.506,74.115,72.18,73.322,72.776,72.918,72.871,72.984,73.167,74.516,73.892,74.487,74.379
43,C4,145.792,146.236,145.85,145.702,146.937,146.674,147.63,146.682,145.649,145.8,145.514,146.381,145.065,146.326,147.289,145.66,146.443,146.081,146.786,147.416
43,C4',77.298,77.26,77.446,81.495,77.233,78.523,84.799,78.613,79.64,77.697,76.98,76.712,78.839,77.948,79.422,76.21,81.513,78.446,76.538,78.381
43,C5,113.692,114.798,113.809,114.907,114.797,115.149,112.751,113.461,113.252,114.485,113.439,113.54,116.277,114.988,113.647,113.138,113.471,112.944,114.4,113.333
43,C5',63.699,63.578,64.066,62.893,62.891,63.445,68.008,62.373,63.867,63.605,64.781,63.775,63.599,62.755,64.191,62.597,63.458,62.985,62.98,63.324
43,C6,150.644,150.349,149.251,149.898,151.144,151.322,150.465,150.901,150.578,150.415,149.673,150.426,150.879,150.072,151.237,150.194,150.04,151.558,150.241,150.836
43,C8,127.955,127.938,126.701,127.859,126.365,125.741,128.792,125.27,127.027,126.662,126.466,126.753,127.759,126.329,127.639,126.038,126.785,125.806,127.379,126.799
43,H1,12.009,11.283,11.396,11.211,11.043,11.892,11.38,12.076,11.957,11.45,11.407,11.893,11.703,11.54,10.706,12.031,11.918,11.707,11.783,11.786
43,H1',6.469,6.335,6.412,6.755,6.483,6.269,6.743,6.339,6.419,6.333,6.431,6.46,6.465,6.276,6.341,6.43,6.549,6.437,6.347,6.42
43,H2',5.514,5.426,5.278,4.504,5.171,5.229,5.271,4.969,5.395,5.519,5.17,4.925,5.241,5.317,4.913,5.101,5.01,4.1,5.093,5.274
43,H21,8.832,8.38,8.189,9.098,8.257,8.365,8.16,8.225,8.276,8.031,8.284,7.992,8.125,8.031,8.637,8.533,8.793,8.15,8.102,7.777
43,H22,5.368,4.917,5.046,5.038,4.754,4.735,4.899,4.565,4.682,5.084,5.307,4.84,4.883,4.977,5.149,5.074,5.056,4.531,4.961,4.413
43,H3',5.125,4.757,4.85,4.614,4.648,4.504,5.123,4.703,4.565,4.903,5.098,5.098,5.02,4.756,4.828,4.937,4.571,4.419,5.14,4.62
43,H4',4.808,4.765,4.856,4.599,4.823,4.735,5.06,4.776,4.841,4.789,4.871,4.651,4.778,4.635,4.614,4.602,4.588,4.605,4.783,4.745
43,H5',4.516,4.523,4.736,4.439,4.266,4.49,4.212,4.663,4.213,4.275,4.809,4.765,4.438,4.442,4.46,4.838,4.536,4.143,4.913,4.502
43,H5'',4.255,4.259,4.105,4.195,4.399,4.165,4.026,4.203,4.208,4.194,4.084,4.195,4.139,4.317,4.23,4.03,4.104,4.255,4.161,4.122
43,H8,7.963,7.64,7.697,7.638,7.361,7.292,7.937,7.226,7.492,7.365,7.402,7.421,7.508,7.388,7.55,7.534,7.713,7.065,7.515,7.342
43,HO2',2.916,3.143,3.025,4.829,3.198,3.065,7.343,2.905,2.977,3.139,2.83,2.929,3.144,2.892,3.518,3.325,4.661,2.939,3.056,3.193
43,N1,138.435,137.319,136.344,136.983,138.641,138.389,137.891,139.581,135.536,138.852,136.137,138.08,137.162,136.834,139.354,136.872,137.164,139.875,137.594,138.212
43,N2,73.926,77.211,72.823,73.288,74.307,75.911,72.793,76.898,74.967,74.549,76.981,72.48,70.461,71.43,75.665,72.042,77.232,75.198,74.75,73.361
43,N3,163.944,164.619,161.21,165.221,163.483,169.578,168.122,164.891,165.354,164.811,162.084,161.732,165.461,163.988,162.51,162.33,164.412,166.163,161.18,164.643
43,N7,236.48,230.254,234.742,231.226,234.852,233.604,238.358,235.746,235.467,233.261,234.181,233.314,230.014,234.681,234.452,235.537,231.761,234.626,229.677,232.873
43,N9,167.789,165.693,169.443,170.902,168.906,167.236,167.811,168.437,168.931,167.964,166.935,169.317,167.315,168.446,169.617,167.829,168.308,167.858,167.042,169.099
43,P,-17.789,-17.575,-20.318,-17.764,-17.384,-17.314,-18.831,-17.387,-19.347,-17.903,-18.828,-18.018,-19.347,-17.626,-17.683,-20.252,-18.839,-15.539,-16.919,-16.791
44,C1',98.713,97.041,96.81,98.486,99.162,100.706,97.294,95.047,98.336,95.511,94.247,95.745,97.685,97.692,96.507,96.422,96.284,96.894,99.649,98.172
44,C2,146.848,147.161,147.179,148.298,148.996,148.825,149.579,148.541,148.272,148.897,147.262,148.435,148.534,148.526,149.393,148.535,148.49,148.384,148.759,149.28
44,C2',75.493,74.633,75.447,74.813,75.195,76.043,75.19,75.805,74.363,75.632,78.196,75.957,75.249,74.607,78.786,77.483,74.703,74.417,75.65,74.616
44,C3',73.88,71.467,71.477,71.766,70.952,71.794,71.989,73.419,72.334,74.062,71.093,71.442,71.037,72.424,72.817,71.267,73.218,71.192,74.894,71.522
44,C4,149.151,149.113,149.362,148.812,148.562,149.189,149.125,148.257,149.726,148.867,149.105,149.09,148.249,148.941,148.119,148.32,148.925,149.179,148.515,149.019
44,C4',78.569,77.532,77.88,77.591,77.674,78.106,76.654,77.531,79.155,77.308,77.509,76.979,80.191,77.286,78.897,78.707,76.106,76.92,81.444,78.571
44,C5,91.653,90.488,93.172,93.247,91.554,91.687,93.347,92.508,90.988,93.364,95.777,92.302,92.411,93.036,91.712,92.846,92.313,91.411,90.96,91.559
44,C5',62.913,63.68,61.96,61.633,63.282,62.843,64.265,63.202,61.37,62.264,62.307,62.652,62.928,61.642,64.592,63.466,63.305,63.515,63.264,61.934
44,C6,135.557,135.682,134.657,134.887,135.996,137.317,140.336,137.164,136.578,135.62,132.621,134.348,134.931,135.179,137.771,134.143,137.086,135.988,136.102,136.316
44,H1',6.436,6.141,6.3,6.038,6.303,6.245,6.372,6.361,6.208,6.258,6.148,6.425,6.342,5.91,6.687,6.521,6.101,6.487,6.278,6.55
44,H2',4.871,5.119,4.559,4.826,4.734,4.647,4.84,4.876,4.867,4.948,4.671,4.685,4.888,4.986,4.16,4.465,5.023,5.016,4.964,4.512
44,H3',4.253,4.558,4.624,4.423,4.619,4.567,4.765,4.508,4.461,4.444,4.131,4.55,4.562,4.531,4.558,4.559,4.495,4.436,4.494,4.49
44,H4',4.742,4.806,4.601,4.623,4.443,4.411,4.622,4.681,4.506,4.674,4.765,4.804,4.66,4.576,4.407,4.518,4.658,4.626,4.753,4.483
44,H41,8.6,9.274,8.992,9.728,9.648,9.744,9.596,8.874,9.486,9.263,9.523,9.415,10.116,9.293,7.879,9.602,8.887,9.027,9.83,8.92
44,H42,5.221,4.786,5.277,4.901,5.021,4.815,4.476,4.947,5.143,4.957,5.072,5.211,4.863,5.134,4.928,4.854,4.796,4.924,4.834,5.237
44,H5,5.275,4.623,5.286,5.046,4.789,4.853,5.327,5.16,5.422,5.152,5.292,5.314,4.717,5.09,5.331,5.1,5.251,5.088,4.885,5.257
44,H5',4.187,4.293,4.803,4.606,5.027,4.923,4.597,4.857,4.863,4.82,4.041,4.315,4.726,4.8,4.766,4.306,4.384,4.223,4.38,4.898
44,H5'',4.221,4.316,4.09,4.174,4.128,4.034,4.365,4.067,4.137,4.133,5.234,4.221,4.081,4.125,4.15,4.244,4.367,4.219,4.206,4.128
44,H6,7.445,7.509,7.594,7.177,7.665,7.861,8.245,7.887,7.654,7.527,7.567,7.625,7.57,7.361,7.758,7.422,7.829,7.773,8.012,7.588
44,HO2',3.074,3.231,3.166,3.271,3.392,3.23,3.196,2.799,2.983,2.912,3.591,3.098,3.468,2.991,2.597,3.5,2.712,3.533,3.121,3.988
44,N1,152.736,150.977,154.322,151.236,152.794,152.448,153.748,155.583,154.214,151.787,148.748,153.914,152.445,150.915,160.707,153.542,154.577,154.465,152.01,156.066
44,N3,201.604,197.379,199.006,194.174,194.842,194.18,192.156,195.398,198.495,194.507,195.124,199.883,192.036,196.893,196.077,193.706,195.049,197.536,192.391,193.835
44,N4,80.463,87.691,86.713,93.423,94.546,91.629,87.069,94.498,87.307,92.57,92.791,87.253,97.836,90.938,88.378,94.268,88.432,90.241,94.319,87.705
44,P,-17.396,-17.648,-20.583,-17.43,-17.713,-19.513,-12.285,-18.432,-17.881,-18.094,-20.917,-18.729,-19.104,-18.799,-17.738,-17.314,-17.951,-17.381,-16.194,-18.47
45,C1',98.289,97.494,95.047,93.711,96.519,97.155,95.249,97.686,96.415,98.337,94.818,94.493,95.728,97.538,96.565,93.943,95.36,97.148,93.169,95.126
45,C2,148.649,150.038,149.618,147.605,150.249,149.505,150.011,149.507,148.966,149.988,149.332,149.269,149.66,149.705,149.86,149.274,149.109,149.336,150.098,148.936
45,C2',77.271,79.329,79.019,78.099,78.309,80.715,78.66,79.531,77.725,77.683,78.472,78.236,80.146,79.443,78.513,77.42,79.864,76.179,77.068,76.789
45,C3',70.624,69.421,70.433,70.324,69.607,68.903,70.273,69.945,70.822,68.839,78.494,70.545,71.153,72.554,68.795,70.347,69.307,70.659,76.125,69.688
45,C4,149.509,149.908,149.904,147.858,149.506,149.813,149.995,149.418,149.154,150.275,149.557,149.503,150.503,149.857,148.782,149.697,148.994,149.712,149.105,150.546
45,C4',78.657,79.812,81.126,81.218,79.281,81.95,81.032,81.522,82.921,81.739,85.188,79.093,79.904,80.942,83.691,78.83,83.592,78.567,84.07,81.189
45,C5,92.666,91.593,92.501,92.707,91.007,91.425,92.833,91.255,90.823,90.304,90.285,93.266,91.893,91.621,92.775,91.963,93.424,91.168,91.382,90.663
45,C5',63.855,63.243,64.173,62.878,63.607,64.578,62.647,64.743,63.724,64.537,68.983,63.685,65.047,64.341,66.817,63.823,63.758,62.047,66.456,63.538
45,C6,136.18,137.786,135.029,135.625,136.946,136.828,136.91,136.458,137.597,137.689,137.89,135.8,136.975,137.011,136.806,137.779,136.281,136.362,138.535,137.05
45,H1',6.416,6.722,6.452,6.718,6.5,6.844,6.506,6.548,6.424,6.522,6.876,6.567,6.651,6.344,6.795,6.79,6.713,6.506,6.894,6.666
45,H2',4.436,4.662,4.641,4.563,4.416,4.606,4.465,4.6,4.621,4.706,4.607,4.367,4.407,4.596,4.237,4.269,4.397,4.507,4.376,4.673
45,H3',4.714,4.444,4.384,4.548,4.298,4.718,4.438,4.623,4.489,4.343,4.815,4.548,4.535,4.586,4.589,4.652,4.446,4.033,4.574,4.584
45,H4',4.502,4.644,4.546,4.653,4.231,4.685,4.57,4.644,4.549,4.379,4.726,4.627,4.492,4.604,4.432,4.499,4.553,4.28,4.707,4.542
45,H41,8.581,8.01,9.658,7.211,9.947,9.54,9.402,9.62,9.545,9.479,8.964,9.757,9.011,9.864,8.868,9.549,9.218,9.098,9.674,9.451
45,H42,4.854,5.043,5.149,4.86,4.971,4.949,4.965,4.848,4.97,4.954,5.073,4.982,4.96,4.902,5.145,5.082,4.992,4.974,4.936,4.969
45,H5,5.265,5.444,5.14,5.389,5.358,5.257,5.525,5.416,5.419,5.509,5.622,5.413,5.503,5.356,5.337,5.599,5.473,5.421,5.401,5.303
45,H5',4.844,4.606,4.728,4.767,4.936,4.743,4.738,4.273,4.718,4.215,4.32,4.884,4.781,4.522,4.56,4.778,4.172,4.901,4.853,4.811
45,H5'',4.142,4.165,4.174,4.09,4.285,4.287,4.149,4.309,4.073,4.324,4.08,4.085,4.117,4.2,4.29,4.191,4.268,4.26,4.09,4.129
45,H6,7.611,7.495,7.834,7.897,7.749,7.649,7.483,7.605,7.951,7.619,7.936,7.778,7.849,8.01,7.285,7.441,7.393,7.431,7.89,7.74
45,HO2',3.649,3.326,3.059,3.017,2.565,3.264,3.159,3.396,3.533,3.575,4.767,3.134,2.893,3.014,3.052,3.67,2.992,3.064,3.156,3.334
45,HO3',2.497,2.886,2.914,2.977,3.468,3.006,3.129,2.697,3.151,3.75,3.216,2.347,2.377,2.381,3.181,2.703,2.931,2.493,3.774,3.163
45,N1,153.673,157.08,153.603,154.705,156.31,157.833,155.433,156.108,154.86,156.698,155.121,151.724,157.935,154.951,157.213,156.945,156.623,153.936,153.684,155.157
45,N3,195.11,201.142,193.853,202.221,196.756,195.284,196.253,197.808,197.296,195.115,203.994,195.437,196.443,194.888,196.218,198.892,201.657,199.586,196.163,196.553
45,N4,86.988,78.975,92.024,87.81,90.46,87.46,86.001,87.861,90.603,86.144,86.069,89.909,86.395,87.976,92.837,88.596,84.326,89.072,87.782,86.445
45,P,-19.093,-19.937,-19.389,-19.188,-17.999,-18.924,-19.281,-18.666,-19.011,-18.126,-18.655,-20.608,-18.995,-17.259,-17.237,-17.755,-18.473,-20.126,-18.942,-19.576
