res,atom,shift_1,shift_2,shift_3,shift_4,shift_5,shift_6,shift_7,shift_8,shift_9,shift_10,shift_11,shift_12,shift_13,shift_14,shift_15,shift_16,shift_17,shift_18,shift_19,shift_20
17,C1',88.789,98.448,99.145,88.341,85.348,86.966,85.948,93.962,96.532,87.345,91.981,89.237,96.793,91.818,99.076,83.546,82.35,86.258,95.255,98.53
17,C2,145.315,148.917,149.805,144.734,132.574,138.819,136.65,147.062,142.334,136.424,138.308,143.934,147.342,148.561,145.748,139.357,130.529,134.685,145.848,157.51
17,C2',91.805,76.534,78.939,77.931,75.165,83.052,85.293,82.55,79.498,72.205,81.075,83.494,79.581,72.492,79.934,84.571,73.586,75.438,79.245,83.268
17,C3',53.184,71.132,78.112,70.591,71.664,65.885,55.809,60.964,76.28,68.35,69.758,63.588,76.013,74.377,66.771,65.725,70.156,69.468,64.983,82.266
17,C4,146.052,143.175,148.742,143.045,142.836,140.086,144.745,148.893,147.03,145.454,141.694,144.188,145.473,145.781,147.104,141.479,142.865,142.611,142.467,145.875
17,C4',75.236,80.194,86.668,78.534,82.48,71.502,71.307,75.185,79.442,71.728,83.589,72.816,81.765,77.316,72.29,82.886,73.86,69.108,78.569,87.857
17,C5,116.411,118.199,121.067,122.343,121.939,119.991,119.979,119.948,121.844,123.034,122.539,120.126,118.716,122.032,118.69,122.098,120.402,121.311,123.151,124.888
17,C5',59.132,64.816,88.861,56.912,120.719,53.768,52.251,55.786,61.169,40.845,61.46,54.145,67.496,49.609,60.54,118.706,38.593,41.429,60.969,143.554
17,C6,147.968,151.787,157.145,151.029,156.855,152.37,154.605,150.123,153.782,152.186,152.969,149.121,153.227,151.924,151.537,152.095,153.686,153.35,153.051,159.623
17,C8,127.079,132.007,131.345,127.933,128.53,127.895,127.488,132.505,132.003,127.394,131.859,126.75,130.34,129.521,131.7,127.627,126.873,127.659,130.105,135.61
17,H1,10.809,8.081,9.535,10.778,10.534,10.657,9.84,12.144,12.571,11.08,11.524,10.133,11.856,11.161,12.351,9.853,12.002,11.261,11.104,10.074
17,H1',4.778,6.338,8.378,6.569,4.334,5.604,6.078,7.27,6.93,5.678,5.322,5.19,6.527,6.31,7.164,5.79,6.707,5.629,6.633,8.725
17,H2',10.181,5.409,8.319,5.226,5.251,4.415,4.897,5.286,5.318,6.697,4.766,12.36,5.31,5.874,5.968,4.264,3.972,4.272,5.871,7.579
17,H21,-16.413,4.345,8.222,4.67,-28.78,-34.354,-4.83,0.59,4.364,-23.099,4.324,-10.808,4.541,3.543,5.904,-19.286,-17.621,-8.715,-0.432,6.894
17,H22,-17.872,4.341,13.096,3.569,-30.584,-33.949,-4.819,3.061,4.274,-23.429,0.462,-12.649,4.195,5.828,2.223,-18.551,-17.663,-11.552,-2.259,8.982
17,H3',12.446,5.067,7.824,4.75,5.119,3.283,8.142,5.608,5.879,4.092,3.828,5.101,6.001,5.566,5.57,4.362,4.492,4.38,5.321,7.795
17,H4',2.83,4.869,7.67,5.31,5.554,4.762,3.579,3.953,5.644,4.255,4.295,3.874,5.096,6.189,4.054,6.362,4.739,8.691,5.358,7.84
17,H5',4.446,4.578,-0.928,4.451,6.663,4.615,5.399,3.951,4.661,6.881,5.041,4.712,5.161,3.818,4.06,7.244,6.48,5.855,4.21,-9.621
17,H5'',3.262,4.504,5.584,5.361,-0.467,3.409,5.11,9.976,5.188,8.788,18.906,15.922,5.336,22.152,4.452,-6.664,10.119,6.978,4.629,-2.409
17,H8,7.223,7.938,9.548,7.889,6.639,6.651,6.546,7.629,8.317,7.381,7.593,7.248,7.905,7.892,7.719,7.212,9.327,7.77,8.093,10.34
17,HO2',6.657,3.121,7.659,5.063,6.205,6.299,6.415,4.217,5.227,5.151,4.839,5.319,2.221,3.106,3.836,6.363,5.152,5.733,5.84,8.083
17,HO5',1.628,2.182,1.06,1.695,1.296,1.99,1.268,1.763,1.873,0.708,2.728,1.702,2.491,3.623,2.027,2.215,1.469,1.115,2.532,2.769
17,N1,144.081,135.321,141.822,159.464,167.335,164.942,160.841,171.687,166.704,169.903,174.604,153.992,150.446,161.852,161.412,162.775,156.944,161.898,168.199,169.7
17,N2,127.486,57.715,113.689,16.423,240.895,281.195,53.869,-1.448,36.521,207.121,4.031,116.596,58.696,21.422,18.491,170.238,192.464,114.352,58.693,91.259
17,N3,199.445,196.843,176.732,212.285,196.12,173.684,198.119,230.797,211.836,208.005,209.369,191.372,188.62,209.105,200.691,179.591,177.899,188.801,209.178,242.334
17,N7,219.171,227.854,270.711,224.976,242.567,236.643,233.631,228.193,233.85,250.609,247.504,213.482,235.11,226.737,223.71,253.349,241.098,241.897,222.096,260.494
17,N9,182.36,171.096,190.045,173.046,173.445,181.342,175.002,174.271,174.719,180.538,180.451,171.736,175.726,170.654,175.101,180.951,171.646,174.356,168.287,184.954
18,C1',89.128,98.461,101.469,85.264,84.611,87.388,88.077,94.888,97.515,88.619,86.325,83.336,98.822,92.475,94.82,86.199,79.642,81.995,98.97,102.813
18,C2,145.116,149.728,152.975,146.125,135.335,144.612,135.915,143.849,142.894,136.31,146.336,140.419,147.952,149.258,146.608,138.333,136.477,140.819,142.963,152.643
18,C2',86.555,76.922,80.056,78.436,79.06,80.611,74.431,70.615,76.873,68.742,75.614,79.546,79.111,71.675,84.589,80.459,80.095,75.916,78.562,84.348
18,C3',63.331,72.982,77.408,62.142,63.708,50.48,68.906,67.614,74.627,68.634,66.125,63.599,76.689,75.931,65.86,58.144,64.609,65.337,53.503,79.525
18,C4,145.822,144.31,144.078,143.343,141.827,144.41,144.463,144.213,146.29,145.142,145.295,143.72,147.344,144.922,145.334,142.559,142.797,143.168,146.665,147.701
18,C4',76.074,79.469,84.952,79.026,76.744,75.629,68.4,73.678,78.764,70.62,83.99,70.02,81.565,76.789,72.398,72.232,73.678,73.674,72.387,89.296
18,C5,115.707,118.042,121.959,120.845,121.053,116.617,119.953,119.768,115.311,121.491,119.017,118.145,118.343,122.423,117.413,119.897,120.684,120.721,121.537,121.936
18,C5',98.067,65.471,75.734,72.844,65.97,129.814,111.74,33.663,65.151,101.148,29.151,121.96,65.079,69.52,34.313,34.041,24.914,94.912,65.041,76.881
18,C6,152.169,152.357,157.524,151.352,153.375,150.619,153.532,152.219,152.722,152.536,151.962,151.923,153.459,153.741,150.319,152.672,152.188,152.317,152.546,156.672
18,C8,125.506,132.866,133.116,127.53,130.983,123.906,127.77,130.341,128.619,125.746,127.168,124.09,129.301,126.815,129.699,126.702,128.742,127.331,130.775,134.866
18,H1,10.833,11.114,11.191,12.754,13.035,11.851,13.237,14.152,11.442,12.413,12.682,12.255,10.807,13.226,13.413,11.898,13.353,12.47,12.197,12.082
18,H1',6.554,6.333,7.967,6.509,4.423,4.362,6.083,7.211,6.744,5.583,5.223,7.558,6.859,6.615,7.186,5.677,7.004,5.405,7.854,8.369
18,H2',6.284,5.082,8.159,5.275,4.301,6.306,6.51,5.314,5.188,5.774,4.61,7.503,4.893,5.812,4.936,6.348,4.386,5.005,8.234,6.802
18,H21,-20.429,4.979,10.859,-2.225,-8.219,-30.524,-14.31,3.762,5.731,-22.04,-0.743,-14.642,4.505,2.766,4.504,-8.591,-5.867,-21.482,-4.373,9.195
18,H22,-23.543,4.671,8.205,-1.771,-6.893,-30.161,-14.107,3.937,7.76,-23.486,4.053,-16.449,3.793,6.789,3.647,-6.771,-6.677,-17.997,-2.369,8.987
18,H3',4.183,4.79,7.193,4.616,4.526,5.949,2.829,4.748,5.474,3.514,3.74,5.211,5.531,4.714,4.976,4.971,3.917,3.484,5.789,7.005
18,H4',3.039,4.596,6.902,4.872,3.268,6.059,7.084,3.872,4.957,7.828,3.747,4.08,4.801,5.051,3.751,5.878,8.685,6.098,4.935,6.463
18,H5',-18.274,4.199,7.352,2.814,-9.409,-5.815,-18.726,4.637,4.504,-10.413,4.602,-18.037,4.889,7.3,6.489,5.194,5.795,-10.317,0.444,6.616
18,H5'',-17.927,4.535,5.952,6.291,-5.884,-9.216,-17.356,4.982,4.751,-7.252,7.83,-16.034,4.203,9.091,6.378,2.943,8.3,-10.438,2.309,6.619
18,H8,5.926,8.445,10.671,7.295,7.781,7.365,6.169,7.454,8.084,5.964,6.951,6.689,7.9,7.447,7.09,6.282,11.489,6.911,7.541,10.635
18,HO2',6.532,3.33,7.543,5.042,6.588,5.923,6.5,3.805,4.243,5.126,4.57,5.183,3.192,3.595,4.286,6.082,5.604,5.501,5.389,8.391
18,N1,142.81,162.947,164.875,168.801,172.716,168.699,169.662,175.361,138.558,170.253,175.587,151.549,158.457,170.057,163.405,168.048,162.954,175.078,159.424,169.937
18,N2,188.122,57.447,113.31,58.597,70.948,238.576,118.626,13.02,76.681,193.92,-0.579,164.659,48.532,15.561,41.948,73.704,100.877,183.468,95.328,111.373
18,N3,189.045,206.857,207.169,191.766,191.368,186.832,197.319,222.262,168.896,197.693,213.062,181.011,209.639,213.671,196.014,194.706,182.23,201.801,186.884,204.122
18,N7,231.328,237.689,267.228,231.227,258.746,223.991,243.528,240.601,239.468,244.84,233.848,222.94,246.353,234.545,234.742,238.973,251.264,241.653,231.54,277.267
18,N9,167.078,170.813,177.923,166.456,167.731,192.861,175.617,171.56,167.546,178.338,182.262,170.369,177.388,172.369,173.666,176.168,171.471,174.462,171.7,180.461
18,P,-7.631,-18.627,-8.117,-16.435,-7.834,-11.666,-9.235,-22.429,-18.162,-17.296,-15.777,-18.877,-18.06,-22.953,-23.17,-11.837,-13.609,-14.018,-22.108,-8.473
19,C1',89.624,100.31,103.357,91.914,79.083,90.75,84.265,84.461,98.866,91.122,87.002,83.647,101.317,94.874,97.803,90.394,82.224,90.532,99.139,106.081
19,C2,151.183,148.86,151.351,145.424,151.756,153.451,152.199,146.219,150.665,151.714,148.817,151.363,150.507,151.029,147.536,148.921,148.753,151.785,143.961,152.66
19,C2',83.725,75.61,81.261,79.654,82.968,80.04,80.781,82.871,77.214,65.749,76.426,79.69,78.216,74.944,85.237,78.537,75.444,71.169,83.942,81.907
19,C3',60.052,73.18,76.928,58.863,58.968,60.461,64.931,73.658,75.035,63.99,65.071,59.206,78.333,74.576,72.723,58.421,64.522,67.059,56.295,79.826
19,C4,148.042,159.362,159.63,162.615,161.689,158.84,152.884,151.197,149.991,155.726,162.043,152.89,158.504,163.196,159.171,157.223,158.51,158.284,162.856,164.945
19,C4',73.931,77.828,83.906,74.26,73.547,78.202,72.462,69.928,79.487,73.388,87.254,71.095,81.479,79.95,76.785,75.5,73.913,70.419,73.033,87.628
19,C5,92.889,104.345,132.704,90.088,99.117,80.428,107.784,101.004,99.454,95.465,88.479,89.465,107.46,103.539,106.923,91.823,84.104,111.152,98.02,134.993
19,C5',97.465,66.081,74.16,95.128,36.332,66.94,91.787,32.968,64.451,73.177,39.79,104.229,64.573,32.576,35.491,65.251,57.874,72.931,51.595,77.379
19,C6,137.098,140.494,137.375,131.27,132.392,128.842,135.831,132.984,137.48,135.783,141.353,136.618,140.682,137.415,137.517,137.188,130.256,136.415,133.562,136.333
19,H1',9.324,6.231,8.147,6.02,7.168,4.475,5.563,6.904,6.631,4.591,5.113,7.613,6.502,6.256,6.384,5.638,6.163,5.124,7.74,7.639
19,H2',6.399,5.035,7.816,7.279,4.742,8.87,3.993,5.616,5.342,6.424,5.874,8.995,5.298,5.176,4.89,7.659,4.68,4.926,6.403,7.29
19,H3',8.446,4.554,7.533,5.045,6.404,3.083,2.702,5.383,5.4,4.709,4.388,4.822,5.746,4.536,5.213,6.457,3.255,2.972,5.601,7.179
19,H4',3.596,4.412,6.687,4.007,6.538,3.54,6.265,4.419,4.899,6.447,4.294,4.292,4.96,4.726,4.549,3.2,3.896,8.677,4.441,6.279
19,H41,-23.973,4.385,9.715,0.704,-9.384,-14.842,-7.734,4.461,8.828,-18.935,4.972,-26.905,4.97,5.893,3.305,-6.501,-16.305,-21.397,1.031,8.951
19,H42,-20.879,4.563,6.95,0.712,-5.993,-13.01,-10.512,-1.25,4.819,-20.197,4.111,-24.404,3.679,5.393,3.756,-3.881,-16.472,-21.192,0.774,7.101
19,H5,4.103,5.801,7.61,4.925,4.643,3.432,3.881,4.565,5.647,3.725,4.613,4.175,5.655,5.37,5.128,4.035,3.728,3.884,5.516,7.67
19,H5',-19.294,4.59,6.983,-0.768,6.401,1.363,-11.736,6.938,4.562,-2.406,5.725,-14.189,3.916,8.686,6.66,-0.078,1.192,-7.029,5.089,6.593
19,H5'',-18.74,4.274,6.243,-2.092,9.534,4.024,-11.682,6.087,4.839,-5.109,8.471,-14.07,4.779,6.199,6.586,-0.675,-1.905,-4.011,2.956,6.595
19,H6,6.862,8.422,9.939,7.086,6.811,9.785,6.603,8.201,8.485,6.94,8.744,7.355,7.945,7.784,8.427,6.744,7.105,6.684,7.642,9.7
19,HO2',6.572,2.725,7.673,4.666,6.744,6.191,6.895,4.963,3.964,4.884,4.64,5.37,2.645,4.567,5.106,6.375,5.714,5.81,5.247,7.542
19,N1,169.308,166.248,167.4,160.839,179.875,183.814,171.108,160.336,158.042,171.026,180.992,161.074,170.647,172.746,167.548,164.15,175.175,172.033,158.214,180.705
19,N3,237.665,250.47,282.283,234.042,260.962,257.775,258.931,228.965,209.167,253.965,274.32,259.953,253.989,251.369,257.911,251.746,218.735,243.65,233.248,305.849
19,N4,237.059,66.589,110.894,83.439,114.953,141.539,126.948,61.075,86.407,212.45,23.638,322.141,64.918,35.949,24.377,104.703,209.555,245.302,104.97,93.438
19,P,-5.004,-18.243,-7.73,-19.218,-4.759,-8.651,-10.173,-21.155,-18.254,-14.134,-12.243,-17.274,-16.851,-22.628,-22.158,-9.606,-14.014,-13.306,-22.738,-6.782
20,C1',84.44,98.714,102.871,88.812,85.11,86.523,88.388,87.232,96.222,86.228,91.51,85.262,99.153,90.291,87.549,86.729,84.95,83.401,97.751,100.971
20,C2,151.978,147.279,153.203,147.491,148.329,148.508,150.086,148.81,148.556,149.511,147.534,146.779,149.945,146.685,147.921,150.944,146.016,147.437,147.729,156.032
20,C2',77.015,76.44,80.496,77.484,85.388,82.873,73.955,81.57,77.869,77.239,74.876,71.12,80.396,72.204,82.515,85.749,80.43,78.43,82.859,81.585
20,C3',62.492,72.747,78.169,65.445,60.066,63.213,66.282,74.318,74.981,65.915,61.53,64.491,76.719,75.9,71.96,56.96,59.407,66.674,60.114,79.287
20,C4,145.101,143.427,145.786,140.958,145.826,147.35,146.705,141.568,144.094,146.805,146.781,144.611,144.437,146.64,142.381,144.958,143.786,144.158,139.652,145.891
20,C4',74.44,76.971,87.514,72.602,76.657,75.34,75.388,82.771,79.025,72.847,78.241,70.01,81.63,74.32,83.548,76.075,71.902,72.662,74.321,87.329
20,C5,122.855,122.374,130.038,130.464,120.541,127.83,123.862,126.142,119.181,125.723,129.535,120.526,117.701,124.098,147.24,124.112,118.964,127.841,122.869,124.691
20,C5',83.878,65.529,74.158,75.563,68.127,81.948,107.084,46.582,65.666,82.719,53.68,70.941,67.081,47.264,40.821,78.264,76.649,93.92,32.534,75.245
20,C6,144.904,148.676,150.185,153.119,143.706,143.444,151.084,151.159,145.021,145.277,145.893,151.562,148.38,147.602,158.689,143.584,142.918,144.424,153.819,149.924
20,C8,128.607,138.058,137.944,132.637,130.846,129.85,131.047,132.454,134.819,129.32,129.715,129.647,133.525,129.871,130.688,130.497,127.58,129.322,133.07,138.645
20,H1',9.163,6.815,8.267,6.346,5.955,4.645,5.992,6.278,7.121,5.233,5.797,5.474,7.021,6.792,7.754,7.096,5.318,6.04,8.496,8.442
20,H2,11.207,8.604,10.61,8.471,7.078,7.922,7.034,7.844,8.836,6.712,7.503,7.703,8.712,7.379,9.396,9.338,6.754,7.46,8.446,10.359
20,H2',5.488,5.257,7.677,6.597,4.956,6.746,5.357,5.231,5.625,6.731,6.385,5.399,5.274,6.503,5.105,6.878,6.193,5.374,5.969,6.979
20,H3',6.501,4.886,7.149,6.378,6.363,4.458,3.179,4.964,5.56,3.828,5.988,4.885,5.805,5.055,5.176,8.208,4.232,3.649,5.898,7.011
20,H4',4.571,4.416,6.439,4.061,3.556,2.981,4.926,6.222,4.941,3.791,3.648,4.665,4.842,4.669,4.838,2.819,5.498,4.92,4.138,6.496
20,H5',-12.667,4.41,6.91,-1.299,-7.951,-6.906,-15.362,3.324,4.966,-7.806,4.54,-3.553,4.687,8.524,4.942,-2.795,0.975,-12.939,7.089,6.357
20,H5'',-13.451,4.649,6.674,1.045,-5.467,-5.973,-16.818,3.723,4.728,-5.939,3.077,-4.686,4.239,4.765,7.788,-5.429,-2.465,-10.129,5.362,6.748
20,H61,-9.189,4.979,9.905,0.615,-16.438,-1.576,-37.268,1.095,6.057,-10.431,4.543,-19.847,5.416,6.155,7.678,4.519,-4.216,2.344,-1.007,9.318
20,H62,-11.077,4.548,8.462,5.921,-15.099,5.163,-37.702,3.946,5.473,-9.546,3.165,-22.236,4.945,3.685,8.5,-0.809,-3.345,-1.64,3.954,8.604
20,H8,6.774,8.628,10.72,8.201,6.673,6.951,6.853,8.144,8.874,6.748,7.026,7.208,8.294,7.762,7.877,7.514,7.288,7.539,7.967,10.941
20,HO2',6.083,3.061,7.781,4.885,7.214,6.313,6.748,4.844,4.228,6.182,3.859,5.508,2.713,3.888,4.515,6.825,5.845,6.148,5.399,9.088
20,N1,228.704,258.286,256.181,259.54,258.174,270.502,280.747,269.595,234.041,266.545,267.837,241.962,238.789,241.873,339.243,249.1,226.313,259.468,254.587,273.186
20,N3,250.015,227.888,244.756,235.018,235.832,243.607,225.033,230.664,230.027,236.671,242.145,217.929,233.618,234.135,236.014,244.564,223.493,229.718,225.971,242.427
20,N6,146.773,52.904,103.241,18.166,163.647,14.787,332.46,18.312,66.884,113.003,17.022,275.751,71.652,27.025,39.393,31.354,95.24,45.521,82.111,92.437
20,N7,231.09,224.988,273.031,217.513,252.135,233.954,244.968,240.687,229.826,240.157,228.435,227.871,237.665,222.937,237.195,218.644,222.157,224.901,222.189,268.634
20,N9,174.321,175.978,185.88,170.888,188.379,189.771,184.399,172.569,175.348,181.623,180.401,175.179,179.671,172.47,178.815,182.568,178.586,186.952,173.117,179.971
20,P,-5.988,-16.646,-5.268,-21.481,-6.812,-10.631,-10.285,-19.868,-16.406,-14.2,-14.998,-17.067,-17.24,-23.894,-20.355,-8.821,-11.382,-15.33,-22.974,-5.306
21,C1',78.601,98.31,101.288,88.077,81.997,87.347,83.514,91.307,98.204,86.806,95.375,89.306,98.328,90.261,90.246,93.22,89.811,88.681,95.383,101.161
21,C2,128.662,146.749,150.471,145.311,139.244,140.781,135.869,135.959,143.839,136.989,150.26,134.769,135.896,144.223,139.536,139.378,138.117,139.735,147.09,154.11
21,C2',71.255,75.963,80.962,79.663,83.304,87.535,74.706,81.297,77.816,70.478,74.826,67.197,80.408,72.769,82.831,85.001,70.284,64.667,81.752,84.058
21,C3',62.824,74.078,78.587,62.746,75.334,61.383,59.668,69.419,76.244,65.753,67.494,65.176,77.928,75.078,73.672,50.374,60.084,68.533,55.995,82.564
21,C4,142.526,143.681,144.954,144.296,144.779,145.795,140.692,137.726,147.047,143.713,153.072,143.031,146.667,144.352,140.711,145.146,144.792,144.052,142.525,145.404
21,C4',81.483,77.306,86.345,74.57,86.119,74.242,73.938,79.897,79.052,73.625,74.964,64.802,81.532,75.937,84.194,74.025,76.053,70.958,73.626,83.927
21,C5,122.132,114.305,121.746,121.944,113.777,116.317,121.077,117.943,119.454,121.728,109.623,121.994,113.95,120.446,118.97,114.386,117.105,121.212,118.644,121.19
21,C5',91.024,64.965,73.652,74.301,264.777,89.506,61.317,33.493,63.775,72.191,33.829,52.043,66.315,39.688,36.772,50.082,135.306,115,78.441,68.344
21,C6,160.376,150.527,158.308,151.242,149.456,151.446,151.611,150.574,152.497,152.781,154.578,155.847,151.305,153.341,153.29,150.732,150.563,150.411,152.877,157.434
21,C8,127.534,128.765,129.942,127.003,125.242,124.116,131.629,126.89,129.726,124.015,127.003,124.717,129.81,125.612,126.991,125.42,122.537,124.381,127.069,134.835
21,H1,14.833,9.657,12.008,12.011,11.195,9.808,11.511,11.488,11.142,11.096,9.957,12.12,9.704,10.567,11.856,11.686,10.57,10.858,9.93,9.272
21,H1',7.415,6.251,8.031,6.972,5.529,4.306,6.373,5.783,6.749,5.66,5.651,5.459,6.323,6.112,6.346,7.03,5.379,4.933,7.106,8.194
21,H2',5.766,5.096,6.974,6.303,6.158,18.35,5.087,4.31,5.191,7.452,5.494,4.666,4.823,5.818,5.249,6.824,6.068,6.755,5.739,6.694
21,H21,3.196,8.207,11.505,-3.698,-15.825,-18.922,-8.11,2.229,4.607,-32.649,12.443,-13.655,1.394,7.124,4.884,-6.24,-22.733,-14.572,3.029,8.201
21,H22,4.828,5.616,10.573,-4.272,-19.117,-20.123,-8.908,4.711,3.933,-32.32,26.352,-10.891,3.027,3.917,3.258,-10.97,-24.758,-14.193,-0.187,8.549
21,H3',4.525,4.659,7.082,4.66,3.954,5.656,3.485,4.13,5.402,3.26,4.109,4.07,5.502,4.636,4.798,11.785,4.167,3.564,7.095,6.979
21,H4',4.595,4.386,6.342,4.005,6.088,3.316,4.809,5.738,5.019,4.101,2.9,4.952,4.65,4.345,5.064,2.992,3.751,7.127,4.055,6.703
21,H5',-9.19,4.354,6.686,-3.017,13.097,-14.727,-1.063,6.456,4.831,-6.008,7.208,0.007,4.713,6.413,8.092,-2.069,-6.212,-14.653,-4.118,8.151
21,H5'',-9.098,4.759,6.936,-3.401,12.888,-16.674,-2.614,8.053,4.967,-8.291,4.44,3.326,4.156,9.29,9.237,-0.203,-8.979,-12.045,-2.293,6.889
21,H8,6.167,7.634,10.042,7.116,6.409,6.227,8.769,7.788,7.991,5.863,5.788,6.175,7.615,6.988,7.022,5.774,6.997,5.918,6.934,10.45
21,HO2',5.327,2.816,7.919,4.213,7.359,6.34,7.053,4.87,4.313,5.56,4.358,4.392,2.513,3.565,4.844,6.438,15.987,4.902,4.877,7.707
21,N1,172.716,129.244,168.731,157.638,151.207,150.036,166.194,155.503,161.991,167.629,133.972,167.716,131.335,149.772,155.733,146.154,156.95,164.905,164.538,155.517
21,N2,1.357,79.653,125.358,69.357,131.509,143.131,105.329,37.406,37.384,304.222,277.014,144.712,92.796,41.979,29.242,84.005,179.049,120.346,44.85,97.079
21,N3,199.978,169.992,181.121,184.61,194.101,190.722,176.622,179.961,216.34,197.15,184.171,205.85,181.593,186.913,173.867,185.722,193.322,197.671,205.458,225.543
21,N7,243.159,234.982,273.503,223.082,223.407,222.675,260.443,250.578,239.166,231.202,229.62,239.662,240.866,226.165,239.485,229.2,218.702,238.454,228.58,276.007
21,N9,174.23,167.698,176.843,168.393,175.538,180.89,174.686,167.307,172.747,182.34,176.349,174.469,171.209,165.64,170.442,169.34,178.987,181.611,166.104,181.854
21,P,-6.767,-16.916,-8.213,-20.616,-5.104,-10.82,-11.684,-20.647,-17.883,-15.038,-6.93,-15.367,-17.187,-23.664,-18.72,-10.054,-15.278,-16.911,-24.171,-8.859
22,C1',80.057,99.18,95.51,87.822,74.99,86.25,83.758,84.107,97.64,83.056,93.716,75.002,93.097,93.208,94.342,87.986,82.794,84.976,91.161,101.91
22,C2,137.597,152.328,163.355,147.884,150.17,200.888,153.442,151.937,147.554,148.774,136.439,150.715,153.21,147.01,154.68,146.833,149.597,164.651,152.194,157.353
22,C2',58.828,77.586,86.285,79.246,78.625,82.627,89.452,71.196,79.315,64.633,77.986,77.69,82.077,77.972,76.169,79.235,87.413,75.791,80.06,86.561
22,C3',77.624,73.056,88.965,78.499,57.473,57.005,67.747,57.09,74.506,63.593,68.165,64.61,87.761,67.759,72.785,60.031,58.655,77.413,57.841,78.642
22,C4,148.811,141.113,146.728,140.532,144.01,156.771,146.346,142.625,142.132,145.444,144.776,146.778,148.249,144.5,143.432,143.528,144.034,148.073,143.221,145.094
22,C4',63.925,77.97,83.946,76.435,78.199,75.55,82.38,82.478,82.323,74.794,74.631,65.518,88.635,85.121,83.271,77.162,77.143,69.699,78.971,86.46
22,C5,121.823,119.409,117.824,119.819,119.919,114.734,118.606,124.786,113.661,122.138,128.489,117.07,126.398,129.114,118.735,122.067,125.668,119.896,114.379,129.877
22,C5',85.548,64.274,75.357,43.544,97.081,80.218,75.696,43.647,61.106,76.213,35.361,54.041,68.695,58.177,37.513,77.215,156.21,100.585,65.31,70.315
22,C6,176.54,147.62,151.741,151.571,142.754,155.567,151.071,152.342,144.242,144.913,143.172,158.527,150.146,149.45,147.143,145.332,145.639,149.36,151.401,155.487
22,C8,127.379,133.436,136.344,128.298,128.224,127.383,134.496,130.813,129.731,130.341,132.13,128.644,135.675,132.67,130.492,128.358,127.722,127.907,128.059,140.423
22,H1',4.19,6.782,7.793,7.807,7.242,5.357,6.834,5.579,6.868,7.516,6.7,8.804,7.366,7.039,6.932,6.018,6.188,5.59,7.462,8.547
22,H2,8.676,9.389,9.78,9.719,8.009,30.328,7.786,9.542,7.766,8.113,13.522,9.692,9.582,9.027,10.413,8.276,9.373,14.509,9.717,10.766
22,H2',5.269,4.35,7.167,5.811,7.025,5.227,6.808,3.864,5.517,4.792,4.243,3.613,5.398,5.31,4.496,4.025,8.483,7.011,5.136,5.67
22,H3',2.673,4.605,7.31,5.533,8.56,7.54,5.979,4.452,5.851,3.495,4.344,4.134,4.736,5.197,4.651,4.223,3.714,4.726,6.306,7.389
22,H4',7.526,4.426,8.146,4.168,3.535,3.512,7.007,4.759,4.971,3.903,2.991,5.404,5.13,5.085,4.922,4.753,5.37,5.686,4.662,6.714
22,H5',-6.64,4.88,7.151,5.64,-18.582,-11.944,-5.384,7.782,5.811,-5.773,5.393,-0.949,3.934,6.64,8.918,-8.241,-17.348,-13.385,-1.265,7.181
22,H5'',-8.011,4.371,6.475,4.125,-18.156,-12.659,-0.955,10.562,5.004,-3.863,6.982,1.487,4.944,7.265,6.8,-9.408,-19.426,-11.686,1.216,7.08
22,H61,-30.951,4.483,8.295,2.924,-9.63,-13.168,-25.88,3.417,5.884,-5.514,3.996,-28.965,3.539,4.56,6.502,-8.934,3.783,-27.585,-2.498,8.8
22,H62,-30.785,4.878,9.589,-1.245,-7.466,-14.033,-28.364,5.278,9.24,-7.199,4.294,-30.246,4.33,7.164,4.577,-10.531,4.13,-24.728,-5.223,8.161
22,H8,7.705,7.833,10.358,7.01,6.64,6.101,6.94,7.339,8.331,6.565,6.905,8.068,8.417,7.286,7.579,6.324,6.703,6.562,7.127,11.187
22,HO2',10.113,2.584,7.487,4.257,9.976,5.231,5.416,1.963,3.311,23.478,4.704,5.004,1.264,4.511,3.669,5.143,5.904,5.45,2.785,7.731
22,N1,277.917,249.617,306.14,238.059,248.8,287.607,288.775,282.369,216.874,263.154,266.532,278.414,281.037,247.547,242.502,233.932,253.066,254.69,245.416,293.437
22,N3,225.625,222.094,254.248,224.557,242.214,291.592,234.2,233.442,225.198,238.873,341.471,211.624,251.404,232.396,222.661,246.25,244.826,242.527,239.656,247.521
22,N6,349.186,50.469,102.721,89.192,101.695,135.069,258.906,21.928,80.912,95.861,10.743,355.736,43.692,28.99,32.581,137.287,18.137,265.528,139.254,89.494
22,N7,251.955,230.152,268.602,227.535,225.205,229.906,257.564,252.366,229.617,242.359,224.481,239.729,238.044,222.476,250.763,231.132,218.802,251.702,220,265.652
22,N9,161.482,174.335,179.406,167.895,175.842,172.11,174.978,172.841,175.414,178.318,183.304,178.006,176.178,169.109,167.878,169.337,173.61,175.388,169.348,180.232
22,P,-10.592,-18.389,-11.057,-25.888,-11.591,-11.729,-15.808,-19.436,-20.022,-14.65,-15.306,-18.506,-17.405,-19.534,-19.099,-8.826,-15.47,-16.229,-24.002,-9.527
23,C1',56.551,92.727,99.962,93.252,88.418,80.523,86.041,86.871,94.935,77.224,88.86,69.212,94.6,86.299,86.381,83.173,88.628,84.603,90.745,103.078
23,C2,144.736,148.532,127.324,143.968,143.246,147.749,142.993,141.761,147.906,142.471,147.805,146.201,149.858,147.849,143.044,142.77,146.526,147.702,126.331,139.588
23,C2',81.551,77.062,83.325,75.513,63.807,70.05,77.188,82.29,79.425,80.886,73.079,81.668,79.359,82.98,79.592,77.811,89.386,83.406,84.506,84.657
23,C3',57.282,81.696,81.248,74.23,82.212,81.727,61.904,81.166,75.729,71.39,72.773,66.944,79.566,73.777,78.058,76.995,69.586,63.734,72.303,96.869
23,C4,159.74,156.579,166.31,148.045,156.134,152.02,160.33,165.855,152.939,156.554,139.299,153.525,156.094,155.943,151.163,154.392,150.195,156.898,160.505,157.26
23,C4',87.273,80.36,99.62,76.408,56.678,72.986,75.746,77.884,83.18,70.827,72.571,64.26,93.622,77.9,76.517,77.755,77.455,80.671,58.109,77.501
23,C5,96.382,106.379,116.286,95.903,91.116,92.243,109.446,105.841,107.507,102.839,93.594,104.214,106.845,99.335,99.681,92.425,85.446,100.778,93.118,116.166
23,C5',123.394,67.751,60.769,58.198,56.563,73.96,78.861,47.687,68.282,111.534,36.242,174.848,71.625,45.133,49.348,984.508,79.748,49.973,44.901,79.749
23,C6,57.364,140.784,143.084,128.773,141.756,135.306,131.861,128.444,137.173,128.524,136.922,133.415,143.223,132.842,131.155,141.971,136.288,129.222,130.59,135.084
23,H1',8.024,6.231,8.241,7.01,5.444,8.265,6.056,5.389,7.237,8.062,5.596,6.671,7.303,7.022,5.915,8.806,6.165,6.502,7.822,8.218
23,H2',4.844,4.701,5.996,4.903,9.467,5.765,4.996,4.092,4.92,4.129,4.377,4.275,4.871,5.001,5.404,6.613,6.742,6.357,5.097,6.733
23,H3,6.498,7.294,16.102,7.122,6.847,15.304,7.593,10.094,8.13,7.264,7.072,7.712,7.442,7.232,6.76,7.151,8.147,9.246,14.359,11.399
23,H3',4.171,5.065,5.742,4.463,5.848,4.808,3.069,4.616,4.581,4.075,2.856,4.152,4.768,6.051,5.221,6.988,6.731,6.748,5.093,5.69
23,H4',21.576,5.215,7.035,5.134,8.807,6.096,3.998,7.167,5.607,6.555,5.142,7.585,4.974,4.461,5.714,-7.228,4.907,4.531,7.12,7.2
23,H5,9.749,5.982,9.321,5.681,4.833,4.743,4.767,5.267,5.788,4.087,4.547,4.658,6.068,5.026,5.383,4.676,4.731,4.935,4.193,7.496
23,H5',19.933,4.379,8.374,5.814,-2.039,-11.273,-4.273,9.193,3.885,-16.163,4.589,-17.587,4.422,9.077,5.426,12.207,-5.838,-2.207,4.942,6.72
23,H5'',13.279,4.027,8.593,1.617,-4.693,-9.719,-5.354,4.709,4.668,-16.014,8.549,-16.42,4.666,6.882,5.76,11.853,-6.092,-1.176,3.973,6.877
23,H6,9.381,8.455,9.58,6.308,6.515,7.173,7.39,8.118,7.841,6.924,7.015,9.701,8.045,7.959,7.96,7.333,8.733,6.883,6.993,10.368
23,HO2',11.682,2.931,8.213,4.524,11.678,5.928,6.394,3.544,3.319,6.274,3.062,5.171,1.533,3.697,3.133,6.633,5.655,4.411,4.723,8.613
23,N1,136.361,155.169,159.436,141.119,148.963,159.625,156.992,143.99,159.116,155.505,149.493,158.003,155.45,152.493,152.838,147.946,156.269,158.1,131.326,151.403
23,N3,145.898,157.536,184.825,151.434,146.454,184.88,144.986,157.681,157.334,154.273,162.394,158.187,157.937,170.415,149.389,151.264,154.513,158.55,156.264,172.447
23,P,-11.711,-16.528,-8.254,-25.182,-3.246,-5.112,-230.918,-15.371,-19.548,-23.036,-9.902,-17.4,-15.857,-41.334,-19.482,-49.31,-31.392,-25.548,-27.629,-7.801
24,C1',86.714,101.675,105.109,90.451,80.35,82.691,80.881,87.106,95.72,82.54,89.682,81.087,90.127,93.627,94.949,84.553,88.245,87.131,81.251,95.626
24,C2,152.99,148.354,119.408,144.758,149.744,154.659,149.825,146.338,149.219,153.526,149.37,139.427,140.348,146.665,143.931,151.27,153.256,151.213,151.285,154.208
24,C2',84.002,77.369,83.473,81.474,69.787,89.954,90.117,74.1,80.638,104.03,77.17,74.817,82.519,69.892,79.203,84.495,62.711,91.832,79.076,83.418
24,C3',66.985,75.646,81.048,80.241,82.191,68.326,63.772,81.769,85.246,64.257,72.082,70.03,78.177,77.518,75.23,80.562,78.793,66.899,65.896,89.73
24,C4,173.8,153.406,396.668,144.136,147.345,162.645,92.578,149.699,153.98,154.384,139.831,154.439,136.761,132.827,143.633,151.555,132.545,155.179,151.06,152.162
24,C4',71.992,79.211,100.112,80.085,81.333,74.117,74.735,81.361,82.981,71.602,78.741,70.286,88.231,81.878,83.377,78.324,80.799,73.843,79.296,106.478
24,C5,91.089,101.434,223.074,84.879,100.066,83.615,79.75,109.679,93.939,102.045,117.121,102.833,93.784,96.267,105.164,108.034,82.285,108.756,112.218,133.623
24,C5',115.898,65.776,76.505,48.718,86.359,86.416,56.659,31.878,65.192,61.687,65.142,93.417,70.222,38.719,44.153,63.882,104.874,67.095,81.527,18.534
24,C6,132.077,140.292,43.5,121.874,113.992,131.978,134.808,137.826,138.192,138.83,140.375,60.394,136.062,112.751,137.724,134.648,129.117,118.355,119.04,119.231
24,H1',4.736,6.358,15.049,6.138,6.37,5.82,8.233,6.581,7.232,6.073,6.833,7.093,6.685,6.65,7.543,5.128,6.099,5.542,7.087,8.927
24,H2',12.373,5.351,3.039,3.69,4.054,5.574,4.25,5.03,5.09,5.53,4.45,4.669,5.758,6.089,4.464,3.057,6.633,9.999,4.833,7.833
24,H3',6.832,4.356,7.867,4.446,3.464,3.552,4.682,5.461,4.952,7.597,4.381,4.079,5.327,5.326,3.811,7.697,3.841,5.743,5.046,6.588
24,H4',3.558,4.525,8.663,7.159,4.104,7.021,3.85,5.03,5.811,5.404,5.422,5.396,4.803,5.294,4.836,4.345,5.117,4.376,6.791,9.975
24,H41,-25.792,5.626,158.471,-0.969,-17.157,-18.479,23.223,11.699,5.367,-16.97,13.189,-22.576,3.367,7.761,5.116,-14.517,13.294,-21.009,2.013,7.677
24,H42,-25.482,4.874,-445.957,3.896,-13.85,-21.878,28.788,10.853,4.958,-18.318,15.392,-22.43,0.614,3.573,0.997,-9.491,2.31,-24.846,2.107,8.369
24,H5,4.708,6.113,38.238,9.703,7.129,4.848,12.366,9.258,5.949,5.438,8.084,10.12,5.492,8.134,5.287,4.079,4.741,13.465,7.273,8.009
24,H5',-1.193,4.537,7.764,3.058,-15.505,-1.279,-4.518,4.548,5.206,1.645,6.356,-8.871,5.367,9.59,5.858,-5.044,-21.911,-3.309,-0.929,15.061
24,H5'',-7.406,4.759,6.905,0.508,-15.239,-2.109,-8.366,6.341,4.148,-1.394,6.722,-7.14,6.467,5.366,7.495,-2.473,-22.969,-2.349,-3.731,10.828
24,H6,6.521,8.192,8.385,6.263,5.993,7.536,12.008,7.658,9.013,6.549,7.496,0.735,7.993,9.617,8.159,7.285,7.309,6.542,6.239,10.075
24,HO2',5.443,3.286,9.691,3.494,5.17,4.887,6.099,3.706,4.139,12.918,5.133,5.705,0.434,4.114,4.552,6.597,7.352,5.044,3.049,7.572
24,N1,160.05,156.959,86.649,158.14,151.186,179.804,112.529,152.203,157.848,163.993,157.824,141.542,144.884,161.763,167.206,159.119,155.948,163.967,166.495,158.791
24,N3,219.296,216.078,-1886.144,239.775,210.377,224.659,180.218,214.895,206.201,267.922,273.887,203.247,240.51,195.797,279.049,223.697,245.265,211.572,248.489,255.627
24,N4,268.764,83.62,8656.115,89.506,170.53,188.921,351.915,139.938,102.854,172.144,351.573,199.842,112.062,24.709,20.05,112.168,429.558,302.348,33.416,65.189
24,P,12.441,-15.797,-7.731,-24.575,-3.201,-9.232,-8.794,-17.066,-18.732,-16.952,-13.719,-13.253,-24.505,-20.589,-15.685,-11.906,-19.901,-12.966,-24.077,-162.113
25,C1',74.79,98.277,94.256,86.795,86.502,82.895,84.838,89.107,93.991,79.725,85.95,74.485,88.409,82.159,89.296,82.077,85.529,90.912,87.007,96.238
25,C2,140.767,147.06,145.923,143.721,142.633,147.775,146.027,142.708,146.693,140.434,144.547,143.135,148.55,146.539,141.44,143.322,144.201,146.885,145.486,143.286
25,C2',79.725,76.329,84.716,73.287,82.485,76.753,79.395,73.023,78.113,69.89,67.243,74.366,83.657,80.57,76.194,71.749,85.395,76.328,79.842,89.171
25,C3',70.397,73.631,79.778,78.532,71.143,73.155,69.716,65.439,81.348,63.395,77.642,69.183,80.808,79.994,70.569,73.308,55.353,82.487,71.085,83.407
25,C4,163.484,155.432,157.594,154.934,156.857,120.046,155.425,153.446,154.912,151.759,138.796,153.099,145.6,151.079,151.162,155.821,145.912,157.168,145.399,83.431
25,C4',67.166,79.295,97.044,74.703,74.477,72.51,74.394,77.205,81.297,70.913,77.536,76.315,88.3,73.92,81.339,68.044,68.44,64.786,79.653,96.564
25,C5,105.318,105.088,126.199,87.807,47.887,92.53,95.737,103.886,105.625,81.22,97.177,110.894,106.14,104.615,106.003,95.473,90,89.36,99.366,113.826
25,C5',109.656,64.85,79.016,70.941,64.579,32.295,23.786,45.995,72.688,35.817,53.574,43.911,62.313,30.514,35.119,67.723,68.018,82.02,25.304,75.422
25,C6,124.51,140.351,139.684,138.451,33.536,140.582,125.941,136.387,140.255,96.638,138.159,120.612,136.137,132.511,132.109,140.827,134.852,141.294,130.137,86.333
25,H1',10.669,6.123,9.748,6.905,4.663,10.881,4.667,6.118,7.539,6.033,5.246,8.758,6.87,7.012,5.9,6.26,7.011,5.186,7.077,9.733
25,H2',6.584,5.046,4.848,4.724,6.14,7.322,4.166,5.559,4.813,5.92,5.598,3.526,4.983,5.113,5.038,7.596,9.948,6.892,5.413,8.195
25,H3,8.647,6.752,10.909,6.784,6.423,4.923,7.243,6.7,8.456,7.908,6.467,7.375,7.165,7.359,6.224,7.899,7.087,6.457,8.257,7.866
25,H3',14.887,4.54,6.932,5.005,6.244,6.024,3.002,4.188,5.796,3.103,4.104,2.836,5.403,5.143,5.003,4.738,9.293,4.206,4.967,6.367
25,H4',7.32,4.623,7.32,3.697,5.053,5.954,4.741,5.111,5.468,4.606,3.821,4.382,5.209,5.575,5.053,8.175,3.115,6.789,5.276,7.149
25,H5,4.596,6.028,8.06,5.303,13.956,5.608,4.376,4.227,6.495,15.048,5.571,7.032,5.649,5.907,9.565,5.092,5.032,4.768,5.498,10.953
25,H5',-19.441,4.228,7.3,-1.729,-9.805,1.49,8.212,5.789,4.425,9.53,6.285,3.288,5.244,6.735,9.417,-5.517,-5.923,-9.464,6.375,6.233
25,H5'',-19.182,4.635,5.835,-2.437,-10.703,2.642,5.91,7.685,7.317,9.299,7.749,2.993,6.517,5.793,6.528,-4.51,-6.226,-8.071,6.268,6.011
25,H6,7.237,8.628,9.795,7.401,3.49,7.176,6.514,7.759,9.132,6.548,6.455,12.585,7.795,8.221,6.183,6.986,6.922,7.13,7.947,8.098
25,HO2',5.082,3.029,9.242,6.191,6.547,6.137,6.545,4.682,3.786,4.515,2.483,4.553,2.215,3.827,4.383,6.042,6.29,5.877,6.512,6.561
25,N1,141.876,159.056,165.016,155.878,125.396,156.229,161.235,156.72,157.599,150.426,140.935,150.509,144.706,155.05,149.158,159.97,150.911,161.828,157.565,129.739
25,N3,145.1,158.295,173.003,150.623,145.263,131.196,157.711,149.575,159.792,154.833,147.387,154.401,149.394,155.242,154.131,152.593,157.303,144.443,154.406,144.329
25,P,-13.683,-16.833,-10.915,-19.936,-15.742,-11.737,-9.002,-23.101,-15.507,-14.966,-12.177,-7.586,-9.838,-27.116,-18.901,-10.639,-17.416,-12.277,-27.954,-4.836
26,C1',85.443,97.592,90.429,82.92,90.077,84.2,90.003,89.584,96.097,84.115,90.846,83.529,99.522,93.178,92.738,91.643,90.702,87.317,80.501,100.086
26,C2,131.865,145.584,146.462,142.99,134.051,127.367,135.186,142.864,140.578,135.785,136.15,135.313,145.789,144.441,143.336,133.306,140.896,141.496,141.273,147.566
26,C2',81.41,75.297,87.888,88.243,78.415,83.428,79.083,75.721,77.089,71.343,76.657,67.146,80.293,73.142,77.734,78.464,86.14,74.992,85.268,82.608
26,C3',70.199,75.923,89.752,81.865,76.331,71.649,71.8,63.904,76.431,68.026,72.612,64.01,84.013,75.123,68.044,74.386,61.153,69.499,65.056,81.136
26,C4,139.242,146.048,143.393,141.521,144.217,144.025,140.817,143.1,144.566,145.599,143.354,144.069,149.163,147.105,144.759,143.889,143.303,146.142,143.02,143.385
26,C4',77.75,77.7,85.168,62.037,82.16,79.291,71.405,77.328,82.277,71.451,85.562,74.537,76.72,75.511,73.971,84.911,71.128,69.306,81.134,83.869
26,C5,121.791,112.932,119.765,117.76,120.772,119.551,119.823,118.028,118.826,120.547,117.632,118.636,118.318,117.639,118.437,118.827,116.437,118.204,110.67,117.318
26,C5',85.027,67.029,76.218,34.74,134.069,102.078,49.626,33.281,64.645,82.688,32.337,41.336,68.839,48.819,39.218,75.775,41.397,88.963,80.643,77.151
26,C6,154.383,149.71,153.306,146.209,153.766,157.657,152.5,151.038,151.815,151.084,151.787,151.211,153.112,151.789,152.874,156.632,152.34,147.856,145.335,153.53
26,C8,132.231,132.728,137.226,120.992,147.844,133.189,123.727,129.483,129.323,124.192,127.52,128.109,129.437,126.146,129.153,126.966,124.943,125.51,115.707,131.599
26,H1,11.952,8.564,11.6,10.668,11.673,13.686,10.949,10.956,10.176,10.081,11.271,10.97,12.109,10.162,11.365,11.354,9.657,9.106,11.531,13.543
26,H1',6.528,6.175,11.812,7.319,9.055,8.474,4.243,6.149,6.83,5.419,5.116,6.376,6.536,5.898,6.294,6.061,6.088,5.216,7.392,8.302
26,H2',3.861,4.872,7.98,6.101,5.213,4.481,7.061,5.16,6.161,8.262,3.958,5.697,5.521,6.417,5.207,8.431,5.329,6.679,5.588,8.102
26,H21,-27.105,4.781,10.628,6.28,-26.847,-3.349,-30.523,2.03,6.137,-17.483,4.157,-20.013,3.283,5.612,-1.482,-2.047,-13.465,-29.49,0.824,7.617
26,H22,-27.894,9.152,7.985,4.159,-23.935,-8.565,-32.513,4.757,5.23,-13.411,7.507,-20.647,4.045,3.845,4.36,0.201,-10.227,-28.23,1.551,9.314
26,H3',2.963,4.757,6.54,5.631,5.665,4.829,3.52,5.273,6.171,3.196,3.04,3.807,5.24,3.858,4.923,4.724,5.092,5.452,5.426,7.45
26,H4',4.717,4.613,6.744,7.253,10.382,6.648,4.066,3.945,5.344,4.512,3.51,4.646,5.472,4.877,3.958,5.052,6.776,6.535,5.219,7.254
26,H5',0.876,4.577,6.329,4.325,-21.115,-9.812,1.417,4.729,4.483,-12.465,6.075,8.803,5.125,6.819,5.672,-3.107,0.5,-11.359,-5.993,7.137
26,H5'',-1.052,4.361,7.478,3.633,-21.223,-9.36,0.609,7.863,4.215,-11.05,5.19,10.336,5.05,5.745,7.102,-1.782,2.337,-8.82,-3.363,6.702
26,H8,7.229,8.326,10.121,7.203,15.855,7.554,6.255,7.476,8.124,6.417,6.666,10.917,7.777,7.238,7.458,5.8,6.933,6.442,7.569,9.693
26,HO2',7.181,2.675,7.876,4.702,6.548,6.887,5.268,5.322,4.166,5.609,3.914,4.2,2.651,3.55,5.675,5.112,6.316,6.008,6,7.348
26,N1,169.313,127.412,167.986,161.245,166.291,168.892,170.912,156.487,147.257,168.361,151.159,156.01,165.98,145.713,161.851,168.388,142.595,153.32,143.588,170.375
26,N2,259.923,89.741,106.308,27.262,203.505,55.744,244.405,10.105,66.638,151.931,50.531,250.043,47.794,40.762,14.425,33.359,135.819,271.38,82.699,125.705
26,N3,161.575,172.188,198.947,200.276,204.751,195.527,188.509,197.768,167.224,198.645,162.047,174.109,211.079,185.591,196.166,208.096,181.773,207.961,177.442,198.251
26,N7,245.979,235.482,264.166,251.912,231.688,242.601,257.453,243.549,254.864,253.499,263.583,255.418,243.931,235.621,233.802,240.283,219.509,245.181,254.919,271.277
26,N9,165.66,168.724,186.769,158.59,156.472,177.076,169.406,173.422,162.269,176.857,171.004,174.311,177.633,168.405,172.373,160.673,168.897,181.35,158.813,175.44
26,P,-130.45,-15.889,-12.429,-27.21,-7.121,-2.595,-4.636,-17.817,-31.428,-20.795,-8.216,-20.814,-14.803,-16.919,-19.932,-19.619,-17.913,-12.759,-21.179,-7.965
27,C1',77.681,98.623,103.896,85.148,84.798,80.374,90.011,93.031,98.045,89.493,91.489,84.998,100.031,92.75,98.204,83.114,85.507,89.092,86.117,102.71
27,C2,148.963,149.255,155.101,146.617,151.707,151.504,148.953,149.422,148.176,151.756,145.968,146.727,150.948,146.957,147.808,149.001,148.473,153.468,146.567,158.482
27,C2',77.236,75.415,80.295,85.081,76.437,75.228,71.171,76.381,77.326,64.823,77.933,74.57,79.002,74.246,75.873,76.971,67.808,79.648,83.957,81.954
27,C3',62.939,74.807,77.328,68.902,62.935,67.559,63.958,65.458,76.297,67.425,71.079,65.073,77.738,75.447,66.869,64.692,58.872,70.712,67.938,79.115
27,C4,142.757,144.362,145.993,143.799,146.383,146.027,144.981,143.554,142.502,146.613,144.262,143.686,144.804,144.529,143.913,142.448,144.35,146.058,146.508,146.589
27,C4',82.119,79.152,88.284,75.098,72.915,65.292,76.286,76.977,81.119,71.742,71.809,69.575,80.006,76.107,82.112,62.207,73.158,84.933,84.573,86.961
27,C5,120.477,126.906,132.172,118.248,125.545,125.668,115.472,126.235,115.13,126.124,128.935,118.18,116.219,123.485,119.56,124.511,121.547,126.852,124.823,132.597
27,C5',123.924,66.55,71.287,65.255,92.32,81.322,106.631,39.961,64.467,70.81,38.443,73.951,65.447,72.875,41.999,96.137,80.805,597.914,57.5,74.162
27,C6,150.045,152.304,153.081,150.274,148.414,158.561,148.433,147.776,146.282,146.517,142.171,148.251,148.948,150.75,147.537,147.329,149.079,148.474,149.293,153.871
27,C8,134.778,139.04,136.57,127.488,133.042,132.074,131.115,135.032,133.536,131.488,133.307,129.793,132.265,131.59,132.689,131.294,128.78,127.387,129.038,138.312
27,H1',8.636,6.663,8.571,6.753,4.649,7.238,4.691,6.906,6.96,5.891,5.943,5.715,7.009,6.674,6.843,6.102,6.288,5.542,7.025,8.698
27,H2,7.26,8.618,10.251,8.192,7.53,7.207,7.004,8.212,8.556,8.065,7.917,7.848,8.706,8.401,7.788,8.661,8.536,8.519,8.485,10.26
27,H2',3.59,5.052,7.938,5.5,4.464,3.565,8.141,5.872,5.469,7.918,4.33,5.276,5.219,5.712,5.56,5.803,7.758,8.101,5.276,7.342
27,H3',3.487,4.676,7.518,5.204,6.056,3.858,3.134,4.677,5.476,4.086,3.884,4.059,5.559,4.946,4.957,4.129,7.873,5.033,4.853,7.239
27,H4',5.757,4.454,6.874,4.897,5.403,6.58,5.32,4.436,5.153,5.861,4.708,7.633,4.874,5.044,4.761,5.467,4.17,7.189,5.772,6.733
27,H5',-8.209,4.284,6.344,-2.324,-13.346,-9.592,-10.867,6.636,4.638,-1.567,6.045,-4.679,4.161,4.14,8.507,-18.202,-10.367,12.006,-0.621,6.374
27,H5'',-8.527,4.672,6.946,-4.128,-11.977,-7.343,-11.282,3.686,4.438,-2.287,7.967,-1.875,4.871,6.885,4.258,-19.273,-8.637,12.71,1.659,6.247
27,H61,-18.102,3.886,8.903,-1.999,-14.829,-37.994,-24.777,6.453,6.342,-15.249,5.869,-19.741,4.889,6.164,5.193,-12.422,-9.276,-19.669,3.354,8.943
27,H62,-19.087,3.444,8.176,-5.515,-17.648,-38.492,-22.096,-0.55,8.969,-13.786,0.458,-17.6,6.7,2.614,4.964,-12.173,-8.743,-16.57,5.418,7.992
27,H8,7.513,8.747,10.901,7.538,6.991,7.917,6.424,7.54,8.754,7.161,7.244,7.306,8.125,7.275,7.721,6.85,6.683,7.11,8.273,10.633
27,HO2',6.177,2.868,7.971,4.858,7.023,6.434,6.146,4.969,4.395,5.372,4.075,5.277,2.597,3.624,4.255,5.954,4.78,5.291,5.572,8.291
27,N1,266.9,268.449,270.343,242.549,276.406,280.681,258.895,268.431,215.929,266.732,260.2,247.972,235.685,250.713,240.107,263.484,242.719,265.611,240.544,287.32
27,N3,216.848,234.288,244.826,224.326,248.336,240.011,231.159,231.258,224.571,243.031,231.057,220.521,231.45,229.966,224.126,211.213,235.304,246.829,228.784,245.052
27,N6,167.126,36.327,100.132,120.313,153.629,339.963,237.99,17.89,83.157,143.639,17.255,212.831,67.269,30.988,48.09,152.534,143.759,209.775,37.164,82.599
27,N7,246.241,227.806,275.528,231.65,246.297,255.414,247.747,227.216,230.267,242.192,248.369,223.907,230.811,219.089,223.017,234.973,229.123,234.648,229.287,274.538
27,N9,184.935,176.647,187.1,167.843,178.145,177.387,182.443,176.159,172.81,176.133,172.928,178.29,180.151,176.692,175.301,170.664,168.609,186.048,172.535,185.31
27,P,-7.666,-16.287,-11.345,-25.82,-12.582,-12.307,-10.043,-17.141,-22.857,-12.229,-16.938,-15.026,-17.82,-25.026,-17.099,-14.802,-15.876,-6.366,-23.48,-8.78
28,C1',80.624,97.208,102.79,83.624,78.583,80.459,88.345,94.434,96.958,89.198,89.88,84.025,98.048,88.514,96.148,82.02,77.111,83.631,86.394,102.713
28,C2,135.507,147.211,154.254,145.191,133.346,127.3,142.318,149.506,139.749,135.726,136.859,134.378,149.589,144.569,148.322,134.009,131.21,131.857,147.267,152.449
28,C2',82.502,74.819,81.535,80.036,78.361,67.965,68.858,78.777,77.135,75.817,79.973,76.923,79.168,75.043,80.83,82.084,68.592,75.221,76.253,82.666
28,C3',63.702,75.773,77.739,76.273,62.834,64.815,64.942,63.139,77.532,64.063,71.686,60.372,78.031,76.32,67.011,66.051,63.181,67.281,65.191,79.833
28,C4,141.871,143.19,143.076,142.467,141.062,140.817,146.035,145.554,145.147,145.053,141.027,142.711,147.033,145.141,146.769,141.017,142.029,144.004,143.529,145.719
28,C4',72.836,78.465,87.74,77.092,73.108,67.63,74.378,77.894,81.264,74.292,69.586,71.633,80.579,73.612,77.136,78.863,69.899,69.683,78.482,87.722
28,C5,121.568,112.891,121.199,117.81,122.357,122.736,118.024,117.679,115.38,123.316,118.793,122.472,115.812,121.967,119.312,119.89,118.972,119.857,116.263,120.028
28,C5',39.823,65.783,72.394,32.442,42.669,79.436,90.049,38.84,66.848,95.269,42.174,47.376,65.293,76.407,34.652,71.891,63.483,124.964,48.418,75.455
28,C6,154.135,149.839,157.828,149.118,156.861,157.341,149.383,152.211,151.085,153.832,153.37,151.471,152.858,153.063,153.418,153.431,154.442,153.281,149.19,156.859
28,C8,128.075,129.069,132.246,123.222,131.375,126.703,123.84,128.164,127.177,124.83,125.91,124.462,128.245,126.053,129.905,127.51,124.281,123.85,121.118,132.509
28,H1,12.49,9.959,12.015,12.375,12.676,13.692,12.142,12.409,12.628,12.008,12.91,12.971,8.946,11.713,12.025,13.016,12.937,12.969,13.037,11.08
28,H1',5.048,6.228,8.273,7.15,6.84,6.897,4.863,6.225,6.73,4.899,5.496,5.534,6.735,6.512,6.526,5.057,10.114,7.255,6.798,8.236
28,H2',4.048,4.982,7.458,5.087,3.836,3.867,8.543,4.964,5.384,4.971,4.092,4.671,5.128,5.767,4.89,4.721,7.712,6.401,4.928,6.697
28,H21,-23.224,8.141,8.253,0.348,-25.153,-22.141,-32.846,-0.989,7.396,-21.495,6.3,-12.28,4.261,4.108,3.811,-0.766,-17.206,-19.113,1.636,8.028
28,H22,-24.704,5.619,9.615,-0.226,-21.972,-24.208,-33.279,2.264,5.689,-17.66,4.506,-11.011,7.047,4.216,3.252,-3.035,-20.297,-18.587,0.038,11.302
28,H3',2.791,4.422,6.986,4.679,4.725,3.386,2.973,4.848,5.29,3.926,3.778,4.118,5.385,4.836,5.057,4.21,5.486,3.655,4.035,6.812
28,H4',5.232,4.458,6.57,6.034,3.378,9.543,4.705,3.514,5.097,6.179,4.729,4.508,4.857,5.119,3.453,4.73,4.534,5.67,6.027,6.446
28,H5',8.04,4.598,6.779,3.593,2.604,-3.757,-10.88,7.052,4.502,-16.219,5.619,2.928,4.135,7.935,8.185,-1.919,-4.366,-17.584,10.585,6.273
28,H5'',5.336,4.278,6.203,6.996,-0.089,-6.55,-7.727,3.559,4.724,-16.927,8.078,-0.346,4.825,7.187,5.758,-3.547,-5.717,-17.1,9.21,6.413
28,H8,6.899,7.695,10.859,7.019,6.733,6.902,6.886,6.818,7.896,5.554,6.515,6.022,7.572,6.942,7.105,6.41,6.061,5.894,7.383,10.318
28,HO2',6.517,2.704,8.097,4.806,6.63,5.231,5.277,4.599,4.664,6.24,4.638,5.199,2.611,3.862,4.692,6.62,5.107,5.596,6.051,8.829
28,N1,170.899,132.634,168.639,159.178,174.195,172.922,155.124,163.74,141.321,171.982,163.886,169.946,138.175,157.748,154.255,165.996,155.005,170.521,157.261,152.466
28,N2,199.738,91.062,119.201,75.51,201.219,211.262,256.547,24.655,70.823,176.328,35.492,113.753,72.879,24.592,19.304,36.316,180.779,162.216,87.794,120.968
28,N3,179.282,162.487,215.911,195.286,201.898,170.161,195.205,203.947,162.509,206.544,169.812,188.866,188.235,190.619,206.727,184.034,191.254,192.941,194.956,204.027
28,N7,264.716,230.332,264.42,227.589,251.062,261.405,232.155,226.573,234.219,246.32,242.949,242.734,241.261,225.73,233.804,242.992,228.264,240.758,227.064,272.436
28,N9,175.375,168.397,174.402,170.897,179.052,181.403,196.926,171.632,165.266,187.883,172.785,183.82,172.557,170.136,173.204,167.446,172.139,176.343,165.545,179.819
28,P,-4.631,-17.083,-8.069,-20.376,-4.412,-11.168,-11.609,-16.456,-17.655,-15.94,-14.838,-15.313,-17.658,-23.792,-20.284,-10.562,-16.978,-20.308,-21.056,-7.728
29,C1',85.36,101.441,103.957,86.052,81.121,84.617,87.861,97.411,100.481,90.039,89.061,90.717,97.065,92.381,99.824,84.052,74.049,85.837,89.761,106.71
29,C2,151.791,150.547,150.498,149.095,151.391,150.185,154.769,147.247,149.752,152.258,147.932,150.175,149.968,150.045,148.602,150.597,149.068,151.826,145.012,153.431
29,C2',81.945,75.266,80.39,75.287,74.799,72.275,75.045,79.152,76.844,67.077,78.639,72.19,77.203,74.85,79.379,81.525,78.672,72.596,79.732,81.25
29,C3',64.056,75.273,77.174,73.755,64.401,62.654,59.316,60.343,76.254,68.151,71.531,67.789,76.708,74.748,66.117,66.534,64.235,60.481,65.844,80.774
29,C4,162.629,169.165,157.498,147.652,156.701,162.606,155.484,156.561,150.818,158.947,161.418,158.797,155.551,158.913,161.351,157.499,151.902,155.758,162.291,166.859
29,C4',74.165,78.188,88.615,75.992,77.246,75.17,74.798,71.321,81.837,72.543,82.898,71.019,84.719,73.357,77.775,80.951,74.16,75.054,74.237,87.941
29,C5,86.682,113.167,127.421,100.479,109.712,112.433,92.309,95.599,100.936,101.638,110.743,85.88,102.629,101.29,97.035,107.918,97.609,98.358,99.191,139.804
29,C5',25.178,65.459,72.632,56.546,50.766,61.715,84.804,33.921,65.599,82.635,54.591,66.033,45.162,31.474,32.135,107.699,75.354,115.283,69.086,76.048
29,C6,125.977,140.584,136.037,130.844,134.862,132.249,147.568,139.118,137.51,131.235,127.799,141.84,140.195,135.866,141.541,131.947,132.17,136.252,132.144,136.399
29,H1',5.058,6.348,8.358,6.237,5.602,5.059,2.576,6.763,6.775,5.228,5.851,4.872,6.454,6.216,6.767,4.826,8.738,5.002,6.453,8.157
29,H2',7.615,5.47,7.52,4.637,4.212,3.385,4.439,6.042,5.329,6.045,4.595,6.663,5.051,5.114,5.188,4.301,6.004,4.05,4.899,7.274
29,H3',3.461,4.342,7.492,4.34,3.621,2.599,3.166,6.237,5.219,3.189,3.708,4.092,5.803,4.477,4.923,3.882,4.24,4.8,4.106,7.124
29,H4',4.861,4.425,6.502,6.7,3.903,4.854,4.674,3.019,5.017,5.821,5.279,6.397,5.996,4.738,4.002,5.785,4.088,4.717,5.82,6.443
29,H41,-10.491,2.787,8.261,5.975,-27.667,-30.938,-25.943,1.32,5.195,-6.144,1.372,-18.386,3.935,3.45,4.583,-21.62,-25.283,-26.732,1.496,8.617
29,H42,-8.829,3.301,7.687,5.702,-25.965,-31.818,-28.75,4.661,6.273,-7.777,6.201,-15.528,6.496,6.004,2.942,-23.897,-27.005,-26.809,3.49,7.695
29,H5,4.699,6.469,7.506,4.788,4.253,3.902,3.431,4.945,5.682,4.309,3.966,3.074,5.464,5.07,5.174,3.978,3.96,3.931,5.553,8.079
29,H5',7.675,4.728,6.38,1.37,6.521,0.82,-11.101,8.091,4.372,-4.645,5.139,2.381,10.476,6.631,4.992,-15.268,-9.04,-18.862,4.209,6.509
29,H5'',5.546,4.31,6.991,4.009,3.964,1.631,-8.621,5.563,4.942,-5.936,10.667,-0.154,7.317,8.281,8.115,-16.911,-10.022,-20.415,4.899,6.062
29,H6,7.026,8.37,10.118,7.918,6.716,9.569,6.176,7.216,8.349,6.907,8.214,7.606,7.98,7.754,7.752,8.462,7.47,7.068,7.909,9.787
29,HO2',6.933,2.945,8.094,4.281,5.999,5.271,7.722,4.159,4.856,5.613,4.508,5.68,2.398,3.741,4.435,6.344,6.128,5.925,5.24,8.284
29,N1,169.865,169.931,162.601,158.749,174.562,160.024,185.67,165.44,159.922,167.728,152.878,171.259,166.519,164.574,169.5,154.211,159.338,172.267,162.083,181.096
29,N3,255.209,291.497,273.104,227.603,250.891,252.138,247.693,249.879,217.039,272.455,257.973,248.569,221,253.665,252.57,242.985,224.09,263.014,237.507,304.817
29,N4,125.887,42.377,106.228,27.144,250.412,287.393,262.973,39.569,78.244,99.804,24.85,212.441,76.374,31.803,32.31,241.097,325.493,278.713,65.479,93.233
29,P,-8.996,-18.223,-11.352,-22.983,-6.71,-9.53,-12.983,-18.676,-18.359,-16.275,-16.514,-15.801,-17.175,-23.632,-18.48,-12.891,-15.246,-16.368,-23.41,-8.361
30,C1',88.69,100.504,102.825,85.825,82.288,86.2,87.075,94.748,100.364,82.057,90.674,87.885,100.029,92.334,100.052,84.639,90.365,82.141,88.935,105.379
30,C2,149.89,136.858,150.411,148.546,149.135,151.033,151.357,147.778,150.671,151.663,150.109,152.238,150.65,149.482,147.229,150.505,150.987,150.314,143.54,155.311
30,C2',87.911,77.202,80.181,73.434,83.946,79.567,76.765,80.376,77.236,74.334,74.648,78.947,79.912,73.12,77.498,79.26,83.821,77.895,73.848,81.857
30,C3',61.858,73.581,75.106,71.691,58.201,62.318,63.771,59.51,75.517,63.262,68.163,63.028,75.059,76.701,63.806,63.778,65.967,68.227,66.569,79.355
30,C4,155.51,153.394,150.21,159.197,161.474,166.86,149.327,153.336,149,156.983,169.719,158.682,154.788,161.178,160.746,166.92,160.523,149.312,152.81,169.787
30,C4',76.491,76.797,85.76,77.838,75.118,75.985,75.212,74.595,81.816,70.751,83.063,70.285,81.713,75.975,76.675,78.603,73.902,70.183,68.388,88.549
30,C5,73.795,91.602,115.226,99.58,111.575,115.579,99.815,94.5,92.606,103.939,107.515,96.653,101.523,99.451,104.133,99.895,103.078,111.519,93.412,139.703
30,C5',99.957,63.522,71.139,55.109,40.859,75.227,74.823,35.262,66.129,83.832,36.861,87.49,65.826,61.535,35.177,74.313,46.593,116.204,38.144,75.355
30,C6,135.486,139.988,134.811,131.294,149.155,125.881,140.17,140.784,139.843,141.756,133.355,136.696,140.376,136.28,142.768,131.239,132.117,135.368,132.042,130.752
30,H1',5.942,6.528,7.966,6.687,7.113,4.5,5.234,6.467,6.865,5.943,5.242,5.537,6.862,6.507,6.809,5.732,5.093,7.065,6.396,8.476
30,H2',10.938,4.972,8.576,4.842,3.621,4.387,3.405,5.747,5.354,9.228,5.286,7.864,5.255,5.873,5.38,5.487,4.015,4.415,7.05,7.38
30,H3',4.989,4.704,7.223,3.8,5.526,2.425,3.29,5.833,5.088,3.341,3.613,4.297,5.352,4.752,5.27,2.672,3.911,3.024,3.924,7.205
30,H4',3.035,4.419,6.367,6.679,3.979,4.704,4.047,3.899,4.878,3.76,5.04,4.294,4.724,5.264,4.074,5.284,5.437,7.211,4.144,6.546
30,H41,-29.462,4.771,9.561,-2.087,-18.469,-15.897,-10.08,-0.11,5.545,-2.274,2.621,-24.881,5.076,4.536,1.95,-31.55,-32.161,-8.405,3.863,8.708
30,H42,-28.185,5.218,7.705,0.276,-20.319,-15.607,-14.253,4.492,5.699,-3.686,2.845,-23.328,4.069,3.899,3.87,-27.574,-32.127,-9.895,2.838,6.85
30,H5,3.133,5.483,7.282,5.639,5.301,7.103,4.484,4.991,5.744,4.35,4.522,4.387,5.532,5.028,5.451,5.01,4.349,4.924,5.024,8.199
30,H5',-18.444,4.943,7.285,4.594,0.067,-10.428,-5.722,6.936,4.824,-9.697,3.512,-6.367,4.219,8.252,6.624,-9.203,1.575,-18.881,8.574,6.421
30,H5'',-17.032,4.304,6.467,8.699,1.883,-10.714,-7.741,4.386,4.406,-11.551,7.31,-8.542,4.797,5.011,9.024,-10.05,0.348,-16.93,8.009,6.183
30,H6,7.565,8.287,10.703,8.622,7.953,9.34,7.133,7.32,8.59,7.578,7.742,7.895,8.347,7.817,7.814,7.343,9.448,8.924,7.871,9.823
30,HO2',7.054,3.217,7.56,4.528,6.495,6.343,6.424,4.403,5.151,5.289,4.176,5.567,3.195,4.101,4.355,5.892,7.234,6.742,4.919,8.355
30,N1,172.289,144.044,162.624,165.357,165.97,156.58,167.78,165.646,161.075,166.401,168.86,176.717,167.471,165.245,172.667,167.028,155.849,165.625,155.06,173.342
30,N3,234.717,202.876,276.621,222.775,267.874,245.197,255.196,246.77,205.683,266.104,273.156,276.975,223.207,253.087,264.961,235.696,234.841,240.723,210.976,323.103
30,N4,253.504,77.543,97.64,62.122,206.728,134.053,129.641,28.257,78.191,115.908,11.069,234.052,78.062,32.84,14.011,235.745,386.002,127.578,68.78,122.494
30,P,-7.084,-18.879,-11.6,-19.999,-6.669,-12.993,-12.519,-17.999,-16.585,-18.194,-15.683,-16.782,-17.26,-23.351,-21.373,-14.49,-13.551,-14.995,-28.503,-8.803
31,C1',88.675,97.403,101.051,77.904,86.227,88.757,76.195,93.91,102.156,89.323,88.298,84.464,102.341,89.242,97.917,87.048,75.994,86.442,80.703,105.8
31,C2,147.969,147.396,143.754,140.464,147.637,146.681,136.247,143.97,146.135,148.604,142.955,145.628,146.232,145.707,136.311,142.904,141.821,140.799,139.443,143.254
31,C2',88.165,73.256,84.071,82.622,88.34,76.813,67.956,79.481,79.009,67.699,75.39,73.823,78.959,77.285,78.605,82.244,60.364,68.759,84.55,81.007
31,C3',58.038,70.78,82.185,77.145,59.913,61.956,65.926,65.855,76.252,69.311,65.326,66.248,76.68,71.81,68.85,64.935,62.803,65.016,61.793,82.017
31,C4,147.783,156.625,158.989,153.074,150.518,157.921,158.604,155.881,155.397,156.06,156.031,152.034,157.277,154.041,157.579,157.335,157.515,158.043,154.163,155.852
31,C4',74.308,76.066,85.5,72.741,75.964,76.924,67.036,77.46,80.717,72.249,82.797,71.302,81.551,78.241,75.559,73.057,74.017,76.813,67.31,89.579
31,C5,78.731,100.306,115.963,100.414,72.998,83.36,100.054,95.444,104.903,95.054,93.984,91.682,110.035,100.975,95.16,89.196,109.957,107.876,95.461,129.102
31,C5',67.465,64.596,76.797,45.932,38.043,76.218,86.312,42.711,64.998,72.719,36.848,106.384,64.203,32.194,31.706,36.214,104.477,50.701,68.439,74.638
31,C6,142.105,140.701,137.712,133.488,138.758,132.833,139.808,138.916,138.397,132.707,132.625,135.847,140.963,132.643,138.508,135.731,130.418,129.004,132.035,134.536
31,H1',6.093,6.515,9.241,6.568,4.604,4.739,5.859,7.004,6.928,5.492,5.368,7.13,6.83,6.802,6.689,4.675,7.228,5.341,8.094,8.445
31,H2',11.369,5.924,6.483,7.504,11.666,7.033,4.87,4.367,5.223,7.167,5.114,4.632,4.859,5.462,4.606,4.67,3.412,4.93,7.819,7.308
31,H3,11.556,7.745,11.251,6.908,8.219,7.298,6.856,7.672,8.457,7.45,6.985,7.633,7.004,7.481,7.242,7.582,8.397,8.259,8.582,11.308
31,H3',7.858,4.514,7.116,5.872,4.298,2.407,3.643,4.377,4.772,3.494,4.337,3.972,5.347,4.87,4.57,3.594,3.385,2.949,6.691,7.562
31,H4',3.231,4.458,7.134,5.292,3.205,3.996,6.43,4.277,3.595,4.964,4.825,4.947,4.789,4.678,3.258,5.331,4.72,4.185,4.065,6.48
31,H5,5.622,5.7,7.795,5.075,5.525,3.418,3.835,5.089,6.109,4.383,4.977,4.552,5.801,4.977,4.711,4.459,5.473,4.74,5.801,7.984
31,H5',-6.233,4.151,6.83,7.937,7.376,-7.351,-0.54,4.073,4.164,-3.331,7.95,-17.514,4.678,8.916,7.732,5.444,-18.24,3.109,2.398,6.695
31,H5'',-7.773,4.753,6.057,7.385,9.632,-6.959,0.088,4.318,4.222,-5.467,8.021,-15.682,4.142,6.168,5.231,8.941,-17.615,3.204,1.665,6.022
31,H6,7.021,8.534,11.163,7.898,10.152,8.381,7.366,7.564,8.661,7.117,7.677,7.336,8.318,8.19,7.475,7.195,10.975,8.163,7.778,10.211
31,HO2',5.513,1.889,4.572,4.331,6.189,5.893,8.585,10.688,4.783,5.858,2.53,5.649,1.321,-1.923,1.787,5.235,28.499,5.347,3.743,8.156
31,N1,165.625,163.908,159.639,147.64,182.665,177.828,159.932,158.709,161.351,161.858,160.778,154.922,163.438,161.281,154.049,162.164,151.806,151.961,142.62,165.06
31,N3,154.227,161.504,185.207,148.917,157.077,155.246,150.854,155.282,158.835,145.161,153.964,150.025,156.792,152.881,147.339,154.585,152.755,156.261,152.4,181.238
31,P,-9.3,-17.831,-6.123,-23.374,-6.323,-13.487,-12.285,-20.188,-16.044,-17.555,-15.774,-15.379,-17.461,-24.645,-20.696,-7.271,-14.964,-15.43,-22.974,-6.615
32,C1',83.342,98.4,105.586,90.503,83.508,83.91,74.903,83.443,97.711,77.57,84.899,85.072,95.101,93.954,93.413,85.83,84.021,83.182,86.871,97.29
32,C2,133.31,144.032,142.736,145.537,141.549,131.039,133.241,144.593,142.551,134.186,142.301,130.246,145.179,146.419,142.072,143.461,134.163,133.707,147.233,136.457
32,C2',75.406,77.57,77.605,75.11,89.998,82.718,86.851,73.825,75.109,80.423,82.188,84.235,80.158,82.446,71.696,72.658,73.606,72.862,69.395,86.713
32,C3',64.479,72.243,74.246,69.672,63.947,55.935,53.244,85.645,74.714,72.909,73.959,74.099,78.7,68.081,66.202,76.322,79.01,78.205,89.136,85.827
32,C4,140.231,143.068,146.334,145.003,144.741,142.895,145.854,144.057,146.115,147.182,148.531,143.746,145.853,145.778,144.841,148.969,143.767,146.54,145.246,147.983
32,C4',72.953,78.99,89.886,84.611,75.403,80.481,86.477,75.716,85.638,83.361,84.722,78.366,82.123,88.496,77.108,82.694,74.601,78.737,78.596,91.228
32,C5,121.052,117.209,123.717,120.882,113.067,120.564,116.837,119.139,117.915,118.934,115.753,117.84,117.382,114.175,120.858,114.462,117.657,120.417,113.474,121.651
32,C5',38.209,66.673,75.789,58.667,93.66,27.887,135.815,51.929,69.084,62.336,36.993,100.002,66.305,29.401,41.543,104.719,49.325,78.411,35.236,80.183
32,C6,152.535,146.693,150.147,151.489,148.9,151.656,150.934,153.262,151.678,152.876,148.35,154.908,150.684,148.544,151.207,150.701,150.611,152.227,147.868,147.783
32,C8,132.558,137.113,139.781,131.63,125.749,135.239,148.361,128.977,133.123,138.971,130.619,128.961,136.454,135.565,134.911,131.538,138.675,133.024,128.116,139.631
32,H1,7.361,7.562,11.941,9.142,7.643,7.681,9.185,7.155,9.091,8.161,8.277,10.403,7.152,7.449,7.319,8.267,7.336,7.52,7.457,11.999
32,H1',7.12,6.465,9.002,6.654,4.696,5.308,8.626,5.735,6.966,6.474,6.014,6.652,6.512,6.894,6.948,6.57,4.351,6.212,6.229,9.416
32,H2',3.837,5.158,10.057,6.217,10.772,3.999,4.663,5.759,5.582,6.82,5.488,4.276,4.605,5.425,5.283,8.953,8.569,5.948,4.68,9.034
32,H21,-14.27,4.787,9.062,-0.364,-27.545,-23.729,-22.309,4.208,5.129,-26.98,-1.756,-0.536,4.795,3.897,3.784,-5.521,-14.993,-2.36,-3.746,9.307
32,H22,-10.833,4.939,8.826,0.701,-29.544,-22.575,-21.096,1.427,5.203,-26.552,4.14,3.224,4.873,3.635,4.123,-9.864,-12.861,-0.866,-2.813,9.298
32,H3',2.882,5.174,8.072,5.912,3.202,5.15,4.029,6.175,5.188,5.457,6.251,4.662,5.477,5.377,5.226,4.124,6.501,3.925,6.016,7.241
32,H4',5.463,4.529,6.634,4.616,2.958,4.571,4.523,4.708,4.911,10.799,3.227,4.942,4.699,4.763,3.742,3.289,4.22,8.141,6.382,6.729
32,H5',3.46,4.523,7.635,3.799,-13.823,8.754,-17.574,4.353,4.654,3.142,7.269,10.824,4.574,9.991,7.384,-13.217,2.628,-7.097,5.738,6.248
32,H5'',0.978,4.132,7.059,-0.423,-13.659,8.035,-17.837,6.048,5.29,2.386,6.2,11.896,4.256,9.202,5.893,-12.382,2.268,-7.288,9.509,6.053
32,H8,7.112,8.434,9.683,7.554,7.637,7.307,15.338,12.158,8.55,11.096,8.225,7.642,8.123,8.811,10.536,8.545,28.875,8.965,8.385,10.698
32,HO2',6.047,3.679,7.714,3.606,6.466,6.313,8.708,0.558,4.879,5.356,3.592,6.126,1.921,5.88,3.916,5.44,8.222,5.031,9.01,7.141
32,N1,161.852,152.466,202.415,164.969,137.636,161.751,171.486,155.184,171.946,162.615,155.868,161.168,141.138,156.669,150.654,149.953,154.686,169.58,151.959,166.159
32,N2,105.661,50.644,65.212,32.534,185.205,149.505,165.185,7.775,32.174,256.736,-4.823,8.924,71.675,7.545,11.012,63.457,112.435,60.621,95.794,114.461
32,N3,179.502,183.163,208.386,193.112,184.158,189.878,150.145,189.083,199.904,189.55,218.78,205.933,171.665,211.588,212.56,192.666,184.654,211.843,191.253,235.581
32,N7,256.472,231.787,274.249,221.882,231.788,246.16,249.015,253.02,256.693,251.068,230.872,243.612,235.355,215.884,424.838,224.628,191.435,255.325,222.237,263.01
32,N9,186.999,170.083,199.449,172.451,195.213,189.02,173.487,176.578,174.437,176.879,175.113,168.861,171.851,174.17,195.794,185.009,141.857,175.052,171.078,190.808
32,P,-6.132,-15.571,-10.574,-18.347,-15.444,-6.953,-22.249,-19.197,-16.012,-13.604,-7.849,-12.815,-14.055,-19.941,-21.655,-8.092,-9.875,-22.417,-22.502,-8.334
33,C1',85.518,94.943,104.303,87.343,86.1,83.774,73.576,85.828,101.217,86.344,80.198,80.442,96.26,90.126,89.626,87.683,81.768,85.873,76.378,92.749
33,C2,132.78,142.632,157.645,142.137,147.382,139.463,180.153,140.062,140.843,141.955,146.588,139.488,147.235,142.858,150.985,142.636,133.528,136.373,173.34,200.866
33,C2',83.649,77.26,81.036,80.883,88.969,87.565,80.351,76.202,76.005,82.45,81.194,83.97,81.26,76.316,75.7,78.809,78.018,83.448,68.84,76.129
33,C3',57.322,72.803,89.579,68.54,63.965,61.188,63.372,78.582,87.301,79.528,67.536,66.036,78.992,68.474,71.64,84.987,43.982,63.753,70.653,84.107
33,C4,140.544,142.616,145.189,143.616,142.848,142.931,138.618,138.301,147.558,146.941,151.92,145.458,146.761,145.659,145.817,147.082,141.233,143.818,143.234,152.889
33,C4',76.776,79.163,90.175,74.132,74.03,72.175,77.695,72.885,86.248,76.686,81.165,68.487,81.194,85.745,82.05,71.298,110.082,69.741,67.179,95.68
33,C5,119.305,112.727,122.088,116.379,115.638,115.509,121.055,119.353,114.671,117.117,111.544,114.819,116.816,116.037,135.766,123.209,117.599,118.723,120.916,132.6
33,C5',82.451,67.244,75.172,55.981,83.052,43.112,38.827,60.262,68.426,72.562,40.069,51.863,66.18,67.028,35.793,51.404,427.653,89.468,65.741,78.159
33,C6,151.425,146.721,154.096,150.389,146.311,150.534,152.989,151.013,150.934,149.616,150.286,150.678,152.423,150.706,137.746,154.972,153.295,149.431,150.708,139.423
33,C8,130.166,129.886,140.555,132.317,126.201,127.859,131.622,136.065,130.7,133.36,122.724,127.051,133.513,126.822,128.749,128.659,126.252,132.113,131.217,128.525
33,H1,7.8,7.335,11.554,7.652,11.212,7.988,8.027,7.478,8.107,8.534,8.322,8.036,8.405,7.445,8.083,7.946,8.392,8.233,7.293,11.404
33,H1',4.188,5.92,6.814,6.339,6.005,4.667,8.534,6.086,7.229,4.876,4.771,6.081,6.741,6.366,6.453,4.11,7.405,4.637,5.968,9.765
33,H2',7.702,5.547,6.438,6.127,18.64,10.308,4.122,4.804,4.325,6.117,4.245,5.329,5.003,5.209,5.099,4.308,8.052,7.199,7.041,8.259
33,H21,-13.192,5.169,9.495,-2.655,-22.819,-31.259,26.693,4.746,5.555,-25.215,3.956,-25.472,4.419,5.878,1.363,-8.083,-0.501,-8.184,8.418,29.554
33,H22,-13.032,5.628,7.675,-5.703,-21.067,-30.864,32.261,0.534,5.844,-26.577,-0.206,-25.823,4.757,2.472,4.493,-12.171,-2.723,-10.797,8.504,15.733
33,H3',4.006,5.614,6.774,5.188,3.291,4.824,2.294,3.947,5.29,3.704,4.404,2.982,5.379,3.627,3.915,3.544,4.362,3.748,3.991,7.704
33,H4',3.849,4.462,6.359,4.482,3.245,3.833,4.38,5.967,5.361,5.483,3.986,5.713,4.645,5.25,4.469,5.035,8.685,4.906,4.769,7.237
33,H5',-15.161,4.211,6.619,6.886,-9.795,-1.137,3.138,2.37,4.463,-12.216,4.229,1.121,4.267,8.75,6.705,-0.944,12.361,-9.496,1.378,6.351
33,H5'',-13.977,4.39,7.018,6.091,-12.347,-2.817,2.52,-0.697,5.058,-12.655,5.611,-0.525,4.318,6.558,8.251,2.212,12.299,-7.611,3.59,6.212
33,H8,6.333,8.439,11.285,7.83,6.549,6.236,7.22,9.986,7.482,7.96,7.22,7.761,7.977,7.758,7.159,7.071,6.832,7.853,7.798,9.08
33,HO2',6.36,3.179,7.6,4.011,5.6,6.709,5.718,4.304,1.566,5.223,4.097,6.435,3.296,5.727,4.003,4.922,5.36,4.211,3.705,5.726
33,N1,166.593,135.715,168.817,148.404,126.546,151.744,139.657,157.202,147.709,152.63,169.94,150.238,163.061,147.868,170.758,158.914,158.008,155.457,155.517,175.712
33,N2,75.634,69.032,71.008,73.634,139.832,215.335,5.215,-3.66,58.786,225.456,-9.768,281.436,45.339,7.939,-3.594,67.827,22.836,74.738,84.46,346.743
33,N3,188.889,164.841,232.605,178.959,194.613,185.775,198.227,201.313,168.143,197.74,212.696,173.348,203.648,206.447,207.125,216.588,198.091,194.589,234.876,170.745
33,N7,270.559,260.673,311.914,242.238,228.236,238.777,332.29,231.373,251.337,238.868,269.85,275.672,244.166,262.409,251.387,253.477,255.289,226.238,240.381,334.639
33,N9,173.717,162.913,179.699,165.69,182.253,175.923,184.857,159.303,173.43,176.253,184.905,176.996,177.73,167.733,183.382,177.085,164.198,184.997,161.901,190.684
33,P,-12.871,-16.452,-6.829,-12.679,-6.742,-8.512,-7.761,-23.257,-18.022,-10.046,-8.235,-21.828,-16.662,-16.168,-12.104,-7.861,4.518,-7.243,-20.355,-9.054
34,C1',89.645,99.905,103.817,97.4,79.704,84.862,80.363,84.97,89.24,88.106,93.721,90.072,96.037,91.18,89.689,81.136,78.221,76.066,82.883,98.727
34,C2,141.388,143.106,142.863,143.413,197.918,122.075,136.022,138.993,139.595,137.446,142.016,140.208,146.632,147.641,142.086,131.864,134.677,133.052,143.169,144.922
34,C2',79.082,76.24,82.436,70.946,78.835,84.977,82.772,77.004,79.667,75.435,81.451,77.224,77.889,77.708,72.51,74.417,82.645,76.688,76.814,85.229
34,C3',65.986,73.682,88.82,67.765,79.394,68.12,62.976,75.06,73.33,60.157,70.331,63.84,83.905,75.55,75.27,56.452,64.115,58.596,66.541,85.875
34,C4,144.882,142.967,141.195,147.066,144.856,144.955,142.695,139.633,145.783,144.983,147.968,144.937,146.913,143.915,139.01,143.965,141.83,145.86,142.909,138.783
34,C4',79.403,78.824,94.318,78.929,73.595,73.029,64.187,80.459,73.326,74.283,77.168,69.707,80.484,80.727,78.318,67.928,75.002,72.753,71.778,82.002
34,C5,121.745,113.674,113.349,115.973,114.319,111.065,116.861,118.309,114.129,117.379,117.11,114.681,113.833,116.897,121.555,118.057,115.15,116.16,118.903,116.035
34,C5',120.631,64.855,77.13,81.166,73.877,126.988,34.636,79.679,63.734,62.481,43.046,69.582,66.681,31.234,34.407,60.592,109.287,28.598,62.112,79.697
34,C6,150.979,146.12,150.468,148.477,153.743,146.077,151.635,148.614,149.154,150.891,152.568,148.835,153.231,151.175,144.595,153.642,152.683,153.361,152.518,147.557
34,C8,121.757,130.877,135.187,130.991,134.327,128.903,135.224,127.888,127.547,134.199,129.249,126.527,130.109,131.12,128.502,130.383,130.796,128.36,130.295,140.35
34,H1,8.217,7.571,10.785,8.133,12.516,4.761,10.426,9.445,7.881,10.66,11.837,9.815,8.497,9.952,7.09,12.282,14.486,12.016,10.872,12.023
34,H1',4.543,6.24,8.432,6.826,10.019,7.627,4.088,4.903,5.618,5.013,7.433,4.43,5.42,6.27,5.346,7.058,4.546,5.252,6.142,6.872
34,H2',13.093,5.9,6.48,5.799,4.292,4.179,5.126,4.465,5.237,5.122,4.355,7.496,5.016,5.256,4.983,3.249,4.532,8.427,8.67,5.677
34,H21,-12.693,5.602,9.133,-3.485,38.996,-10.377,-20.05,5.31,5.428,-8.865,4.322,-5.239,5.575,4.955,5.615,3.591,-19.502,-8.975,-3.436,10.484
34,H22,-10.599,5.372,9.639,-3.57,57.096,9.655,-18.004,0.247,5.568,-3.517,-0.578,-2.743,3.68,3.168,1.275,-1.4,-20.501,-14.666,-5.362,8.45
34,H3',3.905,4.437,6.798,4.882,3.125,4.854,3.409,4.329,5.007,5.512,5.369,4.67,5.264,4.842,4.305,5.843,4.34,5.292,5.944,7.138
34,H4',6.491,4.454,6.136,4.744,6.965,5.271,6.357,5.941,3.902,3.921,2.582,4.742,4.542,5.17,4.767,5.629,5.671,4.798,3.739,6.13
34,H5',0.288,4.543,6.559,3.392,-11.583,-14.286,0.152,5.322,4.659,5.111,6.15,-0.552,4.229,5.472,8.01,-1.165,-12.97,8.186,0.769,6.601
34,H5'',2.613,4.488,6.421,0.263,-10.967,-11.275,0.373,3.543,5.545,8.816,5.436,-1.343,4.117,8.951,6.472,-1.455,-12.774,8.348,-0.732,7.231
34,H8,6.904,7.82,10.822,7.011,7.435,6.429,6.443,7.293,7.706,6.502,6.725,7.321,8.44,6.565,7.826,6.95,7.668,7.4,7.098,11.299
34,HO2',6.756,3.828,8.214,1.179,6.147,6.707,8.195,3.907,3.865,11.505,4.207,10.168,1.245,4.834,3.178,7.849,5.727,5.388,4.339,6.057
34,N1,161.056,139.753,165.949,144.613,144.393,102.313,164.991,157.815,144.399,166.248,159.989,151.351,153.953,160.264,159.546,167.872,162.111,155.666,142.597,156.084
34,N2,62.427,66.625,140.224,62.233,132.482,571.248,142.067,0.471,71.464,83.587,11.463,16.113,78.058,13.201,2.592,15.839,217.107,221.563,103.695,105.924
34,N3,203.179,168.475,164.443,188.894,255.424,188.552,191.8,192.135,158.58,202.448,193.561,197.623,173.209,199.593,196.852,198.127,164.518,182.759,171.415,155.011
34,N7,264.171,257.634,256.03,216.198,234.606,225.885,246.176,246.101,234.344,229.528,240.59,211.829,231.916,234.252,240.169,241.727,239.737,267.358,224.586,248.569
34,N9,190.552,167.515,171.313,171.97,172.308,175.07,188.133,172.17,173.695,187.067,176.007,183.406,173.515,171.6,174.108,173.859,164.43,174.432,169.485,175.12
34,P,-8.709,-16.294,-11.18,-21.896,-10.787,-13.589,-11.403,-21.745,-18.826,-5.851,-13.094,-15.966,-15.512,-20.903,-20.164,-4.575,-23.311,-12.913,-30.889,-7.9
35,C1',87.882,96.053,98.582,86.495,86.127,77.603,93.399,84.738,98.926,89.503,90.861,85.734,97.087,92.818,87.149,86.098,83.942,88.518,92.52,98.566
35,C2,157.392,154.392,154.353,147.428,157.443,118.404,148.689,149.241,156.297,149.029,149.895,150.589,152.997,150.074,151.826,151.367,152.519,146.54,150.43,149.665
35,C2',91.321,75.31,86.764,75.235,83.247,79.775,87.461,78.875,82.701,82.423,87.247,82.682,80.535,71.4,71.697,82.713,85.446,82.794,75.174,85.521
35,C3',78.174,76.492,88.571,63.592,66.387,82.146,60.518,81.46,78.776,62.919,75.688,75.013,77.572,70.484,76.956,77.45,74.713,69.77,81.486,86.641
35,C4,146.339,143.24,144.521,146.873,145.431,147.107,139.789,142.654,146.642,146.146,144.439,148,145.52,144.757,143.155,146.162,145.044,144.593,142.694,143.255
35,C4',81.346,78.416,86.236,75.443,87.591,70.065,77.961,81.174,85.937,77.195,89.781,75.689,78.638,80.844,73.812,71.366,72.616,74.95,77.867,95.741
35,C5,119.862,123.422,127.765,115.781,118.351,122.899,124.422,120.021,119.786,119.91,126.915,122.02,114.914,128.313,125.532,124.562,118.532,123.076,117.692,115.079
35,C5',702.407,66.482,79.232,47.148,123.697,74.232,74.646,34.936,70.128,101.071,56.165,83.351,68.046,42.616,36.748,75.986,93.552,122.864,47.25,78.19
35,C6,148.238,146.85,150.525,150.86,142.602,106.526,121.645,146.866,146.117,140.858,144.095,147.94,146.441,150.062,151.076,150.788,151.671,143.809,150.915,149.755
35,C8,127.147,138.294,141.06,133.639,134.316,133.826,131.326,132.522,133.775,130.136,137.523,118.886,133.009,138.462,133.81,124.732,131.8,130.662,135.003,160.747
35,H1',4.075,5.838,7.99,7.201,6.598,7.661,4.593,5.54,6.967,6.436,6.646,6.096,6.998,7.355,5.685,6.683,5.73,6.078,9.107,9.719
35,H2,10.587,8.993,10.908,8.723,8.768,9.638,8.135,8.189,9.975,8.285,8.722,8.478,8.514,9.291,7.897,9.49,8.348,7.944,9.342,9.835
35,H2',9.236,5.747,7.025,6.265,4.982,5.636,5.182,4.765,4.913,8.272,4.278,10.207,5.784,5.72,4.544,10.316,5.198,17.238,5.686,8.767
35,H3',3.959,4.568,7.049,3.993,4.197,2.123,4.904,4.996,4.768,12.398,3.361,5.264,5.327,4.709,4.774,3.832,5.09,8.464,5.644,6.848
35,H4',9.788,4.631,6.428,8.575,5.628,6.387,4.568,5.707,5.833,4.439,4.802,4.701,4.799,5.757,6.342,8.582,6.533,5.564,4.623,7.114
35,H5',11.946,4.445,6.659,1.392,-11.619,-12.892,-9.14,6.029,4.713,-12.972,9.351,-6.679,4.482,8.187,8.133,-10.702,-11.343,-9.608,5.895,6.442
35,H5'',12.796,4.545,6.947,1.023,-10.919,-14.448,-7.813,8.318,4.262,-10.905,5.517,-9.109,4.489,8.884,6.402,-10.042,-9.886,-12.678,6.149,6.362
35,H61,-20.039,6.329,9.076,-1.458,13.664,1.414,-15.504,-2.796,5.58,0.137,1.686,-19.788,5.65,4.824,2.201,-20.329,-25.067,-1.925,4.204,39.82
35,H62,-19.805,4.582,8.802,-3.987,30.936,-0.06,-2.561,3.748,5.811,-0.886,6.13,-18.962,5.948,0.026,5.925,-22.763,-23.369,-3.745,2.075,11.739
35,H8,7.871,8.628,10.864,8.097,7.029,7.269,13.043,8.134,8.661,8.415,7.733,8.834,8.185,8.53,8.169,7.784,8.547,7.684,8.609,10.075
35,HO2',6.757,3.418,7.834,8.267,6.979,7.359,9.024,3.032,3.723,7.525,4.771,10.666,2.802,4.468,3.318,5.111,6.305,5.957,-1.064,8.133
35,N1,263,252.819,297.775,236.344,283.546,306.334,208.841,259.751,241.812,243.467,269.132,252.924,244.186,260.557,281.398,251.215,248.458,242.079,243.62,244.304
35,N3,244.379,239.724,258.444,248.074,239.701,291.756,234.194,225.06,238.418,255.397,235.404,259.633,228.469,243.697,230.102,227.066,214.635,240.44,239.395,216.257
35,N6,148.373,87.743,64.13,89.827,303.741,91.805,157.431,28.561,50.735,20.494,-4.437,191.701,84.858,0.326,4.182,235.083,203.712,43.611,31.42,374.839
35,N7,229.792,225.751,262.348,223.425,275.743,235.359,198.606,243.997,223.789,211.819,242.987,248.035,232.741,223.8,233.701,253.073,235.481,231.273,212.326,235.572
35,N9,178.255,174.367,183.373,171.617,178.603,162.367,183.808,173.438,178.569,179.505,176.648,172.48,177.356,161.686,170.976,173.766,175.171,171.773,182.034,180.051
35,P,-10.3,-16.568,-12.263,-13.139,-6.497,0.331,-3.908,-19.649,-18.873,-8.12,-9.639,-10.943,-13.482,-10.685,-19.807,-5.728,-14.825,-16.039,-17.352,-2.665
36,C1',87.073,97.478,102.832,90.886,91.2,84.295,85.345,87.66,97.1,89.04,90.352,91.278,96.92,97.127,90.083,81.553,89.828,86.569,91.436,100.128
36,C2,149.665,146.055,149.829,141.325,134.212,126.433,140.29,143.878,146.377,140.462,142.667,143.409,150.438,143.926,148.311,135.092,136.145,135.095,148.854,151.298
36,C2',84.734,74.582,82.949,90.484,68.644,77.589,80.79,73.205,76.563,87.601,80.975,82.012,79.742,77.387,71.668,74.666,86.06,84.02,75.249,83.604
36,C3',60.589,77.784,76.472,60.137,69.848,64.948,63.096,70.498,74.903,77.302,67.624,64.529,80.135,66.501,74.628,66.491,72.642,64.13,61.212,77.894
36,C4,147.027,142.818,149.863,143.616,140.425,145.303,144.016,144.454,146.945,143.166,146.729,143.92,147.771,148.742,143.525,141.517,141.641,143.697,145.828,141.904
36,C4',74.735,77.585,89.192,68.433,86.447,72.486,77.612,78.832,82.737,87.184,74.191,71.615,79.572,81.629,76.783,73.605,79.764,72.646,68.381,84.214
36,C5,114.432,112.868,122.522,116.106,120.929,120.109,117.12,117.749,122.048,120.739,120.742,118.329,118.245,121.069,120.008,119.979,118.539,120.241,119.78,118.469
36,C5',87.753,65.213,71.152,45.788,62.496,76.151,141.542,34.776,62.506,606.967,39.406,70.711,65.685,28.795,43.302,63.597,108.57,42.752,99.011,71.627
36,C6,149.326,148.001,155.045,148.92,154.414,158.444,150.934,150.716,153.267,151.056,155.229,147.23,155.855,154.229,154.383,154.422,153.77,154.442,152.695,154.759
36,C8,123.002,131.423,136.163,124.487,126.611,128.107,126.533,126.913,133.855,126.19,129.359,127.903,127.771,126.591,128.614,123.999,126.681,126.942,124.848,136.333
36,H1,11.275,10.699,12.48,12.814,12.102,13.652,11.485,11.695,13.959,10.564,12.97,11.459,11.471,11.235,12.916,11.436,12.761,11.078,10.623,11.924
36,H1',7.048,5.332,8.346,6.591,5.506,5.043,4.817,5.776,5.946,7.19,5.54,6.388,6.271,6.78,5.833,6.797,6.138,5.91,7.426,8.114
36,H2',7.036,4.684,7.793,5.805,4.607,4.57,5.155,4.591,5.782,4.66,4.599,6.175,5.314,5.686,4.748,4.26,4.401,5.744,13.337,7.754
36,H21,-31.002,6.913,8.556,4.873,-25.321,-8.216,-17.391,3.708,4.101,-27.738,4.245,-12.534,3.569,0.795,3.773,-11.659,-10.588,-8.259,2.944,8.245
36,H22,-30.07,5.81,10.865,4.944,-26.323,-4.945,-18.229,5.936,3.852,-26.168,3.84,-11.441,4.324,5.694,5.503,-13.917,-9.915,-6.303,3.894,10.359
36,H3',6.981,4.597,8.002,6.422,3.026,4.758,7.122,4.541,5.488,5.735,5.436,5.417,5.157,5.587,4.241,3.33,3.405,5.09,5.446,7.197
36,H4',2.894,4.381,6.685,5.069,7.028,5.034,4.568,4.87,4.641,7.74,3.764,4.312,4.77,4.707,4.595,5.274,6.181,4.928,4.471,6.529
36,H5',-9.479,4.246,6.381,3.888,-4.292,-7.553,-14.762,6.434,4.587,12.981,6.277,-5.095,4.777,9.015,6.819,1.459,-23.087,4.818,-5.298,6.733
36,H5'',-7.573,4.759,6.561,3.063,-4.088,-7.329,-12.526,7.753,5.063,11.492,5.756,-5.356,4.507,6.072,9.743,2.651,-22.32,4.072,-6.535,6.519
36,H8,6.6,8.109,10.24,8.436,6.071,7.187,6.591,8.093,8.904,7.401,7.35,7.547,7.174,8.38,7.317,7.415,9.111,7.445,7.931,10.551
36,HO2',6.232,3.448,8.321,5.864,6.552,6.31,7.251,3.491,4.219,7.256,4.676,6.151,2.192,4.339,2.716,5.109,6.869,6.722,3.441,7.517
36,N1,152.583,137.514,152.608,172.179,164.894,165.523,168.727,141.788,183.294,162.569,181.333,152.044,160.843,160.969,166.35,164.359,157.28,162.529,160.68,161.631
36,N2,217.469,74.87,123.73,10.731,177.988,56.863,134.023,14.581,27.316,233.721,12.063,113.417,50.761,20.296,21.117,145.494,158.512,80.298,29.387,105.853
36,N3,194.275,172.941,181.435,243.721,177.575,192.01,195.006,180.376,219.525,203.738,211.839,191.398,206.146,218.469,199.331,163.739,159.689,196.904,191.172,193.094
36,N7,224.383,236.101,276.274,276.619,217.041,250.76,231.144,236.267,230.306,224.384,228.71,222.326,240.294,245.893,229.636,249.989,244.622,250.706,237.083,248.91
36,N9,175.147,166.551,183.932,164.042,176.528,171.4,171.99,169.084,169.95,173.226,181.367,161.757,172.939,168.407,169.413,175.352,167.896,164.301,164.905,167.774
36,P,-14.135,-17.109,-9.231,-25.533,-5.299,-8.916,-12.419,-17.135,-14.835,-12.005,-16.835,-21.793,-17.139,-22.417,-18.216,-11.325,-21.903,-18.97,-40.196,-10.359
37,C1',88.453,102.654,104.021,85.143,89.324,81.387,85.716,95.093,100.693,90.759,89.933,90.833,100.412,94.604,91.921,78.913,80.055,84.331,87.605,103.999
37,C2,151.126,150.409,150.489,148.117,152.15,151.131,151.769,149.156,153.231,151.573,148.432,149.171,153.178,148.882,151.013,148.875,149.057,149.76,148.849,151.086
37,C2',84.269,76.423,81.924,80.822,73.117,80.225,83.399,73.203,76.983,84.541,81.206,83.337,79.603,77.313,74.96,79.997,73.051,86.836,78.166,81.998
37,C3',63.432,76.438,75.423,66.442,63.585,61.527,58.241,66.935,75.154,64.041,68.914,59.029,75.989,67.807,75.223,66.829,63.679,64.367,68.614,77.029
37,C4,148.656,167.912,159.367,159.983,157.024,161.313,161.347,171.46,167.825,150.489,157.137,152.93,168.473,155.938,163.908,151.725,160.072,157.296,163.63,168.794
37,C4',73.561,78.929,86.358,73.9,72.908,64.651,75.052,77.208,79.847,75.224,77.745,71.58,82.551,76.848,78.983,78.63,75.665,76.589,68.005,85
37,C5,88.812,116.275,129.211,99.283,106.044,111.021,98.62,87.935,116.319,101.546,112.986,89.815,115.825,105.487,95.112,108.098,107.181,96.863,98.53,134.022
37,C5',55.422,65.876,74.143,40.188,57.66,123.697,79.699,40.974,64.627,103.889,46.551,80.528,66.251,32.023,65.981,77.873,68.528,34.699,80.7,77.272
37,C6,138.891,142.387,138.878,131.777,135.596,132.401,140.007,138.724,140.923,139.955,134.493,138.267,142.61,139.395,135.667,134.355,130.966,135.349,134.589,139.519
37,H1',5.619,6.474,8.184,6.524,4.444,7.385,5.177,6.071,6.873,5.107,5.333,8.357,6.755,7.631,5.807,6.908,5.641,7.229,7.827,8.212
37,H2',5.436,5.083,7.722,5.608,3.83,4.247,6.041,5.807,5.309,4.867,4.579,7.09,5.34,4.948,4.885,4.037,3.7,4.511,6.169,7.579
37,H3',4.185,4.436,7.716,5.199,2.985,5.87,6.64,3.908,5.339,5.345,3.917,8.007,5.365,4.822,4.419,3.367,3.456,4.183,5.373,7.093
37,H4',3.64,4.763,6.622,4.458,4.355,11.377,4.566,4.17,5.018,3.804,4.622,3.287,4.934,4.781,5.278,4.893,4.881,3.623,4.845,6.597
37,H41,-7.479,3.581,8.796,1.097,-22.208,-32.501,-23.181,2.164,3.593,-17.065,3.989,-13.612,2.659,5.667,7.738,-6.509,-20.107,-23.955,4.384,7.928
37,H42,-7.487,2.916,8.198,1.53,-24.497,-32.032,-26.271,5.505,3.516,-15.396,4.114,-17.288,2.819,4.436,5.047,-5.821,-21.402,-26.147,3.897,7.636
37,H5,3.993,6.458,7.554,4.469,3.742,4.046,4.134,4.044,6.465,5.065,4.399,4.886,6.071,5,4.775,4.038,4.636,4.089,4.825,7.945
37,H5',-3.271,4.508,6.396,1.637,-3.149,-10.405,-16.145,5.333,4.562,-17.299,9.338,-3.378,4.68,8.245,6.169,-2.829,-6.176,3.086,2.094,6.896
37,H5'',-1.899,4.305,6.769,2.334,-0.355,-10.39,-14.874,8.858,4.826,-15.154,6.875,-5.638,4.859,5.358,9.211,0.311,-5.105,5.876,0.862,6.581
37,H6,6.838,8.671,9.832,8.32,7.032,8.867,6.929,8.741,8.937,6.602,7.5,7.468,8.539,7.75,7.796,8.26,9.919,7.243,8.191,10.626
37,HO2',6.725,3.357,8.264,4.276,6.255,7.061,6.748,4.066,4.309,7.162,4.667,6.352,2.639,5.592,3.508,6.012,4.68,7.239,4.104,7.745
37,N1,166.454,166.561,166.888,158.966,166.323,151.965,177.419,180.928,173.09,168.342,164.226,166.368,176.694,164.323,165.504,162.796,158.972,172.051,160.768,169.946
37,N3,232.82,273.604,257.38,253.504,252.533,232.414,269.157,273.243,282.995,260.843,255.161,264.691,295.919,233.018,240.369,246.932,259.756,240.466,258.389,297.671
37,N4,144.361,52.422,116.275,85.533,223.746,318.336,225.399,23.747,48.139,181.093,27.658,189.82,42.61,38.914,44.548,99.808,236.184,262.311,58.651,98.392
37,P,-8.675,-18.395,-9.065,-23.301,-13.992,-8.305,-8.541,-20.883,-19.293,-14.419,-17.178,-16.045,-18.471,-20.023,-19.235,-12.944,-17.479,-11.935,-24.068,-7.862
38,C1',85.267,99.864,103.895,94.628,88.557,72.461,87.151,88.541,99.982,83.021,87.418,88.267,99.7,95.079,89.338,83.845,79.836,83.553,81.926,105.048
38,C2,144.455,147.589,147.711,145.092,141.389,141.336,145.075,143.35,146.165,144.626,141.711,144.124,148.53,145.862,141.12,143.614,144.046,144.572,143.687,146.583
38,C2',79.054,75.127,82.499,85.629,77.414,78.29,83.389,78.615,77.803,82.143,81.866,70.803,79.709,76.991,74.935,74.226,75.957,88.249,84.258,82.641
38,C3',58.091,73.182,77.57,74.068,62.236,65.567,67.58,68.458,75.506,64.853,70.525,61.428,77.832,61.919,71.959,67.166,64.34,66.37,62.015,81.574
38,C4,162.142,157.66,163.342,152.167,165.62,162.627,160.007,157.66,156.073,158.687,156.993,158.752,157.261,156.051,162.528,160.847,159.567,157.022,152.742,159.423
38,C4',74.13,78.256,91.805,83.726,73.67,78.225,78.777,74.576,79.195,75.45,81.15,76.711,81.668,80.369,76.481,75.18,74.146,79.168,70.415,89.319
38,C5,93.335,108.335,125.042,103.318,107.449,108.757,84.773,97.314,104.792,93.191,108.607,93.345,107.958,101.754,98.466,113.864,103.007,101.583,96.502,130.448
38,C5',87.423,66.499,67.99,39.15,58.181,80.474,81.905,45.882,64.162,83.049,50.672,105.291,67.011,59.255,35.629,86.619,73.536,79.602,92.51,74.352
38,C6,131.495,141.14,136.893,130.086,127.636,135.502,140.493,135.801,137.891,135.367,129.431,135.733,140.589,135.416,138.184,123.576,126.211,131.18,130.048,131.694
38,H1',6.514,6.411,8.499,6.273,4.368,8.554,5.786,5.365,6.862,7.711,5.882,7.044,6.632,6.659,5.633,5.811,5.867,8.314,6.801,8.45
38,H2',5.213,5.05,7.327,5.2,5.384,3.885,9.6,5.905,5.421,4.797,5.037,5.78,5.442,5.342,6.848,3.979,5.33,5.147,5.75,7.159
38,H3,12.494,11.646,12.014,12.418,11.533,12.216,9.528,12.536,12.582,11.436,12.866,10.438,9.65,12.306,12.555,12.139,12.923,12.183,12.046,11.701
38,H3',5.735,4.54,7.545,4.524,3.348,3.27,6.24,5.454,5.394,4.804,3.638,7.796,5.543,4.782,5.158,3.718,3.275,7.8,4.729,7.127
38,H4',4.756,4.494,7.942,5.666,5.444,4.641,2.282,3.585,5.05,4.659,5.285,4.203,4.757,4.948,4.602,5.821,5.973,3.808,4.604,6.537
38,H5,3.733,5.841,7.725,5.148,4.76,4.352,4.53,5.062,5.914,4.203,4.418,4.436,5.658,5.299,5.667,5.93,5.851,4.614,4.985,7.528
38,H5',-12.448,4.205,10.004,4.758,-1.288,-9.699,8.338,8.269,4.564,-11.5,10.92,-18.121,4.12,9.324,8.798,-13.257,-10.196,-7.169,-5.311,6.527
38,H5'',-13.629,4.6,10.081,2.06,-4.332,-9.89,9.747,5.134,4.939,-12.608,4.161,-17.219,4.718,5.101,6.451,-11.227,-9.947,-6.964,-6.054,6.314
38,H6,7.091,8.782,10.132,8.255,8.199,8.553,7.162,7.789,8.892,6.855,7.862,7.24,8.487,7.663,7.733,8.012,7.562,6.683,8.225,9.824
38,HO2',7.078,2.926,7.716,6.195,6.585,6.324,6.935,4.191,4.159,6.671,5.277,5.478,2.556,4.86,3.67,5.658,5.756,8.536,4.795,8.226
38,N1,155.37,160.706,162.512,153.454,148.497,157.661,161.6,151.345,156.027,154.548,146.347,150.634,160.105,156.231,150.561,151.206,151.727,150.066,155.156,156.223
38,N3,165.317,158.551,158.743,158.983,159.401,159.238,146.372,161.783,164.108,157.519,160.594,152.701,156.986,159.304,163.952,158.846,159.067,156.914,162.283,170.268
38,P,-8.935,-17.233,-11.137,-21.945,-11.479,-9.271,-6.566,-20.232,-17.898,-13.95,-12.902,-13.867,-17.446,-17.335,-21.247,-14.428,-16.04,-12.332,-31.658,-6.654
39,C1',81.609,94.253,103.409,87.764,90.911,77.307,91.161,89.806,97.963,88.122,90.558,87.026,98.722,96.604,90.98,85.124,83.874,85.321,83.156,107.645
39,C2,151.447,148.284,149.301,149.761,150.99,150.338,149.977,149.177,151.639,150.937,146.014,150.538,149.522,149.258,147.869,147.99,147.218,150.684,149.807,150.861
39,C2',74.894,77.209,82.035,82.24,72.316,84.676,73.766,78.91,77.488,81.324,74.676,66.106,80.207,78.38,73.94,79.121,77.717,81.459,84.903,80.599
39,C3',64.432,89.733,76.164,67.434,66.835,65.249,63.383,73.449,76.172,67.627,72.331,67.492,77.311,66.28,71.564,59.649,58.757,56.278,72.956,84.772
39,C4,159.03,156.268,153.356,161,162.014,156.001,150.397,159.911,152.498,158.296,157.007,154.463,154.717,160.274,166.55,159.997,153.405,155.923,158.641,168.521
39,C4',72.237,83.16,84.592,81.898,69.523,75.535,74.425,74.065,79.836,72.717,77.842,71.997,81.03,78.962,74.818,78.726,73.543,74.921,78.904,90.117
39,C5,108.072,100.503,120.258,109.381,112.249,116.171,86.122,96.913,103.057,107.319,117.478,98.388,99.602,97.765,100.364,103.447,90.273,105.793,91.995,137.121
39,C5',97.708,68.633,72.581,52.053,44.562,62.971,64.811,34.6,64.872,50.91,36.279,82.841,65.366,31.81,53.194,34.272,58.992,109.883,52.627,78.498
39,C6,131.104,141.721,139.738,131.36,132.63,142.268,142.422,139.851,138.573,140.985,136.631,138.755,141.265,136.733,142.561,129.978,132.956,141.901,132.841,138.856
39,H1',6.918,7.09,8.325,6.336,4.612,6.841,7.751,5.771,6.667,5.171,5.779,5.552,6.663,6.555,5.954,5.468,5.459,5.467,6.161,8.22
39,H2',3.694,4.948,7.664,4.77,6.032,5.554,8.13,6.326,5.806,6.575,4.829,6.573,5.977,5.789,5.727,5.074,5.539,6.173,6.611,7.471
39,H3',2.611,5.18,7.503,4.272,2.409,4.814,9.437,5.116,5.266,4.342,3.656,4.745,5.4,4.813,4.129,4.165,4.097,7.656,5.17,6.741
39,H4',5.718,5.065,6.706,4.59,7.477,4.782,3.031,4.174,4.906,4.407,5.057,4.815,4.743,4.113,4.326,5.061,3.975,3.597,4.513,6.434
39,H41,-33.867,5.147,7.442,2.451,-14.693,-29.82,-12.065,4.079,4.923,-28.057,0.467,-19.528,4.613,3.807,1.335,-4.837,-7.147,-15.032,10.601,7.22
39,H42,-32.984,5.167,11.711,3.313,-17.857,-28.424,-10.315,3.086,5.42,-28.345,5.996,-16.206,5.51,5.944,5.633,-6.647,-9.571,-16.839,5.81,8.242
39,H5,4.667,5.882,7.507,5.789,5.272,4.376,4.811,5.661,6.026,4.909,5.124,5.429,5.597,5.673,5.751,4.87,4.123,4.84,5.391,8.415
39,H5',-10.279,4.22,6.81,2.134,-4.288,2.554,-8.234,9.383,4.833,2.523,6.079,-11.625,4.221,6.542,8.814,11.915,1.038,-14.467,0.702,6.42
39,H5'',-10.064,4.776,6.552,1.507,-1.849,0.72,-7.411,6.637,4.699,1.07,6.414,-10.328,4.693,9.24,7.073,10.006,3.596,-16.502,1.206,6.02
39,H6,7.241,8.644,9.964,8.253,6.278,9.092,7.57,7.873,8.627,7.203,7.915,7.932,8.442,7.835,8.147,9.161,7.109,6.93,8.491,10.207
39,HO2',5.738,2.253,7.722,5.087,6.213,6.873,6.131,4.106,4.017,6.335,4.051,4.836,2.486,4.52,3.514,5.237,5.699,6.322,5.264,8.748
39,N1,162.05,159.489,163.043,165.19,172.159,166.713,174.787,165.94,162.771,165.109,160.455,159.655,164.73,161.089,173.9,157.51,163.49,178.234,165.551,177.98
39,N3,231.79,236.992,225.462,241.813,250.881,246.083,245.215,255.915,230.893,277.865,261,260.738,219.897,244.774,267.491,250.095,221.079,269.823,266.263,291.438
39,N4,340.353,67.977,126.028,51.265,151.34,271.297,148.21,21.293,77.69,270.415,30.783,219.626,78.434,36.65,14.232,96.932,135.584,157.77,90.008,96.446
39,P,-7.634,-15.675,-8.311,-23.056,-13.348,-8.532,-8.944,-20.482,-17.471,-11.04,-16.492,-15.424,-17.663,-21.229,-22.051,-8.846,-15.206,-7.555,-30.545,-6.08
40,C1',84.613,99.781,101.462,88.675,88.769,84.593,87.355,85.455,100.729,87.211,89.861,80.292,97.482,99.705,93.549,86.477,90.53,90.595,84.748,94.331
40,C2,138.6,148.488,147.31,143.651,145.4,144.633,144.503,143.055,145.401,143.668,142.591,140.092,148.078,143.524,142.517,144.229,145.883,144.114,145.631,143.264
40,C2',71.914,77.781,82.24,78.651,78.611,81.32,75.943,80.73,77.343,79.374,77.049,82.993,80.127,79.323,79.553,82.835,78.318,83.935,77.548,82.203
40,C3',67.511,76.079,76.934,68.197,59.979,58.979,68.31,70.925,76.019,59.881,70.114,63.145,79.006,64.41,74.768,60.923,58.055,59.561,77.011,86.479
40,C4,167.137,156.561,162.037,152.379,161.178,160.134,156.166,158.191,157.512,156.114,156.277,158.915,156.086,160.514,158.959,158.039,147.957,157.441,150.185,162.582
40,C4',72.334,81.194,84.068,81.34,80.186,69.634,75.067,70.511,79.07,77.303,81.81,72.468,80.917,76.245,75.166,74.373,71.33,74.244,80.422,88.468
40,C5,110.517,111.796,126.957,97.758,88.13,103.267,91.685,96.133,104.503,103.602,105.163,100.971,108.109,99.311,97.917,98.718,77.24,94.422,100.498,118.533
40,C5',102.603,65.555,72.82,29.539,87.381,30.193,69.841,56.889,64.199,50.709,41.597,92.58,64.2,32.735,39.649,45.75,126.608,76.858,60.399,78.148
40,C6,132.567,145.265,136.207,130.944,129.684,130.628,134.807,137.468,137.908,135.531,130.293,134.105,138.935,136.449,139.475,127.434,130.751,133.617,130.645,136.588
40,H1',5.487,6.193,8.278,6.845,4.201,5.593,7.097,5.565,6.886,5.932,5.234,7.095,6.359,6.47,6.7,4.743,6.11,6.714,5.657,10.321
40,H2',3.698,5.063,7.515,4.831,6.28,4.14,5.944,5.41,5.411,4.113,4.952,3.798,5.768,5.504,5.713,5.207,11.064,5.869,4.968,6.865
40,H3,12.783,8.489,11.293,12.674,10.776,11.155,13.269,8.288,13.396,11.583,12.224,13.436,8.126,10.471,12.467,12.614,12.088,11.211,12.727,11.018
40,H3',3.407,4.861,7.695,4.541,2.797,4.362,6.109,5.599,5.25,6.698,3.735,4.886,5.216,5.391,4.706,3.668,4.726,7.836,3.945,6.657
40,H4',5.501,4.543,6.899,7.402,2.953,6.463,3.97,3.731,4.918,4.005,4.668,7.269,4.635,4.357,4.155,5.697,4.259,4.412,5.073,6.319
40,H5,4.37,6.27,7.802,5.275,4.406,4.745,3.944,5.55,6.035,4.814,4.596,4.67,6.057,5.505,5.235,4.615,5.145,4.515,5.276,7.898
40,H5',-17.422,4.556,6.508,7.217,-0.335,4.347,-4.395,4.146,4.577,0.307,4.845,-7.978,4.116,7.714,9.096,10.821,-19.499,-9.255,0.249,6.483
40,H5'',-15.72,4.698,7.024,8.797,-3.361,1.331,-6.722,2.063,4.904,2.596,4.307,-9.712,4.821,5.745,6.161,8.554,-17.869,-12.238,3.155,6.716
40,H6,10.013,8.984,10.261,7.735,7.723,6.581,6.998,8.229,8.811,6.651,7.652,7.937,8.822,7.982,8.234,6.832,7.874,7.24,8.912,11.585
40,HO2',5.815,3.19,8.019,5.426,5.904,6.407,5.961,4.068,3.908,6.4,4.176,6.797,1.479,5.133,3.4,6.186,6.357,6.758,4.475,8.682
40,N1,148.727,159.273,159.906,154.637,160.053,156.16,148.939,152.601,156.601,154.78,149.864,161.324,158.834,154.499,154.94,151.367,161.681,148.751,154.897,152.366
40,N3,163.025,147.82,157.39,154.917,159.81,158.847,168.468,152.576,166.267,158.92,156.224,150.222,149.998,158.968,161.996,162.416,156.604,155.493,158.373,165.968
40,P,-9.979,-13.781,-7.943,-21.536,-12.141,-7.589,-6.12,-20.945,-17.224,-12.876,-13.52,-13.122,-16.538,-21.876,-21.728,-11.217,-16.392,-10.225,-23.835,-7.46
41,C1',83.423,102.426,102.8,89.626,88.853,82.462,83.01,85.276,98.586,85.14,90.878,84.982,94.016,99.604,89.832,91.022,89.242,90.347,85.988,103.473
41,C2,150.598,150.769,151.708,145.749,151.397,151.647,151.474,147.706,149.741,151.816,136.953,151.041,148.311,150.989,146.394,149.515,147.242,151.975,147.167,152.816
41,C2',80.152,76.649,81.255,77.088,79.792,88.828,75.48,82.007,77.587,78.849,74.821,82.3,76.164,78.513,85.943,80.463,82.489,77.763,74.506,81.246
41,C3',65.564,74.897,77.604,64.502,64.791,59.443,65.305,67.841,76.891,65.555,67.518,64.192,79.673,62.842,67.954,62.586,51.794,59.967,74.756,82.474
41,C4,159.249,170.726,169.831,166.793,146.799,158.311,151.075,159.189,148.907,159.062,147.792,164.021,155.099,164.673,148.706,152.092,146.505,157.15,160.065,169.428
41,C4',77.217,80.045,83.66,73.762,75.095,76.488,77.689,76.915,81.454,73.095,83.002,70.673,74.267,77.566,71.982,75.47,74.609,77.264,77.058,87.866
41,C5,102.978,117.557,138.919,99.004,91.207,94.145,102.929,102.639,95.969,108.561,86.371,106.648,100.261,103.647,96.573,76.707,81.197,107.34,104.108,137.208
41,C5',74.34,65.379,75.124,68.666,82.693,62.642,85.767,49.677,64.825,93.57,33.692,64.915,64.771,29.98,35.475,78.326,67.286,61.732,69.565,75.361
41,C6,135.251,144.535,140.157,134.003,147.662,132.998,140.37,137.071,137.453,139.743,140.577,131.92,142.714,137.062,138.143,140.379,137.371,139.98,134.084,137.696
41,H1',5.704,6.492,8.532,6.257,4.43,5.996,4.637,6.184,6.721,5.116,5.51,5.567,7.922,6.74,7.238,5.429,7.12,5.769,5.965,7.957
41,H2',3.606,5.18,7.285,5.328,10.39,6.111,4.508,4.889,5.443,4.253,5.92,5.274,5.231,5.198,5.376,10.147,6.614,4.747,4.834,7.069
41,H3',2.505,4.702,7.714,4.982,3.475,5.471,3.928,4.722,5.426,3.969,3.73,4.053,4.924,5.172,5.388,5.237,9.249,6.982,4.251,6.904
41,H4',5.503,4.657,6.784,6.021,3.084,3.646,4.099,4.03,5.084,5.273,5.428,6.166,4.048,4.157,3.753,3.807,3.215,3.573,5.776,6.463
41,H41,-22.242,3.633,7.384,3.269,-0.998,-2.887,-8.952,4.528,5.044,-25.423,2.744,-18.61,3.194,6.54,7.433,-22.554,-4.979,-30.95,-0.079,7.828
41,H42,-24.361,2.65,8.604,5.518,-2.014,-0.069,-4.478,3.542,9.272,-23.183,6.942,-19.872,5.69,3.081,1.029,-21.054,-7.671,-28.648,2.92,7.628
41,H5,3.989,6.943,8.282,5.725,6.243,4.263,4.495,5.325,5.69,4.906,4.329,5.392,5.625,5.885,4.972,4.264,5.093,5.139,5.678,8.367
41,H5',-8.001,4.84,6.563,2.395,-6.324,-5.854,-14.53,4.872,4.867,-14.758,6.511,-5.306,4.381,8.568,6.58,-1.88,-4.487,-4.817,3.114,6.342
41,H5'',-9.906,4.279,6.913,0.981,-7.252,-2.789,-14.263,3.893,4.553,-16.459,6.769,-2.04,3.896,5.972,7.493,0.394,-2.201,-7.013,6.105,6.583
41,H6,7.358,9.081,10.333,8.014,7.202,7.047,7.265,8.32,8.556,7.067,8.18,9.395,8.472,7.917,8.437,7.791,7.74,7.165,8.884,10.966
41,HO2',6.525,3.486,8.993,5.515,6.146,7.299,7.082,4.511,4.423,6.23,4.521,5.389,1.295,4.837,4.313,6.808,5.647,6.242,3.12,8.348
41,N1,169.121,169.797,175.526,167.211,169.482,176.23,168.107,163.967,156.686,166.67,163.87,158.021,159.936,169.759,158.549,173.711,165.152,172.196,165.673,174.565
41,N3,258.222,284.59,313.2,255.282,242.537,255.718,238.582,248.874,201.257,261.118,230.112,249.427,213.021,254.153,226.867,223.167,233.352,279.753,243.286,317.054
41,N4,224.949,46.201,97.956,32.66,92.548,70.883,115.092,31.295,87.746,248.202,41.553,255.575,68.628,29.143,39.216,226.62,119.324,283.017,76.056,96.406
41,P,-11.286,-18.406,-8.583,-20.53,-10.579,-7.488,-10.475,-23.42,-17.675,-12.26,-13.844,-12.331,-17.549,-19.53,-23.829,-12.977,-13.053,-11.65,-25.157,-11.38
42,C1',89.563,98.65,-2328.424,90.201,86.013,88.531,86.3,87.679,99.334,89.235,86.828,83.237,99.199,99.64,89.939,88.464,87.673,86.575,86.285,102.73
42,C2,142.472,147.837,118.494,141.33,145.522,148.083,140.152,144.719,146.752,145.922,143.964,143.52,148.842,146.525,145.776,147.179,144.893,144.684,144.431,146.058
42,C2',73.891,76.631,240.871,73.991,71.718,87.192,80.521,84.636,77.262,81.554,72.811,78.136,78.265,77.164,81.737,80.557,81.656,81.606,73.946,82.652
42,C3',64.127,73.658,-0.054,63.607,65.08,59.027,66.928,69.823,75.968,57.165,68.266,66.186,79.008,66.506,75.515,51.98,54.585,64.019,71.345,79.481
42,C4,163.681,158.499,175.951,156.279,157.506,156.999,162.473,154.914,155.797,159.669,152.855,158.434,156.985,157.856,154.56,155.577,153.883,156.788,152.179,163.112
42,C4',76.839,79.862,-14.271,68.703,74.475,78.961,77.59,74.475,80.885,74.638,84.406,74.982,82.224,80.261,76.61,74.19,71.399,74.542,73.148,83.858
42,C5,112.971,108.292,46.745,90.984,88.637,87.479,108.372,96.925,106.068,97.061,86.297,111.24,109.505,97.07,104.351,79.189,87.312,88.986,100.482,128.022
42,C5',46.921,65.778,236.479,52.967,73.341,99.867,106.377,34.471,65.705,64.176,36.488,67.576,65.093,26.688,33.677,110.453,99.149,89.702,50.589,75.859
42,C6,125.06,142.072,-86.019,130.988,144.077,133.892,132.515,136.638,135.938,135.728,139.498,130.018,141.317,136.421,135.848,134.984,135.456,137.869,131.727,135.934
42,H1',4.254,6.439,400.373,6.109,5.501,6.151,4.608,5.82,6.731,6.124,4.946,5.878,6.705,6.637,6.264,4.681,6.448,5.808,6.043,8.036
42,H2',4.466,5.085,59.975,7.088,8.551,5.966,5.019,4.566,5.544,4.85,5.861,4.969,5.252,5.561,4.843,11.22,7.676,4.842,5.416,7.277
42,H3,11.965,9.703,10.565,11.706,11.743,9.865,12.373,12.545,11.175,9.731,11.681,12.315,10.02,11.938,11.839,11.543,12.065,9.74,11.842,11.157
42,H3',2.52,4.749,34.154,4.35,4.481,6.771,4.712,4.886,5.605,7.701,4.028,4.397,5.458,5.156,4.839,11.367,8.439,5.25,4.39,7.147
42,H4',5.282,4.743,54.667,5.241,3.555,3.153,5.113,4.049,5.173,4,3.166,6.731,4.609,4.149,4.527,4.081,3.523,5.15,5.28,6.439
42,H5,6.91,5.791,-2.331,5.283,4.417,3.81,4.744,4.658,5.938,4.431,4.549,5.272,6.081,5.412,4.789,3.961,4.783,4.821,5.199,7.912
42,H5',5.88,4.257,-6.165,8.773,-6.075,-7.703,-15.518,5.464,4.888,-6.083,6.089,-4.185,4.178,8.517,8.309,-13.744,-16.245,-13.191,6.622,6.116
42,H5'',3.534,4.751,30.973,5.588,-7.857,-10.607,-16.116,7.821,4.579,-2.61,5.242,-4.068,4.828,5.579,6.207,-15.381,-17.744,-13.935,3.124,6.792
42,H6,11.528,8.995,-17.576,7.069,7.245,6.984,8.445,8.378,8.851,6.86,8.015,7.445,8.639,7.827,8.598,9.142,7.217,7.173,8.437,10.711
42,HO2',5.58,3.282,1.443,5.793,5.762,6.866,7.057,4.936,4.32,6.473,4.022,5.896,1.84,4.665,4.122,6.001,5.917,6.392,4.226,7.731
42,N1,143.485,162.798,-372.183,147.623,161.685,167.114,139.641,158.455,155.872,155.658,158.845,152.788,159.508,156.931,158.758,169.719,152.77,154.85,149.552,155.821
42,N3,164.472,153.098,145.542,159.992,160.667,151.909,165.685,165.516,160.667,155.445,156.974,158.535,154.512,165.445,160.051,159.059,161.942,152.296,153.766,164.568
42,P,-9.602,-18.026,-10.476,-17.909,-13.386,-10.636,-9.714,-22.237,-19.07,-12.613,-13.154,-17.025,-17.089,-20.463,-22.424,-13.468,-18.988,-14.043,-26.856,-8.346
43,C1',87.372,98.599,101.225,92.986,82.79,86.469,69.527,84.874,96.96,84.317,90.27,77.915,96.609,95.218,93.348,87.51,84.347,86.405,85.126,98.76
43,C2,137.164,146.791,155.758,165.348,135.476,150.228,129.317,141.335,142.31,135.818,144.541,136.171,150.32,146.179,144.585,145.118,141.344,140.659,146.124,152.322
43,C2',79.927,77.41,82.837,80.766,77.045,82.027,81.54,79.442,77.093,86.319,75.538,79.563,79.081,79.016,77.56,82.102,76.99,79.885,78.266,79.733
43,C3',57.162,73.705,76.566,58.378,59.069,60.519,61.783,74.409,75.997,58.761,71.62,59.159,78.774,62.127,78.163,63.449,57.05,63.146,72.73,76.957
43,C4,139.984,143.965,149.516,143.891,146.433,147.606,139.97,139.193,146.325,144.523,146.673,142.697,146.757,144.173,141.78,147.109,144.659,145.36,143.277,145.531
43,C4',75.776,79.757,87.791,71.128,73.846,74.117,78.585,78.582,81.008,74.28,79.932,66.962,80.811,81.993,79.19,73.997,72.033,76.52,68.332,85.69
43,C5,119.827,114.864,123.226,123.144,121.292,113.788,121.355,121.068,116.786,119.446,114.709,119.361,121.158,121.569,121.391,116.537,116.276,119.621,125.122,122.146
43,C5',42.21,66.25,74.27,50.7,89.652,86.965,89.287,32.009,65.864,95.876,34.985,54.997,65.681,44.73,30.525,70.607,94.489,49.164,66.705,75.75
43,C6,153.443,149.391,156.928,155.464,156.419,147.172,156.197,150.571,153.511,154.248,149.907,151.602,154.306,151.295,153.665,150.576,150.727,152.12,153.472,157.094
43,C8,129.373,132.045,134.685,130.079,129.92,124.059,131.386,127.562,128.49,126.706,126.776,125.953,130.413,128.857,128.398,124.192,124.624,127.607,128.704,134.809
43,H1,11.401,11.739,12.32,12.646,9.68,11.292,12.475,13.146,11.545,9.987,9.973,12.435,10.042,10.922,13.034,8.589,11.37,12.1,12.822,12.405
43,H1',4.498,6.379,8.154,6.856,5.618,4.507,8.65,7.156,6.751,8.968,4.89,6.988,6.692,6.809,6.158,4.888,7.033,7.187,6.259,8.29
43,H2',4.313,4.947,7.11,6.683,5.265,6.433,4.432,4.712,5.462,4.553,5.11,5.52,5.163,4.999,4.972,8.16,8.072,5.369,5.344,7.716
43,H21,-31.164,6.41,8.85,9.158,-26.275,-34.93,-15.251,0.426,5.526,-20.628,3.388,0.622,3.761,4.396,4.306,-18.264,-13.461,-18.949,-4.431,10.361
43,H22,-29.35,5.438,8.513,8.706,-22.551,-33.91,-17.029,3.15,7.419,-18.293,-4.878,0.787,3.826,3.82,6.152,-20.947,-12.007,-20.151,-0.544,8.371
43,H3',4.241,4.708,7.503,6.17,5.584,5.756,5.781,4.656,5.555,5.985,4.16,4.175,5.546,5.025,4.498,3.5,7.16,5.96,4.817,7.05
43,H4',7.455,4.597,6.499,4.358,4.636,3.438,4.103,4.804,5.105,3.552,3.492,7.362,4.696,4.44,5.062,3.215,5.148,3.893,4.89,7.639
43,H5',6.256,4.638,6.722,2.36,-14.641,-19.982,-12.599,5.955,4.535,-13.53,6.569,-5.366,4.299,5.103,7.789,-6.547,-14.798,-1.981,2.604,11.008
43,H5'',8.313,4.257,5.946,5.494,-14.465,-20.179,-13.033,6.853,4.864,-16.089,6.623,-5.934,4.752,7.915,8.612,-6.407,-15.273,-0.576,1.209,9.1
43,H8,7.519,8.429,10.606,7.8,6.422,7.12,7.185,8.007,8.229,6.801,6.977,6.892,8.142,7.669,7.704,7.517,6.6,6.851,7.676,10.963
43,HO2',5.741,3.352,8.38,5.776,5.775,6.613,6.897,4.25,4.325,6.416,3.912,6.35,1.985,4.818,3.427,6.261,4.986,6.167,5.073,8.143
43,N1,168.807,144.361,177.449,188.483,171.672,142.63,170.709,167.975,147.261,169.009,151.879,164.417,171.241,162.273,171.046,136.977,152.078,168.996,188.398,164.594
43,N2,266.227,66.781,95.955,86.638,199.319,255.638,148.393,29.529,70.06,179.09,16.715,32.963,42.289,28.549,21.534,159.512,127.361,171.543,75.086,97.282
43,N3,170.844,179.574,220.748,249.232,212.704,190.973,177.831,185.58,180.331,206.88,188.375,182.112,219.815,206.411,196.063,189.099,181.17,212.774,227.271,209.933
43,N7,251.888,240.394,285.973,221.717,248.377,223.368,250.771,241.454,239.578,244.397,231.416,237.418,244.56,227.407,241.451,220.835,226.969,242.908,228.037,271.963
43,N9,171.549,172.685,187.927,168.712,182.881,183.422,179.887,170.114,168.896,163.59,178.706,180.741,176.117,169.65,173.625,184.305,166.476,174.667,164.64,184.542
43,P,-9.761,-16.224,-9.249,-18.651,-13.201,-9.851,-11.168,-18.998,-17.459,-11.973,-15.527,-15.39,-16.809,-23.928,-23.889,-13.136,-16.658,-13.175,-27.712,-6.793
44,C1',87.155,101.888,104.385,92.088,84.127,90.869,82.489,90.418,98.685,86.162,89.846,86.345,100.597,96.6,89.059,87.471,84.891,84.47,86.125,103.679
44,C2,150.867,147.913,152.349,145.859,151.08,151.625,151.56,148.38,151.472,151.864,146.901,148.892,149.538,148.564,151.756,149.981,149.292,150.178,144.635,151.05
44,C2',79.599,76.419,82.527,82.023,77.147,87.739,81.618,79.841,76.887,70.754,76.376,86.657,79.074,80.627,78.855,82.682,79.071,74.096,70.869,81.934
44,C3',62,72.579,77.587,60.58,55.446,60.799,64.234,69.526,76.014,60.904,69.668,59.63,77.401,64.575,73.331,62.954,63.292,66.227,74.236,78.917
44,C4,153.972,155.872,171.346,154.078,150.677,147.489,158.663,162.892,152.108,152.816,150.513,154.735,154.962,165.356,171.431,148.3,149.425,154.309,166.495,160.206
44,C4',76.147,77.526,87.698,70.105,76.265,74.645,75.628,84.629,81.313,73.454,77.932,74.813,80.382,83.776,83.22,73.195,72.339,75.451,71.653,85.416
44,C5,85.48,104.187,135.279,87.896,92.355,89.541,114.77,112.718,102.118,109.515,91.912,92.167,103.154,99.112,107.028,95.311,87.828,100.057,88.491,129.451
44,C5',45.727,65.626,72.609,44.901,91.393,87.111,76.085,46.946,65.957,97.5,39.499,70.814,65.267,42.672,37.598,57.078,66.703,96.568,103.064,74.792
44,C6,134.481,139.423,135.687,132.816,143.864,136.555,136.931,129.194,135.641,135.857,140.659,131.36,140.533,137.223,136.319,137.098,134.866,136.347,135.195,139.226
44,H1',5.023,6.53,8.231,6.51,5.232,5.978,5.282,6.108,6.603,4.795,4.949,6.977,6.645,6.704,6.286,5.264,6.014,4.697,6.012,8.153
44,H2',7.201,4.619,7.14,7.164,3.684,7.505,3.455,4.498,5.194,6.007,6.979,6.389,4.897,5.201,4.5,5.491,5.482,5.867,6.349,7.247
44,H3',2.972,4.638,7.625,6.258,5.377,7.532,4.282,3.617,5.391,6.995,4.785,3.596,5.486,4.82,4.043,4.707,5.909,4.911,4.183,6.949
44,H4',4.651,4.439,6.658,3.718,3.972,3.007,5.276,4.946,5.115,4.082,3.422,4.374,4.71,4.842,6.681,3.876,4.725,5.503,5.272,6.471
44,H41,-5.649,4.466,8.398,6.923,-27.987,-25.623,-17.437,1.623,4.992,-21.543,5.464,-20.982,6.184,5.171,4.571,-4.58,-2.947,-9.567,4.613,9.789
44,H42,-8.014,6.475,7.917,4.39,-28.07,-22.398,-15.272,3.224,6.324,-21.291,4.027,-21.672,3.981,3.411,4.361,-5.212,-6.97,-5.912,2.052,7.491
44,H5,2.889,5.7,7.87,4.874,3.78,3.994,4.287,5.483,5.635,4.615,4.071,4.005,5.381,5.04,5.615,3.797,3.586,4.063,3.934,7.776
44,H5',3.528,4.711,6.13,3.69,-14.417,9.148,-8.18,3.304,4.478,-18.061,4.487,-4.062,4.187,2.732,8.672,-1.707,-6.155,-18.334,-0.027,6.617
44,H5'',2.795,4.2,6.789,3.66,-13.3,9.481,-5.79,2.37,4.88,-18.923,6.981,-1.342,4.779,6.965,9.615,-3.882,-5.347,-18.07,2.259,6.384
44,H6,7.12,8.151,9.819,7.356,7.28,7.179,7.075,8.04,8.519,6.568,7.11,7.547,7.881,7.886,8.488,6.858,6.909,7.14,7.788,10.094
44,HO2',6.089,3.175,8.473,4.651,6.198,6.731,6.796,4.368,4.181,5.516,4.327,6.89,2.276,4.869,3.917,5.929,6.682,5.976,4.177,7.927
44,N1,172.807,159.109,174.429,153.843,172.005,169.087,167.268,163.108,160.576,168.437,169.361,171.195,166.437,168.954,174.24,162.049,160.667,158.292,159.198,168.453
44,N3,241.764,224.877,310.906,240.35,243.138,246.397,245.872,243.172,230.28,268.087,235.385,232.13,230.679,268.9,273.232,251.246,225.218,253.463,247.755,268.278
44,N4,116.533,79.198,99.971,51.763,275.441,252.321,186.939,40.274,79.277,230.357,40.167,248.72,76.865,43.066,24.366,102.267,143.754,144.624,81.332,106.123
44,P,-10.724,-17.612,-9.388,-20.958,-11.869,-7.669,-8.812,-23.176,-18.418,-13.265,-16.412,-11.327,-17.208,-20.846,-25.065,-12.596,-14.027,-14.653,-24.437,-7.025
45,C1',88.646,101.645,101.92,89.088,86.935,84.042,84.458,91.795,98.337,87.437,91.47,89.584,101.076,95.824,91.932,82.928,80.904,84.205,87.768,103.729
45,C2,152.663,151.243,153.378,148.836,151.722,149.557,151.555,148.84,150.845,149.855,149.901,148.94,152.486,150.226,152.816,150.65,149.964,150.121,146.941,152.963
45,C2',87.264,78.927,89.526,87.869,71.884,80.743,86.381,78.077,78.694,79.685,84.185,88.946,81.68,86.529,80.562,78.148,82.26,79.386,84.839,83.508
45,C3',75.088,72.382,80.319,71.922,71.702,75.952,73.141,78.054,76.383,75.853,69.247,65.52,76.595,67.116,79.382,68.493,66.998,72.243,75.668,77.086
45,C4,151.191,172.15,159.997,159.151,152.791,147.518,160.177,163.445,153.535,150.065,154.819,148.501,163.122,158.082,166.875,153.852,154.618,156.952,163.394,165.073
45,C4',78.19,81.14,88.827,70.269,71.746,82.889,75.012,86.733,82.082,80.97,75.385,79.637,80.165,90.005,88.53,70.832,79.009,79.9,69.537,88.966
45,C5,84.384,118.749,130.813,92.077,105.367,91.197,106.147,104.363,99.166,95.714,102.818,91.619,113.57,98.414,101.593,104.464,96.048,102.196,90.612,137.141
45,C5',89.69,65.188,72.425,42.337,81.402,92.672,61.1,62.905,65.983,60.997,40.648,83.108,64.318,43.268,50.417,89.239,110.126,93.695,40.758,73.288
45,C6,136.832,142.389,136.931,134.434,142.257,141.76,135.844,138.172,139.892,141.044,141.343,134.241,144.714,136.562,139.032,137.441,133.213,135.278,131.134,139.075
45,H1',4.894,6.651,8.542,7.057,4.642,5.282,5.003,6.501,6.827,5.62,5.528,7.297,7.007,6.769,6.352,6.562,5.942,5.369,6.366,8.588
45,H2',4.851,4.77,6.777,6.013,3.379,4.953,5.662,4.223,5.035,5.073,3.967,9.236,4.828,5.04,4.679,5.307,4.836,5.545,9.515,7.75
45,H3',3.661,4.157,8.803,7.916,3.35,9.091,5.69,4.592,4.869,7.82,5.106,5.581,5.306,4.845,4.719,5.855,4.623,7.13,6.197,8.414
45,H4',3.741,4.272,6.474,4.127,4.494,4.291,5.166,6.052,4.837,3.91,3.423,4.041,4.921,4.513,6.363,5.184,5.34,5.144,3.773,6.939
45,H41,-1.27,3.573,10.777,2.661,-17.18,-23.885,-8.965,2.419,4.913,-2.04,3.136,-5.491,3.648,-0.628,3.917,-18.263,-13.643,-13.312,7.626,7.329
45,H42,0.329,3.183,7.793,-0.713,-14.303,-22.355,-4.403,1.913,7.317,-3.466,5.254,-7.433,4.041,5.778,4.982,-19.853,-10.429,-16.255,5.238,9.86
45,H5,3.887,6.847,7.563,5.292,4.423,4.82,4.714,5.259,5.909,4.949,4.816,4.351,6.362,5.166,5.625,4.397,4.366,4.606,5.511,7.98
45,H5',-8.715,4.341,6.905,3.489,-11.042,-16.929,-5.606,5.804,4.952,-2.186,6.468,-6.955,5.01,4.108,9.681,-11.759,-13.751,-13.375,8.362,6.411
45,H5'',-11.435,4.814,6.204,3.966,-9.79,-16.192,-4.613,1.505,4.548,-4.274,6.609,-9.002,4.227,7.804,5.717,-12.821,-13.149,-15.153,6.055,6.885
45,H6,8.053,8.326,9.58,7.749,7.902,6.675,6.511,8.457,8.511,6.798,7.35,7.209,8.134,7.925,8.5,7.514,7.387,7.087,7.807,9.586
45,HO2',7.035,3.833,8.882,4.971,5.718,6.928,6.637,4.3,3.957,6.057,4.371,6.42,1.937,4.537,4.177,6.404,6.592,6.28,4.375,9.479
45,HO3',6.085,2.825,7.914,3.744,5.988,6.713,6.67,4.263,4.509,6.37,3.867,5.698,2.627,4.366,3.828,5.011,5.648,6.288,4.639,8.179
45,N1,178.482,174.802,178.436,157.695,168.339,165.617,177.948,169.92,165.615,165.328,169.983,164.847,175.209,164.354,176.719,164.572,158.54,161.241,156.199,180.872
45,N3,253.002,309.115,282.004,246.709,249.244,216.031,260.489,250.337,225.786,254.696,239.705,227.635,251.541,253.554,251.012,246.65,224.407,250.727,250.408,305.31
45,N4,59.294,44.294,110.28,83.958,165.863,250.083,97.621,43.714,74.243,71.945,32.765,114.42,59.341,48.843,29.168,188.366,176.143,182.249,34.923,92.258
45,P,-16.069,-17.475,-12.137,-25.079,-14.693,-11.772,-13.866,-22.198,-19.334,-16.697,-21.824,-17.701,-18.384,-26.72,-24.128,-17.127,-16.944,-17.198,-26.813,-11.741
