res,atom,shift_1,shift_2,shift_3,shift_4,shift_5,shift_6,shift_7,shift_8,shift_9,shift_10,shift_11,shift_12,shift_13,shift_14,shift_15,shift_16,shift_17,shift_18,shift_19,shift_20
17,C1',98.711,94.919,96.445,98.479,95.983,94.999,97.081,95.612,95.876,95.829,95.81,95.849,98.327,95.827,96.842,98.023,95.443,97.248,96.781,95.268
17,C2,140.681,141.427,141.289,141.485,140.853,142.255,141.571,141.019,141.184,141.962,141.924,142.106,141.378,141.533,141.598,141.365,141.767,141.378,142.082,142.218
17,C2',76.336,76.06,75.918,75.659,76.608,75.465,75.48,76.863,74.857,75.064,75.986,75.268,76.993,76.84,76.254,75.195,76.287,76.269,74.973,75.027
17,C3',71.082,73.151,73.916,72.969,74.413,73.243,73.746,72.063,70.787,75.878,72.228,72.575,72.201,71.892,71.985,72.799,72.239,72.236,73.151,75.399
17,C4,146.973,145.506,147.699,146.223,146.605,145.675,146.967,146.434,145.619,145.046,146.554,144.217,146.289,146.455,146.525,146.351,146.038,145.797,146.101,146.642
17,C4',81.606,79.22,80.323,82.575,81.835,79.266,80.198,79.327,78.952,77.628,80.071,79.925,79.571,79.785,77.705,80.257,78.755,80.174,78.698,79.246
17,C5,116.074,115.511,116.18,116.012,115.051,115.021,115.38,116.076,115.656,114.66,116.519,115.948,115.385,114.834,114.431,116.518,115.719,115.369,115.68,115.174
17,C5',63.184,64.097,64.731,62.16,63.769,65.128,63.177,64.63,65.29,62.667,63.791,63.862,64.628,62.725,61.757,63.813,63.74,63.47,63.309,62.501
17,C6,150.983,151.702,151.065,150.789,151.789,151.039,151.597,151.194,150.817,151.158,150.58,150.228,151.611,151.738,150.357,150.308,150.406,150.949,151.233,150.929
17,C8,129.439,130.555,131.264,130.665,131.437,130.354,129.34,128.467,129.86,131.441,129.099,131.264,129.203,129.217,128.263,131.249,130.243,128.977,130.518,130.448
17,H1,11.915,11.418,11.246,11.417,11.268,11.786,10.732,10.064,11.275,11.816,11.284,11.227,11.832,11.487,10.705,10.109,11.417,11.466,11.135,11.564
17,H1',6.363,6.403,6.383,6.412,6.402,6.387,6.424,6.231,6.492,6.494,6.413,6.413,6.434,6.469,6.29,6.429,6.409,6.444,6.452,6.429
17,H2',5.167,5.411,5.548,5.995,5.502,5.168,5.501,5.548,5.456,5.442,5.556,5.527,5.017,4.572,4.925,5.491,5.335,5.215,5.387,5.843
17,H21,8.14,7.956,7.537,8.15,8.224,8.928,7.42,8.759,7.91,7.991,8.531,7.529,8.17,8.411,8.278,7.458,8.142,9.057,7.577,7.022
17,H22,4.72,4.795,4.825,4.753,4.829,4.831,4.902,5.096,4.981,5.06,5.078,4.988,4.832,4.737,5.053,5.09,5.056,4.908,5.087,4.698
17,H3',5.104,5.01,5.205,4.893,5.248,5.414,4.854,4.874,5.105,4.68,5.05,4.911,5.254,5.075,4.987,5.195,5.183,5.412,5.024,4.994
17,H4',4.462,4.713,4.779,4.607,4.702,4.859,4.663,4.706,4.649,4.458,4.787,4.753,4.665,4.445,4.329,4.648,4.554,4.581,4.504,4.552
17,H5',4.688,4.764,4.755,4.529,4.553,4.802,4.765,4.732,4.744,4.821,4.774,4.785,4.775,4.593,4.81,4.762,4.816,4.71,4.793,4.714
17,H5'',4.47,4.472,4.467,4.355,4.36,4.578,4.45,4.537,4.659,4.076,4.429,4.507,4.562,4.483,4.058,4.426,4.431,4.445,4.159,4.024
17,H8,8.084,8.077,8.159,7.704,8.028,8.015,7.777,7.796,8.04,7.986,7.794,8.086,7.871,7.763,7.664,7.994,8.086,7.783,7.866,7.75
17,HO2',3.644,3.271,3.322,4.006,3.056,3.111,2.847,2.81,3.794,3.135,2.952,2.992,3.671,4.484,3,3.857,3.834,3.545,3.742,3.197
17,HO5',2.815,2.514,2.668,2.591,3.071,3.053,3.136,2.531,2.7,2.645,3.215,2.669,2.77,2.937,2.441,2.819,2.996,3.308,2.814,2.537
17,N1,137.193,138.808,138.778,135.71,137.754,136.793,139.993,138.464,136.367,137.383,137.553,136.804,137.467,135.56,138.661,139.49,136.343,136.928,136.605,139.744
17,N2,66.96,69.12,69.478,66.704,71.604,69.921,68.099,72.272,67.887,67.843,69.017,68.861,68.093,67.529,70.352,67.31,69.172,70.311,69.278,67.584
17,N3,164.348,163.824,166.059,164.807,167.549,162.268,167.088,163.717,161.584,163.639,164.055,164.454,163.885,160.796,162.295,164.128,163.816,163.791,164.856,166.342
17,N7,228.981,226.744,227.362,224.944,224.535,227.376,228.832,233.148,230.199,226.358,226.621,223.644,229.176,229.563,229.544,223.81,227.835,229.71,226.909,226.632
17,N9,171.833,168.278,169.811,169.391,168.947,170.454,171.279,171.494,174.193,168.925,170.574,169.411,171.681,172.91,171.756,169.444,170.578,170.971,169.959,169.813
18,C1',96.157,96.217,96.617,95.52,96.595,95.895,96.842,94.802,94.428,95.405,94.048,96.706,96.307,98.742,95.926,95.591,96.156,96.934,95.584,94.399
18,C2,142.257,142.283,142.165,141.345,141.493,142.35,142.46,142.127,142.267,141.48,141.498,142.765,141.971,142.567,142.488,142.574,141.909,141.451,141.904,140.961
18,C2',75.993,74.196,75.198,75.473,74.819,75.046,74.801,75.13,74.136,74.542,75.297,75.673,74.519,75.308,76.546,73.866,74.063,74.843,74.924,74.28
18,C3',71.449,73.221,70.63,71.584,72.197,73.304,72.746,74.125,73.341,72.696,73.907,75.716,72.033,73.213,73.707,72.333,72.904,71.77,73.983,72.744
18,C4,145.975,146.211,145.663,145.963,145.829,147.057,146.114,145.214,145.307,145.384,145.972,146.066,145.773,146.391,146.375,145.628,145.762,146.433,147.188,144.992
18,C4',79.136,78.466,75.943,77.078,77.193,78.741,79.022,74.637,77.435,77.245,77.966,78.52,78.082,82.489,78.606,76.942,76.525,77.881,76.904,79.371
18,C5,113.66,114.484,114.856,114.268,115.649,114.002,113.78,114.141,115.114,114.314,114.935,115.082,114.699,113.389,113.972,115.814,114.257,114.485,114.28,114.227
18,C5',64.518,63.391,63.451,63.092,63.288,62.666,61.982,61.751,60.282,62.769,62.943,62.334,62.792,63.805,62.317,62.211,61.755,61.074,60.33,64.629
18,C6,150.604,150.86,150.298,150.278,150.077,150.517,150.348,150.997,151.603,150.422,150.531,151.076,150.403,150.185,151.384,150.414,150.973,150.771,150.986,150.552
18,C8,127.7,129.613,129.692,127.473,128.703,128.498,129.962,128.19,127.568,129.262,131.638,129.231,128.551,127.777,128.633,128.508,126.86,127.56,128.917,131.332
18,H1,12.18,11.875,12.152,11.752,11.838,12.226,12.307,12.133,12.195,12.225,12.136,12.097,12.401,12.822,11.022,11.014,12.172,11.766,11.995,12.256
18,H1',6.546,6.264,6.438,6.208,6.2,6.267,6.375,6.309,6.17,6.415,6.418,6.339,6.366,6.531,6.266,6.38,6.285,6.341,6.416,6.328
18,H2',4.813,5.434,5.284,4.905,5.574,5.214,5.268,5.17,5.34,5.261,5.523,5.64,5.433,4.669,4.997,5.57,5.244,4.852,5.128,5.648
18,H21,8.151,8.828,8.722,8.451,7.907,8.75,8.694,7.946,8.242,8.441,8.24,8.771,8.444,8.917,8.909,8.493,9.461,8.567,8.427,9.311
18,H22,5.154,5.163,5.088,4.783,4.913,4.944,5.055,4.871,5.252,5.158,4.95,4.943,5,5.064,4.809,5.105,5.243,4.875,5.112,5.233
18,H3',4.738,4.648,4.997,4.813,4.634,4.651,4.931,4.428,4.593,4.887,4.734,4.759,4.937,4.518,4.651,5.017,5.036,4.761,4.876,4.843
18,H4',4.594,4.526,4.576,4.648,4.689,4.747,4.803,4.719,4.52,4.627,4.794,4.724,4.596,4.532,4.743,4.807,4.613,4.64,4.674,4.78
18,H5',4.348,4.354,4.4,4.328,4.291,4.207,4.858,4.19,4.583,4.417,4.705,4.653,4.75,4.407,4.467,4.809,4.755,4.857,4.822,4.406
18,H5'',4.063,4.127,4.142,4.207,4.202,4.127,3.91,4.309,4.07,4.071,3.934,3.955,4.107,3.932,4.094,4.018,3.965,4.071,4.077,4.151
18,H8,7.499,7.394,7.606,7.051,7.166,7.412,7.667,6.664,6.928,7.409,7.552,7.482,7.491,7.59,7.511,7.521,7.154,7.008,7.253,7.524
18,HO2',4.231,2.645,3.409,3.219,3.45,3.081,3.032,2.82,2.889,3.105,3.4,2.963,4.256,4.422,3.265,3.015,2.929,3.508,2.978,3.141
18,N1,139.361,138.834,137.71,137.357,136.859,139.194,137.502,139.891,137.042,137.347,139.32,138.942,139.563,138.167,138.242,141.633,137.868,139.86,137.777,136.219
18,N2,73.167,72.35,71.657,70.027,67.835,71.498,69.929,73.493,69.998,69.034,70.145,70.492,74.061,72.361,75.661,74.62,72.373,71.589,69.917,75.391
18,N3,163.636,166.561,166.842,168.729,171.566,167.125,165.766,169.469,163.332,166.608,167.429,169.145,164.323,159.713,171.584,166.108,161.718,168.583,166.081,168.002
18,N7,234.511,228.726,230.713,234.902,230.166,230.992,229.107,235.72,239.202,233.243,230.457,233.73,232.998,231.952,237.445,233.27,239.803,235.187,236.188,229.35
18,N9,171.39,166.26,165.875,168.829,165.327,169.074,169.526,165.633,166.441,167.046,166.003,166.356,168.149,169.531,168.079,165.863,167.049,169.196,169.215,164.136
18,P,-18.584,-17.307,-17.963,-20.725,-16.391,-17.791,-21.177,-18.014,-18.889,-18.411,-18.861,-18.443,-18.531,-20.07,-17.566,-18.52,-19.244,-18.077,-18.422,-18.654
19,C1',96.517,97.527,97.055,97.387,95.222,97.894,98.982,97.982,98.208,95.767,97.101,97.595,98.432,98.445,96.351,98.191,98.001,97.891,98.126,97.554
19,C2,149.249,148.086,148.022,148.362,147.066,149.429,148.511,147.943,148.593,147.798,148.348,146.576,148.73,148.563,149.676,148.169,147.899,148.511,147.902,146.692
19,C2',74.164,74.742,77.236,75.203,74.217,74.603,74.058,75.038,75.763,77.022,73.279,74.59,75.572,75.807,75.819,76.685,77.047,75.009,76.528,74.582
19,C3',73.269,72.354,72.811,71.118,72.331,73.933,71.79,72.029,72.122,73.221,72.265,71.677,72.667,71.711,73.92,73.15,70.937,71.543,70.432,72.167
19,C4,149.827,149.758,150.315,149.769,149.846,149.703,149.824,149.76,149.711,150.123,149.734,148.983,149.356,149.121,149.667,149.463,149.297,149.488,148.876,149.431
19,C4',76.233,77.998,77.083,77.636,76.349,78.398,77.399,78.457,78.052,78.007,78.066,78.911,78.948,77.07,78.858,77.819,76.985,76.958,77.589,78.169
19,C5,93.357,91.249,92.749,92.265,92.442,90.356,92.209,92.109,92.952,91.716,88.253,89.51,92.264,94.161,89.444,91.068,91.85,93.192,92.676,90.719
19,C5',62.09,61.827,62.25,62.813,64.157,61.148,63.097,62.538,62.677,62.332,63.284,64.069,62.946,64.506,63.347,62.463,62.968,63.46,63.591,63.085
19,C6,136.771,136.673,135.819,135.721,135.109,138.373,135.502,136.609,135.081,136.548,138.291,135.726,135.08,136.904,138.488,136.207,135.473,134.443,133.846,136.812
19,H1',6.146,6.189,6.176,6.199,6.175,6.072,6.159,6.248,6.073,6.135,5.929,6.528,6.075,6.845,6.157,5.999,6.342,6.536,6.391,6.319
19,H2',4.888,4.934,4.925,5.286,5.345,5.393,5.302,5.181,5.349,4.76,5.641,4.832,5.233,5.073,5.616,5.17,4.441,4.905,5.087,5.528
19,H3',4.737,4.738,4.175,4.51,4.842,4.803,4.619,4.631,4.487,4.382,4.94,4.946,4.8,5.061,4.634,4.546,4.779,4.906,4.703,4.734
19,H4',4.506,4.706,4.316,4.708,4.795,4.727,4.481,4.756,4.696,4.734,4.897,4.673,4.618,4.554,4.912,4.622,4.463,4.559,4.509,4.695
19,H41,9.968,8.399,9.187,9.306,9.159,9.9,9.46,9.848,9.646,8.895,9.993,7.784,9.339,9.197,9.55,9.179,9.285,9.169,8.551,8.814
19,H42,5.24,5.226,5.064,5.147,4.838,5.13,4.96,5.167,5.132,5.298,4.841,4.991,4.982,4.834,5.049,5.093,5.387,4.961,4.873,4.972
19,H5,5.521,5.277,5.435,5.317,4.92,5.144,5.042,5.282,5.085,5.469,4.982,4.81,5.344,5.729,5.071,5.241,5.492,5.127,5.015,5.137
19,H5',4.799,4.581,4.408,4.59,4.571,4.893,4.678,3.997,4.064,4.289,4.574,4.476,4.384,4.384,4.322,4.265,4.324,4.855,4.262,4.389
19,H5'',4.266,4.207,4.208,4.089,4.169,4.062,4.112,4.288,4.296,4.258,4.011,4.232,4.253,4.358,4.384,4.297,4.235,4.143,4.248,4.066
19,H6,7.834,7.655,6.807,7.444,7.419,8.111,7.675,7.525,6.996,7.082,7.936,7.597,7.657,8.025,8.063,7.104,7.388,7.432,7.566,7.709
19,HO2',2.835,2.841,3.363,3.248,2.805,3.207,4.351,3.107,3.231,2.761,2.98,3.518,3.318,3.361,3.064,3.535,3.822,3.032,3.288,3.775
19,N1,153.89,155.152,152.038,153.489,151.336,152.508,153.647,153.18,151.234,151.641,153.08,155.298,153.871,157.095,152.454,153.618,156.209,153.427,153.791,151.815
19,N3,195.25,200.51,196.594,196.152,194.575,195.842,195.22,195.267,194.785,195.914,194.204,195.398,196.835,191.531,197.228,200.329,201.208,193.604,193.915,196.126
19,N4,90.466,85.802,85.884,87.475,91.293,86.464,89.449,87.712,86.399,84.634,88.577,88.84,91.009,89.608,88.048,87.736,89.141,92.055,88.715,85.8
19,P,-17.255,-18.472,-16.636,-18.824,-20.293,-17.747,-20.552,-20.04,-19.47,-17.738,-20.448,-20.966,-17.966,-17.445,-18.123,-18.934,-18.277,-19.486,-19.106,-18.744
20,C1',93.765,95.336,99.144,95.077,94.019,95.612,93.587,97.517,92.262,97.432,95.14,95.774,95.061,94.367,96.938,96.46,94.018,96.895,95.801,98.005
20,C2,147.998,146.707,147.556,148.004,146.443,147.094,147.838,146.78,146.863,146.858,147.875,146.701,147.3,148.642,147.521,147.477,147.832,146.842,146.716,146.91
20,C2',75.276,77.513,77.013,74.671,76.735,75.151,76.388,75.796,76.041,75.884,76.693,77.678,75.578,74.584,75.047,74.371,76.577,77.039,76.466,75.731
20,C3',72.54,71.286,76.55,71.666,73.725,71.64,71.588,73.515,73.239,72.15,72.908,71.59,72.769,73.414,72.038,73.792,70.686,74.958,74.269,73.891
20,C4,142.598,142.741,143.079,141.169,142.083,141.779,142.413,142.376,139.954,141.829,141.997,141.212,141.681,143.145,142.671,143.438,142.36,142.127,142.195,142.397
20,C4',76.197,77.126,77.414,77.26,78.865,78.482,77.876,78.867,76.522,78.824,78.091,80.793,78.318,76.721,76.964,76.171,78.053,79.076,76.741,80.354
20,C5,113.24,112.73,113.221,113.687,112.378,112.694,112.735,112.481,113.932,112.03,112.837,112.633,112.448,112.88,112.867,113.554,113.278,112.74,112.247,112.114
20,C5',64.881,65.173,69.229,61.484,63.655,63.968,62.916,63.42,63.323,63.893,63.578,64.27,64.531,62.906,63.027,62.815,64.66,63.08,62.612,64.373
20,C6,144.23,143.964,144.536,143.957,142.453,144.16,143.427,143.86,143.318,143.656,143.971,142.734,143.324,142.546,143.67,143.956,143.724,143.892,143.952,142.883
20,C8,130.672,131.394,130.356,129.845,129.923,130.131,130.459,131.105,132.197,130.686,131.375,129.544,130.765,130.817,132.427,131.786,130.094,130.739,131.02,130.969
20,H1',6.594,6.644,6.689,6.669,6.576,6.506,6.612,6.598,6.565,6.616,6.669,6.663,6.502,6.474,6.605,6.425,6.827,6.625,6.932,6.782
20,H2,7.554,7.589,7.15,7.457,7.146,7.313,7.763,6.933,8.148,7.714,7.251,7.168,7.483,7.665,7.433,7.152,7.749,7.007,7.101,7.167
20,H2',5.055,5.144,5.038,5.183,5.353,5.151,5.313,5.223,5.509,5.346,5.157,4.916,5.799,5.999,5.273,5.743,5.076,5.054,5.042,4.973
20,H3',5.259,5.143,4.467,4.814,4.809,4.956,4.833,4.884,5.01,4.893,5.186,4.83,5.102,5.043,5.359,5.109,5.278,4.608,4.638,4.737
20,H4',4.719,4.67,4.752,4.841,4.99,4.771,4.718,4.669,4.665,4.653,4.968,4.587,4.95,4.785,4.621,4.7,4.686,4.568,4.636,4.62
20,H5',4.37,4.668,4.717,4.871,4.346,4.27,4.546,4.697,4.958,4.168,4.884,4.72,4.588,4.764,5.094,4.446,4.707,4.446,4.708,4.318
20,H5'',4.294,4.209,4.359,4.14,4.299,4.317,4.263,4.197,4.119,4.476,4.155,4.27,4.205,4.232,4.196,4.512,4.304,4.242,4.234,4.422
20,H61,7.694,8.244,8.689,9.143,6.96,9.381,9.442,7.867,8.653,9.698,9.163,7.59,8.633,8.745,7.961,7.162,9.744,8.092,8.136,7.203
20,H62,5.786,5.818,5.706,5.342,5.873,5.604,5.46,5.619,5.44,5.67,5.578,5.975,5.479,5.227,5.599,5.668,5.841,5.638,5.634,5.695
20,H8,8.135,8.379,7.565,7.519,7.923,7.786,7.806,8.117,8.023,8.088,8.047,7.853,8.034,7.943,8.288,8.118,8.029,7.791,7.445,7.967
20,HO2',3.059,3.451,3.595,3.792,3.121,3.239,2.865,3.546,3.052,4.985,3.102,3.635,3.298,2.898,3.274,3.082,3.76,4.395,3.016,5.122
20,N1,213.804,213.21,216.121,215.461,216.642,210.618,211.104,217.987,212.032,208.772,213.64,214.335,210.579,208.879,210.102,214.739,210.142,216.113,213.66,214.546
20,N3,214.875,217.082,220.735,216.312,221.58,214.639,217.087,221.802,218.402,218.71,214.742,215.639,218.846,217.873,215.513,219.377,210.92,216.121,216.47,219.261
20,N6,86.878,83.162,79.633,84.213,81.92,83.052,86.909,78.639,83.724,79.886,83.411,85.591,82.806,82.595,81.198,80.495,92.258,79.595,76.205,77.463
20,N7,227.883,223.647,225.501,224.267,224.731,226.676,225.725,224.379,224.235,223.228,222.115,223.34,224.147,225.947,222.638,224.154,227.153,221.902,222.937,225.328
20,N9,173.881,176.248,173.159,173.178,174.758,173.668,173.51,174.478,172.176,176.131,173.758,175.826,172.865,170.39,173.459,171.722,175.592,173.777,173.998,176.236
20,P,-19.263,-18.604,-17.864,-18.232,-18.981,-18.357,-18.174,-18.729,-16.893,-17.784,-18.435,-18.725,-17.761,-17.67,-20.94,-17.512,-16.487,-17.27,-16.098,-17.31
21,C1',95.142,94.833,96.111,95.21,95.385,95.25,94.449,101.931,95.9,96.966,93.489,98.502,97.375,96.255,98.441,94.977,95.686,97.895,93.667,95.808
21,C2,141.625,141.628,140.73,141.493,141.698,141.814,141.748,143.414,141.074,141.541,141.376,140.866,139.403,140.013,141.424,141.594,140.603,141.924,141.121,141.178
21,C2',78.333,76.15,76.745,75.011,75.404,75.399,75.733,78.486,77.632,75.836,76.092,76.348,73.692,74.097,76.228,75.426,74.805,75.721,75.495,74.652
21,C3',71.692,72.523,72.402,71.482,71.042,71.834,72.16,75.713,71.667,73.82,73.216,73.024,74.303,73.922,71.37,72.294,72.842,77.989,75.677,73.262
21,C4,144.413,145.189,145.158,145.584,144.866,146.014,144.928,147.798,145.519,145.475,145.422,145.933,145.301,145.716,144.694,143.916,144.227,144.657,144.742,145.324
21,C4',76.994,77.144,75.43,75.464,78.894,78.153,77.012,81.859,76.957,78.586,77.558,77.315,78.728,78.148,78.34,77.925,78.69,79.062,77.38,78.398
21,C5,113.617,114.173,114.849,114.124,118.267,115.597,115.181,114.303,115.054,113.88,116.09,115.307,113.788,113.388,112.257,113.867,112.259,115.169,114.271,114.291
21,C5',64.483,62.84,62.846,62.433,62.41,63.845,63.229,65.314,63.971,62.685,63.875,63.673,61.427,62.283,63.259,62.391,63.088,68.766,62.713,62.73
21,C6,150.112,149.96,150.082,150.958,152.176,151.138,150.447,150.237,151.408,150.195,150.172,149.346,148.779,149.287,149.579,148.339,148.841,148.756,149.079,149.199
21,C8,126.304,125.791,126.26,126.792,127.626,127.354,126.105,126.023,126.784,125.422,128.285,126.611,126.969,124.786,125.615,125.568,125.724,126.109,126.408,127.509
21,H1,11.602,11.759,10.459,10.988,11.63,11.453,11.502,11.16,11.059,11.291,11.26,10.628,10.115,11.696,12.087,11.346,11.647,11.108,12.515,10.844
21,H1',6.619,6.34,6.414,6.522,6.545,6.541,6.455,6.509,6.351,6.291,6.492,6.171,6.221,6.217,6.418,6.377,6.193,6.671,6.521,6.264
21,H2',5.005,5.142,5.053,4.847,5.381,4.994,5.017,4.288,4.293,5.247,5.672,5.206,5.93,5.977,5.14,5.551,5.573,5.915,5.511,5.508
21,H21,9.458,9.232,7.913,8.51,7.794,8.656,8.178,7.863,8.447,7.389,7.696,6.776,7.323,8.742,9.733,8.519,8.747,8.733,8.589,7.739
21,H22,5.28,5.159,4.897,5.005,4.84,4.75,5.078,4.183,4.84,4.963,4.876,5.057,4.962,5.355,5.607,5.224,5.191,5.324,5.368,5.113
21,H3',4.64,4.662,4.709,4.704,4.981,5.068,4.927,4.795,4.724,4.657,4.747,4.782,4.776,4.59,4.675,4.507,4.707,4.528,4.507,4.838
21,H4',4.597,4.758,4.465,4.405,4.605,4.653,4.716,4.614,4.462,4.605,4.851,4.363,4.736,4.831,4.58,4.644,4.743,4.965,4.79,4.617
21,H5',4.462,4.775,4.499,4.879,4.893,4.837,4.292,4.481,4.244,4.465,4.408,4.811,4.89,4.183,4.495,4.288,4.656,4.524,4.27,4.425
21,H5'',4.203,4.159,4.268,4,4.04,4.016,4.241,4.204,4.254,4.297,4.254,4.178,4.134,4.327,4.094,4.305,4.042,4.316,4.117,4.262
21,H8,7.257,6.679,6.865,7.035,7.472,7.565,7.267,7.101,6.587,7.02,7.188,6.796,6.811,6.395,6.634,6.442,6.983,6.934,6.868,7.405
21,HO2',3.515,3.063,3.678,3.044,3.491,3.25,3.322,3.566,3.343,3.276,2.996,3.178,2.832,3.062,3.619,3.471,2.978,3.495,3.134,2.939
21,N1,136.005,135.33,137.698,137.227,139.364,136.35,136.336,137.869,137.126,136.474,138.732,136.522,133.17,137.967,139.183,137.706,138.02,138.839,138.24,136.2
21,N2,77.385,70.898,75.618,74.151,72.638,75.702,71.835,71.857,74.504,71.92,70.372,72.845,73.589,77.172,76.098,71.952,71.58,75.683,69.605,68.484
21,N3,162.018,161.77,165.439,161.259,164.423,161.613,162.468,170.783,162.249,164.725,161.337,163.611,169.902,173.011,168.504,164.544,163.578,162.682,163.821,161.661
21,N7,232.279,234.236,233.721,233.529,230.898,231.264,234.778,234.358,235.78,234.614,228.167,233.083,233.376,234.315,236.293,233.52,233.566,231.687,233.728,233.421
21,N9,166.775,168.542,167.795,168.775,169.327,169.864,167.697,171.471,169.338,168.742,167.235,165.28,166.836,165.56,168.968,165.089,167.007,164.159,165.244,168.328
21,P,-18.378,-17.101,-16.519,-19.481,-19.497,-19.281,-17.664,-16.184,-17.011,-16.641,-15.968,-15.254,-18.291,-18.331,-17.031,-17.489,-16.889,-17.146,-16.66,-17.82
22,C1',97.402,95.731,96.581,95.146,97.486,100.701,97.12,96.06,95.267,95.806,96.651,98.58,94.456,94.904,94.891,97.425,96.116,95.388,95.746,95.197
22,C2,148.666,148.789,147.03,148.477,149.454,148.919,147.118,147.827,147.516,148.486,147.221,147.231,148.544,151.442,150.298,150.458,150.423,150.466,150.955,149.895
22,C2',76.873,75.777,75.769,76.219,75.712,76.532,75.213,75.501,76.422,76.292,74.966,78.074,75.526,72.468,77.119,76.522,75.302,77.218,76.64,76.728
22,C3',70.46,72.099,73.862,71.999,72.586,73.447,72.784,73.301,73.166,73.389,75.761,72.967,72.622,73.81,74.458,75.236,74.825,74.809,75.597,74.928
22,C4,142.645,142.848,142.27,142.423,142.668,143.676,141.988,143.033,141.547,140.952,143.272,140.979,142.051,141.679,142.304,142.853,142.792,142.83,142.374,142.484
22,C4',77.764,77.27,78.878,77.435,78.94,79.45,79.916,79.166,77.267,79.172,78.785,81.55,77.601,77.399,77.822,79.631,78.927,78.506,80.089,78.294
22,C5,112.935,112.373,112.413,111.883,111.603,109.718,113.494,113.139,112.525,111.705,113.195,112.012,111.805,110.838,112.98,113.176,111.257,110.851,112.704,111.221
22,C5',63.336,62.131,62.268,62.738,62.469,63.81,62.38,62.447,63,63.046,63.309,63.835,63.615,63.339,62.851,63.034,63.278,63.056,64.686,62.486
22,C6,141.874,143.021,142.011,142.783,141.952,141.936,142.639,141.846,144.063,143.808,143.445,144.329,142.28,142.154,143.285,143.965,142.536,142.67,143.113,144.305
22,C8,129.674,130.867,131.9,130.871,129.62,130.122,131.061,133.095,131.424,130.243,132.333,130.172,131.721,132.119,131.043,130.476,131.504,131.13,131.041,131.471
22,H1',6.847,6.633,6.67,6.584,6.665,6.649,6.435,6.726,6.701,6.434,6.431,6.742,6.799,7.007,6.988,6.611,6.827,6.878,6.602,6.494
22,H2,7.954,8.464,8.36,8.405,8.288,8.031,8.364,8.378,8.007,7.995,8.119,8.277,8.554,8.872,8.436,8.435,7.816,7.744,8.468,8.811
22,H2',4.665,4.764,5.149,4.981,4.804,4.459,5.49,5.411,4.908,5.079,5.481,4.438,5.28,5.946,4.432,4.753,4.62,4.682,4.669,4.582
22,H3',4.552,4.814,4.862,4.77,4.485,4.765,4.604,4.88,4.837,4.625,4.772,4.718,4.917,4.916,4.406,4.564,4.619,4.527,4.737,4.64
22,H4',4.536,4.53,4.802,4.605,4.402,4.543,4.803,4.885,4.686,4.712,4.714,4.529,4.678,4.699,4.667,4.617,4.729,4.689,4.76,4.688
22,H5',4.848,4.801,4.848,4.677,4.595,4.524,4.498,4.355,4.748,4.738,4.176,4.832,4.73,4.767,4.903,4.872,4.885,4.41,4.295,4.769
22,H5'',4.036,4.079,4.074,4.122,4.136,4.177,4.127,4.079,4.116,4.123,4.347,4.271,4.104,4.024,4.085,4.015,4.113,4.195,4.144,4.091
22,H61,5.556,5.95,5.791,6.045,5.618,5.509,5.865,5.05,9.948,9.755,9.59,10.033,5.631,5.7,6.011,5.894,5.636,5.307,5.987,8.794
22,H62,5.532,5.636,5.369,5.512,5.73,5.955,5.382,5.164,5.571,5.523,5.503,5.659,5.344,5.432,5.753,5.649,5.443,5.651,5.689,5.593
22,H8,7.034,7.366,7.923,7.509,6.942,7.311,7.516,8.029,7.929,7.752,7.536,7.356,8.008,7.547,7.74,7.707,7.927,7.263,7.681,7.457
22,HO2',3.407,3.205,3.217,3.495,3.224,5.101,3.128,3.18,3.006,4.746,3.316,4.623,3.356,3.3,4.253,4.9,4.945,3.828,3.91,4.203
22,N1,218.226,218.162,216.947,219.902,222.192,224.337,219.426,221.058,212.846,208.539,213.86,216.136,219.739,218.699,216.103,215.244,217.879,224.095,217.734,210.053
22,N3,223.157,216.465,216.794,216.623,215.377,221.993,219.581,219.483,214.023,215.51,218.993,215.602,216.592,214.307,221.645,220.216,222.138,221.032,219.532,219.52
22,N6,81.688,82.44,84.462,84.234,85.694,87.954,84.64,78.021,85.701,78.962,84.502,83.356,85.541,77.435,74.024,72.297,77.891,75.207,77.086,78.685
22,N7,229.973,230.064,224.354,230.193,231.884,227.655,229.876,226.024,224.981,222.782,229.012,227.275,229.99,223.22,219.361,218.739,222.538,221.227,220.25,224.064
22,N9,173.689,174.294,173.947,175.406,172.482,174.501,171.877,171.06,174.161,174.261,171.529,175.578,170.738,169.231,173.976,172.985,175.329,173.716,174.592,174.689
22,P,-18.611,-18.567,-18.462,-19.026,-19.184,-18.146,-17.123,-16.848,-19.082,-18.667,-16.255,-16.372,-17.697,-19.342,-17.8,-19.056,-18.23,-18.015,-18.824,-17.582
23,C1',95.458,98.952,99.303,96.188,96.484,99.361,100.057,101.646,95.834,96.332,90.688,90.914,97.49,101.537,97.372,97.532,96.34,98.899,100.808,97.005
23,C2,145.193,145.562,144.931,144.303,144.735,145.69,146.87,145.347,146.339,145.523,147.597,146.183,143.713,146.037,145.465,144.885,144.085,146.407,147.359,146.575
23,C2',77.438,75.63,75.505,77.632,77.041,77.048,76.94,74.065,77.075,77.787,77.455,77.328,78.009,74.035,77.191,76.516,77.937,76.396,73.68,77.457
23,C3',73.899,73.952,72.178,73.566,74.207,72.834,74.406,73.258,75.323,74.188,79.149,77.005,74.012,75.723,73.995,75.824,74.675,71.963,72.484,72.215
23,C4,155.021,154.24,153.934,153.783,154.417,153.818,155.945,154.879,154.034,151.498,153.544,155.094,154.54,154.858,154.829,155.348,155.146,156.18,152.634,154.416
23,C4',78.281,80.241,77.642,79.494,77.296,79.604,78.726,79.346,76.117,78.013,84.411,84.437,77.892,79.758,78.819,78.661,79.036,79.576,78.839,77.97
23,C5,103.91,103.737,103.276,104.099,105.346,104.562,103.664,102.155,104.976,104.304,104.004,107.146,105.708,102.209,103.599,103.512,103.414,105.323,105.345,107.686
23,C5',62.003,63.627,62.557,63.493,62.252,66.446,61.99,61.016,61.835,62.355,66.487,68.092,63.264,61.817,63.782,64.527,64.086,62.167,63.156,63.103
23,C6,136.753,135.211,136.068,135.416,135.419,135.937,137.377,136.553,133.929,136.681,137.166,135.46,134.616,138.741,136.263,140.038,137.757,137.495,137.493,135.401
23,H1',5.37,6.107,6.203,6.438,6.094,6.745,6.084,5.815,6.542,6.497,6.736,6.684,5.668,6.107,6.434,6.883,6.667,6.632,5.811,6.494
23,H2',4.481,4.302,4.59,4.267,4.34,4.441,3.86,4.242,4.362,4.643,3.947,3.997,4.152,5.356,4.186,4.067,4.141,4.527,3.599,4.064
23,H3,7.483,7.41,7.41,7.449,7.588,7.681,7.979,7.59,9.896,8.411,9.782,8.069,7.619,7.611,8.598,7.639,7.577,7.937,7.675,7.968
23,H3',4.225,4.268,4.64,4.301,4.409,4.64,4.001,4.661,4.224,4.413,4.541,4.492,4.159,4.36,4.328,4.562,4.303,4.75,4.335,4.487
23,H4',4.36,4.45,4.374,4.337,4.271,4.615,4.17,4.468,4.464,4.601,4.818,4.824,4.281,4.743,4.464,4.537,4.404,4.465,4.117,4.169
23,H5,5.764,5.344,5.067,5.509,5.571,5.076,5.397,5.205,5.268,5.213,5.279,4.996,5.342,4.891,5.492,5.445,5.215,5.886,5.948,5.897
23,H5',4.602,4.305,4.798,4.744,4.707,4.393,4.602,4.551,4.201,4.786,4.286,4.412,4.185,4.413,4.298,4.245,4.495,4.282,4.305,4.285
23,H5'',3.989,4.124,4.051,3.965,4.106,4.204,4.05,4.024,4.349,4.193,4.169,4.285,4.077,4.101,4.155,4.07,4.097,4.687,4.357,4.347
23,H6,7.387,7.801,7.622,7.407,7.32,7.699,7.063,7.202,7.201,7.977,7.286,7.583,6.775,7.502,7.72,7.776,7.575,7.498,7.704,7.305
23,HO2',3.322,5.852,3.561,3.87,3.227,4.662,2.875,3.51,2.826,3.135,2.238,4.275,3.811,3.531,3.665,4.631,3.397,3.698,3.757,2.675
23,N1,158.923,158.971,158.061,160.705,157.483,160.231,160.232,156.915,154.366,153.918,154.478,151.444,156.516,155.338,158.602,162.443,159.77,159.144,157.142,156.932
23,N3,160.406,160.301,157.918,164.209,161.343,161.154,163.541,157.507,167.21,160.383,165.983,159.969,159.195,160.093,164.016,158.392,158.501,161.317,158.771,159.285
23,P,-18.793,-16.805,-20.733,-17.504,-19.165,-17.978,-17.44,-20.498,-17.895,-17.648,-18.894,-18.757,-18.705,-18.165,-18.927,-19.503,-17.856,-21.045,-20.074,-19.298
24,C1',97.829,98.072,93.385,96.822,92.593,96.062,97.302,94.134,95.109,90.757,94.629,93.891,92.079,92.762,91.782,92.35,90.762,93.92,91.159,92.157
24,C2,149.349,149.332,149.392,149.819,150.26,150.208,149.036,149.574,150.328,148.005,151.003,150.202,150.354,150.069,149.419,150.097,151.545,148.065,150.124,150.487
24,C2',77.986,77.343,80.046,78.257,80.731,78.085,75.773,82.324,77.565,77.6,82.481,82.027,73.094,79.106,73.625,75.223,73.58,76.841,73.171,71.949
24,C3',74.827,75.034,80.209,78.824,75.699,76.346,75.073,74.632,84.295,84.952,77.656,78.483,81.539,80.439,82.662,78.201,82.47,73.995,78.107,75.337
24,C4,149.576,149.382,149.018,147.439,147.781,148.924,149.423,147.862,147.704,147.333,148.842,148.629,150.504,146.721,146.95,148.708,148.573,148.29,147.956,148.422
24,C4',79.804,78.041,80.916,84.131,80.683,85.27,83.287,83.25,81.764,82.61,83.299,84.667,81.929,85.869,84.759,86.977,84.25,77.769,83.361,83.475
24,C5,89.716,89.959,91.817,89.385,89.918,90.317,88.864,89.742,89.637,91.574,87.565,88.998,89.737,89.389,89.089,91.593,92.255,93.863,91.566,92.671
24,C5',63.412,62.558,65.729,67.453,64.232,65.295,63.006,66.844,66.398,68.236,67.941,67.564,64.622,65.926,64.608,66.126,64.389,63.255,65.877,66.446
24,C6,140.538,139.986,136.309,141.746,138.028,140.312,143.73,138.919,141.547,139.318,139.16,140.502,139.187,140.726,141.208,140.38,139.846,136.532,140.823,139.864
24,H1',6.979,6.393,6.936,6.893,6.663,7.01,6.896,6.85,6.967,7.183,6.734,6.828,6.553,6.896,7.228,7.008,6.871,6.796,6.89,6.588
24,H2',4.947,5.035,3.93,4.807,3.958,4.376,5.062,4.466,4.949,4.903,3.966,4.365,4.789,4.666,5.1,4.818,4.623,5.298,4.542,4.393
24,H3',4.459,4.438,4.927,4.869,4.864,5.085,5.277,4.741,4.805,4.695,4.587,4.427,4.71,4.736,4.935,4.983,4.923,4.484,4.994,4.876
24,H4',4.796,4.735,5.261,5.686,5.529,4.791,4.806,5.022,5.097,4.816,4.955,4.774,5.056,4.859,4.748,4.799,4.758,4.503,4.652,4.934
24,H41,5.699,5.662,5.873,5.555,5.723,5.505,4.913,5.47,5.628,5.685,5.623,5.572,7.321,5.209,5.884,6.019,6.925,8.557,6.249,6.119
24,H42,4.952,5.021,4.83,4.664,5.013,4.796,4.668,4.666,4.983,4.899,4.916,6.266,4.966,4.706,4.673,4.366,4.579,5.719,4.936,4.76
24,H5,5.616,5.519,5.484,5.388,5.564,5.56,5.591,5.394,5.742,5.504,5.642,5.966,5.72,5.355,5.366,5.34,5.473,5.879,5.652,5.295
24,H5',4.446,4.626,4.575,4.186,4.269,4.577,4.536,4.437,3.858,3.837,3.375,4.732,4.044,4.434,4.001,4.104,4.043,4.336,4.125,4.205
24,H5'',4.234,4.307,3.953,4.222,4.087,3.793,4.836,4.361,3.904,3.974,4.207,4.39,3.878,3.918,3.742,3.962,3.851,4.051,4.037,4.223
24,H6,7.812,8.085,7.638,7.836,7.49,8.066,7.606,7.859,8.347,7.861,8.153,8.268,7.898,8.138,7.81,7.695,7.676,7.735,7.917,7.765
24,HO2',3.365,3.691,3.38,3,2.762,3.529,4.129,2.879,2.534,2.619,3.033,2.749,2.989,2.866,5.434,5.645,5.768,4.737,4.571,4.964
24,N1,163.717,160.257,154.953,162.217,158.017,162.832,167.61,162.09,158.5,155.21,158.67,159.267,153.712,158.535,154.226,153.95,153.296,160.266,152.229,154.126
24,N3,194.54,196.674,197.799,198.208,195.709,197.376,201.379,197.013,202.071,201.63,197.163,198.214,202.118,199.045,205.698,204.16,203.115,202.471,197.897,199.566
24,N4,78.211,79.432,77.829,82.423,77.037,83.37,86.47,81.822,79.358,80.415,75.455,81.194,84.459,82.311,86.097,81.944,83.181,88.76,89.97,88.395
24,P,-17.707,-14.84,-16.829,-16.53,-19.347,-17.079,-20.643,-19.01,-19.098,-17.993,-19.596,-17.674,-17.839,-20.353,-19.049,-20.163,-19.41,-18.998,-18.751,-21.068
25,C1',99.982,96.989,99.279,97.902,96.713,91.01,99.076,100.386,97.603,102.261,94.758,95.477,92.996,93.44,89.47,90.554,88.843,105.122,96.461,96.241
25,C2,146.306,146.276,146.353,145.031,146.009,147.647,146.815,145.489,146.909,146.598,147.069,146.858,147.963,145.972,146.444,146.524,147.212,146.78,146.723,146.804
25,C2',79.589,77.38,75.345,77.251,76.051,77.818,75.235,72.002,75.185,75.713,75.239,74.559,77.268,80.378,74.343,74.831,74.983,72.68,77.511,78.202
25,C3',73.633,75.862,73.825,75.513,75.716,72.572,75.616,75.751,74.112,72.374,72.508,73.447,78.288,77.678,78.444,79.045,75.707,80.109,74.522,80.988
25,C4,155.285,156.385,155.309,154.542,153.335,155.076,155.432,154.199,154.602,154.138,153.491,155.336,153.967,155.877,156.625,155.946,156.825,155.455,155.227,154.536
25,C4',78.563,75.363,80.361,78.32,79.202,82.205,80.029,78.535,78.368,78.716,78.257,78.718,86.652,86.358,82.964,82.839,83.179,84.448,78.524,74.264
25,C5,101.87,103.655,102.171,109.707,104.875,103.908,101.595,103.885,106.085,106.884,105.138,109.447,106.667,104.847,98.441,102.328,99.709,101.518,103.872,103.691
25,C5',70.709,69.339,68.754,68.674,69.607,67.953,68.662,68.762,64.475,63.734,63.903,62.711,68.991,67.998,67.255,67.647,66.865,65.553,64.779,68.565
25,C6,136.517,136.14,137.417,133.721,136.56,139.082,137.522,139.963,134.382,134.253,137.953,136.548,139.88,137.93,144.697,142.992,143.948,143.7,137.401,138.931
25,H1',6.365,6.371,6.31,6.458,6.146,6.45,5.972,5.958,5.842,5.909,7.038,6.538,7.222,6.521,6.063,6.463,5.721,6.111,6.742,6.839
25,H2',4.419,4.971,4.888,5.143,5.652,4.256,5.485,6.179,5.378,4.728,4.756,5.127,4.856,4.246,4.785,4.834,4.447,5.306,5.1,4.781
25,H3,9.434,9.806,9.49,7.259,6.695,7.845,9.359,7.259,9.738,7.925,9.462,7.636,7.48,8.695,10.109,9.831,10.431,7.621,7.72,7.735
25,H3',4.051,4.105,4.079,4.467,4.27,4.829,4.261,4.082,4.949,4.832,4.734,4.472,4.981,4.725,4.828,5.133,4.867,5.141,4.893,4.332
25,H4',4.867,4.721,4.694,4.757,4.79,5.226,4.885,4.686,4.59,4.386,4.564,4.467,5.073,4.806,4.731,4.881,4.797,4.861,4.687,4.345
25,H5,6.039,6.258,5.884,6.135,6.156,5.732,5.991,6.259,6.188,5.782,5.558,5.984,5.795,6.471,5.976,5.699,5.81,5.995,6.087,6.031
25,H5',4.719,4.847,4.604,4.47,4.466,4.67,4.402,4.646,4.201,4.483,4.251,4.298,4.331,4.172,4.232,4.387,4.269,4.176,4.483,3.873
25,H5'',4.163,4.257,4.214,4.162,4.111,3.805,4.053,3.998,4.13,4.172,4.124,4.244,4.251,4.365,4.11,4.133,4.277,3.968,4.728,4.761
25,H6,7.949,8.009,7.9,7.887,7.952,7.871,7.975,8.048,7.73,7.682,7.729,7.477,8.192,8.438,8.05,8.137,8.113,7.934,8.205,7.849
25,HO2',3.181,4.033,4.903,3.608,3.11,2.972,3.032,3.245,3.025,3.523,3.03,4.512,3.881,2.856,4.43,7.062,5.978,4.727,4.173,4.75
25,N1,158.594,156.05,157.347,152.75,152.761,156.078,156.953,155.097,150.788,153.207,162.218,162.104,159.555,157.728,158.181,155.466,156.563,154.616,164.086,163.05
25,N3,162.504,162.653,162.954,157.282,160.044,159.683,164.382,161.335,160.456,159.065,163.166,160.448,159.627,157.198,160.205,161.649,162.239,163.958,158.453,159.733
25,P,-19.12,-16.837,-17.824,-17.896,-17.579,-19.722,-20.003,-20.031,-18.497,-17.739,-16.74,-14.828,-14.116,-17.129,-18.381,-17.568,-20.489,-21.216,-20.249,-21.057
26,C1',93.223,96.507,94.581,94.434,94.946,96.867,95.737,95.321,96.349,93.014,99.234,101.051,97.314,98.626,93.662,93.789,95.151,96.659,96.849,93.901
26,C2,142.919,142.08,142.503,141.586,140.906,142.002,142.012,142.657,142.531,141.721,141.726,141.745,141.734,142.083,142.378,142.094,141.46,140.324,140.955,141.336
26,C2',76.586,76.477,75.44,75.788,74.682,75.35,76.691,73.878,77.77,76.875,74.703,72.793,74.911,76.089,78.737,78.209,77.208,75.011,73.382,74.673
26,C3',72.938,73.027,73.002,74.89,74.683,77.875,73.32,72.912,71.769,73.089,74.115,71.189,73.723,82.686,73.662,72.751,72.325,72.49,73.497,74.701
26,C4,145.933,145.942,145.924,147.671,147.316,147.449,146.562,145.771,144.546,144.081,146.516,148.214,144.759,147.679,145.966,146.835,145.58,144.384,146.756,146.149
26,C4',77.757,77.708,77.918,77.05,77.236,79.068,80.152,77.578,77.464,77.845,77.195,79.394,78.584,79.505,78.711,78.337,79.375,79.912,77.511,77.505
26,C5,112.979,114.996,114.577,114.138,114.77,114.508,113.132,115.756,115.084,114.88,113.996,112.764,113.484,114.39,113.758,113.343,114.696,115.65,113.161,115.866
26,C5',63.789,62.57,62.629,61.746,63.369,69.624,63.777,63.411,66.667,63.972,65.151,65.543,64.899,66.967,65.002,65.472,65.818,61.11,59.368,59.766
26,C6,149.736,151.372,150.39,151.073,150.803,151.774,150.933,150.42,152.222,150.165,149.938,150.725,150.902,152.217,150.367,148.801,150.202,151.624,150.651,152.407
26,C8,127.436,125.249,126.794,127.4,128.056,127.56,128.191,126.937,128.153,125.916,128.403,128.304,131.595,128.055,129.541,130.208,128.738,126.908,128.984,130.035
26,H1,10.788,10.727,11.546,11.927,11.68,11.756,11.142,11.205,11.443,10.317,10.303,11.33,11.52,11.485,10.76,10.947,11.731,10.882,11.345,12.407
26,H1',6.535,6.272,6.369,6.181,6.07,6.354,6.342,6.147,6.515,6.309,6.456,6.254,6.508,6.855,6.563,6.577,6.563,6.53,6.248,6.394
26,H2',5.183,5.258,5.406,5.176,5.671,5.814,5.182,5.573,4.274,4.724,4.907,4.81,5.996,5.668,4.905,5.436,5.2,5.311,5.944,5.316
26,H21,9.015,8.329,8.279,8.365,8.002,7.314,8.113,7.556,6.713,6.847,5.39,8.462,8.882,8.689,8.121,8.763,8.859,7.157,8.508,8.155
26,H22,5.261,4.912,4.961,4.387,4.494,4.578,4.822,4.851,4.711,5.152,4.059,4.547,5.219,4.46,5.11,5.244,5.294,4.76,4.76,4.739
26,H3',4.866,4.557,4.929,4.907,4.971,4.357,4.872,5.171,5.329,5.118,4.554,4.906,5.13,4.769,4.776,4.769,5.077,5.021,4.978,4.986
26,H4',4.673,4.355,4.774,4.695,4.794,5.189,4.707,4.745,4.543,4.668,4.434,4.216,4.779,4.754,4.539,4.568,4.813,4.657,4.809,4.812
26,H5',4.545,4.354,4.471,4.577,4.333,4.49,4.647,4.325,4.61,4.613,4.398,4.409,4.885,3.919,4.626,4.488,4.73,4.797,5.45,4.931
26,H5'',4.173,4.242,4.251,4.059,4.338,4.139,4.073,4.187,4.364,4.105,4.299,4.615,4.29,4.412,4.34,4.321,4.291,4.013,3.943,4.142
26,H8,7.673,7.238,7.979,7.467,7.565,7.757,7.89,7.335,8.001,7.551,7.72,7.497,7.641,7.706,8.103,8.01,8.195,7.533,7.724,8.25
26,HO2',3.33,3.941,3.214,2.825,3.127,3.372,4.274,3.063,3.05,2.677,5.266,5.027,3.755,2.708,4.245,3.96,3.88,3.057,3.401,3.049
26,N1,137.121,136.779,137.787,137.998,136.675,139.931,137.753,137.934,139.686,137.547,139.827,138.703,138.339,142.006,139.06,139.649,138.44,136.509,136.337,137.948
26,N2,74.427,71.92,71.907,70.473,72.487,71.586,73.644,70.328,82.52,69.569,69.691,76.678,74.344,74.615,73.141,75.17,68.086,67.524,74.921,64.916
26,N3,156.825,161.103,160.392,164.417,164.47,166.035,161.47,161.86,158.294,156.869,166.891,165.089,164.309,168.826,160.196,162.723,161.771,167.249,168.36,168.688
26,N7,233.077,236.97,233.706,232.382,232.932,233.693,229.925,232.258,230.382,238.225,236.13,238.501,227.539,236.059,233.718,232.083,236.608,231.171,234.347,230.734
26,N9,171.747,168.406,169.883,167.397,166.989,168.919,171.012,165.527,171.99,171.912,167.793,163.191,167.508,166.805,172.985,171.559,170.327,171.148,164.843,167.09
26,P,-19.724,-18.113,-18.557,-17.398,-16.272,-18.464,-17.25,-16.652,-16.908,-18.173,-19.078,-18.448,-12.361,-19.386,-14.034,-14.679,-14.713,-19.99,-24.02,-19.045
27,C1',95.88,97.875,97.693,95.977,95.934,96.197,96.299,98.209,96.876,96.76,96.764,96.983,97.28,94.564,97.701,97.356,95.871,95.486,95.042,95.943
27,C2,147.754,148.534,147.373,147.094,147.887,148.247,148.661,146.034,148.424,148.724,147.386,147.528,146.458,148.11,147.665,148.651,147.634,147.134,146.753,148.026
27,C2',77.406,75.341,75.2,74.506,74.778,75.003,76.963,76.712,75.989,76.61,75.385,74.73,74.297,74.969,75.997,76.026,75.23,76.306,75.274,74.821
27,C3',76.893,76.002,73.931,72.361,72.458,73.56,73.346,73.155,72.066,73.717,74.685,73.465,72.557,73.521,77.559,77.378,73.461,72.853,74.294,72.832
27,C4,140.951,143.279,142.936,143.077,142.536,142.873,141.746,142.746,142.18,142.724,142.097,143.985,142.312,141.756,141.969,142.599,142.081,140.861,141.738,141.265
27,C4',78.041,79.941,78.948,77.004,76.084,78.531,79.887,80.191,78.565,78.723,77.831,79.015,78.076,78.865,80.209,79.965,78.59,79.025,77.574,79.541
27,C5,114.452,112.133,114.613,113.834,113.454,112.943,113.346,113.429,111.482,112.325,113.676,111.866,112.311,114.939,112.948,114.128,112.452,112.323,112.136,113.567
27,C5',67.219,70.276,62.557,65.263,63.915,63.057,63.986,63.781,64.267,63.131,64.372,63.591,62.54,65.692,68.948,67.262,63.505,64.947,64.45,64.02
27,C6,144.991,143.888,144.521,144.131,142.81,143.389,143.864,143.697,143.777,144.213,144.25,143.566,143.494,144.041,143.69,143.726,142.948,143.092,143.126,143.163
27,C8,129.934,129.997,131.161,131.672,131.671,132.553,130.922,131.958,129.635,130.689,130.984,131.769,131.94,133.456,129.565,130.518,130.51,130.199,133.003,131.515
27,H1',6.698,6.635,6.706,6.662,6.609,6.456,6.542,6.453,6.785,6.775,6.656,6.547,6.77,6.64,6.634,6.632,6.652,6.791,6.465,6.478
27,H2,7.909,7.935,7.551,7.846,7.945,8.017,8.18,7.813,8.038,8.029,7.804,7.667,7.73,7.989,7.709,8.037,7.967,7.875,7.939,7.933
27,H2',5.482,5.438,5.417,5.332,5.645,5.4,5.608,5.26,4.505,5.08,5.759,5.126,5.737,5.983,6.117,6.057,5.439,4.915,5.496,5.72
27,H3',4.337,4.312,4.882,5.39,5.234,5.096,4.862,5.01,5.08,4.802,4.623,5.114,4.981,5.149,4.349,4.427,4.691,4.865,5.1,5.074
27,H4',5.018,4.941,4.635,4.747,4.746,4.758,4.809,4.631,4.534,4.479,4.79,4.521,4.822,4.941,4.983,4.836,4.653,4.665,4.913,4.882
27,H5',4.594,4.42,4.963,4.342,4.381,4.279,4.727,4.411,4.717,4.71,4.476,4.716,4.779,4.675,4.513,4.577,4.714,4.659,4.405,4.312
27,H5'',4.278,4.242,4.089,4.285,4.277,4.296,4.18,4.255,4.154,4.202,4.271,4.279,4.083,4.268,4.212,4.331,4.126,4.138,4.259,4.212
27,H61,9.335,7.572,8.559,9.25,8.208,7.816,9.549,9.432,7.588,9.133,8.334,6.289,7.616,8.739,9.288,9.138,8.949,9.051,7.227,9.453
27,H62,5.67,5.895,5.764,5.456,5.248,5.499,5.493,5.344,6.555,6.096,5.634,7.309,7.653,7.714,5.806,5.622,5.48,5.594,5.706,5.496
27,H8,7.346,6.995,7.857,8.124,7.791,8.053,7.879,7.791,7.37,7.427,8.056,7.748,7.476,8.472,7.049,7.354,7.5,7.507,7.799,7.775
27,HO2',3.263,3.234,3.505,3.117,3.15,3.13,3.312,2.941,4.418,3.239,3.55,4.145,3.17,3.074,3.36,3.578,4.108,4.52,2.947,3.156
27,N1,211.501,213.647,214.591,208.936,208.947,208.668,210.58,208.537,217.675,215.168,213.093,214.953,213.974,213.777,213.158,213.671,211.26,209.338,213.762,209.468
27,N3,213.12,220.083,216.856,212.707,213.413,215.608,216.494,213.619,212.57,215.406,218.173,216.258,223.551,209.435,217,215.926,216.702,212.175,217.02,214.557
27,N6,82.594,81.639,81.506,84.613,83.517,81.761,83.689,86.58,87.411,87.566,82.91,83.208,83.536,92.539,82.425,81.794,80.143,86.044,80.063,87.833
27,N7,227.643,232.373,225.07,228.14,227.043,222.75,224.327,226.313,232.478,233.111,226.976,235.349,228.747,229.274,230.464,226.149,226.67,226.773,221.257,222.355
27,N9,173.441,173.748,172.413,174.924,171.939,172.066,174.596,173.218,175.792,174.783,171.163,174.106,173.504,171.785,172.396,172.088,173.67,174.488,171.589,171.509
27,P,-17.451,-19.082,-17.819,-20.353,-19.259,-17.282,-17.162,-17.38,-18.817,-19.219,-18.502,-17.151,-19.814,-19.761,-16.361,-15.8,-17.97,-18.368,-18.152,-19.603
28,C1',95.354,94.726,97.593,95.471,96.026,95.095,96.447,96.728,95.929,97.895,97.181,97.064,95.967,96.042,97.17,93.287,97.452,96.728,95.002,96.133
28,C2,141.021,141.909,141.942,141.369,141.979,142.301,142.027,142.147,142.904,141.856,140.992,142.078,141.417,141.289,141.093,141.311,141.297,142.478,142.495,140.902
28,C2',74.799,75.901,75.376,73.695,74.873,75.889,76.155,76.779,76.693,74.316,73.635,76.718,75.76,75.042,74.197,74.908,76.034,77.146,76.43,74.089
28,C3',74.269,74.256,74.776,73.956,70.716,72.329,73.352,71.856,72.879,77.056,73.577,73.836,74.311,75.255,72.724,74.118,74.439,75.653,74.083,72.135
28,C4,145.5,145.405,144.989,145.032,145.191,145.78,145.607,145.873,145.559,145.717,146.314,145.845,144.973,145.96,145.797,144.981,145.92,145.573,145.642,145.855
28,C4',76.943,77.557,78.372,78.56,78.589,79.171,76.441,78.338,78.203,79.884,78.073,81.073,78.836,78.324,77.65,76.498,80.221,79.932,78.922,76.887
28,C5,112.938,115.926,114.488,114.584,113.414,113.15,114.976,112.853,113.405,112.758,114.042,113.187,114.212,115.406,113.47,115.771,114.578,113.921,113.926,114.421
28,C5',61.447,63.002,62.384,63.215,62.845,64.013,63.466,64.219,63.842,71.497,61.911,64.25,63.011,63.109,61.303,62.539,63.266,63.86,63.978,62.881
28,C6,150.356,151.036,149.958,148.89,150.337,150.555,150.746,149.381,150.772,149.794,149.234,149.414,150.101,149.645,150.917,150.257,151.448,150.801,149.878,150.368
28,C8,126.686,127.486,125.361,126.281,124.914,125.399,126.003,126.198,126.752,125.029,128.044,126.85,125.772,127.284,127.163,126.705,125.878,126.481,126.397,126.445
28,H1,12.311,12.732,12.449,12.089,12.685,12.446,12.723,12.119,12.56,11.919,11.755,11.985,11.604,11.959,11.781,12.668,10.707,12.615,12.086,11.431
28,H1',6.236,6.407,6.267,6.277,6.397,6.405,6.273,6.494,6.337,5.971,6.365,6.485,6.269,6.152,6.447,6.344,6.496,6.375,6.282,6.507
28,H2',5.561,5.367,5.092,5.676,4.831,4.895,5.134,5.09,4.498,5.582,5.402,5.194,5.032,5.23,5.708,5.364,4.953,4.805,5.165,5.199
28,H21,9.439,8.598,8.61,8.586,9.057,9.231,8.652,8.501,8.904,8.677,8.554,9.31,8.397,8.771,8.946,8.467,8.902,8.565,8.25,8.837
28,H22,5.212,5.154,5.112,5.237,5.162,5.226,5.103,5.167,5.197,4.836,5.164,5.101,5.134,4.771,5.166,5.365,5.182,5.022,5.064,5.244
28,H3',4.379,4.729,4.514,4.56,4.667,4.73,4.573,4.858,4.72,4.035,4.571,4.715,4.533,4.261,4.393,4.43,4.511,4.716,4.595,4.79
28,H4',4.601,4.727,4.638,4.767,4.528,4.789,4.432,4.687,4.423,4.708,4.626,4.632,4.596,4.698,4.632,4.703,4.68,4.585,4.813,4.578
28,H5',4.645,4.661,4.321,4.392,4.355,4.33,4.902,4.683,4.604,4.429,4.852,4.393,4.78,4.297,4.796,4.296,4.23,4.554,4.248,4.967
28,H5'',4.031,4.041,4.163,4.129,3.949,4.171,4.117,4.171,4.133,4.136,3.978,4.333,4.031,4.253,4.041,4.221,4.235,4.107,4.16,4.007
28,H8,6.426,7.215,6.589,6.913,6.459,7.066,6.582,7.196,7.103,6.465,6.775,7.477,6.576,6.668,6.601,6.619,7.053,7.376,6.872,6.888
28,HO2',3.123,3.031,3.194,2.998,4.297,2.894,3.765,3.355,3.235,3.205,3.102,3.618,3.298,3.21,4.11,2.822,3.114,3.292,3.037,3.074
28,N1,137.398,137.549,138.33,136.958,138.119,137.788,139.086,138.963,138.872,137.344,135.364,137.562,138.233,138.958,138.493,137.917,137.372,137.977,137.601,137.923
28,N2,74.56,73.382,72.544,76.78,70.317,73.932,70.05,78.176,71.576,76.575,70.597,75.326,75.776,73.264,74.801,72.677,76.173,72.503,74.171,76.827
28,N3,163.481,162.742,163.279,167.181,160.8,161.894,161.58,164.193,160.818,168.121,167.952,164.877,165.846,165.225,165.855,162.348,165.778,165.414,164.278,164.288
28,N7,233.516,231.73,231.269,233.15,237.359,235.842,232.911,232.681,236.769,232.898,229.098,235.514,231.632,231.744,232.006,232.415,235.982,231.9,232.874,234.194
28,N9,165.023,166.784,165.761,165.313,169.956,169.728,167.129,167.833,167.263,164.827,166.261,165.932,167.404,167.071,167.617,166.381,168.13,167.851,165.658,167.843
28,P,-18.898,-18.62,-17.636,-17.162,-20.265,-19.349,-17.49,-17.322,-18.13,-18.232,-18.027,-16.183,-17.917,-17.962,-19.543,-17.491,-18.674,-18.047,-17.614,-18.956
29,C1',98.125,99.953,99.602,96.565,95.52,98.014,99.963,96.287,100.482,98.613,94.79,98.173,95.057,95.745,99.933,99.199,99.236,98.015,100.245,97.223
29,C2,148.526,148.43,149.034,147.455,149.433,148.832,148.784,149.149,148.597,148.7,149.714,148.973,149.588,149.344,149.551,149.413,149.172,149.163,149.482,148.377
29,C2',75.143,75.409,75.852,73.77,75.844,74.628,76.415,76.673,76.945,75.826,78.718,77.351,78.454,78.175,75.13,74.137,75.628,75.5,76.968,76.706
29,C3',73.723,74.319,71.671,72.02,72.633,73.528,72.97,74.214,72.81,74.131,77.646,75.813,75.308,73.597,73.717,73.66,74.393,73.598,75.078,73.028
29,C4,150.499,149.145,148.349,148.291,148.589,148.895,149.098,149.335,148.894,149.501,148.346,148.876,148.931,148.575,149.049,149.452,148.723,148.058,149.748,149.022
29,C4',77.26,77.733,78.012,76.606,77.953,77.744,76.559,77.599,80.752,79.725,86.627,80.615,86.745,85.07,78.375,78.022,78.952,79.532,79.674,76.716
29,C5,92.964,91.79,91.76,91.519,91.949,90.332,91.973,91.754,91.116,91.177,93.642,90.893,95.049,95.074,92.116,91.853,89.737,90.5,91.808,91.889
29,C5',63.347,63.609,62.563,61.203,62.37,62.415,61.849,62.301,65.932,61.888,65.503,63.935,65.772,63.668,61.538,63.795,64.216,64.765,64.268,62.47
29,C6,137.028,136.503,135.766,135.121,134.411,135.264,135.557,135.77,135.471,137.097,135.794,134.983,135.989,134.725,136.905,137.028,136.128,136.092,136.404,134.908
29,H1',6.502,5.87,6.54,6.345,6.259,5.947,6.304,6.31,6.674,6.408,6.441,5.989,6.547,6.393,5.998,6.243,6.118,6.101,6.465,6.237
29,H2',3.559,4.395,4.691,5.137,4.804,5.07,4.478,4.21,4.203,4.417,4.603,5.401,3.981,4.054,4.859,4.977,4.806,5.048,4.524,4.321
29,H3',4.06,4.157,4.954,4.505,4.221,4.288,4.477,4.217,4.49,4.468,4.631,4.78,4.692,4.843,4.419,4.493,4.395,4.662,4.377,4.316
29,H4',4.154,4.436,4.447,4.55,4.572,4.256,4.312,4.474,4.522,4.358,4.828,4.488,4.546,4.495,4.393,4.745,4.486,4.744,4.458,4.378
29,H41,9.644,9.679,9.455,9.031,6.556,9.253,8.698,9.323,9.669,9.037,7.751,8.424,7.957,8.977,9.691,8.122,9.609,10.067,8.295,9.771
29,H42,4.964,4.888,4.764,4.799,4.928,4.985,5.138,5.068,5.112,5.198,4.495,4.599,5.056,4.691,4.951,5.169,4.948,4.715,5.266,4.994
29,H5,5.431,4.793,4.911,5.041,5.167,5.338,5.277,5.068,5.179,5.257,4.977,5.152,5.088,4.968,5.133,5.069,4.863,4.913,5.361,5.265
29,H5',4.061,4.004,4.851,4.765,4.372,4.769,4.72,4.76,4.294,4.552,4.793,4.368,4.708,4.778,4.666,4.198,4.562,4.193,4.144,4.541
29,H5'',4.298,4.254,4.025,4.023,4.161,4.097,4.014,4.053,4.078,4.045,4.115,4.258,4.358,4.314,4.13,4.226,4.048,4.328,4.331,4.17
29,H6,7.144,7.076,7.7,7.069,7.334,7.705,7.084,7.115,7.269,7.412,7.214,7.219,7.318,7.043,7.709,7.611,7.654,7.877,7.287,7.189
29,HO2',5.914,4.072,3.598,2.933,2.978,2.696,3.88,2.428,6.211,4.14,3.444,5.178,3.512,3,3.498,2.962,2.839,3.193,4.111,3.035
29,N1,157.148,152.478,157.133,150.246,153.652,154.428,155.182,155.238,157.092,157.184,149.956,150.952,154.289,151.604,151.262,155.296,152.535,152.821,156.599,154.664
29,N3,198.237,193.009,192.881,198.272,203.96,196.72,196.989,195.385,193.108,193.01,192.93,195.939,192.129,190.553,195.109,198.596,196.426,193.81,197.12,196.481
29,N4,83.55,87.151,93.097,86.217,85.123,89.551,89.558,88.689,89.738,87.259,90.441,91.859,92.051,92.919,89.668,85.47,86.797,89.792,85.402,87.838
29,P,-17.676,-18.33,-21.838,-18.489,-19.168,-18.199,-18.722,-19.41,-17.065,-18.089,-18.193,-17.593,-19.976,-20.984,-18.505,-18.553,-17.915,-17.376,-17.053,-17.734
30,C1',107.952,108.668,103.622,104.065,108.481,106.882,105.369,106.817,105.186,104.647,96.751,101.853,96.956,95.826,91.416,93.761,93.285,96.424,96.547,93.726
30,C2,149.913,149.232,150.091,150.182,149.995,149.606,150.814,150.197,150.264,150.628,147.223,150.796,149.199,149.594,150.788,150.442,148.994,149.71,148.771,148.562
30,C2',72.628,72.608,76.353,75.642,77.712,71.567,71.261,72.751,74.279,76.54,79.594,74.29,79.007,76.954,76.383,79.519,76.601,75.236,75.613,74.571
30,C3',72.785,71.817,74.443,73.56,75.919,70.062,70.253,69.895,73.931,75.283,70,76.416,71.883,73.174,81.007,76.601,81.874,75.325,73.521,74.463
30,C4,148.742,148.784,149.085,149.896,150.259,148.764,150.172,149.632,149.797,149.878,147.882,148.995,147.574,147.521,148.07,149.237,147.775,150.171,149.405,149.544
30,C4',80.989,79.605,77.164,77.586,79.66,77.75,77.815,80.355,79.658,79.421,84.882,80.578,82.273,86.728,83.762,84.545,83.829,76.765,79.068,78.071
30,C5,91.173,91.112,91.411,92.723,91.177,93.719,92.466,90.763,91.06,92.044,90.991,85.108,90.122,89.196,95.543,93.647,90.181,94.391,93.131,92.381
30,C5',63.477,62.945,63.997,64.072,63.764,59.818,63.41,63.709,63.545,64.988,63.669,66.291,64.25,65.567,67.38,65.849,65.617,63.684,66.24,62.48
30,C6,145.972,146.886,142.175,143.48,144.271,143.022,144.512,144.685,142.316,142.912,139.735,143.23,141.868,142.636,138.507,136.732,139.677,137.178,137.764,137.56
30,H1',6.161,6.009,5.777,5.58,5.768,5.831,5.861,5.957,5.75,5.775,7.345,6.482,7.414,7.838,7.239,7.074,7.168,6.29,6.742,6.646
30,H2',6.361,6.028,4.378,4.313,4.338,4.722,4.883,6.132,5.211,4.937,4.607,5.157,4.609,4.926,5.04,4.186,4.757,5.155,4.588,4.74
30,H3',5.642,6.34,5.494,5.405,5.252,5.65,6.169,6.11,4.839,5.05,5.215,4.341,5.435,5.3,4.696,4.631,4.834,4.553,5.012,4.856
30,H4',4.331,4.367,4.382,4.3,4.143,4.205,4.212,4.411,4.162,4.39,4.71,4.988,4.534,4.909,5.097,5.326,5.117,4.564,4.424,4.498
30,H41,5.37,5.364,5.347,5.42,5.489,5.095,5.39,5.246,6.128,5.446,5.431,5.356,5.479,5.445,7.932,8.891,7.583,10.037,9.923,10.41
30,H42,6.315,6.059,5.267,5.018,5.119,5.065,7.026,5.951,5.308,7.243,7.565,7.343,6.976,7.869,4.124,5.334,4.473,4.911,4.866,4.983
30,H5,6.13,6.209,5.223,5.992,5.524,4.623,6.183,6.107,5.316,7.493,6.132,6.007,6.099,5.953,5.28,5.231,5.181,5.522,5.49,5.615
30,H5',4.178,4.273,4.502,4.133,4.046,4.646,4.342,3.892,4.423,4.248,4.136,4.229,4.034,4.244,4.03,4.747,4.768,4.554,4.362,4.761
30,H5'',4.183,4.171,4.093,4.099,4.069,4.073,3.995,3.86,4.258,4.28,5.182,4.754,5.164,4.808,4.087,4.058,4.037,4.334,4.251,3.993
30,H6,8.124,8.199,7.886,7.713,7.967,7.802,8.201,8.146,8.054,8.119,7.95,8.36,7.88,8.144,7.932,7.99,8.202,7.97,7.766,8.045
30,HO2',5.739,3.506,3.195,3.265,2.898,5.867,4.55,4.608,2.832,4.946,4.221,4.77,7.206,3.582,2.685,3.306,3.947,2.558,3.277,5.237
30,N1,165.852,165.574,156.495,157.644,160.16,158.296,159.378,169.218,154.399,155.905,161.999,159.804,169.35,165.758,151.499,154.824,152.017,153.528,160.477,157.078
30,N3,200.973,198.74,197.441,198.525,200.052,199.45,201.693,205.615,211.468,206.533,203.186,200.909,211.104,205.191,198.133,196.048,203.151,194.534,195.714,192.261
30,N4,81.721,80.441,87.042,77.587,75.056,80.923,79.71,81.414,94.251,82.579,86.228,76.992,80.726,80.149,86.527,86.034,80.593,86.819,92.456,87.26
30,P,-19.37,-20.754,-19.092,-20.785,-19.516,-22.302,-22.319,-22.988,-16.427,-17.145,-17.301,-13.717,-17.565,-17.602,-19.977,-18.246,-20.214,-20.427,-15.296,-18.489
31,C1',96.484,95.665,96.277,96.122,98.02,98.424,95.129,97.023,92.44,89.869,91.001,87.974,89.358,89.013,94.433,91.398,95.599,91.668,94.332,93.998
31,C2,145.018,146.591,145.473,146.084,148.001,145.851,145.687,145.503,147.044,146.373,146.749,146.915,146.475,146.575,146.611,147.159,146.368,147.254,147.216,146.477
31,C2',75.444,76.232,75.575,74.356,71.914,75.002,78.024,75.322,80.374,77.924,77.046,79.1,77.293,74.83,78.553,76.612,78.761,78.092,77.877,79.272
31,C3',71.153,72.81,71.987,72.131,73.059,70.378,73.039,71.219,80.09,77.905,77.427,73.723,74.897,75.402,73.567,77.126,74.326,72.544,78.206,73.689
31,C4,155.482,155.222,154.646,154.701,155.284,154.849,154.638,154.071,155.452,154.774,155.143,154.765,154.858,154.444,154.639,154.904,154.966,154.233,154.839,155.166
31,C4',77.674,76.728,78.302,78.368,81.041,82.609,82.806,81.09,79.785,80.431,78.4,75.959,79.822,79.746,82.023,82.033,77.756,79.763,84.274,79.238
31,C5,103.821,102.852,102.587,103.896,105.108,103.685,104.71,102.88,100.734,102.066,102.619,102.214,102.61,104.765,103.588,102.706,101.9,103.017,102.95,101.644
31,C5',65.025,63.463,65.619,64.847,64.917,65.115,65.292,65.179,66.773,68.032,65.591,67.259,68.601,64.75,66.821,66.697,63.378,64.046,66.983,63.867
31,C6,137.182,137.161,136.105,136.489,138.282,137.167,138.027,135.999,139.665,137.716,137.552,138.186,138.209,138.284,137.936,139.294,139.123,138.286,139.13,138.627
31,H1',6.336,6.255,5.902,6.266,6.646,6.314,6.346,6.266,6.052,5.782,6.435,6.006,6.093,6.381,6.253,6.533,6.505,6.031,6.824,6.745
31,H2',3.539,4.1,3.432,3.689,3.198,4.072,4.119,3.378,4.111,4.181,4.547,3.971,4.22,4.63,3.955,4.529,4.659,4.03,4.49,4.732
31,H3,9.019,10.637,8.272,8.222,7.86,7.422,8.763,7.367,8.041,7.864,7.933,7.815,7.865,7.769,7.548,7.606,7.619,7.782,7.767,7.663
31,H3',4.363,4.662,3.975,4.427,4.389,4.512,4.667,4.454,4.353,4.269,4.424,4.338,4.543,4.241,4.548,4.587,4.512,4.722,4.775,4.505
31,H4',4.483,4.465,4.14,4.454,4.644,4.234,4.352,4.364,4.099,4.005,3.356,3.326,3.158,3.708,4.556,3.864,4.068,4.135,4.846,4.495
31,H5,5.913,5.993,5.803,5.952,5.93,6.017,5.961,5.868,6.138,6.086,6.145,6.203,6.155,6.172,6.072,6.096,5.958,6.099,6.061,6.069
31,H5',4.539,4.533,4.436,4.472,4.227,4.325,4.253,4.485,4.575,4.208,4.697,4.321,4.001,4.545,2.906,3.188,2.967,3.124,3.272,3.258
31,H5'',4.487,4.612,4.097,4.057,4.022,4.145,4.334,4.914,3.941,3.875,4.159,4.911,4.35,4.618,4.367,4.105,5.255,3.646,3.775,4.388
31,H6,7.641,8.065,7.974,7.722,7.055,7.797,7.679,7.974,8.733,7.974,8.058,8.005,7.94,8.017,7.761,7.893,8.054,7.792,7.983,8.129
31,HO2',4.563,2.805,2.394,4.359,5.805,5.513,4.106,4.672,3.021,2.554,2.362,2.794,2.558,2.242,3.602,3.134,3.34,2.699,2.556,3.396
31,N1,158.58,156.716,157.979,160.761,163.693,160.703,160.992,163.314,156.612,153.009,156.257,152.813,154.887,153.454,158.02,155.845,162.645,155.569,157.244,162.43
31,N3,165.261,167.857,162.776,164.079,160.329,162.561,166.271,158.743,161.033,159.566,157.291,159.729,158.721,158.948,161.177,161.622,160.16,159.099,160.616,161.232
31,P,-21.205,-18.627,-18.446,-19.823,-18.828,-18.321,-18.296,-17.086,-18.976,-18.166,-20.838,-20.899,-21.365,-21.011,-17.373,-20.28,-16.348,-19.272,-19.024,-19.499
32,C1',87.178,93.346,96.394,88.412,92.557,88.036,91.548,92.281,94.04,97.333,96.183,93.097,94.338,93.796,96.14,97.181,97.602,96.336,98.377,95.151
32,C2,141.794,141.501,141.394,141.413,140.67,142.107,140.996,141.843,142.377,141.35,141.969,141.367,141.647,142.024,142.013,140.288,140.847,139.37,140.625,139.958
32,C2',72.036,75.934,73.774,74.759,77.908,73.494,75.42,79.74,79.212,76.936,78.005,76.995,77.15,76.204,75.459,76.938,76.586,69.392,73.542,72.032
32,C3',77.951,82.349,81.483,79.976,77.961,81.189,76.516,73.798,75.427,76.903,75.592,75.761,73.777,75.564,71.952,73.28,71.583,72.181,72.185,72.008
32,C4,148.305,146.945,146.869,148.297,148.844,149.31,149.317,145.234,148.693,146.873,146.035,146.273,146.423,146.575,147.575,147.878,148.086,146.354,147.761,146.884
32,C4',81.299,84.353,85.299,81.903,81.896,81.427,83.826,80.59,80.016,85.814,79.369,81.229,78.933,77.791,77.561,81.556,78.794,78.145,80.89,78.232
32,C5,115.751,114.667,115.884,115.901,113.751,114.981,115.266,113.004,114.293,112.901,114.287,113.808,113.207,113.049,114.912,115.407,115.43,117.179,116.774,115.105
32,C5',65.746,66.751,65.354,62.57,63.901,65.984,65.015,62.941,67.534,67.072,66.073,65.554,66.549,64.248,62.132,66.538,61.329,61.438,63.068,60.661
32,C6,151.495,150.137,150.64,150.666,148.568,150.221,150.198,149.017,149.189,148.317,149.44,149.239,148.927,148.109,148.586,148.923,148.72,149.013,150.022,148.67
32,C8,127.329,133.004,132.367,129.225,127.774,127.725,128.94,132.286,131.486,134.95,132.194,133.092,132.552,133.63,133.549,133.344,133.031,131.767,130.819,132.144
32,H1,7.75,7.722,7.463,7.745,7.165,7.707,7.765,7.521,7.238,7.144,7.148,6.992,7.072,7.13,7.49,7.498,7.795,7.305,7.608,7.546
32,H1',6.263,6.645,6.658,6.262,6.142,5.977,6.234,6.512,6.667,6.805,6.293,6.363,6.394,5.967,6.074,6.438,6.486,5.378,5.577,6.004
32,H2',4.857,4.907,5.432,4.969,4.794,4.726,4.744,4.739,4.848,5.156,4.957,5.102,4.843,5.087,5.283,5.359,5.034,4.104,3.62,4.056
32,H21,5.228,5.045,5.18,5.319,4.922,5.268,5.295,5.122,4.906,4.906,4.856,4.785,4.913,4.967,5.164,5.492,5.109,4.786,5.187,4.97
32,H22,5.662,5.478,5.49,5.547,7.859,8.856,5.437,5.495,5.383,5.251,4.924,5.19,5.107,4.95,5.216,5.099,5.028,4.974,4.876,4.865
32,H3',4.665,4.703,5.005,4.304,4.348,4.428,4.374,4.749,5.075,5.407,5.023,4.97,5.07,4.815,5.933,5.517,5.649,5.526,5.276,5.145
32,H4',4.553,4.663,5.09,2.967,3.797,3.91,3.047,4.307,3.479,3.276,3.319,4.303,3.642,4.479,4.938,4.882,5.261,4.628,4.469,4.692
32,H5',3.441,2.727,3.419,3.695,3.45,4.077,3.112,3.316,3.414,3.271,3.422,3.868,3.326,3.34,4.751,4.316,5.846,3.969,4.581,4.87
32,H5'',3.687,3.891,3.729,4.01,4.291,3.99,4.153,4.502,4.492,4.257,4.938,4.434,4.689,4.659,4.209,4.346,4.983,4.117,4.068,4.173
32,H8,7.586,8.06,7.898,7.681,7.92,7.562,7.703,7.74,7.524,7.614,7.578,7.548,7.529,7.455,7.815,7.952,8.069,7.501,7.281,7.434
32,HO2',2.818,2.92,2.528,2.946,3.134,3.087,3.034,3.31,5.454,3.917,4.054,3.333,4.625,2.906,4.512,4.907,4.2,3.344,4.783,2.688
32,N1,137.927,136.909,137.769,136.05,136.086,134.406,137.729,136.792,137.709,134.561,139.031,137.952,137.074,135.762,135.831,134.915,133.359,133.27,135.255,133.412
32,N2,63.816,64.505,63.486,63.762,79.385,68.674,66.231,64.639,63.991,65.02,65.853,65.391,62.254,61.27,65.126,65.644,66.765,64.375,63.382,66.319
32,N3,160.919,158.324,158.807,162.993,160.329,163.177,163.152,157.034,169.233,164.916,164.781,164.751,162.6,164.785,168.407,168.968,171.235,168.931,174.756,168.391
32,N7,243.652,242.401,231.144,242.204,236.33,243.582,239.933,235.736,230.806,229.674,228.97,229.661,230.699,228.683,229.607,232.265,232.941,239.325,236.846,239.946
32,N9,166.716,168.961,172.17,166.005,171.893,165.054,170.273,175.027,178.977,177.515,177.418,177.864,179.048,179.053,176.224,177.228,175.702,175.025,175.456,175.185
32,P,-16.247,-20.87,-22.411,-20.094,-20.787,-20.93,-20.85,-19.641,-15.792,-20.041,-19.541,-18.378,-16.412,-19.787,-19.982,-16.239,-17.94,-20.669,-16.509,-18.063
33,C1',88.254,94.04,88.622,91.331,91.557,92.626,93.191,92.84,90.041,90.054,95.048,92.2,97.164,92.397,94.959,92.636,93.954,96.026,95.869,94.306
33,C2,141.163,142.387,141.73,141.523,142.269,141.073,141.758,142.488,143.194,140.864,143.161,142.996,145.142,142.959,141.201,141.309,140.897,139.879,140.31,140.496
33,C2',73.816,76.503,74.838,79.322,78.055,77.867,77.417,75.305,77.745,80.145,77.813,77.442,78.951,76.022,80.893,80.648,81.081,72.225,78.597,73.763
33,C3',72.576,69.982,74.2,75.699,75.094,76.563,74.595,77.336,76.974,76.546,75.95,75.363,78.433,74.203,79.779,79.249,78.76,77.258,72.812,78.221
33,C4,146.994,148.62,147.368,146.027,146.369,146.57,145.88,148.602,145.799,145.373,148.708,147.507,148.79,147.579,147.394,147.162,147.334,146.225,147.077,145.829
33,C4',81.064,79.522,83.195,79.225,78.86,81.866,80.783,84.719,79.9,79.85,84.042,80.576,85.485,80.722,79.173,80.049,80.412,83.004,76.945,81.479
33,C5,114.596,112.116,116.303,113.098,113.64,113.449,112.957,116.43,111.768,112.603,113,114.871,114.018,115.294,113.777,113.144,114.614,113.033,115.318,112.355
33,C5',64.849,63.414,65.758,64.49,63.602,64.162,63.058,63.954,61.55,64.782,62.634,61.495,64.544,59.49,66.867,67.22,67.301,66.373,62.626,66.371
33,C6,150.708,149.434,151.089,149.18,150.235,148.788,149.079,151.675,149.677,149.485,147.754,149.751,149.032,149.177,149.376,149.438,148.691,147.53,147.023,147.011
33,C8,128.803,129.745,130.462,133.204,134.129,136.513,133.854,128.269,133.411,132.607,133.873,130.232,134.158,130.219,131.947,129.256,131.052,137.092,133.31,136.96
33,H1,7.174,7.342,7.341,7.305,7.539,7.395,7.328,7.221,7.706,8.741,7.525,7.366,7.384,7.389,7.452,7.345,7.032,6.839,6.904,6.863
33,H1',5.833,5.779,6.007,6.271,6.55,6.429,6.411,6.252,6.95,6.493,6.323,6.65,6.608,6.809,6.09,5.98,6.104,6.18,5.729,5.884
33,H2',4.726,4.443,4.784,4.633,4.861,5.019,5.044,4.906,5.305,4.885,4.908,5.346,5.004,5.146,4.189,4.501,4.391,5.788,4.467,5.107
33,H21,4.956,5.137,4.967,4.716,4.974,5.021,4.888,4.731,7.506,6.135,5.017,4.733,4.668,4.826,5.345,5.05,4.994,4.876,4.793,4.848
33,H22,6.434,6.737,5.245,5.147,5.462,5.276,5.159,5.331,7.513,6.778,6.295,7.821,6.344,7.906,5.467,5.469,5.531,4.837,4.928,5.004
33,H3',4.535,4.556,4.823,4.728,5.02,5.014,4.875,4.214,5.306,5.155,5.098,5.25,4.949,5.205,4.489,4.499,4.549,4.814,5.81,4.677
33,H4',3.093,2.707,3.936,3.009,3.288,3.925,3.58,4.12,4.737,5.204,3.289,4.149,4.726,4.352,4.221,4.31,3.951,3.47,3.942,4.766
33,H5',3.99,4.29,4.445,3.977,4.156,2.578,3.171,3.405,3.959,3.871,3.651,3.555,4.38,4.894,4.107,4.036,4.094,3.308,4.194,3.818
33,H5'',4.771,4.93,5.267,4.307,4.72,4.083,4.224,3.577,5.233,4.496,4.833,3.55,4.183,4.672,4.206,4.134,4.288,3.915,4.462,3.987
33,H8,7.856,7.673,7.952,7.596,7.674,7.53,7.547,7.944,7.707,7.679,7.697,7.455,7.745,7.474,7.924,8.076,8.243,8.002,7.667,8.042
33,HO2',2.743,2.662,3.417,3.148,3.333,3.767,3.504,5.292,3.819,3.602,8.165,3.311,6.883,4.763,2.881,2.843,2.948,3.648,3.189,3.822
33,N1,138.206,133.375,137.935,138.108,139.257,136.555,135.198,136.832,140.079,140.951,137.551,139.757,145.044,139.694,139.703,136.222,138.42,133.642,135.919,134.882
33,N2,81.34,72.113,65.603,66.571,66.738,62.115,64.292,65.887,81.202,76.31,76.367,76.099,76.978,70.286,58.018,62.591,59.164,62.842,66.184,59.289
33,N3,156.529,164.607,163.348,163.734,163.499,163.216,164.478,164.223,159.946,156,158.144,161.483,157.166,165.56,164.553,161.56,162.336,158.769,171.33,155.574
33,N7,233.514,233.909,232.433,232.522,233.449,225.34,231.001,235.256,228.143,238.568,223.026,230.14,224.643,230.996,234.598,234.125,238.777,229.945,233.039,233.838
33,N9,167.769,171.047,168.054,178.131,177.974,177.642,178.906,170.679,177.272,176.286,184.872,176.889,185.765,175.732,169.401,172.209,170.029,165.757,175.218,167.215
33,P,-20.516,-19.566,-19.685,-18.137,-21.048,-21.932,-19.883,-20.288,-19.044,-18.867,-20.223,-20.748,-20.478,-21.991,-15.652,-15.863,-15.29,-20.705,-20.763,-19.01
34,C1',92.774,94.359,92.054,95.409,94.563,94.645,92.543,93.133,98.522,93.188,92.413,93.698,94.313,95.508,91.935,94.387,95.363,93.675,87.385,88.505
34,C2,140.403,140.574,141.455,140.278,140.209,139.697,139.673,141.048,141.551,141.636,140.161,140.113,141.335,141.344,143.732,143.66,142.873,142.72,142.53,142.402
34,C2',74.767,76.347,72.964,72.102,72.741,71.224,78.164,78.612,75.618,74.924,77.361,76.257,75.055,72.372,76.962,77.208,77.377,74.359,75.888,73.937
34,C3',74.976,76.19,73.117,70.849,72.715,72.093,74.391,72.326,75.378,75.334,81.678,79.652,75.831,75.286,73.724,74.558,72.85,73.725,77.357,78.264
34,C4,145.951,145.904,146.711,148.045,148.565,146.406,146.358,145.412,146.383,144.8,149.59,148.944,146.452,146.366,145.792,146.947,145.724,145.755,147.87,147.78
34,C4',81.525,79.793,78.589,78.842,77.951,81.207,83.46,82.597,80.549,78.52,83.608,83.424,81.477,79.911,81.913,84.809,84.268,78.485,82.98,86.264
34,C5,112.996,112.163,111.597,112.614,112.399,112.042,110.632,110.908,114.52,111.005,114.742,113.322,114.047,112.102,112.135,112.156,111.971,112.503,113.932,115.22
34,C5',68.733,65.133,66.438,61.978,63.323,63.777,63.33,66.629,68.932,66.158,65.111,66.72,66.049,63.931,63.866,64.951,65.274,63.727,68.738,67.085
34,C6,146.755,147.929,147.363,148.822,147.981,148.417,147.454,146.857,149.66,148.731,147.404,147.648,148.315,147.416,148.433,149.351,149.771,149.862,150.296,149.924
34,C8,133.65,134.229,131.108,130.998,133.556,131.769,135.452,132.717,126.631,128.047,131.571,130.808,131.23,130.353,129.73,128.745,128.656,127.975,128.584,126.481
34,H1,7.319,7.707,7.165,6.893,6.789,8.216,8.385,7.196,7.66,7.569,8.772,7.145,9.437,7.603,11.589,11.854,11.724,11.899,11.46,12.855
34,H1',5.963,6.436,6.402,6.898,6.836,7.072,6.303,6.695,6.034,6.02,6.089,6.139,5.537,5.244,6.518,6.771,6.728,6.448,6.795,6.936
34,H2',4.762,5.116,6.887,6.102,6.446,6.279,5.836,5.016,5.332,5.527,5.47,5.427,4.918,4.736,5.433,5.296,5.186,4.936,4.453,4.854
34,H21,4.669,4.605,4.693,7.647,7.007,6.687,5.063,5.098,4.969,5.221,4.802,4.817,4.262,4.927,9.391,8.538,8.412,8.114,7.093,8.28
34,H22,5.104,4.925,4.94,5.329,5.152,5.202,5.065,5.219,6.403,5.364,4.678,4.753,4.839,4.695,5.066,5.153,7.02,4.915,5.23,4.892
34,H3',5.028,5.326,5.445,5.397,5.594,5.639,5.522,5.331,4.604,4.491,4.567,4.619,5.321,4.916,5.616,5.307,5.524,5.109,4.475,4.962
34,H4',4.331,4.239,4.747,4.657,4.755,4.562,4.897,4.864,4.483,4.406,5.338,5.263,4.583,4.255,4.707,4.736,4.806,4.266,4.849,4.89
34,H5',4.076,3.93,4.435,4.189,4.376,3.942,4.003,4.315,4.43,4.649,4.135,4.087,3.912,4.299,3.631,3.941,3.843,3.986,4.282,4.06
34,H5'',3.963,3.847,4.136,3.88,3.86,4.13,5.007,4.656,4.154,4.178,3.941,3.855,3.944,3.731,4.051,4.501,4.29,4.026,3.512,4.225
34,H8,7.435,7.607,8.093,8.17,8.612,7.709,8.502,7.599,6.852,7.302,7.83,7.855,7.392,7.355,7.333,7.353,7.336,7.558,7.804,8.101
34,HO2',1.316,2.405,3.086,3.203,2.981,3.376,2.956,4.711,3.53,4.884,6.309,4.635,3.34,2.651,2.808,3.08,2.923,1.764,4.145,4.497
34,N1,134.397,136.419,133.754,131.304,132.056,132.381,135.962,134.213,138.94,138.268,136.695,135.614,138.368,135.397,137.907,138.824,137.594,141.375,139.735,140.564
34,N2,62.253,63.183,63.682,70.638,72.323,69.489,66.29,67.745,71.671,64.619,71.239,66.2,63.665,66.011,66.07,64.718,80.517,70.178,66.084,69.978
34,N3,170.653,167.401,170.549,165.242,170.518,164.018,176.262,167.357,165.031,158.671,169.095,165.058,164.575,173.816,166.018,167.717,163.115,162.35,169.117,165.447
34,N7,232.936,226.519,238.059,230.825,229.192,236.547,231.939,234.117,234.653,241.738,225.976,232.262,229.67,228.466,233.741,235.894,228.654,238.237,237.014,237.396
34,N9,175.827,178.027,176.629,179.223,178.937,177.372,173.302,175.045,166.584,171.666,177.842,175.712,175.937,175.278,173.199,174.155,175.265,177.528,165.667,166.98
34,P,-20.095,-20.665,-18.107,-20.442,-20.755,-19.292,-17.671,-16.379,-20.811,-21.121,-19.634,-22.886,-20.152,-23.272,-18.611,-20.034,-19.049,-17.657,-18.626,-18.804
35,C1',98.183,100.409,94.547,95.924,96.068,99.761,87.672,96.341,95.249,99.637,90.892,92.625,95.669,93.328,96.715,96.928,94.776,98.992,96.024,97.128
35,C2,147.924,147.35,147.701,147.797,147.698,149.558,151.349,149.575,147.806,148.775,149.381,147.233,147.902,148.128,147.282,148.501,149.138,147.008,149.847,149.28
35,C2',75.62,76.273,73.822,74.203,73.248,82.22,73.522,76.25,75.557,76.032,78.888,73.347,73.02,74.733,76.689,78.797,76.905,76.545,75.686,76.331
35,C3',74.036,72.188,75.306,73.942,74.436,78.241,74.477,73.817,70.448,74.565,73.483,75.881,77.905,75.639,75.332,75.253,75.274,76.341,72.84,74.16
35,C4,144.783,144.717,145.33,145.01,144.756,143.747,145.583,144.484,146.726,145.718,145.426,146.227,145.61,146.553,144.187,144.258,144.512,146.014,143.978,144.16
35,C4',83.761,85.592,84.158,83.91,83.332,90.801,85.763,92.807,84.815,88.441,84.762,83.401,86.685,89.068,80.486,78.675,77.74,84.28,77.187,78.264
35,C5,113.553,112.768,113.835,113.101,113.221,112.184,112.136,111.378,112.578,112.87,111.773,113.615,113.432,112.608,113.846,112.672,112.487,112.801,112.418,111.935
35,C5',64.008,66.982,66.338,66.401,65.002,69.727,67.323,70.337,66.493,65.791,66.839,68.611,67.845,66.294,65.572,65.112,64.324,65.393,63.373,62.344
35,C6,143.323,143.528,143.513,143.225,143.473,143.227,143.394,143.329,143.271,143.271,143.139,143.741,143.036,142.938,143.357,143.133,143.106,142.484,143.579,143.515
35,C8,140.071,139.193,138.754,137.072,137.801,134.927,132.314,136.746,137.759,135.175,133.834,137.836,137.848,136.678,137.858,135.533,133.996,140.613,133.361,132.935
35,H1',7.023,6.941,6.465,6.581,6.444,6.976,6.592,7.015,6.236,6.62,6.935,6.589,6.552,6.437,6.897,6.995,6.775,6.804,7.088,6.852
35,H2,8.685,8.724,8.593,8.564,8.585,8.567,8.601,8.65,8.547,8.675,8.539,8.562,8.544,8.353,8.509,8.537,8.642,8.674,8.506,8.562
35,H2',7.041,6.286,5.569,5.064,5.225,4.417,4.729,5.506,5.824,4.946,4.966,6.282,5.1,5.422,6.205,5.42,5.582,6.294,5.207,5.041
35,H3',4.963,5.562,5.296,5.141,5.134,5.525,5.425,5.956,5.301,4.958,5.026,4.93,5.232,5.083,4.498,4.491,4.497,4.76,4.958,4.83
35,H4',4.884,4.992,4.954,4.969,5.014,5.072,4.819,4.986,4.815,5.223,5.143,5.309,4.981,4.934,4.656,4.641,4.785,5.065,4.476,4.372
35,H5',4.385,4.263,3.846,4.226,4.072,4.432,4.096,3.991,4.381,4.563,4.383,4.235,4.339,4.239,4.929,4.886,5.07,4.606,4.544,4.436
35,H5'',4.399,4.801,4.667,4.388,4.416,4.583,4.875,5.063,5.512,4.806,4.931,4.713,4.48,4.419,4.299,4.463,4.417,4.197,4.368,4.422
35,H61,6.064,6.079,5.985,5.969,6.05,6.014,6.026,6.087,6.054,6.002,6.199,5.993,5.962,5.907,6.047,6.035,6.049,5.935,6.011,6.089
35,H62,5.737,5.743,5.964,5.853,5.81,5.904,5.899,5.804,5.969,5.859,6.023,5.8,5.808,5.835,5.667,5.809,5.926,5.846,5.945,5.87
35,H8,8.71,8.418,8.339,8.233,8.3,8.405,8.54,8.09,8.433,8.401,8.252,8.472,8.38,8.467,8.523,8.563,8.292,8.742,8.157,8.182
35,HO2',3.816,4.06,3.177,2.753,3.056,3.259,3.19,3.5,3.373,3.514,3.451,3.042,2.321,4.104,3.613,3.439,3.078,5.671,4.267,3.998
35,N1,219.565,221.502,221.799,218.516,220.549,215.947,215.276,216.031,219.89,217.347,213.717,218.91,218.991,215.349,218.895,216.196,215.738,221.559,214.498,215.513
35,N3,224.237,224.93,225.324,225.569,226.718,216.779,213.467,214.872,227.184,227.72,214.806,230.957,234.364,230.235,222.704,217.653,218.473,227.274,211.721,214.161
35,N6,74.146,75.186,77.846,76.957,76.814,79.564,81.18,77.399,79.189,77.241,77.565,78.996,75.715,76.552,74.115,77.204,77.886,76.124,79.235,79.235
35,N7,221.992,220.142,220.375,219.896,219.768,217.798,224.828,215.861,223.52,221.28,222.759,223.146,220.481,221.498,215.463,218.471,219.221,217.772,220.078,221.521
35,N9,173.069,175.643,169.676,172.549,171.289,178.549,175.692,181.024,173.265,176.532,175.8,172.092,171.055,176.256,173.891,174.772,175.942,176.785,179.896,178.813
35,P,-18.114,-19.475,-15.374,-19.27,-20.233,-21.575,-21.425,-18.955,-15.426,-20.86,-22.003,-23.604,-17.141,-18.397,-16.711,-19.285,-19.192,-17.424,-23.176,-22.29
36,C1',96.76,96.141,93.197,98.897,100.114,96.186,96.69,93.127,97.793,95.522,96.157,96.191,97.982,98.014,96.316,97.472,95.565,97.244,94.734,98.093
36,C2,141.353,140.939,141.309,142.135,141.704,140.976,140.907,141.981,142.373,141.491,141.496,141.184,140.705,140.64,141.305,140.835,141.55,141.674,141.415,141.697
36,C2',73.501,75.349,75.085,74.074,75.284,74.153,75.823,75.424,76.366,73.371,74.886,74.153,78.029,75.597,74.411,74.052,75.087,74.591,75.24,73.159
36,C3',76.123,72.517,74.783,76.647,76.35,73.901,72.262,75.348,73.248,74.484,74.79,74.596,74.549,74.609,71.886,70.978,71.969,81.822,74.037,74.832
36,C4,144.179,144.208,144.746,146.176,148.055,145.916,145.313,145.37,147.188,145.738,146.337,145.992,146.15,145.121,145.418,145.801,144.63,144.672,144.974,145.677
36,C4',78.488,79.728,78.536,83.855,84.923,82.413,78.448,76.829,78.041,77.829,77.751,80.357,79.8,80.294,80.024,79.62,78.454,78.894,78.378,78.688
36,C5,116.025,113.807,115.747,113.32,114.024,112.991,114.245,114.006,112.354,115.499,112.558,114.488,112.281,112.16,113.78,114.386,114.74,114.293,113.444,113.255
36,C5',60.983,62.505,60.592,66.072,66.238,60.333,62.552,61.621,60.396,64.171,60.168,60.792,64.269,61.697,62.825,62.869,61.887,66.822,60.324,59.711
36,C6,149.647,150.6,150.803,149.641,150.883,149.972,151.921,150.342,151.656,152.227,148.96,149.191,150.676,149.503,150.115,151.852,150.679,149.948,150.937,150.621
36,C8,129.08,126.322,129.918,128.598,128.539,132.51,129.467,127.012,126.582,128.542,129.359,130.556,130.065,130.697,129.26,128.464,129.016,127.13,128.317,126.926
36,H1,11.986,12.495,12.359,12.23,10.241,11.923,12.431,12.421,12.268,12.456,11.533,11.623,10.905,11.311,12.467,11.641,12.271,12.818,12.039,12.688
36,H1',6.35,6.408,5.558,6.169,6.139,6.199,5.334,5.922,5.848,5.226,6.609,6.563,6.451,6.26,6.09,6.148,5.947,5.798,6.202,6.282
36,H2',5.461,5.508,5.415,5.895,5.76,5.983,5.089,5.189,4.316,5.688,5.211,5.75,4.502,5.327,5.271,5.05,5.203,5.301,4.954,5.022
36,H21,6.807,8.431,8.59,8.441,7.774,8.164,9.062,8.794,8.056,8.82,9.07,8.644,8.858,8.548,8.758,8.249,8.885,7.83,8.161,8.562
36,H22,5.091,5.351,5.202,5.025,4.922,5.209,5.004,5.311,5.308,5.045,4.908,5.081,4.588,4.803,5.19,4.995,5.183,4.979,4.95,5.004
36,H3',4.465,4.68,4.687,4.054,4.282,4.844,4.744,4.765,4.393,5.066,5.25,4.781,4.827,4.624,4.725,4.706,4.787,4.316,4.58,4.46
36,H4',4.585,4.669,4.641,4.646,4.698,4.496,4.316,4.74,3.961,4.671,4.696,4.705,4.476,4.595,4.249,4.342,4.521,4.248,4.58,4.375
36,H5',4.385,4.166,4.846,4.387,4.216,5.195,4.868,4.303,4.942,4.128,4.41,4.448,4.619,4.862,3.983,3.993,4.027,3.853,5.322,5
36,H5'',3.895,3.914,4.407,3.187,3.461,4.055,4.363,4.36,4.113,4.041,4.13,4.1,4.056,4.105,3.937,4.042,4.076,4.053,4.057,4.459
36,H8,7.792,7.679,7.071,6.197,6.379,7.217,7.899,7.763,7.066,7.366,8.379,8.23,8.281,8.391,7.203,6.983,7.272,6.576,7.529,7.185
36,HO2',3.534,3.12,3.317,3.349,3.221,3.314,3.452,3.026,5.115,3.029,3.204,3.227,3.395,3.103,2.55,3.697,2.933,2.683,2.881,2.868
36,N1,139.956,138.313,142.331,137.19,137.701,143.118,137.976,139.908,139.768,139.09,140.441,139.717,135.923,138.322,138.465,139.4,138.539,138.385,138.589,136.288
36,N2,69.769,73.385,72.383,72.511,73.237,73.482,70.663,70.639,70.794,71.274,75.76,72.089,77.967,74.608,75.682,72.912,75.113,68.287,69.077,72.381
36,N3,164.669,160.936,164.758,166.466,164.338,164.346,162.239,164.417,169.428,166.623,162.466,161.051,161.575,161.545,163.904,167.524,166.178,161.004,162.048,163.162
36,N7,229.577,228.99,230.725,233.517,236.167,224.35,230.094,236.935,233.373,239.03,227.785,231.489,228.027,229.685,229.579,227.87,229.494,233.277,237.27,233.547
36,N9,165.257,168.3,164.399,164.519,165.639,165.548,166.837,165.873,169.399,164.544,169.204,166.191,170.474,170.037,167.226,167.907,167.256,167.688,166.507,168.631
36,P,-19.037,-20.708,-20.094,-20.118,-20.924,-20.274,-20.631,-21.511,-18.891,-20.282,-19.555,-17.902,-18.306,-19.13,-21.56,-18.92,-19.771,-21.492,-22.183,-21.602
37,C1',96.021,95.641,99.118,97.381,97.596,98.928,96.942,97.39,96.873,94.769,95.595,98.731,96.684,100.807,98.276,97.649,98.473,96.904,94.866,98.938
37,C2,147.29,148.284,147.146,149.378,149.715,149.003,148.979,148.695,148.814,149.139,148.656,148.559,150.043,150.582,148.629,148.492,148.314,147.424,149.329,149.444
37,C2',74.178,76.052,74.963,75.161,76.006,76.156,76.214,76.155,76.1,76.03,75.922,76.464,77.216,76.002,76.754,75.413,75.935,75.398,75.932,75.984
37,C3',72.23,73.823,72.316,72.746,72.465,72.834,73.087,75.927,72.601,73.967,72.421,72.566,74.225,74.338,72.93,72.879,71.825,72.922,73.603,73.819
37,C4,148.187,149.21,148.167,148.751,148.535,149.051,148.396,148.52,147.079,148.49,149.278,148.67,148.101,149.158,149.347,148.845,149.515,147.042,147.299,148.554
37,C4',78.779,77.264,80.207,79.177,78.32,79.542,78.726,78.246,77.628,77.922,77.289,80.409,81.066,81.884,78.725,78.135,76.56,80.196,77.366,78.422
37,C5,91.336,93.417,89.497,91.332,91.013,90.207,92.67,91.017,94.78,93.27,93.434,91.498,92.76,90.16,92.105,92.771,92.555,92.461,93.229,93.116
37,C5',63.39,62.758,64.429,64.051,62.752,63.214,62.149,63.87,64.345,64.13,62.948,64.233,65.291,62.929,62.616,62.597,61.936,63.622,64.101,62.121
37,C6,135.855,135.796,137.446,137.033,137.123,137.325,135.671,138.053,135.951,137.464,135.923,136.68,137.71,135.511,134.443,135.244,136.087,135.609,136.366,139.235
37,H1',6.361,6.295,6.283,6.158,6.177,6.341,6.135,6.025,6.446,6.21,6.456,6.035,6.508,6.22,6.321,6.294,6.488,6.37,6.341,6.31
37,H2',5.209,4.931,5.458,5.482,5.408,5.075,5.099,5.241,5.168,5.359,5.268,5.695,5.505,4.634,4.657,4.762,4.869,5.196,5.169,5.298
37,H3',4.719,4.668,4.769,4.659,4.769,4.513,4.657,4.532,4.614,4.694,4.547,4.585,4.698,4.499,4.707,4.656,4.747,4.81,4.587,4.736
37,H4',4.726,4.701,4.834,4.843,4.831,4.715,4.82,4.777,4.42,4.881,4.876,4.88,4.805,4.45,4.816,4.717,4.535,4.732,4.743,4.676
37,H41,8.013,9.333,9.437,9.695,8.64,9.215,8.875,9.342,9.678,9.466,9.225,9.324,9.337,9.687,8.698,9.475,7.208,9.519,9.297,7.766
37,H42,4.718,4.958,4.874,4.714,4.703,4.751,4.874,4.942,4.558,4.836,4.958,4.695,4.902,8.689,5.134,4.863,5.068,4.594,4.495,4.801
37,H5,4.861,5.189,4.425,5.081,5.369,5.089,5.122,5.021,5.053,4.912,5.224,4.982,5.311,5.212,4.971,5.004,5.078,5.18,4.999,5.251
37,H5',4.579,4.852,4.234,4.393,4.589,4.317,4.858,4.255,4.446,4.256,4.341,4.284,4.601,4.7,4.64,4.634,5.039,4.715,4.265,4.849
37,H5'',4.067,4.121,4.136,4.129,4.145,4.214,4.094,4.305,4.284,4.304,4.125,4.113,4.223,4.064,4.159,4.227,4.176,4.109,4.346,4.08
37,H6,7.577,7.56,7.78,7.817,7.868,7.818,7.766,7.773,7.504,7.691,7.791,7.607,8.167,7.647,7.349,7.43,7.424,7.873,7.789,8.076
37,HO2',3.013,2.947,3.368,3.133,3.536,3.418,3.099,2.857,2.815,2.826,3.238,3.342,3.142,4.364,3.234,3.176,3.542,3.401,2.945,3.308
37,N1,150.857,151.594,150.99,152.911,153.452,154.111,154.162,150.051,155.476,151.743,151.851,149.941,156.693,153.591,153.108,153.078,154.83,155.587,154.254,157.074
37,N3,194.58,193.938,195.137,195.614,196.438,193.374,196.775,191.631,189.936,193.623,198.423,190.338,190.995,191.779,197.835,194.98,198.084,192.021,192.13,194.272
37,N4,94.66,92.557,90.298,91.902,88.493,91.039,91.352,92.125,98.708,90.979,88.912,91.552,92.699,102.653,89.24,91.948,86.546,94.941,96.621,88.173
37,P,-19.19,-17.272,-19.542,-16.496,-17.983,-19.485,-18.118,-17.622,-17.031,-18.26,-19.677,-19.063,-17.863,-18.366,-20.418,-17.985,-19.66,-20.124,-18.122,-19.621
38,C1',97.809,95.436,96.911,99.187,96.291,96.244,97.919,97.908,96.153,97.295,97.764,97.04,100.558,100.177,98.781,95.527,99.169,98.457,99.214,97.177
38,C2,146.364,145.458,146.039,145.101,144.947,145.141,145.964,146.613,145.822,145.39,144.646,145.68,145.308,146.391,145.831,146,145.652,144.732,145.289,145.964
38,C2',78.547,75.523,75.735,74.269,75.499,75.986,77.036,75.819,76.272,76.917,76.251,76.314,75.375,76.237,76.415,75.813,74.434,76.335,76.177,75.358
38,C3',71.864,73.036,74.929,72.436,72.231,74.057,72.804,72.315,71.865,72.323,73.436,73.523,74.073,72.755,72.992,73.466,72.943,74.092,73.029,73.093
38,C4,156.932,156.639,156.87,155.186,156.029,156.656,155.851,155.391,154.635,155.006,155.727,156.571,156.23,155.267,155.772,156.827,156.533,156.052,156.602,153.585
38,C4',79.197,77.446,77.397,76.736,78.42,78.462,80.41,78.525,76.698,76.993,77.037,78.561,79.21,79.147,80.083,78,78.949,78.715,79.685,76.991
38,C5,104.531,102.476,103.273,102.973,102.68,101.686,102.284,103.562,108.054,104.747,105,103.323,101.324,104.062,102.95,102.27,102.605,104.103,103.922,104.355
38,C5',64.973,64.444,62.732,61.985,63.416,62.936,64.204,63.123,62.075,63.31,61.151,65.041,62.444,64.031,65.07,64.346,62.281,62.737,63.495,64.242
38,C6,137.663,137.241,137.699,137.055,135.761,138.186,136.889,137.312,134.949,136.32,138.003,136.867,136.75,139.33,135.983,139.179,136.801,136.736,137.16,136.748
38,H1',6.592,6.321,6.104,6.217,6.386,6.051,6.338,6.453,6.683,6.456,6.327,6.387,5.998,6.414,6.434,6.178,6.24,6.202,6.594,6.301
38,H2',4.297,5.277,5.3,5.327,5.02,5.266,5.193,5.379,5.205,4.791,5.728,5.336,5.307,5.345,4.722,5.331,5.12,5.177,4.677,5.608
38,H3,13.079,12.763,12.627,11.539,13.162,13.158,12.511,12.654,11.136,10.898,12.757,11.069,13.125,11.765,11.546,12.832,13.258,13.655,13.426,11.409
38,H3',4.534,4.513,4.58,4.533,4.82,4.411,4.594,4.686,4.667,4.631,4.325,4.709,4.473,4.801,4.627,4.67,4.5,4.578,4.637,4.55
38,H4',4.507,4.796,4.767,4.558,4.773,4.642,4.734,4.786,4.671,4.471,4.612,4.788,4.635,4.589,4.829,4.753,4.756,4.548,4.742,4.806
38,H5,5.624,5.466,5.647,5.479,5.504,5.648,5.325,5.671,5.829,5.495,5.75,5.616,5.433,5.701,5.376,5.563,5.531,5.668,5.641,5.633
38,H5',4.215,4.299,4.802,4.785,4.67,4.652,4.541,4.19,4.732,4.192,4.796,4.665,4.851,4.439,4.584,4.757,4.8,4.718,4.134,4.44
38,H5'',4.224,4.292,4.196,4.107,3.999,4.131,4.057,4.283,4.146,4.308,4.203,4.308,4.28,4.202,4.132,4.076,4.131,4.227,4.165,4.254
38,H6,7.575,7.965,8.402,8.171,7.874,8.123,8.004,8.318,7.534,8.055,7.76,8.281,7.884,8.246,8.055,8.434,7.839,7.841,8.042,8.139
38,HO2',5.021,2.891,2.929,4.188,3.482,3.022,3.026,3.143,2.972,2.803,3.701,2.749,2.979,3.445,4.563,2.888,4.433,3.01,3.845,3.214
38,N1,162.04,157.968,156.988,156.389,158.592,157.903,159.445,160.561,158.225,157.679,153.909,157.195,156.307,159.361,158.263,158.783,157.735,157.531,160.533,155.276
38,N3,164.75,165.871,166.288,166.25,162.147,163.166,161.642,163.442,168.507,163.051,164.491,166.251,166,163.906,162.491,163.453,165.916,165.081,164.14,162.536
38,P,-18.241,-17.88,-18.699,-17.638,-19.625,-17.895,-18.755,-18.44,-18.325,-19.82,-20.185,-17.231,-17.368,-17.539,-19.265,-19.273,-18.246,-18.278,-17.478,-17.377
39,C1',95.594,96.857,95.538,98.905,96.609,95.177,95.595,98.333,96.773,99.612,99.164,96.78,99.139,97.059,97.541,98.317,98.393,97.098,98.382,99.007
39,C2,147.931,147.626,148.99,148.048,148.174,147.352,147.133,148.791,146.52,146.572,146.982,147.774,147.299,147.326,149.034,147.557,147.766,147.023,148.819,146.978
39,C2',74.662,76.819,75.664,74.573,77.889,77.87,77.214,77.72,73.682,75.706,75.499,77.155,74.345,74.918,75.333,75.806,75.394,77.499,76.509,74.989
39,C3',71.763,73.611,73.061,73.749,73.395,74.095,75.181,72.382,77.035,73.603,71.773,72.956,73.142,72.87,73.668,72.381,72.605,75.447,72.795,75.606
39,C4,148.017,147.477,148.572,148.502,148.938,148.771,148.152,147.703,149.48,148.981,149.186,148.835,148.394,147.702,149.263,147.577,148.1,148.247,148.535,148.219
39,C4',76.378,76.229,77.797,77.742,77.073,78.024,77.149,79.64,75.353,78.376,79.134,78.555,78.495,78.288,79.815,78.044,79.915,76.423,76.466,78.763
39,C5,92.311,94.282,92.591,97.162,95.653,91.932,92.163,93.839,92.204,91.189,92.008,93.981,91.485,94.101,92.108,93.028,92.768,91.149,93.409,95.512
39,C5',64.834,63.473,64.363,61.527,62.081,64.207,63.844,63.418,61.627,62.237,63.005,64.067,62.665,62.584,64.612,63.364,63.386,63.484,62.79,62.005
39,C6,136.251,135.627,136.243,135.658,137.296,136.53,136.425,135.226,138.657,137.058,134.79,138.295,137.722,136.316,138.155,138.031,137.525,136.572,137.496,135.733
39,H1',6.469,6.759,6.544,6.079,7.019,6.776,6.358,6.584,6.841,6.138,6.086,6.48,6.238,6.242,6.21,6.494,6.312,6.427,6.611,6.13
39,H2',5.461,4.657,5.232,5.107,4.239,4.093,5.056,4.135,5.615,5.373,5.279,5.351,5.408,5.354,5.463,5.074,4.901,4.231,4.707,5.432
39,H3',4.466,4.459,4.515,4.331,4.642,4.694,4.243,4.423,4.098,4.394,4.468,4.251,4.506,4.205,4.345,4.548,4.468,4.436,4.618,4.294
39,H4',4.736,4.532,4.803,4.5,4.401,4.637,4.553,4.449,4.625,4.539,4.564,4.84,4.518,4.736,4.612,4.622,4.535,4.508,4.38,4.707
39,H41,9.035,8.579,9.892,8.31,8.695,8.77,8.505,8.611,7.471,9.335,8.47,9.186,9.124,7.789,9.269,9.019,9.546,9.237,9.573,7.654
39,H42,4.629,4.765,4.633,4.951,5.028,5.164,4.778,4.753,4.587,4.87,4.645,6.302,4.871,4.824,5.054,4.947,4.948,4.847,5.022,4.781
39,H5,5.474,5.507,5.346,5.385,5.916,5.638,5.477,5.47,5.729,5.503,5.132,5.608,5.455,5.6,5.295,5.295,5.383,5.666,5.479,5.47
39,H5',4.43,4.172,4.246,4.133,4.873,4.167,4.733,4.52,4.411,4.258,4.218,4.198,4.73,4.516,4.861,4.244,4.577,4.104,4.635,4.522
39,H5'',4.329,4.303,4.279,4.331,4.266,4.288,4.173,4.117,4.144,4.204,4.097,4.264,4.204,4.234,4.189,4.284,4.138,4.475,4.046,4.237
39,H6,7.629,7.464,7.992,7.112,7.838,7.555,7.606,7.238,7.643,7.444,7.762,7.642,7.71,7.559,8.081,7.918,7.744,7.496,7.555,7.255
39,HO2',2.852,3.473,3.199,3.547,3.163,2.535,3.081,5.867,2.669,3.453,2.846,3.159,4.029,2.974,3.289,3.532,3.075,2.51,3.473,3.038
39,N1,152.606,156.152,153.247,150.58,159.724,156.248,154.707,155.26,152.488,154.214,152.127,151.508,152.845,152,152.279,155.265,156.379,154.166,156.868,150.376
39,N3,197.691,198.152,193.268,194.392,195.473,199.347,198.426,197.815,202.82,204.06,208.625,199.771,195.302,195.627,195.398,201.16,196.053,201.736,192.004,196.846
39,N4,92.972,93.431,91.574,85.639,88.648,86.039,88.523,87.886,87.775,85.747,85.521,92.14,84.681,84.653,88.091,86.579,85.852,83.588,90.956,81.254
39,P,-17.583,-16.482,-19.5,-17.963,-18.987,-16.339,-17.267,-19.269,-17.504,-15.559,-16.748,-18.298,-19.409,-15.941,-18.503,-17.179,-18.768,-18.049,-19.072,-18.84
40,C1',97.68,95.57,96.925,93.947,93.155,91.341,95.423,95.763,95.676,93.698,95.848,97.031,97.579,97.002,94.167,92.802,95.213,95.385,97.607,99.618
40,C2,147.06,147.165,146.764,147.563,146.449,146.903,146.639,146.038,146.315,144.315,146.009,145.714,145.359,145.318,146.93,146.576,147.497,146.522,146.81,145.462
40,C2',77.209,77.224,80.551,81.029,79.689,78.762,78.798,79.507,76.085,75.437,76.725,76.845,78.074,77.043,79.661,76.604,78.329,76.648,76.519,75.657
40,C3',71.443,72.738,73.58,79.948,79.527,75.162,75.279,75.252,74.967,74.637,73.415,74.505,72.184,72.931,84.555,83.031,82.737,70.646,73.46,73.993
40,C4,155.937,156.254,155.692,153.873,154.775,153.953,155.242,155.324,157.037,156.594,156.267,157.227,153.483,151.489,155.561,154.659,154.809,153.055,154.45,156.942
40,C4',77.82,76.227,79.957,85.767,84.298,83.327,77.715,79.559,76.611,77.753,78.642,79.346,78.117,78.857,85.473,84.012,86.57,82.9,78.82,79.361
40,C5,105.985,106.83,104.655,104.937,104.735,104.662,103.967,104.085,103.408,101.95,103.505,105.444,106.398,106.644,105.78,104.387,106.601,107.932,106.501,103.512
40,C5',62.938,63.248,62.659,66.122,68.204,67.214,62.693,63.173,62.068,63.653,62.258,64.93,62.147,62.331,66.971,65.301,65.044,65.217,62.955,62.687
40,C6,135.241,136.073,136.588,136.552,136.232,137.551,136.641,135.581,137.79,136.814,138.234,137.025,135.451,135.395,136.049,138.268,137.727,136.527,136.996,138.426
40,H1',6.435,6.564,6.475,6.723,6.872,6.697,6.482,6.614,7.537,7.759,7.129,6.054,6.698,6.654,7.29,7.282,6.948,6.587,6.778,6.369
40,H2',4.981,4.632,4.525,4.169,4.473,4.042,4.67,4.725,5.798,5.698,4.92,5.027,4.677,4.661,4.363,4.573,4.529,4.176,5.393,5.025
40,H3,11.53,11.503,10.776,7.774,7.87,7.521,10.431,9.924,11.128,12.741,10.991,12.25,7.512,7.626,11.272,10.852,11.1,10.187,7.098,12.117
40,H3',4.364,4.378,4.483,4.88,4.85,4.821,4.736,4.225,4.43,4.496,4.654,4.647,4.691,4.39,4.834,4.84,5.152,5.143,5.117,4.961
40,H4',4.799,4.529,4.552,4.912,5.159,5.281,4.743,4.66,4.801,4.834,4.402,4.649,4.61,4.764,4.955,4.838,4.881,4.626,4.731,4.746
40,H5,5.579,5.791,5.669,5.537,5.807,5.563,5.8,5.713,5.77,5.509,5.868,5.872,5.356,5.707,5.598,5.714,5.611,5.869,6.115,5.688
40,H5',4.265,4.6,3.981,4.727,4.374,4.124,3.992,4.375,4.612,4.67,4.748,4.243,4.481,4.021,4.396,4.932,4.95,4.137,4.82,4.782
40,H5'',4.319,4.159,5.324,4.051,4.12,4.578,4.906,5.232,4.265,4.202,4.03,4.162,4.133,4.198,4.168,4.092,4.228,4.895,4.161,4.187
40,H6,7.861,7.644,7.948,8.139,8.293,7.706,8.057,8.107,8.057,8.554,8.445,8.291,8.066,7.563,8.339,8.581,8.643,7.66,8.213,8.385
40,HO2',2.794,3.307,3.356,3.044,2.991,2.907,3.491,3.67,3.018,3.082,2.79,3.261,3.728,3.123,2.618,2.799,3.549,5.579,3.358,3.09
40,N1,156.503,158.375,159.951,157.613,156.709,152.406,159.213,156.947,157.907,158.118,162.807,158.539,158.491,155.106,154.536,157.127,155.942,153.631,161.622,160.51
40,N3,163.073,163.983,163.936,159.639,158.531,160.465,167.211,163.14,168.202,162.558,164.228,165.298,157.148,157.844,160.737,162.897,162.921,161.796,160.489,163.911
40,P,-16.464,-18.615,-19.484,-16.921,-17.488,-18.655,-20.352,-16.773,-16.379,-16.535,-19.461,-18.052,-18.962,-18.851,-17.028,-18.324,-16.656,-20.842,-18.544,-20.104
41,C1',98.737,101.489,96.85,99.677,98.596,96.739,100.147,99.977,98.407,99.855,99.732,96.725,98.413,97.961,98.981,96.744,98.561,93.59,98.166,95.607
41,C2,147.96,149.684,149.776,149.824,149.469,149.563,149.748,149.086,149.163,147.416,149.054,148.837,149.856,148.989,148.902,148.187,149.229,147.727,148.876,148.735
41,C2',76.867,75.426,74.451,75.46,75.188,77.58,76.756,73.963,76.933,76.588,75.496,75.748,75.433,76.568,77.611,74.26,75.621,74.587,74.717,75.117
41,C3',79.404,76.793,74.212,72.915,73.313,72.164,74.557,72.864,73.249,73.992,72.05,72.774,74.306,71.456,72.465,72.45,74.178,73.117,74.069,73.265
41,C4,149.844,150.132,149.133,150.222,150.138,150.668,149.867,149.16,149.356,148.554,148.397,148.62,149.629,147.472,149.563,148.82,148.749,148.904,149.438,148.037
41,C4',74.765,76.736,78.279,79.061,80.45,78.462,77.404,79.325,77.324,79.78,80.275,79.356,76.598,79.917,79.415,78.186,80.099,76.868,79.494,77.608
41,C5,91.535,90.224,90.417,90.498,90.677,91.486,87.602,89.75,91.447,91.307,90.925,91.51,95.708,96.7,90.146,89.509,90.069,91.225,92.151,92.293
41,C5',68.514,70.365,64.763,64.043,64.156,63.754,64.63,62.971,64.529,64.336,63.571,63.613,62.02,63.767,62.246,63.534,64.458,63.345,64.517,64.16
41,C6,136.206,138.985,139.767,138.353,136.065,137.592,138.919,137.954,135.562,136.188,136.328,135.81,138.132,135.808,137.07,140.714,141.802,136.185,139.414,137.089
41,H1',6.219,6.216,6.103,6.321,6.318,6.804,6.039,6.325,6.22,6.704,6.303,6.366,6.125,6.415,6.785,6.235,6.343,5.958,5.826,7.022
41,H2',4.866,5.289,6.197,4.966,5.43,4.884,4.626,6.003,4.984,4.509,4.944,5.521,4.925,5.022,4.838,5.636,5.239,5.539,5.359,5.45
41,H3',3.871,4.145,4.5,4.654,4.493,4.491,4.22,4.332,4.618,4.524,4.297,4.625,4.715,4.779,4.572,4.737,4.845,4.546,4.536,4.696
41,H4',4.847,4.668,4.705,4.618,4.867,4.666,4.371,4.82,4.645,4.684,4.504,4.876,4.397,4.538,4.621,4.736,4.941,4.894,4.82,4.755
41,H41,8.075,8.878,8.419,8.162,9.398,8.55,9.218,7.599,8.302,8.118,9.113,9.258,8.733,8.393,8.471,8.597,8.8,8.832,9.733,9.057
41,H42,4.926,5.292,5.068,5.151,5.105,5.4,5.216,5.011,4.883,4.913,4.9,4.543,4.871,4.842,5.22,5.149,5.134,4.579,4.917,4.321
41,H5,5.712,5.86,5.568,5.751,5.608,5.832,5.808,5.756,5.544,5.454,5.46,5.307,5.849,5.658,5.792,5.717,5.746,6.34,5.495,5.439
41,H5',4.274,4.402,4.319,4.259,4.449,4.622,4.707,4.196,4.347,4.277,4.186,4.399,4.271,4.439,4.252,4.51,4.448,4.69,4.291,4.614
41,H5'',4.366,4.226,4.184,4.265,4.281,4.252,4.499,4.044,4.273,4.117,4.245,4.355,4.138,4.183,4.169,4.165,4.223,4.2,4.189,4.317
41,H6,7.858,7.976,7.864,7.844,7.901,7.984,7.762,7.863,7.526,7.778,7.651,7.916,7.696,7.839,8.045,8.622,8.722,8.295,8.001,7.909
41,HO2',2.604,3.607,3.156,3.116,3.023,3.104,3.769,2.875,3.158,5.209,4.437,3.599,2.996,3.47,4.334,3.265,2.934,2.655,2.913,2.983
41,N1,152.041,154.137,154.048,155.111,152.286,160.598,156.484,154.169,152.949,155.905,155.447,152.807,154.646,155.245,158.728,154.083,155.14,153.333,153.739,156.061
41,N3,198.322,199.377,194.855,196.681,200.279,196.176,199.194,205.062,201.659,201.242,194.802,196.697,195.488,199.64,194.506,199.403,196.166,196.231,192.65,196.027
41,N4,85.132,83.277,87.208,82.685,87.126,87.841,82.514,82.123,86.908,81.11,91.275,91.768,89.81,89.84,84.408,82.3,91.463,86.271,85.452,93.486
41,P,-20.533,-19.636,-19.014,-14.497,-18.036,-17.709,-20.318,-20.46,-18.531,-18.076,-16.057,-17.396,-17.365,-16.387,-19.222,-20.023,-19.194,-15.285,-17.176,-17.983
42,C1',96.463,96.178,98.191,96.713,99.928,96.669,96.97,99.202,97.984,96.29,96.49,97.905,99.428,99.254,97.987,97.233,99.008,97.32,100.633,98.4
42,C2,145.909,145.227,145.996,146.497,145.815,146.222,147.011,145.104,145.855,146.076,145.938,145.95,145.593,145.52,145.977,146.001,146.214,146.024,145.997,146.289
42,C2',76.62,75.142,76.907,74.535,74.495,76.083,76.324,76.115,74.908,75.629,75.627,75.127,75.68,75.319,76.231,76.986,76.777,76.426,75.935,74.748
42,C3',72.909,73.62,73.064,72.659,72.115,71.472,72.068,76.778,74.033,73.716,74.92,74.103,72.682,71.805,74.396,72.059,72.857,74.743,74.281,75.028
42,C4,157.09,156.907,157.697,157.914,157.02,155.926,157.062,156.967,156.985,155.804,157.043,157.358,156.522,156.855,157.124,157.278,156.364,157.632,156.786,156.757
42,C4',76.446,76.877,79.666,76.206,78.667,77.473,78.212,77.183,76.877,79.054,78.4,78.329,79.217,79.375,78.112,76.731,78.571,77.558,78.272,78.866
42,C5,105.567,102.557,103.102,102.853,102.899,105.709,103.045,103.89,101.785,102.36,102.683,102.295,102.721,102.689,102.587,103.733,103.231,101.931,103.213,102.953
42,C5',62.632,62.559,63.782,63.574,62.079,61.75,64.916,63.206,63.715,63.88,62.821,61.704,64.559,62.885,61.906,63.176,64.525,63.271,62.61,63.466
42,C6,134.826,137.428,137.291,137.183,137.053,135.315,138.599,137.242,136.767,137.357,137.555,137.728,136.339,135.946,137.275,137.146,137.423,138.048,138.188,137.335
42,H1',6.228,6.242,6.222,6.27,6.298,6.576,6.349,6.402,6.165,6.047,6.157,6.082,6.299,6.327,6.071,6.48,6.298,6.548,6.231,6.229
42,H2',5.05,5.035,4.918,5.277,5.007,4.865,5.303,4.795,5.499,5.569,5.232,4.998,5.409,4.923,5.358,4.834,5.283,4.98,5.428,5.089
42,H3,10.882,12.734,12.435,11.574,12.324,11.32,11.744,12.257,11.983,11.604,11.376,12.671,11.566,11.286,11.574,11.768,11.086,12.666,12.269,12.001
42,H3',4.451,4.758,4.624,4.751,4.767,4.64,4.925,4.45,4.506,4.691,4.62,4.703,4.724,4.695,4.5,4.683,4.685,4.488,4.803,4.72
42,H4',4.572,4.774,4.805,4.723,4.558,4.674,4.699,4.493,4.849,4.794,4.7,4.542,4.596,4.703,4.645,4.473,4.543,4.687,4.57,4.66
42,H5,5.756,5.362,5.741,5.818,5.608,5.882,5.811,5.691,5.618,5.514,5.875,5.84,5.642,5.734,5.826,5.691,5.594,5.773,5.377,5.587
42,H5',4.196,4.772,4.448,4.576,4.946,4.904,4.577,4.766,4.38,4.582,4.553,4.907,4.353,4.587,4.709,4.454,4.612,4.24,4.797,4.208
42,H5'',4.37,4.121,4.312,4.099,4.136,4.178,4.392,4.194,4.312,4.258,4.223,4.217,4.25,4.136,4.189,4.293,4.228,4.318,4.13,4.343
42,H6,7.738,7.765,8.025,8.053,7.936,7.603,8.29,7.714,8,8.399,8.109,8.301,8.02,7.789,7.835,7.984,8.429,7.846,7.925,7.922
42,HO2',2.606,2.681,2.916,3.117,3.094,3.555,3.544,4.475,3.417,2.996,2.891,3.024,4.411,5.041,3.184,3.585,3.348,3.43,3.499,4.068
42,N1,155.838,156.13,160.313,157.68,157.644,157.466,158.45,158.389,157.274,155.136,156.315,156.427,155.517,157.783,155.365,159.913,156.246,159.568,156.262,157.227
42,N3,164.209,164.4,165.224,164.595,166.922,163.315,164.997,161.995,165.098,162.378,164.36,165.251,163.463,161.582,166.316,165.883,162.029,166.456,165.951,164.472
42,P,-17.49,-19.085,-17.22,-19.575,-18.873,-18.055,-19.048,-16.049,-16.601,-17.999,-16.534,-17.262,-16.375,-18.192,-17.027,-17.182,-18.856,-16.963,-18.666,-17.062
43,C1',95.807,95.915,95.479,95.851,92.312,93.106,95.494,94.876,94.798,94.06,96.492,94.138,96.516,95.067,96.883,94.844,99.266,95.121,98.898,94.229
43,C2,141.747,141.794,141.884,141.795,141.839,141.888,141.795,141.652,142.623,141.156,141.069,141.591,140.651,139.816,141.252,141.776,142.09,141.445,141.959,141.501
43,C2',77.595,75.777,74.533,76.086,76.983,76.253,75.687,75.22,74.516,74.923,75.423,76.543,74.862,75.784,77.155,75.29,74.181,74.607,74.841,75.844
43,C3',71.092,73.521,73.839,71.931,71.809,73.154,73.031,73.346,73.535,75.799,72.955,73.052,72.911,75.149,71.943,73.288,72.993,72.061,73.599,73.637
43,C4,146.536,146.883,145.121,146.277,144.998,146.641,147.209,145.855,146.402,146.512,144.873,145.081,146.179,146.112,145.698,145.806,145.847,146.347,147.216,145.508
43,C4',78.94,77.982,76.458,79.473,78.45,78.1,77.778,76.205,76.922,76.63,77.88,78.43,76.122,77.481,77.426,77.57,78.924,77.678,78.623,77.724
43,C5,114.924,114.066,115.649,115.316,113.803,113.871,113.968,114.515,113.383,114.332,114.579,113.233,114.858,115.313,113.988,114.568,113.665,113.682,113.489,113.937
43,C5',62.697,63.211,64.003,62.781,65.969,64.195,62.835,64.685,61.82,63.039,64.13,65.439,62.909,63.614,64.19,62.486,62.711,63.528,62.608,63.528
43,C6,150.73,150.626,149.848,150.043,150.326,150.729,150.947,150.147,150.451,150.961,150.102,149.753,150.372,150.61,150.585,151.449,151.242,149.925,150.701,149.545
43,C8,125.861,127.068,128.294,125.635,127.303,126.274,125.931,127.336,127.956,127.234,125.283,126.512,126.807,127.536,125.578,125.944,126.397,127.247,129.783,127.292
43,H1,12.131,11.403,11.507,11.199,11.507,12.176,11.561,11.619,12.844,11.932,12.007,11.146,11.578,11.521,11.664,11.499,12.446,11.078,11.495,11.47
43,H1',6.691,6.422,6.441,6.448,6.418,6.377,6.363,6.448,6.303,6.403,6.456,6.58,6.549,6.395,6.577,6.452,6.369,6.607,6.527,6.355
43,H2',4.231,5.235,5.392,4.647,4.805,4.943,5.059,5.283,5.407,5.639,5.274,5.408,5.306,5.144,3.938,4.765,4.589,5.224,4.984,5.573
43,H21,7.903,8.257,8.646,8.221,8.989,8.216,8.075,7.95,8.761,8.267,8.682,9.153,8.176,7.192,7.779,8.156,8.543,8.658,8.936,8.832
43,H22,4.737,4.862,5.215,5.137,4.946,4.804,4.715,5.38,5.052,4.967,4.987,5.15,5.008,4.624,4.755,4.801,4.554,4.879,5.35,5.225
43,H3',4.51,4.664,4.711,4.621,5.027,4.564,4.728,4.87,4.842,4.675,4.742,4.782,4.787,4.822,4.821,4.747,4.748,5.128,4.918,4.843
43,H4',4.603,4.675,4.682,4.776,4.824,4.699,4.825,4.702,4.591,4.812,4.75,4.739,4.507,4.622,4.486,4.774,4.445,4.529,4.541,4.631
43,H5',4.238,4.222,4.687,4.683,4.545,4.612,4.466,4.431,4.873,4.308,4.227,4.445,4.413,4.655,4.622,4.696,4.814,4.358,4.868,4.343
43,H5'',4.307,4.314,4.248,4.077,4.196,4.074,4.164,4.29,4.084,4.273,4.256,4.339,4.391,4.276,4.177,4.142,4.165,4.369,4.115,4.288
43,H8,7.302,7.602,7.753,7.058,7.639,7.489,7.359,7.841,7.521,7.725,7.252,7.703,7.328,7.398,7.137,7.526,7.357,7.774,7.606,7.815
43,HO2',4.3,3.199,3.586,3.393,3.073,2.906,3.248,3.392,2.939,3.061,3.128,3.39,3.217,3.213,4.711,3.393,4.76,4.231,3.516,3.044
43,N1,138.781,137.992,136.759,137.811,137.099,136.496,138.755,137.704,138.304,139.257,137.248,135.506,138.847,138.761,137.422,137.773,139.392,135.414,137.328,136.808
43,N2,70.903,71.711,73.616,72.761,73.143,73.708,73.609,72.688,72.657,77.057,74.309,74.291,75.35,71.862,72.921,76.479,73.996,76.645,74.311,76.162
43,N3,164.131,163.277,166.239,164.099,159.22,163.535,162.66,161.558,161.29,166.872,164.537,161.363,166.247,166.721,164.711,164.96,160.818,162.223,164.35,161.806
43,N7,238.467,234.087,230.028,234.453,236.814,236.084,235.648,233.641,235.39,232.659,232.206,235.024,232.723,230.685,240.306,233.306,230.852,236.681,229.034,233.135
43,N9,170.704,169.204,166.541,167.95,168.243,168.791,169.285,165.472,168.11,167.866,167.472,167.136,167.49,165.516,170.872,169.05,168.683,168.487,166.261,165.18
43,P,-18.955,-17.788,-15.937,-18.987,-16.505,-19.384,-18.043,-18.418,-16.902,-16.593,-18.152,-17.321,-16.736,-17.38,-20.284,-16.65,-17.793,-18.784,-17.593,-16.335
44,C1',100.191,97.56,97.39,97.715,95.283,96.794,98.15,95.2,97.505,96.968,98.813,97.962,95.092,96.151,99.278,98.242,98.631,96.401,90.42,97.451
44,C2,148.983,148.307,148.099,149.443,148.631,148.562,148.543,148.731,149.058,147.174,148.177,147.808,148.166,148.136,149.423,150.103,149.185,148.528,149.351,147.345
44,C2',73.403,76.094,75.634,76.52,75.381,74.809,75.354,75.893,75.719,73.725,74.618,75.027,75.32,76.434,75.454,76.369,75.807,76.139,80.078,75.407
44,C3',72.742,72.506,73.592,72.292,70.858,74.502,71.601,72.228,73.896,73.088,72.23,74.303,72.657,72.06,71.621,73.081,72.609,73.29,79.484,73.462
44,C4,148.292,148.572,149.118,148.713,148.382,149.945,148.226,148.646,149.29,148.542,149.463,149.507,148.501,148.429,149.472,147.942,148.604,149.118,148.206,149.197
44,C4',79.246,77.696,77.568,77.304,79.381,77.247,77.876,79.521,77.958,75.686,76.997,77.458,77.129,77.54,79.007,79.233,78.758,79.323,83.625,76.954
44,C5,91.379,92.446,92.009,91.46,92.514,92.009,92.642,92.683,91.597,90.326,94.009,91.761,92.719,91.571,92.24,91.872,91.94,92.888,92.281,93.137
44,C5',62.376,63.346,62.824,63.465,63.243,62.707,63.033,63.576,63.245,62.45,61.653,62.703,62.355,64.863,62.831,63.46,63.653,63.264,66.95,61.896
44,C6,136.544,134.777,135.244,136.542,134.484,136.402,135.443,133.782,135.437,137.874,135.056,135.156,135.329,135.691,135.749,137.962,138.414,134.789,136.072,134.65
44,H1',5.875,6.221,6.098,6.323,6.38,6.072,6.519,6.362,6.197,6.262,6.205,6.6,6.215,6.377,6.275,6.526,6.494,6.337,6.891,6.278
44,H2',5.271,4.758,5.073,4.643,4.934,5.178,4.627,4.441,4.475,5.105,4.923,4.75,4.993,4.825,4.411,4.482,4.477,4.552,4.182,4.878
44,H3',4.393,4.495,4.444,4.527,4.724,4.344,4.539,4.52,4.389,4.643,4.346,4.238,4.542,4.634,4.223,4.669,4.709,4.578,4.899,4.156
44,H4',4.561,4.656,4.667,4.587,4.842,4.749,4.607,4.836,4.674,4.724,4.442,4.625,4.693,4.72,4.245,4.621,4.451,4.614,4.923,4.509
44,H41,9.826,9.016,9.665,9.542,9.932,9.473,9.512,10.012,9.561,8.86,9.901,8.183,9.608,9.681,7.813,8.683,8.04,8.959,9.335,9.031
44,H42,4.868,4.891,4.816,4.933,4.824,5.226,4.978,5.052,5.123,4.875,5.155,4.96,4.974,4.735,5.346,4.844,4.713,5.109,4.903,4.844
44,H5,4.755,5.095,4.921,5.081,4.835,5.265,5.07,4.828,4.963,4.939,5.095,5.13,5.069,4.712,5.238,4.96,5.241,5.135,4.978,5.14
44,H5',4.648,4.55,4.105,4.849,4.822,4.194,4.71,4.245,4.277,4.342,4.902,4.11,4.639,4.417,4.591,4.895,4.634,4.478,4.458,4.263
44,H5'',4.087,4.19,4.261,3.986,4.144,4.344,4.124,4.289,4.308,4.12,4.099,4.336,4.144,4.246,4.174,4.064,4.175,4.264,4.112,4.226
44,H6,7.723,7.467,7.298,7.94,7.763,7.698,7.695,7.335,7.209,7.863,7.282,7.102,7.582,7.6,7.387,7.911,7.635,7.674,7.525,7.186
44,HO2',3.013,3.009,3.093,3.105,3.019,2.823,3.887,2.835,2.517,3.267,3.528,3.039,3.039,3.027,4.295,3.328,3.152,2.918,4.42,3.165
44,N1,150.747,153.748,148.655,154.723,152.656,150.903,154.818,150.403,151.507,152.519,150.944,153.677,150.653,152.894,155.987,156.245,157.873,152.924,151.983,151.631
44,N3,192.3,197.26,196.942,194.652,195.192,197.589,195.091,194.921,194.721,200.032,197.276,198.483,197.175,192.104,196.336,192.625,198.033,200.768,196.804,196.671
44,N4,95.837,93.234,92.179,92.974,94.203,87.548,93.964,94.172,89.15,88.947,91.48,85.961,93.445,95.764,91.387,99.244,92.533,88.824,90.753,87.701
44,P,-18.493,-18.275,-17.679,-18.423,-19.471,-17.785,-18.811,-17.955,-17.559,-19.876,-19.226,-17.168,-17.504,-18.457,-17.335,-18.139,-18.376,-17.399,-17.069,-17.473
45,C1',96.735,98.053,96.895,99.473,94.952,98.147,94.112,94.461,96.59,99.326,95.786,97.172,99.487,95.431,96.432,97.249,97.299,99.11,87.148,98.666
45,C2,149.05,148.938,149.181,148.239,148.86,149.503,149.954,149.687,150.501,148.624,149.61,148.485,149.885,150.141,149.295,148.852,150.382,149.746,151.237,148.933
45,C2',81.475,78.268,80.202,80.564,77.566,77.507,78.569,78.134,77.018,78.211,77.288,76.749,77.663,78.719,78.373,79.432,76.031,77.363,76.165,76.546
45,C3',70.504,69.129,71.133,70.956,71.05,69.556,72.694,70.67,72.357,70.178,70.879,68.083,68.423,69.129,69.051,68.678,69.136,69.329,70.775,68.663
45,C4,149.725,149.543,149.852,149.136,149.558,150.425,148.631,149.739,151.244,148.989,150.239,149.524,149.652,150.979,148.41,148.211,149.395,149.689,149.87,149.906
45,C4',79.286,82.519,80.287,80.509,78.672,81.216,90.796,80.092,81.04,82.714,81.728,81.899,83.17,79.601,83.446,82.832,81.045,82.711,82.43,81.218
45,C5,92.854,91.073,92.221,90.428,92.311,92.131,93.934,90.187,90.375,92.933,92.123,93.455,90.889,92.034,90.596,91.802,90.247,91.15,92.985,91.055
45,C5',63.759,64.947,65.204,63.886,62.926,64.094,66.476,65.669,64.305,64.136,63.974,62.715,64.629,62.999,64.624,65.662,63.682,65.295,66.777,62.939
45,C6,136.164,136.125,136.801,137.219,135.945,136.372,135.682,136.43,138.76,135.798,136.544,136.808,137.688,137.594,138.117,136.547,138.809,136.471,139.174,136.781
45,H1',6.69,6.613,6.54,6.49,6.431,6.538,6.903,6.763,6.553,6.701,6.669,6.721,6.764,6.905,6.96,6.847,6.725,6.391,6.637,6.702
45,H2',4.094,4.507,4.434,4.37,4.486,4.561,4.338,4.384,4.776,4.538,4.365,4.287,4.596,4.219,4.582,4.435,4.573,4.801,4.128,4.539
45,H3',4.647,4.458,4.555,4.672,4.596,4.156,4.498,4.622,4.125,4.732,4.588,4.31,4.377,4.194,4.579,4.526,4.645,4.351,4.515,4.26
45,H4',4.347,4.433,4.467,4.574,4.642,4.307,4.795,4.72,4.517,4.674,4.642,4.229,4.341,3.988,4.432,4.453,4.438,4.505,4.608,4.459
45,H41,9.962,9.31,9.494,8.92,9.426,9.765,7.816,7.591,9.409,9.825,8.874,9.705,9.442,9.387,8.15,8.427,9.907,9.134,9.729,9.054
45,H42,5.009,4.894,4.971,4.716,4.975,5.146,5.104,5.053,4.966,4.959,5.146,4.926,4.898,5.062,4.979,5.003,4.843,5.168,5.154,4.876
45,H5,5.459,5.357,5.441,5.417,5.435,5.516,5.429,5.425,5.464,5.252,5.428,5.448,5.474,5.582,5.391,5.489,5.42,5.269,5.428,5.429
45,H5',4.754,4.811,4.291,5.004,4.913,4.259,4.643,4.387,4.404,4.329,4.289,4.746,4.529,4.854,4.457,4.413,4.463,4.382,4.461,4.721
45,H5'',4.118,4.21,4.28,4.084,4.048,4.339,4.13,4.295,4.37,4.199,4.212,4.243,4.221,4.225,4.195,4.233,4.202,4.167,4.425,4.197
45,H6,7.558,7.795,7.52,8.104,7.85,7.699,7.451,8.06,8.256,7.744,7.764,7.272,7.632,7.345,7.76,7.693,7.393,7.991,7.978,7.409
45,HO2',2.465,3.619,2.672,2.719,3.129,3.399,2.992,3.008,3.15,3.475,3.14,3.669,3.846,2.467,3.572,3.667,4.301,3.67,2.355,3.623
45,HO3',2.456,3.854,2.34,2.577,2.381,3.165,3.91,3.046,2.402,2.795,3.075,3.32,3.948,3.489,3.689,3.864,3.425,3.732,3.304,3.465
45,N1,159.046,156.678,155.819,155.377,153.009,155.314,151.529,155.881,156.486,155.277,155.985,154.06,158.424,159.095,159.006,157.644,157.636,153.561,148.515,153.904
45,N3,195.276,197.76,199.389,199.18,195.039,195.614,195.167,196.879,190.157,194.975,197.058,203.558,195.489,195.187,196.322,201.208,191.55,195.743,196.937,198.628
45,N4,88.384,88.693,87.43,84.375,91.55,89.685,94.03,88.327,84.666,89.821,88.717,85.038,88.009,85.768,92.553,89.785,91.023,91.18,91.411,81.42
45,P,-18.474,-19.609,-18.398,-18.1,-19.506,-19.063,-19.981,-18.72,-19.651,-18.613,-18.247,-18.485,-17.872,-17.704,-19.302,-17.675,-18.118,-18.325,-19.507,-18.24
