res,atom,shift_1,shift_2,shift_3,shift_4,shift_5,shift_6,shift_7,shift_8,shift_9,shift_10,shift_11,shift_12,shift_13,shift_14,shift_15,shift_16,shift_17,shift_18,shift_19,shift_20
17,C1',95.996,96.549,97.207,95.494,94.959,95.192,94.205,94.68,93.875,94.67,93.579,96.165,96.043,95.537,94.932,95.476,97.244,95.049,94.785,95.078
17,C2,141.639,141.657,141.836,141.797,141.558,141.651,141.648,141.584,139.985,141.555,141.702,141.478,142.292,141.704,141.796,142.078,141.783,141.521,141.763,141.402
17,C2',75.398,75.196,75.502,75.178,74.777,75.192,76.984,74.625,76.962,77.142,74.076,75.087,74.207,75.035,75.376,74.812,75.604,75.252,75.248,73.77
17,C3',73.891,72.627,71.909,73.898,72.985,73.927,72.552,73.327,73.63,73.196,72.687,73.173,71.04,72.991,73.784,72.894,71.944,73.207,73.25,72.321
17,C4,145.353,145.589,145.904,145.046,145.583,146.307,145.086,145.521,144.148,145.377,145.873,145.838,144.455,145.595,145.684,145.878,145.549,145.761,144.788,145.243
17,C4',78.347,77.187,79.452,78.281,78.59,77.6,78.636,78.431,78.589,78.521,77.617,77.702,78.725,78.21,78.254,77.886,77.758,78.026,77.354,78.166
17,C5,116.413,116.509,115.919,116.105,116.077,116.443,115.065,116.221,115.367,115.8,115.865,116.749,115.7,116.052,115.961,115.489,115.721,116.748,116.384,116.523
17,C5',65.254,64.882,65.013,65.117,64.704,64.421,64.92,64.179,65.156,65.333,64.28,65.067,65.056,64.457,64.967,64.371,64.432,64.463,64.958,64.977
17,C6,150.435,150.731,150.882,150.553,150.412,150.849,150.665,150.854,150.015,150.486,151.478,150.288,150.166,150.929,150.697,150.671,151.101,150.964,151.119,150.683
17,C8,129.461,128.556,129.264,129.615,128.832,128.583,129.02,128.992,128.321,128.619,129.005,129.365,128.796,129.493,129.438,128.685,129.465,129.005,129.221,128.009
17,H1,11.687,11.706,11.505,11.868,11.675,11.642,11.401,11.79,6.727,11.753,11.835,11.831,11.994,11.565,11.479,11.508,11.775,11.419,11.429,12.078
17,H1',6.377,6.419,6.453,6.317,6.289,6.337,6.289,6.302,6.356,6.347,6.278,6.398,6.289,6.353,6.277,6.341,6.431,6.299,6.297,6.396
17,H2',5.491,5.354,5.445,5.508,5.331,5.45,5.28,5.354,4.903,5.258,5.15,5.491,5.176,5.389,5.526,5.262,5.242,5.484,5.363,5.4
17,H21,8.112,8.083,8.0,8.298,8.133,8.211,8.429,8.336,8.205,8.738,8.374,8.361,8.165,8.08,8.091,7.993,8.45,8.014,8.109,8.428
17,H22,4.896,4.89,4.88,4.864,4.891,4.987,5.044,4.933,4.742,4.994,4.857,4.811,4.914,4.93,4.886,4.947,4.875,4.918,4.898,4.924
17,H3',5.207,5.144,5.033,5.154,5.183,5.023,5.097,5.167,5.165,5.118,5.075,5.22,5.12,5.036,5.154,5.071,5.095,5.171,5.097,5.351
17,H4',4.861,4.706,4.772,4.886,4.834,4.814,4.671,4.878,4.753,4.73,4.806,4.844,4.617,4.813,4.791,4.699,4.719,4.742,4.769,4.947
17,H5',4.757,4.8,4.735,4.752,4.768,4.794,4.735,4.758,4.736,4.748,4.754,4.807,4.658,4.82,4.786,4.837,4.854,4.801,4.838,4.715
17,H5'',4.582,4.604,4.608,4.551,4.608,4.658,4.645,4.609,4.642,4.584,4.686,4.535,4.533,4.623,4.611,4.65,4.61,4.591,4.619,4.472
17,H8,7.885,7.795,7.75,7.766,7.867,7.816,7.971,7.929,7.777,7.887,7.813,7.879,7.713,7.83,7.912,7.756,7.756,7.929,7.827,7.931
17,HO2',3.106,3.322,4.316,2.999,3.083,2.866,3.3,3.024,3.076,3.062,3.051,3.087,3.464,3.116,2.989,3.266,3.424,3.128,3.027,2.991
17,HO5',2.584,2.617,2.611,2.47,2.436,2.396,2.425,2.246,2.513,2.426,2.245,2.527,2.412,2.408,2.508,2.57,2.517,2.439,2.425,2.624
17,N1,138.096,138.509,139.45,138.79,138.321,138.107,136.374,138.624,134.617,136.652,138.001,138.125,137.978,138.416,138.21,138.917,139.019,138.878,138.542,137.94
17,N2,68.998,68.739,67.698,68.035,68.541,68.005,68.363,69.195,74.948,67.649,68.102,68.909,68.937,68.962,69.523,68.106,68.766,68.063,68.468,68.686
17,N3,163.402,164.346,162.904,163.247,162.979,163.556,161.007,163.431,158.867,161.22,163.763,164.01,164.881,163.637,163.694,164.421,163.563,164.518,162.598,164.041
17,N7,228.309,227.922,228.319,228.623,228.319,229.982,232.151,229.957,231.732,231.732,229.637,229.165,223.781,229.704,228.385,227.907,228.801,229.789,228.637,223.754
17,N9,170.345,170.716,172.275,170.332,169.509,170.653,170.96,169.442,171.354,170.854,170.766,170.932,171.01,170.314,170.344,169.765,170.945,169.789,169.333,166.873
18,C1',97.722,97.217,96.991,96.477,96.618,97.576,96.884,96.91,97.189,97.68,95.093,98.042,94.457,97.102,97.415,96.369,96.993,96.698,96.812,95.69
18,C2,141.84,142.152,141.653,141.95,141.661,141.828,142.441,141.92,142.483,142.422,142.165,141.901,142.753,141.993,142.076,142.016,141.767,142.034,142.043,141.866
18,C2',75.832,74.848,75.244,74.832,74.926,75.626,76.395,75.22,76.497,76.341,74.946,75.676,73.986,75.345,75.529,74.952,75.151,75.114,75.063,74.368
18,C3',72.292,71.597,71.803,72.2,71.835,72.089,76.255,71.806,76.255,76.709,72.111,71.965,70.555,71.745,71.767,71.837,71.801,71.669,71.95,71.511
18,C4,145.7,145.706,145.738,145.894,145.688,146.072,146.048,145.745,146.353,146.495,145.973,145.791,145.801,145.61,145.797,145.736,145.89,145.792,145.798,146.427
18,C4',77.819,78.487,77.528,79.696,78.313,77.841,76.849,77.272,77.767,77.309,76.979,77.665,77.815,77.048,77.057,77.481,77.08,76.665,77.101,77.36
18,C5,114.975,115.136,114.701,114.852,114.833,114.804,115.293,114.769,114.433,115.615,114.569,115.437,114.916,114.689,114.525,114.6,114.881,114.776,114.627,115.363
18,C5',63.09,62.515,61.867,63.712,63.174,63.008,68.409,63.597,69.816,68.253,60.986,63.302,61.818,62.53,62.95,62.665,61.865,62.959,62.688,63.494
18,C6,150.121,150.845,150.526,150.256,150.207,150.31,150.994,150.317,150.744,150.871,151.419,149.892,150.029,150.609,150.348,150.804,150.754,150.517,150.866,150.437
18,C8,128.714,128.306,128.632,129.033,128.186,128.36,127.196,128.823,127.546,127.515,128.719,128.43,127.666,128.855,128.939,128.624,129.106,129.039,128.549,126.945
18,H1,12.611,12.564,12.413,12.627,12.528,12.537,12.48,12.561,12.464,12.659,12.556,12.662,12.613,12.457,12.456,12.508,12.479,12.41,12.406,12.76
18,H1',6.462,6.456,6.457,6.393,6.32,6.417,6.231,6.401,6.425,6.176,6.367,6.416,6.156,6.433,6.339,6.428,6.495,6.365,6.359,6.424
18,H2',5.082,4.975,4.939,4.987,4.931,4.989,4.974,4.984,4.842,4.9,4.862,5.032,4.769,4.921,5.005,4.919,4.964,4.973,4.882,5.031
18,H21,8.912,8.919,8.814,9.032,8.952,8.976,8.705,9.094,8.929,8.993,9.101,9.133,9.194,8.946,8.77,8.875,8.969,8.795,8.749,9.271
18,H22,4.898,5.008,4.826,4.835,4.897,4.938,4.907,4.943,4.885,4.777,4.839,4.772,5.008,4.958,4.984,4.985,4.863,4.973,4.918,4.912
18,H3',5.034,4.993,4.928,4.969,4.971,4.95,4.332,5.023,4.307,4.248,4.836,5.012,4.691,4.907,4.942,4.932,4.983,4.962,4.926,4.984
18,H4',4.58,4.641,4.494,4.738,4.583,4.584,4.597,4.602,4.746,4.57,4.522,4.657,4.455,4.548,4.514,4.544,4.638,4.585,4.517,4.707
18,H5',4.4,4.622,4.728,4.385,4.397,4.252,4.497,4.414,4.477,4.465,4.109,4.411,4.444,4.37,4.297,4.475,4.792,4.362,4.363,4.416
18,H5'',4.134,3.986,4.05,4.087,4.137,4.076,4.147,4.172,4.247,4.203,3.886,3.956,4.031,4.045,4.131,4.046,3.975,4.073,4.083,4.137
18,H8,7.271,7.229,7.218,7.167,7.248,7.17,6.884,7.261,6.849,6.902,7.115,7.234,7.085,7.17,7.237,7.278,7.307,7.22,7.219,7.364
18,HO2',3.454,3.35,3.328,3.182,3.461,3.684,3.685,3.523,3.713,3.497,3.238,3.602,3.121,3.543,3.541,3.378,3.408,3.445,3.314,3.034
18,N1,140.375,140.784,140.389,140.901,140.331,140.441,141.22,140.592,142.049,141.356,141.334,140.527,140.716,140.56,140.264,140.324,140.531,140.136,140.794,140.563
18,N2,71.676,71.629,72.233,71.66,71.726,71.579,73.08,72.583,72.964,73.604,71.192,71.57,71.714,72.544,72.338,72.55,72.905,72.435,72.617,71.778
18,N3,165.859,165.769,165.881,165.016,165.194,165.417,167.311,164.436,167.667,167.401,164.877,165.868,166.665,164.678,165.722,165.091,165.227,165.13,165.83,165.98
18,N7,229.48,230.694,231.244,230.569,230.625,231.706,235.763,230.724,234.396,234.489,231.491,232.389,229.36,231.402,231.346,230.029,230.507,230.977,232.117,227.53
18,N9,167.546,167.083,167.104,167.08,166.268,167.332,167.432,166.944,166.438,167.605,166.69,167.581,165.848,167.247,168.177,166.802,167.543,167.328,167.628,164.133
18,P,-18.498,-19.825,-18.927,-18.831,-18.943,-18.297,-17.539,-17.488,-18.634,-17.661,-17.066,-18.956,-19.815,-18.147,-19.098,-18.498,-17.962,-18.613,-18.449,-20.582
19,C1',99.073,98.824,98.931,97.729,98.263,98.991,98.47,98.124,98.384,98.539,97.571,99.109,95.774,98.684,98.789,98.407,98.855,98.548,98.491,97.242
19,C2,148.778,149.14,148.628,149.725,148.537,148.704,148.504,148.457,148.66,148.672,147.543,148.905,148.061,148.588,148.833,148.295,148.574,148.675,148.511,148.312
19,C2',75.462,74.546,74.903,74.421,74.462,75.212,75.017,74.964,74.949,74.994,74.301,75.625,73.575,75.07,75.319,74.431,75.369,74.899,74.67,74.022
19,C3',72.434,71.893,71.803,72.274,71.875,71.741,71.561,72.127,71.301,71.726,72.357,72.033,70.795,71.561,71.743,71.613,71.314,71.546,71.59,71.631
19,C4,149.397,149.919,148.912,149.564,149.014,149.36,149.425,149.021,149.618,149.721,149.182,149.572,150.245,149.29,149.426,149.174,149.264,149.362,149.45,149.759
19,C4',77.828,78.732,77.298,79.866,78.077,77.739,77.013,77.278,78.12,77.221,76.692,78.271,77.613,77.113,77.0,77.32,77.682,77.068,77.606,77.758
19,C5,91.845,91.718,92.062,91.498,91.806,91.448,90.884,91.268,90.93,90.437,91.029,91.69,90.274,91.699,91.586,91.095,91.456,91.282,91.208,90.853
19,C5',63.497,63.178,63.412,64.043,63.956,63.168,62.04,63.808,62.784,62.237,61.905,63.154,63.657,62.723,63.06,63.622,63.083,62.748,62.845,63.337
19,C6,136.766,135.92,136.303,136.197,135.682,136.216,136.452,136.815,137.017,136.545,136.308,136.09,135.111,136.565,136.337,135.85,136.173,136.376,136.217,135.371
19,H1',6.309,6.268,6.277,6.256,6.225,6.337,6.215,6.308,6.328,6.31,6.279,6.375,6.002,6.335,6.278,6.279,6.35,6.269,6.304,6.34
19,H2',5.274,5.142,5.165,5.229,5.107,5.194,5.14,5.223,5.085,5.105,5.075,5.195,4.942,5.056,5.165,5.074,5.088,5.066,5.107,5.268
19,H3',4.978,4.886,4.827,4.899,4.912,4.938,4.876,4.937,4.856,4.848,4.774,4.919,4.664,4.808,4.858,4.832,4.836,4.855,4.883,4.925
19,H4',4.652,4.663,4.615,4.808,4.666,4.661,4.473,4.694,4.553,4.624,4.583,4.658,4.513,4.599,4.548,4.59,4.575,4.572,4.527,4.71
19,H41,9.803,9.83,9.848,9.805,9.824,9.857,9.832,9.883,9.83,9.728,9.632,9.729,9.55,9.814,9.755,9.874,9.787,9.789,9.824,9.835
19,H42,4.968,4.955,4.896,4.966,4.94,5.007,4.95,4.944,5.063,5.107,4.935,5.018,5.06,4.973,4.902,4.98,4.92,4.907,4.914,4.883
19,H5,4.954,4.891,4.911,4.881,4.899,4.91,4.905,4.915,4.931,4.906,4.71,4.865,4.713,4.881,4.921,4.905,4.863,4.889,4.893,4.857
19,H5',4.734,4.708,4.703,4.556,4.7,4.683,4.627,4.703,4.709,4.618,4.234,4.624,4.39,4.714,4.733,4.736,4.68,4.699,4.726,4.54
19,H5'',4.174,4.135,4.076,4.118,4.164,4.096,4.128,4.18,4.15,4.065,3.894,4.027,4.053,4.042,4.111,4.11,4.114,4.134,4.151,4.219
19,H6,7.921,7.876,7.857,7.766,7.816,7.862,7.789,7.901,7.84,7.853,7.824,7.899,7.794,7.864,7.875,7.869,7.87,7.866,7.87,7.927
19,HO2',3.374,3.446,3.248,3.121,3.312,3.794,3.492,3.327,3.649,3.373,3.049,3.687,3.031,3.888,3.585,3.363,3.954,3.536,3.171,3.054
19,N1,153.126,152.885,152.745,152.374,152.118,153.0,152.996,152.328,153.399,153.613,152.403,153.042,150.254,153.457,153.589,152.587,153.132,152.909,152.961,151.008
19,N3,194.47,195.901,195.148,194.794,195.11,195.366,195.951,195.181,195.776,195.738,195.594,194.64,195.278,195.758,195.508,195.685,195.803,195.385,196.05,197.062
19,N4,91.611,92.217,91.576,92.154,91.807,91.95,91.004,91.223,91.234,90.803,91.352,92.244,92.633,91.109,90.923,91.278,91.456,91.333,91.149,91.518
19,P,-19.207,-18.829,-18.167,-18.89,-18.652,-18.342,-18.5,-17.524,-17.193,-17.629,-16.209,-17.93,-18.483,-18.261,-19.722,-17.689,-17.706,-18.137,-19.31,-20.111
20,C1',97.185,96.991,96.717,96.039,96.549,97.034,96.531,96.682,96.887,96.921,96.107,97.803,95.249,96.626,96.713,96.305,96.839,96.501,96.531,96.276
20,C2,146.728,146.655,146.818,146.402,146.727,146.692,147.123,146.92,147.06,146.986,147.227,146.338,147.099,146.858,146.9,146.871,147.115,147.018,147.235,146.185
20,C2',76.036,75.294,75.377,75.111,75.234,75.838,75.487,75.985,75.264,75.669,74.948,75.792,74.313,75.494,75.875,75.028,75.72,75.474,75.222,74.66
20,C3',72.57,71.998,72.156,72.475,72.041,72.119,72.208,72.104,72.064,71.834,72.201,72.342,70.824,71.899,71.972,71.747,72.079,71.781,71.537,71.847
20,C4,141.592,141.743,141.664,141.969,141.822,141.901,141.733,141.545,141.991,142.039,142.291,141.782,141.539,141.841,141.897,141.619,142.006,141.795,141.801,142.579
20,C4',77.477,77.979,76.788,79.379,77.816,77.347,76.574,77.346,76.94,76.99,76.58,77.883,77.358,76.882,76.656,76.91,76.834,76.57,76.799,77.486
20,C5,114.113,113.885,113.512,113.894,113.471,113.624,113.79,113.486,113.573,114.135,114.479,114.38,113.097,113.897,114.068,113.903,114.064,114.095,113.848,114.612
20,C5',63.63,63.303,62.829,63.974,63.498,63.012,62.684,63.958,63.342,62.877,61.541,62.729,63.55,62.422,63.284,63.041,62.796,62.924,63.049,63.492
20,C6,143.555,143.902,143.399,143.424,143.363,143.473,143.72,143.704,143.636,143.881,144.196,143.819,144.369,143.593,143.737,143.587,143.8,143.812,143.89,144.159
20,C8,130.762,129.984,130.943,130.687,130.289,130.668,130.132,130.976,130.205,130.702,130.235,130.576,129.684,131.056,130.425,130.582,130.279,130.55,130.487,128.327
20,H1',6.794,6.787,6.752,6.731,6.683,6.742,6.637,6.793,6.747,6.752,6.65,6.755,6.531,6.779,6.725,6.69,6.773,6.734,6.73,6.823
20,H2,7.369,7.423,7.398,7.371,7.374,7.388,7.385,7.46,7.421,7.424,7.255,7.305,7.362,7.353,7.384,7.397,7.414,7.396,7.478,7.548
20,H2',5.385,5.227,5.247,5.258,5.182,5.23,5.241,5.281,5.151,5.215,5.175,5.284,5.03,5.172,5.267,5.114,5.186,5.171,5.196,5.321
20,H3',5.307,5.196,5.164,5.17,5.217,5.197,5.103,5.188,5.143,5.206,5.034,5.159,4.918,5.137,5.14,5.181,5.075,5.13,5.187,5.138
20,H4',4.683,4.728,4.665,4.867,4.727,4.655,4.575,4.706,4.685,4.672,4.623,4.685,4.612,4.634,4.625,4.617,4.657,4.601,4.58,4.82
20,H5',4.754,4.749,4.722,4.61,4.743,4.764,4.76,4.755,4.838,4.8,4.326,4.724,4.528,4.832,4.764,4.788,4.846,4.755,4.749,4.668
20,H5'',4.22,4.142,4.16,4.148,4.198,4.131,4.161,4.234,4.172,4.182,3.985,4.079,4.075,4.186,4.146,4.188,4.095,4.161,4.194,4.228
20,H61,9.621,9.521,9.513,9.425,9.612,9.554,9.567,9.632,9.625,9.605,9.492,9.583,9.41,9.535,9.683,9.526,9.521,9.613,9.724,9.582
20,H62,5.55,5.539,5.622,5.525,5.582,5.587,5.573,5.566,5.532,5.599,5.456,5.584,5.553,5.651,5.46,5.6,5.616,5.529,5.589,5.506
20,H8,8.049,7.928,8.011,7.871,8.003,7.987,8.047,8.056,8.006,8.046,7.857,7.961,7.763,8.061,8.106,8.057,8.064,8.094,8.109,8.014
20,HO2',3.456,3.462,3.278,3.116,3.441,3.918,3.573,3.647,3.742,3.547,3.143,3.68,3.189,3.692,3.628,3.409,3.923,3.608,3.402,3.127
20,N1,209.695,209.209,210.026,208.886,209.833,209.921,210.827,209.667,210.066,210.01,211.839,209.588,210.428,210.318,210.013,210.388,210.774,210.446,210.516,207.267
20,N3,214.411,215.224,214.49,216.667,214.492,214.757,215.762,213.872,215.088,215.531,215.416,216.026,215.375,214.338,214.295,214.351,216.114,214.926,214.784,213.312
20,N6,84.442,84.146,83.977,83.286,84.178,84.312,85.052,85.288,84.54,83.798,83.704,83.936,83.042,84.437,84.957,85.296,84.338,85.404,84.512,84.693
20,N7,222.16,223.399,221.668,224.362,221.577,221.126,225.447,222.507,223.687,223.044,224.285,224.137,222.134,222.948,224.319,222.086,225.244,223.714,223.174,219.425
20,N9,173.43,173.189,173.539,172.554,172.935,173.695,174.177,174.192,174.237,174.006,173.331,173.254,171.538,174.063,174.864,173.359,174.213,174.059,174.673,171.459
20,P,-18.042,-18.927,-18.254,-18.309,-17.844,-18.507,-19.576,-18.162,-18.46,-18.259,-16.575,-17.962,-19.1,-17.421,-18.554,-18.097,-17.705,-18.639,-17.808,-18.933
21,C1',96.406,96.656,94.743,96.294,96.557,97.17,96.504,94.769,96.591,96.741,95.076,95.518,95.65,96.209,97.272,96.522,96.923,96.321,97.668,95.416
21,C2,141.434,141.355,141.006,141.279,140.922,141.227,141.13,139.824,141.029,141.333,142.381,142.392,141.307,141.061,141.058,141.19,141.172,141.093,142.692,140.577
21,C2',76.469,75.7,75.357,75.686,75.962,76.558,76.028,75.002,74.97,75.289,75.73,76.778,74.319,75.147,75.466,75.681,75.116,75.397,78.426,74.631
21,C3',73.763,72.083,74.106,73.272,73.292,73.254,72.452,73.009,72.395,72.399,72.454,72.926,70.771,72.504,71.987,72.04,71.408,72.163,75.268,72.578
21,C4,145.255,144.369,144.303,144.641,144.775,145.448,145.134,145.292,144.78,144.748,145.651,144.625,144.728,145.319,145.053,145.04,144.585,144.944,146.743,145.539
21,C4',79.105,78.429,76.595,79.195,77.507,77.16,76.15,76.906,77.613,77.535,76.471,79.429,77.796,78.18,76.588,76.452,76.802,76.603,77.315,76.961
21,C5,114.139,113.51,114.503,113.791,115.275,115.02,115.448,113.594,114.6,114.35,112.718,114.97,113.855,114.891,114.724,115.331,114.912,115.677,114.195,115.98
21,C5',62.969,62.509,62.568,63.435,63.045,62.601,62.379,62.495,62.995,62.327,61.71,61.923,63.273,62.794,62.838,63.136,62.437,62.616,63.782,63.035
21,C6,149.184,148.517,150.144,149.304,150.224,150.485,150.647,149.615,150.042,149.018,149.751,148.999,149.176,150.207,149.487,150.186,149.319,149.782,150.632,150.167
21,C8,125.863,126.236,127.119,127.339,126.541,126.845,126.726,125.989,126.329,126.075,126.558,127.112,126.372,127.29,126.59,126.47,126.666,126.578,126.58,125.309
21,H1,12.08,12.195,12.145,12.113,12.034,12.362,12.237,12.244,12.193,12.146,12.76,12.841,12.29,12.262,11.744,12.186,11.583,11.774,12.598,12.684
21,H1',6.341,6.399,6.35,6.321,6.455,6.555,6.433,6.459,6.441,6.353,6.324,6.397,6.161,6.499,6.383,6.441,6.486,6.46,6.998,6.429
21,H2',5.377,4.902,5.007,5.054,4.842,4.739,4.833,4.163,4.985,5.122,4.738,5.176,4.909,4.984,5.243,4.759,5.253,5.019,4.387,4.898
21,H21,8.76,8.983,8.744,9.131,8.137,8.259,7.783,9.158,8.651,9.053,9.41,9.281,8.91,7.956,8.459,7.977,8.607,8.205,9.022,8.885
21,H22,7.071,4.874,4.923,4.944,4.691,4.515,4.505,7.28,4.95,5.123,5.003,4.031,4.771,4.41,5.099,4.582,5.088,4.751,7.889,4.686
21,H3',4.912,4.775,4.983,4.913,4.991,5.041,4.961,4.826,4.906,4.981,4.801,4.785,4.673,4.908,4.946,5.051,4.948,4.992,4.589,5.058
21,H4',4.871,4.576,4.653,4.757,4.699,4.627,4.479,4.413,4.616,4.567,4.385,4.669,4.454,4.669,4.554,4.57,4.572,4.535,5.971,4.706
21,H5',4.679,4.689,4.66,4.575,4.752,4.745,4.762,4.68,4.778,4.722,4.295,4.58,4.416,4.68,4.741,4.829,4.791,4.78,4.794,4.597
21,H5'',4.144,4.056,4.084,4.091,4.128,4.052,4.079,4.084,4.079,4.064,3.893,3.943,3.983,4.065,4.112,4.115,4.097,4.103,4.709,4.142
21,H8,6.95,6.798,6.927,6.835,7.051,7.073,7.139,6.93,6.938,6.914,6.705,6.941,6.772,7.05,7.009,7.097,6.983,7.149,7.018,7.097
21,HO2',3.109,3.662,2.965,3.105,3.591,3.695,3.598,1.96,3.382,3.37,2.163,2.447,3.957,4.246,3.608,4.158,3.777,3.503,2.641,3.102
21,N1,136.641,134.214,135.383,136.552,137.392,136.995,138.275,138.487,136.302,136.233,140.822,137.797,136.252,138.016,135.909,137.623,136.703,137.032,137.056,136.436
21,N2,77.25,71.52,68.919,72.226,70.693,70.382,70.86,83.523,71.595,69.961,78.267,72.339,72.887,72.54,71.144,72.122,73.499,72.287,74.283,69.554
21,N3,160.477,161.122,158.417,160.099,161.349,161.753,164.209,164.352,160.521,161.354,161.739,163.108,163.568,163.904,161.709,162.778,161.546,162.51,164.011,161.993
21,N7,229.9,229.13,231.478,229.158,228.718,230.444,231.537,230.734,229.863,231.967,231.542,233.798,226.601,230.58,231.882,229.368,230.445,231.907,231.241,227.2
21,N9,166.821,167.431,166.182,167.38,167.252,168.111,168.758,168.821,167.872,168.252,165.648,166.824,168.633,169.675,169.098,168.283,168.262,168.016,171.483,165.002
21,P,-18.742,-18.784,-18.848,-19.051,-18.384,-18.243,-18.117,-19.306,-17.843,-18.726,-16.779,-18.725,-17.191,-17.32,-18.479,-16.876,-17.794,-17.895,-17.996,-19.915
22,C1',95.954,92.981,94.518,99.456,95.312,93.966,94.515,91.651,93.962,93.92,94.24,91.868,93.818,92.782,95.054,93.089,94.123,95.924,96.073,96.803
22,C2,147.043,148.309,146.854,146.73,147.867,148.211,148.262,150.577,148.483,149.094,150.698,150.684,148.312,148.687,147.886,147.795,148.068,148.111,148.465,146.462
22,C2',80.991,80.057,76.687,82.846,77.745,77.119,77.255,79.293,75.446,75.341,69.214,71.561,74.679,74.788,75.061,74.364,76.702,75.352,75.682,76.7
22,C3',86.178,85.258,77.883,82.832,76.054,75.579,71.744,74.774,74.266,73.958,73.753,72.847,71.617,73.166,73.305,71.967,74.151,72.209,81.929,71.326
22,C4,141.504,141.566,141.537,141.147,141.958,141.425,141.128,141.904,141.672,142.537,145.675,146.218,141.007,141.709,142.788,141.519,142.568,141.275,143.843,143.312
22,C4',80.541,81.065,76.968,80.71,78.533,78.078,77.663,75.047,78.215,78.311,84.911,86.808,77.877,77.105,77.098,77.802,77.506,79.074,73.645,79.634
22,C5,112.34,111.304,113.509,112.884,113.188,112.875,112.221,108.638,112.407,112.247,113.379,113.681,111.601,111.729,112.316,112.087,112.447,112.844,112.027,112.504
22,C5',68.233,66.136,68.683,68.437,61.888,63.947,63.147,61.781,63.254,63.041,66.75,68.353,62.16,63.17,62.745,63.821,62.376,62.929,66.617,64.289
22,C6,142.21,142.863,142.95,141.428,143.479,143.665,142.866,140.094,143.213,142.341,143.608,143.436,142.078,140.839,142.563,141.578,143.293,142.997,143.318,142.709
22,C8,130.731,129.943,130.734,129.23,130.335,130.825,130.678,130.936,130.882,131.612,133.38,130.232,130.073,131.034,131.237,130.58,131.459,129.877,134.427,128.17
22,H1',6.849,6.959,6.756,6.538,6.749,6.74,6.949,7.538,6.672,6.631,6.864,6.888,6.378,6.609,6.551,6.607,6.704,6.542,6.619,6.748
22,H2,7.729,8.06,8.313,7.797,8.304,8.283,8.388,8.47,8.299,8.166,8.537,8.656,8.441,8.365,8.458,8.441,8.522,8.113,8.428,8.573
22,H2',4.822,4.784,5.094,6.168,4.778,4.584,4.714,4.913,5.258,5.48,5.745,5.13,4.866,5.375,5.41,5.135,4.762,4.996,6.041,4.801
22,H3',5.768,4.633,4.54,4.373,5.22,5.24,5.153,5.076,4.839,4.805,5.425,5.656,4.634,4.88,4.767,4.81,4.608,4.876,4.323,5.137
22,H4',5.802,6.011,4.727,6.431,4.782,4.777,4.56,5.605,4.864,4.794,5.177,5.135,4.467,4.768,4.691,4.71,4.669,4.713,5.112,4.737
22,H5',4.826,4.789,4.158,4.42,4.76,4.53,4.693,4.066,4.732,4.596,3.74,4.162,4.804,4.71,4.721,4.599,4.773,4.691,4.738,4.648
22,H5'',4.211,3.997,4.331,4.236,4.115,4.117,4.021,4.926,4.112,4.09,4.374,4.497,4.053,4.109,4.094,4.099,4.05,4.121,4.421,4.216
22,H61,9.611,9.308,10.141,9.478,10.246,9.577,9.443,8.851,10.062,5.649,5.773,5.992,9.186,6.578,5.975,9.159,9.131,10.084,7.904,10.304
22,H62,5.363,5.397,5.789,5.166,5.953,5.88,6.062,5.558,5.385,5.527,5.813,5.995,5.541,5.801,5.437,5.743,5.533,5.438,6.632,5.583
22,H8,7.981,7.866,7.314,7.468,7.614,7.756,7.716,8.31,7.789,8.058,8.632,9.283,7.782,7.621,7.747,7.736,7.47,7.48,8.517,7.801
22,HO2',3.561,3.865,2.901,2.524,3.231,2.729,5.228,3.923,3.162,3.053,2.001,2.488,3.053,2.934,2.976,2.924,2.883,3.133,3.594,5.306
22,N1,208.822,211.284,210.942,207.323,212.742,213.546,210.86,207.265,211.967,219.53,215.442,214.914,209.709,212.684,219.975,213.848,210.13,212.965,220.985,207.136
22,N3,216.587,210.752,212.662,222.752,212.882,208.127,218.251,232.2,215.04,219.454,214.744,215.749,217.333,213.547,219.1,212.891,219.307,214.262,219.526,218.195
22,N6,86.784,85.435,83.431,85.682,90.855,88.871,89.036,82.21,83.703,79.564,77.453,78.29,82.97,93.268,82.815,90.956,80.555,86.86,92.787,88.946
22,N7,228.195,230.833,226.588,228.569,227.372,225.241,226.51,224.988,227.981,227.312,219.966,230.309,225.522,227.555,230.324,227.913,224.935,229.636,227.328,224.235
22,N9,171.886,171.056,173.104,172.752,173.52,174.161,175.629,178.627,171.473,172.428,176.436,175.857,170.769,171.825,173.113,170.756,173.966,173.161,172.812,174.324
22,P,-17.594,-20.501,-17.808,-16.893,-19.639,-19.788,-20.886,-20.088,-18.314,-19.474,-21.201,-20.197,-16.989,-17.582,-18.32,-17.719,-17.222,-18.441,-15.091,-20.387
23,C1',96.834,96.015,95.185,95.428,93.867,93.302,100.582,98.1,96.487,95.242,95.706,99.566,93.032,98.185,98.67,93.507,91.471,96.356,97.711,95.25
23,C2,146.216,146.371,146.885,146.739,144.07,144.722,147.262,145.774,145.103,144.447,145.448,145.802,143.631,144.88,145.192,144.599,148.504,145.928,145.52,146.04
23,C2',78.507,74.637,77.175,77.293,74.008,76.564,79.489,77.741,77.137,74.633,77.918,78.778,74.795,74.833,79.822,76.244,77.761,78.356,75.759,76.383
23,C3',77.662,72.848,80.044,75.101,72.682,79.646,75.69,75.53,76.478,72.58,78.029,74.45,70.903,72.63,78.137,80.851,77.017,83.404,72.416,78.109
23,C4,155.793,153.962,155.796,151.947,154.917,154.382,154.445,155.614,154.363,153.434,156.563,153.433,152.496,154.813,153.933,154.882,155.283,153.376,153.538,155.275
23,C4',86.365,77.799,83.306,86.811,82.217,81.282,80.609,78.747,78.375,78.486,85.777,80.444,77.992,78.886,76.056,84.299,85.299,82.621,78.972,84.677
23,C5,102.582,103.857,106.777,103.34,103.92,102.148,101.469,109.46,103.346,104.004,103.733,100.803,103.203,103.41,103.879,105.16,104.85,104.013,100.141,103.657
23,C5',70.44,64.971,62.879,68.502,64.089,66.504,68.808,67.347,64.381,63.425,63.399,65.423,63.615,63.718,64.617,66.874,69.416,66.872,63.453,67.86
23,C6,141.233,137.117,138.763,133.312,136.822,136.899,138.115,137.243,136.169,134.886,136.762,137.247,133.475,134.776,134.514,136.091,140.363,136.841,136.63,137.017
23,H1',6.836,6.124,7.159,7.008,6.658,6.836,6.468,6.339,6.145,5.728,6.71,6.33,5.767,6.094,5.994,6.621,7.048,6.603,6.29,7.033
23,H2',4.668,5.374,4.557,4.36,4.138,4.072,4.776,5.003,4.423,5.286,4.347,4.7,4.561,4.306,4.36,4.383,4.641,4.383,5.075,4.532
23,H3,7.784,7.656,7.853,7.84,11.011,9.261,7.917,7.554,7.472,7.254,7.451,7.292,7.133,10.264,7.403,7.841,8.01,7.36,8.024,7.604
23,H3',5.252,4.637,5.06,5.261,4.797,4.889,4.548,4.855,4.882,4.388,4.682,5.025,4.348,4.228,4.198,4.622,4.351,5.033,4.633,4.502
23,H4',5.365,4.907,4.951,5.407,4.907,6.066,5.559,4.748,4.602,4.58,4.728,4.716,4.386,4.535,6.045,4.841,4.913,5.594,4.589,4.745
23,H5,6.358,5.824,6.195,6.197,5.853,4.548,6.056,6.388,5.321,5.114,6.102,6.19,5.077,5.167,5.198,5.467,6.776,5.317,4.769,6.132
23,H5',4.497,4.504,4.286,4.21,3.012,3.467,5.624,4.615,4.229,4.138,4.445,4.562,4.103,4.102,4.22,4.24,4.263,4.785,4.284,4.644
23,H5'',4.23,4.206,3.858,4.855,4.113,3.827,3.972,4.167,4.238,4.103,3.796,4.037,3.952,4.126,5.07,4.192,3.557,3.913,4.167,3.966
23,H6,9.158,8.021,8.154,7.795,6.734,7.549,8.113,8.61,8.076,7.758,8.235,8.565,7.608,7.725,7.833,7.696,8.135,7.929,7.941,8.083
23,HO2',3.148,3.194,2.819,2.792,2.134,5.422,2.254,3.445,3.103,2.898,2.865,3.386,2.909,5.138,3.881,2.948,3.721,2.583,3.653,2.444
23,N1,161.961,155.509,153.928,150.614,154.899,154.524,160.14,156.142,158.608,154.876,158.402,159.026,152.645,158.304,161.402,153.766,157.388,157.325,156.921,155.036
23,N3,157.892,161.179,159.218,157.697,160.899,164.473,165.093,161.041,160.347,159.628,162.029,161.321,157.385,165.514,159.974,159.291,160.099,159.774,157.61,159.438
23,P,-17.341,-13.82,-21.285,-12.124,-18.349,-20.695,-20.265,-18.413,-18.779,-17.034,-17.919,-19.045,-19.264,-16.51,-17.794,-16.801,-15.502,-17.498,-17.014,-22.347
24,C1',94.684,94.85,95.591,95.693,95.302,96.619,97.174,96.22,94.474,99.186,103.132,96.277,98.365,93.624,98.971,98.001,96.532,97.594,96.619,94.643
24,C2,151.933,149.041,149.915,151.864,150.305,149.519,149.416,149.406,148.935,149.481,150.19,149.625,148.134,148.907,149.197,148.932,150.168,148.813,149.93,149.784
24,C2',83.731,76.265,80.039,78.043,77.773,77.065,77.319,77.483,76.946,78.855,70.894,77.958,76.069,77.801,76.673,76.568,77.467,75.462,77.036,77.795
24,C3',78.497,73.477,79.584,79.734,82.572,72.9,73.866,74.234,81.782,75.256,81.538,81.92,74.392,72.178,77.253,73.751,80.893,76.745,78.85,76.994
24,C4,149.986,150.207,148.613,149.325,149.454,150.077,149.133,149.82,148.468,149.076,149.16,148.807,148.341,148.315,149.262,148.789,151.608,148.722,150.057,149.887
24,C4',85.372,77.294,83.373,83.563,81.12,78.107,78.492,76.961,72.172,80.556,76.146,75.632,75.241,78.764,76.572,78.367,78.258,79.13,76.407,85.528
24,C5,91.321,90.055,90.596,88.339,89.082,91.567,96.421,90.919,91.636,90.322,88.735,89.44,89.01,90.39,91.411,91.744,91.736,90.053,91.822,91.508
24,C5',67.997,63.696,67.536,64.804,65.924,64.408,63.483,64.273,66.619,63.456,71.189,66.806,62.926,61.694,70.85,65.565,68.51,69.399,69.539,65.909
24,C6,138.174,139.045,141.092,139.227,139.836,141.291,140.975,136.752,137.201,136.655,136.858,140.315,135.061,139.557,137.951,135.624,139.648,137.085,139.072,138.354
24,H1',6.952,6.436,7.225,7.214,7.145,6.393,6.169,6.379,6.262,6.46,6.114,6.224,6.161,6.62,6.285,6.443,6.359,6.136,6.221,7.259
24,H2',4.378,4.939,4.19,4.479,6.428,4.709,5.287,5.01,4.89,4.772,4.652,5.41,4.826,4.755,5.468,5.127,5.28,5.941,5.38,4.612
24,H3',4.999,4.729,4.939,5.31,4.73,4.665,4.349,4.462,4.117,4.439,4.382,4.476,4.472,4.64,3.992,4.745,4.562,4.069,4.19,5.163
24,H4',4.948,4.877,5.299,4.948,5.665,4.716,4.713,4.637,4.678,4.852,5.461,5.181,6.32,4.341,5.684,4.85,4.774,4.782,5.137,5.022
24,H41,5.149,5.324,5.921,5.503,5.521,5.585,5.475,5.367,5.622,5.299,5.322,5.324,5.085,5.54,5.129,5.16,5.856,5.406,5.523,5.758
24,H42,4.926,4.838,6.189,5.239,5.242,4.973,6.655,7.145,4.969,5.052,4.69,4.846,4.864,4.855,4.799,4.696,5.242,7.631,5.024,5.057
24,H5,6.002,5.472,5.822,5.89,5.915,5.757,7.35,6.081,5.65,5.465,6.028,5.541,5.179,5.356,5.702,5.743,5.695,5.662,5.533,5.579
24,H5',4.211,4.274,4.372,3.669,4.573,4.51,4.539,4.224,4.286,4.199,4.963,4.922,4.122,4.459,4.712,4.472,4.32,4.557,4.31,4.323
24,H5'',4.253,4.217,4.186,3.944,4.62,4.501,4.284,4.146,4.392,4.211,3.356,4.484,4.251,4.199,4.268,4.471,4.723,4.177,4.264,4.201
24,H6,7.74,8.406,8.511,7.71,8.695,8.659,8.482,7.823,7.816,8.116,7.444,8.056,8.171,7.852,7.778,7.937,7.552,7.85,7.64,8.195
24,HO2',2.03,3.166,3.597,2.829,2.649,3.218,3.417,2.981,2.994,4.185,3.126,3.003,3.342,3.176,3.691,3.16,4.361,3.442,3.246,2.691
24,N1,157.031,157.667,159.167,157.928,159.746,158.481,155.471,158.147,156.936,161.142,162.922,156.599,158.53,161.436,155.076,157.552,158.265,150.698,154.338,157.147
24,N3,201.706,204.596,194.922,196.398,193.971,196.467,198.147,194.86,202.42,199.015,196.047,199.114,197.338,202.933,200.712,200.066,202.818,206.419,205.66,197.847
24,N4,75.911,81.158,87.013,79.086,74.926,79.583,80.773,86.536,84.26,76.732,72.055,87.594,83.409,81.355,85.185,74.503,76.169,88.962,81.594,73.558
24,P,-17.721,-18.895,-18.217,-17.681,-17.074,-19.56,-14.127,-20.971,-17.311,-17.258,-20.925,-15.479,-19.363,-19.671,-17.061,-20.058,-16.47,-18.742,-17.719,-24.931
25,C1',92.631,97.482,97.63,96.827,97.247,91.463,96.586,97.955,102.343,96.186,96.688,94.877,95.368,97.759,95.826,96.603,98.889,96.069,94.816,97.35
25,C2,146.82,147.04,147.099,147.612,146.006,146.736,145.591,147.16,145.297,146.924,145.906,144.93,144.75,147.213,145.217,147.673,146.437,145.813,145.987,142.91
25,C2',80.098,76.622,78.276,77.847,79.442,76.534,75.975,80.321,80.378,76.014,75.456,75.814,75.525,77.169,76.063,79.478,77.407,75.64,75.403,74.839
25,C3',77.542,72.957,76.578,78.422,80.671,80.928,73.696,75.028,76.256,78.692,75.542,74.066,77.844,85.608,74.928,78.579,81.782,73.559,74.059,72.026
25,C4,154.961,155.274,154.906,154.025,152.065,155.159,154.362,154.849,154.198,154.913,155.86,154.31,151.948,154.36,154.451,155.101,153.46,153.265,153.41,154.009
25,C4',87.799,79.277,77.413,87.859,88.242,85.534,76.734,85.004,81.422,75.715,77.849,80.029,76.711,80.22,77.288,86.737,77.874,76.49,78.189,77.19
25,C5,103.076,101.517,100.42,103.754,103.519,104.174,104.333,107.13,103.409,103.406,103.438,102.648,102.349,105.007,104.191,100.974,103.697,104.826,104.062,105.541
25,C5',71.971,62.814,68.093,66.456,65.699,68.984,64.172,68.382,64.452,69.16,66.713,62.736,69.586,64.81,62.986,66.696,68.402,62.212,62.684,59.502
25,C6,139.082,137.888,138.822,136.741,138.136,140.989,134.655,137.376,143.98,134.909,138.099,136.78,136.062,137.95,136.188,138.791,137.188,137.404,136.091,135.449
25,H1',6.829,6.363,5.588,7.053,6.935,7.228,6.208,6.652,5.985,6.135,6.107,6.145,5.836,7.036,6.212,6.916,5.572,6.119,6.169,6.441
25,H2',4.843,5.087,4.313,4.481,4.431,4.663,5.006,4.516,5.083,5.484,4.961,5.072,4.952,4.481,5.026,4.342,5.432,5.384,5.288,5.402
25,H3,7.62,7.903,7.606,7.84,8.704,9.921,7.041,8.988,7.252,10.407,9.561,10.988,7.058,7.762,9.799,7.761,7.226,6.879,9.692,7.319
25,H3',4.692,4.438,4.151,5.19,5.164,4.818,4.854,5.592,6.218,4.364,4.308,4.994,4.312,4.751,4.831,5.173,4.152,4.549,4.834,4.838
25,H4',4.688,4.775,4.261,5.199,4.835,4.787,4.658,4.868,4.635,4.763,5.709,4.654,4.419,5.685,4.581,5.274,4.538,4.671,4.595,4.652
25,H5,6.07,6.011,6.104,6.018,5.889,5.895,6.12,5.774,5.857,6.111,6.214,5.725,5.505,6.12,5.63,6.201,5.751,5.57,5.73,5.856
25,H5',4.265,4.34,4.203,4.022,4.151,4.722,4.223,4.658,3.865,4.591,4.794,4.108,4.168,4.791,4.06,4.233,4.916,4.101,4.164,4.675
25,H5'',3.942,4.811,4.164,4.095,4.01,4.26,4.03,4.109,4.403,4.41,4.061,4.13,4.743,4.192,4.138,4.235,4.385,4.133,4.229,4.13
25,H6,8.761,8.308,7.847,8.131,8.922,9.414,8.052,8.645,8.056,7.969,8.217,8.404,8.727,8.684,8.117,8.614,7.643,7.948,8.347,8.503
25,HO2',2.718,3.57,3.051,2.85,2.454,2.841,3.326,3.926,3.526,3.453,3.444,3.172,2.937,2.712,3.349,2.584,3.482,3.178,3.402,3.08
25,N1,158.822,160.463,159.467,157.945,155.582,149.214,156.951,159.012,159.876,152.296,154.349,154.62,151.382,156.886,156.262,159.329,158.882,157.785,154.928,152.258
25,N3,159.145,160.864,163.886,160.905,157.01,157.529,158.353,165.398,161.529,163.496,159.431,159.052,155.848,158.348,156.099,159.977,160.715,160.574,158.135,155.95
25,P,-14.234,-21.664,-18.557,-18.997,-20.97,-11.439,-21.069,-19.131,-21.839,-16.82,-13.336,-17.824,-14.066,-18.25,-19.153,-15.403,-16.457,-17.901,-17.876,-21.749
26,C1',96.434,94.407,98.027,94.766,97.172,97.762,97.358,97.261,94.436,97.509,95.134,97.31,93.662,97.795,96.596,97.251,96.22,96.199,96.175,94.831
26,C2,141.004,140.93,141.981,140.885,141.172,141.096,141.343,140.917,141.903,140.59,142.061,142.034,143.26,141.773,142.203,141.464,141.939,140.9,141.792,141.911
26,C2',75.125,74.448,74.546,75.186,75.116,75.764,76.065,75.587,74.599,75.942,75.61,76.679,75.687,75.719,77.783,77.215,75.813,75.575,76.203,74.881
26,C3',75.309,72.916,75.328,72.354,72.262,73.074,76.552,72.838,73.619,72.456,73.765,74.997,78.811,72.047,78.137,76.344,73.794,72.189,73.69,71.903
26,C4,144.991,144.679,145.361,145.269,145.163,145.661,145.642,144.249,145.409,145.345,146.055,146.211,145.093,145.728,146.027,145.888,145.842,145.214,145.787,145.422
26,C4',81.448,79.206,80.86,79.32,78.66,78.304,77.596,78.022,77.666,77.551,76.845,77.863,73.451,77.223,76.676,77.373,76.709,76.969,77.677,78.381
26,C5,115.758,116.429,115.472,116.47,114.694,115.943,115.624,116.371,114.852,116.198,114.51,115.473,115.021,114.959,115.135,114.932,115.407,115.453,114.72,116.286
26,C5',68.758,61.024,69.379,62.118,63.521,65.668,69.229,67.04,64.19,63.12,61.219,63.573,66.253,62.081,68.849,68.347,63.471,63.399,62.914,63.699
26,C6,150.571,150.962,150.609,150.498,150.681,151.364,151.085,149.958,150.692,150.807,150.781,149.628,150.602,150.896,150.427,150.752,151.701,150.783,150.339,150.896
26,C8,125.535,126.809,128.163,127.783,130.06,129.135,126.643,125.464,127.545,126.925,126.954,127.448,127.445,127.606,126.624,127.845,126.746,126.361,127.22,124.803
26,H1,12.495,12.035,11.784,12.096,11.887,12.128,12.039,11.749,12.121,11.923,11.996,12.116,12.282,12.066,11.804,11.997,12.13,12.101,11.821,12.435
26,H1',6.067,5.751,6.558,6.146,6.526,6.529,6.461,6.547,6.294,6.427,6.391,6.546,5.94,6.4,6.315,6.524,6.327,6.358,6.502,6.218
26,H2',5.153,5.251,5.307,5.18,5.176,5.31,5.161,5.247,5.469,5.161,5.093,5.174,4.972,5.264,5.182,5.191,5.091,5.201,5.127,5.325
26,H21,8.703,8.266,8.345,8.473,8.67,8.843,8.374,8.853,8.618,8.375,8.885,8.873,8.933,8.554,8.314,8.403,8.551,8.456,8.378,9.107
26,H22,4.767,4.497,4.861,4.495,4.886,4.84,4.868,4.882,4.904,4.574,4.847,4.79,4.79,4.836,5.018,4.882,4.966,4.83,4.904,4.786
26,H3',4.315,4.767,4.503,4.935,5.579,5.534,4.624,5.315,5.239,5.141,4.837,4.919,4.529,5.232,4.706,4.703,4.96,5.16,5.018,5.12
26,H4',4.499,4.574,4.703,4.689,4.694,4.759,4.698,4.902,4.751,4.628,4.464,4.581,4.564,4.608,4.748,4.869,4.564,4.659,4.53,4.72
26,H5',4.275,4.327,4.564,4.411,4.708,4.9,4.41,4.649,4.775,4.201,4.128,4.379,4.582,4.464,4.731,4.625,4.407,4.243,4.44,4.51
26,H5'',4.246,4.103,4.236,3.351,4.502,4.42,4.231,4.441,4.342,4.264,4.033,4.229,4.583,4.105,4.525,4.668,4.272,4.261,4.336,4.25
26,H8,6.717,7.063,7.577,7.294,7.995,7.827,7.13,7.581,7.786,7.417,7.689,7.877,8.275,7.776,7.528,7.821,7.748,7.632,7.858,7.621
26,HO2',2.893,3.371,3.119,2.971,3.492,3.593,3.456,3.492,3.444,3.483,3.275,3.765,3.094,3.779,3.636,4.503,3.403,3.593,3.337,3.319
26,N1,138.078,137.72,138.258,138.184,138.432,138.415,138.162,138.84,138.081,137.11,138.319,139.239,139.783,138.814,138.628,138.984,139.476,136.412,138.242,137.578
26,N2,69.668,72.468,73.377,70.974,71.433,68.699,68.885,71.967,71.72,71.416,71.664,72.405,69.662,71.708,72.621,70.433,69.839,72.187,72.81,68.875
26,N3,160.72,164.982,162.086,163.251,161.482,161.273,163.637,158.838,161.135,164.331,162.981,162.466,166.259,161.201,163.056,163.364,162.994,162.078,161.013,164.458
26,N7,233.557,234.232,227.868,234.25,229.935,230.207,235.951,247.137,226.601,232.247,233.425,229.279,228.566,231.074,233.28,229.493,234.08,232.006,232.035,230.868
26,N9,165.732,166.037,167.035,167.387,167.682,169.194,167.805,166.798,167.727,167.858,167.527,168.369,165.128,169.522,169.044,169.03,167.998,167.808,168.407,164.609
26,P,-19.353,-19.714,-18.472,-20.918,-17.756,-14.271,-17.762,-18.856,-21.724,-17.847,-14.6,-16.417,-16.614,-17.585,-16.731,-16.449,-15.205,-17.155,-16.758,-20.192
27,C1',96.914,97.059,96.62,95.751,96.067,96.587,96.371,96.685,97.338,96.952,95.964,97.468,95.072,96.878,96.773,96.34,96.956,96.922,96.711,96.348
27,C2,146.946,146.871,146.838,146.41,146.775,146.453,146.999,146.866,147.271,146.874,147.294,146.724,147.022,147.104,146.909,147.059,147.064,147.072,147.037,146.003
27,C2',76.241,75.473,75.474,75.416,75.229,75.723,75.487,75.689,75.629,75.759,75.161,76.22,74.428,75.578,75.931,75.128,75.593,75.715,75.428,75.057
27,C3',72.95,72.808,72.453,73.012,72.579,72.541,72.067,72.622,72.131,72.263,72.527,72.331,71.045,72.18,72.055,72.101,72.154,72.007,72.329,72.3
27,C4,141.688,141.503,141.489,141.987,141.085,140.945,140.575,141.093,141.617,141.487,142.425,141.905,141.307,141.475,141.663,141.694,141.847,141.433,141.541,141.733
27,C4',77.95,79.224,77.281,80.171,78.286,78.074,77.032,77.741,77.556,77.631,76.73,78.209,77.74,77.012,77.121,77.525,77.435,77.296,76.884,77.922
27,C5,113.972,114.217,113.946,114.262,114.888,115.365,114.995,113.784,113.612,114.309,114.361,114.484,113.247,114.175,113.846,113.816,114.2,113.901,113.885,114.43
27,C5',63.899,64.695,63.112,64.713,64.207,62.945,62.243,64.135,64.457,63.212,61.857,63.192,63.454,63.451,62.562,62.854,63.028,63.033,62.762,64.02
27,C6,142.981,143.292,142.919,142.868,143.898,144.628,144.0,142.99,143.157,143.377,143.665,143.312,144.059,143.316,142.918,143.352,143.214,143.217,142.915,143.311
27,C8,130.706,130.75,131.488,131.075,130.453,127.839,128.657,131.761,131.567,131.164,131.245,131.024,130.734,131.445,131.246,130.951,131.346,130.855,131.129,128.716
27,H1',6.764,6.821,6.746,6.698,6.672,6.628,6.454,6.741,6.744,6.73,6.681,6.755,6.479,6.74,6.668,6.664,6.734,6.648,6.625,6.747
27,H2,7.76,7.813,7.765,7.757,7.735,7.611,7.613,7.78,7.804,7.789,7.694,7.759,7.728,7.765,7.736,7.745,7.762,7.772,7.79,7.878
27,H2',5.308,5.249,5.254,5.28,5.179,5.223,5.281,5.308,5.194,5.223,5.17,5.236,4.992,5.22,5.212,5.191,5.176,5.225,5.189,5.325
27,H3',5.133,5.029,5.08,5.038,5.018,5.094,5.103,5.185,5.11,5.138,4.957,5.137,4.78,5.079,5.081,5.068,5.148,5.082,5.132,5.117
27,H4',4.683,4.804,4.666,4.879,4.763,4.653,4.491,4.742,4.696,4.692,4.629,4.685,4.519,4.689,4.608,4.606,4.665,4.653,4.635,4.832
27,H5',4.407,4.39,4.544,4.465,4.803,4.708,4.671,4.782,4.442,4.731,4.301,4.679,4.368,4.807,4.673,4.77,4.749,4.782,4.775,4.561
27,H5'',4.182,4.259,4.12,4.164,4.08,4.098,4.162,4.221,4.275,4.143,3.967,4.046,4.061,4.139,4.123,4.148,4.108,4.164,4.179,4.228
27,H61,9.688,9.595,9.649,9.484,9.853,10.233,9.77,9.792,9.622,9.611,9.531,9.612,9.326,9.603,9.712,9.547,9.56,9.641,9.715,9.459
27,H62,5.555,5.593,5.606,5.59,8.507,9.619,7.599,5.55,5.551,5.51,5.444,5.47,5.627,5.531,5.55,5.572,5.529,5.477,5.551,5.491
27,H8,7.642,7.56,7.646,7.603,7.796,7.643,7.551,7.786,7.667,7.719,7.631,7.685,7.465,7.751,7.697,7.734,7.723,7.761,7.77,7.741
27,HO2',3.327,3.409,3.236,3.106,3.264,3.742,3.429,3.343,3.953,3.462,3.128,3.64,3.098,3.607,3.586,3.404,3.42,3.603,3.331,3.146
27,N1,210.927,210.282,210.953,209.253,211.787,210.975,209.627,209.787,211.748,210.849,212.298,209.827,210.765,211.672,210.611,212.126,211.201,211.466,211.339,207.794
27,N3,214.316,214.884,213.463,215.619,211.204,208.984,208.559,213.556,214.3,214.277,214.933,215.555,215.726,213.578,214.856,215.15,214.096,214.605,215.395,213.001
27,N6,85.476,85.237,85.136,84.174,92.966,102.226,97.762,86.692,84.585,85.971,85.061,84.824,83.043,85.109,87.041,84.416,84.98,85.526,86.051,84.879
27,N7,223.434,220.985,222.137,225.419,227.733,236.017,234.496,223.915,220.058,222.171,223.151,224.628,220.317,221.665,223.234,222.392,222.305,223.408,223.944,218.73
27,N9,172.021,171.514,172.528,171.499,171.052,170.216,170.512,172.416,172.594,172.789,172.939,172.958,170.546,172.947,173.697,172.466,172.971,172.889,173.083,169.419
27,P,-18.066,-19.02,-17.437,-18.789,-15.703,-19.748,-17.552,-17.297,-17.902,-18.041,-15.773,-17.769,-18.469,-17.817,-17.903,-18.172,-17.839,-18.368,-18.197,-19.964
28,C1',97.248,96.672,96.891,95.873,96.668,97.282,96.421,96.724,96.759,96.584,94.727,97.473,94.044,96.728,97.228,96.491,97.0,96.617,96.797,95.544
28,C2,141.544,142.182,141.757,142.108,141.485,141.516,141.642,141.385,141.748,141.808,142.242,141.943,142.634,141.906,141.661,141.89,141.814,141.928,141.728,141.516
28,C2',75.91,74.997,75.386,74.83,74.865,75.779,75.184,75.295,75.181,75.806,74.953,76.004,73.882,75.546,75.708,75.015,75.506,75.443,75.333,74.438
28,C3',73.314,72.636,72.885,72.899,72.8,73.12,72.87,72.77,72.587,72.462,72.675,72.765,71.21,72.619,72.797,72.518,72.715,72.549,73.116,72.229
28,C4,145.537,145.262,145.271,145.5,145.036,145.407,144.749,145.275,145.397,145.959,145.626,145.607,145.382,145.402,145.665,145.678,145.727,145.498,145.527,145.713
28,C4',77.443,78.295,77.291,79.213,77.534,77.398,76.546,77.23,77.376,77.469,76.536,78.109,77.26,76.991,77.124,76.97,77.417,76.643,77.011,77.277
28,C5,114.885,115.088,114.756,114.719,115.133,114.811,114.885,114.814,114.855,115.096,114.471,115.18,114.847,114.863,114.5,114.879,115.204,115.089,114.452,115.121
28,C5',63.413,63.189,62.731,63.848,63.464,63.028,62.819,63.576,63.0,62.199,61.384,62.888,63.321,63.045,62.824,63.059,62.707,62.77,62.832,63.373
28,C6,149.566,150.07,149.888,149.826,148.952,149.361,149.592,149.986,149.901,149.849,150.658,149.691,149.572,150.167,149.882,150.333,150.338,150.001,150.068,149.584
28,C8,126.352,126.38,126.457,126.833,125.357,125.883,125.3,126.562,126.2,126.534,126.559,126.425,125.925,126.827,126.352,125.773,126.299,126.642,126.217,125.418
28,H1,12.802,12.742,12.706,12.848,12.61,12.749,12.53,12.797,12.813,12.788,12.701,12.865,12.678,12.709,12.693,12.688,12.807,12.656,12.69,12.849
28,H1',6.516,6.53,6.491,6.472,6.415,6.633,6.339,6.475,6.536,6.532,6.454,6.533,6.218,6.54,6.349,6.419,6.532,6.437,6.42,6.5
28,H2',5.007,4.899,4.901,4.926,4.898,4.966,4.988,5.0,4.841,4.915,4.823,4.935,4.706,4.867,4.917,4.871,4.878,4.931,4.882,5.004
28,H21,9.005,8.915,8.87,9.142,8.998,8.971,8.668,9.199,9.005,9.07,9.227,9.222,9.238,8.991,8.773,8.881,8.996,8.782,8.797,9.387
28,H22,5.039,5.049,5.021,5.043,5.004,5.154,5.024,5.034,5.169,5.076,5.0,4.973,5.012,5.071,4.968,5.034,5.034,5.133,4.991,5.062
28,H3',4.89,4.827,4.752,4.841,4.884,4.799,4.826,4.883,4.791,4.848,4.747,4.854,4.555,4.746,4.81,4.782,4.757,4.787,4.807,4.908
28,H4',4.632,4.661,4.591,4.823,4.708,4.655,4.513,4.617,4.663,4.559,4.579,4.633,4.509,4.601,4.462,4.579,4.598,4.605,4.544,4.737
28,H5',4.705,4.745,4.704,4.566,4.763,4.767,4.775,4.714,4.859,4.723,4.29,4.714,4.484,4.787,4.723,4.763,4.78,4.749,4.726,4.618
28,H5'',4.074,4.042,4.026,4.068,3.994,3.928,4.027,4.129,4.051,4.065,3.871,3.976,3.983,4.022,4.08,4.08,4.051,4.079,4.077,4.153
28,H8,6.999,6.987,6.949,6.894,6.899,6.949,6.974,7.023,6.968,7.023,6.857,6.969,6.817,6.99,7.014,6.983,6.975,7.069,7.004,7.075
28,HO2',3.412,3.378,3.21,3.064,3.304,4.012,3.547,3.405,3.405,3.44,3.061,3.684,2.962,3.613,3.61,3.372,3.433,3.493,3.321,3.019
28,N1,139.121,139.081,139.324,139.39,139.468,138.514,139.03,139.628,139.296,139.159,139.708,139.466,139.001,139.258,139.059,139.389,139.871,139.27,138.987,139.07
28,N2,74.501,74.422,73.786,74.613,74.383,75.329,74.135,75.462,74.87,74.445,74.13,74.538,74.5,75.289,74.701,74.811,74.736,73.902,75.473,73.86
28,N3,161.946,162.764,162.177,162.003,159.476,160.402,160.454,161.249,162.287,163.176,161.979,162.28,164.401,161.839,164.059,164.754,163.162,163.212,163.321,162.76
28,N7,230.025,229.536,231.612,229.97,232.169,233.278,236.63,231.869,229.834,230.963,231.321,229.684,227.743,230.311,231.317,231.01,232.644,231.33,231.804,225.882
28,N9,168.071,167.694,167.339,167.607,167.144,168.061,167.525,167.468,167.414,167.944,167.252,168.309,166.303,168.049,168.586,167.409,167.843,168.062,167.747,164.541
28,P,-17.968,-18.238,-17.969,-17.964,-19.07,-18.494,-18.916,-18.154,-18.053,-18.126,-15.811,-17.597,-17.863,-17.013,-17.128,-17.98,-18.724,-17.92,-18.683,-18.911
29,C1',98.691,98.144,97.893,97.458,99.029,97.977,98.813,97.708,98.685,98.807,97.471,99.007,97.163,98.641,98.283,95.666,98.793,97.932,96.172,97.184
29,C2,148.724,149.085,148.603,149.731,148.788,149.916,148.47,149.246,148.736,148.116,147.369,149.194,147.853,148.323,149.289,148.144,148.477,148.347,148.737,148.23
29,C2',76.248,74.83,74.493,74.995,77.643,76.094,75.204,79.969,76.222,75.666,75.083,75.73,74.207,75.591,76.706,75.563,75.765,74.97,76.038,74.788
29,C3',73.148,72.352,73.064,72.682,77.084,71.917,72.658,74.834,72.577,72.724,72.725,72.945,70.727,72.625,74.027,73.817,72.832,72.609,73.645,72.437
29,C4,148.182,149.23,148.039,148.979,148.264,149.007,148.587,148.688,148.802,147.782,148.379,148.846,149.546,148.08,149.083,147.927,147.854,147.475,148.162,148.028
29,C4',77.793,80.239,79.197,80.114,77.854,79.513,76.772,78.062,77.97,77.494,76.93,79.59,77.998,77.316,79.276,77.55,77.778,77.527,77.5,77.554
29,C5,92.442,90.524,91.75,91.644,91.136,92.271,91.911,90.655,91.174,91.801,91.575,91.3,90.695,91.648,92.111,92.191,92.168,92.565,91.933,92.468
29,C5',63.083,63.106,62.922,63.689,63.05,62.861,62.43,63.694,63.24,62.478,61.38,63.017,63.766,62.865,62.711,62.971,62.644,62.891,62.987,63.661
29,C6,135.938,135.402,135.577,135.485,134.813,134.32,134.654,135.195,136.37,135.548,135.87,135.394,133.946,135.85,136.626,135.523,136.071,136.59,136.593,134.537
29,H1',6.375,6.263,6.268,6.29,6.142,6.294,6.257,6.353,6.42,6.293,6.313,6.355,6.055,6.35,6.357,6.171,6.278,6.281,6.282,6.301
29,H2',4.79,4.845,4.674,4.866,4.614,4.69,4.986,5.196,4.417,4.8,4.649,5.052,4.552,4.795,4.757,4.888,4.698,5.16,5.0,4.844
29,H3',4.848,4.675,4.53,4.756,4.48,4.577,4.674,4.431,4.769,4.746,4.645,4.607,4.427,4.69,4.854,4.713,4.757,4.771,4.756,4.86
29,H4',4.58,4.761,4.687,4.748,6.128,4.669,4.539,5.179,4.6,4.564,4.57,4.797,4.478,4.586,4.717,4.734,4.59,4.58,4.656,4.704
29,H41,9.41,9.88,9.503,9.848,9.499,9.775,9.926,9.864,9.736,9.318,9.777,9.746,9.55,9.724,9.196,9.633,9.356,9.469,8.78,9.766
29,H42,4.978,4.97,4.815,4.92,4.906,4.842,4.904,4.994,5.01,4.923,4.919,4.914,5.026,4.751,4.841,4.909,4.88,4.709,4.785,4.939
29,H5,4.957,4.919,4.84,4.888,4.798,4.967,4.795,5.129,5.069,4.828,4.76,4.804,4.685,4.876,5.059,4.902,4.882,4.824,4.606,4.855
29,H5',4.695,4.683,4.59,4.555,4.748,4.644,4.737,4.749,4.782,4.705,4.247,4.612,4.395,4.765,4.659,4.763,4.721,4.669,4.671,4.592
29,H5'',4.098,4.055,4.004,4.1,4.229,4.004,4.025,4.275,4.135,4.008,3.848,3.951,3.964,3.98,4.127,4.059,4.039,4.016,4.02,4.141
29,H6,7.843,7.745,7.716,7.646,7.707,7.729,7.702,7.757,7.889,7.799,7.734,7.771,7.636,7.741,7.926,7.844,7.81,7.729,7.755,7.826
29,HO2',3.272,3.918,4.05,3.044,3.965,4.056,3.337,3.87,3.893,3.357,3.048,4.169,4.184,3.749,3.449,3.584,4.174,3.204,2.984,3.022
29,N1,154.032,153.9,153.672,152.915,154.59,153.844,152.565,153.401,155.478,153.83,152.972,154.685,152.341,153.765,156.678,151.337,154.105,153.005,152.137,151.426
29,N3,196.442,194.665,195.166,195.449,191.576,189.726,196.942,191.023,194.749,195.972,196.093,193.448,194.083,195.882,193.871,197.351,196.799,193.376,194.525,197.95
29,N4,93.35,90.939,93.591,92.766,91.513,94.87,97.829,92.696,91.456,95.157,92.43,92.107,91.344,95.066,93.08,95.366,95.4,95.495,94.229,94.256
29,P,-18.947,-20.001,-19.264,-19.336,-17.91,-19.217,-19.88,-19.53,-17.804,-18.652,-16.56,-19.423,-19.572,-18.384,-19.319,-18.457,-18.978,-17.517,-19.553,-18.883
30,C1',94.795,95.642,95.042,94.094,97.506,99.579,97.515,98.657,94.415,94.441,95.021,95.911,94.072,94.563,95.462,96.803,94.559,97.941,97.883,96.213
30,C2,148.702,149.721,149.212,150.265,148.629,150.21,148.273,150.058,148.523,146.904,147.557,149.084,147.498,146.485,148.64,148.571,146.772,146.992,147.28,148.597
30,C2',76.904,75.836,76.484,75.561,74.49,74.194,75.558,74.827,74.773,75.386,75.774,75.772,74.57,76.089,75.741,77.162,75.617,74.989,76.377,74.288
30,C3',74.746,74.51,74.586,73.292,73.6,74.835,73.891,77.203,73.115,73.018,72.304,74.196,71.553,73.138,73.235,79.293,73.377,72.145,81.373,71.309
30,C4,148.226,150.195,148.289,148.977,148.955,148.955,148.032,148.997,147.242,147.578,147.942,149.275,149.011,146.728,147.648,146.481,146.093,147.729,149.199,146.981
30,C4',77.223,78.964,78.061,78.295,78.136,81.216,78.178,75.491,77.61,76.338,76.89,78.02,77.612,77.87,78.061,76.188,78.217,78.554,75.087,77.186
30,C5,90.309,92.172,89.613,93.226,92.758,86.307,89.659,88.941,91.793,88.176,92.419,93.477,93.53,88.567,91.446,94.349,91.13,88.778,92.807,91.621
30,C5',63.87,62.525,63.772,63.168,66.897,69.292,62.284,71.351,63.597,62.299,61.651,61.518,62.786,63.563,65.453,69.205,63.306,63.407,67.202,63.299
30,C6,137.227,136.567,139.618,134.724,136.518,140.503,136.453,139.337,136.312,139.287,135.09,135.861,134.5,138.287,137.808,135.079,140.061,136.338,139.757,136.694
30,H1',6.785,6.359,6.597,6.491,6.282,6.286,6.158,6.331,6.461,6.699,6.533,6.387,6.299,6.497,6.317,6.326,6.709,6.345,5.669,6.652
30,H2',4.794,4.704,4.62,4.973,4.701,4.775,4.554,4.628,5.187,4.868,4.821,5.181,4.56,4.839,5.35,5.156,5.306,4.84,6.122,5.205
30,H3',4.827,4.749,4.771,4.695,4.766,3.844,4.368,4.293,4.535,4.854,4.691,4.607,4.494,4.749,4.724,3.909,4.615,4.489,4.12,4.792
30,H4',4.899,4.723,4.714,4.854,4.58,4.736,4.712,7.056,4.789,4.649,4.559,4.728,4.455,4.636,4.718,4.946,4.795,4.764,4.869,4.777
30,H41,5.61,9.69,5.786,9.402,9.586,4.859,5.275,5.456,8.115,5.545,9.267,9.862,9.528,4.853,7.827,9.537,5.868,5.04,5.49,5.558
30,H42,5.203,5.002,5.166,4.696,4.801,5.346,4.685,5.097,4.865,4.865,4.634,4.81,4.675,4.691,4.906,4.946,4.502,4.761,4.68,4.747
30,H5,5.463,5.401,5.65,5.293,5.493,5.804,5.23,5.778,5.438,5.543,5.237,5.486,5.3,5.386,5.312,5.183,5.439,5.224,6.162,5.28
30,H5',4.569,4.874,4.666,4.551,4.392,4.744,4.551,4.888,4.525,4.532,4.254,4.783,4.666,4.555,4.384,4.866,4.429,4.416,4.585,4.44
30,H5'',4.159,4.128,4.075,4.092,4.137,4.262,4.042,4.482,4.163,4.054,3.927,4.076,4.086,4.097,4.187,4.282,4.11,4.073,4.206,4.183
30,H6,8.074,8.146,8.326,7.573,7.722,7.838,7.477,7.865,7.837,8.346,7.697,7.959,7.977,8.249,8.139,7.525,8.233,8.043,8.521,8.056
30,HO2',2.887,3.0,2.909,2.832,2.761,5.14,2.752,3.611,2.846,3.183,3.043,3.064,2.967,3.13,3.1,3.942,3.148,3.974,3.32,3.032
30,N1,157.452,154.211,160.926,152.477,154.508,162.11,156.603,158.141,153.375,161.292,153.305,154.266,152.215,158.814,155.355,149.66,158.651,156.011,153.895,154.721
30,N3,206.681,197.042,201.052,194.354,200.741,205.478,206.939,195.56,210.872,198.49,191.503,197.285,195.597,198.816,200.746,194.733,198.797,205.635,204.991,208.548
30,N4,89.685,86.998,82.686,95.818,88.294,75.419,84.778,78.264,102.316,82.662,98.13,93.771,97.006,82.188,100.841,100.708,87.447,80.732,80.612,89.766
30,P,-19.463,-19.87,-19.339,-18.493,-13.54,-17.519,-19.449,-14.86,-18.767,-19.67,-17.608,-18.301,-18.556,-18.497,-19.047,-17.491,-18.613,-18.182,-15.212,-19.95
31,C1',97.169,95.701,99.581,96.852,94.812,92.831,95.939,97.993,97.305,95.7,97.544,98.47,94.382,99.651,95.409,95.36,98.89,93.503,97.078,97.103
31,C2,144.207,147.634,146.319,145.675,146.529,147.186,146.182,145.476,145.374,146.692,144.631,143.688,143.03,144.655,145.551,146.322,145.783,145.322,145.857,142.116
31,C2',77.949,76.114,73.624,78.128,77.128,78.581,77.08,76.013,75.217,75.962,77.648,76.14,74.938,75.812,76.132,76.14,76.45,76.852,78.782,78.425
31,C3',70.868,73.835,71.959,77.917,81.005,70.027,73.413,76.752,71.612,73.601,76.718,72.303,70.751,81.211,73.305,71.975,71.033,72.019,75.563,70.837
31,C4,155.207,154.063,154.495,154.546,154.157,156.463,155.001,153.981,152.967,154.458,155.999,155.022,152.74,153.915,153.521,156.085,155.598,152.87,154.375,154.363
31,C4',78.143,78.743,78.442,79.675,83.969,76.156,76.857,79.275,78.372,88.14,77.573,78.732,79.596,75.304,77.621,77.99,80.334,78.089,81.221,77.657
31,C5,105.703,102.527,100.134,104.307,104.101,103.388,104.035,105.063,105.658,103.162,104.94,101.925,100.729,102.086,104.707,105.128,104.934,105.761,100.88,99.859
31,C5',63.879,63.248,64.875,68.352,66.428,60.67,63.394,70.934,63.772,70.998,68.188,63.964,64.561,67.386,63.493,62.631,63.031,63.816,64.962,62.303
31,C6,133.023,135.403,137.483,135.618,138.702,136.49,138.309,137.585,136.322,137.55,136.281,136.5,135.06,136.627,136.808,137.355,135.52,134.991,137.632,136.771
31,H1',6.167,6.217,6.231,6.253,7.019,6.781,6.484,6.215,6.382,6.773,6.45,6.694,6.158,6.149,6.308,7.511,6.592,6.27,7.265,6.665
31,H2',4.963,5.075,5.152,4.612,4.431,4.827,4.481,5.405,4.286,4.519,4.402,5.115,5.233,4.975,5.429,4.617,4.615,4.771,4.782,5.801
31,H3,10.967,10.146,6.884,8.109,7.492,9.893,9.485,7.124,9.048,7.668,8.256,8.527,9.64,6.354,8.658,7.805,7.858,10.31,7.754,7.602
31,H3',4.992,4.667,4.577,4.26,5.214,4.565,4.738,4.211,4.579,4.464,4.257,4.918,4.742,4.27,4.525,4.558,4.608,4.646,4.53,4.481
31,H4',4.558,4.771,4.874,5.045,5.322,5.041,4.283,4.752,4.414,5.748,4.754,4.743,4.55,4.805,4.619,4.21,4.53,4.512,5.153,4.748
31,H5,4.694,5.372,5.271,5.675,5.672,5.43,5.834,5.829,5.624,6.088,5.639,5.341,4.865,5.414,5.438,5.927,5.501,4.786,5.33,5.553
31,H5',4.096,4.178,4.185,4.623,4.275,4.708,4.252,4.45,4.154,4.537,4.307,4.255,4.21,4.642,4.186,4.143,4.177,4.256,4.01,4.386
31,H5'',4.274,4.316,4.105,4.165,4.142,4.627,4.067,4.333,4.182,4.096,3.908,4.093,4.052,4.421,4.19,4.086,4.197,4.097,4.132,4.319
31,H6,7.633,8.146,8.161,7.689,8.621,8.557,8.307,7.916,8.043,8.049,7.664,8.479,8.288,8.072,8.223,8.064,8.332,7.999,8.59,8.685
31,HO2',2.749,3.152,6.936,3.166,2.556,3.501,2.148,3.279,3.637,3.97,3.204,3.598,3.24,3.446,3.481,6.183,6.387,3.104,3.582,7.118
31,N1,147.658,155.168,163.497,156.803,157.269,156.059,161.015,154.407,159.535,158.644,156.696,155.833,152.046,155.431,158.744,162.486,159.168,152.161,164.897,156.166
31,N3,161.053,161.337,162.02,166.26,159.123,165.662,164.444,159.495,165.861,159.951,164.468,156.264,154.084,168.025,163.791,158.723,159.709,156.501,158.792,169.338
31,P,-21.721,-19.482,-19.103,-17.911,-17.187,-19.546,-18.345,-19.908,-17.598,-19.963,-17.946,-17.552,-19.735,-16.181,-16.409,-18.601,-18.373,-19.33,-16.1,-21.326
32,C1',96.303,94.428,95.636,94.358,94.381,95.575,95.019,95.31,96.137,97.844,96.475,95.602,96.275,93.958,93.654,94.838,91.87,92.065,95.671,99.779
32,C2,140.01,141.382,139.463,142.101,139.642,139.556,142.138,142.636,141.573,140.135,140.704,141.412,142.453,140.858,139.919,141.065,141.417,141.392,142.047,138.345
32,C2',74.84,76.87,74.992,77.591,74.406,74.553,78.382,75.403,77.323,74.494,72.754,76.205,74.976,75.327,77.573,76.4,78.649,77.265,78.201,75.382
32,C3',73.987,72.379,73.077,76.49,72.728,74.326,75.752,71.299,86.281,71.87,81.674,81.953,78.293,72.406,78.035,76.49,80.874,80.41,76.33,78.79
32,C4,144.862,145.337,143.39,147.313,144.082,144.393,144.742,147.932,147.148,145.481,147.168,147.612,143.744,147.575,144.79,145.18,146.036,147.724,146.713,140.138
32,C4',78.066,78.636,79.123,88.096,79.235,77.519,77.251,79.06,86.617,78.626,81.243,77.624,77.356,77.988,75.257,78.491,87.263,85.729,85.288,77.81
32,C5,115.148,115.606,114.67,114.287,115.668,115.281,114.551,111.376,113.417,114.268,114.883,116.145,116.249,110.753,114.025,115.424,113.867,113.679,114.208,111.314
32,C5',63.669,65.901,64.231,67.454,66.605,65.633,68.323,63.816,65.789,66.18,66.035,66.943,68.623,62.811,68.069,68.7,69.785,66.505,67.389,73.899
32,C6,147.685,149.425,147.633,149.481,147.825,147.753,148.498,148.966,149.546,147.899,150.109,149.269,149.382,147.779,149.361,149.476,149.597,150.015,149.911,145.132
32,C8,129.219,129.714,130.641,128.322,130.009,128.376,132.056,126.058,132.873,128.093,133.567,127.142,125.587,127.478,127.609,129.363,131.698,129.58,129.635,146.005
32,H1,6.698,7.448,6.741,7.393,6.626,6.609,8.178,7.187,7.073,6.457,7.302,7.429,7.417,7.36,5.815,7.406,7.371,7.03,7.433,6.614
32,H1',6.312,6.609,6.273,6.77,6.285,6.26,6.13,6.259,7.738,6.351,6.369,6.499,6.164,6.218,5.794,6.515,6.768,6.462,6.85,6.416
32,H2',5.893,4.885,5.669,4.754,5.718,5.613,4.867,5.2,4.808,5.161,5.288,4.96,5.328,4.58,4.632,4.974,5.075,4.401,4.602,5.638
32,H21,4.787,4.993,4.806,4.992,4.879,4.86,7.816,7.567,4.853,4.521,5.066,5.102,5.138,7.473,6.246,5.042,4.985,5.143,5.114,4.678
32,H22,5.233,5.282,5.263,5.313,5.315,5.298,5.018,9.65,7.537,5.085,4.838,5.334,4.975,4.91,6.539,5.305,5.435,6.242,5.473,4.905
32,H3',4.999,4.584,4.828,4.658,5.127,4.6,6.51,4.978,4.943,5.134,5.077,4.642,4.019,4.546,4.293,4.268,4.712,4.546,4.695,5.021
32,H4',4.672,4.767,4.63,5.126,4.774,4.653,4.759,4.808,5.327,4.699,4.993,4.536,5.55,4.657,4.681,4.666,4.979,4.808,6.428,4.997
32,H5',4.47,4.676,4.461,4.201,4.618,4.708,4.218,4.218,4.45,4.359,4.214,4.258,4.359,4.227,4.633,4.506,4.266,3.892,4.651,4.336
32,H5'',4.182,4.288,4.021,4.083,4.171,4.009,4.595,4.294,4.087,4.287,3.603,4.493,4.252,3.992,4.356,4.178,4.157,3.946,3.89,4.575
32,H8,7.7,7.831,7.813,7.855,8.068,7.696,7.421,7.851,8.188,7.68,7.812,7.934,7.358,7.32,7.858,7.617,8.663,7.81,7.799,12.623
32,HO2',3.18,3.408,3.313,2.532,3.138,2.933,2.954,7.005,3.763,4.193,2.641,3.126,1.218,7.634,3.132,3.555,3.543,1.021,3.466,2.954
32,N1,134.915,135.03,136.684,137.195,135.958,135.944,146.656,134.959,143.448,136.542,135.44,136.172,132.639,129.591,130.04,134.87,136.064,138.994,137.505,130.174
32,N2,66.556,65.119,65.006,64.365,66.469,65.357,73.634,86.264,77.451,66.16,60.656,64.932,63.899,82.833,93.007,64.946,63.617,73.927,62.915,62.002
32,N3,162.412,158.926,162.387,156.853,161.568,162.862,162.416,162.55,152.201,160.827,165.798,156.489,167.487,172.335,159.815,159.334,155.918,169.428,158.078,160.961
32,N7,231.579,228.485,232.416,239.948,229.357,233.241,228.671,234.045,230.429,230.873,234.715,237.586,228.855,232.805,229.852,227.497,231.187,241.901,236.015,211.984
32,N9,169.511,169.938,167.539,171.989,167.824,167.54,171.715,170.846,171.78,174.285,169.952,174.838,171.048,174.953,165.414,169.422,170.679,169.706,172.976,161.566
32,P,-14.304,-15.778,-14.321,-18.775,-13.38,-16.357,-20.525,-17.199,-19.213,-20.548,-14.617,-18.636,-15.381,-17.351,-16.156,-20.68,-19.15,-15.624,-20.218,-18.602
33,C1',94.208,95.123,93.619,96.718,94.047,93.928,93.395,95.375,96.511,93.572,92.846,88.967,81.113,96.081,95.306,93.902,95.433,93.157,96.008,96.15
33,C2,139.303,142.098,141.216,140.734,140.383,140.859,140.484,139.449,141.048,140.088,141.13,142.429,143.554,139.677,141.034,140.824,142.115,141.178,139.904,138.385
33,C2',75.319,77.227,77.511,77.39,73.874,76.847,75.635,74.774,77.214,74.956,76.633,77.308,76.754,75.317,77.994,76.58,72.18,78.163,73.709,67.622
33,C3',73.779,77.248,74.979,78.235,72.487,72.515,73.326,72.783,80.189,73.301,74.696,80.387,74.868,73.557,74.54,79.67,73.478,86.687,73.662,75.571
33,C4,143.37,146.859,144.235,146.802,143.85,144.315,143.556,143.182,145.191,143.775,147.025,146.583,146.407,143.556,145.422,145.706,143.974,147.455,143.05,147.716
33,C4',78.466,80.536,77.715,82.084,78.101,78.11,75.962,80.792,75.32,77.927,77.19,72.904,81.646,79.574,78.801,76.853,77.951,81.675,78.124,83.519
33,C5,116.351,114.674,114.473,114.835,116.174,115.517,113.595,114.431,115.794,114.406,114.338,115.821,113.413,114.735,115.584,112.785,114.181,113.538,113.167,115.742
33,C5',64.751,70.922,62.57,67.77,63.611,62.115,62.63,64.488,72.42,63.298,59.339,71.939,71.432,64.053,67.108,64.122,60.926,66.81,62.967,64.345
33,C6,147.895,149.583,149.565,148.962,148.55,149.448,147.244,147.711,150.026,146.893,149.948,148.939,148.481,147.921,149.219,147.226,147.008,148.978,146.328,149.745
33,C8,127.673,127.492,130.435,127.144,127.409,128.737,128.116,131.284,129.203,128.577,126.657,127.288,127.512,132.077,130.996,132.566,129.242,131.986,128.475,132.394
33,H1,6.838,7.353,7.47,7.419,6.676,7.37,7.229,6.704,7.457,7.066,7.412,7.515,7.297,6.857,7.401,7.151,7.215,7.288,6.574,7.302
33,H1',6.186,6.722,6.206,5.875,6.269,6.336,6.136,6.254,6.375,6.057,5.858,6.282,6.466,6.311,6.339,6.189,5.966,6.67,6.125,6.584
33,H2',5.75,4.391,4.593,4.778,5.405,4.801,5.164,5.543,4.626,5.469,4.1,4.341,3.921,5.689,4.881,5.437,4.458,4.799,5.861,6.517
33,H21,4.91,5.129,5.282,5.507,4.899,5.098,4.96,4.894,5.01,5.139,5.478,5.166,4.654,4.91,4.991,4.882,4.843,4.878,3.514,5.181
33,H22,5.319,9.378,5.379,7.862,5.313,5.293,5.215,5.303,5.002,5.237,9.32,5.407,8.732,5.304,5.36,5.437,4.815,6.051,4.816,8.544
33,H3',5.122,4.147,5.117,4.327,4.966,4.545,5.009,5.008,4.583,5.002,4.674,4.33,4.327,5.092,4.509,4.787,4.557,4.802,5.138,5.132
33,H4',4.652,4.631,4.358,4.935,4.733,4.433,4.491,4.769,4.944,4.656,4.156,6.996,4.016,4.65,4.304,4.782,4.621,5.365,4.6,4.902
33,H5',4.207,4.644,4.085,4.519,4.329,3.702,4.038,4.602,4.691,4.618,4.168,4.173,4.361,4.452,4.211,4.762,4.38,4.838,4.074,4.671
33,H5'',4.089,4.15,3.957,4.152,4.242,3.806,4.093,3.877,4.888,4.148,3.95,4.175,4.26,4.037,3.453,4.251,3.865,4.062,4.074,3.663
33,H8,7.675,7.578,7.849,7.513,7.565,7.558,7.216,7.755,7.459,7.5,7.787,7.368,7.179,7.67,8.026,7.734,7.569,8.048,7.809,8.066
33,HO2',3.088,3.005,3.166,5.701,3.136,3.249,3.228,3.134,2.694,3.178,3.976,3.591,3.103,3.221,2.955,3.072,4.306,3.208,3.015,2.373
33,N1,133.871,137.126,137.161,136.044,133.797,136.439,136.417,136.89,139.228,132.437,134.28,133.133,134.263,135.841,134.73,136.036,135.711,132.569,138.698,133.428
33,N2,62.216,71.286,62.137,78.04,63.971,63.596,62.723,66.729,64.979,62.536,77.442,63.789,75.687,67.064,63.998,63.99,70.437,64.902,69.184,79.912
33,N3,161.392,163.06,160.963,160.751,161.368,158.328,158.395,163.117,161.216,164.612,160.548,164.968,161.116,163.434,157.995,163.757,160.859,162.984,167.669,159.206
33,N7,252.215,231.524,230.135,231.586,235.268,235.078,246.717,231.49,235.302,241.707,233.249,232.882,233.321,229.17,224.935,230.629,229.597,228.948,252.503,228.238
33,N9,164.038,170.361,169.658,172.321,166.612,170.172,167.272,166.895,169.428,167.261,170.821,177.775,180.728,166.848,170.507,172.553,171.605,172.461,164.292,164.31
33,P,-17.435,-16.49,-19.064,-15.688,-19.902,-22.055,-16.615,-15.031,-20.447,-20.155,-16.681,-20.618,-11.434,-16.636,-20.562,-16.449,-19.926,-15.061,-19.111,-19.967
34,C1',94.415,91.29,92.683,89.911,95.721,94.003,92.919,94.951,92.908,93.46,89.274,90.513,87.838,93.688,95.57,89.363,97.885,97.249,96.066,95.146
34,C2,140.047,141.916,139.464,142.085,140.324,140.878,143.862,140.238,141.802,140.961,142.485,142.215,142.565,141.804,141.76,143.041,141.176,143.831,141.976,140.801
34,C2',75.762,74.575,74.972,75.797,74.068,78.428,76.495,76.556,77.718,75.224,75.3,74.939,75.29,76.735,76.743,77.16,78.266,73.279,77.834,73.565
34,C3',73.09,77.869,75.417,77.095,72.528,83.923,81.084,73.846,78.649,73.007,76.651,79.788,76.371,72.476,82.303,71.744,81.339,74.561,72.273,71.855
34,C4,143.323,146.389,146.08,147.102,143.886,146.913,145.427,142.943,145.944,143.414,147.179,145.895,145.068,144.399,146.374,144.113,146.341,146.115,142.774,144.347
34,C4',77.967,78.823,80.902,81.209,78.572,87.689,74.474,80.023,82.794,77.993,78.43,76.664,76.82,79.102,84.179,75.93,86.009,78.516,82.264,77.501
34,C5,114.995,112.14,111.77,113.294,112.9,112.784,116.632,115.012,113.597,114.06,112.006,111.596,110.866,114.328,115.064,112.951,114.37,115.748,113.665,117.175
34,C5',62.257,71.2,62.531,71.552,62.978,73.022,66.425,64.751,67.871,62.713,70.212,70.94,70.824,63.897,67.713,61.08,70.748,61.599,63.231,61.687
34,C6,146.235,149.413,149.309,149.65,147.4,149.915,150.369,148.253,149.469,147.417,150.803,147.573,148.396,148.872,149.222,149.724,149.123,150.225,148.624,145.801
34,C8,127.578,127.001,128.227,127.339,125.98,130.645,131.004,130.508,131.097,128.186,126.626,126.868,128.192,129.552,131.973,127.404,135.197,131.785,126.411,125.967
34,H1,7.499,12.175,7.097,11.963,7.021,6.867,7.943,6.881,7.417,6.843,12.113,12.23,12.667,7.605,7.838,12.36,7.578,7.672,9.136,6.438
34,H1',6.125,6.491,6.545,6.522,6.179,6.312,4.867,6.383,6.821,5.885,6.474,6.338,6.34,6.602,7.23,5.555,6.732,5.97,6.858,6.327
34,H2',5.785,5.874,5.922,5.818,5.018,4.926,4.898,4.709,4.9,5.577,5.729,5.996,5.002,4.977,5.437,4.892,4.641,6.322,4.954,5.854
34,H21,5.225,8.866,7.988,9.329,6.549,8.478,5.305,5.056,5.079,4.915,9.58,9.196,9.259,5.347,5.079,6.986,5.091,6.965,7.065,5.134
34,H22,5.329,4.982,4.589,4.993,5.195,9.011,5.544,5.143,5.495,5.109,5.015,4.861,5.162,5.409,5.621,4.712,5.213,5.816,7.413,5.399
34,H3',4.859,4.828,5.446,4.776,4.78,4.347,4.38,5.339,5.093,5.002,4.716,4.826,4.585,4.768,5.272,5.048,4.687,4.629,4.867,5.172
34,H4',4.623,4.782,4.404,4.815,4.662,4.558,4.443,4.69,5.363,4.68,4.631,4.806,4.45,4.656,5.596,4.304,5.516,4.652,4.131,4.743
34,H5',4.142,4.285,3.862,4.135,4.376,4.027,4.452,4.265,4.235,4.213,3.998,4.424,4.31,4.248,4.59,4.31,4.283,4.402,3.922,4.862
34,H5'',4.409,3.664,3.855,3.791,4.183,3.962,4.211,4.236,4.503,4.219,3.513,4.043,3.898,4.277,3.905,4.394,4.091,4.28,4.193,4.08
34,H8,7.729,7.582,7.425,7.612,7.019,7.981,7.901,8.147,7.923,7.633,7.496,6.924,6.883,8.297,7.973,7.601,8.101,8.234,7.707,7.902
34,HO2',3.265,3.052,3.19,2.706,3.326,3.737,1.784,3.292,3.139,3.219,2.681,2.509,2.868,3.144,2.707,1.776,4.523,2.891,5.739,3.093
34,N1,133.906,137.85,135.521,135.929,129.84,137.694,138.657,135.853,136.296,136.159,137.192,137.546,138.023,136.909,139.338,143.956,136.005,139.53,136.355,134.758
34,N2,58.058,69.694,81.515,70.91,79.402,95.383,62.616,61.878,64.395,64.266,70.339,68.572,69.143,60.089,74.455,66.731,65.845,76.538,79.525,64.634
34,N3,159.852,162.27,160.919,160.463,157.993,156.791,174.407,159.685,157.259,160.74,159.463,161.042,157.986,164.131,158.922,168.463,164.66,162.857,162.755,167.886
34,N7,242.992,236.556,236.275,238.044,239.777,227.897,233.955,230.692,233.105,239.631,232.473,244.626,232.004,232.058,235.073,230.779,223.684,235.345,226.267,244.524
34,N9,164.546,173.882,177.116,176.304,163.807,173.919,169.169,167.525,168.321,164.037,176.358,171.285,172.65,167.383,175.943,168.265,174.936,172.434,170.483,162.941
34,P,-18.684,-19.065,-16.966,-17.865,-19.4,-17.762,-16.029,-18.819,-19.01,-19.098,-18.869,-19.696,-20.706,-17.5,-17.065,-18.917,-17.531,-14.218,-19.776,-20.531
35,C1',92.894,92.053,90.238,93.166,90.332,93.709,97.728,92.89,98.362,93.03,93.847,92.366,92.591,94.73,94.452,96.395,95.493,93.358,98.062,95.021
35,C2,148.488,149.501,149.667,149.699,148.361,147.555,148.461,148.427,148.651,147.811,150.144,150.33,150.136,147.739,148.268,148.848,151.039,148.301,148.74,147.839
35,C2',75.482,81.466,80.669,80.536,80.211,74.769,78.907,76.953,76.282,74.695,79.092,80.731,77.569,76.259,75.353,75.96,75.067,76.652,76.488,73.842
35,C3',73.465,76.559,78.791,76.791,85.099,79.878,73.202,72.284,71.768,73.368,76.939,77.128,76.397,81.567,74.456,78.047,77.564,72.506,78.779,72.221
35,C4,141.136,144.506,144.121,144.371,142.817,145.315,145.536,142.556,143.14,140.04,144.461,143.58,142.528,141.288,142.126,143.983,141.584,141.669,144.665,141.4
35,C4',76.779,88.763,88.113,89.573,81.669,87.866,80.903,77.288,79.263,77.406,85.895,88.906,85.726,75.183,79.039,77.97,77.802,76.906,77.231,77.109
35,C5,113.803,112.137,112.525,112.044,110.76,112.586,112.709,110.348,112.834,114.563,113.31,112.783,111.779,113.334,115.7,113.547,113.365,111.954,113.366,113.035
35,C5',61.532,71.486,69.624,71.653,66.355,67.445,68.995,64.201,60.488,62.778,69.715,70.981,70.595,63.224,65.056,65.602,70.213,63.393,62.147,62.595
35,C6,142.607,143.678,143.59,143.355,141.617,142.784,142.625,142.695,141.953,142.825,143.893,143.752,144.274,142.754,142.205,143.012,142.966,141.317,143.217,142.25
35,C8,128.481,132.222,133.783,132.754,132.498,135.771,136.867,131.943,134.082,128.949,132.76,133.344,133.196,131.263,133.408,136.217,129.706,135.066,139.629,127.596
35,H1',5.483,7.019,7.136,7.063,7.307,7.248,6.752,6.772,6.271,6.067,6.948,7.047,6.808,5.867,6.943,6.835,6.23,6.86,6.977,6.893
35,H2,8.424,8.674,8.644,8.619,7.672,8.744,9.328,8.654,8.078,8.29,8.557,8.555,8.564,8.024,8.177,8.597,8.36,8.499,8.526,8.637
35,H2',5.375,4.775,4.782,4.728,4.701,5.557,4.689,5.014,4.986,5.472,4.515,4.695,4.608,5.586,5.933,5.012,6.211,5.273,5.755,5.739
35,H3',4.685,5.552,5.288,5.621,4.691,5.126,6.454,5.165,5.046,4.931,5.72,5.605,5.433,4.767,5.306,4.928,4.48,5.147,5.009,4.77
35,H4',4.695,5.013,4.962,5.116,5.614,5.329,4.594,4.783,4.095,4.77,4.937,5.098,4.858,4.802,4.89,4.612,5.117,4.567,4.648,4.802
35,H5',4.214,4.204,4.291,4.228,4.364,4.168,3.954,4.394,4.402,4.203,3.909,4.229,4.063,4.414,4.697,4.725,4.783,4.333,4.611,4.394
35,H5'',4.335,4.456,4.545,4.372,3.976,4.169,4.252,4.458,4.16,4.162,4.25,4.532,4.493,4.437,4.291,4.897,4.356,4.227,4.806,4.248
35,H61,8.486,5.979,6.031,5.886,5.516,5.906,6.054,5.939,7.342,10.128,5.866,5.947,5.874,10.58,8.082,5.989,10.333,6.932,5.977,9.21
35,H62,6.215,6.034,5.989,5.983,5.918,5.746,5.742,6.457,6.037,5.368,5.888,5.974,6.063,5.299,5.995,5.796,5.339,4.542,5.577,5.484
35,H8,7.491,8.185,8.31,8.152,8.152,8.604,8.406,8.544,8.209,7.927,8.148,8.169,7.953,8.317,8.882,8.697,7.965,8.727,9.1,7.374
35,HO2',2.791,3.14,3.569,2.769,2.708,2.621,4.213,3.181,4.438,3.158,2.829,2.682,2.553,3.069,3.433,3.454,3.444,3.513,3.812,3.11
35,N1,213.485,215.763,217.398,213.592,217.595,215.098,215.932,216.784,210.944,222.899,217.665,213.568,215.942,233.659,209.44,214.927,229.902,217.183,216.14,210.174
35,N3,217.822,215.847,214.987,215.033,221.926,225.009,226.058,215.571,226.896,213.627,215.228,211.909,215.55,215.712,222.632,215.936,218.967,214.809,218.113,211.2
35,N6,98.027,76.769,75.243,77.062,78.479,80.203,78.29,86.513,78.563,87.279,75.313,76.608,74.012,89.468,88.527,75.881,88.9,93.414,79.596,103.378
35,N7,240.319,223.314,220.897,223.868,225.261,222.233,220.533,221.548,220.997,229.705,222.012,222.131,217.696,223.106,233.428,221.96,223.406,227.254,222.463,225.712
35,N9,167.095,178.251,176.039,178.43,175.291,175.734,183.0,176.39,176.813,166.377,179.115,177.331,175.295,168.282,171.19,174.286,167.075,171.595,175.091,166.353
35,P,-21.117,-15.806,-20.129,-15.892,-18.25,-15.673,-19.174,-19.502,-18.925,-19.298,-14.539,-16.43,-18.263,-18.794,-18.862,-15.745,-17.102,-20.673,-20.18,-22.024
36,C1',97.172,96.616,97.763,96.502,95.11,98.132,94.536,95.763,96.888,97.466,95.188,97.444,94.247,97.27,97.551,97.753,97.084,96.354,97.447,94.847
36,C2,141.948,142.255,142.06,141.746,142.501,143.804,142.477,142.033,142.191,142.89,142.096,141.75,143.187,143.153,142.138,141.979,142.679,142.355,142.45,142.011
36,C2',75.46,74.116,74.278,74.242,74.931,75.968,75.918,76.166,75.19,74.886,74.225,75.386,73.314,75.349,75.821,74.694,75.121,75.008,75.35,73.539
36,C3',73.475,72.569,73.161,73.089,76.905,77.443,79.25,77.619,72.49,72.789,73.295,72.059,70.793,72.432,73.351,72.764,72.624,75.736,73.28,72.396
36,C4,146.116,145.722,145.94,146.465,147.403,148.816,146.197,147.109,146.089,146.492,146.554,145.771,145.512,146.507,145.71,146.918,146.861,148.064,146.608,146.77
36,C4',77.871,79.892,79.008,80.79,80.559,78.355,75.763,77.674,78.484,78.094,78.024,79.898,78.453,77.051,78.331,79.224,77.613,79.043,77.919,77.43
36,C5,114.045,115.046,113.932,114.48,113.98,114.196,114.289,114.808,113.856,114.179,114.062,115.699,113.212,113.836,113.455,114.61,113.517,115.129,114.708,113.725
36,C5',63.374,61.4,60.603,61.724,70.89,71.714,69.99,69.497,63.013,63.272,59.83,61.272,64.466,63.813,63.759,67.899,62.881,67.991,67.77,62.898
36,C6,151.193,151.308,150.831,150.57,149.338,149.576,151.276,151.225,151.165,151.796,151.632,150.831,150.205,151.651,150.871,151.431,151.463,150.902,150.904,151.022
36,C8,126.877,127.917,129.44,128.818,128.33,126.708,128.513,127.476,126.779,126.056,128.992,129.073,127.488,126.805,127.82,130.829,127.152,129.233,132.997,125.732
36,H1,12.434,12.689,12.464,12.64,12.739,12.723,12.324,12.737,12.483,12.41,12.558,12.707,12.585,12.442,12.421,12.29,12.23,12.972,12.592,12.557
36,H1',5.778,5.983,6.193,6.003,6.504,6.362,6.439,6.295,6.611,6.092,6.024,5.951,6.331,6.334,6.307,6.313,6.363,4.575,6.495,5.916
36,H2',4.792,4.787,5.16,4.842,5.257,5.477,5.31,5.039,4.8,4.85,4.704,4.778,4.682,4.767,4.934,5.001,4.832,4.858,5.021,4.817
36,H21,8.923,8.795,8.652,9.069,9.132,9.338,8.594,9.154,8.755,8.966,9.098,9.066,9.156,8.975,8.385,8.841,8.862,9.12,9.096,9.309
36,H22,4.798,5.019,4.78,4.734,5.161,4.864,5.016,5.057,4.961,4.964,4.837,4.832,4.952,4.957,5.152,5.001,4.907,5.147,5.218,4.892
36,H3',4.923,5.095,5.102,5.118,4.629,4.428,4.495,4.53,4.844,4.906,5.044,5.048,5.014,4.904,4.769,5.013,4.872,4.277,5.072,4.925
36,H4',4.542,4.5,4.41,4.655,4.796,5.579,4.765,4.464,4.636,4.489,4.461,4.407,4.514,4.544,4.552,4.498,4.577,4.378,4.581,4.664
36,H5',4.16,4.824,5.06,4.646,4.545,4.902,4.05,4.413,4.926,4.253,4.364,4.675,4.589,4.223,4.261,4.871,4.319,4.415,4.841,4.359
36,H5'',4.085,4.037,4.064,4.074,4.561,4.127,4.687,4.506,4.04,4.105,4.037,3.976,4.023,4.082,4.25,4.189,4.136,4.159,4.363,4.115
36,H8,7.053,7.125,7.549,7.187,7.738,7.862,7.914,7.724,7.125,6.786,7.356,7.174,7.762,6.787,7.176,7.649,6.767,7.021,8.76,7.224
36,HO2',3.308,3.258,3.192,3.033,3.466,3.694,3.177,2.999,3.654,3.377,3.215,3.734,2.944,3.812,3.683,3.492,3.616,3.199,3.357,2.999
36,N1,140.565,139.283,143.032,140.261,139.158,142.74,141.556,139.8,143.588,142.953,140.352,139.655,140.126,141.441,140.898,140.007,143.098,140.683,140.574,140.268
36,N2,74.647,75.756,78.739,73.224,69.316,70.696,73.894,71.867,75.655,73.799,72.308,76.314,80.365,75.916,74.613,73.195,75.7,73.139,71.823,73.443
36,N3,162.213,163.169,164.087,165.241,164.292,169.406,162.502,161.125,163.001,162.748,163.897,162.943,163.276,160.487,164.022,162.173,163.014,168.044,163.198,163.835
36,N7,230.961,230.541,230.386,232.79,229.533,235.908,228.783,232.701,230.69,230.729,231.34,229.886,222.156,229.358,229.385,228.932,229.156,230.642,233.321,226.133
36,N9,167.819,166.333,166.314,167.18,167.846,175.415,167.694,168.494,167.505,166.815,167.015,167.02,165.309,167.39,168.479,166.946,167.272,168.48,170.513,164.388
36,P,-18.96,-22.481,-21.94,-22.922,-18.414,-17.261,-19.556,-14.952,-19.617,-19.142,-18.797,-21.434,-23.137,-17.142,-16.172,-21.253,-18.396,-18.748,-9.66,-19.926
37,C1',99.049,98.376,98.714,97.417,97.151,95.391,98.708,97.837,98.762,98.818,97.303,99.173,95.322,98.891,98.852,98.563,99.016,98.431,98.491,97.054
37,C2,149.175,149.434,149.135,150.164,149.116,147.856,148.817,148.652,148.954,149.133,147.564,149.313,147.884,149.192,149.391,148.753,149.109,149.409,148.834,148.481
37,C2',76.332,75.266,75.869,75.004,75.431,76.162,75.724,75.906,75.408,75.746,74.772,76.817,73.615,75.966,76.103,75.409,75.82,75.697,75.505,74.108
37,C3',73.462,72.533,72.909,73.061,72.833,73.837,72.788,73.189,72.6,72.712,72.65,72.802,70.91,72.44,72.917,72.545,72.59,72.465,73.124,72.169
37,C4,148.892,149.148,148.476,148.746,144.033,146.848,148.603,147.991,148.834,148.837,148.39,148.723,149.418,148.738,149.067,148.732,148.709,148.68,148.129,148.789
37,C4',79.055,79.249,78.693,80.911,78.631,79.747,77.569,78.368,78.881,78.822,77.789,79.651,78.152,78.353,77.969,78.242,78.432,77.724,78.324,77.993
37,C5,92.578,92.08,92.808,92.481,90.601,90.778,91.786,92.265,91.335,91.394,91.824,92.079,90.679,91.381,91.72,92.006,91.631,91.088,92.021,91.214
37,C5',63.477,63.441,63.132,63.861,63.406,63.171,63.497,63.778,64.265,62.425,61.56,62.836,63.514,63.271,62.928,63.422,63.217,62.707,62.853,63.27
37,C6,136.471,135.523,136.459,135.868,133.881,135.127,136.383,136.522,136.599,136.276,135.906,135.624,134.771,136.713,137.126,135.587,136.675,137.307,136.287,135.317
37,H1',6.433,6.368,6.429,6.367,6.262,6.224,6.285,6.399,6.395,6.394,6.369,6.478,6.113,6.404,6.366,6.381,6.42,6.32,6.384,6.435
37,H2',4.947,4.821,4.87,4.887,4.765,5.096,4.845,4.903,4.756,4.821,4.732,4.846,4.594,4.771,4.857,4.766,4.754,4.814,4.758,4.885
37,H3',4.951,4.885,4.811,4.863,4.841,4.869,4.882,4.952,4.826,4.898,4.788,4.905,4.677,4.797,4.89,4.826,4.828,4.874,4.904,4.95
37,H4',4.623,4.678,4.6,4.788,4.661,4.722,4.555,4.67,4.664,4.632,4.578,4.652,4.505,4.582,4.579,4.583,4.665,4.55,4.505,4.792
37,H41,9.744,9.762,9.792,9.812,10.279,9.996,9.899,9.89,9.819,9.704,9.619,9.68,9.508,9.71,9.676,9.804,9.763,9.671,9.828,9.841
37,H42,4.874,4.91,4.802,4.934,7.324,6.971,4.896,4.769,4.927,4.847,4.783,4.878,5.008,4.852,4.896,4.914,4.828,4.891,4.844,4.774
37,H5,4.861,4.742,4.754,4.722,4.716,5.251,4.828,4.952,4.93,4.765,4.55,4.641,4.555,4.825,4.811,4.767,4.782,4.922,4.946,4.78
37,H5',4.626,4.588,4.496,4.522,4.33,4.666,4.228,4.451,4.733,4.661,4.232,4.532,4.366,4.694,4.646,4.683,4.703,4.507,4.649,4.534
37,H5'',4.166,4.08,4.103,4.131,4.099,3.977,4.189,4.181,4.11,4.113,3.938,4.026,4.032,4.093,4.145,4.097,4.096,4.154,4.155,4.167
37,H6,8.127,8.034,8.054,7.954,7.866,7.987,7.923,8.027,8.092,8.118,8.01,8.101,8.02,8.062,8.074,8.049,8.058,8.001,8.018,8.146
37,HO2',3.456,3.476,3.222,3.162,3.249,3.295,3.461,3.369,3.671,3.475,3.119,3.483,3.099,3.737,3.588,3.491,3.724,3.559,3.259,3.013
37,N1,152.814,152.13,152.572,151.724,146.33,147.941,152.046,151.229,153.168,152.988,151.475,152.97,149.131,153.755,153.734,152.22,153.739,153.512,152.165,149.721
37,N3,192.889,192.94,193.901,192.395,185.826,189.494,193.028,192.658,194.289,193.135,192.824,191.642,192.491,194.158,193.674,194.292,193.836,194.358,193.988,194.468
37,N4,93.256,94.6,92.881,94.504,121.352,106.677,95.289,94.293,93.74,92.835,93.918,93.926,93.42,92.9,92.628,92.925,92.467,92.565,96.276,93.963
37,P,-18.246,-19.84,-19.366,-19.375,-18.694,-19.777,-18.893,-18.05,-18.241,-19.322,-17.932,-20.121,-19.899,-19.028,-17.516,-19.5,-19.193,-18.778,-19.737,-20.303
38,C1',99.492,98.576,99.49,97.961,97.844,98.818,98.636,98.366,99.709,98.795,97.152,99.073,94.809,99.688,99.115,99.417,99.758,98.343,99.065,96.909
38,C2,146.219,146.551,146.61,146.758,145.486,146.166,146.085,145.664,146.343,146.093,145.482,145.988,144.954,146.626,145.925,146.11,146.475,146.043,146.354,145.365
38,C2',76.216,75.171,76.104,74.913,75.197,76.037,75.821,75.856,76.143,75.724,74.871,76.028,73.623,76.386,76.217,75.634,76.278,75.689,75.777,74.137
38,C3',73.516,72.765,72.947,73.313,72.809,73.22,73.023,73.19,73.103,72.757,72.63,72.689,70.911,72.63,72.997,72.819,73.007,72.636,73.14,72.011
38,C4,156.58,156.245,156.213,155.95,155.489,155.164,155.914,156.486,156.592,156.265,157.248,156.31,155.719,156.293,156.52,156.266,156.663,155.984,156.183,156.781
38,C4',78.898,79.091,78.435,80.644,78.746,78.617,77.603,78.784,78.999,78.629,77.875,78.6,78.274,78.443,78.277,78.437,78.935,77.646,78.488,78.75
38,C5,102.021,101.362,101.905,101.022,100.029,101.887,101.891,103.268,101.587,101.502,101.04,101.906,100.572,101.25,102.081,101.284,101.613,101.745,101.344,101.063
38,C5',63.988,63.591,63.392,64.282,63.59,63.722,62.831,63.509,63.857,63.088,61.514,61.914,63.479,63.251,63.335,63.707,63.5,63.407,63.192,63.24
38,C6,138.36,137.244,138.272,137.238,138.557,138.384,137.878,138.655,138.398,137.76,138.7,138.104,136.097,138.516,138.132,137.754,138.071,137.915,137.707,137.167
38,H1',6.515,6.446,6.513,6.437,6.422,6.492,6.383,6.531,6.489,6.46,6.468,6.511,6.19,6.527,6.442,6.435,6.498,6.403,6.4,6.519
38,H2',5.069,4.979,4.98,5.046,4.981,5.155,5.016,5.058,4.865,4.971,4.889,5.061,4.746,4.91,4.994,4.888,4.97,4.963,4.952,5.083
38,H3,13.144,13.171,13.208,13.312,12.803,13.0,12.964,13.096,13.235,13.09,13.218,13.206,12.961,13.207,12.984,13.167,13.285,12.969,13.039,13.241
38,H3',4.95,4.893,4.824,4.914,4.968,4.932,4.922,4.908,4.847,4.876,4.836,4.921,4.676,4.807,4.826,4.848,4.819,4.861,4.89,4.993
38,H4',4.694,4.77,4.64,4.886,4.737,4.752,4.63,4.722,4.715,4.671,4.624,4.684,4.551,4.637,4.613,4.634,4.663,4.608,4.574,4.778
38,H5,5.575,5.464,5.521,5.442,5.692,5.5,5.592,5.666,5.476,5.442,5.403,5.514,5.346,5.517,5.566,5.478,5.471,5.436,5.515,5.546
38,H5',4.682,4.691,4.623,4.568,4.647,4.315,4.619,4.645,4.74,4.638,4.253,4.577,4.402,4.733,4.634,4.738,4.747,4.622,4.624,4.564
38,H5'',4.171,4.089,4.124,4.164,4.125,4.157,4.179,4.236,4.192,4.102,3.966,4.054,4.055,4.163,4.149,4.182,4.155,4.136,4.232,4.225
38,H6,8.66,8.598,8.607,8.584,8.746,8.582,8.573,8.715,8.677,8.615,8.623,8.698,8.594,8.642,8.619,8.603,8.615,8.583,8.518,8.748
38,HO2',3.49,3.497,3.208,3.161,3.418,3.509,3.537,3.353,3.634,3.402,3.191,3.622,3.171,3.893,3.615,3.473,3.564,3.524,3.296,3.113
38,N1,158.675,157.688,158.751,156.585,157.598,156.485,157.736,156.964,159.583,158.235,157.125,159.185,153.796,159.356,158.399,158.8,159.333,157.717,158.223,156.575
38,N3,164.43,165.64,164.949,165.36,162.397,163.235,164.477,163.563,165.021,164.46,165.119,164.708,162.163,165.02,163.917,164.573,165.379,164.266,164.604,164.728
38,P,-18.001,-18.883,-18.372,-18.551,-19.84,-19.702,-18.967,-18.463,-18.335,-19.43,-16.812,-19.425,-19.629,-18.202,-19.086,-18.095,-17.401,-18.419,-18.962,-20.08
39,C1',98.829,98.599,98.751,97.459,97.352,96.824,96.653,97.449,98.312,97.585,97.14,98.602,95.739,98.994,98.593,98.43,96.509,98.062,98.257,98.092
39,C2,148.718,149.174,148.456,149.778,148.068,148.019,147.941,147.965,148.853,148.669,146.913,148.569,148.075,148.921,148.468,148.887,148.611,149.238,148.267,148.526
39,C2',76.639,75.858,75.566,75.393,74.785,75.037,74.978,75.04,76.109,76.382,74.868,76.746,75.449,77.701,75.997,76.887,77.246,78.772,75.098,76.212
39,C3',74.045,73.063,72.877,73.36,72.333,72.151,72.38,72.265,75.504,73.868,72.465,73.055,74.058,75.44,72.416,74.981,74.935,71.213,73.119,72.678
39,C4,149.126,149.665,148.222,149.105,148.434,148.678,147.978,148.269,148.911,149.354,148.239,148.238,149.907,148.698,148.147,148.641,148.834,148.817,147.936,148.795
39,C4',78.539,79.239,78.419,80.471,78.63,78.633,78.116,78.396,78.643,78.522,77.559,79.238,77.347,77.927,77.612,77.926,78.287,77.855,77.687,79.992
39,C5,91.66,90.658,92.373,90.93,92.537,91.974,91.933,92.339,90.763,90.945,91.756,92.402,90.592,90.584,92.119,90.428,90.819,90.027,91.966,89.455
39,C5',63.492,63.552,63.366,64.05,63.477,63.081,63.039,63.601,63.062,63.463,61.389,63.091,63.284,62.842,63.259,62.79,62.871,63.047,63.202,63.014
39,C6,137.125,136.471,137.292,136.938,136.041,138.718,138.801,137.641,138.062,137.218,137.007,137.104,135.699,138.384,137.256,137.91,138.37,137.853,137.494,136.748
39,H1',6.566,6.565,6.46,6.519,6.447,6.461,6.418,6.535,6.656,6.543,6.514,6.582,6.271,6.719,6.451,6.697,6.516,6.534,6.487,6.683
39,H2',4.695,4.567,4.991,4.645,5.187,5.502,5.443,5.33,4.665,4.872,4.918,5.057,4.475,4.463,5.128,4.541,4.877,4.851,5.058,5.418
39,H3',4.99,4.879,4.816,4.951,4.768,4.707,4.774,4.763,4.937,4.841,4.713,4.789,4.892,5.058,4.736,5.084,5.118,4.711,4.82,4.812
39,H4',4.658,4.668,4.668,4.801,4.735,4.838,4.712,4.715,4.726,4.731,4.594,4.653,4.5,4.582,4.602,4.563,4.718,4.552,4.638,4.655
39,H41,9.79,9.849,9.71,9.829,9.732,9.992,9.726,10.002,9.893,9.822,9.718,9.802,9.633,9.671,9.794,9.832,9.92,9.773,9.818,9.818
39,H42,4.914,4.888,4.695,4.975,6.801,7.869,4.813,4.85,4.985,4.94,4.57,4.666,4.953,4.944,4.533,4.994,4.894,4.994,4.619,4.857
39,H5,5.467,5.487,5.426,5.492,5.431,5.554,5.416,5.468,5.567,5.382,5.318,5.379,5.322,5.529,5.41,5.526,5.609,5.548,5.378,5.44
39,H5',4.687,4.708,4.675,4.54,4.658,4.524,4.584,4.638,4.76,4.72,4.269,4.485,4.484,4.79,4.658,4.796,4.716,4.643,4.682,4.553
39,H5'',4.158,4.092,4.093,4.145,4.101,4.014,4.102,4.153,4.14,4.051,3.908,4.024,3.998,4.126,4.136,4.182,4.095,4.109,4.11,4.189
39,H6,8.272,8.232,8.165,8.158,8.095,8.176,8.133,8.129,8.377,8.314,8.144,8.213,8.248,8.367,8.149,8.344,8.387,8.344,8.168,8.355
39,HO2',3.269,3.56,3.298,3.21,3.192,3.235,3.112,3.278,3.467,3.195,3.193,3.798,3.204,3.756,3.503,3.698,3.614,3.459,3.189,3.315
39,N1,154.371,154.803,154.078,153.804,151.893,152.7,153.013,153.777,156.39,154.798,153.267,154.789,152.106,157.639,155.102,157.174,155.232,155.416,154.706,153.196
39,N3,196.456,197.204,197.121,196.766,195.256,198.226,196.683,195.905,194.871,195.152,193.475,193.274,192.679,195.701,195.147,195.625,194.428,196.767,196.138,196.314
39,N4,88.997,88.64,91.462,88.072,97.541,96.147,87.62,88.8,88.182,86.286,91.145,91.563,88.011,86.575,91.466,87.145,87.679,87.716,91.989,86.794
39,P,-19.382,-20.252,-18.268,-19.37,-19.114,-19.843,-20.816,-20.039,-18.248,-19.735,-18.437,-20.54,-20.176,-19.018,-18.782,-18.855,-19.677,-16.629,-18.209,-20.93
40,C1',96.245,95.126,96.764,95.267,95.523,97.412,95.81,98.624,97.604,97.334,96.778,95.618,97.508,99.05,96.313,94.755,96.38,98.572,95.831,94.754
40,C2,146.348,146.858,145.959,146.739,145.239,145.855,145.495,144.292,147.102,145.634,146.601,146.264,145.412,145.69,146.334,145.533,146.935,145.325,146.794,145.557
40,C2',76.712,76.034,76.151,75.631,75.057,75.317,74.873,75.658,75.233,76.778,76.256,79.055,74.032,75.081,77.748,74.581,76.272,77.728,76.996,74.947
40,C3',75.467,75.1,75.257,74.47,74.346,74.697,74.653,73.38,75.279,79.772,75.408,74.413,72.472,74.497,75.773,75.126,74.082,78.169,73.499,74.855
40,C4,156.639,155.864,156.486,155.499,156.605,157.211,156.642,156.374,157.739,151.871,156.296,154.726,155.965,156.361,156.418,156.586,157.254,156.499,155.479,157.464
40,C4',78.218,79.343,78.969,80.417,78.681,79.185,78.451,80.485,78.419,80.35,78.52,78.611,77.189,78.66,78.142,76.718,78.756,77.847,78.217,81.026
40,C5,102.807,101.674,102.146,102.231,103.016,105.014,104.208,103.193,101.585,101.624,103.127,104.193,100.211,105.976,105.581,101.515,101.965,103.796,104.076,103.938
40,C5',63.882,62.371,63.309,63.851,63.051,63.374,62.97,63.496,63.368,67.887,61.241,62.18,66.136,64.339,62.894,62.863,63.266,69.255,62.549,68.139
40,C6,138.535,137.882,137.852,136.665,136.914,137.205,136.561,136.37,139.154,137.261,136.693,136.864,136.07,137.402,135.827,139.469,138.123,136.999,135.645,136.766
40,H1',6.391,6.443,6.448,6.438,6.441,6.293,6.163,6.63,6.276,6.338,6.476,6.701,6.104,6.563,6.495,5.861,6.3,6.352,6.37,6.14
40,H2',5.049,4.889,4.909,4.857,4.929,5.187,5.339,4.779,5.222,5.117,4.566,4.811,4.628,4.997,4.804,5.041,4.96,4.644,4.74,4.916
40,H3,13.0,12.258,13.358,12.745,11.782,11.758,11.959,13.119,12.667,7.181,12.581,12.892,13.18,11.295,12.463,12.144,13.641,11.897,12.455,12.672
40,H3',4.855,4.977,4.769,4.959,4.755,4.725,4.793,4.53,4.612,4.304,4.894,4.839,4.671,4.895,4.597,4.668,4.73,4.423,4.624,4.361
40,H4',4.844,4.834,4.838,4.925,4.836,4.799,4.7,4.658,4.895,4.901,4.542,4.813,4.669,4.956,4.694,4.822,4.828,4.717,4.631,4.703
40,H5,5.593,5.677,5.745,5.549,5.73,5.867,5.773,5.524,5.945,5.761,5.531,5.818,5.823,6.301,5.619,5.967,6.018,6.194,5.521,6.051
40,H5',4.502,4.664,4.584,4.552,4.662,4.453,4.519,4.582,4.43,4.536,4.321,4.504,4.492,4.574,4.602,4.628,4.306,4.489,4.542,4.491
40,H5'',4.16,4.071,4.187,4.157,4.15,4.207,4.191,4.2,4.063,4.165,3.927,4.095,4.379,5.04,4.065,4.754,4.171,4.247,4.206,4.768
40,H6,8.505,8.627,8.685,8.333,8.465,8.564,8.57,8.446,8.497,8.047,8.491,8.819,7.923,8.133,8.273,8.33,8.31,8.044,8.309,8.15
40,HO2',3.267,3.421,3.119,3.026,2.825,3.223,3.05,4.734,3.353,3.476,3.094,3.537,4.491,4.994,3.284,2.759,3.422,6.211,2.883,2.957
40,N1,159.451,157.298,158.238,155.763,156.876,158.026,156.344,158.196,159.676,153.733,156.858,157.667,158.424,159.516,158.007,159.797,159.803,160.199,156.955,157.037
40,N3,165.003,168.028,166.87,164.909,164.248,164.866,164.534,163.797,165.871,161.231,163.339,162.794,163.714,173.803,163.46,167.293,167.385,166.986,162.782,163.845
40,P,-19.659,-19.979,-17.227,-19.462,-18.603,-15.978,-15.708,-18.206,-18.781,-18.136,-17.785,-19.533,-19.552,-19.518,-18.622,-19.546,-18.909,-20.003,-20.155,-18.383
41,C1',99.323,98.811,99.12,97.197,98.396,99.273,98.636,98.377,99.089,99.428,97.889,99.78,96.214,99.365,99.618,98.897,99.475,97.922,100.296,96.11
41,C2,149.082,149.65,148.917,149.753,148.686,149.119,148.555,148.68,148.826,149.896,148.202,149.872,147.713,148.732,149.97,148.715,148.617,148.125,149.336,148.253
41,C2',76.646,75.272,75.875,75.562,75.033,75.785,75.681,76.372,75.683,75.42,74.746,76.579,73.248,76.359,77.069,75.863,76.601,76.031,77.104,74.593
41,C3',73.555,72.789,72.754,70.669,72.596,72.981,73.348,77.65,72.697,73.201,73.375,81.958,73.459,73.948,82.287,73.775,72.906,72.587,79.113,70.957
41,C4,148.968,149.646,149.21,149.208,148.773,149.009,148.858,149.109,148.959,150.664,149.946,150.876,150.395,149.401,150.335,149.156,149.452,148.686,149.942,149.236
41,C4',79.444,79.404,78.922,82.414,79.356,78.905,77.794,76.967,79.245,78.214,77.872,75.654,77.141,78.949,77.26,78.509,78.922,78.978,77.077,79.047
41,C5,91.547,91.021,90.916,90.915,91.78,91.577,91.835,93.34,91.736,91.019,90.771,93.084,91.267,92.425,91.018,91.985,91.48,90.857,91.441,90.285
41,C5',63.879,63.996,64.266,65.041,65.005,63.929,63.558,65.446,64.583,63.509,62.67,68.943,62.733,63.765,71.435,63.504,63.408,63.683,69.85,63.332
41,C6,136.858,136.343,137.08,136.732,135.92,136.712,136.752,136.211,136.476,137.212,137.743,135.881,134.23,135.986,137.762,135.651,137.033,137.583,137.752,136.731
41,H1',6.566,6.573,6.506,6.564,6.34,6.434,6.383,6.569,6.55,6.496,6.378,6.446,6.355,6.47,6.332,6.522,6.739,7.555,6.248,7.022
41,H2',4.828,4.721,4.685,4.503,4.658,4.774,4.688,4.806,4.661,4.783,4.755,4.916,4.578,4.646,4.869,4.678,4.709,4.798,4.712,4.873
41,H3',4.927,4.875,4.864,4.87,4.913,4.884,4.846,4.639,4.869,4.81,4.805,4.485,4.494,4.599,4.49,4.69,4.808,5.011,4.431,4.986
41,H4',4.639,4.74,4.649,4.765,4.718,4.743,4.592,4.642,4.694,4.681,4.65,4.489,4.47,4.522,4.481,4.572,4.667,5.264,4.729,4.81
41,H41,9.731,9.597,9.741,9.396,9.744,9.776,9.697,9.995,9.783,9.277,9.677,9.687,9.457,9.785,9.443,9.808,9.528,9.766,9.586,9.828
41,H42,4.792,4.781,4.845,4.651,4.938,5.004,4.993,5.087,4.879,5.229,5.086,5.292,5.199,5.087,5.186,5.062,4.909,4.856,5.231,4.888
41,H5,5.357,5.293,5.261,5.195,5.351,5.426,5.382,5.621,5.275,5.672,5.586,5.525,5.473,5.555,5.78,5.49,5.376,5.433,5.67,5.353
41,H5',4.452,4.548,4.327,4.359,4.384,4.442,4.319,4.529,4.361,4.174,4.033,4.429,4.324,4.761,4.276,4.396,4.423,4.717,4.207,4.414
41,H5'',4.322,4.231,4.253,4.286,4.242,4.101,4.213,4.416,4.314,3.99,3.76,4.39,4.053,4.117,4.429,4.327,4.331,4.349,4.288,4.417
41,H6,8.255,8.261,8.11,8.057,8.026,8.116,8.12,8.279,8.182,8.204,8.288,7.152,8.29,8.288,7.624,8.222,8.276,8.313,7.654,8.393
41,HO2',3.498,3.562,3.267,3.406,3.365,3.655,3.467,3.483,3.736,3.548,3.205,4.094,3.097,3.958,3.608,3.61,4.165,3.253,4.158,2.838
41,N1,153.945,154.525,154.689,154.695,153.202,154.684,153.923,152.35,154.007,155.719,154.961,154.427,149.937,154.459,155.815,153.463,154.643,153.752,156.3,152.14
41,N3,196.316,197.201,196.877,195.552,197.35,197.66,197.698,199.049,196.683,198.703,191.381,192.18,196.854,199.802,195.116,199.29,197.324,194.806,194.782,197.643
41,N4,92.104,92.13,90.687,89.36,89.388,88.376,87.791,85.333,90.855,85.108,85.796,86.728,86.515,85.877,85.978,87.276,88.471,92.217,85.644,88.621
41,P,-18.269,-19.936,-18.088,-18.545,-18.445,-19.0,-19.26,-17.323,-19.423,-20.111,-19.067,-17.738,-20.921,-19.177,-16.861,-18.77,-18.609,-18.799,-18.544,-19.614
42,C1',98.586,97.997,99.093,97.401,98.055,99.473,98.535,97.895,99.238,98.176,97.108,99.05,94.828,99.719,98.805,99.0,99.299,98.186,95.146,96.713
42,C2,146.117,146.481,146.522,146.504,145.898,146.715,146.078,145.859,146.525,146.019,145.426,146.306,144.938,146.754,146.171,146.307,146.509,146.129,145.226,145.146
42,C2',75.68,74.815,75.577,74.606,74.99,75.623,75.336,75.872,75.954,75.293,74.542,76.141,73.493,76.037,75.963,75.46,76.161,75.464,73.832,74.064
42,C3',73.341,72.307,72.737,72.974,72.545,72.979,73.006,72.965,72.226,72.35,72.729,72.45,70.899,72.146,72.637,72.147,72.227,72.419,73.094,71.837
42,C4,157.45,157.183,157.215,156.854,157.161,156.962,156.631,157.252,157.565,157.111,157.67,157.193,156.517,157.111,157.229,156.823,157.162,156.612,157.584,157.52
42,C4',79.323,79.199,78.44,80.617,79.101,78.748,77.533,78.61,78.871,78.437,77.644,79.874,77.734,77.824,77.894,77.957,78.295,77.717,78.054,78.406
42,C5,101.323,100.385,101.261,100.039,101.178,101.495,101.321,101.298,101.701,101.701,101.738,101.414,99.679,101.002,101.525,100.698,100.946,100.786,100.117,100.264
42,C5',63.897,63.145,63.49,63.333,64.038,63.948,63.571,64.006,63.585,63.632,62.137,63.461,63.501,63.377,63.815,63.548,63.191,63.104,62.732,63.671
42,C6,138.554,137.458,138.281,137.744,137.944,138.16,137.957,138.99,137.93,137.607,138.217,138.113,136.431,138.342,138.269,138.105,138.295,138.184,138.351,137.896
42,H1',6.502,6.457,6.522,6.44,6.38,6.467,6.336,6.53,6.549,6.473,6.393,6.476,6.167,6.447,6.39,6.428,6.513,6.392,7.501,6.566
42,H2',5.334,5.154,5.199,5.241,5.143,5.178,5.172,5.267,5.11,5.148,5.048,5.233,4.949,5.089,5.161,5.073,5.107,5.138,5.561,5.29
42,H3,12.958,12.98,12.993,13.101,12.465,12.558,12.292,12.743,12.956,12.825,12.555,12.453,12.696,12.542,12.655,12.515,12.582,12.294,12.787,13.006
42,H3',5.099,5.098,4.945,5.105,5.031,4.972,5.007,5.031,4.959,5.067,4.952,5.105,4.832,4.98,4.958,5.017,5.025,5.062,5.076,5.133
42,H4',4.687,4.728,4.668,4.822,4.75,4.775,4.673,4.728,4.654,4.643,4.667,4.703,4.579,4.635,4.626,4.632,4.671,4.65,4.892,4.787
42,H5,5.432,5.438,5.411,5.343,5.485,5.447,5.467,5.662,5.434,5.356,5.387,5.619,5.301,5.593,5.486,5.506,5.531,5.547,5.42,5.464
42,H5',4.702,4.691,4.687,4.892,4.669,4.692,4.659,4.677,4.73,4.699,4.284,4.625,4.391,4.77,4.656,4.758,4.78,4.648,4.647,4.627
42,H5'',4.182,4.138,4.182,4.092,4.259,4.106,4.159,4.199,4.175,4.072,3.938,4.12,4.027,4.133,4.184,4.199,4.184,4.207,4.194,4.24
42,H6,8.679,8.601,8.616,8.618,8.669,8.692,8.627,8.792,8.643,8.617,8.644,8.66,8.567,8.677,8.538,8.68,8.675,8.715,8.559,8.795
42,HO2',3.271,3.426,3.239,3.133,3.348,3.673,3.507,3.334,4.213,3.334,3.13,3.989,3.111,4.051,3.57,3.713,4.245,3.529,3.647,3.127
42,N1,157.539,157.313,157.889,155.864,156.735,158.029,156.969,157.326,158.638,156.686,155.836,157.88,153.498,158.464,158.364,157.89,158.522,156.872,156.32,156.169
42,N3,163.521,165.092,164.191,164.313,164.315,164.975,164.242,164.568,164.425,163.679,164.53,164.773,161.769,165.319,163.589,164.866,165.346,164.227,163.221,164.248
42,P,-19.444,-20.622,-18.554,-19.473,-18.581,-19.033,-19.028,-17.579,-18.471,-20.277,-18.157,-20.45,-20.048,-18.126,-20.04,-17.81,-18.716,-18.92,-18.326,-20.967
43,C1',97.031,96.615,96.642,95.93,96.13,97.11,96.089,96.009,96.736,96.878,94.891,97.734,94.053,96.618,97.139,96.356,96.849,96.366,95.888,95.367
43,C2,141.158,141.437,141.213,141.311,141.103,141.148,141.473,141.012,141.341,141.412,141.334,141.243,142.118,141.367,141.393,141.318,141.098,141.486,141.495,141.082
43,C2',75.76,74.87,75.313,74.595,74.75,75.666,75.282,75.229,75.213,75.349,74.722,76.023,73.506,75.746,75.576,75.003,75.58,75.261,75.198,73.894
43,C3',73.382,72.523,72.992,73.148,72.951,72.945,72.928,73.107,72.782,72.812,72.882,73.156,71.288,72.612,72.869,72.443,72.702,72.62,73.169,72.312
43,C4,146.199,145.938,145.895,146.148,145.828,146.261,145.845,146.016,146.141,146.431,146.041,146.114,145.687,146.189,146.048,146.145,146.057,145.971,146.141,146.434
43,C4',78.566,78.929,77.836,80.187,78.397,78.317,77.225,78.153,78.138,77.651,77.261,78.219,77.712,77.584,77.288,77.916,77.984,77.089,77.434,77.81
43,C5,114.67,114.937,114.455,114.532,114.524,114.443,114.237,114.405,114.522,114.814,113.967,114.832,114.517,114.558,114.16,114.494,114.708,114.625,114.593,115.13
43,C5',63.528,63.424,63.434,63.951,63.917,63.345,63.058,64.223,63.392,63.208,61.766,63.281,63.575,63.085,63.347,63.121,63.073,62.889,64.179,63.472
43,C6,150.061,150.461,150.567,150.157,150.236,150.292,150.494,150.268,150.463,150.175,151.225,150.02,149.818,150.513,150.31,150.583,150.614,150.307,150.615,150.233
43,C8,126.851,126.627,127.177,127.152,126.751,127.105,127.455,127.1,126.884,127.385,126.943,127.047,126.54,127.089,127.516,126.865,127.125,127.215,127.65,125.289
43,H1,12.108,12.037,11.97,12.072,11.963,12.021,11.903,12.021,12.019,12.012,11.903,12.098,11.972,11.943,11.902,11.924,11.979,11.884,11.866,12.101
43,H1',6.589,6.539,6.552,6.476,6.455,6.552,6.451,6.565,6.556,6.552,6.444,6.545,6.276,6.579,6.447,6.507,6.553,6.491,6.574,6.532
43,H2',5.033,4.935,4.94,4.943,4.893,4.943,4.976,4.987,4.857,4.926,4.841,4.999,4.7,4.878,4.982,4.874,4.904,4.953,4.902,5.004
43,H21,8.52,8.537,8.432,8.65,8.552,8.581,8.341,8.661,8.562,8.566,8.745,8.733,8.821,8.512,8.333,8.388,8.468,8.348,8.257,8.886
43,H22,4.816,4.828,4.808,4.735,4.825,4.81,4.847,4.818,4.852,4.853,4.704,4.699,4.936,4.845,4.839,4.87,4.861,4.882,4.949,4.902
43,H3',5.005,4.998,4.887,4.944,4.962,4.963,4.974,5.003,4.919,4.99,4.867,5.036,4.7,4.897,4.992,4.955,4.958,4.939,5.003,5.014
43,H4',4.644,4.667,4.597,4.806,4.684,4.645,4.549,4.691,4.653,4.631,4.581,4.739,4.531,4.597,4.609,4.549,4.608,4.624,4.657,4.777
43,H5',4.59,4.692,4.652,4.565,4.635,4.649,4.615,4.628,4.785,4.652,4.261,4.64,4.41,4.714,4.664,4.761,4.779,4.676,4.629,4.557
43,H5'',4.179,4.114,4.073,4.134,4.159,4.099,4.17,4.238,4.121,4.127,3.942,4.046,4.073,4.1,4.162,4.123,4.116,4.167,4.234,4.214
43,H8,7.778,7.716,7.696,7.668,7.735,7.732,7.794,7.795,7.742,7.811,7.598,7.73,7.572,7.75,7.791,7.757,7.765,7.803,7.855,7.81
43,HO2',3.369,3.448,3.198,3.098,3.265,4.007,3.583,3.359,3.626,3.393,3.127,3.94,3.056,3.799,3.562,3.435,3.61,3.511,3.278,3.013
43,N1,137.581,137.803,137.889,137.844,137.715,137.494,137.22,137.851,137.407,137.625,138.136,137.959,138.267,137.899,137.25,137.337,137.81,137.509,137.823,137.727
43,N2,74.449,74.354,74.581,74.338,74.064,74.675,74.64,75.057,75.057,74.396,73.747,74.403,73.5,75.156,74.834,74.377,74.588,74.795,74.4,73.501
43,N3,162.63,163.272,162.036,162.489,161.669,161.613,162.859,161.346,163.016,162.944,162.84,160.848,163.74,162.853,162.503,164.058,162.351,162.277,163.087,162.812
43,N7,231.643,229.962,231.633,232.285,229.928,229.244,229.715,231.661,231.114,230.649,232.291,230.138,228.314,231.382,229.691,230.547,232.078,230.568,231.101,227.237
43,N9,168.012,167.479,167.935,167.391,166.741,168.065,168.251,167.085,167.718,168.799,166.747,168.464,166.255,168.2,168.825,167.43,168.119,168.133,168.332,164.36
43,P,-18.646,-19.522,-18.68,-19.266,-18.764,-18.256,-18.802,-18.468,-19.03,-18.487,-16.953,-18.934,-19.489,-18.452,-18.198,-18.287,-18.647,-18.779,-19.021,-20.312
44,C1',97.608,97.048,97.324,96.945,96.754,97.412,97.037,96.87,96.488,97.075,97.09,97.677,95.397,97.165,97.373,96.966,97.121,97.332,97.21,96.797
44,C2,148.722,149.134,148.55,149.802,148.473,148.562,148.392,148.476,148.513,148.483,147.384,148.939,147.797,148.556,148.85,148.162,148.355,148.609,148.471,148.353
44,C2',75.429,74.475,74.684,74.708,74.571,75.058,74.692,75.094,74.265,74.749,74.787,75.498,74.149,74.586,74.874,74.232,74.531,74.545,74.437,74.529
44,C3',73.229,72.556,72.615,72.657,72.582,72.849,73.257,72.884,72.852,72.835,72.505,73.042,70.884,72.428,72.877,72.242,72.585,72.69,72.884,72.06
44,C4,148.49,149.061,148.205,148.709,148.289,148.272,148.391,148.087,148.31,148.742,148.187,148.688,149.584,148.424,148.438,148.321,148.318,148.415,148.377,148.63
44,C4',78.666,79.167,78.128,80.403,78.652,78.637,77.677,78.331,78.665,78.509,77.167,78.626,77.92,77.935,77.486,77.938,78.022,77.439,77.919,77.951
44,C5,92.071,92.037,92.163,91.894,91.652,92.348,91.572,91.802,91.655,91.543,91.798,91.902,91.246,91.631,91.793,91.442,91.837,92.008,91.647,91.907
44,C5',63.226,62.648,62.655,63.48,63.293,62.659,62.596,63.517,63.006,62.155,61.453,62.358,63.215,62.451,62.574,62.606,61.938,62.75,62.259,63.337
44,C6,136.59,136.351,136.772,136.16,136.046,136.278,136.457,136.889,136.667,136.211,136.509,136.211,134.889,136.697,137.119,136.065,136.867,136.649,136.723,135.281
44,H1',6.359,6.345,6.333,6.339,6.316,6.403,6.229,6.368,6.287,6.316,6.316,6.397,6.111,6.339,6.273,6.297,6.338,6.262,6.283,6.441
44,H2',4.879,4.852,4.851,4.798,4.72,4.836,4.813,4.847,4.803,4.831,4.678,4.857,4.599,4.881,4.828,4.795,4.949,4.825,4.806,4.826
44,H3',4.851,4.766,4.763,4.789,4.794,4.772,4.752,4.841,4.741,4.817,4.685,4.794,4.566,4.725,4.804,4.779,4.744,4.792,4.823,4.826
44,H4',4.742,4.762,4.689,4.85,4.762,4.768,4.719,4.727,4.756,4.661,4.65,4.768,4.582,4.676,4.684,4.627,4.752,4.706,4.653,4.801
44,H41,9.83,9.944,9.894,9.921,9.903,9.908,9.897,9.949,9.781,9.922,9.807,9.766,9.762,9.883,9.738,9.93,9.919,9.822,9.841,10.015
44,H42,4.961,4.966,4.915,4.953,4.972,4.958,4.966,4.948,4.972,5.017,4.953,5.018,5.07,4.946,5.004,4.921,4.964,4.953,4.96,4.934
44,H5,4.832,4.77,4.867,4.792,4.839,4.765,4.819,4.93,4.897,4.769,4.706,4.738,4.655,4.948,4.874,4.893,4.87,4.86,4.898,4.717
44,H5',4.789,4.77,4.757,4.594,4.744,4.77,4.779,4.74,4.823,4.724,4.308,4.732,4.453,4.817,4.775,4.769,4.799,4.726,4.744,4.626
44,H5'',4.138,4.103,4.126,4.144,4.164,4.071,4.124,4.232,4.142,4.108,3.933,3.988,4.043,4.092,4.115,4.179,4.072,4.126,4.174,4.163
44,H6,8.073,8.036,8.04,7.912,7.993,8.048,8.017,8.059,8.064,8.081,7.992,8.064,7.968,8.075,8.061,8.05,8.095,8.049,8.043,8.085
44,HO2',3.126,3.014,3.063,3.178,3.036,3.11,2.992,3.124,3.125,3.024,3.218,3.049,3.131,3.144,3.005,3.113,3.089,2.977,3.009,3.078
44,N1,152.333,152.098,152.311,152.091,151.578,151.844,151.794,151.572,151.687,151.951,152.509,152.566,150.094,152.455,152.645,151.389,152.106,152.146,151.966,150.295
44,N3,194.801,195.606,195.35,194.899,194.922,195.025,194.615,194.931,194.69,194.024,195.052,194.266,194.873,195.648,195.051,195.465,195.512,195.076,195.87,196.692
44,N4,94.227,95.318,94.265,95.117,94.74,94.591,92.936,93.823,94.872,92.842,93.979,94.954,94.682,94.615,94.407,94.37,94.495,94.207,93.849,93.874
44,P,-18.896,-18.797,-18.76,-18.708,-18.919,-18.429,-19.119,-17.864,-18.407,-19.053,-15.927,-18.693,-18.207,-18.757,-17.387,-18.499,-17.976,-18.236,-18.601,-19.534
45,C1',98.685,97.835,97.296,97.386,97.533,98.193,97.76,97.098,97.522,98.571,97.917,99.288,95.097,98.085,98.133,97.747,98.565,98.436,98.318,97.7
45,C2,149.773,150.398,149.755,150.969,149.545,149.738,149.134,149.207,149.474,149.48,148.879,150.555,149.094,149.659,150.034,149.324,149.796,149.564,149.458,149.74
45,C2',79.489,78.433,78.108,78.715,78.55,79.113,79.521,78.75,78.178,79.87,78.91,80.129,77.401,78.93,79.371,78.5,78.851,78.934,78.835,78.41
45,C3',70.782,70.67,70.437,70.158,70.106,70.607,70.391,70.1,70.425,70.739,69.923,71.1,69.203,70.421,70.238,70.302,70.465,70.052,70.294,70.421
45,C4,149.531,149.963,148.971,149.452,149.016,149.35,149.324,148.875,148.735,149.738,148.942,149.732,149.831,148.986,149.399,148.94,149.05,149.135,149.238,149.308
45,C4',80.831,80.269,79.801,81.572,81.067,81.029,80.334,79.541,80.645,80.508,78.842,81.146,77.524,80.462,80.642,80.934,80.424,80.543,80.648,79.004
45,C5,91.296,91.599,91.432,91.725,90.936,90.908,90.562,92.111,88.721,91.127,91.91,91.438,92.049,92.034,91.425,90.92,91.769,91.348,91.527,91.073
45,C5',64.557,63.943,64.017,64.326,64.719,64.231,63.936,64.965,64.531,63.885,62.035,63.806,63.233,63.951,64.078,64.474,63.842,64.184,63.94,63.96
45,C6,136.65,135.949,136.492,135.663,135.787,136.335,137.396,136.22,138.374,136.713,135.81,136.191,134.064,136.129,137.026,135.976,136.234,136.634,136.476,135.348
45,H1',6.55,6.481,6.459,6.43,6.45,6.51,6.598,6.441,6.545,6.583,6.474,6.549,6.104,6.51,6.49,6.472,6.465,6.462,6.454,6.505
45,H2',4.736,4.676,4.646,4.671,4.561,4.641,4.62,4.641,4.577,4.727,4.528,4.783,4.508,4.647,4.649,4.575,4.647,4.633,4.649,4.746
45,H3',4.794,4.725,4.642,4.719,4.697,4.723,4.671,4.755,4.637,4.694,4.612,4.733,4.439,4.646,4.669,4.691,4.679,4.667,4.705,4.759
45,H4',4.743,4.786,4.73,4.883,4.741,4.752,4.668,4.751,4.716,4.747,4.642,4.767,4.61,4.704,4.656,4.69,4.726,4.672,4.672,4.774
45,H41,9.888,9.985,9.95,10.103,9.974,9.987,9.281,10.023,5.59,9.38,10.075,10.038,10.139,9.961,9.675,9.908,9.728,9.7,9.79,10.276
45,H42,5.01,5.083,5.017,5.01,5.048,5.037,5.002,4.927,5.168,5.067,5.0,5.081,5.098,5.04,4.991,5.017,5.02,5.031,4.994,4.98
45,H5,5.295,5.325,5.313,5.259,5.315,5.298,5.288,5.323,5.375,5.249,5.202,5.258,5.231,5.293,5.291,5.311,5.351,5.313,5.271,5.335
45,H5',4.539,4.517,4.524,4.578,4.58,4.527,4.411,4.588,4.484,4.434,4.281,4.463,4.434,4.46,4.468,4.532,4.469,4.472,4.509,4.591
45,H5'',4.221,4.18,4.128,4.148,4.173,4.101,4.151,4.189,4.234,4.107,3.89,4.03,4.027,4.137,4.141,4.143,4.146,4.16,4.184,4.168
45,H6,7.935,7.79,7.847,7.738,7.842,7.899,7.913,7.908,7.936,7.964,7.826,7.909,7.701,7.85,7.915,7.93,7.812,7.872,7.872,7.983
45,HO2',3.227,3.199,3.209,3.255,3.25,3.3,3.361,3.203,3.193,3.319,3.229,3.262,3.164,3.281,3.314,3.217,3.349,3.242,3.317,3.083
45,HO3',2.553,2.641,2.643,2.416,2.633,2.619,2.711,2.569,2.635,2.648,2.382,2.621,2.442,2.7,2.727,2.734,2.668,2.742,2.606,2.666
45,N1,155.777,155.437,155.11,155.093,154.73,155.357,156.149,154.227,160.515,156.754,155.696,156.27,152.778,154.874,156.12,154.879,155.128,155.419,155.054,153.903
45,N3,194.628,196.918,195.285,194.876,194.335,196.022,197.246,194.5,199.993,196.283,194.842,194.817,194.069,195.49,195.492,195.576,194.767,195.554,195.817,196.476
45,N4,91.551,92.461,92.427,92.054,92.12,91.59,88.782,91.064,85.425,89.034,91.678,91.932,92.985,92.225,90.764,91.279,92.199,91.043,91.366,92.588
45,P,-19.881,-19.623,-18.856,-19.6,-19.339,-19.609,-19.292,-18.861,-18.972,-19.781,-17.491,-20.036,-19.685,-19.104,-19.575,-19.049,-19.598,-19.005,-19.527,-21.034
